[
	{
		"time": "20150422",
		"title": "真理教导：认识神",
		"path": "http://txly2.net/ly/audio/2015/dp/dp150422.mp3",
		"duration": 1500,
		"size": "6.1M",
		"artistId": 49,
		"artistName": "空中门训",
		"id": 49000001
	},
	{
		"time": "20150423",
		"title": "默想背诵经文：得救的确据",
		"path": "http://txly2.net/ly/audio/2015/dp/dp150423.mp3",
		"duration": 1500,
		"size": "6.1M",
		"artistId": 49,
		"artistName": "空中门训",
		"id": 49000002
	},
	{
		"time": "20150424",
		"title": "查经：人对神话语的责任",
		"path": "http://txly2.net/ly/audio/2015/dp/dp150424.mp3",
		"duration": 1500,
		"size": "6.1M",
		"artistId": 49,
		"artistName": "空中门训",
		"id": 49000003
	},
	{
		"time": "20150427",
		"title": "祷告的功课：主祷文（1）",
		"path": "http://txly2.net/ly/audio/2015/dp/dp150427.mp3",
		"duration": 1500,
		"size": "6.1M",
		"artistId": 49,
		"artistName": "空中门训",
		"id": 49000004
	},
	{
		"time": "20150428",
		"title": "灵修分享：太1:1-4:11",
		"path": "http://txly2.net/ly/audio/2015/dp/dp150428.mp3",
		"duration": 1500,
		"size": "6.1M",
		"artistId": 49,
		"artistName": "空中门训",
		"id": 49000005
	},
	{
		"time": "20150429",
		"title": "真理教导：每天与主交往",
		"path": "http://txly2.net/ly/audio/2015/dp/dp150429.mp3",
		"duration": 1500,
		"size": "6.1M",
		"artistId": 49,
		"artistName": "空中门训",
		"id": 49000006
	},
	{
		"time": "20150430",
		"title": "默想背诵经文：祷告蒙应允的确据",
		"path": "http://txly2.net/ly/audio/2015/dp/dp150430.mp3",
		"duration": 1500,
		"size": "6.1M",
		"artistId": 49,
		"artistName": "空中门训",
		"id": 49000007
	},
	{
		"time": "20150501",
		"title": "查经：我从哪里来？",
		"path": "http://txly2.net/ly/audio/2015/dp/dp150501.mp3",
		"duration": 1500,
		"size": "6.1M",
		"artistId": 49,
		"artistName": "空中门训",
		"id": 49000008
	},
	{
		"time": "20150504",
		"title": "祷告的功课：主祷文（2）",
		"path": "http://txly2.net/ly/audio/2015/dp/dp150504.mp3",
		"duration": 1500,
		"size": "6.1M",
		"artistId": 49,
		"artistName": "空中门训",
		"id": 49000009
	},
	{
		"time": "20150505",
		"title": "灵修分享：太4:12-7:29",
		"path": "http://txly2.net/ly/audio/2015/dp/dp150505.mp3",
		"duration": 1500,
		"size": "6.1M",
		"artistId": 49,
		"artistName": "空中门训",
		"id": 49000010
	},
	{
		"time": "20150506",
		"title": "真理教导：使用圣经",
		"path": "http://txly2.net/ly/audio/2015/dp/dp150506.mp3",
		"duration": 1500,
		"size": "6.1M",
		"artistId": 49,
		"artistName": "空中门训",
		"id": 49000011
	},
	{
		"time": "20150507",
		"title": "默想背诵经文：得胜的确据",
		"path": "http://txly2.net/ly/audio/2015/dp/dp150507.mp3",
		"duration": 1500,
		"size": "6.1M",
		"artistId": 49,
		"artistName": "空中门训",
		"id": 49000012
	},
	{
		"time": "20150508",
		"title": "查经：我是谁？",
		"path": "http://txly2.net/ly/audio/2015/dp/dp150508.mp3",
		"duration": 1500,
		"size": "6.1M",
		"artistId": 49,
		"artistName": "空中门训",
		"id": 49000013
	},
	{
		"time": "20150511",
		"title": "祷告的功课：耶稣对祷告的教导（1）",
		"path": "http://txly2.net/ly/audio/2015/dp/dp150511.mp3",
		"duration": 1500,
		"size": "6.1M",
		"artistId": 49,
		"artistName": "空中门训",
		"id": 49000014
	},
	{
		"time": "20150512",
		"title": "灵修分享：太8:1-11:24",
		"path": "http://txly2.net/ly/audio/2015/dp/dp150512.mp3",
		"duration": 1500,
		"size": "6.1M",
		"artistId": 49,
		"artistName": "空中门训",
		"id": 49000015
	},
	{
		"time": "20150513",
		"title": "真理教导：祷告的教训",
		"path": "http://txly2.net/ly/audio/2015/dp/dp150513.mp3",
		"duration": 1500,
		"size": "6.1M",
		"artistId": 49,
		"artistName": "空中门训",
		"id": 49000016
	},
	{
		"time": "20150514",
		"title": "默想背诵经文：罪得赦免的确据",
		"path": "http://txly2.net/ly/audio/2015/dp/dp150514.mp3",
		"duration": 1500,
		"size": "6.1M",
		"artistId": 49,
		"artistName": "空中门训",
		"id": 49000017
	},
	{
		"time": "20150515",
		"title": "查经：我为什么会在这里？",
		"path": "http://txly2.net/ly/audio/2015/dp/dp150515.mp3",
		"duration": 1500,
		"size": "6.1M",
		"artistId": 49,
		"artistName": "空中门训",
		"id": 49000018
	},
	{
		"time": "20150518",
		"title": "祷告的功课：耶稣对祷告的教导（2）",
		"path": "http://txly2.net/ly/audio/2015/dp/dp150518.mp3",
		"duration": 1500,
		"size": "6.1M",
		"artistId": 49,
		"artistName": "空中门训",
		"id": 49000019
	},
	{
		"time": "20150519",
		"title": "灵修分享：太11:25-14:36",
		"path": "http://txly2.net/ly/audio/2015/dp/dp150519.mp3",
		"duration": 1500,
		"size": "6.1M",
		"artistId": 49,
		"artistName": "空中门训",
		"id": 49000020
	},
	{
		"time": "20150520",
		"title": "真理教导：基督徒的成长",
		"path": "http://txly2.net/ly/audio/2015/dp/dp150520.mp3",
		"duration": 1500,
		"size": "6.1M",
		"artistId": 49,
		"artistName": "空中门训",
		"id": 49000021
	},
	{
		"time": "20150521",
		"title": "默想背诵经文：蒙神引导的确据",
		"path": "http://txly2.net/ly/audio/2015/dp/dp150521.mp3",
		"duration": 1500,
		"size": "6.1M",
		"artistId": 49,
		"artistName": "空中门训",
		"id": 49000022
	},
	{
		"time": "20150522",
		"title": "查经：我往哪里去？",
		"path": "http://txly2.net/ly/audio/2015/dp/dp150522.mp3",
		"duration": 1500,
		"size": "6.1M",
		"artistId": 49,
		"artistName": "空中门训",
		"id": 49000023
	},
	{
		"time": "20150525",
		"title": "祷告的功课：如何在祷告中荣耀神（1）",
		"path": "http://txly2.net/ly/audio/2015/dp/dp150525.mp3",
		"duration": 1500,
		"size": "6.1M",
		"artistId": 49,
		"artistName": "空中门训",
		"id": 49000024
	},
	{
		"time": "20150526",
		"title": "灵修分享：太15-17章",
		"path": "http://txly2.net/ly/audio/2015/dp/dp150526.mp3",
		"duration": 1500,
		"size": "6.1M",
		"artistId": 49,
		"artistName": "空中门训",
		"id": 49000025
	},
	{
		"time": "20150527",
		"title": "真理教导：团契",
		"path": "http://txly2.net/ly/audio/2015/dp/dp150527.mp3",
		"duration": 1500,
		"size": "6.1M",
		"artistId": 49,
		"artistName": "空中门训",
		"id": 49000026
	},
	{
		"time": "20150528",
		"title": "默想背诵经文：在基督里的新生命（1）基督",
		"path": "http://txly2.net/ly/audio/2015/dp/dp150528.mp3",
		"duration": 1500,
		"size": "6.1M",
		"artistId": 49,
		"artistName": "空中门训",
		"id": 49000027
	},
	{
		"time": "20150529",
		"title": "查经：什么是爱",
		"path": "http://txly2.net/ly/audio/2015/dp/dp150529.mp3",
		"duration": 1500,
		"size": "6.1M",
		"artistId": 49,
		"artistName": "空中门训",
		"id": 49000028
	},
	{
		"time": "20150601",
		"title": "祷告的功课：如何在祷告中荣耀神（2）",
		"path": "http://txly2.net/ly/audio/2015/dp/dp150601.mp3",
		"duration": 1500,
		"size": "6.1M",
		"artistId": 49,
		"artistName": "空中门训",
		"id": 49000029
	},
	{
		"time": "20150602",
		"title": "灵修分享：太18-21章",
		"path": "http://txly2.net/ly/audio/2015/dp/dp150602.mp3",
		"duration": 1500,
		"size": "6.1M",
		"artistId": 49,
		"artistName": "空中门训",
		"id": 49000030
	},
	{
		"time": "20150603",
		"title": "真理教导：向人传福音时讲些什么？",
		"path": "http://txly2.net/ly/audio/2015/dp/dp150603.mp3",
		"duration": 1500,
		"size": "6.1M",
		"artistId": 49,
		"artistName": "空中门训",
		"id": 49000031
	},
	{
		"time": "20150604",
		"title": "默想背诵经文：在基督里的新生命（2）话语",
		"path": "http://txly2.net/ly/audio/2015/dp/dp150604.mp3",
		"duration": 1500,
		"size": "6.1M",
		"artistId": 49,
		"artistName": "空中门训",
		"id": 49000032
	},
	{
		"time": "20150605",
		"title": "查经：谁是真正的朋友",
		"path": "http://txly2.net/ly/audio/2015/dp/dp150605.mp3",
		"duration": 1500,
		"size": "6.1M",
		"artistId": 49,
		"artistName": "空中门训",
		"id": 49000033
	},
	{
		"time": "20150608",
		"title": "祷告的功课：为自己的祷告（1）为自己身心的需要祷告",
		"path": "http://txly2.net/ly/audio/2015/dp/dp150608.mp3",
		"duration": 1500,
		"size": "6.1M",
		"artistId": 49,
		"artistName": "空中门训",
		"id": 49000034
	},
	{
		"time": "20150609",
		"title": "灵修分享：太22-24章",
		"path": "http://txly2.net/ly/audio/2015/dp/dp150609.mp3",
		"duration": 1500,
		"size": "6.1M",
		"artistId": 49,
		"artistName": "空中门训",
		"id": 49000035
	},
	{
		"time": "20150610",
		"title": "真理教导：关于基督徒的自我评价",
		"path": "http://txly2.net/ly/audio/2015/dp/dp150610.mp3",
		"duration": 1500,
		"size": "6.1M",
		"artistId": 49,
		"artistName": "空中门训",
		"id": 49000036
	},
	{
		"time": "20150611",
		"title": "默想背诵经文：在基督里的新生命（3）祈祷",
		"path": "http://txly2.net/ly/audio/2015/dp/dp150611.mp3",
		"duration": 1500,
		"size": "6.1M",
		"artistId": 49,
		"artistName": "空中门训",
		"id": 49000037
	},
	{
		"time": "20150612",
		"title": "查经：基督徒的约会",
		"path": "http://txly2.net/ly/audio/2015/dp/dp150612.mp3",
		"duration": 1500,
		"size": "6.1M",
		"artistId": 49,
		"artistName": "空中门训",
		"id": 49000038
	},
	{
		"time": "20150615",
		"title": "祷告的功课：为自己的祷告（2）为自己属灵、事奉和家庭的需要祷告",
		"path": "http://txly2.net/ly/audio/2015/dp/dp150615.mp3",
		"duration": 1500,
		"size": "6.1M",
		"artistId": 49,
		"artistName": "空中门训",
		"id": 49000039
	},
	{
		"time": "20150616",
		"title": "灵修分享：太25-28章",
		"path": "http://txly2.net/ly/audio/2015/dp/dp150616.mp3",
		"duration": 1500,
		"size": "6.1M",
		"artistId": 49,
		"artistName": "空中门训",
		"id": 49000040
	},
	{
		"time": "20150617",
		"title": "真理教导：男女之间的关系",
		"path": "http://txly2.net/ly/audio/2015/dp/dp150617.mp3",
		"duration": 1500,
		"size": "6.1M",
		"artistId": 49,
		"artistName": "空中门训",
		"id": 49000041
	},
	{
		"time": "20150618",
		"title": "默想背诵经文：在基督里的新生命（4）相交",
		"path": "http://txly2.net/ly/audio/2015/dp/dp150618.mp3",
		"duration": 1500,
		"size": "6.1M",
		"artistId": 49,
		"artistName": "空中门训",
		"id": 49000042
	},
	{
		"time": "20150619",
		"title": "查经：基督徒的婚姻",
		"path": "http://txly2.net/ly/audio/2015/dp/dp150619.mp3",
		"duration": 1500,
		"size": "6.1M",
		"artistId": 49,
		"artistName": "空中门训",
		"id": 49000043
	},
	{
		"time": "20150622",
		"title": "祷告的功课：为别人的祷告（1）",
		"path": "http://txly2.net/ly/audio/2015/dp/dp150622.mp3",
		"duration": 1500,
		"size": "6.1M",
		"artistId": 49,
		"artistName": "空中门训",
		"id": 49000044
	},
	{
		"time": "20150623",
		"title": "灵修分享：约1:1-4:22",
		"path": "http://txly2.net/ly/audio/2015/dp/dp150623.mp3",
		"duration": 1500,
		"size": "6.1M",
		"artistId": 49,
		"artistName": "空中门训",
		"id": 49000045
	},
	{
		"time": "20150624",
		"title": "真理教导：生命中重要的事",
		"path": "http://txly2.net/ly/audio/2015/dp/dp150624.mp3",
		"duration": 1500,
		"size": "6.1M",
		"artistId": 49,
		"artistName": "空中门训",
		"id": 49000046
	},
	{
		"time": "20150625",
		"title": "默想背诵经文：在基督里的新生命（5）见证",
		"path": "http://txly2.net/ly/audio/2015/dp/dp150625.mp3",
		"duration": 1500,
		"size": "6.1M",
		"artistId": 49,
		"artistName": "空中门训",
		"id": 49000047
	},
	{
		"time": "20150626",
		"title": "查经：基督化的家庭查经：基督化的家庭",
		"path": "http://txly2.net/ly/audio/2015/dp/dp150626.mp3",
		"duration": 1500,
		"size": "6.1M",
		"artistId": 49,
		"artistName": "空中门训",
		"id": 49000048
	},
	{
		"time": "20150629",
		"title": "祷告的功课：为别人的祷告（2）",
		"path": "http://txly2.net/ly/audio/2015/dp/dp150629.mp3",
		"duration": 1500,
		"size": "6.1M",
		"artistId": 49,
		"artistName": "空中门训",
		"id": 49000049
	},
	{
		"time": "20150630",
		"title": "灵修分享：约4:23-7章",
		"path": "http://txly2.net/ly/audio/2015/dp/dp150630.mp3",
		"duration": 1500,
		"size": "6.1M",
		"artistId": 49,
		"artistName": "空中门训",
		"id": 49000050
	},
	{
		"time": "20150701",
		"title": "真理教导：圣灵",
		"path": "http://txly2.net/ly/audio/2015/dp/dp150701.mp3",
		"duration": 1500,
		"size": "6.1M",
		"artistId": 49,
		"artistName": "空中门训",
		"id": 49000051
	},
	{
		"time": "20150702",
		"title": "默想背诵经文：福音（1）罪",
		"path": "http://txly2.net/ly/audio/2015/dp/dp150702.mp3",
		"duration": 1500,
		"size": "6.1M",
		"artistId": 49,
		"artistName": "空中门训",
		"id": 49000052
	},
	{
		"time": "20150703",
		"title": "查经：轭的关系",
		"path": "http://txly2.net/ly/audio/2015/dp/dp150703.mp3",
		"duration": 1500,
		"size": "6.1M",
		"artistId": 49,
		"artistName": "空中门训",
		"id": 49000053
	},
	{
		"time": "20150706",
		"title": "祷告的功课：诗篇里的祷告（1）",
		"path": "http://txly2.net/ly/audio/2015/dp/dp150706.mp3",
		"duration": 1500,
		"size": "6.1M",
		"artistId": 49,
		"artistName": "空中门训",
		"id": 49000054
	},
	{
		"time": "20150707",
		"title": "灵修分享：约8-11章",
		"path": "http://txly2.net/ly/audio/2015/dp/dp150707.mp3",
		"duration": 1500,
		"size": "6.1M",
		"artistId": 49,
		"artistName": "空中门训",
		"id": 49000055
	},
	{
		"time": "20150708",
		"title": "真理教导：门徒的特质",
		"path": "http://txly2.net/ly/audio/2015/dp/dp150708.mp3",
		"duration": 1500,
		"size": "6.1M",
		"artistId": 49,
		"artistName": "空中门训",
		"id": 49000056
	},
	{
		"time": "20150709",
		"title": "默想背诵经文：福音（2）审判",
		"path": "http://txly2.net/ly/audio/2015/dp/dp150709.mp3",
		"duration": 1500,
		"size": "6.1M",
		"artistId": 49,
		"artistName": "空中门训",
		"id": 49000057
	},
	{
		"time": "20150710",
		"title": "查经：怎样结果子",
		"path": "http://txly2.net/ly/audio/2015/dp/dp150710.mp3",
		"duration": 1500,
		"size": "6.1M",
		"artistId": 49,
		"artistName": "空中门训",
		"id": 49000058
	},
	{
		"time": "20150713",
		"title": "祷告的功课：诗篇里的祷告（2）",
		"path": "http://txly2.net/ly/audio/2015/dp/dp150713.mp3",
		"duration": 1500,
		"size": "6.1M",
		"artistId": 49,
		"artistName": "空中门训",
		"id": 49000059
	},
	{
		"time": "20150714",
		"title": "灵修分享：约12-14章",
		"path": "http://txly2.net/ly/audio/2015/dp/dp150714.mp3",
		"duration": 1500,
		"size": "6.1M",
		"artistId": 49,
		"artistName": "空中门训",
		"id": 49000060
	},
	{
		"time": "20150715",
		"title": "真理教导：福音的5个观念",
		"path": "http://txly2.net/ly/audio/2015/dp/dp150715.mp3",
		"duration": 1500,
		"size": "6.1M",
		"artistId": 49,
		"artistName": "空中门训",
		"id": 49000061
	},
	{
		"time": "20150716",
		"title": "默想背诵经文：福音（3）赎价",
		"path": "http://txly2.net/ly/audio/2015/dp/dp150716.mp3",
		"duration": 1500,
		"size": "6.1M",
		"artistId": 49,
		"artistName": "空中门训",
		"id": 49000062
	},
	{
		"time": "20150717",
		"title": "查经：教会在文化上的责任",
		"path": "http://txly2.net/ly/audio/2015/dp/dp150717.mp3",
		"duration": 1500,
		"size": "6.1M",
		"artistId": 49,
		"artistName": "空中门训",
		"id": 49000063
	},
	{
		"time": "20150720",
		"title": "祷告的功课：先知们的祷告（1）",
		"path": "http://txly2.net/ly/audio/2015/dp/dp150720.mp3",
		"duration": 1500,
		"size": "6.1M",
		"artistId": 49,
		"artistName": "空中门训",
		"id": 49000064
	},
	{
		"time": "20150721",
		"title": "灵修分享：约15-17章",
		"path": "http://txly2.net/ly/audio/2015/dp/dp150721.mp3",
		"duration": 1500,
		"size": "6.1M",
		"artistId": 49,
		"artistName": "空中门训",
		"id": 49000065
	},
	{
		"time": "20150722",
		"title": "真理教导：每天与耶稣基督相交",
		"path": "http://txly2.net/ly/audio/2015/dp/dp150722.mp3",
		"duration": 1500,
		"size": "6.1M",
		"artistId": 49,
		"artistName": "空中门训",
		"id": 49000066
	},
	{
		"time": "20150723",
		"title": "默想背诵经文：福音（4）救恩",
		"path": "http://txly2.net/ly/audio/2015/dp/dp150723.mp3",
		"duration": 1500,
		"size": "6.1M",
		"artistId": 49,
		"artistName": "空中门训",
		"id": 49000067
	},
	{
		"time": "20150724",
		"title": "查经：教会的宣教工作（1）",
		"path": "http://txly2.net/ly/audio/2015/dp/dp150724.mp3",
		"duration": 1500,
		"size": "6.1M",
		"artistId": 49,
		"artistName": "空中门训",
		"id": 49000068
	},
	{
		"time": "20150727",
		"title": "祷告的功课：先知们的祷告（2）",
		"path": "http://txly2.net/ly/audio/2015/dp/dp150727.mp3",
		"duration": 1500,
		"size": "6.1M",
		"artistId": 49,
		"artistName": "空中门训",
		"id": 49000069
	},
	{
		"time": "20150728",
		"title": "灵修分享：约18-21章",
		"path": "http://txly2.net/ly/audio/2015/dp/dp150728.mp3",
		"duration": 1500,
		"size": "6.1M",
		"artistId": 49,
		"artistName": "空中门训",
		"id": 49000070
	},
	{
		"time": "20150729",
		"title": "真理教导：解释圣经的原则",
		"path": "http://txly2.net/ly/audio/2015/dp/dp150729.mp3",
		"duration": 1500,
		"size": "6.1M",
		"artistId": 49,
		"artistName": "空中门训",
		"id": 49000071
	},
	{
		"time": "20150730",
		"title": "默想背诵经文：福音（5）相信",
		"path": "http://txly2.net/ly/audio/2015/dp/dp150730.mp3",
		"duration": 1500,
		"size": "6.1M",
		"artistId": 49,
		"artistName": "空中门训",
		"id": 49000072
	},
	{
		"time": "20150731",
		"title": "查经：教会的宣教工作（2）",
		"path": "http://txly2.net/ly/audio/2015/dp/dp150731.mp3",
		"duration": 1500,
		"size": "6.1M",
		"artistId": 49,
		"artistName": "空中门训",
		"id": 49000073
	},
	{
		"time": "20150803",
		"title": "祷告的功课：执政者的祷告（1）",
		"path": "http://txly2.net/ly/audio/2015/dp/dp150803.mp3",
		"duration": 1500,
		"size": "6.1M",
		"artistId": 49,
		"artistName": "空中门训",
		"id": 49000074
	},
	{
		"time": "20150804",
		"title": "灵修分享：徒1-3章",
		"path": "http://txly2.net/ly/audio/2015/dp/dp150804.mp3",
		"duration": 1500,
		"size": "6.1M",
		"artistId": 49,
		"artistName": "空中门训",
		"id": 49000075
	},
	{
		"time": "20150805",
		"title": "真理教导：如何使用经文来祷告",
		"path": "http://txly2.net/ly/audio/2015/dp/dp150805.mp3",
		"duration": 1500,
		"size": "6.1M",
		"artistId": 49,
		"artistName": "空中门训",
		"id": 49000076
	},
	{
		"time": "20150806",
		"title": "默想背诵经文：基督徒的性格（1）像基督",
		"path": "http://txly2.net/ly/audio/2015/dp/dp150806.mp3",
		"duration": 1500,
		"size": "6.1M",
		"artistId": 49,
		"artistName": "空中门训",
		"id": 49000077
	},
	{
		"time": "20150807",
		"title": "查经：教会的目标",
		"path": "http://txly2.net/ly/audio/2015/dp/dp150807.mp3",
		"duration": 1500,
		"size": "6.1M",
		"artistId": 49,
		"artistName": "空中门训",
		"id": 49000078
	},
	{
		"time": "20150810",
		"title": "祷告的功课：执政者的祷告（2）",
		"path": "http://txly2.net/ly/audio/2015/dp/dp150810.mp3",
		"duration": 1500,
		"size": "6.1M",
		"artistId": 49,
		"artistName": "空中门训",
		"id": 49000079
	},
	{
		"time": "20150811",
		"title": "灵修分享：徒4-7章",
		"path": "http://txly2.net/ly/audio/2015/dp/dp150811.mp3",
		"duration": 1500,
		"size": "6.1M",
		"artistId": 49,
		"artistName": "空中门训",
		"id": 49000080
	},
	{
		"time": "20150812",
		"title": "真理教导：如何应用神给我们的教导",
		"path": "http://txly2.net/ly/audio/2015/dp/dp150812.mp3",
		"duration": 1500,
		"size": "6.1M",
		"artistId": 49,
		"artistName": "空中门训",
		"id": 49000081
	},
	{
		"time": "20150813",
		"title": "默想背诵经文：基督徒的性格 （2）纯洁",
		"path": "http://txly2.net/ly/audio/2015/dp/dp150813.mp3",
		"duration": 1500,
		"size": "6.1M",
		"artistId": 49,
		"artistName": "空中门训",
		"id": 49000082
	},
	{
		"time": "20150814",
		"title": "查经：教会的领袖",
		"path": "http://txly2.net/ly/audio/2015/dp/dp150814.mp3",
		"duration": 1500,
		"size": "6.1M",
		"artistId": 49,
		"artistName": "空中门训",
		"id": 49000083
	},
	{
		"time": "20150817",
		"title": "祷告的功课：祷告的动机（1）",
		"path": "http://txly2.net/ly/audio/2015/dp/dp150817.mp3",
		"duration": 1500,
		"size": "6.1M",
		"artistId": 49,
		"artistName": "空中门训",
		"id": 49000084
	},
	{
		"time": "20150818",
		"title": "灵修分享：徒8:1-11:18",
		"path": "http://txly2.net/ly/audio/2015/dp/dp150818.mp3",
		"duration": 1500,
		"size": "6.1M",
		"artistId": 49,
		"artistName": "空中门训",
		"id": 49000085
	},
	{
		"time": "20150819",
		"title": "真理教导：教会",
		"path": "http://txly2.net/ly/audio/2015/dp/dp150819.mp3",
		"duration": 1500,
		"size": "6.1M",
		"artistId": 49,
		"artistName": "空中门训",
		"id": 49000086
	},
	{
		"time": "20150820",
		"title": "默想背诵经文：基督徒的性格 （3）爱",
		"path": "http://txly2.net/ly/audio/2015/dp/dp150820.mp3",
		"duration": 1500,
		"size": "6.1M",
		"artistId": 49,
		"artistName": "空中门训",
		"id": 49000087
	},
	{
		"time": "20150821",
		"title": "查经：怎样在世上生活",
		"path": "http://txly2.net/ly/audio/2015/dp/dp150821.mp3",
		"duration": 1500,
		"size": "6.1M",
		"artistId": 49,
		"artistName": "空中门训",
		"id": 49000088
	},
	{
		"time": "20150824",
		"title": "祷告的功课：祷告的动机（2）",
		"path": "http://txly2.net/ly/audio/2015/dp/dp150824.mp3",
		"duration": 1500,
		"size": "6.1M",
		"artistId": 49,
		"artistName": "空中门训",
		"id": 49000089
	},
	{
		"time": "20150825",
		"title": "灵修分享：徒11:19-14:28",
		"path": "http://txly2.net/ly/audio/2015/dp/dp150825.mp3",
		"duration": 1500,
		"size": "6.1M",
		"artistId": 49,
		"artistName": "空中门训",
		"id": 49000090
	},
	{
		"time": "20150826",
		"title": "真理教导：小组传福音",
		"path": "http://txly2.net/ly/audio/2015/dp/dp150826.mp3",
		"duration": 1500,
		"size": "6.1M",
		"artistId": 49,
		"artistName": "空中门训",
		"id": 49000091
	},
	{
		"time": "20150827",
		"title": "默想背诵经文：基督徒的性格 （4）信心",
		"path": "http://txly2.net/ly/audio/2015/dp/dp150827.mp3",
		"duration": 1500,
		"size": "6.1M",
		"artistId": 49,
		"artistName": "空中门训",
		"id": 49000092
	},
	{
		"time": "20150828",
		"title": "查经：诚实",
		"path": "http://txly2.net/ly/audio/2015/dp/dp150828.mp3",
		"duration": 1500,
		"size": "6.1M",
		"artistId": 49,
		"artistName": "空中门训",
		"id": 49000093
	},
	{
		"time": "20150831",
		"title": "祷告的功课：怎样祷告（1）姿势、地点、时间和长短",
		"path": "http://txly2.net/ly/audio/2015/dp/dp150831.mp3",
		"duration": 1500,
		"size": "6.1M",
		"artistId": 49,
		"artistName": "空中门训",
		"id": 49000094
	},
	{
		"time": "20150901",
		"title": "灵修分享：徒15-17章",
		"path": "http://txly2.net/ly/audio/2015/dp/dp150901.mp3",
		"duration": 1500,
		"size": "6.1M",
		"artistId": 49,
		"artistName": "空中门训",
		"id": 49000095
	},
	{
		"time": "20150902",
		"title": "真理教导：饶恕的灵",
		"path": "http://txly2.net/ly/audio/2015/dp/dp150902.mp3",
		"duration": 1500,
		"size": "6.1M",
		"artistId": 49,
		"artistName": "空中门训",
		"id": 49000096
	},
	{
		"time": "20150903",
		"title": "默想背诵经文：基督徒的性格（5）谦卑",
		"path": "http://txly2.net/ly/audio/2015/dp/dp150903.mp3",
		"duration": 1500,
		"size": "6.1M",
		"artistId": 49,
		"artistName": "空中门训",
		"id": 49000097
	},
	{
		"time": "20150904",
		"title": "查经：世上的试探",
		"path": "http://txly2.net/ly/audio/2015/dp/dp150904.mp3",
		"duration": 1500,
		"size": "6.1M",
		"artistId": 49,
		"artistName": "空中门训",
		"id": 49000098
	},
	{
		"time": "20150907",
		"title": "祷告的功课：怎样祷告（2）祷告与禁食",
		"path": "http://txly2.net/ly/audio/2015/dp/dp150907.mp3",
		"duration": 1500,
		"size": "6.1M",
		"artistId": 49,
		"artistName": "空中门训",
		"id": 49000099
	},
	{
		"time": "20150908",
		"title": "灵修分享：徒18-21章",
		"path": "http://txly2.net/ly/audio/2015/dp/dp150908.mp3",
		"duration": 1500,
		"size": "6.1M",
		"artistId": 49,
		"artistName": "空中门训",
		"id": 49000100
	},
	{
		"time": "20150909",
		"title": "真理教导：父母与子女的关系",
		"path": "http://txly2.net/ly/audio/2015/dp/dp150909.mp3",
		"duration": 1500,
		"size": "6.1M",
		"artistId": 49,
		"artistName": "空中门训",
		"id": 49000101
	},
	{
		"time": "20150910",
		"title": "默想背诵经文：基督门徒（1）委身",
		"path": "http://txly2.net/ly/audio/2015/dp/dp150910.mp3",
		"duration": 1500,
		"size": "6.1M",
		"artistId": 49,
		"artistName": "空中门训",
		"id": 49000102
	},
	{
		"time": "20150911",
		"title": "查经：属灵的争战",
		"path": "http://txly2.net/ly/audio/2015/dp/dp150911.mp3",
		"duration": 1500,
		"size": "6.1M",
		"artistId": 49,
		"artistName": "空中门训",
		"id": 49000103
	},
	{
		"time": "20150914",
		"title": "祷告的功课：恒切祷告（1）",
		"path": "http://txly2.net/ly/audio/2015/dp/dp150914.mp3",
		"duration": 1500,
		"size": "6.1M",
		"artistId": 49,
		"artistName": "空中门训",
		"id": 49000104
	},
	{
		"time": "20150915",
		"title": "灵修分享：罗1-3章",
		"path": "http://txly2.net/ly/audio/2015/dp/dp150915.mp3",
		"duration": 1500,
		"size": "6.1M",
		"artistId": 49,
		"artistName": "空中门训",
		"id": 49000105
	},
	{
		"time": "20150916",
		"title": "真理教导：寻求神的旨意",
		"path": "http://txly2.net/ly/audio/2015/dp/dp150916.mp3",
		"duration": 1500,
		"size": "6.1M",
		"artistId": 49,
		"artistName": "空中门训",
		"id": 49000106
	},
	{
		"time": "20150917",
		"title": "默想背诵经文：基督门徒（2）舍己",
		"path": "http://txly2.net/ly/audio/2015/dp/dp150917.mp3",
		"duration": 1500,
		"size": "6.1M",
		"artistId": 49,
		"artistName": "空中门训",
		"id": 49000107
	},
	{
		"time": "20150918",
		"title": "查经：世上的苦难",
		"path": "http://txly2.net/ly/audio/2015/dp/dp150918.mp3",
		"duration": 1500,
		"size": "6.1M",
		"artistId": 49,
		"artistName": "空中门训",
		"id": 49000108
	},
	{
		"time": "20150921",
		"title": "祷告的功课：恒切祷告（2）",
		"path": "http://txly2.net/ly/audio/2015/dp/dp150921.mp3",
		"duration": 1500,
		"size": "6.1M",
		"artistId": 49,
		"artistName": "空中门训",
		"id": 49000109
	},
	{
		"time": "20150922",
		"title": "灵修分享：罗4-8章",
		"path": "http://txly2.net/ly/audio/2015/dp/dp150922.mp3",
		"duration": 1500,
		"size": "6.1M",
		"artistId": 49,
		"artistName": "空中门训",
		"id": 49000110
	},
	{
		"time": "20150923",
		"title": "真理教导：圣灵的恩赐",
		"path": "http://txly2.net/ly/audio/2015/dp/dp150923.mp3",
		"duration": 1500,
		"size": "6.1M",
		"artistId": 49,
		"artistName": "空中门训",
		"id": 49000111
	},
	{
		"time": "20150924",
		"title": "默想背诵经文：基督门徒（3）服事",
		"path": "http://txly2.net/ly/audio/2015/dp/dp150924.mp3",
		"duration": 1500,
		"size": "6.1M",
		"artistId": 49,
		"artistName": "空中门训",
		"id": 49000112
	},
	{
		"time": "20150925",
		"title": "查经：基督第一次降临",
		"path": "http://txly2.net/ly/audio/2015/dp/dp150925.mp3",
		"duration": 1500,
		"size": "6.1M",
		"artistId": 49,
		"artistName": "空中门训",
		"id": 49000113
	},
	{
		"time": "20150928",
		"title": "祷告的功课：祷告的功效（1）",
		"path": "http://txly2.net/ly/audio/2015/dp/dp150928.mp3",
		"duration": 1500,
		"size": "6.1M",
		"artistId": 49,
		"artistName": "空中门训",
		"id": 49000114
	},
	{
		"time": "20150929",
		"title": "灵修分享：罗9-12章",
		"path": "http://txly2.net/ly/audio/2015/dp/dp150929.mp3",
		"duration": 1500,
		"size": "6.1M",
		"artistId": 49,
		"artistName": "空中门训",
		"id": 49000115
	},
	{
		"time": "20150930",
		"title": "真理教导：教会领袖",
		"path": "http://txly2.net/ly/audio/2015/dp/dp150930.mp3",
		"duration": 1500,
		"size": "6.1M",
		"artistId": 49,
		"artistName": "空中门训",
		"id": 49000116
	},
	{
		"time": "20151001",
		"title": "默想背诵经文：基督门徒（4）施舍",
		"path": "http://txly2.net/ly/audio/2015/dp/dp151001.mp3",
		"duration": 1500,
		"size": "6.1M",
		"artistId": 49,
		"artistName": "空中门训",
		"id": 49000117
	},
	{
		"time": "20151002",
		"title": "查经：耶稣基督再来",
		"path": "http://txly2.net/ly/audio/2015/dp/dp151002.mp3",
		"duration": 1500,
		"size": "6.1M",
		"artistId": 49,
		"artistName": "空中门训",
		"id": 49000118
	},
	{
		"time": "20151005",
		"title": "祷告的功课：祈祷的功效（2）",
		"path": "http://txly2.net/ly/audio/2015/dp/dp151005.mp3",
		"duration": 1500,
		"size": "6.1M",
		"artistId": 49,
		"artistName": "空中门训",
		"id": 49000119
	},
	{
		"time": "20151006",
		"title": "灵修分享：罗12-16章",
		"path": "http://txly2.net/ly/audio/2015/dp/dp151006.mp3",
		"duration": 1500,
		"size": "6.1M",
		"artistId": 49,
		"artistName": "空中门训",
		"id": 49000120
	},
	{
		"time": "20151007",
		"title": "福音（1）福音是什么",
		"path": "http://txly2.net/ly/audio/2015/dp/dp151007.mp3",
		"duration": 1500,
		"size": "6.1M",
		"artistId": 49,
		"artistName": "空中门训",
		"id": 49000121
	},
	{
		"time": "20151008",
		"title": "福音（2）世上为什么会有苦难和死亡？",
		"path": "http://txly2.net/ly/audio/2015/dp/dp151008.mp3",
		"duration": 1500,
		"size": "6.1M",
		"artistId": 49,
		"artistName": "空中门训",
		"id": 49000122
	},
	{
		"time": "20151009",
		"title": "福音（3）有什么办法解决世上的苦难和死亡",
		"path": "http://txly2.net/ly/audio/2015/dp/dp151009.mp3",
		"duration": 1500,
		"size": "6.1M",
		"artistId": 49,
		"artistName": "空中门训",
		"id": 49000123
	},
	{
		"time": "20151012",
		"title": "福音（4）神要求人作出怎样的回应",
		"path": "http://txly2.net/ly/audio/2015/dp/dp151012.mp3",
		"duration": 1500,
		"size": "6.1M",
		"artistId": 49,
		"artistName": "空中门训",
		"id": 49000124
	},
	{
		"time": "20151013",
		"title": "福音（5）在基督里的新生命",
		"path": "http://txly2.net/ly/audio/2015/dp/dp151013.mp3",
		"duration": 1500,
		"size": "6.1M",
		"artistId": 49,
		"artistName": "空中门训",
		"id": 49000125
	},
	{
		"time": "20151014",
		"title": "神的工作（1）神藉旧约律法的工作（1）",
		"path": "http://txly2.net/ly/audio/2015/dp/dp151014.mp3",
		"duration": 1500,
		"size": "6.1M",
		"artistId": 49,
		"artistName": "空中门训",
		"id": 49000126
	},
	{
		"time": "20151015",
		"title": "神的工作（2）神藉旧约律法的工作（2）",
		"path": "http://txly2.net/ly/audio/2015/dp/dp151015.mp3",
		"duration": 1500,
		"size": "6.1M",
		"artistId": 49,
		"artistName": "空中门训",
		"id": 49000127
	},
	{
		"time": "20151016",
		"title": "神的工作（3）神藉基督从死里复活的工作",
		"path": "http://txly2.net/ly/audio/2015/dp/dp151016.mp3",
		"duration": 1500,
		"size": "6.1M",
		"artistId": 49,
		"artistName": "空中门训",
		"id": 49000128
	},
	{
		"time": "20151019",
		"title": "神的工作（4）神在基督再来的工作（1）",
		"path": "http://txly2.net/ly/audio/2015/dp/dp151019.mp3",
		"duration": 1500,
		"size": "6.1M",
		"artistId": 49,
		"artistName": "空中门训",
		"id": 49000129
	},
	{
		"time": "20151020",
		"title": "神的工作（5）神在基督再来的工作（2）",
		"path": "http://txly2.net/ly/audio/2015/dp/dp151020.mp3",
		"duration": 1500,
		"size": "6.1M",
		"artistId": 49,
		"artistName": "空中门训",
		"id": 49000130
	},
	{
		"time": "20151021",
		"title": "真理教导：圣诞节",
		"path": "http://txly2.net/ly/audio/2015/dp/dp151021.mp3",
		"duration": 1500,
		"size": "6.1M",
		"artistId": 49,
		"artistName": "空中门训",
		"id": 49000131
	},
	{
		"time": "20151022",
		"title": "默想背诵经文：神的伟大（1）无可比拟的神",
		"path": "http://txly2.net/ly/audio/2015/dp/dp151022.mp3",
		"duration": 1500,
		"size": "6.1M",
		"artistId": 49,
		"artistName": "空中门训",
		"id": 49000132
	},
	{
		"time": "20151023",
		"title": "查经：约翰福音（1）简介",
		"path": "http://txly2.net/ly/audio/2015/dp/dp151023.mp3",
		"duration": 1500,
		"size": "6.1M",
		"artistId": 49,
		"artistName": "空中门训",
		"id": 49000133
	},
	{
		"time": "20151026",
		"title": "旧约圣经的研读：旧约圣经的源头（1）",
		"path": "http://txly2.net/ly/audio/2015/dp/dp151026.mp3",
		"duration": 1500,
		"size": "6.1M",
		"artistId": 49,
		"artistName": "空中门训",
		"id": 49000134
	},
	{
		"time": "20151027",
		"title": "灵修分享：林前1-4章",
		"path": "http://txly2.net/ly/audio/2015/dp/dp151027.mp3",
		"duration": 1500,
		"size": "6.1M",
		"artistId": 49,
		"artistName": "空中门训",
		"id": 49000135
	},
	{
		"time": "20151028",
		"title": "真理教导：耶稣受难日",
		"path": "http://txly2.net/ly/audio/2015/dp/dp151028.mp3",
		"duration": 1500,
		"size": "6.1M",
		"artistId": 49,
		"artistName": "空中门训",
		"id": 49000136
	},
	{
		"time": "20151029",
		"title": "默想背诵经文：神的伟大（2）荣耀的神",
		"path": "http://txly2.net/ly/audio/2015/dp/dp151029.mp3",
		"duration": 1500,
		"size": "6.1M",
		"artistId": 49,
		"artistName": "空中门训",
		"id": 49000137
	},
	{
		"time": "20151030",
		"title": "查经：约翰福音（2）第一章（1）",
		"path": "http://txly2.net/ly/audio/2015/dp/dp151030.mp3",
		"duration": 1500,
		"size": "6.1M",
		"artistId": 49,
		"artistName": "空中门训",
		"id": 49000138
	},
	{
		"time": "20151102",
		"title": "旧约圣经的研读：旧约圣经的源头（2）",
		"path": "http://txly2.net/ly/audio/2015/dp/dp151102.mp3",
		"duration": 1500,
		"size": "6.1M",
		"artistId": 49,
		"artistName": "空中门训",
		"id": 49000139
	},
	{
		"time": "20151103",
		"title": "灵修分享：林前5-8章",
		"path": "http://txly2.net/ly/audio/2015/dp/dp151103.mp3",
		"duration": 1500,
		"size": "6.1M",
		"artistId": 49,
		"artistName": "空中门训",
		"id": 49000140
	},
	{
		"time": "20151104",
		"title": "真理教导：复活节",
		"path": "http://txly2.net/ly/audio/2015/dp/dp151104.mp3",
		"duration": 1500,
		"size": "6.1M",
		"artistId": 49,
		"artistName": "空中门训",
		"id": 49000141
	},
	{
		"time": "20151105",
		"title": "默想背诵经文：神的伟大（3）全权的神",
		"path": "http://txly2.net/ly/audio/2015/dp/dp151105.mp3",
		"duration": 1500,
		"size": "6.1M",
		"artistId": 49,
		"artistName": "空中门训",
		"id": 49000142
	},
	{
		"time": "20151106",
		"title": "查经：约翰福音（3）第一章（2）",
		"path": "http://txly2.net/ly/audio/2015/dp/dp151106.mp3",
		"duration": 1500,
		"size": "6.1M",
		"artistId": 49,
		"artistName": "空中门训",
		"id": 49000143
	},
	{
		"time": "20151109",
		"title": "旧约圣经的研读：创世记（1）",
		"path": "http://txly2.net/ly/audio/2015/dp/dp151109.mp3",
		"duration": 1500,
		"size": "6.1M",
		"artistId": 49,
		"artistName": "空中门训",
		"id": 49000144
	},
	{
		"time": "20151110",
		"title": "灵修分享：林前9-11章",
		"path": "http://txly2.net/ly/audio/2015/dp/dp151110.mp3",
		"duration": 1500,
		"size": "6.1M",
		"artistId": 49,
		"artistName": "空中门训",
		"id": 49000145
	},
	{
		"time": "20151111",
		"title": "真理教导：五旬节",
		"path": "http://txly2.net/ly/audio/2015/dp/dp151111.mp3",
		"duration": 1500,
		"size": "6.1M",
		"artistId": 49,
		"artistName": "空中门训",
		"id": 49000146
	},
	{
		"time": "20151112",
		"title": "默想背诵经文：神的伟大（4）全知的神",
		"path": "http://txly2.net/ly/audio/2015/dp/dp151112.mp3",
		"duration": 1500,
		"size": "6.1M",
		"artistId": 49,
		"artistName": "空中门训",
		"id": 49000147
	},
	{
		"time": "20151113",
		"title": "查经：约翰福音（4）第二章",
		"path": "http://txly2.net/ly/audio/2015/dp/dp151113.mp3",
		"duration": 1500,
		"size": "6.1M",
		"artistId": 49,
		"artistName": "空中门训",
		"id": 49000148
	},
	{
		"time": "20151116",
		"title": "旧约圣经的研读：创世记（2）",
		"path": "http://txly2.net/ly/audio/2015/dp/dp151116.mp3",
		"duration": 1500,
		"size": "6.1M",
		"artistId": 49,
		"artistName": "空中门训",
		"id": 49000149
	},
	{
		"time": "20151117",
		"title": "灵修分享：林前12-16章",
		"path": "http://txly2.net/ly/audio/2015/dp/dp151117.mp3",
		"duration": 1500,
		"size": "6.1M",
		"artistId": 49,
		"artistName": "空中门训",
		"id": 49000150
	},
	{
		"time": "20151118",
		"title": "真理教导：主日的意义",
		"path": "http://txly2.net/ly/audio/2015/dp/dp151118.mp3",
		"duration": 1500,
		"size": "6.1M",
		"artistId": 49,
		"artistName": "空中门训",
		"id": 49000151
	},
	{
		"time": "20151119",
		"title": "默想背诵经文：神的伟大（5）全能的神",
		"path": "http://txly2.net/ly/audio/2015/dp/dp151119.mp3",
		"duration": 1500,
		"size": "6.1M",
		"artistId": 49,
		"artistName": "空中门训",
		"id": 49000152
	},
	{
		"time": "20151120",
		"title": "查经：约翰福音（5）第三章",
		"path": "http://txly2.net/ly/audio/2015/dp/dp151120.mp3",
		"duration": 1500,
		"size": "6.1M",
		"artistId": 49,
		"artistName": "空中门训",
		"id": 49000153
	},
	{
		"time": "20151123",
		"title": "旧约圣经的研读：出埃及记（1）",
		"path": "http://txly2.net/ly/audio/2015/dp/dp151123.mp3",
		"duration": 1500,
		"size": "6.1M",
		"artistId": 49,
		"artistName": "空中门训",
		"id": 49000154
	},
	{
		"time": "20151124",
		"title": "灵修分享：林后4-7章",
		"path": "http://txly2.net/ly/audio/2015/dp/dp151124.mp3",
		"duration": 1500,
		"size": "6.1M",
		"artistId": 49,
		"artistName": "空中门训",
		"id": 49000155
	},
	{
		"time": "20151125",
		"title": "真理教导：新年——庆祝新一年来临的日子",
		"path": "http://txly2.net/ly/audio/2015/dp/dp151125.mp3",
		"duration": 1500,
		"size": "6.1M",
		"artistId": 49,
		"artistName": "空中门训",
		"id": 49000156
	},
	{
		"time": "20151126",
		"title": "默想背诵经文：神的资源（1）神的同在",
		"path": "http://txly2.net/ly/audio/2015/dp/dp151126.mp3",
		"duration": 1500,
		"size": "6.1M",
		"artistId": 49,
		"artistName": "空中门训",
		"id": 49000157
	},
	{
		"time": "20151127",
		"title": "查经：约翰福音（6）第四章",
		"path": "http://txly2.net/ly/audio/2015/dp/dp151127.mp3",
		"duration": 1500,
		"size": "6.1M",
		"artistId": 49,
		"artistName": "空中门训",
		"id": 49000158
	},
	{
		"time": "20151130",
		"title": "旧约圣经的研读：出埃及记（2）",
		"path": "http://txly2.net/ly/audio/2015/dp/dp151130.mp3",
		"duration": 1500,
		"size": "6.1M",
		"artistId": 49,
		"artistName": "空中门训",
		"id": 49000159
	},
	{
		"time": "20151201",
		"title": "灵修分享：林后8-11章",
		"path": "http://txly2.net/ly/audio/2015/dp/dp151201.mp3",
		"duration": 1500,
		"size": "6.1M",
		"artistId": 49,
		"artistName": "空中门训",
		"id": 49000160
	},
	{
		"time": "20151202",
		"title": "真理教导：洗礼",
		"path": "http://txly2.net/ly/audio/2015/dp/dp151202.mp3",
		"duration": 1500,
		"size": "6.1M",
		"artistId": 49,
		"artistName": "空中门训",
		"id": 49000161
	},
	{
		"time": "20151203",
		"title": "默想背诵经文：神的资源（2）神的话语",
		"path": "http://txly2.net/ly/audio/2015/dp/dp151203.mp3",
		"duration": 1500,
		"size": "6.1M",
		"artistId": 49,
		"artistName": "空中门训",
		"id": 49000162
	},
	{
		"time": "20151204",
		"title": "查经：约翰福音（7）第五章",
		"path": "http://txly2.net/ly/audio/2015/dp/dp151204.mp3",
		"duration": 1500,
		"size": "6.1M",
		"artistId": 49,
		"artistName": "空中门训",
		"id": 49000163
	},
	{
		"time": "20151207",
		"title": "旧约圣经的研读：利未记（1）",
		"path": "http://txly2.net/ly/audio/2015/dp/dp151207.mp3",
		"duration": 1500,
		"size": "6.1M",
		"artistId": 49,
		"artistName": "空中门训",
		"id": 49000164
	},
	{
		"time": "20151208",
		"title": "灵修分享：弗1-3章",
		"path": "http://txly2.net/ly/audio/2015/dp/dp151208.mp3",
		"duration": 1500,
		"size": "6.1M",
		"artistId": 49,
		"artistName": "空中门训",
		"id": 49000165
	},
	{
		"time": "20151209",
		"title": "真理教导：主的晚餐",
		"path": "http://txly2.net/ly/audio/2015/dp/dp151209.mp3",
		"duration": 1500,
		"size": "6.1M",
		"artistId": 49,
		"artistName": "空中门训",
		"id": 49000166
	},
	{
		"time": "20151210",
		"title": "默想背诵经文：神的资源（3）神的能力",
		"path": "http://txly2.net/ly/audio/2015/dp/dp151210.mp3",
		"duration": 1500,
		"size": "6.1M",
		"artistId": 49,
		"artistName": "空中门训",
		"id": 49000167
	},
	{
		"time": "20151211",
		"title": "查经：约翰福音（8）第六章",
		"path": "http://txly2.net/ly/audio/2015/dp/dp151211.mp3",
		"duration": 1500,
		"size": "6.1M",
		"artistId": 49,
		"artistName": "空中门训",
		"id": 49000168
	},
	{
		"time": "20151214",
		"title": "旧约圣经的研读：利未记（2）",
		"path": "http://txly2.net/ly/audio/2015/dp/dp151214.mp3",
		"duration": 1500,
		"size": "6.1M",
		"artistId": 49,
		"artistName": "空中门训",
		"id": 49000169
	},
	{
		"time": "20151215",
		"title": "灵修分享：弗4-6章",
		"path": "http://txly2.net/ly/audio/2015/dp/dp151215.mp3",
		"duration": 1500,
		"size": "6.1M",
		"artistId": 49,
		"artistName": "空中门训",
		"id": 49000170
	},
	{
		"time": "20151216",
		"title": "真理教导：按立教会领袖的仪式",
		"path": "http://txly2.net/ly/audio/2015/dp/dp151216.mp3",
		"duration": 1500,
		"size": "6.1M",
		"artistId": 49,
		"artistName": "空中门训",
		"id": 49000171
	},
	{
		"time": "20151217",
		"title": "默想背诵经文：神的资源（4）神的智慧",
		"path": "http://txly2.net/ly/audio/2015/dp/dp151217.mp3",
		"duration": 1500,
		"size": "6.1M",
		"artistId": 49,
		"artistName": "空中门训",
		"id": 49000172
	},
	{
		"time": "20151218",
		"title": "查经：约翰福音（9）第七章",
		"path": "http://txly2.net/ly/audio/2015/dp/dp151218.mp3",
		"duration": 1500,
		"size": "6.1M",
		"artistId": 49,
		"artistName": "空中门训",
		"id": 49000173
	},
	{
		"time": "20151221",
		"title": "旧约圣经的研读：民数记（1）",
		"path": "http://txly2.net/ly/audio/2015/dp/dp151221.mp3",
		"duration": 1500,
		"size": "6.1M",
		"artistId": 49,
		"artistName": "空中门训",
		"id": 49000174
	},
	{
		"time": "20151222",
		"title": "灵修分享：腓1-4章",
		"path": "http://txly2.net/ly/audio/2015/dp/dp151222.mp3",
		"duration": 1500,
		"size": "6.1M",
		"artistId": 49,
		"artistName": "空中门训",
		"id": 49000175
	},
	{
		"time": "20151223",
		"title": "真理教导：基督教的结婚仪式",
		"path": "http://txly2.net/ly/audio/2015/dp/dp151223.mp3",
		"duration": 1500,
		"size": "6.1M",
		"artistId": 49,
		"artistName": "空中门训",
		"id": 49000176
	},
	{
		"time": "20151224",
		"title": "默想背诵经文：神的资源（5）神的医治",
		"path": "http://txly2.net/ly/audio/2015/dp/dp151224.mp3",
		"duration": 1500,
		"size": "6.1M",
		"artistId": 49,
		"artistName": "空中门训",
		"id": 49000177
	},
	{
		"time": "20151225",
		"title": "查经：约翰福音（10）第八章",
		"path": "http://txly2.net/ly/audio/2015/dp/dp151225.mp3",
		"duration": 1500,
		"size": "6.1M",
		"artistId": 49,
		"artistName": "空中门训",
		"id": 49000178
	},
	{
		"time": "20151228",
		"title": "旧约圣经的研读：民数记（2）",
		"path": "http://txly2.net/ly/audio/2015/dp/dp151228.mp3",
		"duration": 1500,
		"size": "6.1M",
		"artistId": 49,
		"artistName": "空中门训",
		"id": 49000179
	},
	{
		"time": "20151229",
		"title": "灵修分享：西1-4章",
		"path": "http://txly2.net/ly/audio/2015/dp/dp151229.mp3",
		"duration": 1500,
		"size": "6.1M",
		"artistId": 49,
		"artistName": "空中门训",
		"id": 49000180
	},
	{
		"time": "20151230",
		"title": "真理教导：基督教的葬礼",
		"path": "http://txly2.net/ly/audio/2015/dp/dp151230.mp3",
		"duration": 1500,
		"size": "6.1M",
		"artistId": 49,
		"artistName": "空中门训",
		"id": 49000181
	},
	{
		"time": "20151231",
		"title": "默想背诵经文：男女关系（1）双方都是信徒",
		"path": "http://txly2.net/ly/audio/2015/dp/dp151231.mp3",
		"duration": 1500,
		"size": "6.1M",
		"artistId": 49,
		"artistName": "空中门训",
		"id": 49000182
	},
	{
		"time": "20160101",
		"title": "查经：约翰福音（11）第九章",
		"path": "http://txly2.net/ly/audio/2016/dp/dp160101.mp3",
		"duration": 1500,
		"size": "6.1M",
		"artistId": 49,
		"artistName": "空中门训",
		"id": 49000183
	},
	{
		"time": "20160104",
		"title": "旧约圣经的研读：申命记（1）",
		"path": "http://txly2.net/ly/audio/2016/dp/dp160104.mp3",
		"duration": 1500,
		"size": "6.1M",
		"artistId": 49,
		"artistName": "空中门训",
		"id": 49000184
	},
	{
		"time": "20160105",
		"title": "灵修分享：帖前1-4章",
		"path": "http://txly2.net/ly/audio/2016/dp/dp160105.mp3",
		"duration": 1500,
		"size": "6.1M",
		"artistId": 49,
		"artistName": "空中门训",
		"id": 49000185
	},
	{
		"time": "20160106",
		"title": "真理教导：祖先",
		"path": "http://txly2.net/ly/audio/2016/dp/dp160106.mp3",
		"duration": 1500,
		"size": "6.1M",
		"artistId": 49,
		"artistName": "空中门训",
		"id": 49000186
	},
	{
		"time": "20160107",
		"title": "默想背诵经文：男女关系（2）生命有同一目标",
		"path": "http://txly2.net/ly/audio/2016/dp/dp160107.mp3",
		"duration": 1500,
		"size": "6.1M",
		"artistId": 49,
		"artistName": "空中门训",
		"id": 49000187
	},
	{
		"time": "20160108",
		"title": "查经：约翰福音（12）第十章",
		"path": "http://txly2.net/ly/audio/2016/dp/dp160108.mp3",
		"duration": 1500,
		"size": "6.1M",
		"artistId": 49,
		"artistName": "空中门训",
		"id": 49000188
	},
	{
		"time": "20160111",
		"title": "旧约圣经的研读：申命记（2）",
		"path": "http://txly2.net/ly/audio/2016/dp/dp160111.mp3",
		"duration": 1500,
		"size": "6.1M",
		"artistId": 49,
		"artistName": "空中门训",
		"id": 49000189
	},
	{
		"time": "20160112",
		"title": "灵修分享：帖前5章、帖后1-3章",
		"path": "http://txly2.net/ly/audio/2016/dp/dp160112.mp3",
		"duration": 1500,
		"size": "6.1M",
		"artistId": 49,
		"artistName": "空中门训",
		"id": 49000190
	},
	{
		"time": "20160113",
		"title": "真理教导：养育儿女（1）",
		"path": "http://txly2.net/ly/audio/2016/dp/dp160113.mp3",
		"duration": 1500,
		"size": "6.1M",
		"artistId": 49,
		"artistName": "空中门训",
		"id": 49000191
	},
	{
		"time": "20160114",
		"title": "默想背诵经文：男女关系（3）自制",
		"path": "http://txly2.net/ly/audio/2016/dp/dp160114.mp3",
		"duration": 1500,
		"size": "6.1M",
		"artistId": 49,
		"artistName": "空中门训",
		"id": 49000192
	},
	{
		"time": "20160115",
		"title": "查经：约翰福音（13）第十一章",
		"path": "http://txly2.net/ly/audio/2016/dp/dp160115.mp3",
		"duration": 1500,
		"size": "6.1M",
		"artistId": 49,
		"artistName": "空中门训",
		"id": 49000193
	},
	{
		"time": "20160118",
		"title": "新约圣经的研读：新约的起源（1）",
		"path": "http://txly2.net/ly/audio/2016/dp/dp160118.mp3",
		"duration": 1500,
		"size": "6.1M",
		"artistId": 49,
		"artistName": "空中门训",
		"id": 49000194
	},
	{
		"time": "20160119",
		"title": "灵修分享：提前1-3章",
		"path": "http://txly2.net/ly/audio/2016/dp/dp160119.mp3",
		"duration": 1500,
		"size": "6.1M",
		"artistId": 49,
		"artistName": "空中门训",
		"id": 49000195
	},
	{
		"time": "20160120",
		"title": "真理教导：养育儿女（2）",
		"path": "http://txly2.net/ly/audio/2016/dp/dp160120.mp3",
		"duration": 1500,
		"size": "6.1M",
		"artistId": 49,
		"artistName": "空中门训",
		"id": 49000196
	},
	{
		"time": "20160121",
		"title": "默想背诵经文：男女关系（4）合适的时候",
		"path": "http://txly2.net/ly/audio/2016/dp/dp160121.mp3",
		"duration": 1500,
		"size": "6.1M",
		"artistId": 49,
		"artistName": "空中门训",
		"id": 49000197
	},
	{
		"time": "20160122",
		"title": "查经：约翰福音（14）第十二章",
		"path": "http://txly2.net/ly/audio/2016/dp/dp160122.mp3",
		"duration": 1500,
		"size": "6.1M",
		"artistId": 49,
		"artistName": "空中门训",
		"id": 49000198
	},
	{
		"time": "20160125",
		"title": "新约圣经的研读：新约的起源（2）",
		"path": "http://txly2.net/ly/audio/2016/dp/dp160125.mp3",
		"duration": 1500,
		"size": "6.1M",
		"artistId": 49,
		"artistName": "空中门训",
		"id": 49000199
	},
	{
		"time": "20160126",
		"title": "灵修分享：提前4-6章",
		"path": "http://txly2.net/ly/audio/2016/dp/dp160126.mp3",
		"duration": 1500,
		"size": "6.1M",
		"artistId": 49,
		"artistName": "空中门训",
		"id": 49000200
	},
	{
		"time": "20160127",
		"title": "真理教导：以个人的帮助来训练基督徒",
		"path": "http://txly2.net/ly/audio/2016/dp/dp160127.mp3",
		"duration": 1500,
		"size": "6.1M",
		"artistId": 49,
		"artistName": "空中门训",
		"id": 49000201
	},
	{
		"time": "20160128",
		"title": "默想背诵经文：男女关系（5）正确的优先次序",
		"path": "http://txly2.net/ly/audio/2016/dp/dp160128.mp3",
		"duration": 1500,
		"size": "6.1M",
		"artistId": 49,
		"artistName": "空中门训",
		"id": 49000202
	},
	{
		"time": "20160129",
		"title": "查经：约翰福音（15）第十三章",
		"path": "http://txly2.net/ly/audio/2016/dp/dp160129.mp3",
		"duration": 1500,
		"size": "6.1M",
		"artistId": 49,
		"artistName": "空中门训",
		"id": 49000203
	},
	{
		"time": "20160201",
		"title": "新约圣经的研读：新约的起源（3）",
		"path": "http://txly2.net/ly/audio/2016/dp/dp160201.mp3",
		"duration": 1500,
		"size": "6.1M",
		"artistId": 49,
		"artistName": "空中门训",
		"id": 49000204
	},
	{
		"time": "20160202",
		"title": "灵修分享：提后1-4章",
		"path": "http://txly2.net/ly/audio/2016/dp/dp160202.mp3",
		"duration": 1500,
		"size": "6.1M",
		"artistId": 49,
		"artistName": "空中门训",
		"id": 49000205
	},
	{
		"time": "20160203",
		"title": "真理教导：训练基督徒倍增",
		"path": "http://txly2.net/ly/audio/2016/dp/dp160203.mp3",
		"duration": 1500,
		"size": "6.1M",
		"artistId": 49,
		"artistName": "空中门训",
		"id": 49000206
	},
	{
		"time": "20160204",
		"title": "默想背诵经文：基督徒婚姻（1）离开与连合",
		"path": "http://txly2.net/ly/audio/2016/dp/dp160204.mp3",
		"duration": 1500,
		"size": "6.1M",
		"artistId": 49,
		"artistName": "空中门训",
		"id": 49000207
	},
	{
		"time": "20160205",
		"title": "查经：约翰福音（16）第十四章",
		"path": "http://txly2.net/ly/audio/2016/dp/dp160205.mp3",
		"duration": 1500,
		"size": "6.1M",
		"artistId": 49,
		"artistName": "空中门训",
		"id": 49000208
	},
	{
		"time": "20160208",
		"title": "新约圣经的研读：新约的起源（4）",
		"path": "http://txly2.net/ly/audio/2016/dp/dp160208.mp3",
		"duration": 1500,
		"size": "6.1M",
		"artistId": 49,
		"artistName": "空中门训",
		"id": 49000209
	},
	{
		"time": "20160209",
		"title": "灵修分享：多1-3章",
		"path": "http://txly2.net/ly/audio/2016/dp/dp160209.mp3",
		"duration": 1500,
		"size": "6.1M",
		"artistId": 49,
		"artistName": "空中门训",
		"id": 49000210
	},
	{
		"time": "20160210",
		"title": "真理教导：训练基督徒出意见和决定",
		"path": "http://txly2.net/ly/audio/2016/dp/dp160210.mp3",
		"duration": 1500,
		"size": "6.1M",
		"artistId": 49,
		"artistName": "空中门训",
		"id": 49000211
	},
	{
		"time": "20160211",
		"title": "默想背诵经文：基督徒婚姻（2）爱与带领",
		"path": "http://txly2.net/ly/audio/2016/dp/dp160211.mp3",
		"duration": 1500,
		"size": "6.1M",
		"artistId": 49,
		"artistName": "空中门训",
		"id": 49000212
	},
	{
		"time": "20160212",
		"title": "查经：约翰福音（17）第十五章",
		"path": "http://txly2.net/ly/audio/2016/dp/dp160212.mp3",
		"duration": 1500,
		"size": "6.1M",
		"artistId": 49,
		"artistName": "空中门训",
		"id": 49000213
	},
	{
		"time": "20160215",
		"title": "新约圣经的研读：马太福音（1）",
		"path": "http://txly2.net/ly/audio/2016/dp/dp160215.mp3",
		"duration": 1500,
		"size": "6.1M",
		"artistId": 49,
		"artistName": "空中门训",
		"id": 49000214
	},
	{
		"time": "20160216",
		"title": "灵修分享：来7-8章",
		"path": "http://txly2.net/ly/audio/2016/dp/dp160216.mp3",
		"duration": 1500,
		"size": "6.1M",
		"artistId": 49,
		"artistName": "空中门训",
		"id": 49000215
	},
	{
		"time": "20160217",
		"title": "真理教导：训练基督徒施行管教及使认罪悔改的人重新站起来",
		"path": "http://txly2.net/ly/audio/2016/dp/dp160217.mp3",
		"duration": 1500,
		"size": "6.1M",
		"artistId": 49,
		"artistName": "空中门训",
		"id": 49000216
	},
	{
		"time": "20160218",
		"title": "默想背诵经文：基督徒婚姻（3）爱与顺服",
		"path": "http://txly2.net/ly/audio/2016/dp/dp160218.mp3",
		"duration": 1500,
		"size": "6.1M",
		"artistId": 49,
		"artistName": "空中门训",
		"id": 49000217
	},
	{
		"time": "20160219",
		"title": "查经：约翰福音（18）第十六章",
		"path": "http://txly2.net/ly/audio/2016/dp/dp160219.mp3",
		"duration": 1500,
		"size": "6.1M",
		"artistId": 49,
		"artistName": "空中门训",
		"id": 49000218
	},
	{
		"time": "20160222",
		"title": "新约圣经的研读：马太福音（2）",
		"path": "http://txly2.net/ly/audio/2016/dp/dp160222.mp3",
		"duration": 1500,
		"size": "6.1M",
		"artistId": 49,
		"artistName": "空中门训",
		"id": 49000219
	},
	{
		"time": "20160223",
		"title": "灵修分享：来9-10章",
		"path": "http://txly2.net/ly/audio/2016/dp/dp160223.mp3",
		"duration": 1500,
		"size": "6.1M",
		"artistId": 49,
		"artistName": "空中门训",
		"id": 49000220
	},
	{
		"time": "20160224",
		"title": "真理教导：离婚与重婚",
		"path": "http://txly2.net/ly/audio/2016/dp/dp160224.mp3",
		"duration": 1500,
		"size": "6.1M",
		"artistId": 49,
		"artistName": "空中门训",
		"id": 49000221
	},
	{
		"time": "20160225",
		"title": "默想背诵经文：基督徒婚姻（4）化解冲突",
		"path": "http://txly2.net/ly/audio/2016/dp/dp160225.mp3",
		"duration": 1500,
		"size": "6.1M",
		"artistId": 49,
		"artistName": "空中门训",
		"id": 49000222
	},
	{
		"time": "20160226",
		"title": "查经：约翰福音（19）第十七章",
		"path": "http://txly2.net/ly/audio/2016/dp/dp160226.mp3",
		"duration": 1500,
		"size": "6.1M",
		"artistId": 49,
		"artistName": "空中门训",
		"id": 49000223
	},
	{
		"time": "20160229",
		"title": "新约圣经的研读：马太福音（3）",
		"path": "http://txly2.net/ly/audio/2016/dp/dp160229.mp3",
		"duration": 1500,
		"size": "6.1M",
		"artistId": 49,
		"artistName": "空中门训",
		"id": 49000224
	},
	{
		"time": "20160301",
		"title": "灵修分享：雅1-5章",
		"path": "http://txly2.net/ly/audio/2016/dp/dp160301.mp3",
		"duration": 1500,
		"size": "6.1M",
		"artistId": 49,
		"artistName": "空中门训",
		"id": 49000225
	},
	{
		"time": "20160302",
		"title": "真理教导：金钱与诚实不当的处理",
		"path": "http://txly2.net/ly/audio/2016/dp/dp160302.mp3",
		"duration": 1500,
		"size": "6.1M",
		"artistId": 49,
		"artistName": "空中门训",
		"id": 49000226
	},
	{
		"time": "20160303",
		"title": "默想背诵经文：基督徒婚姻（5）保持忠贞",
		"path": "http://txly2.net/ly/audio/2016/dp/dp160303.mp3",
		"duration": 1500,
		"size": "6.1M",
		"artistId": 49,
		"artistName": "空中门训",
		"id": 49000227
	},
	{
		"time": "20160304",
		"title": "查经：约翰福音（20）第十八章",
		"path": "http://txly2.net/ly/audio/2016/dp/dp160304.mp3",
		"duration": 1500,
		"size": "6.1M",
		"artistId": 49,
		"artistName": "空中门训",
		"id": 49000228
	},
	{
		"time": "20160307",
		"title": "新约圣经的研读：马可福音（1）",
		"path": "http://txly2.net/ly/audio/2016/dp/dp160307.mp3",
		"duration": 1500,
		"size": "6.1M",
		"artistId": 49,
		"artistName": "空中门训",
		"id": 49000229
	},
	{
		"time": "20160308",
		"title": "灵修分享：彼前1-5章",
		"path": "http://txly2.net/ly/audio/2016/dp/dp160308.mp3",
		"duration": 1500,
		"size": "6.1M",
		"artistId": 49,
		"artistName": "空中门训",
		"id": 49000230
	},
	{
		"time": "20160309",
		"title": "查经：约翰福音（21）第十九章",
		"path": "http://txly2.net/ly/audio/2016/dp/dp160309.mp3",
		"duration": 1500,
		"size": "6.1M",
		"artistId": 49,
		"artistName": "空中门训",
		"id": 49000231
	},
	{
		"time": "20160310",
		"title": "新约圣经的研读：马可福音（2）",
		"path": "http://txly2.net/ly/audio/2016/dp/dp160310.mp3",
		"duration": 1500,
		"size": "6.1M",
		"artistId": 49,
		"artistName": "空中门训",
		"id": 49000232
	},
	{
		"time": "20160311",
		"title": "灵修分享：彼后1-3章",
		"path": "http://txly2.net/ly/audio/2016/dp/dp160311.mp3",
		"duration": 1500,
		"size": "6.1M",
		"artistId": 49,
		"artistName": "空中门训",
		"id": 49000233
	},
	{
		"time": "20160314",
		"title": "真理教导：魔鬼附身和属灵争战",
		"path": "http://txly2.net/ly/audio/2016/dp/dp160314.mp3",
		"duration": 1500,
		"size": "6.1M",
		"artistId": 49,
		"artistName": "空中门训",
		"id": 49000234
	},
	{
		"time": "20160315",
		"title": "默想背诵经文：基督徒父母（1）全人教导",
		"path": "http://txly2.net/ly/audio/2016/dp/dp160315.mp3",
		"duration": 1500,
		"size": "6.1M",
		"artistId": 49,
		"artistName": "空中门训",
		"id": 49000235
	},
	{
		"time": "20160316",
		"title": "查经：约翰福音（22）第二十章",
		"path": "http://txly2.net/ly/audio/2016/dp/dp160316.mp3",
		"duration": 1500,
		"size": "6.1M",
		"artistId": 49,
		"artistName": "空中门训",
		"id": 49000236
	},
	{
		"time": "20160317",
		"title": "新约圣经的研读：路加福音（1）",
		"path": "http://txly2.net/ly/audio/2016/dp/dp160317.mp3",
		"duration": 1500,
		"size": "6.1M",
		"artistId": 49,
		"artistName": "空中门训",
		"id": 49000237
	},
	{
		"time": "20160318",
		"title": "灵修分享：约壹1-5章",
		"path": "http://txly2.net/ly/audio/2016/dp/dp160318.mp3",
		"duration": 1500,
		"size": "6.1M",
		"artistId": 49,
		"artistName": "空中门训",
		"id": 49000238
	},
	{
		"time": "20160321",
		"title": "真理教导：邪灵和属灵争战",
		"path": "http://txly2.net/ly/audio/2016/dp/dp160321.mp3",
		"duration": 1500,
		"size": "6.1M",
		"artistId": 49,
		"artistName": "空中门训",
		"id": 49000239
	},
	{
		"time": "20160322",
		"title": "默想背诵经文：基督徒父母（2）教导神的话",
		"path": "http://txly2.net/ly/audio/2016/dp/dp160322.mp3",
		"duration": 1500,
		"size": "6.1M",
		"artistId": 49,
		"artistName": "空中门训",
		"id": 49000240
	},
	{
		"time": "20160323",
		"title": "查经：约翰福音（23）第二十一章",
		"path": "http://txly2.net/ly/audio/2016/dp/dp160323.mp3",
		"duration": 1500,
		"size": "6.1M",
		"artistId": 49,
		"artistName": "空中门训",
		"id": 49000241
	},
	{
		"time": "20160324",
		"title": "新约圣经的研读：路加福音（2）",
		"path": "http://txly2.net/ly/audio/2016/dp/dp160324.mp3",
		"duration": 1500,
		"size": "6.1M",
		"artistId": 49,
		"artistName": "空中门训",
		"id": 49000242
	},
	{
		"time": "20160325",
		"title": "灵修分享：启1章",
		"path": "http://txly2.net/ly/audio/2016/dp/dp160325.mp3",
		"duration": 1500,
		"size": "6.1M",
		"artistId": 49,
		"artistName": "空中门训",
		"id": 49000243
	},
	{
		"time": "20160328",
		"title": "真理教导：受苦和神的计划",
		"path": "http://txly2.net/ly/audio/2016/dp/dp160328.mp3",
		"duration": 1500,
		"size": "6.1M",
		"artistId": 49,
		"artistName": "空中门训",
		"id": 49000244
	},
	{
		"time": "20160329",
		"title": "默想背诵经文：基督徒父母（3）在主里养育子女",
		"path": "http://txly2.net/ly/audio/2016/dp/dp160329.mp3",
		"duration": 1500,
		"size": "6.1M",
		"artistId": 49,
		"artistName": "空中门训",
		"id": 49000245
	},
	{
		"time": "20160330",
		"title": "查经：约翰福音（24）纲要",
		"path": "http://txly2.net/ly/audio/2016/dp/dp160330.mp3",
		"duration": 1500,
		"size": "6.1M",
		"artistId": 49,
		"artistName": "空中门训",
		"id": 49000246
	},
	{
		"time": "20160331",
		"title": "新约圣经的研读：路加福音（3）",
		"path": "http://txly2.net/ly/audio/2016/dp/dp160331.mp3",
		"duration": 1500,
		"size": "6.1M",
		"artistId": 49,
		"artistName": "空中门训",
		"id": 49000247
	},
	{
		"time": "20160401",
		"title": "灵修分享：启2-3章",
		"path": "http://txly2.net/ly/audio/2016/dp/dp160401.mp3",
		"duration": 1500,
		"size": "6.1M",
		"artistId": 49,
		"artistName": "空中门训",
		"id": 49000248
	},
	{
		"time": "20160404",
		"title": "讲道示范：洗礼",
		"path": "http://txly2.net/ly/audio/2016/dp/dp160404.mp3",
		"duration": 1500,
		"size": "6.1M",
		"artistId": 49,
		"artistName": "空中门训",
		"id": 49000249
	},
	{
		"time": "20160405",
		"title": "讲道示范：圣餐礼",
		"path": "http://txly2.net/ly/audio/2016/dp/dp160405.mp3",
		"duration": 1500,
		"size": "6.1M",
		"artistId": 49,
		"artistName": "空中门训",
		"id": 49000250
	},
	{
		"time": "20160406",
		"title": "讲道示范：按立长老、执事典礼",
		"path": "http://txly2.net/ly/audio/2016/dp/dp160406.mp3",
		"duration": 1500,
		"size": "6.1M",
		"artistId": 49,
		"artistName": "空中门训",
		"id": 49000251
	},
	{
		"time": "20160407",
		"title": "讲道示范：婚礼",
		"path": "http://txly2.net/ly/audio/2016/dp/dp160407.mp3",
		"duration": 1500,
		"size": "6.1M",
		"artistId": 49,
		"artistName": "空中门训",
		"id": 49000252
	},
	{
		"time": "20160408",
		"title": "讲道示范：丧礼",
		"path": "http://txly2.net/ly/audio/2016/dp/dp160408.mp3",
		"duration": 1500,
		"size": "6.1M",
		"artistId": 49,
		"artistName": "空中门训",
		"id": 49000253
	},
	{
		"time": "20160411",
		"title": "讲道示范：圣诞节",
		"path": "http://txly2.net/ly/audio/2016/dp/dp160411.mp3",
		"duration": 1500,
		"size": "6.1M",
		"artistId": 49,
		"artistName": "空中门训",
		"id": 49000254
	},
	{
		"time": "20160412",
		"title": "讲道示范：基督受难节",
		"path": "http://txly2.net/ly/audio/2016/dp/dp160412.mp3",
		"duration": 1500,
		"size": "6.1M",
		"artistId": 49,
		"artistName": "空中门训",
		"id": 49000255
	},
	{
		"time": "20160413",
		"title": "讲道示范：基督复活节",
		"path": "http://txly2.net/ly/audio/2016/dp/dp160413.mp3",
		"duration": 1500,
		"size": "6.1M",
		"artistId": 49,
		"artistName": "空中门训",
		"id": 49000256
	},
	{
		"time": "20160414",
		"title": "讲道示范：五旬节",
		"path": "http://txly2.net/ly/audio/2016/dp/dp160414.mp3",
		"duration": 1500,
		"size": "6.1M",
		"artistId": 49,
		"artistName": "空中门训",
		"id": 49000257
	},
	{
		"time": "20160415",
		"title": "讲道示范：医病的服事",
		"path": "http://txly2.net/ly/audio/2016/dp/dp160415.mp3",
		"duration": 1500,
		"size": "6.1M",
		"artistId": 49,
		"artistName": "空中门训",
		"id": 49000258
	},
	{
		"time": "20160418",
		"title": "真理教导：耶稣的比喻（1）撒种的比喻",
		"path": "http://txly2.net/ly/audio/2016/dp/dp160418.mp3",
		"duration": 1500,
		"size": "6.1M",
		"artistId": 49,
		"artistName": "空中门训",
		"id": 49000259
	},
	{
		"time": "20160419",
		"title": "旧约圣经的研读：约书亚记",
		"path": "http://txly2.net/ly/audio/2016/dp/dp160419.mp3",
		"duration": 1500,
		"size": "6.1M",
		"artistId": 49,
		"artistName": "空中门训",
		"id": 49000260
	},
	{
		"time": "20160420",
		"title": "查经：罗马书（1）罗1:1-17",
		"path": "http://txly2.net/ly/audio/2016/dp/dp160420.mp3",
		"duration": 1500,
		"size": "6.1M",
		"artistId": 49,
		"artistName": "空中门训",
		"id": 49000261
	},
	{
		"time": "20160421",
		"title": "新约圣经的研读：约翰福音（1）导论",
		"path": "http://txly2.net/ly/audio/2016/dp/dp160421.mp3",
		"duration": 1500,
		"size": "6.1M",
		"artistId": 49,
		"artistName": "空中门训",
		"id": 49000262
	},
	{
		"time": "20160422",
		"title": "灵修分享：创22、24、32及45章",
		"path": "http://txly2.net/ly/audio/2016/dp/dp160422.mp3",
		"duration": 1500,
		"size": "6.1M",
		"artistId": 49,
		"artistName": "空中门训",
		"id": 49000263
	},
	{
		"time": "20160425",
		"title": "真理教导：耶稣的比喻（2）神国使者的比喻",
		"path": "http://txly2.net/ly/audio/2016/dp/dp160425.mp3",
		"duration": 1500,
		"size": "6.1M",
		"artistId": 49,
		"artistName": "空中门训",
		"id": 49000264
	},
	{
		"time": "20160426",
		"title": "旧约圣经的研读：士师记",
		"path": "http://txly2.net/ly/audio/2016/dp/dp160426.mp3",
		"duration": 1500,
		"size": "6.1M",
		"artistId": 49,
		"artistName": "空中门训",
		"id": 49000265
	},
	{
		"time": "20160427",
		"title": "查经：罗马书（2）罗1:18-32",
		"path": "http://txly2.net/ly/audio/2016/dp/dp160427.mp3",
		"duration": 1500,
		"size": "6.1M",
		"artistId": 49,
		"artistName": "空中门训",
		"id": 49000266
	},
	{
		"time": "20160428",
		"title": "新约圣经的研读：约翰福音（2）耶稣公开的工作",
		"path": "http://txly2.net/ly/audio/2016/dp/dp160428.mp3",
		"duration": 1500,
		"size": "6.1M",
		"artistId": 49,
		"artistName": "空中门训",
		"id": 49000267
	},
	{
		"time": "20160429",
		"title": "灵修分享：出18、20、32-33章",
		"path": "http://txly2.net/ly/audio/2016/dp/dp160429.mp3",
		"duration": 1500,
		"size": "6.1M",
		"artistId": 49,
		"artistName": "空中门训",
		"id": 49000268
	},
	{
		"time": "20160502",
		"title": "真理教导：耶稣的比喻（3）稗子的比喻",
		"path": "http://txly2.net/ly/audio/2016/dp/dp160502.mp3",
		"duration": 1500,
		"size": "6.1M",
		"artistId": 49,
		"artistName": "空中门训",
		"id": 49000269
	},
	{
		"time": "20160503",
		"title": "旧约圣经的研读：撒母耳记上、下",
		"path": "http://txly2.net/ly/audio/2016/dp/dp160503.mp3",
		"duration": 1500,
		"size": "6.1M",
		"artistId": 49,
		"artistName": "空中门训",
		"id": 49000270
	},
	{
		"time": "20160504",
		"title": "查经：罗马书（3）罗2:1-16",
		"path": "http://txly2.net/ly/audio/2016/dp/dp160504.mp3",
		"duration": 1500,
		"size": "6.1M",
		"artistId": 49,
		"artistName": "空中门训",
		"id": 49000271
	},
	{
		"time": "20160505",
		"title": "新约圣经的研读：使徒行传（1）导论",
		"path": "http://txly2.net/ly/audio/2016/dp/dp160505.mp3",
		"duration": 1500,
		"size": "6.1M",
		"artistId": 49,
		"artistName": "空中门训",
		"id": 49000272
	},
	{
		"time": "20160506",
		"title": "灵修分享：申4-10章",
		"path": "http://txly2.net/ly/audio/2016/dp/dp160506.mp3",
		"duration": 1500,
		"size": "6.1M",
		"artistId": 49,
		"artistName": "空中门训",
		"id": 49000273
	},
	{
		"time": "20160509",
		"title": "真理教导：耶稣的比喻（4）种子生长的比喻",
		"path": "http://txly2.net/ly/audio/2016/dp/dp160509.mp3",
		"duration": 1500,
		"size": "6.1M",
		"artistId": 49,
		"artistName": "空中门训",
		"id": 49000274
	},
	{
		"time": "20160510",
		"title": "旧约圣经的研读：列王纪上、下",
		"path": "http://txly2.net/ly/audio/2016/dp/dp160510.mp3",
		"duration": 1500,
		"size": "6.1M",
		"artistId": 49,
		"artistName": "空中门训",
		"id": 49000275
	},
	{
		"time": "20160511",
		"title": "查经：罗马书（4）罗2:14-29",
		"path": "http://txly2.net/ly/audio/2016/dp/dp160511.mp3",
		"duration": 1500,
		"size": "6.1M",
		"artistId": 49,
		"artistName": "空中门训",
		"id": 49000276
	},
	{
		"time": "20160512",
		"title": "新约圣经的研读：使徒行传（2）段落和主要的信息",
		"path": "http://txly2.net/ly/audio/2016/dp/dp160512.mp3",
		"duration": 1500,
		"size": "6.1M",
		"artistId": 49,
		"artistName": "空中门训",
		"id": 49000277
	},
	{
		"time": "20160513",
		"title": "灵修分享：士7、13-16章",
		"path": "http://txly2.net/ly/audio/2016/dp/dp160513.mp3",
		"duration": 1500,
		"size": "6.1M",
		"artistId": 49,
		"artistName": "空中门训",
		"id": 49000278
	},
	{
		"time": "20160516",
		"title": "真理教导：耶稣的比喻（5）面酵和芥菜种的比喻",
		"path": "http://txly2.net/ly/audio/2016/dp/dp160516.mp3",
		"duration": 1500,
		"size": "6.1M",
		"artistId": 49,
		"artistName": "空中门训",
		"id": 49000279
	},
	{
		"time": "20160517",
		"title": "旧约圣经的研读：历代志上、下",
		"path": "http://txly2.net/ly/audio/2016/dp/dp160517.mp3",
		"duration": 1500,
		"size": "6.1M",
		"artistId": 49,
		"artistName": "空中门训",
		"id": 49000280
	},
	{
		"time": "20160518",
		"title": "查经：罗马书（5）罗3:1-20",
		"path": "http://txly2.net/ly/audio/2016/dp/dp160518.mp3",
		"duration": 1500,
		"size": "6.1M",
		"artistId": 49,
		"artistName": "空中门训",
		"id": 49000281
	},
	{
		"time": "20160519",
		"title": "灵修分享：撒上2-3、8和15-18章",
		"path": "http://txly2.net/ly/audio/2016/dp/dp160519.mp3",
		"duration": 1500,
		"size": "6.1M",
		"artistId": 49,
		"artistName": "空中门训",
		"id": 49000282
	},
	{
		"time": "20160520",
		"title": "真理教导：耶稣的比喻（6）藏宝的比喻和寻珠的比喻",
		"path": "http://txly2.net/ly/audio/2016/dp/dp160520.mp3",
		"duration": 1500,
		"size": "6.1M",
		"artistId": 49,
		"artistName": "空中门训",
		"id": 49000283
	},
	{
		"time": "20160523",
		"title": "旧约圣经的研读：约伯记",
		"path": "http://txly2.net/ly/audio/2016/dp/dp160523.mp3",
		"duration": 1500,
		"size": "6.1M",
		"artistId": 49,
		"artistName": "空中门训",
		"id": 49000284
	},
	{
		"time": "20160524",
		"title": "查经：罗马书（6）罗3:21-31",
		"path": "http://txly2.net/ly/audio/2016/dp/dp160524.mp3",
		"duration": 1500,
		"size": "6.1M",
		"artistId": 49,
		"artistName": "空中门训",
		"id": 49000285
	},
	{
		"time": "20160525",
		"title": "新约圣经的研读：罗马书──段落和主要的信息",
		"path": "http://txly2.net/ly/audio/2016/dp/dp160525.mp3",
		"duration": 1500,
		"size": "6.1M",
		"artistId": 49,
		"artistName": "空中门训",
		"id": 49000286
	},
	{
		"time": "20160526",
		"title": "灵修分享：撒下5-7、11-13和24章",
		"path": "http://txly2.net/ly/audio/2016/dp/dp160526.mp3",
		"duration": 1500,
		"size": "6.1M",
		"artistId": 49,
		"artistName": "空中门训",
		"id": 49000287
	},
	{
		"time": "20160527",
		"title": "真理教导：耶稣的比喻（7）婚宴的比喻",
		"path": "http://txly2.net/ly/audio/2016/dp/dp160527.mp3",
		"duration": 1500,
		"size": "6.1M",
		"artistId": 49,
		"artistName": "空中门训",
		"id": 49000288
	},
	{
		"time": "20160530",
		"title": "旧约圣经的研读：诗篇（1）",
		"path": "http://txly2.net/ly/audio/2016/dp/dp160530.mp3",
		"duration": 1500,
		"size": "6.1M",
		"artistId": 49,
		"artistName": "空中门训",
		"id": 49000289
	},
	{
		"time": "20160531",
		"title": "查经：罗马书（7）罗4:1-16",
		"path": "http://txly2.net/ly/audio/2016/dp/dp160531.mp3",
		"duration": 1500,
		"size": "6.1M",
		"artistId": 49,
		"artistName": "空中门训",
		"id": 49000290
	},
	{
		"time": "20160601",
		"path": "http://txly2.net/ly/audio/2016/dp/dp160601.mp3",
		"duration": 1500,
		"size": "6.1M",
		"artistId": 49,
		"artistName": "空中门训",
		"id": 49000291
	},
	{
		"time": "20160602",
		"title": "灵修分享：王上3、11、18章；王下5、6、17、25章",
		"path": "http://txly2.net/ly/audio/2016/dp/dp160602.mp3",
		"duration": 1500,
		"size": "6.1M",
		"artistId": 49,
		"artistName": "空中门训",
		"id": 49000292
	},
	{
		"time": "20160603",
		"title": "真理教导：耶稣的比喻（8）两个儿子的比喻、不结果的无花果树的比喻",
		"path": "http://txly2.net/ly/audio/2016/dp/dp160603.mp3",
		"duration": 1500,
		"size": "6.1M",
		"artistId": 49,
		"artistName": "空中门训",
		"id": 49000293
	},
	{
		"time": "20160606",
		"title": "旧约圣经的研读：诗篇（2）",
		"path": "http://txly2.net/ly/audio/2016/dp/dp160606.mp3",
		"duration": 1500,
		"size": "6.1M",
		"artistId": 49,
		"artistName": "空中门训",
		"id": 49000294
	},
	{
		"time": "20160607",
		"title": "查经：罗马书（8）罗4:17-25",
		"path": "http://txly2.net/ly/audio/2016/dp/dp160607.mp3",
		"duration": 1500,
		"size": "6.1M",
		"artistId": 49,
		"artistName": "空中门训",
		"id": 49000295
	},
	{
		"time": "20160608",
		"title": "新约圣经的研读：哥林多前书（2）特点和主要的信息",
		"path": "http://txly2.net/ly/audio/2016/dp/dp160608.mp3",
		"duration": 1500,
		"size": "6.1M",
		"artistId": 49,
		"artistName": "空中门训",
		"id": 49000296
	},
	{
		"time": "20160609",
		"title": "灵修分享：代下16、20、26、32-34和36章",
		"path": "http://txly2.net/ly/audio/2016/dp/dp160609.mp3",
		"duration": 1500,
		"size": "6.1M",
		"artistId": 49,
		"artistName": "空中门训",
		"id": 49000297
	},
	{
		"time": "20160610",
		"title": "真理教导：耶稣的比喻（9）浪子的比喻",
		"path": "http://txly2.net/ly/audio/2016/dp/dp160610.mp3",
		"duration": 1500,
		"size": "6.1M",
		"artistId": 49,
		"artistName": "空中门训",
		"id": 49000298
	},
	{
		"time": "20160613",
		"title": "旧约圣经的研读：箴言（1）",
		"path": "http://txly2.net/ly/audio/2016/dp/dp160613.mp3",
		"duration": 1500,
		"size": "6.1M",
		"artistId": 49,
		"artistName": "空中门训",
		"id": 49000299
	},
	{
		"time": "20160614",
		"title": "查经：罗马书（9）罗5:1-11",
		"path": "http://txly2.net/ly/audio/2016/dp/dp160614.mp3",
		"duration": 1500,
		"size": "6.1M",
		"artistId": 49,
		"artistName": "空中门训",
		"id": 49000300
	},
	{
		"time": "20160615",
		"title": "新约圣经的研读：哥林多后书",
		"path": "http://txly2.net/ly/audio/2016/dp/dp160615.mp3",
		"duration": 1500,
		"size": "6.1M",
		"artistId": 49,
		"artistName": "空中门训",
		"id": 49000301
	},
	{
		"time": "20160616",
		"title": "灵修分享：诗1-2、5、8、10、14-15篇",
		"path": "http://txly2.net/ly/audio/2016/dp/dp160616.mp3",
		"duration": 1500,
		"size": "6.1M",
		"artistId": 49,
		"artistName": "空中门训",
		"id": 49000302
	},
	{
		"time": "20160617",
		"title": "真理教导：耶稣的比喻（10）好撒玛利亚人的比喻",
		"path": "http://txly2.net/ly/audio/2016/dp/dp160617.mp3",
		"duration": 1500,
		"size": "6.1M",
		"artistId": 49,
		"artistName": "空中门训",
		"id": 49000303
	},
	{
		"time": "20160620",
		"title": "旧约圣经的研读：箴言（2）",
		"path": "http://txly2.net/ly/audio/2016/dp/dp160620.mp3",
		"duration": 1500,
		"size": "6.1M",
		"artistId": 49,
		"artistName": "空中门训",
		"id": 49000304
	},
	{
		"time": "20160621",
		"title": "查经：罗马书（10）罗5:12-21",
		"path": "http://txly2.net/ly/audio/2016/dp/dp160621.mp3",
		"duration": 1500,
		"size": "6.1M",
		"artistId": 49,
		"artistName": "空中门训",
		"id": 49000305
	},
	{
		"time": "20160622",
		"title": "新约圣经的研读：加拉太书",
		"path": "http://txly2.net/ly/audio/2016/dp/dp160622.mp3",
		"duration": 1500,
		"size": "6.1M",
		"artistId": 49,
		"artistName": "空中门训",
		"id": 49000306
	},
	{
		"time": "20160623",
		"title": "灵修分享：诗16、18-19、22-23、25-27篇",
		"path": "http://txly2.net/ly/audio/2016/dp/dp160623.mp3",
		"duration": 1500,
		"size": "6.1M",
		"artistId": 49,
		"artistName": "空中门训",
		"id": 49000307
	},
	{
		"time": "20160624",
		"title": "真理教导：耶稣的比喻（11）筵席留座",
		"path": "http://txly2.net/ly/audio/2016/dp/dp160624.mp3",
		"duration": 1500,
		"size": "6.1M",
		"artistId": 49,
		"artistName": "空中门训",
		"id": 49000308
	},
	{
		"time": "20160627",
		"title": "旧约圣经的研读：传道书（1）",
		"path": "http://txly2.net/ly/audio/2016/dp/dp160627.mp3",
		"duration": 1500,
		"size": "6.1M",
		"artistId": 49,
		"artistName": "空中门训",
		"id": 49000309
	},
	{
		"time": "20160628",
		"title": "查经：罗马书（11）罗6:1-11",
		"path": "http://txly2.net/ly/audio/2016/dp/dp160628.mp3",
		"duration": 1500,
		"size": "6.1M",
		"artistId": 49,
		"artistName": "空中门训",
		"id": 49000310
	},
	{
		"time": "20160629",
		"title": "新约圣经的研读：以弗所书",
		"path": "http://txly2.net/ly/audio/2016/dp/dp160629.mp3",
		"duration": 1500,
		"size": "6.1M",
		"artistId": 49,
		"artistName": "空中门训",
		"id": 49000311
	},
	{
		"time": "20160630",
		"title": "灵修分享：诗31-34、40和49篇",
		"path": "http://txly2.net/ly/audio/2016/dp/dp160630.mp3",
		"duration": 1500,
		"size": "6.1M",
		"artistId": 49,
		"artistName": "空中门训",
		"id": 49000312
	},
	{
		"time": "20160701",
		"title": "真理教导：耶稣的比喻（12）无怜悯心的仆人",
		"path": "http://txly2.net/ly/audio/2016/dp/dp160701.mp3",
		"duration": 1500,
		"size": "6.1M",
		"artistId": 49,
		"artistName": "空中门训",
		"id": 49000313
	},
	{
		"time": "20160704",
		"title": "旧约圣经的研读：传道书（2）",
		"path": "http://txly2.net/ly/audio/2016/dp/dp160704.mp3",
		"duration": 1500,
		"size": "6.1M",
		"artistId": 49,
		"artistName": "空中门训",
		"id": 49000314
	},
	{
		"time": "20160705",
		"title": "查经：罗马书（12）罗6:12-23",
		"path": "http://txly2.net/ly/audio/2016/dp/dp160705.mp3",
		"duration": 1500,
		"size": "6.1M",
		"artistId": 49,
		"artistName": "空中门训",
		"id": 49000315
	},
	{
		"time": "20160706",
		"title": "新约圣经的研读：腓立比书",
		"path": "http://txly2.net/ly/audio/2016/dp/dp160706.mp3",
		"duration": 1500,
		"size": "6.1M",
		"artistId": 49,
		"artistName": "空中门训",
		"id": 49000316
	},
	{
		"time": "20160707",
		"title": "灵修分享：诗50-51、62、71、93、78和82篇",
		"path": "http://txly2.net/ly/audio/2016/dp/dp160707.mp3",
		"duration": 1500,
		"size": "6.1M",
		"artistId": 49,
		"artistName": "空中门训",
		"id": 49000317
	},
	{
		"time": "20160708",
		"title": "真理教导：耶稣的比喻（13）聪明和无知的盖房者的比喻",
		"path": "http://txly2.net/ly/audio/2016/dp/dp160708.mp3",
		"duration": 1500,
		"size": "6.1M",
		"artistId": 49,
		"artistName": "空中门训",
		"id": 49000318
	},
	{
		"time": "20160711",
		"title": "旧约圣经的研读：以赛亚书（1）",
		"path": "http://txly2.net/ly/audio/2016/dp/dp160711.mp3",
		"duration": 1500,
		"size": "6.1M",
		"artistId": 49,
		"artistName": "空中门训",
		"id": 49000319
	},
	{
		"time": "20160712",
		"title": "查经：罗马书（13）罗7:1-13",
		"path": "http://txly2.net/ly/audio/2016/dp/dp160712.mp3",
		"duration": 1500,
		"size": "6.1M",
		"artistId": 49,
		"artistName": "空中门训",
		"id": 49000320
	},
	{
		"time": "20160713",
		"title": "新约圣经的研读：歌罗西书",
		"path": "http://txly2.net/ly/audio/2016/dp/dp160713.mp3",
		"duration": 1500,
		"size": "6.1M",
		"artistId": 49,
		"artistName": "空中门训",
		"id": 49000321
	},
	{
		"time": "20160714",
		"title": "灵修分享：诗84、90-92、103-104和107篇",
		"path": "http://txly2.net/ly/audio/2016/dp/dp160714.mp3",
		"duration": 1500,
		"size": "6.1M",
		"artistId": 49,
		"artistName": "空中门训",
		"id": 49000322
	},
	{
		"time": "20160715",
		"title": "真理教导：耶稣的比喻（14）新郎的比喻、缝补衣服的比喻、皮酒袋的比喻",
		"path": "http://txly2.net/ly/audio/2016/dp/dp160715.mp3",
		"duration": 1500,
		"size": "6.1M",
		"artistId": 49,
		"artistName": "空中门训",
		"id": 49000323
	},
	{
		"time": "20160718",
		"title": "旧约圣经的研读：以赛亚书（2）",
		"path": "http://txly2.net/ly/audio/2016/dp/dp160718.mp3",
		"duration": 1500,
		"size": "6.1M",
		"artistId": 49,
		"artistName": "空中门训",
		"id": 49000324
	},
	{
		"time": "20160719",
		"title": "查经：罗马书（14）罗7:14-25",
		"path": "http://txly2.net/ly/audio/2016/dp/dp160719.mp3",
		"duration": 1500,
		"size": "6.1M",
		"artistId": 49,
		"artistName": "空中门训",
		"id": 49000325
	},
	{
		"time": "20160720",
		"title": "新约圣经的研读：帖撒罗尼迦前后书",
		"path": "http://txly2.net/ly/audio/2016/dp/dp160720.mp3",
		"duration": 1500,
		"size": "6.1M",
		"artistId": 49,
		"artistName": "空中门训",
		"id": 49000326
	},
	{
		"time": "20160721",
		"title": "灵修分享：诗115、119、139、141、143、145和146篇",
		"path": "http://txly2.net/ly/audio/2016/dp/dp160721.mp3",
		"duration": 1500,
		"size": "6.1M",
		"artistId": 49,
		"artistName": "空中门训",
		"id": 49000327
	},
	{
		"time": "20160722",
		"title": "真理教导：耶稣的比喻（15）代求朋友的比喻",
		"path": "http://txly2.net/ly/audio/2016/dp/dp160722.mp3",
		"duration": 1500,
		"size": "6.1M",
		"artistId": 49,
		"artistName": "空中门训",
		"id": 49000328
	},
	{
		"time": "20160725",
		"title": "旧约圣经的研读：耶利米书（1）",
		"path": "http://txly2.net/ly/audio/2016/dp/dp160725.mp3",
		"duration": 1500,
		"size": "6.1M",
		"artistId": 49,
		"artistName": "空中门训",
		"id": 49000329
	},
	{
		"time": "20160726",
		"title": "查经：罗马书（15）罗8:1-17",
		"path": "http://txly2.net/ly/audio/2016/dp/dp160726.mp3",
		"duration": 1500,
		"size": "6.1M",
		"artistId": 49,
		"artistName": "空中门训",
		"id": 49000330
	},
	{
		"time": "20160727",
		"title": "新约圣经的研读：提摩太前后书和提多书（1）",
		"path": "http://txly2.net/ly/audio/2016/dp/dp160727.mp3",
		"duration": 1500,
		"size": "6.1M",
		"artistId": 49,
		"artistName": "空中门训",
		"id": 49000331
	},
	{
		"time": "20160728",
		"title": "灵修分享：箴言（1）",
		"path": "http://txly2.net/ly/audio/2016/dp/dp160728.mp3",
		"duration": 1500,
		"size": "6.1M",
		"artistId": 49,
		"artistName": "空中门训",
		"id": 49000332
	},
	{
		"time": "20160729",
		"title": "真理教导：耶稣的比喻（16）医生看病人的比喻、盐和光的比喻",
		"path": "http://txly2.net/ly/audio/2016/dp/dp160729.mp3",
		"duration": 1500,
		"size": "6.1M",
		"artistId": 49,
		"artistName": "空中门训",
		"id": 49000333
	},
	{
		"time": "20160801",
		"title": "旧约圣经的研读：耶利米书（2）",
		"path": "http://txly2.net/ly/audio/2016/dp/dp160801.mp3",
		"duration": 1500,
		"size": "6.1M",
		"artistId": 49,
		"artistName": "空中门训",
		"id": 49000334
	},
	{
		"time": "20160802",
		"title": "查经：罗马书（16）罗8:18-39",
		"path": "http://txly2.net/ly/audio/2016/dp/dp160802.mp3",
		"duration": 1500,
		"size": "6.1M",
		"artistId": 49,
		"artistName": "空中门训",
		"id": 49000335
	},
	{
		"time": "20160803",
		"title": "新约圣经的研读：提摩太前后书和提多书（2）",
		"path": "http://txly2.net/ly/audio/2016/dp/dp160803.mp3",
		"duration": 1500,
		"size": "6.1M",
		"artistId": 49,
		"artistName": "空中门训",
		"id": 49000336
	},
	{
		"time": "20160804",
		"title": "灵修分享：箴言（2）",
		"path": "http://txly2.net/ly/audio/2016/dp/dp160804.mp3",
		"duration": 1500,
		"size": "6.1M",
		"artistId": 49,
		"artistName": "空中门训",
		"id": 49000337
	},
	{
		"time": "20160805",
		"title": "真理教导：耶稣的比喻（17）轻率盖楼的比喻和鲁莽国王的比喻",
		"path": "http://txly2.net/ly/audio/2016/dp/dp160805.mp3",
		"duration": 1500,
		"size": "6.1M",
		"artistId": 49,
		"artistName": "空中门训",
		"id": 49000338
	},
	{
		"time": "20160808",
		"title": "旧约圣经的研读：以西结书（1）",
		"path": "http://txly2.net/ly/audio/2016/dp/dp160808.mp3",
		"duration": 1500,
		"size": "6.1M",
		"artistId": 49,
		"artistName": "空中门训",
		"id": 49000339
	},
	{
		"time": "20160809",
		"title": "查经：罗马书（17）罗9章",
		"path": "http://txly2.net/ly/audio/2016/dp/dp160809.mp3",
		"duration": 1500,
		"size": "6.1M",
		"artistId": 49,
		"artistName": "空中门训",
		"id": 49000340
	},
	{
		"time": "20160810",
		"title": "新约圣经的研读：希伯来书（1）",
		"path": "http://txly2.net/ly/audio/2016/dp/dp160810.mp3",
		"duration": 1500,
		"size": "6.1M",
		"artistId": 49,
		"artistName": "空中门训",
		"id": 49000341
	},
	{
		"time": "20160811",
		"title": "灵修分享：以赛亚书（1）",
		"path": "http://txly2.net/ly/audio/2016/dp/dp160811.mp3",
		"duration": 1500,
		"size": "6.1M",
		"artistId": 49,
		"artistName": "空中门训",
		"id": 49000342
	},
	{
		"time": "20160812",
		"title": "真理教导：耶稣的比喻（18）财主拉撒路的比喻",
		"path": "http://txly2.net/ly/audio/2016/dp/dp160812.mp3",
		"duration": 1500,
		"size": "6.1M",
		"artistId": 49,
		"artistName": "空中门训",
		"id": 49000343
	},
	{
		"time": "20160815",
		"title": "旧约圣经的研读：以西结书（2）",
		"path": "http://txly2.net/ly/audio/2016/dp/dp160815.mp3",
		"duration": 1500,
		"size": "6.1M",
		"artistId": 49,
		"artistName": "空中门训",
		"id": 49000344
	},
	{
		"time": "20160816",
		"title": "查经：罗马书（18）罗10章",
		"path": "http://txly2.net/ly/audio/2016/dp/dp160816.mp3",
		"duration": 1500,
		"size": "6.1M",
		"artistId": 49,
		"artistName": "空中门训",
		"id": 49000345
	},
	{
		"time": "20160817",
		"title": "新约圣经的研读：希伯来书（2）",
		"path": "http://txly2.net/ly/audio/2016/dp/dp160817.mp3",
		"duration": 1500,
		"size": "6.1M",
		"artistId": 49,
		"artistName": "空中门训",
		"id": 49000346
	},
	{
		"time": "20160818",
		"title": "灵修分享：以赛亚书（2）",
		"path": "http://txly2.net/ly/audio/2016/dp/dp160818.mp3",
		"duration": 1500,
		"size": "6.1M",
		"artistId": 49,
		"artistName": "空中门训",
		"id": 49000347
	},
	{
		"time": "20160819",
		"title": "真理教导：耶稣的比喻（19）神国的管家",
		"path": "http://txly2.net/ly/audio/2016/dp/dp160819.mp3",
		"duration": 1500,
		"size": "6.1M",
		"artistId": 49,
		"artistName": "空中门训",
		"id": 49000348
	},
	{
		"time": "20160822",
		"title": "旧约圣经的研读：但以理书（1）",
		"path": "http://txly2.net/ly/audio/2016/dp/dp160822.mp3",
		"duration": 1500,
		"size": "6.1M",
		"artistId": 49,
		"artistName": "空中门训",
		"id": 49000349
	},
	{
		"time": "20160823",
		"title": "查经：罗马书（19）罗11章",
		"path": "http://txly2.net/ly/audio/2016/dp/dp160823.mp3",
		"duration": 1500,
		"size": "6.1M",
		"artistId": 49,
		"artistName": "空中门训",
		"id": 49000350
	},
	{
		"time": "20160824",
		"title": "新约圣经的研读：雅各书（1）",
		"path": "http://txly2.net/ly/audio/2016/dp/dp160824.mp3",
		"duration": 1500,
		"size": "6.1M",
		"artistId": 49,
		"artistName": "空中门训",
		"id": 49000351
	},
	{
		"time": "20160825",
		"title": "灵修分享：以赛亚书（3）",
		"path": "http://txly2.net/ly/audio/2016/dp/dp160825.mp3",
		"duration": 1500,
		"size": "6.1M",
		"artistId": 49,
		"artistName": "空中门训",
		"id": 49000352
	},
	{
		"time": "20160826",
		"title": "真理教导：耶稣的比喻（20）忠心和不忠心的仆人的比喻",
		"path": "http://txly2.net/ly/audio/2016/dp/dp160826.mp3",
		"duration": 1500,
		"size": "6.1M",
		"artistId": 49,
		"artistName": "空中门训",
		"id": 49000353
	},
	{
		"time": "20160829",
		"title": "旧约圣经的研读：但以理书（2）",
		"path": "http://txly2.net/ly/audio/2016/dp/dp160829.mp3",
		"duration": 1500,
		"size": "6.1M",
		"artistId": 49,
		"artistName": "空中门训",
		"id": 49000354
	},
	{
		"time": "20160830",
		"title": "查经：罗马书（20）罗12章",
		"path": "http://txly2.net/ly/audio/2016/dp/dp160830.mp3",
		"duration": 1500,
		"size": "6.1M",
		"artistId": 49,
		"artistName": "空中门训",
		"id": 49000355
	},
	{
		"time": "20160831",
		"title": "新约圣经的研读：彼得前后书",
		"path": "http://txly2.net/ly/audio/2016/dp/dp160831.mp3",
		"duration": 1500,
		"size": "6.1M",
		"artistId": 49,
		"artistName": "空中门训",
		"id": 49000356
	},
	{
		"time": "20160901",
		"title": "灵修分享：耶利米书（1）",
		"path": "http://txly2.net/ly/audio/2016/dp/dp160901.mp3",
		"duration": 1500,
		"size": "6.1M",
		"artistId": 49,
		"artistName": "空中门训",
		"id": 49000357
	},
	{
		"time": "20160902",
		"title": "真理教导：耶稣的比喻（21）才干的比喻",
		"path": "http://txly2.net/ly/audio/2016/dp/dp160902.mp3",
		"duration": 1500,
		"size": "6.1M",
		"artistId": 49,
		"artistName": "空中门训",
		"id": 49000358
	},
	{
		"time": "20160905",
		"title": "旧约圣经的研读：小先知书（1）",
		"path": "http://txly2.net/ly/audio/2016/dp/dp160905.mp3",
		"duration": 1500,
		"size": "6.1M",
		"artistId": 49,
		"artistName": "空中门训",
		"id": 49000359
	},
	{
		"time": "20160906",
		"title": "查经：罗马书（21）罗13章",
		"path": "http://txly2.net/ly/audio/2016/dp/dp160906.mp3",
		"duration": 1500,
		"size": "6.1M",
		"artistId": 49,
		"artistName": "空中门训",
		"id": 49000360
	},
	{
		"time": "20160907",
		"title": "新约圣经的研读：约翰一二三书",
		"path": "http://txly2.net/ly/audio/2016/dp/dp160907.mp3",
		"duration": 1500,
		"size": "6.1M",
		"artistId": 49,
		"artistName": "空中门训",
		"id": 49000361
	},
	{
		"time": "20160908",
		"title": "灵修分享：耶利米书（2）",
		"path": "http://txly2.net/ly/audio/2016/dp/dp160908.mp3",
		"duration": 1500,
		"size": "6.1M",
		"artistId": 49,
		"artistName": "空中门训",
		"id": 49000362
	},
	{
		"time": "20160909",
		"title": "真理教导：耶稣的比喻（22）葡萄园工人",
		"path": "http://txly2.net/ly/audio/2016/dp/dp160909.mp3",
		"duration": 1500,
		"size": "6.1M",
		"artistId": 49,
		"artistName": "空中门训",
		"id": 49000363
	},
	{
		"time": "20160912",
		"title": "旧约圣经的研读：小先知书（2）",
		"path": "http://txly2.net/ly/audio/2016/dp/dp160912.mp3",
		"duration": 1500,
		"size": "6.1M",
		"artistId": 49,
		"artistName": "空中门训",
		"id": 49000364
	},
	{
		"time": "20160913",
		"title": "查经：罗马书（22）罗14章",
		"path": "http://txly2.net/ly/audio/2016/dp/dp160913.mp3",
		"duration": 1500,
		"size": "6.1M",
		"artistId": 49,
		"artistName": "空中门训",
		"id": 49000365
	},
	{
		"time": "20160914",
		"title": "新约圣经的研读：启示录（1）",
		"path": "http://txly2.net/ly/audio/2016/dp/dp160914.mp3",
		"duration": 1500,
		"size": "6.1M",
		"artistId": 49,
		"artistName": "空中门训",
		"id": 49000366
	},
	{
		"time": "20160915",
		"title": "灵修分享：以西结书",
		"path": "http://txly2.net/ly/audio/2016/dp/dp160915.mp3",
		"duration": 1500,
		"size": "6.1M",
		"artistId": 49,
		"artistName": "空中门训",
		"id": 49000367
	},
	{
		"time": "20160916",
		"title": "真理教导：耶稣的比喻（23）十个童女比喻",
		"path": "http://txly2.net/ly/audio/2016/dp/dp160916.mp3",
		"duration": 1500,
		"size": "6.1M",
		"artistId": 49,
		"artistName": "空中门训",
		"id": 49000368
	},
	{
		"time": "20160919",
		"title": "旧约圣经的研读：小先知书（3）",
		"path": "http://txly2.net/ly/audio/2016/dp/dp160919.mp3",
		"duration": 1500,
		"size": "6.1M",
		"artistId": 49,
		"artistName": "空中门训",
		"id": 49000369
	},
	{
		"time": "20160920",
		"title": "查经：罗马书（23）罗15章",
		"path": "http://txly2.net/ly/audio/2016/dp/dp160920.mp3",
		"duration": 1500,
		"size": "6.1M",
		"artistId": 49,
		"artistName": "空中门训",
		"id": 49000370
	},
	{
		"time": "20160921",
		"title": "新约圣经的研读：启示录（2）",
		"path": "http://txly2.net/ly/audio/2016/dp/dp160921.mp3",
		"duration": 1500,
		"size": "6.1M",
		"artistId": 49,
		"artistName": "空中门训",
		"id": 49000371
	},
	{
		"time": "20160922",
		"title": "灵修分享：但以理书",
		"path": "http://txly2.net/ly/audio/2016/dp/dp160922.mp3",
		"duration": 1500,
		"size": "6.1M",
		"artistId": 49,
		"artistName": "空中门训",
		"id": 49000372
	},
	{
		"time": "20160923",
		"title": "真理教导：耶稣的比喻（24）绵羊和山羊的比喻",
		"path": "http://txly2.net/ly/audio/2016/dp/dp160923.mp3",
		"duration": 1500,
		"size": "6.1M",
		"artistId": 49,
		"artistName": "空中门训",
		"id": 49000373
	},
	{
		"time": "20160926",
		"title": "旧约圣经的研读：小先知书（4）",
		"path": "http://txly2.net/ly/audio/2016/dp/dp160926.mp3",
		"duration": 1500,
		"size": "6.1M",
		"artistId": 49,
		"artistName": "空中门训",
		"id": 49000374
	},
	{
		"time": "20160927",
		"title": "查经：罗马书（24）罗16章",
		"path": "http://txly2.net/ly/audio/2016/dp/dp160927.mp3",
		"duration": 1500,
		"size": "6.1M",
		"artistId": 49,
		"artistName": "空中门训",
		"id": 49000375
	},
	{
		"time": "20160928",
		"title": "新约圣经的研读：启示录（3）",
		"path": "http://txly2.net/ly/audio/2016/dp/dp160928.mp3",
		"duration": 1500,
		"size": "6.1M",
		"artistId": 49,
		"artistName": "空中门训",
		"id": 49000376
	},
	{
		"time": "20160929",
		"title": "灵修分享：先知书中的精要",
		"path": "http://txly2.net/ly/audio/2016/dp/dp160929.mp3",
		"duration": 1500,
		"size": "6.1M",
		"artistId": 49,
		"artistName": "空中门训",
		"id": 49000377
	},
	{
		"time": "20160930",
		"title": "启示录研读（1）",
		"path": "http://txly2.net/ly/audio/2016/dp/dp160930.mp3",
		"duration": 1500,
		"size": "6.1M",
		"artistId": 49,
		"artistName": "空中门训",
		"id": 49000378
	},
	{
		"time": "20161003",
		"title": "启示录研读（2）",
		"path": "http://txly2.net/ly/audio/2016/dp/dp161003.mp3",
		"duration": 1500,
		"size": "6.1M",
		"artistId": 49,
		"artistName": "空中门训",
		"id": 49000379
	},
	{
		"time": "20161004",
		"title": "启示录研读（3）",
		"path": "http://txly2.net/ly/audio/2016/dp/dp161004.mp3",
		"duration": 1500,
		"size": "6.1M",
		"artistId": 49,
		"artistName": "空中门训",
		"id": 49000380
	},
	{
		"time": "20161005",
		"title": "启示录研读（4）",
		"path": "http://txly2.net/ly/audio/2016/dp/dp161005.mp3",
		"duration": 1500,
		"size": "6.1M",
		"artistId": 49,
		"artistName": "空中门训",
		"id": 49000381
	},
	{
		"time": "20161006",
		"title": "启示录研读（5）",
		"path": "http://txly2.net/ly/audio/2016/dp/dp161006.mp3",
		"duration": 1500,
		"size": "6.1M",
		"artistId": 49,
		"artistName": "空中门训",
		"id": 49000382
	},
	{
		"time": "20161007",
		"title": "启示录研读（6）",
		"path": "http://txly2.net/ly/audio/2016/dp/dp161007.mp3",
		"duration": 1500,
		"size": "6.1M",
		"artistId": 49,
		"artistName": "空中门训",
		"id": 49000383
	},
	{
		"time": "20161010",
		"title": "启示录研读（7）",
		"path": "http://txly2.net/ly/audio/2016/dp/dp161010.mp3",
		"duration": 1500,
		"size": "6.1M",
		"artistId": 49,
		"artistName": "空中门训",
		"id": 49000384
	},
	{
		"time": "20161011",
		"title": "启示录研读（8）",
		"path": "http://txly2.net/ly/audio/2016/dp/dp161011.mp3",
		"duration": 1500,
		"size": "6.1M",
		"artistId": 49,
		"artistName": "空中门训",
		"id": 49000385
	},
	{
		"time": "20161012",
		"title": "启示录研读（9）",
		"path": "http://txly2.net/ly/audio/2016/dp/dp161012.mp3",
		"duration": 1500,
		"size": "6.1M",
		"artistId": 49,
		"artistName": "空中门训",
		"id": 49000386
	},
	{
		"time": "20161013",
		"title": "启示录研读（10）",
		"path": "http://txly2.net/ly/audio/2016/dp/dp161013.mp3",
		"duration": 1500,
		"size": "6.1M",
		"artistId": 49,
		"artistName": "空中门训",
		"id": 49000387
	}

]