[
	{
		"time": "20170520",
		"title": "傈僳使徒·富能仁：持守最初的呼召成为傈僳使徒",
		"downUrl": "http://txly2.net/ly/audio/2017/bm/bm170520.mp3",
		"duration": 1760,
		"size": "14.1M",
		"artistId": 28,
		"artistName": "佳美脚踪",
		"path": "https://rawcdn.githack.com/quiet324/LiangYouRadioResource201720/bm20170520/bm/bm170520.mp3",
		"id": 28170520
	},
	{
		"time": "20170527",
		"title": "傈僳使徒·杨思慧、宋大成：眼泪挽回了傈僳人的灵魂",
		"downUrl": "http://txly2.net/ly/audio/2017/bm/bm170527.mp3",
		"duration": 1760,
		"size": "14.1M",
		"artistId": 28,
		"artistName": "佳美脚踪",
		"path": "https://rawcdn.githack.com/quiet324/LiangYouRadioResource201721/bm20170527/bm/bm170527.mp3",
		"id": 28170527
	},
	{
		"time": "20170603",
		"title": "傈僳使徒·杨志英、宓贵灵：撒旦擅长利用我们最亲近的人来攻击我们",
		"downUrl": "http://txly2.net/ly/audio/2017/bm/bm170603.mp3",
		"duration": 1760,
		"size": "14.1M",
		"artistId": 28,
		"artistName": "佳美脚踪",
		"path": "https://rawcdn.githack.com/quiet324/LiangYouRadioResource201722/bm20170603/bm/bm170603.mp3",
		"id": 28170603
	},
	{
		"time": "20170610",
		"title": "傈僳使徒：我们的主等待人甘心地摆上",
		"downUrl": "http://txly2.net/ly/audio/2017/bm/bm170610.mp3",
		"duration": 1760,
		"size": "14.1M",
		"artistId": 28,
		"artistName": "佳美脚踪",
		"path": "https://rawcdn.githack.com/quiet324/LiangYouRadioResource201723/bm20170610/bm/bm170610.mp3",
		"id": 28170610
	},
	{
		"time": "20170617",
		"title": "马道康和高雅琴（上）神的恩典中，没有“不能”二字",
		"downUrl": "http://txly2.net/ly/audio/2017/bm/bm170617.mp3",
		"duration": 1760,
		"size": "14.1M",
		"artistId": 28,
		"artistName": "佳美脚踪",
		"path": "https://rawcdn.githack.com/quiet324/LiangYouRadioResource201724/bm20170617/bm/bm170617.mp3",
		"id": 28170617
	},
	{
		"time": "20170624",
		"title": "马道康和高雅琴（下）事奉中离开儿女，不是“撇下”，是被“差派”",
		"downUrl": "http://txly2.net/ly/audio/2017/bm/bm170624.mp3",
		"duration": 1760,
		"size": "14.1M",
		"artistId": 28,
		"artistName": "佳美脚踪",
		"path": "https://rawcdn.githack.com/quiet324/LiangYouRadioResource201725/bm20170624/bm/bm170624.mp3",
		"id": 28170624
	},
	{
		"time": "20170701",
		"title": "贾立克医生：有应许，我的信仰不再是凭着感觉走",
		"downUrl": "http://txly2.net/ly/audio/2017/bm/bm170701.mp3",
		"duration": 1760,
		"size": "14.1M",
		"artistId": 28,
		"artistName": "佳美脚踪",
		"path": "https://rawcdn.githack.com/quiet324/LiangYouRadioResource201726/bm20170701/bm/bm170701.mp3",
		"id": 28170701
	},
	{
		"time": "20170708",
		"title": "柯维则、柯维忠：兄弟同心，其利断金",
		"downUrl": "http://txly2.net/ly/audio/2017/bm/bm170708.mp3",
		"duration": 1760,
		"size": "14.1M",
		"artistId": 28,
		"artistName": "佳美脚踪",
		"path": "https://rawcdn.githack.com/quiet324/LiangYouRadioResource201727/bm20170708/bm/bm170708.mp3",
		"id": 28170708
	},
	{
		"time": "20170715",
		"title": "巴富羲医生：一粒麦子不落在地里死了，仍旧是一粒",
		"downUrl": "http://txly2.net/ly/audio/2017/bm/bm170715.mp3",
		"duration": 1760,
		"size": "14.1M",
		"artistId": 28,
		"artistName": "佳美脚踪",
		"path": "https://rawcdn.githack.com/quiet324/LiangYouRadioResource201728/bm20170715/bm/bm170715.mp3",
		"id": 28170715
	},
	{
		"time": "20170722",
		"title": "金宝恩：永不寂寞的人",
		"downUrl": "http://txly2.net/ly/audio/2017/bm/bm170722.mp3",
		"duration": 1760,
		"size": "14.1M",
		"artistId": 28,
		"artistName": "佳美脚踪",
		"path": "https://rawcdn.githack.com/quiet324/LiangYouRadioResource201729/bm20170722/bm/bm170722.mp3",
		"id": 28170722
	},
	{
		"time": "20170729",
		"title": "美德纯（上）宣教精神代代相传",
		"downUrl": "http://txly2.net/ly/audio/2017/bm/bm170729.mp3",
		"duration": 1760,
		"size": "14.1M",
		"artistId": 28,
		"artistName": "佳美脚踪",
		"path": "https://rawcdn.githack.com/quiet324/LiangYouRadioResource201730/bm20170729/bm/bm170729.mp3",
		"id": 28170729
	},
	{
		"time": "20170805",
		"title": "美德纯（下）姊妹同心到大理，医疗服侍见主爱",
		"downUrl": "http://txly2.net/ly/audio/2017/bm/bm170805.mp3",
		"duration": 1760,
		"size": "14.1M",
		"artistId": 28,
		"artistName": "佳美脚踪",
		"path": "https://rawcdn.githack.com/quiet324/LiangYouRadioResource201731/bm20170805/bm/bm170805.mp3",
		"id": 28170805
	},
	{
		"time": "20170812",
		"title": "青季连夫妇、贾贵安（上）佳美脚踪到河北",
		"downUrl": "http://txly2.net/ly/audio/2017/bm/bm170812.mp3",
		"duration": 1760,
		"size": "14.1M",
		"artistId": 28,
		"artistName": "佳美脚踪",
		"path": "https://rawcdn.githack.com/quiet324/LiangYouRadioResource201732/bm20170812/bm/bm170812.mp3",
		"id": 28170812
	},
	{
		"time": "20170819",
		"title": "青季连夫妇、贾贵安（下）流通水管浇灌神州妇女心田",
		"downUrl": "http://txly2.net/ly/audio/2017/bm/bm170819.mp3",
		"duration": 1760,
		"size": "14.1M",
		"artistId": 28,
		"artistName": "佳美脚踪",
		"path": "https://rawcdn.githack.com/quiet324/LiangYouRadioResource201733/bm20170819/bm/bm170819.mp3",
		"id": 28170819
	},
	{
		"time": "20170826",
		"title": "冯贵珠、冯贵石、盖群英（上）你若属于基督，便当完全属于他",
		"downUrl": "http://txly2.net/ly/audio/2017/bm/bm170826.mp3",
		"duration": 1760,
		"size": "14.1M",
		"artistId": 28,
		"artistName": "佳美脚踪",
		"path": "https://rawcdn.githack.com/quiet324/LiangYouRadioResource201734/bm20170826/bm/bm170826.mp3",
		"id": 28170826
	},
	{
		"time": "20170902",
		"title": "冯贵珠、冯贵石、盖群英（下）三位一体的女教师",
		"downUrl": "http://txly2.net/ly/audio/2017/bm/bm170902.mp3",
		"duration": 1760,
		"size": "14.1M",
		"artistId": 28,
		"artistName": "佳美脚踪",
		"path": "https://rawcdn.githack.com/quiet324/LiangYouRadioResource201735/bm20170902/bm/bm170902.mp3",
		"id": 28170902
	},
	{
		"time": "20170909",
		"title": "叶永青：宣教是谁的责任——永远常青的挪威宣教士",
		"downUrl": "http://txly2.net/ly/audio/2017/bm/bm170909.mp3",
		"duration": 1760,
		"size": "14.1M",
		"artistId": 28,
		"artistName": "佳美脚踪",
		"path": "https://rawcdn.githack.com/quiet324/LiangYouRadioResource201736/bm20170909/bm/bm170909.mp3",
		"id": 28170909
	},
	{
		"time": "20170916",
		"title": "米生普：用生命见证了诗篇中神话语的信实可信",
		"downUrl": "http://txly2.net/ly/audio/2017/bm/bm170916.mp3",
		"duration": 1760,
		"size": "14.1M",
		"artistId": 28,
		"artistName": "佳美脚踪",
		"path": "https://rawcdn.githack.com/quiet324/LiangYouRadioResource201737/bm20170916/bm/bm170916.mp3",
		"id": 28170916
	},
	{
		"time": "20170923",
		"title": "高惟义、祝美柏：神允许爱祂的儿女经历苦难",
		"downUrl": "http://txly2.net/ly/audio/2017/bm/bm170923.mp3",
		"duration": 1760,
		"size": "14.1M",
		"artistId": 28,
		"artistName": "佳美脚踪",
		"path": "https://rawcdn.githack.com/quiet324/LiangYouRadioResource201738/bm20170923/bm/bm170923.mp3",
		"id": 28170923
	},
	{
		"time": "20170930",
		"title": "艾得理：学生事工开创先驱",
		"downUrl": "http://txly2.net/ly/audio/2017/bm/bm170930.mp3",
		"duration": 1760,
		"size": "14.1M",
		"artistId": 28,
		"artistName": "佳美脚踪",
		"path": "https://rawcdn.githack.com/quiet324/LiangYouRadioResource201739/bm20170930/bm/bm170930.mp3",
		"id": 28170930
	},
	{
		"time": "20171007",
		"title": "永桂英：神的道路真是高过我们的道路",
		"downUrl": "http://txly2.net/ly/audio/2017/bm/bm171007.mp3",
		"duration": 1760,
		"size": "14.1M",
		"artistId": 28,
		"artistName": "佳美脚踪",
		"path": "https://rawcdn.githack.com/quiet324/LiangYouRadioResource201740/bm20171007/bm/bm171007.mp3",
		"id": 28171007
	},
	{
		"time": "20171014",
		"title": "杨崇恩：你的生命见证了真理",
		"downUrl": "http://txly2.net/ly/audio/2017/bm/bm171014.mp3",
		"duration": 1760,
		"size": "14.1M",
		"artistId": 28,
		"artistName": "佳美脚踪",
		"path": "https://rawcdn.githack.com/quiet324/LiangYouRadioResource201741/bm20171014/bm/bm171014.mp3",
		"id": 28171014
	},
	{
		"time": "20171021",
		"title": "戴存义师母：以文笔回顾和追溯福音遍及神州的佳美脚踪",
		"downUrl": "http://txly2.net/ly/audio/2017/bm/bm171021.mp3",
		"duration": 1760,
		"size": "14.1M",
		"artistId": 28,
		"artistName": "佳美脚踪",
		"path": "https://rawcdn.githack.com/quiet324/LiangYouRadioResource201742/bm20171021/bm/bm171021.mp3",
		"id": 28171021
	},
	{
		"time": "20171028",
		"title": "童教士：年轻的生命为主摆上",
		"downUrl": "http://txly2.net/ly/audio/2017/bm/bm171028.mp3",
		"duration": 1760,
		"size": "14.1M",
		"artistId": 28,
		"artistName": "佳美脚踪",
		"path": "https://rawcdn.githack.com/quiet324/LiangYouRadioResource201743/bm20171028/bm/bm171028.mp3",
		"id": 28171028
	}
]