[
	{
		"albumtitle": "《经动人心》圣经中的运动健儿(01)",
		"title": "以实玛利：被逼出来的运动员",
		"downUrl": "http://txly2.net/ly/audio/ba_BibleAthletes/ba_BibleAthletes01.mp3",
		"duration": 1760,
		"size": "14.1M",
		"albumId": 8,
		"albumName": "《经动人心》圣经中的运动健儿",
		"path": "https://rawcdn.githack.com/quiet324/LiangyouAlbums/1705203/node/ba_BibleAthletes/ba_BibleAthletes01.mp3",
		"id": 8888841
	},
	{
		"albumtitle": "《经动人心》圣经中的运动健儿(02)",
		"title": "以扫与雅各：同根丶相吞",
		"downUrl": "http://txly2.net/ly/audio/ba_BibleAthletes/ba_BibleAthletes02.mp3",
		"duration": 1760,
		"size": "14.1M",
		"albumId": 8,
		"albumName": "《经动人心》圣经中的运动健儿",
		"path": "https://rawcdn.githack.com/quiet324/LiangyouAlbums/1705203/node/ba_BibleAthletes/ba_BibleAthletes02.mp3",
		"id": 8888842
	},
	{
		"albumtitle": "《经动人心》圣经中的运动健儿(03)",
		"title": "参孙：刚中有柔",
		"downUrl": "http://txly2.net/ly/audio/ba_BibleAthletes/ba_BibleAthletes03.mp3",
		"duration": 1760,
		"size": "14.1M",
		"albumId": 8,
		"albumName": "《经动人心》圣经中的运动健儿",
		"path": "https://rawcdn.githack.com/quiet324/LiangyouAlbums/1705203/node/ba_BibleAthletes/ba_BibleAthletes03.mp3",
		"id": 8888843
	},
	{
		"albumtitle": "《经动人心》圣经中的运动健儿(04)",
		"title": "大卫：运动员之灵",
		"downUrl": "http://txly2.net/ly/audio/ba_BibleAthletes/ba_BibleAthletes04.mp3",
		"duration": 1760,
		"size": "14.1M",
		"albumId": 8,
		"albumName": "《经动人心》圣经中的运动健儿",
		"path": "https://rawcdn.githack.com/quiet324/LiangyouAlbums/1705203/node/ba_BibleAthletes/ba_BibleAthletes04.mp3",
		"id": 8888844
	},
	{
		"albumtitle": "《经动人心》圣经中的运动健儿(05)",
		"title": "约拿单：运动团队的队员",
		"downUrl": "http://txly2.net/ly/audio/ba_BibleAthletes/ba_BibleAthletes05.mp3",
		"duration": 1760,
		"size": "14.1M",
		"albumId": 8,
		"albumName": "《经动人心》圣经中的运动健儿",
		"path": "https://rawcdn.githack.com/quiet324/LiangyouAlbums/1705203/node/ba_BibleAthletes/ba_BibleAthletes05.mp3",
		"id": 8888845
	},
	{
		"albumtitle": "《经动人心》圣经中的运动健儿(06)",
		"title": "约押和运动训练学院",
		"downUrl": "http://txly2.net/ly/audio/ba_BibleAthletes/ba_BibleAthletes06.mp3",
		"duration": 1760,
		"size": "14.1M",
		"albumId": 8,
		"albumName": "《经动人心》圣经中的运动健儿",
		"path": "https://rawcdn.githack.com/quiet324/LiangyouAlbums/1705203/node/ba_BibleAthletes/ba_BibleAthletes06.mp3",
		"id": 8888846
	},
	{
		"albumtitle": "《经动人心》圣经中的运动健儿(07)",
		"title": "亚比筛：三兄弟中的首领",
		"downUrl": "http://txly2.net/ly/audio/ba_BibleAthletes/ba_BibleAthletes07.mp3",
		"duration": 1760,
		"size": "14.1M",
		"albumId": 8,
		"albumName": "《经动人心》圣经中的运动健儿",
		"path": "https://rawcdn.githack.com/quiet324/LiangyouAlbums/1705203/node/ba_BibleAthletes/ba_BibleAthletes07.mp3",
		"id": 8888847
	},
	{
		"albumtitle": "《经动人心》圣经中的运动健儿(08)",
		"title": "亚撒黑：三十名勇士之首",
		"downUrl": "http://txly2.net/ly/audio/ba_BibleAthletes/ba_BibleAthletes08.mp3",
		"duration": 1760,
		"size": "14.1M",
		"albumId": 8,
		"albumName": "《经动人心》圣经中的运动健儿",
		"path": "https://rawcdn.githack.com/quiet324/LiangyouAlbums/1705203/node/ba_BibleAthletes/ba_BibleAthletes08.mp3",
		"id": 8888848
	},
	{
		"albumtitle": "《经动人心》圣经中的运动健儿(09)",
		"title": "亚撒黑对战押尼珥",
		"downUrl": "http://txly2.net/ly/audio/ba_BibleAthletes/ba_BibleAthletes09.mp3",
		"duration": 1760,
		"size": "14.1M",
		"albumId": 8,
		"albumName": "《经动人心》圣经中的运动健儿",
		"path": "https://rawcdn.githack.com/quiet324/LiangyouAlbums/1705203/node/ba_BibleAthletes/ba_BibleAthletes09.mp3",
		"id": 8888849
	},
	{
		"albumtitle": "《经动人心》圣经中的运动健儿(10)",
		"title": "胜败一样光荣",
		"downUrl": "http://txly2.net/ly/audio/ba_BibleAthletes/ba_BibleAthletes10.mp3",
		"duration": 1760,
		"size": "14.1M",
		"albumId": 8,
		"albumName": "《经动人心》圣经中的运动健儿",
		"path": "https://rawcdn.githack.com/quiet324/LiangyouAlbums/1705203/node/ba_BibleAthletes/ba_BibleAthletes10.mp3",
		"id": 8888850
	}
]