[
  {
    "duration": 1760,
    "size": "14.1M",
    "path": "http://media.febcchinese.org/Streaming/book/bc141001.mp3",
    "id": 6281000001,
    "albumId": 6281,
    "albumName": "《书香园地》2014年冬季合集",
    "albumtitle": "《书香园地》2014年冬季合集(1)",
    "title": "书香园地-20141001"
  },
  {
    "duration": 1760,
    "size": "14.1M",
    "path": "http://media.febcchinese.org/Streaming/book/bc141002.mp3",
    "id": 6281000002,
    "albumId": 6281,
    "albumName": "《书香园地》2014年冬季合集",
    "albumtitle": "《书香园地》2014年冬季合集(2)",
    "title": "书香园地-20141002"
  },
  {
    "duration": 1760,
    "size": "14.1M",
    "path": "http://media.febcchinese.org/Streaming/book/bc141003.mp3",
    "id": 6281000003,
    "albumId": 6281,
    "albumName": "《书香园地》2014年冬季合集",
    "albumtitle": "《书香园地》2014年冬季合集(3)",
    "title": "书香园地-20141003"
  },
  {
    "duration": 1760,
    "size": "14.1M",
    "path": "http://media.febcchinese.org/Streaming/book/bc141006.mp3",
    "id": 6281000004,
    "albumId": 6281,
    "albumName": "《书香园地》2014年冬季合集",
    "albumtitle": "《书香园地》2014年冬季合集(4)",
    "title": "书香园地-20141006"
  },
  {
    "duration": 1760,
    "size": "14.1M",
    "path": "http://media.febcchinese.org/Streaming/book/bc141007.mp3",
    "id": 6281000005,
    "albumId": 6281,
    "albumName": "《书香园地》2014年冬季合集",
    "albumtitle": "《书香园地》2014年冬季合集(5)",
    "title": "书香园地-20141007"
  },
  {
    "duration": 1760,
    "size": "14.1M",
    "path": "http://media.febcchinese.org/Streaming/book/bc141008.mp3",
    "id": 6281000006,
    "albumId": 6281,
    "albumName": "《书香园地》2014年冬季合集",
    "albumtitle": "《书香园地》2014年冬季合集(6)",
    "title": "书香园地-20141008"
  },
  {
    "duration": 1760,
    "size": "14.1M",
    "path": "http://media.febcchinese.org/Streaming/book/bc141009.mp3",
    "id": 6281000007,
    "albumId": 6281,
    "albumName": "《书香园地》2014年冬季合集",
    "albumtitle": "《书香园地》2014年冬季合集(7)",
    "title": "书香园地-20141009"
  },
  {
    "duration": 1760,
    "size": "14.1M",
    "path": "http://media.febcchinese.org/Streaming/book/bc141010.mp3",
    "id": 6281000008,
    "albumId": 6281,
    "albumName": "《书香园地》2014年冬季合集",
    "albumtitle": "《书香园地》2014年冬季合集(8)",
    "title": "书香园地-20141010"
  },
  {
    "duration": 1760,
    "size": "14.1M",
    "path": "http://media.febcchinese.org/Streaming/book/bc141013.mp3",
    "id": 6281000009,
    "albumId": 6281,
    "albumName": "《书香园地》2014年冬季合集",
    "albumtitle": "《书香园地》2014年冬季合集(9)",
    "title": "书香园地-20141013"
  },
  {
    "duration": 1760,
    "size": "14.1M",
    "path": "http://media.febcchinese.org/Streaming/book/bc141014.mp3",
    "id": 6281000010,
    "albumId": 6281,
    "albumName": "《书香园地》2014年冬季合集",
    "albumtitle": "《书香园地》2014年冬季合集(10)",
    "title": "书香园地-20141014"
  },
  {
    "duration": 1760,
    "size": "14.1M",
    "path": "http://media.febcchinese.org/Streaming/book/bc141015.mp3",
    "id": 6281000011,
    "albumId": 6281,
    "albumName": "《书香园地》2014年冬季合集",
    "albumtitle": "《书香园地》2014年冬季合集(11)",
    "title": "书香园地-20141015"
  },
  {
    "duration": 1760,
    "size": "14.1M",
    "path": "http://media.febcchinese.org/Streaming/book/bc141016.mp3",
    "id": 6281000012,
    "albumId": 6281,
    "albumName": "《书香园地》2014年冬季合集",
    "albumtitle": "《书香园地》2014年冬季合集(12)",
    "title": "书香园地-20141016"
  },
  {
    "duration": 1760,
    "size": "14.1M",
    "path": "http://media.febcchinese.org/Streaming/book/bc141017.mp3",
    "id": 6281000013,
    "albumId": 6281,
    "albumName": "《书香园地》2014年冬季合集",
    "albumtitle": "《书香园地》2014年冬季合集(13)",
    "title": "书香园地-20141017"
  },
  {
    "duration": 1760,
    "size": "14.1M",
    "path": "http://media.febcchinese.org/Streaming/book/bc141020.mp3",
    "id": 6281000014,
    "albumId": 6281,
    "albumName": "《书香园地》2014年冬季合集",
    "albumtitle": "《书香园地》2014年冬季合集(14)",
    "title": "书香园地-20141020"
  },
  {
    "duration": 1760,
    "size": "14.1M",
    "path": "http://media.febcchinese.org/Streaming/book/bc141021.mp3",
    "id": 6281000015,
    "albumId": 6281,
    "albumName": "《书香园地》2014年冬季合集",
    "albumtitle": "《书香园地》2014年冬季合集(15)",
    "title": "书香园地-20141021"
  },
  {
    "duration": 1760,
    "size": "14.1M",
    "path": "http://media.febcchinese.org/Streaming/book/bc141022.mp3",
    "id": 6281000016,
    "albumId": 6281,
    "albumName": "《书香园地》2014年冬季合集",
    "albumtitle": "《书香园地》2014年冬季合集(16)",
    "title": "书香园地-20141022"
  },
  {
    "duration": 1760,
    "size": "14.1M",
    "path": "http://media.febcchinese.org/Streaming/book/bc141023.mp3",
    "id": 6281000017,
    "albumId": 6281,
    "albumName": "《书香园地》2014年冬季合集",
    "albumtitle": "《书香园地》2014年冬季合集(17)",
    "title": "书香园地-20141023"
  },
  {
    "duration": 1760,
    "size": "14.1M",
    "path": "http://media.febcchinese.org/Streaming/book/bc141024.mp3",
    "id": 6281000018,
    "albumId": 6281,
    "albumName": "《书香园地》2014年冬季合集",
    "albumtitle": "《书香园地》2014年冬季合集(18)",
    "title": "书香园地-20141024"
  },
  {
    "duration": 1760,
    "size": "14.1M",
    "path": "http://media.febcchinese.org/Streaming/book/bc141027.mp3",
    "id": 6281000019,
    "albumId": 6281,
    "albumName": "《书香园地》2014年冬季合集",
    "albumtitle": "《书香园地》2014年冬季合集(19)",
    "title": "书香园地-20141027"
  },
  {
    "duration": 1760,
    "size": "14.1M",
    "path": "http://media.febcchinese.org/Streaming/book/bc141028.mp3",
    "id": 6281000020,
    "albumId": 6281,
    "albumName": "《书香园地》2014年冬季合集",
    "albumtitle": "《书香园地》2014年冬季合集(20)",
    "title": "书香园地-20141028"
  },
  {
    "duration": 1760,
    "size": "14.1M",
    "path": "http://media.febcchinese.org/Streaming/book/bc141029.mp3",
    "id": 6281000021,
    "albumId": 6281,
    "albumName": "《书香园地》2014年冬季合集",
    "albumtitle": "《书香园地》2014年冬季合集(21)",
    "title": "书香园地-20141029"
  },
  {
    "duration": 1760,
    "size": "14.1M",
    "path": "http://media.febcchinese.org/Streaming/book/bc141030.mp3",
    "id": 6281000022,
    "albumId": 6281,
    "albumName": "《书香园地》2014年冬季合集",
    "albumtitle": "《书香园地》2014年冬季合集(22)",
    "title": "书香园地-20141030"
  },
  {
    "duration": 1760,
    "size": "14.1M",
    "path": "http://media.febcchinese.org/Streaming/book/bc141031.mp3",
    "id": 6281000023,
    "albumId": 6281,
    "albumName": "《书香园地》2014年冬季合集",
    "albumtitle": "《书香园地》2014年冬季合集(23)",
    "title": "书香园地-20141031"
  },
  {
    "duration": 1760,
    "size": "14.1M",
    "path": "http://media.febcchinese.org/Streaming/book/bc141103.mp3",
    "id": 6281000024,
    "albumId": 6281,
    "albumName": "《书香园地》2014年冬季合集",
    "albumtitle": "《书香园地》2014年冬季合集(24)",
    "title": "书香园地-20141103"
  },
  {
    "duration": 1760,
    "size": "14.1M",
    "path": "http://media.febcchinese.org/Streaming/book/bc141104.mp3",
    "id": 6281000025,
    "albumId": 6281,
    "albumName": "《书香园地》2014年冬季合集",
    "albumtitle": "《书香园地》2014年冬季合集(25)",
    "title": "书香园地-20141104"
  },
  {
    "duration": 1760,
    "size": "14.1M",
    "path": "http://media.febcchinese.org/Streaming/book/bc141105.mp3",
    "id": 6281000026,
    "albumId": 6281,
    "albumName": "《书香园地》2014年冬季合集",
    "albumtitle": "《书香园地》2014年冬季合集(26)",
    "title": "书香园地-20141105"
  },
  {
    "duration": 1760,
    "size": "14.1M",
    "path": "http://media.febcchinese.org/Streaming/book/bc141106.mp3",
    "id": 6281000027,
    "albumId": 6281,
    "albumName": "《书香园地》2014年冬季合集",
    "albumtitle": "《书香园地》2014年冬季合集(27)",
    "title": "书香园地-20141106"
  },
  {
    "duration": 1760,
    "size": "14.1M",
    "path": "http://media.febcchinese.org/Streaming/book/bc141107.mp3",
    "id": 6281000028,
    "albumId": 6281,
    "albumName": "《书香园地》2014年冬季合集",
    "albumtitle": "《书香园地》2014年冬季合集(28)",
    "title": "书香园地-20141107"
  },
  {
    "duration": 1760,
    "size": "14.1M",
    "path": "http://media.febcchinese.org/Streaming/book/bc141110.mp3",
    "id": 6281000029,
    "albumId": 6281,
    "albumName": "《书香园地》2014年冬季合集",
    "albumtitle": "《书香园地》2014年冬季合集(29)",
    "title": "书香园地-20141110"
  },
  {
    "duration": 1760,
    "size": "14.1M",
    "path": "http://media.febcchinese.org/Streaming/book/bc141111.mp3",
    "id": 6281000030,
    "albumId": 6281,
    "albumName": "《书香园地》2014年冬季合集",
    "albumtitle": "《书香园地》2014年冬季合集(30)",
    "title": "书香园地-20141111"
  },
  {
    "duration": 1760,
    "size": "14.1M",
    "path": "http://media.febcchinese.org/Streaming/book/bc141112.mp3",
    "id": 6281000031,
    "albumId": 6281,
    "albumName": "《书香园地》2014年冬季合集",
    "albumtitle": "《书香园地》2014年冬季合集(31)",
    "title": "书香园地-20141112"
  },
  {
    "duration": 1760,
    "size": "14.1M",
    "path": "http://media.febcchinese.org/Streaming/book/bc141113.mp3",
    "id": 6281000032,
    "albumId": 6281,
    "albumName": "《书香园地》2014年冬季合集",
    "albumtitle": "《书香园地》2014年冬季合集(32)",
    "title": "书香园地-20141113"
  },
  {
    "duration": 1760,
    "size": "14.1M",
    "path": "http://media.febcchinese.org/Streaming/book/bc141114.mp3",
    "id": 6281000033,
    "albumId": 6281,
    "albumName": "《书香园地》2014年冬季合集",
    "albumtitle": "《书香园地》2014年冬季合集(33)",
    "title": "书香园地-20141114"
  },
  {
    "duration": 1760,
    "size": "14.1M",
    "path": "http://media.febcchinese.org/Streaming/book/bc141117.mp3",
    "id": 6281000034,
    "albumId": 6281,
    "albumName": "《书香园地》2014年冬季合集",
    "albumtitle": "《书香园地》2014年冬季合集(34)",
    "title": "书香园地-20141117"
  },
  {
    "duration": 1760,
    "size": "14.1M",
    "path": "http://media.febcchinese.org/Streaming/book/bc141118.mp3",
    "id": 6281000035,
    "albumId": 6281,
    "albumName": "《书香园地》2014年冬季合集",
    "albumtitle": "《书香园地》2014年冬季合集(35)",
    "title": "书香园地-20141118"
  },
  {
    "duration": 1760,
    "size": "14.1M",
    "path": "http://media.febcchinese.org/Streaming/book/bc141119.mp3",
    "id": 6281000036,
    "albumId": 6281,
    "albumName": "《书香园地》2014年冬季合集",
    "albumtitle": "《书香园地》2014年冬季合集(36)",
    "title": "书香园地-20141119"
  },
  {
    "duration": 1760,
    "size": "14.1M",
    "path": "http://media.febcchinese.org/Streaming/book/bc141120.mp3",
    "id": 6281000037,
    "albumId": 6281,
    "albumName": "《书香园地》2014年冬季合集",
    "albumtitle": "《书香园地》2014年冬季合集(37)",
    "title": "书香园地-20141120"
  },
  {
    "duration": 1760,
    "size": "14.1M",
    "path": "http://media.febcchinese.org/Streaming/book/bc141121.mp3",
    "id": 6281000038,
    "albumId": 6281,
    "albumName": "《书香园地》2014年冬季合集",
    "albumtitle": "《书香园地》2014年冬季合集(38)",
    "title": "书香园地-20141121"
  },
  {
    "duration": 1760,
    "size": "14.1M",
    "path": "http://media.febcchinese.org/Streaming/book/bc141124.mp3",
    "id": 6281000039,
    "albumId": 6281,
    "albumName": "《书香园地》2014年冬季合集",
    "albumtitle": "《书香园地》2014年冬季合集(39)",
    "title": "书香园地-20141124"
  },
  {
    "duration": 1760,
    "size": "14.1M",
    "path": "http://media.febcchinese.org/Streaming/book/bc141125.mp3",
    "id": 6281000040,
    "albumId": 6281,
    "albumName": "《书香园地》2014年冬季合集",
    "albumtitle": "《书香园地》2014年冬季合集(40)",
    "title": "书香园地-20141125"
  },
  {
    "duration": 1760,
    "size": "14.1M",
    "path": "http://media.febcchinese.org/Streaming/book/bc141126.mp3",
    "id": 6281000041,
    "albumId": 6281,
    "albumName": "《书香园地》2014年冬季合集",
    "albumtitle": "《书香园地》2014年冬季合集(41)",
    "title": "书香园地-20141126"
  },
  {
    "duration": 1760,
    "size": "14.1M",
    "path": "http://media.febcchinese.org/Streaming/book/bc141127.mp3",
    "id": 6281000042,
    "albumId": 6281,
    "albumName": "《书香园地》2014年冬季合集",
    "albumtitle": "《书香园地》2014年冬季合集(42)",
    "title": "书香园地-20141127"
  },
  {
    "duration": 1760,
    "size": "14.1M",
    "path": "http://media.febcchinese.org/Streaming/book/bc141128.mp3",
    "id": 6281000043,
    "albumId": 6281,
    "albumName": "《书香园地》2014年冬季合集",
    "albumtitle": "《书香园地》2014年冬季合集(43)",
    "title": "书香园地-20141128"
  },
  {
    "duration": 1760,
    "size": "14.1M",
    "path": "http://media.febcchinese.org/Streaming/book/bc141201.mp3",
    "id": 6281000044,
    "albumId": 6281,
    "albumName": "《书香园地》2014年冬季合集",
    "albumtitle": "《书香园地》2014年冬季合集(44)",
    "title": "书香园地-20141201"
  },
  {
    "duration": 1760,
    "size": "14.1M",
    "path": "http://media.febcchinese.org/Streaming/book/bc141202.mp3",
    "id": 6281000045,
    "albumId": 6281,
    "albumName": "《书香园地》2014年冬季合集",
    "albumtitle": "《书香园地》2014年冬季合集(45)",
    "title": "书香园地-20141202"
  },
  {
    "duration": 1760,
    "size": "14.1M",
    "path": "http://media.febcchinese.org/Streaming/book/bc141203.mp3",
    "id": 6281000046,
    "albumId": 6281,
    "albumName": "《书香园地》2014年冬季合集",
    "albumtitle": "《书香园地》2014年冬季合集(46)",
    "title": "书香园地-20141203"
  },
  {
    "duration": 1760,
    "size": "14.1M",
    "path": "http://media.febcchinese.org/Streaming/book/bc141204.mp3",
    "id": 6281000047,
    "albumId": 6281,
    "albumName": "《书香园地》2014年冬季合集",
    "albumtitle": "《书香园地》2014年冬季合集(47)",
    "title": "书香园地-20141204"
  },
  {
    "duration": 1760,
    "size": "14.1M",
    "path": "http://media.febcchinese.org/Streaming/book/bc141205.mp3",
    "id": 6281000048,
    "albumId": 6281,
    "albumName": "《书香园地》2014年冬季合集",
    "albumtitle": "《书香园地》2014年冬季合集(48)",
    "title": "书香园地-20141205"
  },
  {
    "duration": 1760,
    "size": "14.1M",
    "path": "http://media.febcchinese.org/Streaming/book/bc141208.mp3",
    "id": 6281000049,
    "albumId": 6281,
    "albumName": "《书香园地》2014年冬季合集",
    "albumtitle": "《书香园地》2014年冬季合集(49)",
    "title": "书香园地-20141208"
  },
  {
    "duration": 1760,
    "size": "14.1M",
    "path": "http://media.febcchinese.org/Streaming/book/bc141209.mp3",
    "id": 6281000050,
    "albumId": 6281,
    "albumName": "《书香园地》2014年冬季合集",
    "albumtitle": "《书香园地》2014年冬季合集(50)",
    "title": "书香园地-20141209"
  },
  {
    "duration": 1760,
    "size": "14.1M",
    "path": "http://media.febcchinese.org/Streaming/book/bc141210.mp3",
    "id": 6281000051,
    "albumId": 6281,
    "albumName": "《书香园地》2014年冬季合集",
    "albumtitle": "《书香园地》2014年冬季合集(51)",
    "title": "书香园地-20141210"
  },
  {
    "duration": 1760,
    "size": "14.1M",
    "path": "http://media.febcchinese.org/Streaming/book/bc141211.mp3",
    "id": 6281000052,
    "albumId": 6281,
    "albumName": "《书香园地》2014年冬季合集",
    "albumtitle": "《书香园地》2014年冬季合集(52)",
    "title": "书香园地-20141211"
  },
  {
    "duration": 1760,
    "size": "14.1M",
    "path": "http://media.febcchinese.org/Streaming/book/bc141212.mp3",
    "id": 6281000053,
    "albumId": 6281,
    "albumName": "《书香园地》2014年冬季合集",
    "albumtitle": "《书香园地》2014年冬季合集(53)",
    "title": "书香园地-20141212"
  },
  {
    "duration": 1760,
    "size": "14.1M",
    "path": "http://media.febcchinese.org/Streaming/book/bc141215.mp3",
    "id": 6281000054,
    "albumId": 6281,
    "albumName": "《书香园地》2014年冬季合集",
    "albumtitle": "《书香园地》2014年冬季合集(54)",
    "title": "书香园地-20141215"
  },
  {
    "duration": 1760,
    "size": "14.1M",
    "path": "http://media.febcchinese.org/Streaming/book/bc141216.mp3",
    "id": 6281000055,
    "albumId": 6281,
    "albumName": "《书香园地》2014年冬季合集",
    "albumtitle": "《书香园地》2014年冬季合集(55)",
    "title": "书香园地-20141216"
  },
  {
    "duration": 1760,
    "size": "14.1M",
    "path": "http://media.febcchinese.org/Streaming/book/bc141217.mp3",
    "id": 6281000056,
    "albumId": 6281,
    "albumName": "《书香园地》2014年冬季合集",
    "albumtitle": "《书香园地》2014年冬季合集(56)",
    "title": "书香园地-20141217"
  },
  {
    "duration": 1760,
    "size": "14.1M",
    "path": "http://media.febcchinese.org/Streaming/book/bc141218.mp3",
    "id": 6281000057,
    "albumId": 6281,
    "albumName": "《书香园地》2014年冬季合集",
    "albumtitle": "《书香园地》2014年冬季合集(57)",
    "title": "书香园地-20141218"
  },
  {
    "duration": 1760,
    "size": "14.1M",
    "path": "http://media.febcchinese.org/Streaming/book/bc141219.mp3",
    "id": 6281000058,
    "albumId": 6281,
    "albumName": "《书香园地》2014年冬季合集",
    "albumtitle": "《书香园地》2014年冬季合集(58)",
    "title": "书香园地-20141219"
  },
  {
    "duration": 1760,
    "size": "14.1M",
    "path": "http://media.febcchinese.org/Streaming/book/bc141222.mp3",
    "id": 6281000059,
    "albumId": 6281,
    "albumName": "《书香园地》2014年冬季合集",
    "albumtitle": "《书香园地》2014年冬季合集(59)",
    "title": "书香园地-20141222"
  },
  {
    "duration": 1760,
    "size": "14.1M",
    "path": "http://media.febcchinese.org/Streaming/book/bc141223.mp3",
    "id": 6281000060,
    "albumId": 6281,
    "albumName": "《书香园地》2014年冬季合集",
    "albumtitle": "《书香园地》2014年冬季合集(60)",
    "title": "书香园地-20141223"
  },
  {
    "duration": 1760,
    "size": "14.1M",
    "path": "http://media.febcchinese.org/Streaming/book/bc141224.mp3",
    "id": 6281000061,
    "albumId": 6281,
    "albumName": "《书香园地》2014年冬季合集",
    "albumtitle": "《书香园地》2014年冬季合集(61)",
    "title": "书香园地-20141224"
  },
  {
    "duration": 1760,
    "size": "14.1M",
    "path": "http://media.febcchinese.org/Streaming/book/bc141225.mp3",
    "id": 6281000062,
    "albumId": 6281,
    "albumName": "《书香园地》2014年冬季合集",
    "albumtitle": "《书香园地》2014年冬季合集(62)",
    "title": "书香园地-20141225"
  },
  {
    "duration": 1760,
    "size": "14.1M",
    "path": "http://media.febcchinese.org/Streaming/book/bc141226.mp3",
    "id": 6281000063,
    "albumId": 6281,
    "albumName": "《书香园地》2014年冬季合集",
    "albumtitle": "《书香园地》2014年冬季合集(63)",
    "title": "书香园地-20141226"
  },
  {
    "duration": 1760,
    "size": "14.1M",
    "path": "http://media.febcchinese.org/Streaming/book/bc141229.mp3",
    "id": 6281000064,
    "albumId": 6281,
    "albumName": "《书香园地》2014年冬季合集",
    "albumtitle": "《书香园地》2014年冬季合集(64)",
    "title": "书香园地-20141229"
  },
  {
    "duration": 1760,
    "size": "14.1M",
    "path": "http://media.febcchinese.org/Streaming/book/bc141230.mp3",
    "id": 6281000065,
    "albumId": 6281,
    "albumName": "《书香园地》2014年冬季合集",
    "albumtitle": "《书香园地》2014年冬季合集(65)",
    "title": "书香园地-20141230"
  },
  {
    "duration": 1760,
    "size": "14.1M",
    "path": "http://media.febcchinese.org/Streaming/book/bc141231.mp3",
    "id": 6281000066,
    "albumId": 6281,
    "albumName": "《书香园地》2014年冬季合集",
    "albumtitle": "《书香园地》2014年冬季合集(66)",
    "title": "书香园地-20141231"
  }
]