[{
  "duration": 1760,
  "size": "14.1M",
  "path": "http://media.febcchinese.org/Streaming/book/bc130401.mp3",
  "id": 6275000001,
  "albumId": 6275,
  "albumName": "《书香园地》2013年夏季合集",
  "albumtitle": "《书香园地》2013年夏季合集(1)",
  "title": "书香园地-20130401"
},
  {
    "duration": 1760,
    "size": "14.1M",
    "path": "http://media.febcchinese.org/Streaming/book/bc130402.mp3",
    "id": 6275000002,
    "albumId": 6275,
    "albumName": "《书香园地》2013年夏季合集",
    "albumtitle": "《书香园地》2013年夏季合集(2)",
    "title": "书香园地-20130402"
  },
  {
    "duration": 1760,
    "size": "14.1M",
    "path": "http://media.febcchinese.org/Streaming/book/bc130403.mp3",
    "id": 6275000003,
    "albumId": 6275,
    "albumName": "《书香园地》2013年夏季合集",
    "albumtitle": "《书香园地》2013年夏季合集(3)",
    "title": "书香园地-20130403"
  },
  {
    "duration": 1760,
    "size": "14.1M",
    "path": "http://media.febcchinese.org/Streaming/book/bc130404.mp3",
    "id": 6275000004,
    "albumId": 6275,
    "albumName": "《书香园地》2013年夏季合集",
    "albumtitle": "《书香园地》2013年夏季合集(4)",
    "title": "书香园地-20130404"
  },
  {
    "duration": 1760,
    "size": "14.1M",
    "path": "http://media.febcchinese.org/Streaming/book/bc130405.mp3",
    "id": 6275000005,
    "albumId": 6275,
    "albumName": "《书香园地》2013年夏季合集",
    "albumtitle": "《书香园地》2013年夏季合集(5)",
    "title": "书香园地-20130405"
  },
  {
    "duration": 1760,
    "size": "14.1M",
    "path": "http://media.febcchinese.org/Streaming/book/bc130408.mp3",
    "id": 6275000006,
    "albumId": 6275,
    "albumName": "《书香园地》2013年夏季合集",
    "albumtitle": "《书香园地》2013年夏季合集(6)",
    "title": "书香园地-20130408"
  },
  {
    "duration": 1760,
    "size": "14.1M",
    "path": "http://media.febcchinese.org/Streaming/book/bc130409.mp3",
    "id": 6275000007,
    "albumId": 6275,
    "albumName": "《书香园地》2013年夏季合集",
    "albumtitle": "《书香园地》2013年夏季合集(7)",
    "title": "书香园地-20130409"
  },
  {
    "duration": 1760,
    "size": "14.1M",
    "path": "http://media.febcchinese.org/Streaming/book/bc130410.mp3",
    "id": 6275000008,
    "albumId": 6275,
    "albumName": "《书香园地》2013年夏季合集",
    "albumtitle": "《书香园地》2013年夏季合集(8)",
    "title": "书香园地-20130410"
  },
  {
    "duration": 1760,
    "size": "14.1M",
    "path": "http://media.febcchinese.org/Streaming/book/bc130411.mp3",
    "id": 6275000009,
    "albumId": 6275,
    "albumName": "《书香园地》2013年夏季合集",
    "albumtitle": "《书香园地》2013年夏季合集(9)",
    "title": "书香园地-20130411"
  },
  {
    "duration": 1760,
    "size": "14.1M",
    "path": "http://media.febcchinese.org/Streaming/book/bc130412.mp3",
    "id": 6275000010,
    "albumId": 6275,
    "albumName": "《书香园地》2013年夏季合集",
    "albumtitle": "《书香园地》2013年夏季合集(10)",
    "title": "书香园地-20130412"
  },
  {
    "duration": 1760,
    "size": "14.1M",
    "path": "http://media.febcchinese.org/Streaming/book/bc130415.mp3",
    "id": 6275000011,
    "albumId": 6275,
    "albumName": "《书香园地》2013年夏季合集",
    "albumtitle": "《书香园地》2013年夏季合集(11)",
    "title": "书香园地-20130415"
  },
  {
    "duration": 1760,
    "size": "14.1M",
    "path": "http://media.febcchinese.org/Streaming/book/bc130416.mp3",
    "id": 6275000012,
    "albumId": 6275,
    "albumName": "《书香园地》2013年夏季合集",
    "albumtitle": "《书香园地》2013年夏季合集(12)",
    "title": "书香园地-20130416"
  },
  {
    "duration": 1760,
    "size": "14.1M",
    "path": "http://media.febcchinese.org/Streaming/book/bc130417.mp3",
    "id": 6275000013,
    "albumId": 6275,
    "albumName": "《书香园地》2013年夏季合集",
    "albumtitle": "《书香园地》2013年夏季合集(13)",
    "title": "书香园地-20130417"
  },
  {
    "duration": 1760,
    "size": "14.1M",
    "path": "http://media.febcchinese.org/Streaming/book/bc130418.mp3",
    "id": 6275000014,
    "albumId": 6275,
    "albumName": "《书香园地》2013年夏季合集",
    "albumtitle": "《书香园地》2013年夏季合集(14)",
    "title": "书香园地-20130418"
  },
  {
    "duration": 1760,
    "size": "14.1M",
    "path": "http://media.febcchinese.org/Streaming/book/bc130419.mp3",
    "id": 6275000015,
    "albumId": 6275,
    "albumName": "《书香园地》2013年夏季合集",
    "albumtitle": "《书香园地》2013年夏季合集(15)",
    "title": "书香园地-20130419"
  },
  {
    "duration": 1760,
    "size": "14.1M",
    "path": "http://media.febcchinese.org/Streaming/book/bc130422.mp3",
    "id": 6275000016,
    "albumId": 6275,
    "albumName": "《书香园地》2013年夏季合集",
    "albumtitle": "《书香园地》2013年夏季合集(16)",
    "title": "书香园地-20130422"
  },
  {
    "duration": 1760,
    "size": "14.1M",
    "path": "http://media.febcchinese.org/Streaming/book/bc130423.mp3",
    "id": 6275000017,
    "albumId": 6275,
    "albumName": "《书香园地》2013年夏季合集",
    "albumtitle": "《书香园地》2013年夏季合集(17)",
    "title": "书香园地-20130423"
  },
  {
    "duration": 1760,
    "size": "14.1M",
    "path": "http://media.febcchinese.org/Streaming/book/bc130424.mp3",
    "id": 6275000018,
    "albumId": 6275,
    "albumName": "《书香园地》2013年夏季合集",
    "albumtitle": "《书香园地》2013年夏季合集(18)",
    "title": "书香园地-20130424"
  },
  {
    "duration": 1760,
    "size": "14.1M",
    "path": "http://media.febcchinese.org/Streaming/book/bc130425.mp3",
    "id": 6275000019,
    "albumId": 6275,
    "albumName": "《书香园地》2013年夏季合集",
    "albumtitle": "《书香园地》2013年夏季合集(19)",
    "title": "书香园地-20130425"
  },
  {
    "duration": 1760,
    "size": "14.1M",
    "path": "http://media.febcchinese.org/Streaming/book/bc130426.mp3",
    "id": 6275000020,
    "albumId": 6275,
    "albumName": "《书香园地》2013年夏季合集",
    "albumtitle": "《书香园地》2013年夏季合集(20)",
    "title": "书香园地-20130426"
  },
  {
    "duration": 1760,
    "size": "14.1M",
    "path": "http://media.febcchinese.org/Streaming/book/bc130429.mp3",
    "id": 6275000021,
    "albumId": 6275,
    "albumName": "《书香园地》2013年夏季合集",
    "albumtitle": "《书香园地》2013年夏季合集(21)",
    "title": "书香园地-20130429"
  },
  {
    "duration": 1760,
    "size": "14.1M",
    "path": "http://media.febcchinese.org/Streaming/book/bc130430.mp3",
    "id": 6275000022,
    "albumId": 6275,
    "albumName": "《书香园地》2013年夏季合集",
    "albumtitle": "《书香园地》2013年夏季合集(22)",
    "title": "书香园地-20130430"
  },
  {
    "duration": 1760,
    "size": "14.1M",
    "path": "http://media.febcchinese.org/Streaming/book/bc130501.mp3",
    "id": 6275000023,
    "albumId": 6275,
    "albumName": "《书香园地》2013年夏季合集",
    "albumtitle": "《书香园地》2013年夏季合集(23)",
    "title": "书香园地-20130501"
  },
  {
    "duration": 1760,
    "size": "14.1M",
    "path": "http://media.febcchinese.org/Streaming/book/bc130502.mp3",
    "id": 6275000024,
    "albumId": 6275,
    "albumName": "《书香园地》2013年夏季合集",
    "albumtitle": "《书香园地》2013年夏季合集(24)",
    "title": "书香园地-20130502"
  },
  {
    "duration": 1760,
    "size": "14.1M",
    "path": "http://media.febcchinese.org/Streaming/book/bc130503.mp3",
    "id": 6275000025,
    "albumId": 6275,
    "albumName": "《书香园地》2013年夏季合集",
    "albumtitle": "《书香园地》2013年夏季合集(25)",
    "title": "书香园地-20130503"
  },
  {
    "duration": 1760,
    "size": "14.1M",
    "path": "http://media.febcchinese.org/Streaming/book/bc130506.mp3",
    "id": 6275000026,
    "albumId": 6275,
    "albumName": "《书香园地》2013年夏季合集",
    "albumtitle": "《书香园地》2013年夏季合集(26)",
    "title": "书香园地-20130506"
  },
  {
    "duration": 1760,
    "size": "14.1M",
    "path": "http://media.febcchinese.org/Streaming/book/bc130507.mp3",
    "id": 6275000027,
    "albumId": 6275,
    "albumName": "《书香园地》2013年夏季合集",
    "albumtitle": "《书香园地》2013年夏季合集(27)",
    "title": "书香园地-20130507"
  },
  {
    "duration": 1760,
    "size": "14.1M",
    "path": "http://media.febcchinese.org/Streaming/book/bc130508.mp3",
    "id": 6275000028,
    "albumId": 6275,
    "albumName": "《书香园地》2013年夏季合集",
    "albumtitle": "《书香园地》2013年夏季合集(28)",
    "title": "书香园地-20130508"
  },
  {
    "duration": 1760,
    "size": "14.1M",
    "path": "http://media.febcchinese.org/Streaming/book/bc130509.mp3",
    "id": 6275000029,
    "albumId": 6275,
    "albumName": "《书香园地》2013年夏季合集",
    "albumtitle": "《书香园地》2013年夏季合集(29)",
    "title": "书香园地-20130509"
  },
  {
    "duration": 1760,
    "size": "14.1M",
    "path": "http://media.febcchinese.org/Streaming/book/bc130510.mp3",
    "id": 6275000030,
    "albumId": 6275,
    "albumName": "《书香园地》2013年夏季合集",
    "albumtitle": "《书香园地》2013年夏季合集(30)",
    "title": "书香园地-20130510"
  },
  {
    "duration": 1760,
    "size": "14.1M",
    "path": "http://media.febcchinese.org/Streaming/book/bc130513.mp3",
    "id": 6275000031,
    "albumId": 6275,
    "albumName": "《书香园地》2013年夏季合集",
    "albumtitle": "《书香园地》2013年夏季合集(31)",
    "title": "书香园地-20130513"
  },
  {
    "duration": 1760,
    "size": "14.1M",
    "path": "http://media.febcchinese.org/Streaming/book/bc130514.mp3",
    "id": 6275000032,
    "albumId": 6275,
    "albumName": "《书香园地》2013年夏季合集",
    "albumtitle": "《书香园地》2013年夏季合集(32)",
    "title": "书香园地-20130514"
  },
  {
    "duration": 1760,
    "size": "14.1M",
    "path": "http://media.febcchinese.org/Streaming/book/bc130515.mp3",
    "id": 6275000033,
    "albumId": 6275,
    "albumName": "《书香园地》2013年夏季合集",
    "albumtitle": "《书香园地》2013年夏季合集(33)",
    "title": "书香园地-20130515"
  },
  {
    "duration": 1760,
    "size": "14.1M",
    "path": "http://media.febcchinese.org/Streaming/book/bc130516.mp3",
    "id": 6275000034,
    "albumId": 6275,
    "albumName": "《书香园地》2013年夏季合集",
    "albumtitle": "《书香园地》2013年夏季合集(34)",
    "title": "书香园地-20130516"
  },
  {
    "duration": 1760,
    "size": "14.1M",
    "path": "http://media.febcchinese.org/Streaming/book/bc130517.mp3",
    "id": 6275000035,
    "albumId": 6275,
    "albumName": "《书香园地》2013年夏季合集",
    "albumtitle": "《书香园地》2013年夏季合集(35)",
    "title": "书香园地-20130517"
  },
  {
    "duration": 1760,
    "size": "14.1M",
    "path": "http://media.febcchinese.org/Streaming/book/bc130520.mp3",
    "id": 6275000036,
    "albumId": 6275,
    "albumName": "《书香园地》2013年夏季合集",
    "albumtitle": "《书香园地》2013年夏季合集(36)",
    "title": "书香园地-20130520"
  },
  {
    "duration": 1760,
    "size": "14.1M",
    "path": "http://media.febcchinese.org/Streaming/book/bc130521.mp3",
    "id": 6275000037,
    "albumId": 6275,
    "albumName": "《书香园地》2013年夏季合集",
    "albumtitle": "《书香园地》2013年夏季合集(37)",
    "title": "书香园地-20130521"
  },
  {
    "duration": 1760,
    "size": "14.1M",
    "path": "http://media.febcchinese.org/Streaming/book/bc130522.mp3",
    "id": 6275000038,
    "albumId": 6275,
    "albumName": "《书香园地》2013年夏季合集",
    "albumtitle": "《书香园地》2013年夏季合集(38)",
    "title": "书香园地-20130522"
  },
  {
    "duration": 1760,
    "size": "14.1M",
    "path": "http://media.febcchinese.org/Streaming/book/bc130523.mp3",
    "id": 6275000039,
    "albumId": 6275,
    "albumName": "《书香园地》2013年夏季合集",
    "albumtitle": "《书香园地》2013年夏季合集(39)",
    "title": "书香园地-20130523"
  },
  {
    "duration": 1760,
    "size": "14.1M",
    "path": "http://media.febcchinese.org/Streaming/book/bc130524.mp3",
    "id": 6275000040,
    "albumId": 6275,
    "albumName": "《书香园地》2013年夏季合集",
    "albumtitle": "《书香园地》2013年夏季合集(40)",
    "title": "书香园地-20130524"
  },
  {
    "duration": 1760,
    "size": "14.1M",
    "path": "http://media.febcchinese.org/Streaming/book/bc130527.mp3",
    "id": 6275000041,
    "albumId": 6275,
    "albumName": "《书香园地》2013年夏季合集",
    "albumtitle": "《书香园地》2013年夏季合集(41)",
    "title": "书香园地-20130527"
  },
  {
    "duration": 1760,
    "size": "14.1M",
    "path": "http://media.febcchinese.org/Streaming/book/bc130528.mp3",
    "id": 6275000042,
    "albumId": 6275,
    "albumName": "《书香园地》2013年夏季合集",
    "albumtitle": "《书香园地》2013年夏季合集(42)",
    "title": "书香园地-20130528"
  },
  {
    "duration": 1760,
    "size": "14.1M",
    "path": "http://media.febcchinese.org/Streaming/book/bc130529.mp3",
    "id": 6275000043,
    "albumId": 6275,
    "albumName": "《书香园地》2013年夏季合集",
    "albumtitle": "《书香园地》2013年夏季合集(43)",
    "title": "书香园地-20130529"
  },
  {
    "duration": 1760,
    "size": "14.1M",
    "path": "http://media.febcchinese.org/Streaming/book/bc130530.mp3",
    "id": 6275000044,
    "albumId": 6275,
    "albumName": "《书香园地》2013年夏季合集",
    "albumtitle": "《书香园地》2013年夏季合集(44)",
    "title": "书香园地-20130530"
  },
  {
    "duration": 1760,
    "size": "14.1M",
    "path": "http://media.febcchinese.org/Streaming/book/bc130531.mp3",
    "id": 6275000045,
    "albumId": 6275,
    "albumName": "《书香园地》2013年夏季合集",
    "albumtitle": "《书香园地》2013年夏季合集(45)",
    "title": "书香园地-20130531"
  },
  {
    "duration": 1760,
    "size": "14.1M",
    "path": "http://media.febcchinese.org/Streaming/book/bc130603.mp3",
    "id": 6275000046,
    "albumId": 6275,
    "albumName": "《书香园地》2013年夏季合集",
    "albumtitle": "《书香园地》2013年夏季合集(46)",
    "title": "书香园地-20130603"
  },
  {
    "duration": 1760,
    "size": "14.1M",
    "path": "http://media.febcchinese.org/Streaming/book/bc130604.mp3",
    "id": 6275000047,
    "albumId": 6275,
    "albumName": "《书香园地》2013年夏季合集",
    "albumtitle": "《书香园地》2013年夏季合集(47)",
    "title": "书香园地-20130604"
  },
  {
    "duration": 1760,
    "size": "14.1M",
    "path": "http://media.febcchinese.org/Streaming/book/bc130605.mp3",
    "id": 6275000048,
    "albumId": 6275,
    "albumName": "《书香园地》2013年夏季合集",
    "albumtitle": "《书香园地》2013年夏季合集(48)",
    "title": "书香园地-20130605"
  },
  {
    "duration": 1760,
    "size": "14.1M",
    "path": "http://media.febcchinese.org/Streaming/book/bc130606.mp3",
    "id": 6275000049,
    "albumId": 6275,
    "albumName": "《书香园地》2013年夏季合集",
    "albumtitle": "《书香园地》2013年夏季合集(49)",
    "title": "书香园地-20130606"
  },
  {
    "duration": 1760,
    "size": "14.1M",
    "path": "http://media.febcchinese.org/Streaming/book/bc130607.mp3",
    "id": 6275000050,
    "albumId": 6275,
    "albumName": "《书香园地》2013年夏季合集",
    "albumtitle": "《书香园地》2013年夏季合集(50)",
    "title": "书香园地-20130607"
  },
  {
    "duration": 1760,
    "size": "14.1M",
    "path": "http://media.febcchinese.org/Streaming/book/bc130610.mp3",
    "id": 6275000051,
    "albumId": 6275,
    "albumName": "《书香园地》2013年夏季合集",
    "albumtitle": "《书香园地》2013年夏季合集(51)",
    "title": "书香园地-20130610"
  },
  {
    "duration": 1760,
    "size": "14.1M",
    "path": "http://media.febcchinese.org/Streaming/book/bc130611.mp3",
    "id": 6275000052,
    "albumId": 6275,
    "albumName": "《书香园地》2013年夏季合集",
    "albumtitle": "《书香园地》2013年夏季合集(52)",
    "title": "书香园地-20130611"
  },
  {
    "duration": 1760,
    "size": "14.1M",
    "path": "http://media.febcchinese.org/Streaming/book/bc130612.mp3",
    "id": 6275000053,
    "albumId": 6275,
    "albumName": "《书香园地》2013年夏季合集",
    "albumtitle": "《书香园地》2013年夏季合集(53)",
    "title": "书香园地-20130612"
  },
  {
    "duration": 1760,
    "size": "14.1M",
    "path": "http://media.febcchinese.org/Streaming/book/bc130613.mp3",
    "id": 6275000054,
    "albumId": 6275,
    "albumName": "《书香园地》2013年夏季合集",
    "albumtitle": "《书香园地》2013年夏季合集(54)",
    "title": "书香园地-20130613"
  },
  {
    "duration": 1760,
    "size": "14.1M",
    "path": "http://media.febcchinese.org/Streaming/book/bc130614.mp3",
    "id": 6275000055,
    "albumId": 6275,
    "albumName": "《书香园地》2013年夏季合集",
    "albumtitle": "《书香园地》2013年夏季合集(55)",
    "title": "书香园地-20130614"
  },
  {
    "duration": 1760,
    "size": "14.1M",
    "path": "http://media.febcchinese.org/Streaming/book/bc130617.mp3",
    "id": 6275000056,
    "albumId": 6275,
    "albumName": "《书香园地》2013年夏季合集",
    "albumtitle": "《书香园地》2013年夏季合集(56)",
    "title": "书香园地-20130617"
  },
  {
    "duration": 1760,
    "size": "14.1M",
    "path": "http://media.febcchinese.org/Streaming/book/bc130618.mp3",
    "id": 6275000057,
    "albumId": 6275,
    "albumName": "《书香园地》2013年夏季合集",
    "albumtitle": "《书香园地》2013年夏季合集(57)",
    "title": "书香园地-20130618"
  },
  {
    "duration": 1760,
    "size": "14.1M",
    "path": "http://media.febcchinese.org/Streaming/book/bc130619.mp3",
    "id": 6275000058,
    "albumId": 6275,
    "albumName": "《书香园地》2013年夏季合集",
    "albumtitle": "《书香园地》2013年夏季合集(58)",
    "title": "书香园地-20130619"
  },
  {
    "duration": 1760,
    "size": "14.1M",
    "path": "http://media.febcchinese.org/Streaming/book/bc130620.mp3",
    "id": 6275000059,
    "albumId": 6275,
    "albumName": "《书香园地》2013年夏季合集",
    "albumtitle": "《书香园地》2013年夏季合集(59)",
    "title": "书香园地-20130620"
  },
  {
    "duration": 1760,
    "size": "14.1M",
    "path": "http://media.febcchinese.org/Streaming/book/bc130621.mp3",
    "id": 6275000060,
    "albumId": 6275,
    "albumName": "《书香园地》2013年夏季合集",
    "albumtitle": "《书香园地》2013年夏季合集(60)",
    "title": "书香园地-20130621"
  },
  {
    "duration": 1760,
    "size": "14.1M",
    "path": "http://media.febcchinese.org/Streaming/book/bc130624.mp3",
    "id": 6275000061,
    "albumId": 6275,
    "albumName": "《书香园地》2013年夏季合集",
    "albumtitle": "《书香园地》2013年夏季合集(61)",
    "title": "书香园地-20130624"
  },
  {
    "duration": 1760,
    "size": "14.1M",
    "path": "http://media.febcchinese.org/Streaming/book/bc130625.mp3",
    "id": 6275000062,
    "albumId": 6275,
    "albumName": "《书香园地》2013年夏季合集",
    "albumtitle": "《书香园地》2013年夏季合集(62)",
    "title": "书香园地-20130625"
  },
  {
    "duration": 1760,
    "size": "14.1M",
    "path": "http://media.febcchinese.org/Streaming/book/bc130626.mp3",
    "id": 6275000063,
    "albumId": 6275,
    "albumName": "《书香园地》2013年夏季合集",
    "albumtitle": "《书香园地》2013年夏季合集(63)",
    "title": "书香园地-20130626"
  },
  {
    "duration": 1760,
    "size": "14.1M",
    "path": "http://media.febcchinese.org/Streaming/book/bc130627.mp3",
    "id": 6275000064,
    "albumId": 6275,
    "albumName": "《书香园地》2013年夏季合集",
    "albumtitle": "《书香园地》2013年夏季合集(64)",
    "title": "书香园地-20130627"
  },
  {
    "duration": 1760,
    "size": "14.1M",
    "path": "http://media.febcchinese.org/Streaming/book/bc130628.mp3",
    "id": 6275000065,
    "albumId": 6275,
    "albumName": "《书香园地》2013年夏季合集",
    "albumtitle": "《书香园地》2013年夏季合集(65)",
    "title": "书香园地-20130628"
  }
]