[{
  "duration": 1760,
  "size": "14.1M",
  "path": "http://media.febcchinese.org/Streaming/book/bc130101.mp3",
  "id": 6274000001,
  "albumId": 6274,
  "albumName": "《书香园地》2013年春季合集",
  "albumtitle": "《书香园地》2013年春季合集(1)",
  "title": "书香园地-20130101"
},
  {
    "duration": 1760,
    "size": "14.1M",
    "path": "http://media.febcchinese.org/Streaming/book/bc130102.mp3",
    "id": 6274000002,
    "albumId": 6274,
    "albumName": "《书香园地》2013年春季合集",
    "albumtitle": "《书香园地》2013年春季合集(2)",
    "title": "书香园地-20130102"
  },
  {
    "duration": 1760,
    "size": "14.1M",
    "path": "http://media.febcchinese.org/Streaming/book/bc130103.mp3",
    "id": 6274000003,
    "albumId": 6274,
    "albumName": "《书香园地》2013年春季合集",
    "albumtitle": "《书香园地》2013年春季合集(3)",
    "title": "书香园地-20130103"
  },
  {
    "duration": 1760,
    "size": "14.1M",
    "path": "http://media.febcchinese.org/Streaming/book/bc130104.mp3",
    "id": 6274000004,
    "albumId": 6274,
    "albumName": "《书香园地》2013年春季合集",
    "albumtitle": "《书香园地》2013年春季合集(4)",
    "title": "书香园地-20130104"
  },
  {
    "duration": 1760,
    "size": "14.1M",
    "path": "http://media.febcchinese.org/Streaming/book/bc130107.mp3",
    "id": 6274000005,
    "albumId": 6274,
    "albumName": "《书香园地》2013年春季合集",
    "albumtitle": "《书香园地》2013年春季合集(5)",
    "title": "书香园地-20130107"
  },
  {
    "duration": 1760,
    "size": "14.1M",
    "path": "http://media.febcchinese.org/Streaming/book/bc130108.mp3",
    "id": 6274000006,
    "albumId": 6274,
    "albumName": "《书香园地》2013年春季合集",
    "albumtitle": "《书香园地》2013年春季合集(6)",
    "title": "书香园地-20130108"
  },
  {
    "duration": 1760,
    "size": "14.1M",
    "path": "http://media.febcchinese.org/Streaming/book/bc130109.mp3",
    "id": 6274000007,
    "albumId": 6274,
    "albumName": "《书香园地》2013年春季合集",
    "albumtitle": "《书香园地》2013年春季合集(7)",
    "title": "书香园地-20130109"
  },
  {
    "duration": 1760,
    "size": "14.1M",
    "path": "http://media.febcchinese.org/Streaming/book/bc130110.mp3",
    "id": 6274000008,
    "albumId": 6274,
    "albumName": "《书香园地》2013年春季合集",
    "albumtitle": "《书香园地》2013年春季合集(8)",
    "title": "书香园地-20130110"
  },
  {
    "duration": 1760,
    "size": "14.1M",
    "path": "http://media.febcchinese.org/Streaming/book/bc130111.mp3",
    "id": 6274000009,
    "albumId": 6274,
    "albumName": "《书香园地》2013年春季合集",
    "albumtitle": "《书香园地》2013年春季合集(9)",
    "title": "书香园地-20130111"
  },
  {
    "duration": 1760,
    "size": "14.1M",
    "path": "http://media.febcchinese.org/Streaming/book/bc130114.mp3",
    "id": 6274000010,
    "albumId": 6274,
    "albumName": "《书香园地》2013年春季合集",
    "albumtitle": "《书香园地》2013年春季合集(10)",
    "title": "书香园地-20130114"
  },
  {
    "duration": 1760,
    "size": "14.1M",
    "path": "http://media.febcchinese.org/Streaming/book/bc130115.mp3",
    "id": 6274000011,
    "albumId": 6274,
    "albumName": "《书香园地》2013年春季合集",
    "albumtitle": "《书香园地》2013年春季合集(11)",
    "title": "书香园地-20130115"
  },
  {
    "duration": 1760,
    "size": "14.1M",
    "path": "http://media.febcchinese.org/Streaming/book/bc130116.mp3",
    "id": 6274000012,
    "albumId": 6274,
    "albumName": "《书香园地》2013年春季合集",
    "albumtitle": "《书香园地》2013年春季合集(12)",
    "title": "书香园地-20130116"
  },
  {
    "duration": 1760,
    "size": "14.1M",
    "path": "http://media.febcchinese.org/Streaming/book/bc130117.mp3",
    "id": 6274000013,
    "albumId": 6274,
    "albumName": "《书香园地》2013年春季合集",
    "albumtitle": "《书香园地》2013年春季合集(13)",
    "title": "书香园地-20130117"
  },
  {
    "duration": 1760,
    "size": "14.1M",
    "path": "http://media.febcchinese.org/Streaming/book/bc130118.mp3",
    "id": 6274000014,
    "albumId": 6274,
    "albumName": "《书香园地》2013年春季合集",
    "albumtitle": "《书香园地》2013年春季合集(14)",
    "title": "书香园地-20130118"
  },
  {
    "duration": 1760,
    "size": "14.1M",
    "path": "http://media.febcchinese.org/Streaming/book/bc130121.mp3",
    "id": 6274000015,
    "albumId": 6274,
    "albumName": "《书香园地》2013年春季合集",
    "albumtitle": "《书香园地》2013年春季合集(15)",
    "title": "书香园地-20130121"
  },
  {
    "duration": 1760,
    "size": "14.1M",
    "path": "http://media.febcchinese.org/Streaming/book/bc130122.mp3",
    "id": 6274000016,
    "albumId": 6274,
    "albumName": "《书香园地》2013年春季合集",
    "albumtitle": "《书香园地》2013年春季合集(16)",
    "title": "书香园地-20130122"
  },
  {
    "duration": 1760,
    "size": "14.1M",
    "path": "http://media.febcchinese.org/Streaming/book/bc130123.mp3",
    "id": 6274000017,
    "albumId": 6274,
    "albumName": "《书香园地》2013年春季合集",
    "albumtitle": "《书香园地》2013年春季合集(17)",
    "title": "书香园地-20130123"
  },
  {
    "duration": 1760,
    "size": "14.1M",
    "path": "http://media.febcchinese.org/Streaming/book/bc130124.mp3",
    "id": 6274000018,
    "albumId": 6274,
    "albumName": "《书香园地》2013年春季合集",
    "albumtitle": "《书香园地》2013年春季合集(18)",
    "title": "书香园地-20130124"
  },
  {
    "duration": 1760,
    "size": "14.1M",
    "path": "http://media.febcchinese.org/Streaming/book/bc130125.mp3",
    "id": 6274000019,
    "albumId": 6274,
    "albumName": "《书香园地》2013年春季合集",
    "albumtitle": "《书香园地》2013年春季合集(19)",
    "title": "书香园地-20130125"
  },
  {
    "duration": 1760,
    "size": "14.1M",
    "path": "http://media.febcchinese.org/Streaming/book/bc130128.mp3",
    "id": 6274000020,
    "albumId": 6274,
    "albumName": "《书香园地》2013年春季合集",
    "albumtitle": "《书香园地》2013年春季合集(20)",
    "title": "书香园地-20130128"
  },
  {
    "duration": 1760,
    "size": "14.1M",
    "path": "http://media.febcchinese.org/Streaming/book/bc130129.mp3",
    "id": 6274000021,
    "albumId": 6274,
    "albumName": "《书香园地》2013年春季合集",
    "albumtitle": "《书香园地》2013年春季合集(21)",
    "title": "书香园地-20130129"
  },
  {
    "duration": 1760,
    "size": "14.1M",
    "path": "http://media.febcchinese.org/Streaming/book/bc130130.mp3",
    "id": 6274000022,
    "albumId": 6274,
    "albumName": "《书香园地》2013年春季合集",
    "albumtitle": "《书香园地》2013年春季合集(22)",
    "title": "书香园地-20130130"
  },
  {
    "duration": 1760,
    "size": "14.1M",
    "path": "http://media.febcchinese.org/Streaming/book/bc130131.mp3",
    "id": 6274000023,
    "albumId": 6274,
    "albumName": "《书香园地》2013年春季合集",
    "albumtitle": "《书香园地》2013年春季合集(23)",
    "title": "书香园地-20130131"
  },
  {
    "duration": 1760,
    "size": "14.1M",
    "path": "http://media.febcchinese.org/Streaming/book/bc130201.mp3",
    "id": 6274000024,
    "albumId": 6274,
    "albumName": "《书香园地》2013年春季合集",
    "albumtitle": "《书香园地》2013年春季合集(24)",
    "title": "书香园地-20130201"
  },
  {
    "duration": 1760,
    "size": "14.1M",
    "path": "http://media.febcchinese.org/Streaming/book/bc130204.mp3",
    "id": 6274000025,
    "albumId": 6274,
    "albumName": "《书香园地》2013年春季合集",
    "albumtitle": "《书香园地》2013年春季合集(25)",
    "title": "书香园地-20130204"
  },
  {
    "duration": 1760,
    "size": "14.1M",
    "path": "http://media.febcchinese.org/Streaming/book/bc130205.mp3",
    "id": 6274000026,
    "albumId": 6274,
    "albumName": "《书香园地》2013年春季合集",
    "albumtitle": "《书香园地》2013年春季合集(26)",
    "title": "书香园地-20130205"
  },
  {
    "duration": 1760,
    "size": "14.1M",
    "path": "http://media.febcchinese.org/Streaming/book/bc130206.mp3",
    "id": 6274000027,
    "albumId": 6274,
    "albumName": "《书香园地》2013年春季合集",
    "albumtitle": "《书香园地》2013年春季合集(27)",
    "title": "书香园地-20130206"
  },
  {
    "duration": 1760,
    "size": "14.1M",
    "path": "http://media.febcchinese.org/Streaming/book/bc130207.mp3",
    "id": 6274000028,
    "albumId": 6274,
    "albumName": "《书香园地》2013年春季合集",
    "albumtitle": "《书香园地》2013年春季合集(28)",
    "title": "书香园地-20130207"
  },
  {
    "duration": 1760,
    "size": "14.1M",
    "path": "http://media.febcchinese.org/Streaming/book/bc130208.mp3",
    "id": 6274000029,
    "albumId": 6274,
    "albumName": "《书香园地》2013年春季合集",
    "albumtitle": "《书香园地》2013年春季合集(29)",
    "title": "书香园地-20130208"
  },
  {
    "duration": 1760,
    "size": "14.1M",
    "path": "http://media.febcchinese.org/Streaming/book/bc130211.mp3",
    "id": 6274000030,
    "albumId": 6274,
    "albumName": "《书香园地》2013年春季合集",
    "albumtitle": "《书香园地》2013年春季合集(30)",
    "title": "书香园地-20130211"
  },
  {
    "duration": 1760,
    "size": "14.1M",
    "path": "http://media.febcchinese.org/Streaming/book/bc130212.mp3",
    "id": 6274000031,
    "albumId": 6274,
    "albumName": "《书香园地》2013年春季合集",
    "albumtitle": "《书香园地》2013年春季合集(31)",
    "title": "书香园地-20130212"
  },
  {
    "duration": 1760,
    "size": "14.1M",
    "path": "http://media.febcchinese.org/Streaming/book/bc130213.mp3",
    "id": 6274000032,
    "albumId": 6274,
    "albumName": "《书香园地》2013年春季合集",
    "albumtitle": "《书香园地》2013年春季合集(32)",
    "title": "书香园地-20130213"
  },
  {
    "duration": 1760,
    "size": "14.1M",
    "path": "http://media.febcchinese.org/Streaming/book/bc130214.mp3",
    "id": 6274000033,
    "albumId": 6274,
    "albumName": "《书香园地》2013年春季合集",
    "albumtitle": "《书香园地》2013年春季合集(33)",
    "title": "书香园地-20130214"
  },
  {
    "duration": 1760,
    "size": "14.1M",
    "path": "http://media.febcchinese.org/Streaming/book/bc130215.mp3",
    "id": 6274000034,
    "albumId": 6274,
    "albumName": "《书香园地》2013年春季合集",
    "albumtitle": "《书香园地》2013年春季合集(34)",
    "title": "书香园地-20130215"
  },
  {
    "duration": 1760,
    "size": "14.1M",
    "path": "http://media.febcchinese.org/Streaming/book/bc130218.mp3",
    "id": 6274000035,
    "albumId": 6274,
    "albumName": "《书香园地》2013年春季合集",
    "albumtitle": "《书香园地》2013年春季合集(35)",
    "title": "书香园地-20130218"
  },
  {
    "duration": 1760,
    "size": "14.1M",
    "path": "http://media.febcchinese.org/Streaming/book/bc130219.mp3",
    "id": 6274000036,
    "albumId": 6274,
    "albumName": "《书香园地》2013年春季合集",
    "albumtitle": "《书香园地》2013年春季合集(36)",
    "title": "书香园地-20130219"
  },
  {
    "duration": 1760,
    "size": "14.1M",
    "path": "http://media.febcchinese.org/Streaming/book/bc130220.mp3",
    "id": 6274000037,
    "albumId": 6274,
    "albumName": "《书香园地》2013年春季合集",
    "albumtitle": "《书香园地》2013年春季合集(37)",
    "title": "书香园地-20130220"
  },
  {
    "duration": 1760,
    "size": "14.1M",
    "path": "http://media.febcchinese.org/Streaming/book/bc130221.mp3",
    "id": 6274000038,
    "albumId": 6274,
    "albumName": "《书香园地》2013年春季合集",
    "albumtitle": "《书香园地》2013年春季合集(38)",
    "title": "书香园地-20130221"
  },
  {
    "duration": 1760,
    "size": "14.1M",
    "path": "http://media.febcchinese.org/Streaming/book/bc130222.mp3",
    "id": 6274000039,
    "albumId": 6274,
    "albumName": "《书香园地》2013年春季合集",
    "albumtitle": "《书香园地》2013年春季合集(39)",
    "title": "书香园地-20130222"
  },
  {
    "duration": 1760,
    "size": "14.1M",
    "path": "http://media.febcchinese.org/Streaming/book/bc130225.mp3",
    "id": 6274000040,
    "albumId": 6274,
    "albumName": "《书香园地》2013年春季合集",
    "albumtitle": "《书香园地》2013年春季合集(40)",
    "title": "书香园地-20130225"
  },
  {
    "duration": 1760,
    "size": "14.1M",
    "path": "http://media.febcchinese.org/Streaming/book/bc130226.mp3",
    "id": 6274000041,
    "albumId": 6274,
    "albumName": "《书香园地》2013年春季合集",
    "albumtitle": "《书香园地》2013年春季合集(41)",
    "title": "书香园地-20130226"
  },
  {
    "duration": 1760,
    "size": "14.1M",
    "path": "http://media.febcchinese.org/Streaming/book/bc130227.mp3",
    "id": 6274000042,
    "albumId": 6274,
    "albumName": "《书香园地》2013年春季合集",
    "albumtitle": "《书香园地》2013年春季合集(42)",
    "title": "书香园地-20130227"
  },
  {
    "duration": 1760,
    "size": "14.1M",
    "path": "http://media.febcchinese.org/Streaming/book/bc130228.mp3",
    "id": 6274000043,
    "albumId": 6274,
    "albumName": "《书香园地》2013年春季合集",
    "albumtitle": "《书香园地》2013年春季合集(43)",
    "title": "书香园地-20130228"
  },
  {
    "duration": 1760,
    "size": "14.1M",
    "path": "http://media.febcchinese.org/Streaming/book/bc130301.mp3",
    "id": 6274000044,
    "albumId": 6274,
    "albumName": "《书香园地》2013年春季合集",
    "albumtitle": "《书香园地》2013年春季合集(44)",
    "title": "书香园地-20130301"
  },
  {
    "duration": 1760,
    "size": "14.1M",
    "path": "http://media.febcchinese.org/Streaming/book/bc130304.mp3",
    "id": 6274000045,
    "albumId": 6274,
    "albumName": "《书香园地》2013年春季合集",
    "albumtitle": "《书香园地》2013年春季合集(45)",
    "title": "书香园地-20130304"
  },
  {
    "duration": 1760,
    "size": "14.1M",
    "path": "http://media.febcchinese.org/Streaming/book/bc130305.mp3",
    "id": 6274000046,
    "albumId": 6274,
    "albumName": "《书香园地》2013年春季合集",
    "albumtitle": "《书香园地》2013年春季合集(46)",
    "title": "书香园地-20130305"
  },
  {
    "duration": 1760,
    "size": "14.1M",
    "path": "http://media.febcchinese.org/Streaming/book/bc130306.mp3",
    "id": 6274000047,
    "albumId": 6274,
    "albumName": "《书香园地》2013年春季合集",
    "albumtitle": "《书香园地》2013年春季合集(47)",
    "title": "书香园地-20130306"
  },
  {
    "duration": 1760,
    "size": "14.1M",
    "path": "http://media.febcchinese.org/Streaming/book/bc130307.mp3",
    "id": 6274000048,
    "albumId": 6274,
    "albumName": "《书香园地》2013年春季合集",
    "albumtitle": "《书香园地》2013年春季合集(48)",
    "title": "书香园地-20130307"
  },
  {
    "duration": 1760,
    "size": "14.1M",
    "path": "http://media.febcchinese.org/Streaming/book/bc130308.mp3",
    "id": 6274000049,
    "albumId": 6274,
    "albumName": "《书香园地》2013年春季合集",
    "albumtitle": "《书香园地》2013年春季合集(49)",
    "title": "书香园地-20130308"
  },
  {
    "duration": 1760,
    "size": "14.1M",
    "path": "http://media.febcchinese.org/Streaming/book/bc130311.mp3",
    "id": 6274000050,
    "albumId": 6274,
    "albumName": "《书香园地》2013年春季合集",
    "albumtitle": "《书香园地》2013年春季合集(50)",
    "title": "书香园地-20130311"
  },
  {
    "duration": 1760,
    "size": "14.1M",
    "path": "http://media.febcchinese.org/Streaming/book/bc130312.mp3",
    "id": 6274000051,
    "albumId": 6274,
    "albumName": "《书香园地》2013年春季合集",
    "albumtitle": "《书香园地》2013年春季合集(51)",
    "title": "书香园地-20130312"
  },
  {
    "duration": 1760,
    "size": "14.1M",
    "path": "http://media.febcchinese.org/Streaming/book/bc130313.mp3",
    "id": 6274000052,
    "albumId": 6274,
    "albumName": "《书香园地》2013年春季合集",
    "albumtitle": "《书香园地》2013年春季合集(52)",
    "title": "书香园地-20130313"
  },
  {
    "duration": 1760,
    "size": "14.1M",
    "path": "http://media.febcchinese.org/Streaming/book/bc130314.mp3",
    "id": 6274000053,
    "albumId": 6274,
    "albumName": "《书香园地》2013年春季合集",
    "albumtitle": "《书香园地》2013年春季合集(53)",
    "title": "书香园地-20130314"
  },
  {
    "duration": 1760,
    "size": "14.1M",
    "path": "http://media.febcchinese.org/Streaming/book/bc130315.mp3",
    "id": 6274000054,
    "albumId": 6274,
    "albumName": "《书香园地》2013年春季合集",
    "albumtitle": "《书香园地》2013年春季合集(54)",
    "title": "书香园地-20130315"
  },
  {
    "duration": 1760,
    "size": "14.1M",
    "path": "http://media.febcchinese.org/Streaming/book/bc130318.mp3",
    "id": 6274000055,
    "albumId": 6274,
    "albumName": "《书香园地》2013年春季合集",
    "albumtitle": "《书香园地》2013年春季合集(55)",
    "title": "书香园地-20130318"
  },
  {
    "duration": 1760,
    "size": "14.1M",
    "path": "http://media.febcchinese.org/Streaming/book/bc130319.mp3",
    "id": 6274000056,
    "albumId": 6274,
    "albumName": "《书香园地》2013年春季合集",
    "albumtitle": "《书香园地》2013年春季合集(56)",
    "title": "书香园地-20130319"
  },
  {
    "duration": 1760,
    "size": "14.1M",
    "path": "http://media.febcchinese.org/Streaming/book/bc130320.mp3",
    "id": 6274000057,
    "albumId": 6274,
    "albumName": "《书香园地》2013年春季合集",
    "albumtitle": "《书香园地》2013年春季合集(57)",
    "title": "书香园地-20130320"
  },
  {
    "duration": 1760,
    "size": "14.1M",
    "path": "http://media.febcchinese.org/Streaming/book/bc130321.mp3",
    "id": 6274000058,
    "albumId": 6274,
    "albumName": "《书香园地》2013年春季合集",
    "albumtitle": "《书香园地》2013年春季合集(58)",
    "title": "书香园地-20130321"
  },
  {
    "duration": 1760,
    "size": "14.1M",
    "path": "http://media.febcchinese.org/Streaming/book/bc130322.mp3",
    "id": 6274000059,
    "albumId": 6274,
    "albumName": "《书香园地》2013年春季合集",
    "albumtitle": "《书香园地》2013年春季合集(59)",
    "title": "书香园地-20130322"
  },
  {
    "duration": 1760,
    "size": "14.1M",
    "path": "http://media.febcchinese.org/Streaming/book/bc130325.mp3",
    "id": 6274000060,
    "albumId": 6274,
    "albumName": "《书香园地》2013年春季合集",
    "albumtitle": "《书香园地》2013年春季合集(60)",
    "title": "书香园地-20130325"
  },
  {
    "duration": 1760,
    "size": "14.1M",
    "path": "http://media.febcchinese.org/Streaming/book/bc130326.mp3",
    "id": 6274000061,
    "albumId": 6274,
    "albumName": "《书香园地》2013年春季合集",
    "albumtitle": "《书香园地》2013年春季合集(61)",
    "title": "书香园地-20130326"
  },
  {
    "duration": 1760,
    "size": "14.1M",
    "path": "http://media.febcchinese.org/Streaming/book/bc130327.mp3",
    "id": 6274000062,
    "albumId": 6274,
    "albumName": "《书香园地》2013年春季合集",
    "albumtitle": "《书香园地》2013年春季合集(62)",
    "title": "书香园地-20130327"
  },
  {
    "duration": 1760,
    "size": "14.1M",
    "path": "http://media.febcchinese.org/Streaming/book/bc130328.mp3",
    "id": 6274000063,
    "albumId": 6274,
    "albumName": "《书香园地》2013年春季合集",
    "albumtitle": "《书香园地》2013年春季合集(63)",
    "title": "书香园地-20130328"
  },
  {
    "duration": 1760,
    "size": "14.1M",
    "path": "http://media.febcchinese.org/Streaming/book/bc130329.mp3",
    "id": 6274000064,
    "albumId": 6274,
    "albumName": "《书香园地》2013年春季合集",
    "albumtitle": "《书香园地》2013年春季合集(64)",
    "title": "书香园地-20130329"
  }
]