[{
  "duration": 1760,
  "size": "14.1M",
  "path": "http://media.febcchinese.org/Streaming/book/bc160401.mp3",
  "id": 6287000001,
  "albumId": 6287,
  "albumName": "《书香园地》2016年夏季合集",
  "albumtitle": "《书香园地》2016年夏季合集(1)",
  "title": "书香园地-20160401"
},
  {
    "duration": 1760,
    "size": "14.1M",
    "path": "http://media.febcchinese.org/Streaming/book/bc160404.mp3",
    "id": 6287000002,
    "albumId": 6287,
    "albumName": "《书香园地》2016年夏季合集",
    "albumtitle": "《书香园地》2016年夏季合集(2)",
    "title": "书香园地-20160404"
  },
  {
    "duration": 1760,
    "size": "14.1M",
    "path": "http://media.febcchinese.org/Streaming/book/bc160405.mp3",
    "id": 6287000003,
    "albumId": 6287,
    "albumName": "《书香园地》2016年夏季合集",
    "albumtitle": "《书香园地》2016年夏季合集(3)",
    "title": "书香园地-20160405"
  },
  {
    "duration": 1760,
    "size": "14.1M",
    "path": "http://media.febcchinese.org/Streaming/book/bc160406.mp3",
    "id": 6287000004,
    "albumId": 6287,
    "albumName": "《书香园地》2016年夏季合集",
    "albumtitle": "《书香园地》2016年夏季合集(4)",
    "title": "书香园地-20160406"
  },
  {
    "duration": 1760,
    "size": "14.1M",
    "path": "http://media.febcchinese.org/Streaming/book/bc160407.mp3",
    "id": 6287000005,
    "albumId": 6287,
    "albumName": "《书香园地》2016年夏季合集",
    "albumtitle": "《书香园地》2016年夏季合集(5)",
    "title": "书香园地-20160407"
  },
  {
    "duration": 1760,
    "size": "14.1M",
    "path": "http://media.febcchinese.org/Streaming/book/bc160408.mp3",
    "id": 6287000006,
    "albumId": 6287,
    "albumName": "《书香园地》2016年夏季合集",
    "albumtitle": "《书香园地》2016年夏季合集(6)",
    "title": "书香园地-20160408"
  },
  {
    "duration": 1760,
    "size": "14.1M",
    "path": "http://media.febcchinese.org/Streaming/book/bc160411.mp3",
    "id": 6287000007,
    "albumId": 6287,
    "albumName": "《书香园地》2016年夏季合集",
    "albumtitle": "《书香园地》2016年夏季合集(7)",
    "title": "书香园地-20160411"
  },
  {
    "duration": 1760,
    "size": "14.1M",
    "path": "http://media.febcchinese.org/Streaming/book/bc160412.mp3",
    "id": 6287000008,
    "albumId": 6287,
    "albumName": "《书香园地》2016年夏季合集",
    "albumtitle": "《书香园地》2016年夏季合集(8)",
    "title": "书香园地-20160412"
  },
  {
    "duration": 1760,
    "size": "14.1M",
    "path": "http://media.febcchinese.org/Streaming/book/bc160413.mp3",
    "id": 6287000009,
    "albumId": 6287,
    "albumName": "《书香园地》2016年夏季合集",
    "albumtitle": "《书香园地》2016年夏季合集(9)",
    "title": "书香园地-20160413"
  },
  {
    "duration": 1760,
    "size": "14.1M",
    "path": "http://media.febcchinese.org/Streaming/book/bc160414.mp3",
    "id": 6287000010,
    "albumId": 6287,
    "albumName": "《书香园地》2016年夏季合集",
    "albumtitle": "《书香园地》2016年夏季合集(10)",
    "title": "书香园地-20160414"
  },
  {
    "duration": 1760,
    "size": "14.1M",
    "path": "http://media.febcchinese.org/Streaming/book/bc160415.mp3",
    "id": 6287000011,
    "albumId": 6287,
    "albumName": "《书香园地》2016年夏季合集",
    "albumtitle": "《书香园地》2016年夏季合集(11)",
    "title": "书香园地-20160415"
  },
  {
    "duration": 1760,
    "size": "14.1M",
    "path": "http://media.febcchinese.org/Streaming/book/bc160418.mp3",
    "id": 6287000012,
    "albumId": 6287,
    "albumName": "《书香园地》2016年夏季合集",
    "albumtitle": "《书香园地》2016年夏季合集(12)",
    "title": "书香园地-20160418"
  },
  {
    "duration": 1760,
    "size": "14.1M",
    "path": "http://media.febcchinese.org/Streaming/book/bc160419.mp3",
    "id": 6287000013,
    "albumId": 6287,
    "albumName": "《书香园地》2016年夏季合集",
    "albumtitle": "《书香园地》2016年夏季合集(13)",
    "title": "书香园地-20160419"
  },
  {
    "duration": 1760,
    "size": "14.1M",
    "path": "http://media.febcchinese.org/Streaming/book/bc160420.mp3",
    "id": 6287000014,
    "albumId": 6287,
    "albumName": "《书香园地》2016年夏季合集",
    "albumtitle": "《书香园地》2016年夏季合集(14)",
    "title": "书香园地-20160420"
  },
  {
    "duration": 1760,
    "size": "14.1M",
    "path": "http://media.febcchinese.org/Streaming/book/bc160421.mp3",
    "id": 6287000015,
    "albumId": 6287,
    "albumName": "《书香园地》2016年夏季合集",
    "albumtitle": "《书香园地》2016年夏季合集(15)",
    "title": "书香园地-20160421"
  },
  {
    "duration": 1760,
    "size": "14.1M",
    "path": "http://media.febcchinese.org/Streaming/book/bc160422.mp3",
    "id": 6287000016,
    "albumId": 6287,
    "albumName": "《书香园地》2016年夏季合集",
    "albumtitle": "《书香园地》2016年夏季合集(16)",
    "title": "书香园地-20160422"
  },
  {
    "duration": 1760,
    "size": "14.1M",
    "path": "http://media.febcchinese.org/Streaming/book/bc160425.mp3",
    "id": 6287000017,
    "albumId": 6287,
    "albumName": "《书香园地》2016年夏季合集",
    "albumtitle": "《书香园地》2016年夏季合集(17)",
    "title": "书香园地-20160425"
  },
  {
    "duration": 1760,
    "size": "14.1M",
    "path": "http://media.febcchinese.org/Streaming/book/bc160426.mp3",
    "id": 6287000018,
    "albumId": 6287,
    "albumName": "《书香园地》2016年夏季合集",
    "albumtitle": "《书香园地》2016年夏季合集(18)",
    "title": "书香园地-20160426"
  },
  {
    "duration": 1760,
    "size": "14.1M",
    "path": "http://media.febcchinese.org/Streaming/book/bc160427.mp3",
    "id": 6287000019,
    "albumId": 6287,
    "albumName": "《书香园地》2016年夏季合集",
    "albumtitle": "《书香园地》2016年夏季合集(19)",
    "title": "书香园地-20160427"
  },
  {
    "duration": 1760,
    "size": "14.1M",
    "path": "http://media.febcchinese.org/Streaming/book/bc160428.mp3",
    "id": 6287000020,
    "albumId": 6287,
    "albumName": "《书香园地》2016年夏季合集",
    "albumtitle": "《书香园地》2016年夏季合集(20)",
    "title": "书香园地-20160428"
  },
  {
    "duration": 1760,
    "size": "14.1M",
    "path": "http://media.febcchinese.org/Streaming/book/bc160429.mp3",
    "id": 6287000021,
    "albumId": 6287,
    "albumName": "《书香园地》2016年夏季合集",
    "albumtitle": "《书香园地》2016年夏季合集(21)",
    "title": "书香园地-20160429"
  },
  {
    "duration": 1760,
    "size": "14.1M",
    "path": "http://media.febcchinese.org/Streaming/book/bc160502.mp3",
    "id": 6287000022,
    "albumId": 6287,
    "albumName": "《书香园地》2016年夏季合集",
    "albumtitle": "《书香园地》2016年夏季合集(22)",
    "title": "书香园地-20160502"
  },
  {
    "duration": 1760,
    "size": "14.1M",
    "path": "http://media.febcchinese.org/Streaming/book/bc160503.mp3",
    "id": 6287000023,
    "albumId": 6287,
    "albumName": "《书香园地》2016年夏季合集",
    "albumtitle": "《书香园地》2016年夏季合集(23)",
    "title": "书香园地-20160503"
  },
  {
    "duration": 1760,
    "size": "14.1M",
    "path": "http://media.febcchinese.org/Streaming/book/bc160504.mp3",
    "id": 6287000024,
    "albumId": 6287,
    "albumName": "《书香园地》2016年夏季合集",
    "albumtitle": "《书香园地》2016年夏季合集(24)",
    "title": "书香园地-20160504"
  },
  {
    "duration": 1760,
    "size": "14.1M",
    "path": "http://media.febcchinese.org/Streaming/book/bc160505.mp3",
    "id": 6287000025,
    "albumId": 6287,
    "albumName": "《书香园地》2016年夏季合集",
    "albumtitle": "《书香园地》2016年夏季合集(25)",
    "title": "书香园地-20160505"
  },
  {
    "duration": 1760,
    "size": "14.1M",
    "path": "http://media.febcchinese.org/Streaming/book/bc160506.mp3",
    "id": 6287000026,
    "albumId": 6287,
    "albumName": "《书香园地》2016年夏季合集",
    "albumtitle": "《书香园地》2016年夏季合集(26)",
    "title": "书香园地-20160506"
  },
  {
    "duration": 1760,
    "size": "14.1M",
    "path": "http://media.febcchinese.org/Streaming/book/bc160509.mp3",
    "id": 6287000027,
    "albumId": 6287,
    "albumName": "《书香园地》2016年夏季合集",
    "albumtitle": "《书香园地》2016年夏季合集(27)",
    "title": "书香园地-20160509"
  },
  {
    "duration": 1760,
    "size": "14.1M",
    "path": "http://media.febcchinese.org/Streaming/book/bc160510.mp3",
    "id": 6287000028,
    "albumId": 6287,
    "albumName": "《书香园地》2016年夏季合集",
    "albumtitle": "《书香园地》2016年夏季合集(28)",
    "title": "书香园地-20160510"
  },
  {
    "duration": 1760,
    "size": "14.1M",
    "path": "http://media.febcchinese.org/Streaming/book/bc160511.mp3",
    "id": 6287000029,
    "albumId": 6287,
    "albumName": "《书香园地》2016年夏季合集",
    "albumtitle": "《书香园地》2016年夏季合集(29)",
    "title": "书香园地-20160511"
  },
  {
    "duration": 1760,
    "size": "14.1M",
    "path": "http://media.febcchinese.org/Streaming/book/bc160512.mp3",
    "id": 6287000030,
    "albumId": 6287,
    "albumName": "《书香园地》2016年夏季合集",
    "albumtitle": "《书香园地》2016年夏季合集(30)",
    "title": "书香园地-20160512"
  },
  {
    "duration": 1760,
    "size": "14.1M",
    "path": "http://media.febcchinese.org/Streaming/book/bc160513.mp3",
    "id": 6287000031,
    "albumId": 6287,
    "albumName": "《书香园地》2016年夏季合集",
    "albumtitle": "《书香园地》2016年夏季合集(31)",
    "title": "书香园地-20160513"
  },
  {
    "duration": 1760,
    "size": "14.1M",
    "path": "http://media.febcchinese.org/Streaming/book/bc160516.mp3",
    "id": 6287000032,
    "albumId": 6287,
    "albumName": "《书香园地》2016年夏季合集",
    "albumtitle": "《书香园地》2016年夏季合集(32)",
    "title": "书香园地-20160516"
  },
  {
    "duration": 1760,
    "size": "14.1M",
    "path": "http://media.febcchinese.org/Streaming/book/bc160517.mp3",
    "id": 6287000033,
    "albumId": 6287,
    "albumName": "《书香园地》2016年夏季合集",
    "albumtitle": "《书香园地》2016年夏季合集(33)",
    "title": "书香园地-20160517"
  },
  {
    "duration": 1760,
    "size": "14.1M",
    "path": "http://media.febcchinese.org/Streaming/book/bc160518.mp3",
    "id": 6287000034,
    "albumId": 6287,
    "albumName": "《书香园地》2016年夏季合集",
    "albumtitle": "《书香园地》2016年夏季合集(34)",
    "title": "书香园地-20160518"
  },
  {
    "duration": 1760,
    "size": "14.1M",
    "path": "http://media.febcchinese.org/Streaming/book/bc160519.mp3",
    "id": 6287000035,
    "albumId": 6287,
    "albumName": "《书香园地》2016年夏季合集",
    "albumtitle": "《书香园地》2016年夏季合集(35)",
    "title": "书香园地-20160519"
  },
  {
    "duration": 1760,
    "size": "14.1M",
    "path": "http://media.febcchinese.org/Streaming/book/bc160520.mp3",
    "id": 6287000036,
    "albumId": 6287,
    "albumName": "《书香园地》2016年夏季合集",
    "albumtitle": "《书香园地》2016年夏季合集(36)",
    "title": "书香园地-20160520"
  },
  {
    "duration": 1760,
    "size": "14.1M",
    "path": "http://media.febcchinese.org/Streaming/book/bc160523.mp3",
    "id": 6287000037,
    "albumId": 6287,
    "albumName": "《书香园地》2016年夏季合集",
    "albumtitle": "《书香园地》2016年夏季合集(37)",
    "title": "书香园地-20160523"
  },
  {
    "duration": 1760,
    "size": "14.1M",
    "path": "http://media.febcchinese.org/Streaming/book/bc160524.mp3",
    "id": 6287000038,
    "albumId": 6287,
    "albumName": "《书香园地》2016年夏季合集",
    "albumtitle": "《书香园地》2016年夏季合集(38)",
    "title": "书香园地-20160524"
  },
  {
    "duration": 1760,
    "size": "14.1M",
    "path": "http://media.febcchinese.org/Streaming/book/bc160525.mp3",
    "id": 6287000039,
    "albumId": 6287,
    "albumName": "《书香园地》2016年夏季合集",
    "albumtitle": "《书香园地》2016年夏季合集(39)",
    "title": "书香园地-20160525"
  },
  {
    "duration": 1760,
    "size": "14.1M",
    "path": "http://media.febcchinese.org/Streaming/book/bc160526.mp3",
    "id": 6287000040,
    "albumId": 6287,
    "albumName": "《书香园地》2016年夏季合集",
    "albumtitle": "《书香园地》2016年夏季合集(40)",
    "title": "书香园地-20160526"
  },
  {
    "duration": 1760,
    "size": "14.1M",
    "path": "http://media.febcchinese.org/Streaming/book/bc160527.mp3",
    "id": 6287000041,
    "albumId": 6287,
    "albumName": "《书香园地》2016年夏季合集",
    "albumtitle": "《书香园地》2016年夏季合集(41)",
    "title": "书香园地-20160527"
  },
  {
    "duration": 1760,
    "size": "14.1M",
    "path": "http://media.febcchinese.org/Streaming/book/bc160530.mp3",
    "id": 6287000042,
    "albumId": 6287,
    "albumName": "《书香园地》2016年夏季合集",
    "albumtitle": "《书香园地》2016年夏季合集(42)",
    "title": "书香园地-20160530"
  },
  {
    "duration": 1760,
    "size": "14.1M",
    "path": "http://media.febcchinese.org/Streaming/book/bc160531.mp3",
    "id": 6287000043,
    "albumId": 6287,
    "albumName": "《书香园地》2016年夏季合集",
    "albumtitle": "《书香园地》2016年夏季合集(43)",
    "title": "书香园地-20160531"
  },
  {
    "duration": 1760,
    "size": "14.1M",
    "path": "http://media.febcchinese.org/Streaming/book/bc160601.mp3",
    "id": 6287000044,
    "albumId": 6287,
    "albumName": "《书香园地》2016年夏季合集",
    "albumtitle": "《书香园地》2016年夏季合集(44)",
    "title": "书香园地-20160601"
  },
  {
    "duration": 1760,
    "size": "14.1M",
    "path": "http://media.febcchinese.org/Streaming/book/bc160602.mp3",
    "id": 6287000045,
    "albumId": 6287,
    "albumName": "《书香园地》2016年夏季合集",
    "albumtitle": "《书香园地》2016年夏季合集(45)",
    "title": "书香园地-20160602"
  },
  {
    "duration": 1760,
    "size": "14.1M",
    "path": "http://media.febcchinese.org/Streaming/book/bc160603.mp3",
    "id": 6287000046,
    "albumId": 6287,
    "albumName": "《书香园地》2016年夏季合集",
    "albumtitle": "《书香园地》2016年夏季合集(46)",
    "title": "书香园地-20160603"
  },
  {
    "duration": 1760,
    "size": "14.1M",
    "path": "http://media.febcchinese.org/Streaming/book/bc160606.mp3",
    "id": 6287000047,
    "albumId": 6287,
    "albumName": "《书香园地》2016年夏季合集",
    "albumtitle": "《书香园地》2016年夏季合集(47)",
    "title": "书香园地-20160606"
  },
  {
    "duration": 1760,
    "size": "14.1M",
    "path": "http://media.febcchinese.org/Streaming/book/bc160607.mp3",
    "id": 6287000048,
    "albumId": 6287,
    "albumName": "《书香园地》2016年夏季合集",
    "albumtitle": "《书香园地》2016年夏季合集(48)",
    "title": "书香园地-20160607"
  },
  {
    "duration": 1760,
    "size": "14.1M",
    "path": "http://media.febcchinese.org/Streaming/book/bc160608.mp3",
    "id": 6287000049,
    "albumId": 6287,
    "albumName": "《书香园地》2016年夏季合集",
    "albumtitle": "《书香园地》2016年夏季合集(49)",
    "title": "书香园地-20160608"
  },
  {
    "duration": 1760,
    "size": "14.1M",
    "path": "http://media.febcchinese.org/Streaming/book/bc160609.mp3",
    "id": 6287000050,
    "albumId": 6287,
    "albumName": "《书香园地》2016年夏季合集",
    "albumtitle": "《书香园地》2016年夏季合集(50)",
    "title": "书香园地-20160609"
  },
  {
    "duration": 1760,
    "size": "14.1M",
    "path": "http://media.febcchinese.org/Streaming/book/bc160610.mp3",
    "id": 6287000051,
    "albumId": 6287,
    "albumName": "《书香园地》2016年夏季合集",
    "albumtitle": "《书香园地》2016年夏季合集(51)",
    "title": "书香园地-20160610"
  },
  {
    "duration": 1760,
    "size": "14.1M",
    "path": "http://media.febcchinese.org/Streaming/book/bc160613.mp3",
    "id": 6287000052,
    "albumId": 6287,
    "albumName": "《书香园地》2016年夏季合集",
    "albumtitle": "《书香园地》2016年夏季合集(52)",
    "title": "书香园地-20160613"
  },
  {
    "duration": 1760,
    "size": "14.1M",
    "path": "http://media.febcchinese.org/Streaming/book/bc160614.mp3",
    "id": 6287000053,
    "albumId": 6287,
    "albumName": "《书香园地》2016年夏季合集",
    "albumtitle": "《书香园地》2016年夏季合集(53)",
    "title": "书香园地-20160614"
  },
  {
    "duration": 1760,
    "size": "14.1M",
    "path": "http://media.febcchinese.org/Streaming/book/bc160615.mp3",
    "id": 6287000054,
    "albumId": 6287,
    "albumName": "《书香园地》2016年夏季合集",
    "albumtitle": "《书香园地》2016年夏季合集(54)",
    "title": "书香园地-20160615"
  },
  {
    "duration": 1760,
    "size": "14.1M",
    "path": "http://media.febcchinese.org/Streaming/book/bc160616.mp3",
    "id": 6287000055,
    "albumId": 6287,
    "albumName": "《书香园地》2016年夏季合集",
    "albumtitle": "《书香园地》2016年夏季合集(55)",
    "title": "书香园地-20160616"
  },
  {
    "duration": 1760,
    "size": "14.1M",
    "path": "http://media.febcchinese.org/Streaming/book/bc160617.mp3",
    "id": 6287000056,
    "albumId": 6287,
    "albumName": "《书香园地》2016年夏季合集",
    "albumtitle": "《书香园地》2016年夏季合集(56)",
    "title": "书香园地-20160617"
  },
  {
    "duration": 1760,
    "size": "14.1M",
    "path": "http://media.febcchinese.org/Streaming/book/bc160620.mp3",
    "id": 6287000057,
    "albumId": 6287,
    "albumName": "《书香园地》2016年夏季合集",
    "albumtitle": "《书香园地》2016年夏季合集(57)",
    "title": "书香园地-20160620"
  },
  {
    "duration": 1760,
    "size": "14.1M",
    "path": "http://media.febcchinese.org/Streaming/book/bc160621.mp3",
    "id": 6287000058,
    "albumId": 6287,
    "albumName": "《书香园地》2016年夏季合集",
    "albumtitle": "《书香园地》2016年夏季合集(58)",
    "title": "书香园地-20160621"
  },
  {
    "duration": 1760,
    "size": "14.1M",
    "path": "http://media.febcchinese.org/Streaming/book/bc160622.mp3",
    "id": 6287000059,
    "albumId": 6287,
    "albumName": "《书香园地》2016年夏季合集",
    "albumtitle": "《书香园地》2016年夏季合集(59)",
    "title": "书香园地-20160622"
  },
  {
    "duration": 1760,
    "size": "14.1M",
    "path": "http://media.febcchinese.org/Streaming/book/bc160623.mp3",
    "id": 6287000060,
    "albumId": 6287,
    "albumName": "《书香园地》2016年夏季合集",
    "albumtitle": "《书香园地》2016年夏季合集(60)",
    "title": "书香园地-20160623"
  },
  {
    "duration": 1760,
    "size": "14.1M",
    "path": "http://media.febcchinese.org/Streaming/book/bc160624.mp3",
    "id": 6287000061,
    "albumId": 6287,
    "albumName": "《书香园地》2016年夏季合集",
    "albumtitle": "《书香园地》2016年夏季合集(61)",
    "title": "书香园地-20160624"
  },
  {
    "duration": 1760,
    "size": "14.1M",
    "path": "http://media.febcchinese.org/Streaming/book/bc160627.mp3",
    "id": 6287000062,
    "albumId": 6287,
    "albumName": "《书香园地》2016年夏季合集",
    "albumtitle": "《书香园地》2016年夏季合集(62)",
    "title": "书香园地-20160627"
  },
  {
    "duration": 1760,
    "size": "14.1M",
    "path": "http://media.febcchinese.org/Streaming/book/bc160628.mp3",
    "id": 6287000063,
    "albumId": 6287,
    "albumName": "《书香园地》2016年夏季合集",
    "albumtitle": "《书香园地》2016年夏季合集(63)",
    "title": "书香园地-20160628"
  },
  {
    "duration": 1760,
    "size": "14.1M",
    "path": "http://media.febcchinese.org/Streaming/book/bc160629.mp3",
    "id": 6287000064,
    "albumId": 6287,
    "albumName": "《书香园地》2016年夏季合集",
    "albumtitle": "《书香园地》2016年夏季合集(64)",
    "title": "书香园地-20160629"
  },
  {
    "duration": 1760,
    "size": "14.1M",
    "path": "http://media.febcchinese.org/Streaming/book/bc160630.mp3",
    "id": 6287000065,
    "albumId": 6287,
    "albumName": "《书香园地》2016年夏季合集",
    "albumtitle": "《书香园地》2016年夏季合集(65)",
    "title": "书香园地-20160630"
  }
]