[{
  "duration": 1760,
  "size": "14.1M",
  "path": "http://media.febcchinese.org/Streaming/book/bc150101.mp3",
  "id": 6282000001,
  "albumId": 6282,
  "albumName": "《书香园地》2015年春季合集",
  "albumtitle": "《书香园地》2015年春季合集(1)",
  "title": "书香园地-20150101"
},
  {
    "duration": 1760,
    "size": "14.1M",
    "path": "http://media.febcchinese.org/Streaming/book/bc150102.mp3",
    "id": 6282000002,
    "albumId": 6282,
    "albumName": "《书香园地》2015年春季合集",
    "albumtitle": "《书香园地》2015年春季合集(2)",
    "title": "书香园地-20150102"
  },
  {
    "duration": 1760,
    "size": "14.1M",
    "path": "http://media.febcchinese.org/Streaming/book/bc150105.mp3",
    "id": 6282000003,
    "albumId": 6282,
    "albumName": "《书香园地》2015年春季合集",
    "albumtitle": "《书香园地》2015年春季合集(3)",
    "title": "书香园地-20150105"
  },
  {
    "duration": 1760,
    "size": "14.1M",
    "path": "http://media.febcchinese.org/Streaming/book/bc150106.mp3",
    "id": 6282000004,
    "albumId": 6282,
    "albumName": "《书香园地》2015年春季合集",
    "albumtitle": "《书香园地》2015年春季合集(4)",
    "title": "书香园地-20150106"
  },
  {
    "duration": 1760,
    "size": "14.1M",
    "path": "http://media.febcchinese.org/Streaming/book/bc150107.mp3",
    "id": 6282000005,
    "albumId": 6282,
    "albumName": "《书香园地》2015年春季合集",
    "albumtitle": "《书香园地》2015年春季合集(5)",
    "title": "书香园地-20150107"
  },
  {
    "duration": 1760,
    "size": "14.1M",
    "path": "http://media.febcchinese.org/Streaming/book/bc150108.mp3",
    "id": 6282000006,
    "albumId": 6282,
    "albumName": "《书香园地》2015年春季合集",
    "albumtitle": "《书香园地》2015年春季合集(6)",
    "title": "书香园地-20150108"
  },
  {
    "duration": 1760,
    "size": "14.1M",
    "path": "http://media.febcchinese.org/Streaming/book/bc150109.mp3",
    "id": 6282000007,
    "albumId": 6282,
    "albumName": "《书香园地》2015年春季合集",
    "albumtitle": "《书香园地》2015年春季合集(7)",
    "title": "书香园地-20150109"
  },
  {
    "duration": 1760,
    "size": "14.1M",
    "path": "http://media.febcchinese.org/Streaming/book/bc150112.mp3",
    "id": 6282000008,
    "albumId": 6282,
    "albumName": "《书香园地》2015年春季合集",
    "albumtitle": "《书香园地》2015年春季合集(8)",
    "title": "书香园地-20150112"
  },
  {
    "duration": 1760,
    "size": "14.1M",
    "path": "http://media.febcchinese.org/Streaming/book/bc150113.mp3",
    "id": 6282000009,
    "albumId": 6282,
    "albumName": "《书香园地》2015年春季合集",
    "albumtitle": "《书香园地》2015年春季合集(9)",
    "title": "书香园地-20150113"
  },
  {
    "duration": 1760,
    "size": "14.1M",
    "path": "http://media.febcchinese.org/Streaming/book/bc150114.mp3",
    "id": 6282000010,
    "albumId": 6282,
    "albumName": "《书香园地》2015年春季合集",
    "albumtitle": "《书香园地》2015年春季合集(10)",
    "title": "书香园地-20150114"
  },
  {
    "duration": 1760,
    "size": "14.1M",
    "path": "http://media.febcchinese.org/Streaming/book/bc150115.mp3",
    "id": 6282000011,
    "albumId": 6282,
    "albumName": "《书香园地》2015年春季合集",
    "albumtitle": "《书香园地》2015年春季合集(11)",
    "title": "书香园地-20150115"
  },
  {
    "duration": 1760,
    "size": "14.1M",
    "path": "http://media.febcchinese.org/Streaming/book/bc150116.mp3",
    "id": 6282000012,
    "albumId": 6282,
    "albumName": "《书香园地》2015年春季合集",
    "albumtitle": "《书香园地》2015年春季合集(12)",
    "title": "书香园地-20150116"
  },
  {
    "duration": 1760,
    "size": "14.1M",
    "path": "http://media.febcchinese.org/Streaming/book/bc150119.mp3",
    "id": 6282000013,
    "albumId": 6282,
    "albumName": "《书香园地》2015年春季合集",
    "albumtitle": "《书香园地》2015年春季合集(13)",
    "title": "书香园地-20150119"
  },
  {
    "duration": 1760,
    "size": "14.1M",
    "path": "http://media.febcchinese.org/Streaming/book/bc150120.mp3",
    "id": 6282000014,
    "albumId": 6282,
    "albumName": "《书香园地》2015年春季合集",
    "albumtitle": "《书香园地》2015年春季合集(14)",
    "title": "书香园地-20150120"
  },
  {
    "duration": 1760,
    "size": "14.1M",
    "path": "http://media.febcchinese.org/Streaming/book/bc150121.mp3",
    "id": 6282000015,
    "albumId": 6282,
    "albumName": "《书香园地》2015年春季合集",
    "albumtitle": "《书香园地》2015年春季合集(15)",
    "title": "书香园地-20150121"
  },
  {
    "duration": 1760,
    "size": "14.1M",
    "path": "http://media.febcchinese.org/Streaming/book/bc150122.mp3",
    "id": 6282000016,
    "albumId": 6282,
    "albumName": "《书香园地》2015年春季合集",
    "albumtitle": "《书香园地》2015年春季合集(16)",
    "title": "书香园地-20150122"
  },
  {
    "duration": 1760,
    "size": "14.1M",
    "path": "http://media.febcchinese.org/Streaming/book/bc150123.mp3",
    "id": 6282000017,
    "albumId": 6282,
    "albumName": "《书香园地》2015年春季合集",
    "albumtitle": "《书香园地》2015年春季合集(17)",
    "title": "书香园地-20150123"
  },
  {
    "duration": 1760,
    "size": "14.1M",
    "path": "http://media.febcchinese.org/Streaming/book/bc150126.mp3",
    "id": 6282000018,
    "albumId": 6282,
    "albumName": "《书香园地》2015年春季合集",
    "albumtitle": "《书香园地》2015年春季合集(18)",
    "title": "书香园地-20150126"
  },
  {
    "duration": 1760,
    "size": "14.1M",
    "path": "http://media.febcchinese.org/Streaming/book/bc150127.mp3",
    "id": 6282000019,
    "albumId": 6282,
    "albumName": "《书香园地》2015年春季合集",
    "albumtitle": "《书香园地》2015年春季合集(19)",
    "title": "书香园地-20150127"
  },
  {
    "duration": 1760,
    "size": "14.1M",
    "path": "http://media.febcchinese.org/Streaming/book/bc150128.mp3",
    "id": 6282000020,
    "albumId": 6282,
    "albumName": "《书香园地》2015年春季合集",
    "albumtitle": "《书香园地》2015年春季合集(20)",
    "title": "书香园地-20150128"
  },
  {
    "duration": 1760,
    "size": "14.1M",
    "path": "http://media.febcchinese.org/Streaming/book/bc150129.mp3",
    "id": 6282000021,
    "albumId": 6282,
    "albumName": "《书香园地》2015年春季合集",
    "albumtitle": "《书香园地》2015年春季合集(21)",
    "title": "书香园地-20150129"
  },
  {
    "duration": 1760,
    "size": "14.1M",
    "path": "http://media.febcchinese.org/Streaming/book/bc150130.mp3",
    "id": 6282000022,
    "albumId": 6282,
    "albumName": "《书香园地》2015年春季合集",
    "albumtitle": "《书香园地》2015年春季合集(22)",
    "title": "书香园地-20150130"
  },
  {
    "duration": 1760,
    "size": "14.1M",
    "path": "http://media.febcchinese.org/Streaming/book/bc150202.mp3",
    "id": 6282000023,
    "albumId": 6282,
    "albumName": "《书香园地》2015年春季合集",
    "albumtitle": "《书香园地》2015年春季合集(23)",
    "title": "书香园地-20150202"
  },
  {
    "duration": 1760,
    "size": "14.1M",
    "path": "http://media.febcchinese.org/Streaming/book/bc150203.mp3",
    "id": 6282000024,
    "albumId": 6282,
    "albumName": "《书香园地》2015年春季合集",
    "albumtitle": "《书香园地》2015年春季合集(24)",
    "title": "书香园地-20150203"
  },
  {
    "duration": 1760,
    "size": "14.1M",
    "path": "http://media.febcchinese.org/Streaming/book/bc150204.mp3",
    "id": 6282000025,
    "albumId": 6282,
    "albumName": "《书香园地》2015年春季合集",
    "albumtitle": "《书香园地》2015年春季合集(25)",
    "title": "书香园地-20150204"
  },
  {
    "duration": 1760,
    "size": "14.1M",
    "path": "http://media.febcchinese.org/Streaming/book/bc150205.mp3",
    "id": 6282000026,
    "albumId": 6282,
    "albumName": "《书香园地》2015年春季合集",
    "albumtitle": "《书香园地》2015年春季合集(26)",
    "title": "书香园地-20150205"
  },
  {
    "duration": 1760,
    "size": "14.1M",
    "path": "http://media.febcchinese.org/Streaming/book/bc150206.mp3",
    "id": 6282000027,
    "albumId": 6282,
    "albumName": "《书香园地》2015年春季合集",
    "albumtitle": "《书香园地》2015年春季合集(27)",
    "title": "书香园地-20150206"
  },
  {
    "duration": 1760,
    "size": "14.1M",
    "path": "http://media.febcchinese.org/Streaming/book/bc150209.mp3",
    "id": 6282000028,
    "albumId": 6282,
    "albumName": "《书香园地》2015年春季合集",
    "albumtitle": "《书香园地》2015年春季合集(28)",
    "title": "书香园地-20150209"
  },
  {
    "duration": 1760,
    "size": "14.1M",
    "path": "http://media.febcchinese.org/Streaming/book/bc150210.mp3",
    "id": 6282000029,
    "albumId": 6282,
    "albumName": "《书香园地》2015年春季合集",
    "albumtitle": "《书香园地》2015年春季合集(29)",
    "title": "书香园地-20150210"
  },
  {
    "duration": 1760,
    "size": "14.1M",
    "path": "http://media.febcchinese.org/Streaming/book/bc150211.mp3",
    "id": 6282000030,
    "albumId": 6282,
    "albumName": "《书香园地》2015年春季合集",
    "albumtitle": "《书香园地》2015年春季合集(30)",
    "title": "书香园地-20150211"
  },
  {
    "duration": 1760,
    "size": "14.1M",
    "path": "http://media.febcchinese.org/Streaming/book/bc150212.mp3",
    "id": 6282000031,
    "albumId": 6282,
    "albumName": "《书香园地》2015年春季合集",
    "albumtitle": "《书香园地》2015年春季合集(31)",
    "title": "书香园地-20150212"
  },
  {
    "duration": 1760,
    "size": "14.1M",
    "path": "http://media.febcchinese.org/Streaming/book/bc150213.mp3",
    "id": 6282000032,
    "albumId": 6282,
    "albumName": "《书香园地》2015年春季合集",
    "albumtitle": "《书香园地》2015年春季合集(32)",
    "title": "书香园地-20150213"
  },
  {
    "duration": 1760,
    "size": "14.1M",
    "path": "http://media.febcchinese.org/Streaming/book/bc150216.mp3",
    "id": 6282000033,
    "albumId": 6282,
    "albumName": "《书香园地》2015年春季合集",
    "albumtitle": "《书香园地》2015年春季合集(33)",
    "title": "书香园地-20150216"
  },
  {
    "duration": 1760,
    "size": "14.1M",
    "path": "http://media.febcchinese.org/Streaming/book/bc150217.mp3",
    "id": 6282000034,
    "albumId": 6282,
    "albumName": "《书香园地》2015年春季合集",
    "albumtitle": "《书香园地》2015年春季合集(34)",
    "title": "书香园地-20150217"
  },
  {
    "duration": 1760,
    "size": "14.1M",
    "path": "http://media.febcchinese.org/Streaming/book/bc150218.mp3",
    "id": 6282000035,
    "albumId": 6282,
    "albumName": "《书香园地》2015年春季合集",
    "albumtitle": "《书香园地》2015年春季合集(35)",
    "title": "书香园地-20150218"
  },
  {
    "duration": 1760,
    "size": "14.1M",
    "path": "http://media.febcchinese.org/Streaming/book/bc150219.mp3",
    "id": 6282000036,
    "albumId": 6282,
    "albumName": "《书香园地》2015年春季合集",
    "albumtitle": "《书香园地》2015年春季合集(36)",
    "title": "书香园地-20150219"
  },
  {
    "duration": 1760,
    "size": "14.1M",
    "path": "http://media.febcchinese.org/Streaming/book/bc150220.mp3",
    "id": 6282000037,
    "albumId": 6282,
    "albumName": "《书香园地》2015年春季合集",
    "albumtitle": "《书香园地》2015年春季合集(37)",
    "title": "书香园地-20150220"
  },
  {
    "duration": 1760,
    "size": "14.1M",
    "path": "http://media.febcchinese.org/Streaming/book/bc150223.mp3",
    "id": 6282000038,
    "albumId": 6282,
    "albumName": "《书香园地》2015年春季合集",
    "albumtitle": "《书香园地》2015年春季合集(38)",
    "title": "书香园地-20150223"
  },
  {
    "duration": 1760,
    "size": "14.1M",
    "path": "http://media.febcchinese.org/Streaming/book/bc150224.mp3",
    "id": 6282000039,
    "albumId": 6282,
    "albumName": "《书香园地》2015年春季合集",
    "albumtitle": "《书香园地》2015年春季合集(39)",
    "title": "书香园地-20150224"
  },
  {
    "duration": 1760,
    "size": "14.1M",
    "path": "http://media.febcchinese.org/Streaming/book/bc150225.mp3",
    "id": 6282000040,
    "albumId": 6282,
    "albumName": "《书香园地》2015年春季合集",
    "albumtitle": "《书香园地》2015年春季合集(40)",
    "title": "书香园地-20150225"
  },
  {
    "duration": 1760,
    "size": "14.1M",
    "path": "http://media.febcchinese.org/Streaming/book/bc150226.mp3",
    "id": 6282000041,
    "albumId": 6282,
    "albumName": "《书香园地》2015年春季合集",
    "albumtitle": "《书香园地》2015年春季合集(41)",
    "title": "书香园地-20150226"
  },
  {
    "duration": 1760,
    "size": "14.1M",
    "path": "http://media.febcchinese.org/Streaming/book/bc150227.mp3",
    "id": 6282000042,
    "albumId": 6282,
    "albumName": "《书香园地》2015年春季合集",
    "albumtitle": "《书香园地》2015年春季合集(42)",
    "title": "书香园地-20150227"
  },
  {
    "duration": 1760,
    "size": "14.1M",
    "path": "http://media.febcchinese.org/Streaming/book/bc150302.mp3",
    "id": 6282000043,
    "albumId": 6282,
    "albumName": "《书香园地》2015年春季合集",
    "albumtitle": "《书香园地》2015年春季合集(43)",
    "title": "书香园地-20150302"
  },
  {
    "duration": 1760,
    "size": "14.1M",
    "path": "http://media.febcchinese.org/Streaming/book/bc150303.mp3",
    "id": 6282000044,
    "albumId": 6282,
    "albumName": "《书香园地》2015年春季合集",
    "albumtitle": "《书香园地》2015年春季合集(44)",
    "title": "书香园地-20150303"
  },
  {
    "duration": 1760,
    "size": "14.1M",
    "path": "http://media.febcchinese.org/Streaming/book/bc150304.mp3",
    "id": 6282000045,
    "albumId": 6282,
    "albumName": "《书香园地》2015年春季合集",
    "albumtitle": "《书香园地》2015年春季合集(45)",
    "title": "书香园地-20150304"
  },
  {
    "duration": 1760,
    "size": "14.1M",
    "path": "http://media.febcchinese.org/Streaming/book/bc150305.mp3",
    "id": 6282000046,
    "albumId": 6282,
    "albumName": "《书香园地》2015年春季合集",
    "albumtitle": "《书香园地》2015年春季合集(46)",
    "title": "书香园地-20150305"
  },
  {
    "duration": 1760,
    "size": "14.1M",
    "path": "http://media.febcchinese.org/Streaming/book/bc150306.mp3",
    "id": 6282000047,
    "albumId": 6282,
    "albumName": "《书香园地》2015年春季合集",
    "albumtitle": "《书香园地》2015年春季合集(47)",
    "title": "书香园地-20150306"
  },
  {
    "duration": 1760,
    "size": "14.1M",
    "path": "http://media.febcchinese.org/Streaming/book/bc150309.mp3",
    "id": 6282000048,
    "albumId": 6282,
    "albumName": "《书香园地》2015年春季合集",
    "albumtitle": "《书香园地》2015年春季合集(48)",
    "title": "书香园地-20150309"
  },
  {
    "duration": 1760,
    "size": "14.1M",
    "path": "http://media.febcchinese.org/Streaming/book/bc150310.mp3",
    "id": 6282000049,
    "albumId": 6282,
    "albumName": "《书香园地》2015年春季合集",
    "albumtitle": "《书香园地》2015年春季合集(49)",
    "title": "书香园地-20150310"
  },
  {
    "duration": 1760,
    "size": "14.1M",
    "path": "http://media.febcchinese.org/Streaming/book/bc150311.mp3",
    "id": 6282000050,
    "albumId": 6282,
    "albumName": "《书香园地》2015年春季合集",
    "albumtitle": "《书香园地》2015年春季合集(50)",
    "title": "书香园地-20150311"
  },
  {
    "duration": 1760,
    "size": "14.1M",
    "path": "http://media.febcchinese.org/Streaming/book/bc150312.mp3",
    "id": 6282000051,
    "albumId": 6282,
    "albumName": "《书香园地》2015年春季合集",
    "albumtitle": "《书香园地》2015年春季合集(51)",
    "title": "书香园地-20150312"
  },
  {
    "duration": 1760,
    "size": "14.1M",
    "path": "http://media.febcchinese.org/Streaming/book/bc150313.mp3",
    "id": 6282000052,
    "albumId": 6282,
    "albumName": "《书香园地》2015年春季合集",
    "albumtitle": "《书香园地》2015年春季合集(52)",
    "title": "书香园地-20150313"
  },
  {
    "duration": 1760,
    "size": "14.1M",
    "path": "http://media.febcchinese.org/Streaming/book/bc150316.mp3",
    "id": 6282000053,
    "albumId": 6282,
    "albumName": "《书香园地》2015年春季合集",
    "albumtitle": "《书香园地》2015年春季合集(53)",
    "title": "书香园地-20150316"
  },
  {
    "duration": 1760,
    "size": "14.1M",
    "path": "http://media.febcchinese.org/Streaming/book/bc150317.mp3",
    "id": 6282000054,
    "albumId": 6282,
    "albumName": "《书香园地》2015年春季合集",
    "albumtitle": "《书香园地》2015年春季合集(54)",
    "title": "书香园地-20150317"
  },
  {
    "duration": 1760,
    "size": "14.1M",
    "path": "http://media.febcchinese.org/Streaming/book/bc150318.mp3",
    "id": 6282000055,
    "albumId": 6282,
    "albumName": "《书香园地》2015年春季合集",
    "albumtitle": "《书香园地》2015年春季合集(55)",
    "title": "书香园地-20150318"
  },
  {
    "duration": 1760,
    "size": "14.1M",
    "path": "http://media.febcchinese.org/Streaming/book/bc150319.mp3",
    "id": 6282000056,
    "albumId": 6282,
    "albumName": "《书香园地》2015年春季合集",
    "albumtitle": "《书香园地》2015年春季合集(56)",
    "title": "书香园地-20150319"
  },
  {
    "duration": 1760,
    "size": "14.1M",
    "path": "http://media.febcchinese.org/Streaming/book/bc150320.mp3",
    "id": 6282000057,
    "albumId": 6282,
    "albumName": "《书香园地》2015年春季合集",
    "albumtitle": "《书香园地》2015年春季合集(57)",
    "title": "书香园地-20150320"
  },
  {
    "duration": 1760,
    "size": "14.1M",
    "path": "http://media.febcchinese.org/Streaming/book/bc150323.mp3",
    "id": 6282000058,
    "albumId": 6282,
    "albumName": "《书香园地》2015年春季合集",
    "albumtitle": "《书香园地》2015年春季合集(58)",
    "title": "书香园地-20150323"
  },
  {
    "duration": 1760,
    "size": "14.1M",
    "path": "http://media.febcchinese.org/Streaming/book/bc150324.mp3",
    "id": 6282000059,
    "albumId": 6282,
    "albumName": "《书香园地》2015年春季合集",
    "albumtitle": "《书香园地》2015年春季合集(59)",
    "title": "书香园地-20150324"
  },
  {
    "duration": 1760,
    "size": "14.1M",
    "path": "http://media.febcchinese.org/Streaming/book/bc150325.mp3",
    "id": 6282000060,
    "albumId": 6282,
    "albumName": "《书香园地》2015年春季合集",
    "albumtitle": "《书香园地》2015年春季合集(60)",
    "title": "书香园地-20150325"
  },
  {
    "duration": 1760,
    "size": "14.1M",
    "path": "http://media.febcchinese.org/Streaming/book/bc150326.mp3",
    "id": 6282000061,
    "albumId": 6282,
    "albumName": "《书香园地》2015年春季合集",
    "albumtitle": "《书香园地》2015年春季合集(61)",
    "title": "书香园地-20150326"
  },
  {
    "duration": 1760,
    "size": "14.1M",
    "path": "http://media.febcchinese.org/Streaming/book/bc150327.mp3",
    "id": 6282000062,
    "albumId": 6282,
    "albumName": "《书香园地》2015年春季合集",
    "albumtitle": "《书香园地》2015年春季合集(62)",
    "title": "书香园地-20150327"
  },
  {
    "duration": 1760,
    "size": "14.1M",
    "path": "http://media.febcchinese.org/Streaming/book/bc150330.mp3",
    "id": 6282000063,
    "albumId": 6282,
    "albumName": "《书香园地》2015年春季合集",
    "albumtitle": "《书香园地》2015年春季合集(63)",
    "title": "书香园地-20150330"
  },
  {
    "duration": 1760,
    "size": "14.1M",
    "path": "http://media.febcchinese.org/Streaming/book/bc150331.mp3",
    "id": 6282000064,
    "albumId": 6282,
    "albumName": "《书香园地》2015年春季合集",
    "albumtitle": "《书香园地》2015年春季合集(64)",
    "title": "书香园地-20150331"
  }
]