[{
  "duration": 1760,
  "size": "14.1M",
  "path": "http://media.febcchinese.org/Streaming/book/bc150401.mp3",
  "id": 6283000001,
  "albumId": 6283,
  "albumName": "《书香园地》2015年夏季合集",
  "albumtitle": "《书香园地》2015年夏季合集(1)",
  "title": "书香园地-20150401"
},
  {
    "duration": 1760,
    "size": "14.1M",
    "path": "http://media.febcchinese.org/Streaming/book/bc150402.mp3",
    "id": 6283000002,
    "albumId": 6283,
    "albumName": "《书香园地》2015年夏季合集",
    "albumtitle": "《书香园地》2015年夏季合集(2)",
    "title": "书香园地-20150402"
  },
  {
    "duration": 1760,
    "size": "14.1M",
    "path": "http://media.febcchinese.org/Streaming/book/bc150403.mp3",
    "id": 6283000003,
    "albumId": 6283,
    "albumName": "《书香园地》2015年夏季合集",
    "albumtitle": "《书香园地》2015年夏季合集(3)",
    "title": "书香园地-20150403"
  },
  {
    "duration": 1760,
    "size": "14.1M",
    "path": "http://media.febcchinese.org/Streaming/book/bc150406.mp3",
    "id": 6283000004,
    "albumId": 6283,
    "albumName": "《书香园地》2015年夏季合集",
    "albumtitle": "《书香园地》2015年夏季合集(4)",
    "title": "书香园地-20150406"
  },
  {
    "duration": 1760,
    "size": "14.1M",
    "path": "http://media.febcchinese.org/Streaming/book/bc150407.mp3",
    "id": 6283000005,
    "albumId": 6283,
    "albumName": "《书香园地》2015年夏季合集",
    "albumtitle": "《书香园地》2015年夏季合集(5)",
    "title": "书香园地-20150407"
  },
  {
    "duration": 1760,
    "size": "14.1M",
    "path": "http://media.febcchinese.org/Streaming/book/bc150408.mp3",
    "id": 6283000006,
    "albumId": 6283,
    "albumName": "《书香园地》2015年夏季合集",
    "albumtitle": "《书香园地》2015年夏季合集(6)",
    "title": "书香园地-20150408"
  },
  {
    "duration": 1760,
    "size": "14.1M",
    "path": "http://media.febcchinese.org/Streaming/book/bc150409.mp3",
    "id": 6283000007,
    "albumId": 6283,
    "albumName": "《书香园地》2015年夏季合集",
    "albumtitle": "《书香园地》2015年夏季合集(7)",
    "title": "书香园地-20150409"
  },
  {
    "duration": 1760,
    "size": "14.1M",
    "path": "http://media.febcchinese.org/Streaming/book/bc150410.mp3",
    "id": 6283000008,
    "albumId": 6283,
    "albumName": "《书香园地》2015年夏季合集",
    "albumtitle": "《书香园地》2015年夏季合集(8)",
    "title": "书香园地-20150410"
  },
  {
    "duration": 1760,
    "size": "14.1M",
    "path": "http://media.febcchinese.org/Streaming/book/bc150413.mp3",
    "id": 6283000009,
    "albumId": 6283,
    "albumName": "《书香园地》2015年夏季合集",
    "albumtitle": "《书香园地》2015年夏季合集(9)",
    "title": "书香园地-20150413"
  },
  {
    "duration": 1760,
    "size": "14.1M",
    "path": "http://media.febcchinese.org/Streaming/book/bc150414.mp3",
    "id": 6283000010,
    "albumId": 6283,
    "albumName": "《书香园地》2015年夏季合集",
    "albumtitle": "《书香园地》2015年夏季合集(10)",
    "title": "书香园地-20150414"
  },
  {
    "duration": 1760,
    "size": "14.1M",
    "path": "http://media.febcchinese.org/Streaming/book/bc150415.mp3",
    "id": 6283000011,
    "albumId": 6283,
    "albumName": "《书香园地》2015年夏季合集",
    "albumtitle": "《书香园地》2015年夏季合集(11)",
    "title": "书香园地-20150415"
  },
  {
    "duration": 1760,
    "size": "14.1M",
    "path": "http://media.febcchinese.org/Streaming/book/bc150416.mp3",
    "id": 6283000012,
    "albumId": 6283,
    "albumName": "《书香园地》2015年夏季合集",
    "albumtitle": "《书香园地》2015年夏季合集(12)",
    "title": "书香园地-20150416"
  },
  {
    "duration": 1760,
    "size": "14.1M",
    "path": "http://media.febcchinese.org/Streaming/book/bc150417.mp3",
    "id": 6283000013,
    "albumId": 6283,
    "albumName": "《书香园地》2015年夏季合集",
    "albumtitle": "《书香园地》2015年夏季合集(13)",
    "title": "书香园地-20150417"
  },
  {
    "duration": 1760,
    "size": "14.1M",
    "path": "http://media.febcchinese.org/Streaming/book/bc150420.mp3",
    "id": 6283000014,
    "albumId": 6283,
    "albumName": "《书香园地》2015年夏季合集",
    "albumtitle": "《书香园地》2015年夏季合集(14)",
    "title": "书香园地-20150420"
  },
  {
    "duration": 1760,
    "size": "14.1M",
    "path": "http://media.febcchinese.org/Streaming/book/bc150421.mp3",
    "id": 6283000015,
    "albumId": 6283,
    "albumName": "《书香园地》2015年夏季合集",
    "albumtitle": "《书香园地》2015年夏季合集(15)",
    "title": "书香园地-20150421"
  },
  {
    "duration": 1760,
    "size": "14.1M",
    "path": "http://media.febcchinese.org/Streaming/book/bc150422.mp3",
    "id": 6283000016,
    "albumId": 6283,
    "albumName": "《书香园地》2015年夏季合集",
    "albumtitle": "《书香园地》2015年夏季合集(16)",
    "title": "书香园地-20150422"
  },
  {
    "duration": 1760,
    "size": "14.1M",
    "path": "http://media.febcchinese.org/Streaming/book/bc150423.mp3",
    "id": 6283000017,
    "albumId": 6283,
    "albumName": "《书香园地》2015年夏季合集",
    "albumtitle": "《书香园地》2015年夏季合集(17)",
    "title": "书香园地-20150423"
  },
  {
    "duration": 1760,
    "size": "14.1M",
    "path": "http://media.febcchinese.org/Streaming/book/bc150424.mp3",
    "id": 6283000018,
    "albumId": 6283,
    "albumName": "《书香园地》2015年夏季合集",
    "albumtitle": "《书香园地》2015年夏季合集(18)",
    "title": "书香园地-20150424"
  },
  {
    "duration": 1760,
    "size": "14.1M",
    "path": "http://media.febcchinese.org/Streaming/book/bc150427.mp3",
    "id": 6283000019,
    "albumId": 6283,
    "albumName": "《书香园地》2015年夏季合集",
    "albumtitle": "《书香园地》2015年夏季合集(19)",
    "title": "书香园地-20150427"
  },
  {
    "duration": 1760,
    "size": "14.1M",
    "path": "http://media.febcchinese.org/Streaming/book/bc150428.mp3",
    "id": 6283000020,
    "albumId": 6283,
    "albumName": "《书香园地》2015年夏季合集",
    "albumtitle": "《书香园地》2015年夏季合集(20)",
    "title": "书香园地-20150428"
  },
  {
    "duration": 1760,
    "size": "14.1M",
    "path": "http://media.febcchinese.org/Streaming/book/bc150429.mp3",
    "id": 6283000021,
    "albumId": 6283,
    "albumName": "《书香园地》2015年夏季合集",
    "albumtitle": "《书香园地》2015年夏季合集(21)",
    "title": "书香园地-20150429"
  },
  {
    "duration": 1760,
    "size": "14.1M",
    "path": "http://media.febcchinese.org/Streaming/book/bc150430.mp3",
    "id": 6283000022,
    "albumId": 6283,
    "albumName": "《书香园地》2015年夏季合集",
    "albumtitle": "《书香园地》2015年夏季合集(22)",
    "title": "书香园地-20150430"
  },
  {
    "duration": 1760,
    "size": "14.1M",
    "path": "http://media.febcchinese.org/Streaming/book/bc150501.mp3",
    "id": 6283000023,
    "albumId": 6283,
    "albumName": "《书香园地》2015年夏季合集",
    "albumtitle": "《书香园地》2015年夏季合集(23)",
    "title": "书香园地-20150501"
  },
  {
    "duration": 1760,
    "size": "14.1M",
    "path": "http://media.febcchinese.org/Streaming/book/bc150504.mp3",
    "id": 6283000024,
    "albumId": 6283,
    "albumName": "《书香园地》2015年夏季合集",
    "albumtitle": "《书香园地》2015年夏季合集(24)",
    "title": "书香园地-20150504"
  },
  {
    "duration": 1760,
    "size": "14.1M",
    "path": "http://media.febcchinese.org/Streaming/book/bc150505.mp3",
    "id": 6283000025,
    "albumId": 6283,
    "albumName": "《书香园地》2015年夏季合集",
    "albumtitle": "《书香园地》2015年夏季合集(25)",
    "title": "书香园地-20150505"
  },
  {
    "duration": 1760,
    "size": "14.1M",
    "path": "http://media.febcchinese.org/Streaming/book/bc150506.mp3",
    "id": 6283000026,
    "albumId": 6283,
    "albumName": "《书香园地》2015年夏季合集",
    "albumtitle": "《书香园地》2015年夏季合集(26)",
    "title": "书香园地-20150506"
  },
  {
    "duration": 1760,
    "size": "14.1M",
    "path": "http://media.febcchinese.org/Streaming/book/bc150507.mp3",
    "id": 6283000027,
    "albumId": 6283,
    "albumName": "《书香园地》2015年夏季合集",
    "albumtitle": "《书香园地》2015年夏季合集(27)",
    "title": "书香园地-20150507"
  },
  {
    "duration": 1760,
    "size": "14.1M",
    "path": "http://media.febcchinese.org/Streaming/book/bc150508.mp3",
    "id": 6283000028,
    "albumId": 6283,
    "albumName": "《书香园地》2015年夏季合集",
    "albumtitle": "《书香园地》2015年夏季合集(28)",
    "title": "书香园地-20150508"
  },
  {
    "duration": 1760,
    "size": "14.1M",
    "path": "http://media.febcchinese.org/Streaming/book/bc150511.mp3",
    "id": 6283000029,
    "albumId": 6283,
    "albumName": "《书香园地》2015年夏季合集",
    "albumtitle": "《书香园地》2015年夏季合集(29)",
    "title": "书香园地-20150511"
  },
  {
    "duration": 1760,
    "size": "14.1M",
    "path": "http://media.febcchinese.org/Streaming/book/bc150512.mp3",
    "id": 6283000030,
    "albumId": 6283,
    "albumName": "《书香园地》2015年夏季合集",
    "albumtitle": "《书香园地》2015年夏季合集(30)",
    "title": "书香园地-20150512"
  },
  {
    "duration": 1760,
    "size": "14.1M",
    "path": "http://media.febcchinese.org/Streaming/book/bc150513.mp3",
    "id": 6283000031,
    "albumId": 6283,
    "albumName": "《书香园地》2015年夏季合集",
    "albumtitle": "《书香园地》2015年夏季合集(31)",
    "title": "书香园地-20150513"
  },
  {
    "duration": 1760,
    "size": "14.1M",
    "path": "http://media.febcchinese.org/Streaming/book/bc150514.mp3",
    "id": 6283000032,
    "albumId": 6283,
    "albumName": "《书香园地》2015年夏季合集",
    "albumtitle": "《书香园地》2015年夏季合集(32)",
    "title": "书香园地-20150514"
  },
  {
    "duration": 1760,
    "size": "14.1M",
    "path": "http://media.febcchinese.org/Streaming/book/bc150515.mp3",
    "id": 6283000033,
    "albumId": 6283,
    "albumName": "《书香园地》2015年夏季合集",
    "albumtitle": "《书香园地》2015年夏季合集(33)",
    "title": "书香园地-20150515"
  },
  {
    "duration": 1760,
    "size": "14.1M",
    "path": "http://media.febcchinese.org/Streaming/book/bc150518.mp3",
    "id": 6283000034,
    "albumId": 6283,
    "albumName": "《书香园地》2015年夏季合集",
    "albumtitle": "《书香园地》2015年夏季合集(34)",
    "title": "书香园地-20150518"
  },
  {
    "duration": 1760,
    "size": "14.1M",
    "path": "http://media.febcchinese.org/Streaming/book/bc150519.mp3",
    "id": 6283000035,
    "albumId": 6283,
    "albumName": "《书香园地》2015年夏季合集",
    "albumtitle": "《书香园地》2015年夏季合集(35)",
    "title": "书香园地-20150519"
  },
  {
    "duration": 1760,
    "size": "14.1M",
    "path": "http://media.febcchinese.org/Streaming/book/bc150520.mp3",
    "id": 6283000036,
    "albumId": 6283,
    "albumName": "《书香园地》2015年夏季合集",
    "albumtitle": "《书香园地》2015年夏季合集(36)",
    "title": "书香园地-20150520"
  },
  {
    "duration": 1760,
    "size": "14.1M",
    "path": "http://media.febcchinese.org/Streaming/book/bc150521.mp3",
    "id": 6283000037,
    "albumId": 6283,
    "albumName": "《书香园地》2015年夏季合集",
    "albumtitle": "《书香园地》2015年夏季合集(37)",
    "title": "书香园地-20150521"
  },
  {
    "duration": 1760,
    "size": "14.1M",
    "path": "http://media.febcchinese.org/Streaming/book/bc150522.mp3",
    "id": 6283000038,
    "albumId": 6283,
    "albumName": "《书香园地》2015年夏季合集",
    "albumtitle": "《书香园地》2015年夏季合集(38)",
    "title": "书香园地-20150522"
  },
  {
    "duration": 1760,
    "size": "14.1M",
    "path": "http://media.febcchinese.org/Streaming/book/bc150525.mp3",
    "id": 6283000039,
    "albumId": 6283,
    "albumName": "《书香园地》2015年夏季合集",
    "albumtitle": "《书香园地》2015年夏季合集(39)",
    "title": "书香园地-20150525"
  },
  {
    "duration": 1760,
    "size": "14.1M",
    "path": "http://media.febcchinese.org/Streaming/book/bc150526.mp3",
    "id": 6283000040,
    "albumId": 6283,
    "albumName": "《书香园地》2015年夏季合集",
    "albumtitle": "《书香园地》2015年夏季合集(40)",
    "title": "书香园地-20150526"
  },
  {
    "duration": 1760,
    "size": "14.1M",
    "path": "http://media.febcchinese.org/Streaming/book/bc150527.mp3",
    "id": 6283000041,
    "albumId": 6283,
    "albumName": "《书香园地》2015年夏季合集",
    "albumtitle": "《书香园地》2015年夏季合集(41)",
    "title": "书香园地-20150527"
  },
  {
    "duration": 1760,
    "size": "14.1M",
    "path": "http://media.febcchinese.org/Streaming/book/bc150528.mp3",
    "id": 6283000042,
    "albumId": 6283,
    "albumName": "《书香园地》2015年夏季合集",
    "albumtitle": "《书香园地》2015年夏季合集(42)",
    "title": "书香园地-20150528"
  },
  {
    "duration": 1760,
    "size": "14.1M",
    "path": "http://media.febcchinese.org/Streaming/book/bc150529.mp3",
    "id": 6283000043,
    "albumId": 6283,
    "albumName": "《书香园地》2015年夏季合集",
    "albumtitle": "《书香园地》2015年夏季合集(43)",
    "title": "书香园地-20150529"
  },
  {
    "duration": 1760,
    "size": "14.1M",
    "path": "http://media.febcchinese.org/Streaming/book/bc150601.mp3",
    "id": 6283000044,
    "albumId": 6283,
    "albumName": "《书香园地》2015年夏季合集",
    "albumtitle": "《书香园地》2015年夏季合集(44)",
    "title": "书香园地-20150601"
  },
  {
    "duration": 1760,
    "size": "14.1M",
    "path": "http://media.febcchinese.org/Streaming/book/bc150602.mp3",
    "id": 6283000045,
    "albumId": 6283,
    "albumName": "《书香园地》2015年夏季合集",
    "albumtitle": "《书香园地》2015年夏季合集(45)",
    "title": "书香园地-20150602"
  },
  {
    "duration": 1760,
    "size": "14.1M",
    "path": "http://media.febcchinese.org/Streaming/book/bc150603.mp3",
    "id": 6283000046,
    "albumId": 6283,
    "albumName": "《书香园地》2015年夏季合集",
    "albumtitle": "《书香园地》2015年夏季合集(46)",
    "title": "书香园地-20150603"
  },
  {
    "duration": 1760,
    "size": "14.1M",
    "path": "http://media.febcchinese.org/Streaming/book/bc150604.mp3",
    "id": 6283000047,
    "albumId": 6283,
    "albumName": "《书香园地》2015年夏季合集",
    "albumtitle": "《书香园地》2015年夏季合集(47)",
    "title": "书香园地-20150604"
  },
  {
    "duration": 1760,
    "size": "14.1M",
    "path": "http://media.febcchinese.org/Streaming/book/bc150605.mp3",
    "id": 6283000048,
    "albumId": 6283,
    "albumName": "《书香园地》2015年夏季合集",
    "albumtitle": "《书香园地》2015年夏季合集(48)",
    "title": "书香园地-20150605"
  },
  {
    "duration": 1760,
    "size": "14.1M",
    "path": "http://media.febcchinese.org/Streaming/book/bc150608.mp3",
    "id": 6283000049,
    "albumId": 6283,
    "albumName": "《书香园地》2015年夏季合集",
    "albumtitle": "《书香园地》2015年夏季合集(49)",
    "title": "书香园地-20150608"
  },
  {
    "duration": 1760,
    "size": "14.1M",
    "path": "http://media.febcchinese.org/Streaming/book/bc150609.mp3",
    "id": 6283000050,
    "albumId": 6283,
    "albumName": "《书香园地》2015年夏季合集",
    "albumtitle": "《书香园地》2015年夏季合集(50)",
    "title": "书香园地-20150609"
  },
  {
    "duration": 1760,
    "size": "14.1M",
    "path": "http://media.febcchinese.org/Streaming/book/bc150610.mp3",
    "id": 6283000051,
    "albumId": 6283,
    "albumName": "《书香园地》2015年夏季合集",
    "albumtitle": "《书香园地》2015年夏季合集(51)",
    "title": "书香园地-20150610"
  },
  {
    "duration": 1760,
    "size": "14.1M",
    "path": "http://media.febcchinese.org/Streaming/book/bc150611.mp3",
    "id": 6283000052,
    "albumId": 6283,
    "albumName": "《书香园地》2015年夏季合集",
    "albumtitle": "《书香园地》2015年夏季合集(52)",
    "title": "书香园地-20150611"
  },
  {
    "duration": 1760,
    "size": "14.1M",
    "path": "http://media.febcchinese.org/Streaming/book/bc150612.mp3",
    "id": 6283000053,
    "albumId": 6283,
    "albumName": "《书香园地》2015年夏季合集",
    "albumtitle": "《书香园地》2015年夏季合集(53)",
    "title": "书香园地-20150612"
  },
  {
    "duration": 1760,
    "size": "14.1M",
    "path": "http://media.febcchinese.org/Streaming/book/bc150615.mp3",
    "id": 6283000054,
    "albumId": 6283,
    "albumName": "《书香园地》2015年夏季合集",
    "albumtitle": "《书香园地》2015年夏季合集(54)",
    "title": "书香园地-20150615"
  },
  {
    "duration": 1760,
    "size": "14.1M",
    "path": "http://media.febcchinese.org/Streaming/book/bc150616.mp3",
    "id": 6283000055,
    "albumId": 6283,
    "albumName": "《书香园地》2015年夏季合集",
    "albumtitle": "《书香园地》2015年夏季合集(55)",
    "title": "书香园地-20150616"
  },
  {
    "duration": 1760,
    "size": "14.1M",
    "path": "http://media.febcchinese.org/Streaming/book/bc150617.mp3",
    "id": 6283000056,
    "albumId": 6283,
    "albumName": "《书香园地》2015年夏季合集",
    "albumtitle": "《书香园地》2015年夏季合集(56)",
    "title": "书香园地-20150617"
  },
  {
    "duration": 1760,
    "size": "14.1M",
    "path": "http://media.febcchinese.org/Streaming/book/bc150618.mp3",
    "id": 6283000057,
    "albumId": 6283,
    "albumName": "《书香园地》2015年夏季合集",
    "albumtitle": "《书香园地》2015年夏季合集(57)",
    "title": "书香园地-20150618"
  },
  {
    "duration": 1760,
    "size": "14.1M",
    "path": "http://media.febcchinese.org/Streaming/book/bc150619.mp3",
    "id": 6283000058,
    "albumId": 6283,
    "albumName": "《书香园地》2015年夏季合集",
    "albumtitle": "《书香园地》2015年夏季合集(58)",
    "title": "书香园地-20150619"
  },
  {
    "duration": 1760,
    "size": "14.1M",
    "path": "http://media.febcchinese.org/Streaming/book/bc150622.mp3",
    "id": 6283000059,
    "albumId": 6283,
    "albumName": "《书香园地》2015年夏季合集",
    "albumtitle": "《书香园地》2015年夏季合集(59)",
    "title": "书香园地-20150622"
  },
  {
    "duration": 1760,
    "size": "14.1M",
    "path": "http://media.febcchinese.org/Streaming/book/bc150623.mp3",
    "id": 6283000060,
    "albumId": 6283,
    "albumName": "《书香园地》2015年夏季合集",
    "albumtitle": "《书香园地》2015年夏季合集(60)",
    "title": "书香园地-20150623"
  },
  {
    "duration": 1760,
    "size": "14.1M",
    "path": "http://media.febcchinese.org/Streaming/book/bc150624.mp3",
    "id": 6283000061,
    "albumId": 6283,
    "albumName": "《书香园地》2015年夏季合集",
    "albumtitle": "《书香园地》2015年夏季合集(61)",
    "title": "书香园地-20150624"
  },
  {
    "duration": 1760,
    "size": "14.1M",
    "path": "http://media.febcchinese.org/Streaming/book/bc150625.mp3",
    "id": 6283000062,
    "albumId": 6283,
    "albumName": "《书香园地》2015年夏季合集",
    "albumtitle": "《书香园地》2015年夏季合集(62)",
    "title": "书香园地-20150625"
  },
  {
    "duration": 1760,
    "size": "14.1M",
    "path": "http://media.febcchinese.org/Streaming/book/bc150626.mp3",
    "id": 6283000063,
    "albumId": 6283,
    "albumName": "《书香园地》2015年夏季合集",
    "albumtitle": "《书香园地》2015年夏季合集(63)",
    "title": "书香园地-20150626"
  },
  {
    "duration": 1760,
    "size": "14.1M",
    "path": "http://media.febcchinese.org/Streaming/book/bc150629.mp3",
    "id": 6283000064,
    "albumId": 6283,
    "albumName": "《书香园地》2015年夏季合集",
    "albumtitle": "《书香园地》2015年夏季合集(64)",
    "title": "书香园地-20150629"
  },
  {
    "duration": 1760,
    "size": "14.1M",
    "path": "http://media.febcchinese.org/Streaming/book/bc150630.mp3",
    "id": 6283000065,
    "albumId": 6283,
    "albumName": "《书香园地》2015年夏季合集",
    "albumtitle": "《书香园地》2015年夏季合集(65)",
    "title": "书香园地-20150630"
  }
]