[{
  "duration": 1760,
  "size": "14.1M",
  "path": "http://media.febcchinese.org/Streaming/book/bc170703.mp3",
  "id": 6292000001,
  "albumId": 6292,
  "albumName": "《书香园地》2017年秋季合集",
  "albumtitle": "《书香园地》2017年秋季合集(1)",
  "title": "书香园地-20170703"
},
  {
    "duration": 1760,
    "size": "14.1M",
    "path": "http://media.febcchinese.org/Streaming/book/bc170704.mp3",
    "id": 6292000002,
    "albumId": 6292,
    "albumName": "《书香园地》2017年秋季合集",
    "albumtitle": "《书香园地》2017年秋季合集(2)",
    "title": "书香园地-20170704"
  },
  {
    "duration": 1760,
    "size": "14.1M",
    "path": "http://media.febcchinese.org/Streaming/book/bc170705.mp3",
    "id": 6292000003,
    "albumId": 6292,
    "albumName": "《书香园地》2017年秋季合集",
    "albumtitle": "《书香园地》2017年秋季合集(3)",
    "title": "书香园地-20170705"
  },
  {
    "duration": 1760,
    "size": "14.1M",
    "path": "http://media.febcchinese.org/Streaming/book/bc170706.mp3",
    "id": 6292000004,
    "albumId": 6292,
    "albumName": "《书香园地》2017年秋季合集",
    "albumtitle": "《书香园地》2017年秋季合集(4)",
    "title": "书香园地-20170706"
  },
  {
    "duration": 1760,
    "size": "14.1M",
    "path": "http://media.febcchinese.org/Streaming/book/bc170707.mp3",
    "id": 6292000005,
    "albumId": 6292,
    "albumName": "《书香园地》2017年秋季合集",
    "albumtitle": "《书香园地》2017年秋季合集(5)",
    "title": "书香园地-20170707"
  },
  {
    "duration": 1760,
    "size": "14.1M",
    "path": "http://media.febcchinese.org/Streaming/book/bc170710.mp3",
    "id": 6292000006,
    "albumId": 6292,
    "albumName": "《书香园地》2017年秋季合集",
    "albumtitle": "《书香园地》2017年秋季合集(6)",
    "title": "书香园地-20170710"
  },
  {
    "duration": 1760,
    "size": "14.1M",
    "path": "http://media.febcchinese.org/Streaming/book/bc170711.mp3",
    "id": 6292000007,
    "albumId": 6292,
    "albumName": "《书香园地》2017年秋季合集",
    "albumtitle": "《书香园地》2017年秋季合集(7)",
    "title": "书香园地-20170711"
  },
  {
    "duration": 1760,
    "size": "14.1M",
    "path": "http://media.febcchinese.org/Streaming/book/bc170712.mp3",
    "id": 6292000008,
    "albumId": 6292,
    "albumName": "《书香园地》2017年秋季合集",
    "albumtitle": "《书香园地》2017年秋季合集(8)",
    "title": "书香园地-20170712"
  },
  {
    "duration": 1760,
    "size": "14.1M",
    "path": "http://media.febcchinese.org/Streaming/book/bc170713.mp3",
    "id": 6292000009,
    "albumId": 6292,
    "albumName": "《书香园地》2017年秋季合集",
    "albumtitle": "《书香园地》2017年秋季合集(9)",
    "title": "书香园地-20170713"
  },
  {
    "duration": 1760,
    "size": "14.1M",
    "path": "http://media.febcchinese.org/Streaming/book/bc170714.mp3",
    "id": 6292000010,
    "albumId": 6292,
    "albumName": "《书香园地》2017年秋季合集",
    "albumtitle": "《书香园地》2017年秋季合集(10)",
    "title": "书香园地-20170714"
  },
  {
    "duration": 1760,
    "size": "14.1M",
    "path": "http://media.febcchinese.org/Streaming/book/bc170717.mp3",
    "id": 6292000011,
    "albumId": 6292,
    "albumName": "《书香园地》2017年秋季合集",
    "albumtitle": "《书香园地》2017年秋季合集(11)",
    "title": "书香园地-20170717"
  },
  {
    "duration": 1760,
    "size": "14.1M",
    "path": "http://media.febcchinese.org/Streaming/book/bc170718.mp3",
    "id": 6292000012,
    "albumId": 6292,
    "albumName": "《书香园地》2017年秋季合集",
    "albumtitle": "《书香园地》2017年秋季合集(12)",
    "title": "书香园地-20170718"
  },
  {
    "duration": 1760,
    "size": "14.1M",
    "path": "http://media.febcchinese.org/Streaming/book/bc170719.mp3",
    "id": 6292000013,
    "albumId": 6292,
    "albumName": "《书香园地》2017年秋季合集",
    "albumtitle": "《书香园地》2017年秋季合集(13)",
    "title": "书香园地-20170719"
  },
  {
    "duration": 1760,
    "size": "14.1M",
    "path": "http://media.febcchinese.org/Streaming/book/bc170720.mp3",
    "id": 6292000014,
    "albumId": 6292,
    "albumName": "《书香园地》2017年秋季合集",
    "albumtitle": "《书香园地》2017年秋季合集(14)",
    "title": "书香园地-20170720"
  },
  {
    "duration": 1760,
    "size": "14.1M",
    "path": "http://media.febcchinese.org/Streaming/book/bc170721.mp3",
    "id": 6292000015,
    "albumId": 6292,
    "albumName": "《书香园地》2017年秋季合集",
    "albumtitle": "《书香园地》2017年秋季合集(15)",
    "title": "书香园地-20170721"
  },
  {
    "duration": 1760,
    "size": "14.1M",
    "path": "http://media.febcchinese.org/Streaming/book/bc170724.mp3",
    "id": 6292000016,
    "albumId": 6292,
    "albumName": "《书香园地》2017年秋季合集",
    "albumtitle": "《书香园地》2017年秋季合集(16)",
    "title": "书香园地-20170724"
  },
  {
    "duration": 1760,
    "size": "14.1M",
    "path": "http://media.febcchinese.org/Streaming/book/bc170725.mp3",
    "id": 6292000017,
    "albumId": 6292,
    "albumName": "《书香园地》2017年秋季合集",
    "albumtitle": "《书香园地》2017年秋季合集(17)",
    "title": "书香园地-20170725"
  },
  {
    "duration": 1760,
    "size": "14.1M",
    "path": "http://media.febcchinese.org/Streaming/book/bc170726.mp3",
    "id": 6292000018,
    "albumId": 6292,
    "albumName": "《书香园地》2017年秋季合集",
    "albumtitle": "《书香园地》2017年秋季合集(18)",
    "title": "书香园地-20170726"
  },
  {
    "duration": 1760,
    "size": "14.1M",
    "path": "http://media.febcchinese.org/Streaming/book/bc170727.mp3",
    "id": 6292000019,
    "albumId": 6292,
    "albumName": "《书香园地》2017年秋季合集",
    "albumtitle": "《书香园地》2017年秋季合集(19)",
    "title": "书香园地-20170727"
  },
  {
    "duration": 1760,
    "size": "14.1M",
    "path": "http://media.febcchinese.org/Streaming/book/bc170728.mp3",
    "id": 6292000020,
    "albumId": 6292,
    "albumName": "《书香园地》2017年秋季合集",
    "albumtitle": "《书香园地》2017年秋季合集(20)",
    "title": "书香园地-20170728"
  },
  {
    "duration": 1760,
    "size": "14.1M",
    "path": "http://media.febcchinese.org/Streaming/book/bc170731.mp3",
    "id": 6292000021,
    "albumId": 6292,
    "albumName": "《书香园地》2017年秋季合集",
    "albumtitle": "《书香园地》2017年秋季合集(21)",
    "title": "书香园地-20170731"
  },
  {
    "duration": 1760,
    "size": "14.1M",
    "path": "http://media.febcchinese.org/Streaming/book/bc170801.mp3",
    "id": 6292000022,
    "albumId": 6292,
    "albumName": "《书香园地》2017年秋季合集",
    "albumtitle": "《书香园地》2017年秋季合集(22)",
    "title": "书香园地-20170801"
  },
  {
    "duration": 1760,
    "size": "14.1M",
    "path": "http://media.febcchinese.org/Streaming/book/bc170802.mp3",
    "id": 6292000023,
    "albumId": 6292,
    "albumName": "《书香园地》2017年秋季合集",
    "albumtitle": "《书香园地》2017年秋季合集(23)",
    "title": "书香园地-20170802"
  },
  {
    "duration": 1760,
    "size": "14.1M",
    "path": "http://media.febcchinese.org/Streaming/book/bc170803.mp3",
    "id": 6292000024,
    "albumId": 6292,
    "albumName": "《书香园地》2017年秋季合集",
    "albumtitle": "《书香园地》2017年秋季合集(24)",
    "title": "书香园地-20170803"
  },
  {
    "duration": 1760,
    "size": "14.1M",
    "path": "http://media.febcchinese.org/Streaming/book/bc170804.mp3",
    "id": 6292000025,
    "albumId": 6292,
    "albumName": "《书香园地》2017年秋季合集",
    "albumtitle": "《书香园地》2017年秋季合集(25)",
    "title": "书香园地-20170804"
  },
  {
    "duration": 1760,
    "size": "14.1M",
    "path": "http://media.febcchinese.org/Streaming/book/bc170807.mp3",
    "id": 6292000026,
    "albumId": 6292,
    "albumName": "《书香园地》2017年秋季合集",
    "albumtitle": "《书香园地》2017年秋季合集(26)",
    "title": "书香园地-20170807"
  },
  {
    "duration": 1760,
    "size": "14.1M",
    "path": "http://media.febcchinese.org/Streaming/book/bc170808.mp3",
    "id": 6292000027,
    "albumId": 6292,
    "albumName": "《书香园地》2017年秋季合集",
    "albumtitle": "《书香园地》2017年秋季合集(27)",
    "title": "书香园地-20170808"
  },
  {
    "duration": 1760,
    "size": "14.1M",
    "path": "http://media.febcchinese.org/Streaming/book/bc170809.mp3",
    "id": 6292000028,
    "albumId": 6292,
    "albumName": "《书香园地》2017年秋季合集",
    "albumtitle": "《书香园地》2017年秋季合集(28)",
    "title": "书香园地-20170809"
  },
  {
    "duration": 1760,
    "size": "14.1M",
    "path": "http://media.febcchinese.org/Streaming/book/bc170810.mp3",
    "id": 6292000029,
    "albumId": 6292,
    "albumName": "《书香园地》2017年秋季合集",
    "albumtitle": "《书香园地》2017年秋季合集(29)",
    "title": "书香园地-20170810"
  },
  {
    "duration": 1760,
    "size": "14.1M",
    "path": "http://media.febcchinese.org/Streaming/book/bc170811.mp3",
    "id": 6292000030,
    "albumId": 6292,
    "albumName": "《书香园地》2017年秋季合集",
    "albumtitle": "《书香园地》2017年秋季合集(30)",
    "title": "书香园地-20170811"
  },
  {
    "duration": 1760,
    "size": "14.1M",
    "path": "http://media.febcchinese.org/Streaming/book/bc170814.mp3",
    "id": 6292000031,
    "albumId": 6292,
    "albumName": "《书香园地》2017年秋季合集",
    "albumtitle": "《书香园地》2017年秋季合集(31)",
    "title": "书香园地-20170814"
  },
  {
    "duration": 1760,
    "size": "14.1M",
    "path": "http://media.febcchinese.org/Streaming/book/bc170815.mp3",
    "id": 6292000032,
    "albumId": 6292,
    "albumName": "《书香园地》2017年秋季合集",
    "albumtitle": "《书香园地》2017年秋季合集(32)",
    "title": "书香园地-20170815"
  },
  {
    "duration": 1760,
    "size": "14.1M",
    "path": "http://media.febcchinese.org/Streaming/book/bc170816.mp3",
    "id": 6292000033,
    "albumId": 6292,
    "albumName": "《书香园地》2017年秋季合集",
    "albumtitle": "《书香园地》2017年秋季合集(33)",
    "title": "书香园地-20170816"
  },
  {
    "duration": 1760,
    "size": "14.1M",
    "path": "http://media.febcchinese.org/Streaming/book/bc170817.mp3",
    "id": 6292000034,
    "albumId": 6292,
    "albumName": "《书香园地》2017年秋季合集",
    "albumtitle": "《书香园地》2017年秋季合集(34)",
    "title": "书香园地-20170817"
  },
  {
    "duration": 1760,
    "size": "14.1M",
    "path": "http://media.febcchinese.org/Streaming/book/bc170818.mp3",
    "id": 6292000035,
    "albumId": 6292,
    "albumName": "《书香园地》2017年秋季合集",
    "albumtitle": "《书香园地》2017年秋季合集(35)",
    "title": "书香园地-20170818"
  },
  {
    "duration": 1760,
    "size": "14.1M",
    "path": "http://media.febcchinese.org/Streaming/book/bc170821.mp3",
    "id": 6292000036,
    "albumId": 6292,
    "albumName": "《书香园地》2017年秋季合集",
    "albumtitle": "《书香园地》2017年秋季合集(36)",
    "title": "书香园地-20170821"
  },
  {
    "duration": 1760,
    "size": "14.1M",
    "path": "http://media.febcchinese.org/Streaming/book/bc170822.mp3",
    "id": 6292000037,
    "albumId": 6292,
    "albumName": "《书香园地》2017年秋季合集",
    "albumtitle": "《书香园地》2017年秋季合集(37)",
    "title": "书香园地-20170822"
  },
  {
    "duration": 1760,
    "size": "14.1M",
    "path": "http://media.febcchinese.org/Streaming/book/bc170823.mp3",
    "id": 6292000038,
    "albumId": 6292,
    "albumName": "《书香园地》2017年秋季合集",
    "albumtitle": "《书香园地》2017年秋季合集(38)",
    "title": "书香园地-20170823"
  },
  {
    "duration": 1760,
    "size": "14.1M",
    "path": "http://media.febcchinese.org/Streaming/book/bc170824.mp3",
    "id": 6292000039,
    "albumId": 6292,
    "albumName": "《书香园地》2017年秋季合集",
    "albumtitle": "《书香园地》2017年秋季合集(39)",
    "title": "书香园地-20170824"
  },
  {
    "duration": 1760,
    "size": "14.1M",
    "path": "http://media.febcchinese.org/Streaming/book/bc170825.mp3",
    "id": 6292000040,
    "albumId": 6292,
    "albumName": "《书香园地》2017年秋季合集",
    "albumtitle": "《书香园地》2017年秋季合集(40)",
    "title": "书香园地-20170825"
  },
  {
    "duration": 1760,
    "size": "14.1M",
    "path": "http://media.febcchinese.org/Streaming/book/bc170828.mp3",
    "id": 6292000041,
    "albumId": 6292,
    "albumName": "《书香园地》2017年秋季合集",
    "albumtitle": "《书香园地》2017年秋季合集(41)",
    "title": "书香园地-20170828"
  },
  {
    "duration": 1760,
    "size": "14.1M",
    "path": "http://media.febcchinese.org/Streaming/book/bc170829.mp3",
    "id": 6292000042,
    "albumId": 6292,
    "albumName": "《书香园地》2017年秋季合集",
    "albumtitle": "《书香园地》2017年秋季合集(42)",
    "title": "书香园地-20170829"
  },
  {
    "duration": 1760,
    "size": "14.1M",
    "path": "http://media.febcchinese.org/Streaming/book/bc170830.mp3",
    "id": 6292000043,
    "albumId": 6292,
    "albumName": "《书香园地》2017年秋季合集",
    "albumtitle": "《书香园地》2017年秋季合集(43)",
    "title": "书香园地-20170830"
  },
  {
    "duration": 1760,
    "size": "14.1M",
    "path": "http://media.febcchinese.org/Streaming/book/bc170831.mp3",
    "id": 6292000044,
    "albumId": 6292,
    "albumName": "《书香园地》2017年秋季合集",
    "albumtitle": "《书香园地》2017年秋季合集(44)",
    "title": "书香园地-20170831"
  },
  {
    "duration": 1760,
    "size": "14.1M",
    "path": "http://media.febcchinese.org/Streaming/book/bc170901.mp3",
    "id": 6292000045,
    "albumId": 6292,
    "albumName": "《书香园地》2017年秋季合集",
    "albumtitle": "《书香园地》2017年秋季合集(45)",
    "title": "书香园地-20170901"
  },
  {
    "duration": 1760,
    "size": "14.1M",
    "path": "http://media.febcchinese.org/Streaming/book/bc170904.mp3",
    "id": 6292000046,
    "albumId": 6292,
    "albumName": "《书香园地》2017年秋季合集",
    "albumtitle": "《书香园地》2017年秋季合集(46)",
    "title": "书香园地-20170904"
  },
  {
    "duration": 1760,
    "size": "14.1M",
    "path": "http://media.febcchinese.org/Streaming/book/bc170905.mp3",
    "id": 6292000047,
    "albumId": 6292,
    "albumName": "《书香园地》2017年秋季合集",
    "albumtitle": "《书香园地》2017年秋季合集(47)",
    "title": "书香园地-20170905"
  },
  {
    "duration": 1760,
    "size": "14.1M",
    "path": "http://media.febcchinese.org/Streaming/book/bc170906.mp3",
    "id": 6292000048,
    "albumId": 6292,
    "albumName": "《书香园地》2017年秋季合集",
    "albumtitle": "《书香园地》2017年秋季合集(48)",
    "title": "书香园地-20170906"
  },
  {
    "duration": 1760,
    "size": "14.1M",
    "path": "http://media.febcchinese.org/Streaming/book/bc170907.mp3",
    "id": 6292000049,
    "albumId": 6292,
    "albumName": "《书香园地》2017年秋季合集",
    "albumtitle": "《书香园地》2017年秋季合集(49)",
    "title": "书香园地-20170907"
  },
  {
    "duration": 1760,
    "size": "14.1M",
    "path": "http://media.febcchinese.org/Streaming/book/bc170908.mp3",
    "id": 6292000050,
    "albumId": 6292,
    "albumName": "《书香园地》2017年秋季合集",
    "albumtitle": "《书香园地》2017年秋季合集(50)",
    "title": "书香园地-20170908"
  },
  {
    "duration": 1760,
    "size": "14.1M",
    "path": "http://media.febcchinese.org/Streaming/book/bc170911.mp3",
    "id": 6292000051,
    "albumId": 6292,
    "albumName": "《书香园地》2017年秋季合集",
    "albumtitle": "《书香园地》2017年秋季合集(51)",
    "title": "书香园地-20170911"
  },
  {
    "duration": 1760,
    "size": "14.1M",
    "path": "http://media.febcchinese.org/Streaming/book/bc170912.mp3",
    "id": 6292000052,
    "albumId": 6292,
    "albumName": "《书香园地》2017年秋季合集",
    "albumtitle": "《书香园地》2017年秋季合集(52)",
    "title": "书香园地-20170912"
  },
  {
    "duration": 1760,
    "size": "14.1M",
    "path": "http://media.febcchinese.org/Streaming/book/bc170913.mp3",
    "id": 6292000053,
    "albumId": 6292,
    "albumName": "《书香园地》2017年秋季合集",
    "albumtitle": "《书香园地》2017年秋季合集(53)",
    "title": "书香园地-20170913"
  },
  {
    "duration": 1760,
    "size": "14.1M",
    "path": "http://media.febcchinese.org/Streaming/book/bc170914.mp3",
    "id": 6292000054,
    "albumId": 6292,
    "albumName": "《书香园地》2017年秋季合集",
    "albumtitle": "《书香园地》2017年秋季合集(54)",
    "title": "书香园地-20170914"
  },
  {
    "duration": 1760,
    "size": "14.1M",
    "path": "http://media.febcchinese.org/Streaming/book/bc170915.mp3",
    "id": 6292000055,
    "albumId": 6292,
    "albumName": "《书香园地》2017年秋季合集",
    "albumtitle": "《书香园地》2017年秋季合集(55)",
    "title": "书香园地-20170915"
  },
  {
    "duration": 1760,
    "size": "14.1M",
    "path": "http://media.febcchinese.org/Streaming/book/bc170918.mp3",
    "id": 6292000056,
    "albumId": 6292,
    "albumName": "《书香园地》2017年秋季合集",
    "albumtitle": "《书香园地》2017年秋季合集(56)",
    "title": "书香园地-20170918"
  },
  {
    "duration": 1760,
    "size": "14.1M",
    "path": "http://media.febcchinese.org/Streaming/book/bc170919.mp3",
    "id": 6292000057,
    "albumId": 6292,
    "albumName": "《书香园地》2017年秋季合集",
    "albumtitle": "《书香园地》2017年秋季合集(57)",
    "title": "书香园地-20170919"
  },
  {
    "duration": 1760,
    "size": "14.1M",
    "path": "http://media.febcchinese.org/Streaming/book/bc170920.mp3",
    "id": 6292000058,
    "albumId": 6292,
    "albumName": "《书香园地》2017年秋季合集",
    "albumtitle": "《书香园地》2017年秋季合集(58)",
    "title": "书香园地-20170920"
  },
  {
    "duration": 1760,
    "size": "14.1M",
    "path": "http://media.febcchinese.org/Streaming/book/bc170921.mp3",
    "id": 6292000059,
    "albumId": 6292,
    "albumName": "《书香园地》2017年秋季合集",
    "albumtitle": "《书香园地》2017年秋季合集(59)",
    "title": "书香园地-20170921"
  },
  {
    "duration": 1760,
    "size": "14.1M",
    "path": "http://media.febcchinese.org/Streaming/book/bc170922.mp3",
    "id": 6292000060,
    "albumId": 6292,
    "albumName": "《书香园地》2017年秋季合集",
    "albumtitle": "《书香园地》2017年秋季合集(60)",
    "title": "书香园地-20170922"
  },
  {
    "duration": 1760,
    "size": "14.1M",
    "path": "http://media.febcchinese.org/Streaming/book/bc170925.mp3",
    "id": 6292000061,
    "albumId": 6292,
    "albumName": "《书香园地》2017年秋季合集",
    "albumtitle": "《书香园地》2017年秋季合集(61)",
    "title": "书香园地-20170925"
  },
  {
    "duration": 1760,
    "size": "14.1M",
    "path": "http://media.febcchinese.org/Streaming/book/bc170926.mp3",
    "id": 6292000062,
    "albumId": 6292,
    "albumName": "《书香园地》2017年秋季合集",
    "albumtitle": "《书香园地》2017年秋季合集(62)",
    "title": "书香园地-20170926"
  },
  {
    "duration": 1760,
    "size": "14.1M",
    "path": "http://media.febcchinese.org/Streaming/book/bc170927.mp3",
    "id": 6292000063,
    "albumId": 6292,
    "albumName": "《书香园地》2017年秋季合集",
    "albumtitle": "《书香园地》2017年秋季合集(63)",
    "title": "书香园地-20170927"
  },
  {
    "duration": 1760,
    "size": "14.1M",
    "path": "http://media.febcchinese.org/Streaming/book/bc170928.mp3",
    "id": 6292000064,
    "albumId": 6292,
    "albumName": "《书香园地》2017年秋季合集",
    "albumtitle": "《书香园地》2017年秋季合集(64)",
    "title": "书香园地-20170928"
  },
  {
    "duration": 1760,
    "size": "14.1M",
    "path": "http://media.febcchinese.org/Streaming/book/bc170929.mp3",
    "id": 6292000065,
    "albumId": 6292,
    "albumName": "《书香园地》2017年秋季合集",
    "albumtitle": "《书香园地》2017年秋季合集(65)",
    "title": "书香园地-20170929"
  }
]