[
  {
    "duration": 1760,
    "size": "14.1M",
    "path": "http://media.febcchinese.org/Streaming/book/bc130701.mp3",
    "id": 6276000001,
    "albumId": 6276,
    "albumName": "《书香园地》2013年秋季合集",
    "albumtitle": "《书香园地》2013年秋季合集(1)",
    "title": "书香园地-20130701"
  },
  {
    "duration": 1760,
    "size": "14.1M",
    "path": "http://media.febcchinese.org/Streaming/book/bc130702.mp3",
    "id": 6276000002,
    "albumId": 6276,
    "albumName": "《书香园地》2013年秋季合集",
    "albumtitle": "《书香园地》2013年秋季合集(2)",
    "title": "书香园地-20130702"
  },
  {
    "duration": 1760,
    "size": "14.1M",
    "path": "http://media.febcchinese.org/Streaming/book/bc130703.mp3",
    "id": 6276000003,
    "albumId": 6276,
    "albumName": "《书香园地》2013年秋季合集",
    "albumtitle": "《书香园地》2013年秋季合集(3)",
    "title": "书香园地-20130703"
  },
  {
    "duration": 1760,
    "size": "14.1M",
    "path": "http://media.febcchinese.org/Streaming/book/bc130704.mp3",
    "id": 6276000004,
    "albumId": 6276,
    "albumName": "《书香园地》2013年秋季合集",
    "albumtitle": "《书香园地》2013年秋季合集(4)",
    "title": "书香园地-20130704"
  },
  {
    "duration": 1760,
    "size": "14.1M",
    "path": "http://media.febcchinese.org/Streaming/book/bc130705.mp3",
    "id": 6276000005,
    "albumId": 6276,
    "albumName": "《书香园地》2013年秋季合集",
    "albumtitle": "《书香园地》2013年秋季合集(5)",
    "title": "书香园地-20130705"
  },
  {
    "duration": 1760,
    "size": "14.1M",
    "path": "http://media.febcchinese.org/Streaming/book/bc130708.mp3",
    "id": 6276000006,
    "albumId": 6276,
    "albumName": "《书香园地》2013年秋季合集",
    "albumtitle": "《书香园地》2013年秋季合集(6)",
    "title": "书香园地-20130708"
  },
  {
    "duration": 1760,
    "size": "14.1M",
    "path": "http://media.febcchinese.org/Streaming/book/bc130709.mp3",
    "id": 6276000007,
    "albumId": 6276,
    "albumName": "《书香园地》2013年秋季合集",
    "albumtitle": "《书香园地》2013年秋季合集(7)",
    "title": "书香园地-20130709"
  },
  {
    "duration": 1760,
    "size": "14.1M",
    "path": "http://media.febcchinese.org/Streaming/book/bc130710.mp3",
    "id": 6276000008,
    "albumId": 6276,
    "albumName": "《书香园地》2013年秋季合集",
    "albumtitle": "《书香园地》2013年秋季合集(8)",
    "title": "书香园地-20130710"
  },
  {
    "duration": 1760,
    "size": "14.1M",
    "path": "http://media.febcchinese.org/Streaming/book/bc130711.mp3",
    "id": 6276000009,
    "albumId": 6276,
    "albumName": "《书香园地》2013年秋季合集",
    "albumtitle": "《书香园地》2013年秋季合集(9)",
    "title": "书香园地-20130711"
  },
  {
    "duration": 1760,
    "size": "14.1M",
    "path": "http://media.febcchinese.org/Streaming/book/bc130712.mp3",
    "id": 6276000010,
    "albumId": 6276,
    "albumName": "《书香园地》2013年秋季合集",
    "albumtitle": "《书香园地》2013年秋季合集(10)",
    "title": "书香园地-20130712"
  },
  {
    "duration": 1760,
    "size": "14.1M",
    "path": "http://media.febcchinese.org/Streaming/book/bc130715.mp3",
    "id": 6276000011,
    "albumId": 6276,
    "albumName": "《书香园地》2013年秋季合集",
    "albumtitle": "《书香园地》2013年秋季合集(11)",
    "title": "书香园地-20130715"
  },
  {
    "duration": 1760,
    "size": "14.1M",
    "path": "http://media.febcchinese.org/Streaming/book/bc130716.mp3",
    "id": 6276000012,
    "albumId": 6276,
    "albumName": "《书香园地》2013年秋季合集",
    "albumtitle": "《书香园地》2013年秋季合集(12)",
    "title": "书香园地-20130716"
  },
  {
    "duration": 1760,
    "size": "14.1M",
    "path": "http://media.febcchinese.org/Streaming/book/bc130717.mp3",
    "id": 6276000013,
    "albumId": 6276,
    "albumName": "《书香园地》2013年秋季合集",
    "albumtitle": "《书香园地》2013年秋季合集(13)",
    "title": "书香园地-20130717"
  },
  {
    "duration": 1760,
    "size": "14.1M",
    "path": "http://media.febcchinese.org/Streaming/book/bc130718.mp3",
    "id": 6276000014,
    "albumId": 6276,
    "albumName": "《书香园地》2013年秋季合集",
    "albumtitle": "《书香园地》2013年秋季合集(14)",
    "title": "书香园地-20130718"
  },
  {
    "duration": 1760,
    "size": "14.1M",
    "path": "http://media.febcchinese.org/Streaming/book/bc130719.mp3",
    "id": 6276000015,
    "albumId": 6276,
    "albumName": "《书香园地》2013年秋季合集",
    "albumtitle": "《书香园地》2013年秋季合集(15)",
    "title": "书香园地-20130719"
  },
  {
    "duration": 1760,
    "size": "14.1M",
    "path": "http://media.febcchinese.org/Streaming/book/bc130722.mp3",
    "id": 6276000016,
    "albumId": 6276,
    "albumName": "《书香园地》2013年秋季合集",
    "albumtitle": "《书香园地》2013年秋季合集(16)",
    "title": "书香园地-20130722"
  },
  {
    "duration": 1760,
    "size": "14.1M",
    "path": "http://media.febcchinese.org/Streaming/book/bc130723.mp3",
    "id": 6276000017,
    "albumId": 6276,
    "albumName": "《书香园地》2013年秋季合集",
    "albumtitle": "《书香园地》2013年秋季合集(17)",
    "title": "书香园地-20130723"
  },
  {
    "duration": 1760,
    "size": "14.1M",
    "path": "http://media.febcchinese.org/Streaming/book/bc130724.mp3",
    "id": 6276000018,
    "albumId": 6276,
    "albumName": "《书香园地》2013年秋季合集",
    "albumtitle": "《书香园地》2013年秋季合集(18)",
    "title": "书香园地-20130724"
  },
  {
    "duration": 1760,
    "size": "14.1M",
    "path": "http://media.febcchinese.org/Streaming/book/bc130725.mp3",
    "id": 6276000019,
    "albumId": 6276,
    "albumName": "《书香园地》2013年秋季合集",
    "albumtitle": "《书香园地》2013年秋季合集(19)",
    "title": "书香园地-20130725"
  },
  {
    "duration": 1760,
    "size": "14.1M",
    "path": "http://media.febcchinese.org/Streaming/book/bc130726.mp3",
    "id": 6276000020,
    "albumId": 6276,
    "albumName": "《书香园地》2013年秋季合集",
    "albumtitle": "《书香园地》2013年秋季合集(20)",
    "title": "书香园地-20130726"
  },
  {
    "duration": 1760,
    "size": "14.1M",
    "path": "http://media.febcchinese.org/Streaming/book/bc130729.mp3",
    "id": 6276000021,
    "albumId": 6276,
    "albumName": "《书香园地》2013年秋季合集",
    "albumtitle": "《书香园地》2013年秋季合集(21)",
    "title": "书香园地-20130729"
  },
  {
    "duration": 1760,
    "size": "14.1M",
    "path": "http://media.febcchinese.org/Streaming/book/bc130730.mp3",
    "id": 6276000022,
    "albumId": 6276,
    "albumName": "《书香园地》2013年秋季合集",
    "albumtitle": "《书香园地》2013年秋季合集(22)",
    "title": "书香园地-20130730"
  },
  {
    "duration": 1760,
    "size": "14.1M",
    "path": "http://media.febcchinese.org/Streaming/book/bc130731.mp3",
    "id": 6276000023,
    "albumId": 6276,
    "albumName": "《书香园地》2013年秋季合集",
    "albumtitle": "《书香园地》2013年秋季合集(23)",
    "title": "书香园地-20130731"
  },
  {
    "duration": 1760,
    "size": "14.1M",
    "path": "http://media.febcchinese.org/Streaming/book/bc130801.mp3",
    "id": 6276000024,
    "albumId": 6276,
    "albumName": "《书香园地》2013年秋季合集",
    "albumtitle": "《书香园地》2013年秋季合集(24)",
    "title": "书香园地-20130801"
  },
  {
    "duration": 1760,
    "size": "14.1M",
    "path": "http://media.febcchinese.org/Streaming/book/bc130802.mp3",
    "id": 6276000025,
    "albumId": 6276,
    "albumName": "《书香园地》2013年秋季合集",
    "albumtitle": "《书香园地》2013年秋季合集(25)",
    "title": "书香园地-20130802"
  },
  {
    "duration": 1760,
    "size": "14.1M",
    "path": "http://media.febcchinese.org/Streaming/book/bc130805.mp3",
    "id": 6276000026,
    "albumId": 6276,
    "albumName": "《书香园地》2013年秋季合集",
    "albumtitle": "《书香园地》2013年秋季合集(26)",
    "title": "书香园地-20130805"
  },
  {
    "duration": 1760,
    "size": "14.1M",
    "path": "http://media.febcchinese.org/Streaming/book/bc130806.mp3",
    "id": 6276000027,
    "albumId": 6276,
    "albumName": "《书香园地》2013年秋季合集",
    "albumtitle": "《书香园地》2013年秋季合集(27)",
    "title": "书香园地-20130806"
  },
  {
    "duration": 1760,
    "size": "14.1M",
    "path": "http://media.febcchinese.org/Streaming/book/bc130807.mp3",
    "id": 6276000028,
    "albumId": 6276,
    "albumName": "《书香园地》2013年秋季合集",
    "albumtitle": "《书香园地》2013年秋季合集(28)",
    "title": "书香园地-20130807"
  },
  {
    "duration": 1760,
    "size": "14.1M",
    "path": "http://media.febcchinese.org/Streaming/book/bc130808.mp3",
    "id": 6276000029,
    "albumId": 6276,
    "albumName": "《书香园地》2013年秋季合集",
    "albumtitle": "《书香园地》2013年秋季合集(29)",
    "title": "书香园地-20130808"
  },
  {
    "duration": 1760,
    "size": "14.1M",
    "path": "http://media.febcchinese.org/Streaming/book/bc130809.mp3",
    "id": 6276000030,
    "albumId": 6276,
    "albumName": "《书香园地》2013年秋季合集",
    "albumtitle": "《书香园地》2013年秋季合集(30)",
    "title": "书香园地-20130809"
  },
  {
    "duration": 1760,
    "size": "14.1M",
    "path": "http://media.febcchinese.org/Streaming/book/bc130812.mp3",
    "id": 6276000031,
    "albumId": 6276,
    "albumName": "《书香园地》2013年秋季合集",
    "albumtitle": "《书香园地》2013年秋季合集(31)",
    "title": "书香园地-20130812"
  },
  {
    "duration": 1760,
    "size": "14.1M",
    "path": "http://media.febcchinese.org/Streaming/book/bc130813.mp3",
    "id": 6276000032,
    "albumId": 6276,
    "albumName": "《书香园地》2013年秋季合集",
    "albumtitle": "《书香园地》2013年秋季合集(32)",
    "title": "书香园地-20130813"
  },
  {
    "duration": 1760,
    "size": "14.1M",
    "path": "http://media.febcchinese.org/Streaming/book/bc130814.mp3",
    "id": 6276000033,
    "albumId": 6276,
    "albumName": "《书香园地》2013年秋季合集",
    "albumtitle": "《书香园地》2013年秋季合集(33)",
    "title": "书香园地-20130814"
  },
  {
    "duration": 1760,
    "size": "14.1M",
    "path": "http://media.febcchinese.org/Streaming/book/bc130815.mp3",
    "id": 6276000034,
    "albumId": 6276,
    "albumName": "《书香园地》2013年秋季合集",
    "albumtitle": "《书香园地》2013年秋季合集(34)",
    "title": "书香园地-20130815"
  },
  {
    "duration": 1760,
    "size": "14.1M",
    "path": "http://media.febcchinese.org/Streaming/book/bc130816.mp3",
    "id": 6276000035,
    "albumId": 6276,
    "albumName": "《书香园地》2013年秋季合集",
    "albumtitle": "《书香园地》2013年秋季合集(35)",
    "title": "书香园地-20130816"
  },
  {
    "duration": 1760,
    "size": "14.1M",
    "path": "http://media.febcchinese.org/Streaming/book/bc130819.mp3",
    "id": 6276000036,
    "albumId": 6276,
    "albumName": "《书香园地》2013年秋季合集",
    "albumtitle": "《书香园地》2013年秋季合集(36)",
    "title": "书香园地-20130819"
  },
  {
    "duration": 1760,
    "size": "14.1M",
    "path": "http://media.febcchinese.org/Streaming/book/bc130820.mp3",
    "id": 6276000037,
    "albumId": 6276,
    "albumName": "《书香园地》2013年秋季合集",
    "albumtitle": "《书香园地》2013年秋季合集(37)",
    "title": "书香园地-20130820"
  },
  {
    "duration": 1760,
    "size": "14.1M",
    "path": "http://media.febcchinese.org/Streaming/book/bc130821.mp3",
    "id": 6276000038,
    "albumId": 6276,
    "albumName": "《书香园地》2013年秋季合集",
    "albumtitle": "《书香园地》2013年秋季合集(38)",
    "title": "书香园地-20130821"
  },
  {
    "duration": 1760,
    "size": "14.1M",
    "path": "http://media.febcchinese.org/Streaming/book/bc130822.mp3",
    "id": 6276000039,
    "albumId": 6276,
    "albumName": "《书香园地》2013年秋季合集",
    "albumtitle": "《书香园地》2013年秋季合集(39)",
    "title": "书香园地-20130822"
  },
  {
    "duration": 1760,
    "size": "14.1M",
    "path": "http://media.febcchinese.org/Streaming/book/bc130823.mp3",
    "id": 6276000040,
    "albumId": 6276,
    "albumName": "《书香园地》2013年秋季合集",
    "albumtitle": "《书香园地》2013年秋季合集(40)",
    "title": "书香园地-20130823"
  },
  {
    "duration": 1760,
    "size": "14.1M",
    "path": "http://media.febcchinese.org/Streaming/book/bc130826.mp3",
    "id": 6276000041,
    "albumId": 6276,
    "albumName": "《书香园地》2013年秋季合集",
    "albumtitle": "《书香园地》2013年秋季合集(41)",
    "title": "书香园地-20130826"
  },
  {
    "duration": 1760,
    "size": "14.1M",
    "path": "http://media.febcchinese.org/Streaming/book/bc130827.mp3",
    "id": 6276000042,
    "albumId": 6276,
    "albumName": "《书香园地》2013年秋季合集",
    "albumtitle": "《书香园地》2013年秋季合集(42)",
    "title": "书香园地-20130827"
  },
  {
    "duration": 1760,
    "size": "14.1M",
    "path": "http://media.febcchinese.org/Streaming/book/bc130828.mp3",
    "id": 6276000043,
    "albumId": 6276,
    "albumName": "《书香园地》2013年秋季合集",
    "albumtitle": "《书香园地》2013年秋季合集(43)",
    "title": "书香园地-20130828"
  },
  {
    "duration": 1760,
    "size": "14.1M",
    "path": "http://media.febcchinese.org/Streaming/book/bc130829.mp3",
    "id": 6276000044,
    "albumId": 6276,
    "albumName": "《书香园地》2013年秋季合集",
    "albumtitle": "《书香园地》2013年秋季合集(44)",
    "title": "书香园地-20130829"
  },
  {
    "duration": 1760,
    "size": "14.1M",
    "path": "http://media.febcchinese.org/Streaming/book/bc130830.mp3",
    "id": 6276000045,
    "albumId": 6276,
    "albumName": "《书香园地》2013年秋季合集",
    "albumtitle": "《书香园地》2013年秋季合集(45)",
    "title": "书香园地-20130830"
  },
  {
    "duration": 1760,
    "size": "14.1M",
    "path": "http://media.febcchinese.org/Streaming/book/bc130902.mp3",
    "id": 6276000046,
    "albumId": 6276,
    "albumName": "《书香园地》2013年秋季合集",
    "albumtitle": "《书香园地》2013年秋季合集(46)",
    "title": "书香园地-20130902"
  },
  {
    "duration": 1760,
    "size": "14.1M",
    "path": "http://media.febcchinese.org/Streaming/book/bc130903.mp3",
    "id": 6276000047,
    "albumId": 6276,
    "albumName": "《书香园地》2013年秋季合集",
    "albumtitle": "《书香园地》2013年秋季合集(47)",
    "title": "书香园地-20130903"
  },
  {
    "duration": 1760,
    "size": "14.1M",
    "path": "http://media.febcchinese.org/Streaming/book/bc130904.mp3",
    "id": 6276000048,
    "albumId": 6276,
    "albumName": "《书香园地》2013年秋季合集",
    "albumtitle": "《书香园地》2013年秋季合集(48)",
    "title": "书香园地-20130904"
  },
  {
    "duration": 1760,
    "size": "14.1M",
    "path": "http://media.febcchinese.org/Streaming/book/bc130905.mp3",
    "id": 6276000049,
    "albumId": 6276,
    "albumName": "《书香园地》2013年秋季合集",
    "albumtitle": "《书香园地》2013年秋季合集(49)",
    "title": "书香园地-20130905"
  },
  {
    "duration": 1760,
    "size": "14.1M",
    "path": "http://media.febcchinese.org/Streaming/book/bc130906.mp3",
    "id": 6276000050,
    "albumId": 6276,
    "albumName": "《书香园地》2013年秋季合集",
    "albumtitle": "《书香园地》2013年秋季合集(50)",
    "title": "书香园地-20130906"
  },
  {
    "duration": 1760,
    "size": "14.1M",
    "path": "http://media.febcchinese.org/Streaming/book/bc130909.mp3",
    "id": 6276000051,
    "albumId": 6276,
    "albumName": "《书香园地》2013年秋季合集",
    "albumtitle": "《书香园地》2013年秋季合集(51)",
    "title": "书香园地-20130909"
  },
  {
    "duration": 1760,
    "size": "14.1M",
    "path": "http://media.febcchinese.org/Streaming/book/bc130910.mp3",
    "id": 6276000052,
    "albumId": 6276,
    "albumName": "《书香园地》2013年秋季合集",
    "albumtitle": "《书香园地》2013年秋季合集(52)",
    "title": "书香园地-20130910"
  },
  {
    "duration": 1760,
    "size": "14.1M",
    "path": "http://media.febcchinese.org/Streaming/book/bc130911.mp3",
    "id": 6276000053,
    "albumId": 6276,
    "albumName": "《书香园地》2013年秋季合集",
    "albumtitle": "《书香园地》2013年秋季合集(53)",
    "title": "书香园地-20130911"
  },
  {
    "duration": 1760,
    "size": "14.1M",
    "path": "http://media.febcchinese.org/Streaming/book/bc130912.mp3",
    "id": 6276000054,
    "albumId": 6276,
    "albumName": "《书香园地》2013年秋季合集",
    "albumtitle": "《书香园地》2013年秋季合集(54)",
    "title": "书香园地-20130912"
  },
  {
    "duration": 1760,
    "size": "14.1M",
    "path": "http://media.febcchinese.org/Streaming/book/bc130913.mp3",
    "id": 6276000055,
    "albumId": 6276,
    "albumName": "《书香园地》2013年秋季合集",
    "albumtitle": "《书香园地》2013年秋季合集(55)",
    "title": "书香园地-20130913"
  },
  {
    "duration": 1760,
    "size": "14.1M",
    "path": "http://media.febcchinese.org/Streaming/book/bc130916.mp3",
    "id": 6276000056,
    "albumId": 6276,
    "albumName": "《书香园地》2013年秋季合集",
    "albumtitle": "《书香园地》2013年秋季合集(56)",
    "title": "书香园地-20130916"
  },
  {
    "duration": 1760,
    "size": "14.1M",
    "path": "http://media.febcchinese.org/Streaming/book/bc130917.mp3",
    "id": 6276000057,
    "albumId": 6276,
    "albumName": "《书香园地》2013年秋季合集",
    "albumtitle": "《书香园地》2013年秋季合集(57)",
    "title": "书香园地-20130917"
  },
  {
    "duration": 1760,
    "size": "14.1M",
    "path": "http://media.febcchinese.org/Streaming/book/bc130918.mp3",
    "id": 6276000058,
    "albumId": 6276,
    "albumName": "《书香园地》2013年秋季合集",
    "albumtitle": "《书香园地》2013年秋季合集(58)",
    "title": "书香园地-20130918"
  },
  {
    "duration": 1760,
    "size": "14.1M",
    "path": "http://media.febcchinese.org/Streaming/book/bc130919.mp3",
    "id": 6276000059,
    "albumId": 6276,
    "albumName": "《书香园地》2013年秋季合集",
    "albumtitle": "《书香园地》2013年秋季合集(59)",
    "title": "书香园地-20130919"
  },
  {
    "duration": 1760,
    "size": "14.1M",
    "path": "http://media.febcchinese.org/Streaming/book/bc130920.mp3",
    "id": 6276000060,
    "albumId": 6276,
    "albumName": "《书香园地》2013年秋季合集",
    "albumtitle": "《书香园地》2013年秋季合集(60)",
    "title": "书香园地-20130920"
  },
  {
    "duration": 1760,
    "size": "14.1M",
    "path": "http://media.febcchinese.org/Streaming/book/bc130923.mp3",
    "id": 6276000061,
    "albumId": 6276,
    "albumName": "《书香园地》2013年秋季合集",
    "albumtitle": "《书香园地》2013年秋季合集(61)",
    "title": "书香园地-20130923"
  },
  {
    "duration": 1760,
    "size": "14.1M",
    "path": "http://media.febcchinese.org/Streaming/book/bc130924.mp3",
    "id": 6276000062,
    "albumId": 6276,
    "albumName": "《书香园地》2013年秋季合集",
    "albumtitle": "《书香园地》2013年秋季合集(62)",
    "title": "书香园地-20130924"
  },
  {
    "duration": 1760,
    "size": "14.1M",
    "path": "http://media.febcchinese.org/Streaming/book/bc130925.mp3",
    "id": 6276000063,
    "albumId": 6276,
    "albumName": "《书香园地》2013年秋季合集",
    "albumtitle": "《书香园地》2013年秋季合集(63)",
    "title": "书香园地-20130925"
  },
  {
    "duration": 1760,
    "size": "14.1M",
    "path": "http://media.febcchinese.org/Streaming/book/bc130926.mp3",
    "id": 6276000064,
    "albumId": 6276,
    "albumName": "《书香园地》2013年秋季合集",
    "albumtitle": "《书香园地》2013年秋季合集(64)",
    "title": "书香园地-20130926"
  },
  {
    "duration": 1760,
    "size": "14.1M",
    "path": "http://media.febcchinese.org/Streaming/book/bc130927.mp3",
    "id": 6276000065,
    "albumId": 6276,
    "albumName": "《书香园地》2013年秋季合集",
    "albumtitle": "《书香园地》2013年秋季合集(65)",
    "title": "书香园地-20130927"
  },
  {
    "duration": 1760,
    "size": "14.1M",
    "path": "http://media.febcchinese.org/Streaming/book/bc130930.mp3",
    "id": 6276000066,
    "albumId": 6276,
    "albumName": "《书香园地》2013年秋季合集",
    "albumtitle": "《书香园地》2013年秋季合集(66)",
    "title": "书香园地-20130930"
  }
]