[
  {
    "path": "https://rawcdn.githack.com/quiet324/VOSAlbum2/17061710/biblemark/biblemark01.mp3",
    "title": "",
    "duration": 480,
    "size": "4.5M",
    "albumName": "马可福音",
    "albumId": 317,
    "id": 317888180,
    "albumtitle": "马可福音(1)"
  },
  {
    "path": "https://rawcdn.githack.com/quiet324/VOSAlbum2/17061710/biblemark/biblemark02.mp3",
    "title": "",
    "duration": 480,
    "size": "4.5M",
    "albumName": "马可福音",
    "albumId": 317,
    "id": 317888181,
    "albumtitle": "马可福音(2)"
  },
  {
    "path": "https://rawcdn.githack.com/quiet324/VOSAlbum2/17061710/biblemark/biblemark03.mp3",
    "title": "",
    "duration": 480,
    "size": "4.5M",
    "albumName": "马可福音",
    "albumId": 317,
    "id": 317888182,
    "albumtitle": "马可福音(3)"
  },
  {
    "path": "https://rawcdn.githack.com/quiet324/VOSAlbum2/17061710/biblemark/biblemark04.mp3",
    "title": "",
    "duration": 480,
    "size": "4.5M",
    "albumName": "马可福音",
    "albumId": 317,
    "id": 317888183,
    "albumtitle": "马可福音(4)"
  },
  {
    "path": "https://rawcdn.githack.com/quiet324/VOSAlbum2/17061710/biblemark/biblemark05.mp3",
    "title": "",
    "duration": 480,
    "size": "4.5M",
    "albumName": "马可福音",
    "albumId": 317,
    "id": 317888184,
    "albumtitle": "马可福音(5)"
  },
  {
    "path": "https://rawcdn.githack.com/quiet324/VOSAlbum2/17061710/biblemark/biblemark06.mp3",
    "title": "",
    "duration": 480,
    "size": "4.5M",
    "albumName": "马可福音",
    "albumId": 317,
    "id": 317888185,
    "albumtitle": "马可福音(6)"
  },
  {
    "path": "https://rawcdn.githack.com/quiet324/VOSAlbum2/17061710/biblemark/biblemark07.mp3",
    "title": "",
    "duration": 480,
    "size": "4.5M",
    "albumName": "马可福音",
    "albumId": 317,
    "id": 317888186,
    "albumtitle": "马可福音(7)"
  },
  {
    "path": "https://rawcdn.githack.com/quiet324/VOSAlbum2/17061710/biblemark/biblemark08.mp3",
    "title": "",
    "duration": 480,
    "size": "4.5M",
    "albumName": "马可福音",
    "albumId": 317,
    "id": 317888187,
    "albumtitle": "马可福音(8)"
  },
  {
    "path": "https://rawcdn.githack.com/quiet324/VOSAlbum2/17061710/biblemark/biblemark09.mp3",
    "title": "",
    "duration": 480,
    "size": "4.5M",
    "albumName": "马可福音",
    "albumId": 317,
    "id": 317888188,
    "albumtitle": "马可福音(9)"
  },
  {
    "path": "https://rawcdn.githack.com/quiet324/VOSAlbum2/17061710/biblemark/biblemark010.mp3",
    "title": "",
    "duration": 480,
    "size": "4.5M",
    "albumName": "马可福音",
    "albumId": 317,
    "id": 317888189,
    "albumtitle": "马可福音(10)"
  },
  {
    "path": "https://rawcdn.githack.com/quiet324/VOSAlbum2/17061710/biblemark/biblemark011.mp3",
    "title": "",
    "duration": 480,
    "size": "4.5M",
    "albumName": "马可福音",
    "albumId": 317,
    "id": 317888190,
    "albumtitle": "马可福音(11)"
  },
  {
    "path": "https://rawcdn.githack.com/quiet324/VOSAlbum2/17061710/biblemark/biblemark012.mp3",
    "title": "",
    "duration": 480,
    "size": "4.5M",
    "albumName": "马可福音",
    "albumId": 317,
    "id": 317888191,
    "albumtitle": "马可福音(12)"
  },
  {
    "path": "https://rawcdn.githack.com/quiet324/VOSAlbum2/17061710/biblemark/biblemark013.mp3",
    "title": "",
    "duration": 480,
    "size": "4.5M",
    "albumName": "马可福音",
    "albumId": 317,
    "id": 317888192,
    "albumtitle": "马可福音(13)"
  },
  {
    "path": "https://rawcdn.githack.com/quiet324/VOSAlbum2/17061710/biblemark/biblemark014.mp3",
    "title": "",
    "duration": 480,
    "size": "4.5M",
    "albumName": "马可福音",
    "albumId": 317,
    "id": 317888193,
    "albumtitle": "马可福音(14)"
  },
  {
    "path": "https://rawcdn.githack.com/quiet324/VOSAlbum2/17061710/biblemark/biblemark015.mp3",
    "title": "",
    "duration": 480,
    "size": "4.5M",
    "albumName": "马可福音",
    "albumId": 317,
    "id": 317888194,
    "albumtitle": "马可福音(15)"
  },
  {
    "path": "https://rawcdn.githack.com/quiet324/VOSAlbum2/17061710/biblemark/biblemark016.mp3",
    "title": "",
    "duration": 480,
    "size": "4.5M",
    "albumName": "马可福音",
    "albumId": 317,
    "id": 317888195,
    "albumtitle": "马可福音(16)"
  }
]