[
  {
    "path": "https://rawcdn.githack.com/quiet324/VOSAlbum2/17061715/biblejeremiah/biblejeremiah01.mp3",
    "title": "",
    "duration": 360,
    "size": "3M",
    "albumName": "耶利米书",
    "albumId": 324,
    "id": 324888180,
    "albumtitle": "耶利米书(1)"
  },
  {
    "path": "https://rawcdn.githack.com/quiet324/VOSAlbum2/17061715/biblejeremiah/biblejeremiah02.mp3",
    "title": "",
    "duration": 360,
    "size": "3M",
    "albumName": "耶利米书",
    "albumId": 324,
    "id": 324888181,
    "albumtitle": "耶利米书(2)"
  },
  {
    "path": "https://rawcdn.githack.com/quiet324/VOSAlbum2/17061715/biblejeremiah/biblejeremiah03.mp3",
    "title": "",
    "duration": 360,
    "size": "3M",
    "albumName": "耶利米书",
    "albumId": 324,
    "id": 324888182,
    "albumtitle": "耶利米书(3)"
  },
  {
    "path": "https://rawcdn.githack.com/quiet324/VOSAlbum2/17061715/biblejeremiah/biblejeremiah04.mp3",
    "title": "",
    "duration": 360,
    "size": "3M",
    "albumName": "耶利米书",
    "albumId": 324,
    "id": 324888183,
    "albumtitle": "耶利米书(4)"
  },
  {
    "path": "https://rawcdn.githack.com/quiet324/VOSAlbum2/17061715/biblejeremiah/biblejeremiah05.mp3",
    "title": "",
    "duration": 360,
    "size": "3M",
    "albumName": "耶利米书",
    "albumId": 324,
    "id": 324888184,
    "albumtitle": "耶利米书(5)"
  },
  {
    "path": "https://rawcdn.githack.com/quiet324/VOSAlbum2/17061715/biblejeremiah/biblejeremiah06.mp3",
    "title": "",
    "duration": 360,
    "size": "3M",
    "albumName": "耶利米书",
    "albumId": 324,
    "id": 324888185,
    "albumtitle": "耶利米书(6)"
  },
  {
    "path": "https://rawcdn.githack.com/quiet324/VOSAlbum2/17061715/biblejeremiah/biblejeremiah07.mp3",
    "title": "",
    "duration": 360,
    "size": "3M",
    "albumName": "耶利米书",
    "albumId": 324,
    "id": 324888186,
    "albumtitle": "耶利米书(7)"
  },
  {
    "path": "https://rawcdn.githack.com/quiet324/VOSAlbum2/17061715/biblejeremiah/biblejeremiah08.mp3",
    "title": "",
    "duration": 360,
    "size": "3M",
    "albumName": "耶利米书",
    "albumId": 324,
    "id": 324888187,
    "albumtitle": "耶利米书(8)"
  },
  {
    "path": "https://rawcdn.githack.com/quiet324/VOSAlbum2/17061715/biblejeremiah/biblejeremiah09.mp3",
    "title": "",
    "duration": 360,
    "size": "3M",
    "albumName": "耶利米书",
    "albumId": 324,
    "id": 324888188,
    "albumtitle": "耶利米书(9)"
  },
  {
    "path": "https://rawcdn.githack.com/quiet324/VOSAlbum2/17061715/biblejeremiah/biblejeremiah010.mp3",
    "title": "",
    "duration": 360,
    "size": "3M",
    "albumName": "耶利米书",
    "albumId": 324,
    "id": 324888189,
    "albumtitle": "耶利米书(10)"
  },
  {
    "path": "https://rawcdn.githack.com/quiet324/VOSAlbum2/17061715/biblejeremiah/biblejeremiah011.mp3",
    "title": "",
    "duration": 360,
    "size": "3M",
    "albumName": "耶利米书",
    "albumId": 324,
    "id": 324888190,
    "albumtitle": "耶利米书(11)"
  },
  {
    "path": "https://rawcdn.githack.com/quiet324/VOSAlbum2/17061715/biblejeremiah/biblejeremiah012.mp3",
    "title": "",
    "duration": 360,
    "size": "3M",
    "albumName": "耶利米书",
    "albumId": 324,
    "id": 324888191,
    "albumtitle": "耶利米书(12)"
  },
  {
    "path": "https://rawcdn.githack.com/quiet324/VOSAlbum2/17061715/biblejeremiah/biblejeremiah013.mp3",
    "title": "",
    "duration": 360,
    "size": "3M",
    "albumName": "耶利米书",
    "albumId": 324,
    "id": 324888192,
    "albumtitle": "耶利米书(13)"
  },
  {
    "path": "https://rawcdn.githack.com/quiet324/VOSAlbum2/17061715/biblejeremiah/biblejeremiah014.mp3",
    "title": "",
    "duration": 360,
    "size": "3M",
    "albumName": "耶利米书",
    "albumId": 324,
    "id": 324888193,
    "albumtitle": "耶利米书(14)"
  },
  {
    "path": "https://rawcdn.githack.com/quiet324/VOSAlbum2/17061715/biblejeremiah/biblejeremiah015.mp3",
    "title": "",
    "duration": 360,
    "size": "3M",
    "albumName": "耶利米书",
    "albumId": 324,
    "id": 324888194,
    "albumtitle": "耶利米书(15)"
  },
  {
    "path": "https://rawcdn.githack.com/quiet324/VOSAlbum2/17061715/biblejeremiah/biblejeremiah016.mp3",
    "title": "",
    "duration": 360,
    "size": "3M",
    "albumName": "耶利米书",
    "albumId": 324,
    "id": 324888195,
    "albumtitle": "耶利米书(16)"
  },
  {
    "path": "https://rawcdn.githack.com/quiet324/VOSAlbum2/17061715/biblejeremiah/biblejeremiah017.mp3",
    "title": "",
    "duration": 360,
    "size": "3M",
    "albumName": "耶利米书",
    "albumId": 324,
    "id": 324888196,
    "albumtitle": "耶利米书(17)"
  },
  {
    "path": "https://rawcdn.githack.com/quiet324/VOSAlbum2/17061715/biblejeremiah/biblejeremiah018.mp3",
    "title": "",
    "duration": 360,
    "size": "3M",
    "albumName": "耶利米书",
    "albumId": 324,
    "id": 324888197,
    "albumtitle": "耶利米书(18)"
  },
  {
    "path": "https://rawcdn.githack.com/quiet324/VOSAlbum2/17061715/biblejeremiah/biblejeremiah019.mp3",
    "title": "",
    "duration": 360,
    "size": "3M",
    "albumName": "耶利米书",
    "albumId": 324,
    "id": 324888198,
    "albumtitle": "耶利米书(19)"
  },
  {
    "path": "https://rawcdn.githack.com/quiet324/VOSAlbum2/17061715/biblejeremiah/biblejeremiah020.mp3",
    "title": "",
    "duration": 360,
    "size": "3M",
    "albumName": "耶利米书",
    "albumId": 324,
    "id": 324888199,
    "albumtitle": "耶利米书(20)"
  },
  {
    "path": "https://rawcdn.githack.com/quiet324/VOSAlbum2/17061715/biblejeremiah/biblejeremiah021.mp3",
    "title": "",
    "duration": 360,
    "size": "3M",
    "albumName": "耶利米书",
    "albumId": 324,
    "id": 324888200,
    "albumtitle": "耶利米书(21)"
  },
  {
    "path": "https://rawcdn.githack.com/quiet324/VOSAlbum2/17061715/biblejeremiah/biblejeremiah022.mp3",
    "title": "",
    "duration": 360,
    "size": "3M",
    "albumName": "耶利米书",
    "albumId": 324,
    "id": 324888201,
    "albumtitle": "耶利米书(22)"
  },
  {
    "path": "https://rawcdn.githack.com/quiet324/VOSAlbum2/17061715/biblejeremiah/biblejeremiah023.mp3",
    "title": "",
    "duration": 360,
    "size": "3M",
    "albumName": "耶利米书",
    "albumId": 324,
    "id": 324888202,
    "albumtitle": "耶利米书(23)"
  },
  {
    "path": "https://rawcdn.githack.com/quiet324/VOSAlbum2/17061715/biblejeremiah/biblejeremiah024.mp3",
    "title": "",
    "duration": 360,
    "size": "3M",
    "albumName": "耶利米书",
    "albumId": 324,
    "id": 324888203,
    "albumtitle": "耶利米书(24)"
  },
  {
    "path": "https://rawcdn.githack.com/quiet324/VOSAlbum2/17061715/biblejeremiah/biblejeremiah025.mp3",
    "title": "",
    "duration": 360,
    "size": "3M",
    "albumName": "耶利米书",
    "albumId": 324,
    "id": 324888204,
    "albumtitle": "耶利米书(25)"
  },
  {
    "path": "https://rawcdn.githack.com/quiet324/VOSAlbum2/17061715/biblejeremiah/biblejeremiah026.mp3",
    "title": "",
    "duration": 360,
    "size": "3M",
    "albumName": "耶利米书",
    "albumId": 324,
    "id": 324888205,
    "albumtitle": "耶利米书(26)"
  },
  {
    "path": "https://rawcdn.githack.com/quiet324/VOSAlbum2/17061715/biblejeremiah/biblejeremiah027.mp3",
    "title": "",
    "duration": 360,
    "size": "3M",
    "albumName": "耶利米书",
    "albumId": 324,
    "id": 324888206,
    "albumtitle": "耶利米书(27)"
  },
  {
    "path": "https://rawcdn.githack.com/quiet324/VOSAlbum2/17061715/biblejeremiah/biblejeremiah028.mp3",
    "title": "",
    "duration": 360,
    "size": "3M",
    "albumName": "耶利米书",
    "albumId": 324,
    "id": 324888207,
    "albumtitle": "耶利米书(28)"
  },
  {
    "path": "https://rawcdn.githack.com/quiet324/VOSAlbum2/17061715/biblejeremiah/biblejeremiah029.mp3",
    "title": "",
    "duration": 360,
    "size": "3M",
    "albumName": "耶利米书",
    "albumId": 324,
    "id": 324888208,
    "albumtitle": "耶利米书(29)"
  },
  {
    "path": "https://rawcdn.githack.com/quiet324/VOSAlbum2/17061715/biblejeremiah/biblejeremiah030.mp3",
    "title": "",
    "duration": 360,
    "size": "3M",
    "albumName": "耶利米书",
    "albumId": 324,
    "id": 324888209,
    "albumtitle": "耶利米书(30)"
  },
  {
    "path": "https://rawcdn.githack.com/quiet324/VOSAlbum2/17061715/biblejeremiah/biblejeremiah031.mp3",
    "title": "",
    "duration": 360,
    "size": "3M",
    "albumName": "耶利米书",
    "albumId": 324,
    "id": 324888210,
    "albumtitle": "耶利米书(31)"
  },
  {
    "path": "https://rawcdn.githack.com/quiet324/VOSAlbum2/17061715/biblejeremiah/biblejeremiah032.mp3",
    "title": "",
    "duration": 360,
    "size": "3M",
    "albumName": "耶利米书",
    "albumId": 324,
    "id": 324888211,
    "albumtitle": "耶利米书(32)"
  },
  {
    "path": "https://rawcdn.githack.com/quiet324/VOSAlbum2/17061715/biblejeremiah/biblejeremiah033.mp3",
    "title": "",
    "duration": 360,
    "size": "3M",
    "albumName": "耶利米书",
    "albumId": 324,
    "id": 324888212,
    "albumtitle": "耶利米书(33)"
  },
  {
    "path": "https://rawcdn.githack.com/quiet324/VOSAlbum2/17061715/biblejeremiah/biblejeremiah034.mp3",
    "title": "",
    "duration": 360,
    "size": "3M",
    "albumName": "耶利米书",
    "albumId": 324,
    "id": 324888213,
    "albumtitle": "耶利米书(34)"
  },
  {
    "path": "https://rawcdn.githack.com/quiet324/VOSAlbum2/17061715/biblejeremiah/biblejeremiah035.mp3",
    "title": "",
    "duration": 360,
    "size": "3M",
    "albumName": "耶利米书",
    "albumId": 324,
    "id": 324888214,
    "albumtitle": "耶利米书(35)"
  },
  {
    "path": "https://rawcdn.githack.com/quiet324/VOSAlbum2/17061715/biblejeremiah/biblejeremiah036.mp3",
    "title": "",
    "duration": 360,
    "size": "3M",
    "albumName": "耶利米书",
    "albumId": 324,
    "id": 324888215,
    "albumtitle": "耶利米书(36)"
  },
  {
    "path": "https://rawcdn.githack.com/quiet324/VOSAlbum2/17061715/biblejeremiah/biblejeremiah037.mp3",
    "title": "",
    "duration": 360,
    "size": "3M",
    "albumName": "耶利米书",
    "albumId": 324,
    "id": 324888216,
    "albumtitle": "耶利米书(37)"
  },
  {
    "path": "https://rawcdn.githack.com/quiet324/VOSAlbum2/17061715/biblejeremiah/biblejeremiah038.mp3",
    "title": "",
    "duration": 360,
    "size": "3M",
    "albumName": "耶利米书",
    "albumId": 324,
    "id": 324888217,
    "albumtitle": "耶利米书(38)"
  },
  {
    "path": "https://rawcdn.githack.com/quiet324/VOSAlbum2/17061715/biblejeremiah/biblejeremiah039.mp3",
    "title": "",
    "duration": 360,
    "size": "3M",
    "albumName": "耶利米书",
    "albumId": 324,
    "id": 324888218,
    "albumtitle": "耶利米书(39)"
  },
  {
    "path": "https://rawcdn.githack.com/quiet324/VOSAlbum2/17061715/biblejeremiah/biblejeremiah040.mp3",
    "title": "",
    "duration": 360,
    "size": "3M",
    "albumName": "耶利米书",
    "albumId": 324,
    "id": 324888219,
    "albumtitle": "耶利米书(40)"
  },
  {
    "path": "https://rawcdn.githack.com/quiet324/VOSAlbum2/17061715/biblejeremiah/biblejeremiah041.mp3",
    "title": "",
    "duration": 360,
    "size": "3M",
    "albumName": "耶利米书",
    "albumId": 324,
    "id": 324888220,
    "albumtitle": "耶利米书(41)"
  },
  {
    "path": "https://rawcdn.githack.com/quiet324/VOSAlbum2/17061715/biblejeremiah/biblejeremiah042.mp3",
    "title": "",
    "duration": 360,
    "size": "3M",
    "albumName": "耶利米书",
    "albumId": 324,
    "id": 324888221,
    "albumtitle": "耶利米书(42)"
  },
  {
    "path": "https://rawcdn.githack.com/quiet324/VOSAlbum2/17061715/biblejeremiah/biblejeremiah043.mp3",
    "title": "",
    "duration": 360,
    "size": "3M",
    "albumName": "耶利米书",
    "albumId": 324,
    "id": 324888222,
    "albumtitle": "耶利米书(43)"
  },
  {
    "path": "https://rawcdn.githack.com/quiet324/VOSAlbum2/17061715/biblejeremiah/biblejeremiah044.mp3",
    "title": "",
    "duration": 360,
    "size": "3M",
    "albumName": "耶利米书",
    "albumId": 324,
    "id": 324888223,
    "albumtitle": "耶利米书(44)"
  },
  {
    "path": "https://rawcdn.githack.com/quiet324/VOSAlbum2/17061715/biblejeremiah/biblejeremiah045.mp3",
    "title": "",
    "duration": 360,
    "size": "3M",
    "albumName": "耶利米书",
    "albumId": 324,
    "id": 324888224,
    "albumtitle": "耶利米书(45)"
  },
  {
    "path": "https://rawcdn.githack.com/quiet324/VOSAlbum2/17061715/biblejeremiah/biblejeremiah046.mp3",
    "title": "",
    "duration": 360,
    "size": "3M",
    "albumName": "耶利米书",
    "albumId": 324,
    "id": 324888225,
    "albumtitle": "耶利米书(46)"
  },
  {
    "path": "https://rawcdn.githack.com/quiet324/VOSAlbum2/17061715/biblejeremiah/biblejeremiah047.mp3",
    "title": "",
    "duration": 360,
    "size": "3M",
    "albumName": "耶利米书",
    "albumId": 324,
    "id": 324888226,
    "albumtitle": "耶利米书(47)"
  },
  {
    "path": "https://rawcdn.githack.com/quiet324/VOSAlbum2/17061715/biblejeremiah/biblejeremiah048.mp3",
    "title": "",
    "duration": 360,
    "size": "3M",
    "albumName": "耶利米书",
    "albumId": 324,
    "id": 324888227,
    "albumtitle": "耶利米书(48)"
  },
  {
    "path": "https://rawcdn.githack.com/quiet324/VOSAlbum2/17061715/biblejeremiah/biblejeremiah049.mp3",
    "title": "",
    "duration": 360,
    "size": "3M",
    "albumName": "耶利米书",
    "albumId": 324,
    "id": 324888228,
    "albumtitle": "耶利米书(49)"
  },
  {
    "path": "https://rawcdn.githack.com/quiet324/VOSAlbum2/17061715/biblejeremiah/biblejeremiah050.mp3",
    "title": "",
    "duration": 360,
    "size": "3M",
    "albumName": "耶利米书",
    "albumId": 324,
    "id": 324888229,
    "albumtitle": "耶利米书(50)"
  },
  {
    "path": "https://rawcdn.githack.com/quiet324/VOSAlbum2/17061715/biblejeremiah/biblejeremiah051.mp3",
    "title": "",
    "duration": 360,
    "size": "3M",
    "albumName": "耶利米书",
    "albumId": 324,
    "id": 324888230,
    "albumtitle": "耶利米书(51)"
  },
  {
    "path": "https://rawcdn.githack.com/quiet324/VOSAlbum2/17061715/biblejeremiah/biblejeremiah052.mp3",
    "title": "",
    "duration": 360,
    "size": "3M",
    "albumName": "耶利米书",
    "albumId": 324,
    "id": 324888231,
    "albumtitle": "耶利米书(52)"
  }
]