[
  {
    "path": "https://rawcdn.githack.com/quiet324/VOSAlbum2/17061715/biblejob/biblejob01.mp3",
    "title": "",
    "duration": 300,
    "size": "2.5M",
    "albumName": "约伯记",
    "albumId": 323,
    "id": 323888180,
    "albumtitle": "约伯记(1)"
  },
  {
    "path": "https://rawcdn.githack.com/quiet324/VOSAlbum2/17061715/biblejob/biblejob02.mp3",
    "title": "",
    "duration": 300,
    "size": "2.5M",
    "albumName": "约伯记",
    "albumId": 323,
    "id": 323888181,
    "albumtitle": "约伯记(2)"
  },
  {
    "path": "https://rawcdn.githack.com/quiet324/VOSAlbum2/17061715/biblejob/biblejob03.mp3",
    "title": "",
    "duration": 300,
    "size": "2.5M",
    "albumName": "约伯记",
    "albumId": 323,
    "id": 323888182,
    "albumtitle": "约伯记(3)"
  },
  {
    "path": "https://rawcdn.githack.com/quiet324/VOSAlbum2/17061715/biblejob/biblejob04.mp3",
    "title": "",
    "duration": 300,
    "size": "2.5M",
    "albumName": "约伯记",
    "albumId": 323,
    "id": 323888183,
    "albumtitle": "约伯记(4)"
  },
  {
    "path": "https://rawcdn.githack.com/quiet324/VOSAlbum2/17061715/biblejob/biblejob05.mp3",
    "title": "",
    "duration": 300,
    "size": "2.5M",
    "albumName": "约伯记",
    "albumId": 323,
    "id": 323888184,
    "albumtitle": "约伯记(5)"
  },
  {
    "path": "https://rawcdn.githack.com/quiet324/VOSAlbum2/17061715/biblejob/biblejob06.mp3",
    "title": "",
    "duration": 300,
    "size": "2.5M",
    "albumName": "约伯记",
    "albumId": 323,
    "id": 323888185,
    "albumtitle": "约伯记(6)"
  },
  {
    "path": "https://rawcdn.githack.com/quiet324/VOSAlbum2/17061715/biblejob/biblejob07.mp3",
    "title": "",
    "duration": 300,
    "size": "2.5M",
    "albumName": "约伯记",
    "albumId": 323,
    "id": 323888186,
    "albumtitle": "约伯记(7)"
  },
  {
    "path": "https://rawcdn.githack.com/quiet324/VOSAlbum2/17061715/biblejob/biblejob08.mp3",
    "title": "",
    "duration": 300,
    "size": "2.5M",
    "albumName": "约伯记",
    "albumId": 323,
    "id": 323888187,
    "albumtitle": "约伯记(8)"
  },
  {
    "path": "https://rawcdn.githack.com/quiet324/VOSAlbum2/17061715/biblejob/biblejob09.mp3",
    "title": "",
    "duration": 300,
    "size": "2.5M",
    "albumName": "约伯记",
    "albumId": 323,
    "id": 323888188,
    "albumtitle": "约伯记(9)"
  },
  {
    "path": "https://rawcdn.githack.com/quiet324/VOSAlbum2/17061715/biblejob/biblejob010.mp3",
    "title": "",
    "duration": 300,
    "size": "2.5M",
    "albumName": "约伯记",
    "albumId": 323,
    "id": 323888189,
    "albumtitle": "约伯记(10)"
  },
  {
    "path": "https://rawcdn.githack.com/quiet324/VOSAlbum2/17061715/biblejob/biblejob011.mp3",
    "title": "",
    "duration": 300,
    "size": "2.5M",
    "albumName": "约伯记",
    "albumId": 323,
    "id": 323888190,
    "albumtitle": "约伯记(11)"
  },
  {
    "path": "https://rawcdn.githack.com/quiet324/VOSAlbum2/17061715/biblejob/biblejob012.mp3",
    "title": "",
    "duration": 300,
    "size": "2.5M",
    "albumName": "约伯记",
    "albumId": 323,
    "id": 323888191,
    "albumtitle": "约伯记(12)"
  },
  {
    "path": "https://rawcdn.githack.com/quiet324/VOSAlbum2/17061715/biblejob/biblejob013.mp3",
    "title": "",
    "duration": 300,
    "size": "2.5M",
    "albumName": "约伯记",
    "albumId": 323,
    "id": 323888192,
    "albumtitle": "约伯记(13)"
  },
  {
    "path": "https://rawcdn.githack.com/quiet324/VOSAlbum2/17061715/biblejob/biblejob014.mp3",
    "title": "",
    "duration": 300,
    "size": "2.5M",
    "albumName": "约伯记",
    "albumId": 323,
    "id": 323888193,
    "albumtitle": "约伯记(14)"
  },
  {
    "path": "https://rawcdn.githack.com/quiet324/VOSAlbum2/17061715/biblejob/biblejob015.mp3",
    "title": "",
    "duration": 300,
    "size": "2.5M",
    "albumName": "约伯记",
    "albumId": 323,
    "id": 323888194,
    "albumtitle": "约伯记(15)"
  },
  {
    "path": "https://rawcdn.githack.com/quiet324/VOSAlbum2/17061715/biblejob/biblejob016.mp3",
    "title": "",
    "duration": 300,
    "size": "2.5M",
    "albumName": "约伯记",
    "albumId": 323,
    "id": 323888195,
    "albumtitle": "约伯记(16)"
  },
  {
    "path": "https://rawcdn.githack.com/quiet324/VOSAlbum2/17061715/biblejob/biblejob017.mp3",
    "title": "",
    "duration": 300,
    "size": "2.5M",
    "albumName": "约伯记",
    "albumId": 323,
    "id": 323888196,
    "albumtitle": "约伯记(17)"
  },
  {
    "path": "https://rawcdn.githack.com/quiet324/VOSAlbum2/17061715/biblejob/biblejob018.mp3",
    "title": "",
    "duration": 300,
    "size": "2.5M",
    "albumName": "约伯记",
    "albumId": 323,
    "id": 323888197,
    "albumtitle": "约伯记(18)"
  },
  {
    "path": "https://rawcdn.githack.com/quiet324/VOSAlbum2/17061715/biblejob/biblejob019.mp3",
    "title": "",
    "duration": 300,
    "size": "2.5M",
    "albumName": "约伯记",
    "albumId": 323,
    "id": 323888198,
    "albumtitle": "约伯记(19)"
  },
  {
    "path": "https://rawcdn.githack.com/quiet324/VOSAlbum2/17061715/biblejob/biblejob020.mp3",
    "title": "",
    "duration": 300,
    "size": "2.5M",
    "albumName": "约伯记",
    "albumId": 323,
    "id": 323888199,
    "albumtitle": "约伯记(20)"
  },
  {
    "path": "https://rawcdn.githack.com/quiet324/VOSAlbum2/17061715/biblejob/biblejob021.mp3",
    "title": "",
    "duration": 300,
    "size": "2.5M",
    "albumName": "约伯记",
    "albumId": 323,
    "id": 323888200,
    "albumtitle": "约伯记(21)"
  },
  {
    "path": "https://rawcdn.githack.com/quiet324/VOSAlbum2/17061715/biblejob/biblejob022.mp3",
    "title": "",
    "duration": 300,
    "size": "2.5M",
    "albumName": "约伯记",
    "albumId": 323,
    "id": 323888201,
    "albumtitle": "约伯记(22)"
  },
  {
    "path": "https://rawcdn.githack.com/quiet324/VOSAlbum2/17061715/biblejob/biblejob023.mp3",
    "title": "",
    "duration": 300,
    "size": "2.5M",
    "albumName": "约伯记",
    "albumId": 323,
    "id": 323888202,
    "albumtitle": "约伯记(23)"
  },
  {
    "path": "https://rawcdn.githack.com/quiet324/VOSAlbum2/17061715/biblejob/biblejob024.mp3",
    "title": "",
    "duration": 300,
    "size": "2.5M",
    "albumName": "约伯记",
    "albumId": 323,
    "id": 323888203,
    "albumtitle": "约伯记(24)"
  },
  {
    "path": "https://rawcdn.githack.com/quiet324/VOSAlbum2/17061715/biblejob/biblejob025.mp3",
    "title": "",
    "duration": 300,
    "size": "2.5M",
    "albumName": "约伯记",
    "albumId": 323,
    "id": 323888204,
    "albumtitle": "约伯记(25)"
  },
  {
    "path": "https://rawcdn.githack.com/quiet324/VOSAlbum2/17061715/biblejob/biblejob026.mp3",
    "title": "",
    "duration": 300,
    "size": "2.5M",
    "albumName": "约伯记",
    "albumId": 323,
    "id": 323888205,
    "albumtitle": "约伯记(26)"
  },
  {
    "path": "https://rawcdn.githack.com/quiet324/VOSAlbum2/17061715/biblejob/biblejob027.mp3",
    "title": "",
    "duration": 300,
    "size": "2.5M",
    "albumName": "约伯记",
    "albumId": 323,
    "id": 323888206,
    "albumtitle": "约伯记(27)"
  },
  {
    "path": "https://rawcdn.githack.com/quiet324/VOSAlbum2/17061715/biblejob/biblejob028.mp3",
    "title": "",
    "duration": 300,
    "size": "2.5M",
    "albumName": "约伯记",
    "albumId": 323,
    "id": 323888207,
    "albumtitle": "约伯记(28)"
  },
  {
    "path": "https://rawcdn.githack.com/quiet324/VOSAlbum2/17061715/biblejob/biblejob029.mp3",
    "title": "",
    "duration": 300,
    "size": "2.5M",
    "albumName": "约伯记",
    "albumId": 323,
    "id": 323888208,
    "albumtitle": "约伯记(29)"
  },
  {
    "path": "https://rawcdn.githack.com/quiet324/VOSAlbum2/17061715/biblejob/biblejob030.mp3",
    "title": "",
    "duration": 300,
    "size": "2.5M",
    "albumName": "约伯记",
    "albumId": 323,
    "id": 323888209,
    "albumtitle": "约伯记(30)"
  },
  {
    "path": "https://rawcdn.githack.com/quiet324/VOSAlbum2/17061715/biblejob/biblejob031.mp3",
    "title": "",
    "duration": 300,
    "size": "2.5M",
    "albumName": "约伯记",
    "albumId": 323,
    "id": 323888210,
    "albumtitle": "约伯记(31)"
  },
  {
    "path": "https://rawcdn.githack.com/quiet324/VOSAlbum2/17061715/biblejob/biblejob032.mp3",
    "title": "",
    "duration": 300,
    "size": "2.5M",
    "albumName": "约伯记",
    "albumId": 323,
    "id": 323888211,
    "albumtitle": "约伯记(32)"
  },
  {
    "path": "https://rawcdn.githack.com/quiet324/VOSAlbum2/17061715/biblejob/biblejob033.mp3",
    "title": "",
    "duration": 300,
    "size": "2.5M",
    "albumName": "约伯记",
    "albumId": 323,
    "id": 323888212,
    "albumtitle": "约伯记(33)"
  },
  {
    "path": "https://rawcdn.githack.com/quiet324/VOSAlbum2/17061715/biblejob/biblejob034.mp3",
    "title": "",
    "duration": 300,
    "size": "2.5M",
    "albumName": "约伯记",
    "albumId": 323,
    "id": 323888213,
    "albumtitle": "约伯记(34)"
  },
  {
    "path": "https://rawcdn.githack.com/quiet324/VOSAlbum2/17061715/biblejob/biblejob035.mp3",
    "title": "",
    "duration": 300,
    "size": "2.5M",
    "albumName": "约伯记",
    "albumId": 323,
    "id": 323888214,
    "albumtitle": "约伯记(35)"
  },
  {
    "path": "https://rawcdn.githack.com/quiet324/VOSAlbum2/17061715/biblejob/biblejob036.mp3",
    "title": "",
    "duration": 300,
    "size": "2.5M",
    "albumName": "约伯记",
    "albumId": 323,
    "id": 323888215,
    "albumtitle": "约伯记(36)"
  },
  {
    "path": "https://rawcdn.githack.com/quiet324/VOSAlbum2/17061715/biblejob/biblejob037.mp3",
    "title": "",
    "duration": 300,
    "size": "2.5M",
    "albumName": "约伯记",
    "albumId": 323,
    "id": 323888216,
    "albumtitle": "约伯记(37)"
  },
  {
    "path": "https://rawcdn.githack.com/quiet324/VOSAlbum2/17061715/biblejob/biblejob038.mp3",
    "title": "",
    "duration": 300,
    "size": "2.5M",
    "albumName": "约伯记",
    "albumId": 323,
    "id": 323888217,
    "albumtitle": "约伯记(38)"
  },
  {
    "path": "https://rawcdn.githack.com/quiet324/VOSAlbum2/17061715/biblejob/biblejob039.mp3",
    "title": "",
    "duration": 300,
    "size": "2.5M",
    "albumName": "约伯记",
    "albumId": 323,
    "id": 323888218,
    "albumtitle": "约伯记(39)"
  },
  {
    "path": "https://rawcdn.githack.com/quiet324/VOSAlbum2/17061715/biblejob/biblejob040.mp3",
    "title": "",
    "duration": 300,
    "size": "2.5M",
    "albumName": "约伯记",
    "albumId": 323,
    "id": 323888219,
    "albumtitle": "约伯记(40)"
  },
  {
    "path": "https://rawcdn.githack.com/quiet324/VOSAlbum2/17061715/biblejob/biblejob041.mp3",
    "title": "",
    "duration": 300,
    "size": "2.5M",
    "albumName": "约伯记",
    "albumId": 323,
    "id": 323888220,
    "albumtitle": "约伯记(41)"
  },
  {
    "path": "https://rawcdn.githack.com/quiet324/VOSAlbum2/17061715/biblejob/biblejob042.mp3",
    "title": "",
    "duration": 300,
    "size": "2.5M",
    "albumName": "约伯记",
    "albumId": 323,
    "id": 323888221,
    "albumtitle": "约伯记(42)"
  }
]