[
  {
    "path": "https://rawcdn.githack.com/quiet324/VOSAlbum2/17061715/bibleproverbs/bibleproverbs01.mp3",
    "title": "",
    "duration": 250,
    "size": "2M",
    "albumName": "箴言",
    "albumId": 322,
    "id": 322888180,
    "albumtitle": "箴言(1)"
  },
  {
    "path": "https://rawcdn.githack.com/quiet324/VOSAlbum2/17061715/bibleproverbs/bibleproverbs02.mp3",
    "title": "",
    "duration": 250,
    "size": "2M",
    "albumName": "箴言",
    "albumId": 322,
    "id": 322888181,
    "albumtitle": "箴言(2)"
  },
  {
    "path": "https://rawcdn.githack.com/quiet324/VOSAlbum2/17061715/bibleproverbs/bibleproverbs03.mp3",
    "title": "",
    "duration": 250,
    "size": "2M",
    "albumName": "箴言",
    "albumId": 322,
    "id": 322888182,
    "albumtitle": "箴言(3)"
  },
  {
    "path": "https://rawcdn.githack.com/quiet324/VOSAlbum2/17061715/bibleproverbs/bibleproverbs04.mp3",
    "title": "",
    "duration": 250,
    "size": "2M",
    "albumName": "箴言",
    "albumId": 322,
    "id": 322888183,
    "albumtitle": "箴言(4)"
  },
  {
    "path": "https://rawcdn.githack.com/quiet324/VOSAlbum2/17061715/bibleproverbs/bibleproverbs05.mp3",
    "title": "",
    "duration": 250,
    "size": "2M",
    "albumName": "箴言",
    "albumId": 322,
    "id": 322888184,
    "albumtitle": "箴言(5)"
  },
  {
    "path": "https://rawcdn.githack.com/quiet324/VOSAlbum2/17061715/bibleproverbs/bibleproverbs06.mp3",
    "title": "",
    "duration": 250,
    "size": "2M",
    "albumName": "箴言",
    "albumId": 322,
    "id": 322888185,
    "albumtitle": "箴言(6)"
  },
  {
    "path": "https://rawcdn.githack.com/quiet324/VOSAlbum2/17061715/bibleproverbs/bibleproverbs07.mp3",
    "title": "",
    "duration": 250,
    "size": "2M",
    "albumName": "箴言",
    "albumId": 322,
    "id": 322888186,
    "albumtitle": "箴言(7)"
  },
  {
    "path": "https://rawcdn.githack.com/quiet324/VOSAlbum2/17061715/bibleproverbs/bibleproverbs08.mp3",
    "title": "",
    "duration": 250,
    "size": "2M",
    "albumName": "箴言",
    "albumId": 322,
    "id": 322888187,
    "albumtitle": "箴言(8)"
  },
  {
    "path": "https://rawcdn.githack.com/quiet324/VOSAlbum2/17061715/bibleproverbs/bibleproverbs09.mp3",
    "title": "",
    "duration": 250,
    "size": "2M",
    "albumName": "箴言",
    "albumId": 322,
    "id": 322888188,
    "albumtitle": "箴言(9)"
  },
  {
    "path": "https://rawcdn.githack.com/quiet324/VOSAlbum2/17061715/bibleproverbs/bibleproverbs010.mp3",
    "title": "",
    "duration": 250,
    "size": "2M",
    "albumName": "箴言",
    "albumId": 322,
    "id": 322888189,
    "albumtitle": "箴言(10)"
  },
  {
    "path": "https://rawcdn.githack.com/quiet324/VOSAlbum2/17061715/bibleproverbs/bibleproverbs011.mp3",
    "title": "",
    "duration": 250,
    "size": "2M",
    "albumName": "箴言",
    "albumId": 322,
    "id": 322888190,
    "albumtitle": "箴言(11)"
  },
  {
    "path": "https://rawcdn.githack.com/quiet324/VOSAlbum2/17061715/bibleproverbs/bibleproverbs012.mp3",
    "title": "",
    "duration": 250,
    "size": "2M",
    "albumName": "箴言",
    "albumId": 322,
    "id": 322888191,
    "albumtitle": "箴言(12)"
  },
  {
    "path": "https://rawcdn.githack.com/quiet324/VOSAlbum2/17061715/bibleproverbs/bibleproverbs013.mp3",
    "title": "",
    "duration": 250,
    "size": "2M",
    "albumName": "箴言",
    "albumId": 322,
    "id": 322888192,
    "albumtitle": "箴言(13)"
  },
  {
    "path": "https://rawcdn.githack.com/quiet324/VOSAlbum2/17061715/bibleproverbs/bibleproverbs014.mp3",
    "title": "",
    "duration": 250,
    "size": "2M",
    "albumName": "箴言",
    "albumId": 322,
    "id": 322888193,
    "albumtitle": "箴言(14)"
  },
  {
    "path": "https://rawcdn.githack.com/quiet324/VOSAlbum2/17061715/bibleproverbs/bibleproverbs015.mp3",
    "title": "",
    "duration": 250,
    "size": "2M",
    "albumName": "箴言",
    "albumId": 322,
    "id": 322888194,
    "albumtitle": "箴言(15)"
  },
  {
    "path": "https://rawcdn.githack.com/quiet324/VOSAlbum2/17061715/bibleproverbs/bibleproverbs016.mp3",
    "title": "",
    "duration": 250,
    "size": "2M",
    "albumName": "箴言",
    "albumId": 322,
    "id": 322888195,
    "albumtitle": "箴言(16)"
  },
  {
    "path": "https://rawcdn.githack.com/quiet324/VOSAlbum2/17061715/bibleproverbs/bibleproverbs017.mp3",
    "title": "",
    "duration": 250,
    "size": "2M",
    "albumName": "箴言",
    "albumId": 322,
    "id": 322888196,
    "albumtitle": "箴言(17)"
  },
  {
    "path": "https://rawcdn.githack.com/quiet324/VOSAlbum2/17061715/bibleproverbs/bibleproverbs018.mp3",
    "title": "",
    "duration": 250,
    "size": "2M",
    "albumName": "箴言",
    "albumId": 322,
    "id": 322888197,
    "albumtitle": "箴言(18)"
  },
  {
    "path": "https://rawcdn.githack.com/quiet324/VOSAlbum2/17061715/bibleproverbs/bibleproverbs019.mp3",
    "title": "",
    "duration": 250,
    "size": "2M",
    "albumName": "箴言",
    "albumId": 322,
    "id": 322888198,
    "albumtitle": "箴言(19)"
  },
  {
    "path": "https://rawcdn.githack.com/quiet324/VOSAlbum2/17061715/bibleproverbs/bibleproverbs020.mp3",
    "title": "",
    "duration": 250,
    "size": "2M",
    "albumName": "箴言",
    "albumId": 322,
    "id": 322888199,
    "albumtitle": "箴言(20)"
  },
  {
    "path": "https://rawcdn.githack.com/quiet324/VOSAlbum2/17061715/bibleproverbs/bibleproverbs021.mp3",
    "title": "",
    "duration": 250,
    "size": "2M",
    "albumName": "箴言",
    "albumId": 322,
    "id": 322888200,
    "albumtitle": "箴言(21)"
  },
  {
    "path": "https://rawcdn.githack.com/quiet324/VOSAlbum2/17061715/bibleproverbs/bibleproverbs022.mp3",
    "title": "",
    "duration": 250,
    "size": "2M",
    "albumName": "箴言",
    "albumId": 322,
    "id": 322888201,
    "albumtitle": "箴言(22)"
  },
  {
    "path": "https://rawcdn.githack.com/quiet324/VOSAlbum2/17061715/bibleproverbs/bibleproverbs023.mp3",
    "title": "",
    "duration": 250,
    "size": "2M",
    "albumName": "箴言",
    "albumId": 322,
    "id": 322888202,
    "albumtitle": "箴言(23)"
  },
  {
    "path": "https://rawcdn.githack.com/quiet324/VOSAlbum2/17061715/bibleproverbs/bibleproverbs024.mp3",
    "title": "",
    "duration": 250,
    "size": "2M",
    "albumName": "箴言",
    "albumId": 322,
    "id": 322888203,
    "albumtitle": "箴言(24)"
  },
  {
    "path": "https://rawcdn.githack.com/quiet324/VOSAlbum2/17061715/bibleproverbs/bibleproverbs025.mp3",
    "title": "",
    "duration": 250,
    "size": "2M",
    "albumName": "箴言",
    "albumId": 322,
    "id": 322888204,
    "albumtitle": "箴言(25)"
  },
  {
    "path": "https://rawcdn.githack.com/quiet324/VOSAlbum2/17061715/bibleproverbs/bibleproverbs026.mp3",
    "title": "",
    "duration": 250,
    "size": "2M",
    "albumName": "箴言",
    "albumId": 322,
    "id": 322888205,
    "albumtitle": "箴言(26)"
  },
  {
    "path": "https://rawcdn.githack.com/quiet324/VOSAlbum2/17061715/bibleproverbs/bibleproverbs027.mp3",
    "title": "",
    "duration": 250,
    "size": "2M",
    "albumName": "箴言",
    "albumId": 322,
    "id": 322888206,
    "albumtitle": "箴言(27)"
  },
  {
    "path": "https://rawcdn.githack.com/quiet324/VOSAlbum2/17061715/bibleproverbs/bibleproverbs028.mp3",
    "title": "",
    "duration": 250,
    "size": "2M",
    "albumName": "箴言",
    "albumId": 322,
    "id": 322888207,
    "albumtitle": "箴言(28)"
  },
  {
    "path": "https://rawcdn.githack.com/quiet324/VOSAlbum2/17061715/bibleproverbs/bibleproverbs029.mp3",
    "title": "",
    "duration": 250,
    "size": "2M",
    "albumName": "箴言",
    "albumId": 322,
    "id": 322888208,
    "albumtitle": "箴言(29)"
  },
  {
    "path": "https://rawcdn.githack.com/quiet324/VOSAlbum2/17061715/bibleproverbs/bibleproverbs030.mp3",
    "title": "",
    "duration": 250,
    "size": "2M",
    "albumName": "箴言",
    "albumId": 322,
    "id": 322888209,
    "albumtitle": "箴言(30)"
  },
  {
    "path": "https://rawcdn.githack.com/quiet324/VOSAlbum2/17061715/bibleproverbs/bibleproverbs031.mp3",
    "title": "",
    "duration": 250,
    "size": "2M",
    "albumName": "箴言",
    "albumId": 322,
    "id": 322888210,
    "albumtitle": "箴言(31)"
  }
]