[
  {
    "path": "https://rawcdn.githack.com/quiet324/VOSAlbum2/17061716/biblelamentations/biblelamentations01.mp3",
    "title": "",
    "duration": 360,
    "size": "3M",
    "albumName": "耶利米哀歌",
    "albumId": 325,
    "id": 325888180,
    "albumtitle": "耶利米哀歌(1)"
  },
  {
    "path": "https://rawcdn.githack.com/quiet324/VOSAlbum2/17061716/biblelamentations/biblelamentations02.mp3",
    "title": "",
    "duration": 360,
    "size": "3M",
    "albumName": "耶利米哀歌",
    "albumId": 325,
    "id": 325888181,
    "albumtitle": "耶利米哀歌(2)"
  },
  {
    "path": "https://rawcdn.githack.com/quiet324/VOSAlbum2/17061716/biblelamentations/biblelamentations03.mp3",
    "title": "",
    "duration": 360,
    "size": "3M",
    "albumName": "耶利米哀歌",
    "albumId": 325,
    "id": 325888182,
    "albumtitle": "耶利米哀歌(3)"
  },
  {
    "path": "https://rawcdn.githack.com/quiet324/VOSAlbum2/17061716/biblelamentations/biblelamentations04.mp3",
    "title": "",
    "duration": 360,
    "size": "3M",
    "albumName": "耶利米哀歌",
    "albumId": 325,
    "id": 325888183,
    "albumtitle": "耶利米哀歌(4)"
  },
  {
    "path": "https://rawcdn.githack.com/quiet324/VOSAlbum2/17061716/biblelamentations/biblelamentations05.mp3",
    "title": "",
    "duration": 360,
    "size": "3M",
    "albumName": "耶利米哀歌",
    "albumId": 325,
    "id": 325888184,
    "albumtitle": "耶利米哀歌(5)"
  }
]