[
  {
    "path": "https://rawcdn.githack.com/quiet324/VOSAlbum2/17061712/biblejohn/biblejohn01.mp3",
    "title": "",
    "duration": 450,
    "size": "6M",
    "albumName": "约翰福音",
    "albumId": 320,
    "id": 320888180,
    "albumtitle": "约翰福音(1)"
  },
  {
    "path": "https://rawcdn.githack.com/quiet324/VOSAlbum2/17061712/biblejohn/biblejohn02.mp3",
    "title": "",
    "duration": 450,
    "size": "6M",
    "albumName": "约翰福音",
    "albumId": 320,
    "id": 320888181,
    "albumtitle": "约翰福音(2)"
  },
  {
    "path": "https://rawcdn.githack.com/quiet324/VOSAlbum2/17061712/biblejohn/biblejohn03.mp3",
    "title": "",
    "duration": 450,
    "size": "6M",
    "albumName": "约翰福音",
    "albumId": 320,
    "id": 320888182,
    "albumtitle": "约翰福音(3)"
  },
  {
    "path": "https://rawcdn.githack.com/quiet324/VOSAlbum2/17061712/biblejohn/biblejohn04.mp3",
    "title": "",
    "duration": 450,
    "size": "6M",
    "albumName": "约翰福音",
    "albumId": 320,
    "id": 320888183,
    "albumtitle": "约翰福音(4)"
  },
  {
    "path": "https://rawcdn.githack.com/quiet324/VOSAlbum2/17061712/biblejohn/biblejohn05.mp3",
    "title": "",
    "duration": 450,
    "size": "6M",
    "albumName": "约翰福音",
    "albumId": 320,
    "id": 320888184,
    "albumtitle": "约翰福音(5)"
  },
  {
    "path": "https://rawcdn.githack.com/quiet324/VOSAlbum2/17061712/biblejohn/biblejohn06.mp3",
    "title": "",
    "duration": 450,
    "size": "6M",
    "albumName": "约翰福音",
    "albumId": 320,
    "id": 320888185,
    "albumtitle": "约翰福音(6)"
  },
  {
    "path": "https://rawcdn.githack.com/quiet324/VOSAlbum2/17061712/biblejohn/biblejohn07.mp3",
    "title": "",
    "duration": 450,
    "size": "6M",
    "albumName": "约翰福音",
    "albumId": 320,
    "id": 320888186,
    "albumtitle": "约翰福音(7)"
  },
  {
    "path": "https://rawcdn.githack.com/quiet324/VOSAlbum2/17061712/biblejohn/biblejohn08.mp3",
    "title": "",
    "duration": 450,
    "size": "6M",
    "albumName": "约翰福音",
    "albumId": 320,
    "id": 320888187,
    "albumtitle": "约翰福音(8)"
  },
  {
    "path": "https://rawcdn.githack.com/quiet324/VOSAlbum2/17061712/biblejohn/biblejohn09.mp3",
    "title": "",
    "duration": 450,
    "size": "6M",
    "albumName": "约翰福音",
    "albumId": 320,
    "id": 320888188,
    "albumtitle": "约翰福音(9)"
  },
  {
    "path": "https://rawcdn.githack.com/quiet324/VOSAlbum2/17061712/biblejohn/biblejohn010.mp3",
    "title": "",
    "duration": 450,
    "size": "6M",
    "albumName": "约翰福音",
    "albumId": 320,
    "id": 320888189,
    "albumtitle": "约翰福音(10)"
  },
  {
    "path": "https://rawcdn.githack.com/quiet324/VOSAlbum2/17061712/biblejohn/biblejohn011.mp3",
    "title": "",
    "duration": 450,
    "size": "6M",
    "albumName": "约翰福音",
    "albumId": 320,
    "id": 320888190,
    "albumtitle": "约翰福音(11)"
  },
  {
    "path": "https://rawcdn.githack.com/quiet324/VOSAlbum2/17061712/biblejohn/biblejohn012.mp3",
    "title": "",
    "duration": 450,
    "size": "6M",
    "albumName": "约翰福音",
    "albumId": 320,
    "id": 320888191,
    "albumtitle": "约翰福音(12)"
  },
  {
    "path": "https://rawcdn.githack.com/quiet324/VOSAlbum2/17061712/biblejohn/biblejohn013.mp3",
    "title": "",
    "duration": 450,
    "size": "6M",
    "albumName": "约翰福音",
    "albumId": 320,
    "id": 320888192,
    "albumtitle": "约翰福音(13)"
  },
  {
    "path": "https://rawcdn.githack.com/quiet324/VOSAlbum2/17061712/biblejohn/biblejohn014.mp3",
    "title": "",
    "duration": 450,
    "size": "6M",
    "albumName": "约翰福音",
    "albumId": 320,
    "id": 320888193,
    "albumtitle": "约翰福音(14)"
  },
  {
    "path": "https://rawcdn.githack.com/quiet324/VOSAlbum2/17061712/biblejohn/biblejohn015.mp3",
    "title": "",
    "duration": 450,
    "size": "6M",
    "albumName": "约翰福音",
    "albumId": 320,
    "id": 320888194,
    "albumtitle": "约翰福音(15)"
  },
  {
    "path": "https://rawcdn.githack.com/quiet324/VOSAlbum2/17061712/biblejohn/biblejohn016.mp3",
    "title": "",
    "duration": 450,
    "size": "6M",
    "albumName": "约翰福音",
    "albumId": 320,
    "id": 320888195,
    "albumtitle": "约翰福音(16)"
  },
  {
    "path": "https://rawcdn.githack.com/quiet324/VOSAlbum2/17061712/biblejohn/biblejohn017.mp3",
    "title": "",
    "duration": 450,
    "size": "6M",
    "albumName": "约翰福音",
    "albumId": 320,
    "id": 320888196,
    "albumtitle": "约翰福音(17)"
  },
  {
    "path": "https://rawcdn.githack.com/quiet324/VOSAlbum2/17061712/biblejohn/biblejohn018.mp3",
    "title": "",
    "duration": 450,
    "size": "6M",
    "albumName": "约翰福音",
    "albumId": 320,
    "id": 320888197,
    "albumtitle": "约翰福音(18)"
  },
  {
    "path": "https://rawcdn.githack.com/quiet324/VOSAlbum2/17061712/biblejohn/biblejohn019.mp3",
    "title": "",
    "duration": 450,
    "size": "6M",
    "albumName": "约翰福音",
    "albumId": 320,
    "id": 320888198,
    "albumtitle": "约翰福音(19)"
  },
  {
    "path": "https://rawcdn.githack.com/quiet324/VOSAlbum2/17061712/biblejohn/biblejohn020.mp3",
    "title": "",
    "duration": 450,
    "size": "6M",
    "albumName": "约翰福音",
    "albumId": 320,
    "id": 320888199,
    "albumtitle": "约翰福音(20)"
  },
  {
    "path": "https://rawcdn.githack.com/quiet324/VOSAlbum2/17061712/biblejohn/biblejohn021.mp3",
    "title": "",
    "duration": 450,
    "size": "6M",
    "albumName": "约翰福音",
    "albumId": 320,
    "id": 320888200,
    "albumtitle": "约翰福音(21)"
  }
]