[
	{
		"albumtitle": "揮別婚姻十大謊言(01)",
		"title": "",
		"duration": 1760,
        "size": "7M",
		"albumId": 206,
		"albumName": "揮別婚姻十大謊言",
		"path": "https://rawcdn.githack.com/quiet324/Media4JAlbum/1706096/Bitfarewellto10liesofmarriage/Bitfarewellto10liesofmarriage01.mp3",
		"id": 206888180
	},
	{
		"albumtitle": "揮別婚姻十大謊言(02)",
		"title": "",
		"duration": 1760,
        "size": "7M",
		"albumId": 206,
		"albumName": "揮別婚姻十大謊言",
		"path": "https://rawcdn.githack.com/quiet324/Media4JAlbum/1706096/Bitfarewellto10liesofmarriage/Bitfarewellto10liesofmarriage02.mp3",
		"id": 206888181
	},
	{
		"albumtitle": "揮別婚姻十大謊言(03)",
		"title": "",
		"duration": 1760,
        "size": "7M",
		"albumId": 206,
		"albumName": "揮別婚姻十大謊言",
		"path": "https://rawcdn.githack.com/quiet324/Media4JAlbum/1706096/Bitfarewellto10liesofmarriage/Bitfarewellto10liesofmarriage03.mp3",
		"id": 206888182
	},
	{
		"albumtitle": "揮別婚姻十大謊言(04)",
		"title": "",
		"duration": 1760,
        "size": "7M",
		"albumId": 206,
		"albumName": "揮別婚姻十大謊言",
		"path": "https://rawcdn.githack.com/quiet324/Media4JAlbum/1706096/Bitfarewellto10liesofmarriage/Bitfarewellto10liesofmarriage04.mp3",
		"id": 206888183
	},

	{
		"albumtitle": "揮別婚姻十大謊言(05)",
		"title": "",
		"duration": 1760,
		"size": "7M",
		"albumId": 206,
		"albumName": "揮別婚姻十大謊言",
		"path": "https://rawcdn.githack.com/quiet324/Media4JAlbum/1706096/Bitfarewellto10liesofmarriage/Bitfarewellto10liesofmarriage05.mp3",
		"id": 206888184
	},
	{
		"albumtitle": "揮別婚姻十大謊言(06)",
		"title": "",
		"duration": 1760,
		"size": "7M",
		"albumId": 206,
		"albumName": "揮別婚姻十大謊言",
		"path": "https://rawcdn.githack.com/quiet324/Media4JAlbum/1706096/Bitfarewellto10liesofmarriage/Bitfarewellto10liesofmarriage06.mp3",
		"id": 206888185
	},
	{
		"albumtitle": "揮別婚姻十大謊言(07)",
		"title": "",
		"duration": 1760,
		"size": "7M",
		"albumId": 206,
		"albumName": "揮別婚姻十大謊言",
		"path": "https://rawcdn.githack.com/quiet324/Media4JAlbum/1706096/Bitfarewellto10liesofmarriage/Bitfarewellto10liesofmarriage07.mp3",
		"id": 206888186
	},
	{
		"albumtitle": "揮別婚姻十大謊言(08)",
		"title": "",
		"duration": 1760,
		"size": "7M",
		"albumId": 206,
		"albumName": "揮別婚姻十大謊言",
		"path": "https://rawcdn.githack.com/quiet324/Media4JAlbum/1706096/Bitfarewellto10liesofmarriage/Bitfarewellto10liesofmarriage08.mp3",
		"id": 206888187
	}

,
	{
		"albumtitle": "揮別婚姻十大謊言(09)",
		"title": "",
		"duration": 1760,
		"size": "7M",
		"albumId": 206,
		"albumName": "揮別婚姻十大謊言",
		"path": "https://rawcdn.githack.com/quiet324/Media4JAlbum/1706096/Bitfarewellto10liesofmarriage/Bitfarewellto10liesofmarriage09.mp3",
		"id": 206888188
	},
	{
		"albumtitle": "揮別婚姻十大謊言(10)",
		"title": "",
		"duration": 1760,
		"size": "7M",
		"albumId": 206,
		"albumName": "揮別婚姻十大謊言",
		"path": "https://rawcdn.githack.com/quiet324/Media4JAlbum/1706096/Bitfarewellto10liesofmarriage/Bitfarewellto10liesofmarriage10.mp3",
		"id": 206888189
	}

]