[{
	"duration": 3560,
	"size": "28.5M",
	"path": "http://media.febcchinese.org/Streaming/cc/cc150101.mp3",
	"id": 6317000001,
	"albumId": 6317,
	"albumName": "《空中辅导》2015年春季合集",
	"albumtitle": "《空中辅导》2015年春季合集(1)",
	"title": "空中辅导-20150101"
},
	{
		"duration": 3560,
		"size": "28.5M",
		"path": "http://media.febcchinese.org/Streaming/cc/cc150102.mp3",
		"id": 6317000002,
		"albumId": 6317,
		"albumName": "《空中辅导》2015年春季合集",
		"albumtitle": "《空中辅导》2015年春季合集(2)",
		"title": "空中辅导-20150102"
	},
	{
		"duration": 3560,
		"size": "28.5M",
		"path": "http://media.febcchinese.org/Streaming/cc/cc150103.mp3",
		"id": 6317000003,
		"albumId": 6317,
		"albumName": "《空中辅导》2015年春季合集",
		"albumtitle": "《空中辅导》2015年春季合集(3)",
		"title": "空中辅导-20150103"
	},
	{
		"duration": 3560,
		"size": "28.5M",
		"path": "http://media.febcchinese.org/Streaming/cc/cc150104.mp3",
		"id": 6317000004,
		"albumId": 6317,
		"albumName": "《空中辅导》2015年春季合集",
		"albumtitle": "《空中辅导》2015年春季合集(4)",
		"title": "空中辅导-20150104"
	},
	{
		"duration": 3560,
		"size": "28.5M",
		"path": "http://media.febcchinese.org/Streaming/cc/cc150105.mp3",
		"id": 6317000005,
		"albumId": 6317,
		"albumName": "《空中辅导》2015年春季合集",
		"albumtitle": "《空中辅导》2015年春季合集(5)",
		"title": "空中辅导-20150105"
	},
	{
		"duration": 3560,
		"size": "28.5M",
		"path": "http://media.febcchinese.org/Streaming/cc/cc150106.mp3",
		"id": 6317000006,
		"albumId": 6317,
		"albumName": "《空中辅导》2015年春季合集",
		"albumtitle": "《空中辅导》2015年春季合集(6)",
		"title": "空中辅导-20150106"
	},
	{
		"duration": 3560,
		"size": "28.5M",
		"path": "http://media.febcchinese.org/Streaming/cc/cc150107.mp3",
		"id": 6317000007,
		"albumId": 6317,
		"albumName": "《空中辅导》2015年春季合集",
		"albumtitle": "《空中辅导》2015年春季合集(7)",
		"title": "空中辅导-20150107"
	},
	{
		"duration": 3560,
		"size": "28.5M",
		"path": "http://media.febcchinese.org/Streaming/cc/cc150108.mp3",
		"id": 6317000008,
		"albumId": 6317,
		"albumName": "《空中辅导》2015年春季合集",
		"albumtitle": "《空中辅导》2015年春季合集(8)",
		"title": "空中辅导-20150108"
	},
	{
		"duration": 3560,
		"size": "28.5M",
		"path": "http://media.febcchinese.org/Streaming/cc/cc150109.mp3",
		"id": 6317000009,
		"albumId": 6317,
		"albumName": "《空中辅导》2015年春季合集",
		"albumtitle": "《空中辅导》2015年春季合集(9)",
		"title": "空中辅导-20150109"
	},
	{
		"duration": 3560,
		"size": "28.5M",
		"path": "http://media.febcchinese.org/Streaming/cc/cc150110.mp3",
		"id": 6317000010,
		"albumId": 6317,
		"albumName": "《空中辅导》2015年春季合集",
		"albumtitle": "《空中辅导》2015年春季合集(10)",
		"title": "空中辅导-20150110"
	},
	{
		"duration": 3560,
		"size": "28.5M",
		"path": "http://media.febcchinese.org/Streaming/cc/cc150111.mp3",
		"id": 6317000011,
		"albumId": 6317,
		"albumName": "《空中辅导》2015年春季合集",
		"albumtitle": "《空中辅导》2015年春季合集(11)",
		"title": "空中辅导-20150111"
	},
	{
		"duration": 3560,
		"size": "28.5M",
		"path": "http://media.febcchinese.org/Streaming/cc/cc150112.mp3",
		"id": 6317000012,
		"albumId": 6317,
		"albumName": "《空中辅导》2015年春季合集",
		"albumtitle": "《空中辅导》2015年春季合集(12)",
		"title": "空中辅导-20150112"
	},
	{
		"duration": 3560,
		"size": "28.5M",
		"path": "http://media.febcchinese.org/Streaming/cc/cc150113.mp3",
		"id": 6317000013,
		"albumId": 6317,
		"albumName": "《空中辅导》2015年春季合集",
		"albumtitle": "《空中辅导》2015年春季合集(13)",
		"title": "空中辅导-20150113"
	},
	{
		"duration": 3560,
		"size": "28.5M",
		"path": "http://media.febcchinese.org/Streaming/cc/cc150114.mp3",
		"id": 6317000014,
		"albumId": 6317,
		"albumName": "《空中辅导》2015年春季合集",
		"albumtitle": "《空中辅导》2015年春季合集(14)",
		"title": "空中辅导-20150114"
	},
	{
		"duration": 3560,
		"size": "28.5M",
		"path": "http://media.febcchinese.org/Streaming/cc/cc150115.mp3",
		"id": 6317000015,
		"albumId": 6317,
		"albumName": "《空中辅导》2015年春季合集",
		"albumtitle": "《空中辅导》2015年春季合集(15)",
		"title": "空中辅导-20150115"
	},
	{
		"duration": 3560,
		"size": "28.5M",
		"path": "http://media.febcchinese.org/Streaming/cc/cc150116.mp3",
		"id": 6317000016,
		"albumId": 6317,
		"albumName": "《空中辅导》2015年春季合集",
		"albumtitle": "《空中辅导》2015年春季合集(16)",
		"title": "空中辅导-20150116"
	},
	{
		"duration": 3560,
		"size": "28.5M",
		"path": "http://media.febcchinese.org/Streaming/cc/cc150117.mp3",
		"id": 6317000017,
		"albumId": 6317,
		"albumName": "《空中辅导》2015年春季合集",
		"albumtitle": "《空中辅导》2015年春季合集(17)",
		"title": "空中辅导-20150117"
	},
	{
		"duration": 3560,
		"size": "28.5M",
		"path": "http://media.febcchinese.org/Streaming/cc/cc150118.mp3",
		"id": 6317000018,
		"albumId": 6317,
		"albumName": "《空中辅导》2015年春季合集",
		"albumtitle": "《空中辅导》2015年春季合集(18)",
		"title": "空中辅导-20150118"
	},
	{
		"duration": 3560,
		"size": "28.5M",
		"path": "http://media.febcchinese.org/Streaming/cc/cc150119.mp3",
		"id": 6317000019,
		"albumId": 6317,
		"albumName": "《空中辅导》2015年春季合集",
		"albumtitle": "《空中辅导》2015年春季合集(19)",
		"title": "空中辅导-20150119"
	},
	{
		"duration": 3560,
		"size": "28.5M",
		"path": "http://media.febcchinese.org/Streaming/cc/cc150120.mp3",
		"id": 6317000020,
		"albumId": 6317,
		"albumName": "《空中辅导》2015年春季合集",
		"albumtitle": "《空中辅导》2015年春季合集(20)",
		"title": "空中辅导-20150120"
	},
	{
		"duration": 3560,
		"size": "28.5M",
		"path": "http://media.febcchinese.org/Streaming/cc/cc150121.mp3",
		"id": 6317000021,
		"albumId": 6317,
		"albumName": "《空中辅导》2015年春季合集",
		"albumtitle": "《空中辅导》2015年春季合集(21)",
		"title": "空中辅导-20150121"
	},
	{
		"duration": 3560,
		"size": "28.5M",
		"path": "http://media.febcchinese.org/Streaming/cc/cc150122.mp3",
		"id": 6317000022,
		"albumId": 6317,
		"albumName": "《空中辅导》2015年春季合集",
		"albumtitle": "《空中辅导》2015年春季合集(22)",
		"title": "空中辅导-20150122"
	},
	{
		"duration": 3560,
		"size": "28.5M",
		"path": "http://media.febcchinese.org/Streaming/cc/cc150123.mp3",
		"id": 6317000023,
		"albumId": 6317,
		"albumName": "《空中辅导》2015年春季合集",
		"albumtitle": "《空中辅导》2015年春季合集(23)",
		"title": "空中辅导-20150123"
	},
	{
		"duration": 3560,
		"size": "28.5M",
		"path": "http://media.febcchinese.org/Streaming/cc/cc150124.mp3",
		"id": 6317000024,
		"albumId": 6317,
		"albumName": "《空中辅导》2015年春季合集",
		"albumtitle": "《空中辅导》2015年春季合集(24)",
		"title": "空中辅导-20150124"
	},
	{
		"duration": 3560,
		"size": "28.5M",
		"path": "http://media.febcchinese.org/Streaming/cc/cc150125.mp3",
		"id": 6317000025,
		"albumId": 6317,
		"albumName": "《空中辅导》2015年春季合集",
		"albumtitle": "《空中辅导》2015年春季合集(25)",
		"title": "空中辅导-20150125"
	},
	{
		"duration": 3560,
		"size": "28.5M",
		"path": "http://media.febcchinese.org/Streaming/cc/cc150126.mp3",
		"id": 6317000026,
		"albumId": 6317,
		"albumName": "《空中辅导》2015年春季合集",
		"albumtitle": "《空中辅导》2015年春季合集(26)",
		"title": "空中辅导-20150126"
	},
	{
		"duration": 3560,
		"size": "28.5M",
		"path": "http://media.febcchinese.org/Streaming/cc/cc150127.mp3",
		"id": 6317000027,
		"albumId": 6317,
		"albumName": "《空中辅导》2015年春季合集",
		"albumtitle": "《空中辅导》2015年春季合集(27)",
		"title": "空中辅导-20150127"
	},
	{
		"duration": 3560,
		"size": "28.5M",
		"path": "http://media.febcchinese.org/Streaming/cc/cc150128.mp3",
		"id": 6317000028,
		"albumId": 6317,
		"albumName": "《空中辅导》2015年春季合集",
		"albumtitle": "《空中辅导》2015年春季合集(28)",
		"title": "空中辅导-20150128"
	},
	{
		"duration": 3560,
		"size": "28.5M",
		"path": "http://media.febcchinese.org/Streaming/cc/cc150129.mp3",
		"id": 6317000029,
		"albumId": 6317,
		"albumName": "《空中辅导》2015年春季合集",
		"albumtitle": "《空中辅导》2015年春季合集(29)",
		"title": "空中辅导-20150129"
	},
	{
		"duration": 3560,
		"size": "28.5M",
		"path": "http://media.febcchinese.org/Streaming/cc/cc150130.mp3",
		"id": 6317000030,
		"albumId": 6317,
		"albumName": "《空中辅导》2015年春季合集",
		"albumtitle": "《空中辅导》2015年春季合集(30)",
		"title": "空中辅导-20150130"
	},
	{
		"duration": 3560,
		"size": "28.5M",
		"path": "http://media.febcchinese.org/Streaming/cc/cc150131.mp3",
		"id": 6317000031,
		"albumId": 6317,
		"albumName": "《空中辅导》2015年春季合集",
		"albumtitle": "《空中辅导》2015年春季合集(31)",
		"title": "空中辅导-20150131"
	},
	{
		"duration": 3560,
		"size": "28.5M",
		"path": "http://media.febcchinese.org/Streaming/cc/cc150201.mp3",
		"id": 6317000032,
		"albumId": 6317,
		"albumName": "《空中辅导》2015年春季合集",
		"albumtitle": "《空中辅导》2015年春季合集(32)",
		"title": "空中辅导-20150201"
	},
	{
		"duration": 3560,
		"size": "28.5M",
		"path": "http://media.febcchinese.org/Streaming/cc/cc150202.mp3",
		"id": 6317000033,
		"albumId": 6317,
		"albumName": "《空中辅导》2015年春季合集",
		"albumtitle": "《空中辅导》2015年春季合集(33)",
		"title": "空中辅导-20150202"
	},
	{
		"duration": 3560,
		"size": "28.5M",
		"path": "http://media.febcchinese.org/Streaming/cc/cc150203.mp3",
		"id": 6317000034,
		"albumId": 6317,
		"albumName": "《空中辅导》2015年春季合集",
		"albumtitle": "《空中辅导》2015年春季合集(34)",
		"title": "空中辅导-20150203"
	},
	{
		"duration": 3560,
		"size": "28.5M",
		"path": "http://media.febcchinese.org/Streaming/cc/cc150204.mp3",
		"id": 6317000035,
		"albumId": 6317,
		"albumName": "《空中辅导》2015年春季合集",
		"albumtitle": "《空中辅导》2015年春季合集(35)",
		"title": "空中辅导-20150204"
	},
	{
		"duration": 3560,
		"size": "28.5M",
		"path": "http://media.febcchinese.org/Streaming/cc/cc150205.mp3",
		"id": 6317000036,
		"albumId": 6317,
		"albumName": "《空中辅导》2015年春季合集",
		"albumtitle": "《空中辅导》2015年春季合集(36)",
		"title": "空中辅导-20150205"
	},
	{
		"duration": 3560,
		"size": "28.5M",
		"path": "http://media.febcchinese.org/Streaming/cc/cc150206.mp3",
		"id": 6317000037,
		"albumId": 6317,
		"albumName": "《空中辅导》2015年春季合集",
		"albumtitle": "《空中辅导》2015年春季合集(37)",
		"title": "空中辅导-20150206"
	},
	{
		"duration": 3560,
		"size": "28.5M",
		"path": "http://media.febcchinese.org/Streaming/cc/cc150207.mp3",
		"id": 6317000038,
		"albumId": 6317,
		"albumName": "《空中辅导》2015年春季合集",
		"albumtitle": "《空中辅导》2015年春季合集(38)",
		"title": "空中辅导-20150207"
	},
	{
		"duration": 3560,
		"size": "28.5M",
		"path": "http://media.febcchinese.org/Streaming/cc/cc150208.mp3",
		"id": 6317000039,
		"albumId": 6317,
		"albumName": "《空中辅导》2015年春季合集",
		"albumtitle": "《空中辅导》2015年春季合集(39)",
		"title": "空中辅导-20150208"
	},
	{
		"duration": 3560,
		"size": "28.5M",
		"path": "http://media.febcchinese.org/Streaming/cc/cc150209.mp3",
		"id": 6317000040,
		"albumId": 6317,
		"albumName": "《空中辅导》2015年春季合集",
		"albumtitle": "《空中辅导》2015年春季合集(40)",
		"title": "空中辅导-20150209"
	},
	{
		"duration": 3560,
		"size": "28.5M",
		"path": "http://media.febcchinese.org/Streaming/cc/cc150210.mp3",
		"id": 6317000041,
		"albumId": 6317,
		"albumName": "《空中辅导》2015年春季合集",
		"albumtitle": "《空中辅导》2015年春季合集(41)",
		"title": "空中辅导-20150210"
	},
	{
		"duration": 3560,
		"size": "28.5M",
		"path": "http://media.febcchinese.org/Streaming/cc/cc150211.mp3",
		"id": 6317000042,
		"albumId": 6317,
		"albumName": "《空中辅导》2015年春季合集",
		"albumtitle": "《空中辅导》2015年春季合集(42)",
		"title": "空中辅导-20150211"
	},
	{
		"duration": 3560,
		"size": "28.5M",
		"path": "http://media.febcchinese.org/Streaming/cc/cc150212.mp3",
		"id": 6317000043,
		"albumId": 6317,
		"albumName": "《空中辅导》2015年春季合集",
		"albumtitle": "《空中辅导》2015年春季合集(43)",
		"title": "空中辅导-20150212"
	},
	{
		"duration": 3560,
		"size": "28.5M",
		"path": "http://media.febcchinese.org/Streaming/cc/cc150213.mp3",
		"id": 6317000044,
		"albumId": 6317,
		"albumName": "《空中辅导》2015年春季合集",
		"albumtitle": "《空中辅导》2015年春季合集(44)",
		"title": "空中辅导-20150213"
	},
	{
		"duration": 3560,
		"size": "28.5M",
		"path": "http://media.febcchinese.org/Streaming/cc/cc150214.mp3",
		"id": 6317000045,
		"albumId": 6317,
		"albumName": "《空中辅导》2015年春季合集",
		"albumtitle": "《空中辅导》2015年春季合集(45)",
		"title": "空中辅导-20150214"
	},
	{
		"duration": 3560,
		"size": "28.5M",
		"path": "http://media.febcchinese.org/Streaming/cc/cc150215.mp3",
		"id": 6317000046,
		"albumId": 6317,
		"albumName": "《空中辅导》2015年春季合集",
		"albumtitle": "《空中辅导》2015年春季合集(46)",
		"title": "空中辅导-20150215"
	},
	{
		"duration": 3560,
		"size": "28.5M",
		"path": "http://media.febcchinese.org/Streaming/cc/cc150216.mp3",
		"id": 6317000047,
		"albumId": 6317,
		"albumName": "《空中辅导》2015年春季合集",
		"albumtitle": "《空中辅导》2015年春季合集(47)",
		"title": "空中辅导-20150216"
	},
	{
		"duration": 3560,
		"size": "28.5M",
		"path": "http://media.febcchinese.org/Streaming/cc/cc150217.mp3",
		"id": 6317000048,
		"albumId": 6317,
		"albumName": "《空中辅导》2015年春季合集",
		"albumtitle": "《空中辅导》2015年春季合集(48)",
		"title": "空中辅导-20150217"
	},
	{
		"duration": 3560,
		"size": "28.5M",
		"path": "http://media.febcchinese.org/Streaming/cc/cc150218.mp3",
		"id": 6317000049,
		"albumId": 6317,
		"albumName": "《空中辅导》2015年春季合集",
		"albumtitle": "《空中辅导》2015年春季合集(49)",
		"title": "空中辅导-20150218"
	},
	{
		"duration": 3560,
		"size": "28.5M",
		"path": "http://media.febcchinese.org/Streaming/cc/cc150219.mp3",
		"id": 6317000050,
		"albumId": 6317,
		"albumName": "《空中辅导》2015年春季合集",
		"albumtitle": "《空中辅导》2015年春季合集(50)",
		"title": "空中辅导-20150219"
	},
	{
		"duration": 3560,
		"size": "28.5M",
		"path": "http://media.febcchinese.org/Streaming/cc/cc150220.mp3",
		"id": 6317000051,
		"albumId": 6317,
		"albumName": "《空中辅导》2015年春季合集",
		"albumtitle": "《空中辅导》2015年春季合集(51)",
		"title": "空中辅导-20150220"
	},
	{
		"duration": 3560,
		"size": "28.5M",
		"path": "http://media.febcchinese.org/Streaming/cc/cc150221.mp3",
		"id": 6317000052,
		"albumId": 6317,
		"albumName": "《空中辅导》2015年春季合集",
		"albumtitle": "《空中辅导》2015年春季合集(52)",
		"title": "空中辅导-20150221"
	},
	{
		"duration": 3560,
		"size": "28.5M",
		"path": "http://media.febcchinese.org/Streaming/cc/cc150222.mp3",
		"id": 6317000053,
		"albumId": 6317,
		"albumName": "《空中辅导》2015年春季合集",
		"albumtitle": "《空中辅导》2015年春季合集(53)",
		"title": "空中辅导-20150222"
	},
	{
		"duration": 3560,
		"size": "28.5M",
		"path": "http://media.febcchinese.org/Streaming/cc/cc150223.mp3",
		"id": 6317000054,
		"albumId": 6317,
		"albumName": "《空中辅导》2015年春季合集",
		"albumtitle": "《空中辅导》2015年春季合集(54)",
		"title": "空中辅导-20150223"
	},
	{
		"duration": 3560,
		"size": "28.5M",
		"path": "http://media.febcchinese.org/Streaming/cc/cc150224.mp3",
		"id": 6317000055,
		"albumId": 6317,
		"albumName": "《空中辅导》2015年春季合集",
		"albumtitle": "《空中辅导》2015年春季合集(55)",
		"title": "空中辅导-20150224"
	},
	{
		"duration": 3560,
		"size": "28.5M",
		"path": "http://media.febcchinese.org/Streaming/cc/cc150225.mp3",
		"id": 6317000056,
		"albumId": 6317,
		"albumName": "《空中辅导》2015年春季合集",
		"albumtitle": "《空中辅导》2015年春季合集(56)",
		"title": "空中辅导-20150225"
	},
	{
		"duration": 3560,
		"size": "28.5M",
		"path": "http://media.febcchinese.org/Streaming/cc/cc150226.mp3",
		"id": 6317000057,
		"albumId": 6317,
		"albumName": "《空中辅导》2015年春季合集",
		"albumtitle": "《空中辅导》2015年春季合集(57)",
		"title": "空中辅导-20150226"
	},
	{
		"duration": 3560,
		"size": "28.5M",
		"path": "http://media.febcchinese.org/Streaming/cc/cc150227.mp3",
		"id": 6317000058,
		"albumId": 6317,
		"albumName": "《空中辅导》2015年春季合集",
		"albumtitle": "《空中辅导》2015年春季合集(58)",
		"title": "空中辅导-20150227"
	},
	{
		"duration": 3560,
		"size": "28.5M",
		"path": "http://media.febcchinese.org/Streaming/cc/cc150228.mp3",
		"id": 6317000059,
		"albumId": 6317,
		"albumName": "《空中辅导》2015年春季合集",
		"albumtitle": "《空中辅导》2015年春季合集(59)",
		"title": "空中辅导-20150228"
	},
	{
		"duration": 3560,
		"size": "28.5M",
		"path": "http://media.febcchinese.org/Streaming/cc/cc150301.mp3",
		"id": 6317000060,
		"albumId": 6317,
		"albumName": "《空中辅导》2015年春季合集",
		"albumtitle": "《空中辅导》2015年春季合集(60)",
		"title": "空中辅导-20150301"
	},
	{
		"duration": 3560,
		"size": "28.5M",
		"path": "http://media.febcchinese.org/Streaming/cc/cc150302.mp3",
		"id": 6317000061,
		"albumId": 6317,
		"albumName": "《空中辅导》2015年春季合集",
		"albumtitle": "《空中辅导》2015年春季合集(61)",
		"title": "空中辅导-20150302"
	},
	{
		"duration": 3560,
		"size": "28.5M",
		"path": "http://media.febcchinese.org/Streaming/cc/cc150303.mp3",
		"id": 6317000062,
		"albumId": 6317,
		"albumName": "《空中辅导》2015年春季合集",
		"albumtitle": "《空中辅导》2015年春季合集(62)",
		"title": "空中辅导-20150303"
	},
	{
		"duration": 3560,
		"size": "28.5M",
		"path": "http://media.febcchinese.org/Streaming/cc/cc150304.mp3",
		"id": 6317000063,
		"albumId": 6317,
		"albumName": "《空中辅导》2015年春季合集",
		"albumtitle": "《空中辅导》2015年春季合集(63)",
		"title": "空中辅导-20150304"
	},
	{
		"duration": 3560,
		"size": "28.5M",
		"path": "http://media.febcchinese.org/Streaming/cc/cc150305.mp3",
		"id": 6317000064,
		"albumId": 6317,
		"albumName": "《空中辅导》2015年春季合集",
		"albumtitle": "《空中辅导》2015年春季合集(64)",
		"title": "空中辅导-20150305"
	},
	{
		"duration": 3560,
		"size": "28.5M",
		"path": "http://media.febcchinese.org/Streaming/cc/cc150306.mp3",
		"id": 6317000065,
		"albumId": 6317,
		"albumName": "《空中辅导》2015年春季合集",
		"albumtitle": "《空中辅导》2015年春季合集(65)",
		"title": "空中辅导-20150306"
	},
	{
		"duration": 3560,
		"size": "28.5M",
		"path": "http://media.febcchinese.org/Streaming/cc/cc150307.mp3",
		"id": 6317000066,
		"albumId": 6317,
		"albumName": "《空中辅导》2015年春季合集",
		"albumtitle": "《空中辅导》2015年春季合集(66)",
		"title": "空中辅导-20150307"
	},
	{
		"duration": 3560,
		"size": "28.5M",
		"path": "http://media.febcchinese.org/Streaming/cc/cc150308.mp3",
		"id": 6317000067,
		"albumId": 6317,
		"albumName": "《空中辅导》2015年春季合集",
		"albumtitle": "《空中辅导》2015年春季合集(67)",
		"title": "空中辅导-20150308"
	},
	{
		"duration": 3560,
		"size": "28.5M",
		"path": "http://media.febcchinese.org/Streaming/cc/cc150309.mp3",
		"id": 6317000068,
		"albumId": 6317,
		"albumName": "《空中辅导》2015年春季合集",
		"albumtitle": "《空中辅导》2015年春季合集(68)",
		"title": "空中辅导-20150309"
	},
	{
		"duration": 3560,
		"size": "28.5M",
		"path": "http://media.febcchinese.org/Streaming/cc/cc150310.mp3",
		"id": 6317000069,
		"albumId": 6317,
		"albumName": "《空中辅导》2015年春季合集",
		"albumtitle": "《空中辅导》2015年春季合集(69)",
		"title": "空中辅导-20150310"
	},
	{
		"duration": 3560,
		"size": "28.5M",
		"path": "http://media.febcchinese.org/Streaming/cc/cc150311.mp3",
		"id": 6317000070,
		"albumId": 6317,
		"albumName": "《空中辅导》2015年春季合集",
		"albumtitle": "《空中辅导》2015年春季合集(70)",
		"title": "空中辅导-20150311"
	},
	{
		"duration": 3560,
		"size": "28.5M",
		"path": "http://media.febcchinese.org/Streaming/cc/cc150312.mp3",
		"id": 6317000071,
		"albumId": 6317,
		"albumName": "《空中辅导》2015年春季合集",
		"albumtitle": "《空中辅导》2015年春季合集(71)",
		"title": "空中辅导-20150312"
	},
	{
		"duration": 3560,
		"size": "28.5M",
		"path": "http://media.febcchinese.org/Streaming/cc/cc150313.mp3",
		"id": 6317000072,
		"albumId": 6317,
		"albumName": "《空中辅导》2015年春季合集",
		"albumtitle": "《空中辅导》2015年春季合集(72)",
		"title": "空中辅导-20150313"
	},
	{
		"duration": 3560,
		"size": "28.5M",
		"path": "http://media.febcchinese.org/Streaming/cc/cc150314.mp3",
		"id": 6317000073,
		"albumId": 6317,
		"albumName": "《空中辅导》2015年春季合集",
		"albumtitle": "《空中辅导》2015年春季合集(73)",
		"title": "空中辅导-20150314"
	},
	{
		"duration": 3560,
		"size": "28.5M",
		"path": "http://media.febcchinese.org/Streaming/cc/cc150315.mp3",
		"id": 6317000074,
		"albumId": 6317,
		"albumName": "《空中辅导》2015年春季合集",
		"albumtitle": "《空中辅导》2015年春季合集(74)",
		"title": "空中辅导-20150315"
	},
	{
		"duration": 3560,
		"size": "28.5M",
		"path": "http://media.febcchinese.org/Streaming/cc/cc150316.mp3",
		"id": 6317000075,
		"albumId": 6317,
		"albumName": "《空中辅导》2015年春季合集",
		"albumtitle": "《空中辅导》2015年春季合集(75)",
		"title": "空中辅导-20150316"
	},
	{
		"duration": 3560,
		"size": "28.5M",
		"path": "http://media.febcchinese.org/Streaming/cc/cc150317.mp3",
		"id": 6317000076,
		"albumId": 6317,
		"albumName": "《空中辅导》2015年春季合集",
		"albumtitle": "《空中辅导》2015年春季合集(76)",
		"title": "空中辅导-20150317"
	},
	{
		"duration": 3560,
		"size": "28.5M",
		"path": "http://media.febcchinese.org/Streaming/cc/cc150318.mp3",
		"id": 6317000077,
		"albumId": 6317,
		"albumName": "《空中辅导》2015年春季合集",
		"albumtitle": "《空中辅导》2015年春季合集(77)",
		"title": "空中辅导-20150318"
	},
	{
		"duration": 3560,
		"size": "28.5M",
		"path": "http://media.febcchinese.org/Streaming/cc/cc150319.mp3",
		"id": 6317000078,
		"albumId": 6317,
		"albumName": "《空中辅导》2015年春季合集",
		"albumtitle": "《空中辅导》2015年春季合集(78)",
		"title": "空中辅导-20150319"
	},
	{
		"duration": 3560,
		"size": "28.5M",
		"path": "http://media.febcchinese.org/Streaming/cc/cc150320.mp3",
		"id": 6317000079,
		"albumId": 6317,
		"albumName": "《空中辅导》2015年春季合集",
		"albumtitle": "《空中辅导》2015年春季合集(79)",
		"title": "空中辅导-20150320"
	},
	{
		"duration": 3560,
		"size": "28.5M",
		"path": "http://media.febcchinese.org/Streaming/cc/cc150321.mp3",
		"id": 6317000080,
		"albumId": 6317,
		"albumName": "《空中辅导》2015年春季合集",
		"albumtitle": "《空中辅导》2015年春季合集(80)",
		"title": "空中辅导-20150321"
	},
	{
		"duration": 3560,
		"size": "28.5M",
		"path": "http://media.febcchinese.org/Streaming/cc/cc150322.mp3",
		"id": 6317000081,
		"albumId": 6317,
		"albumName": "《空中辅导》2015年春季合集",
		"albumtitle": "《空中辅导》2015年春季合集(81)",
		"title": "空中辅导-20150322"
	},
	{
		"duration": 3560,
		"size": "28.5M",
		"path": "http://media.febcchinese.org/Streaming/cc/cc150323.mp3",
		"id": 6317000082,
		"albumId": 6317,
		"albumName": "《空中辅导》2015年春季合集",
		"albumtitle": "《空中辅导》2015年春季合集(82)",
		"title": "空中辅导-20150323"
	},
	{
		"duration": 3560,
		"size": "28.5M",
		"path": "http://media.febcchinese.org/Streaming/cc/cc150324.mp3",
		"id": 6317000083,
		"albumId": 6317,
		"albumName": "《空中辅导》2015年春季合集",
		"albumtitle": "《空中辅导》2015年春季合集(83)",
		"title": "空中辅导-20150324"
	},
	{
		"duration": 3560,
		"size": "28.5M",
		"path": "http://media.febcchinese.org/Streaming/cc/cc150325.mp3",
		"id": 6317000084,
		"albumId": 6317,
		"albumName": "《空中辅导》2015年春季合集",
		"albumtitle": "《空中辅导》2015年春季合集(84)",
		"title": "空中辅导-20150325"
	},
	{
		"duration": 3560,
		"size": "28.5M",
		"path": "http://media.febcchinese.org/Streaming/cc/cc150326.mp3",
		"id": 6317000085,
		"albumId": 6317,
		"albumName": "《空中辅导》2015年春季合集",
		"albumtitle": "《空中辅导》2015年春季合集(85)",
		"title": "空中辅导-20150326"
	},
	{
		"duration": 3560,
		"size": "28.5M",
		"path": "http://media.febcchinese.org/Streaming/cc/cc150327.mp3",
		"id": 6317000086,
		"albumId": 6317,
		"albumName": "《空中辅导》2015年春季合集",
		"albumtitle": "《空中辅导》2015年春季合集(86)",
		"title": "空中辅导-20150327"
	},
	{
		"duration": 3560,
		"size": "28.5M",
		"path": "http://media.febcchinese.org/Streaming/cc/cc150328.mp3",
		"id": 6317000087,
		"albumId": 6317,
		"albumName": "《空中辅导》2015年春季合集",
		"albumtitle": "《空中辅导》2015年春季合集(87)",
		"title": "空中辅导-20150328"
	},
	{
		"duration": 3560,
		"size": "28.5M",
		"path": "http://media.febcchinese.org/Streaming/cc/cc150329.mp3",
		"id": 6317000088,
		"albumId": 6317,
		"albumName": "《空中辅导》2015年春季合集",
		"albumtitle": "《空中辅导》2015年春季合集(88)",
		"title": "空中辅导-20150329"
	},
	{
		"duration": 3560,
		"size": "28.5M",
		"path": "http://media.febcchinese.org/Streaming/cc/cc150330.mp3",
		"id": 6317000089,
		"albumId": 6317,
		"albumName": "《空中辅导》2015年春季合集",
		"albumtitle": "《空中辅导》2015年春季合集(89)",
		"title": "空中辅导-20150330"
	},
	{
		"duration": 3560,
		"size": "28.5M",
		"path": "http://media.febcchinese.org/Streaming/cc/cc150331.mp3",
		"id": 6317000090,
		"albumId": 6317,
		"albumName": "《空中辅导》2015年春季合集",
		"albumtitle": "《空中辅导》2015年春季合集(90)",
		"title": "空中辅导-20150331"
	}
]