[{
	"duration": 3560,
	"size": "28.5M",
	"path": "http://media.febcchinese.org/Streaming/cc/cc150401.mp3",
	"id": 6318000001,
	"albumId": 6318,
	"albumName": "《空中辅导》2015年夏季合集",
	"albumtitle": "《空中辅导》2015年夏季合集(1)",
	"title": "空中辅导-20150401"
},
	{
		"duration": 3560,
		"size": "28.5M",
		"path": "http://media.febcchinese.org/Streaming/cc/cc150402.mp3",
		"id": 6318000002,
		"albumId": 6318,
		"albumName": "《空中辅导》2015年夏季合集",
		"albumtitle": "《空中辅导》2015年夏季合集(2)",
		"title": "空中辅导-20150402"
	},
	{
		"duration": 3560,
		"size": "28.5M",
		"path": "http://media.febcchinese.org/Streaming/cc/cc150403.mp3",
		"id": 6318000003,
		"albumId": 6318,
		"albumName": "《空中辅导》2015年夏季合集",
		"albumtitle": "《空中辅导》2015年夏季合集(3)",
		"title": "空中辅导-20150403"
	},
	{
		"duration": 3560,
		"size": "28.5M",
		"path": "http://media.febcchinese.org/Streaming/cc/cc150404.mp3",
		"id": 6318000004,
		"albumId": 6318,
		"albumName": "《空中辅导》2015年夏季合集",
		"albumtitle": "《空中辅导》2015年夏季合集(4)",
		"title": "空中辅导-20150404"
	},
	{
		"duration": 3560,
		"size": "28.5M",
		"path": "http://media.febcchinese.org/Streaming/cc/cc150405.mp3",
		"id": 6318000005,
		"albumId": 6318,
		"albumName": "《空中辅导》2015年夏季合集",
		"albumtitle": "《空中辅导》2015年夏季合集(5)",
		"title": "空中辅导-20150405"
	},
	{
		"duration": 3560,
		"size": "28.5M",
		"path": "http://media.febcchinese.org/Streaming/cc/cc150406.mp3",
		"id": 6318000006,
		"albumId": 6318,
		"albumName": "《空中辅导》2015年夏季合集",
		"albumtitle": "《空中辅导》2015年夏季合集(6)",
		"title": "空中辅导-20150406"
	},
	{
		"duration": 3560,
		"size": "28.5M",
		"path": "http://media.febcchinese.org/Streaming/cc/cc150407.mp3",
		"id": 6318000007,
		"albumId": 6318,
		"albumName": "《空中辅导》2015年夏季合集",
		"albumtitle": "《空中辅导》2015年夏季合集(7)",
		"title": "空中辅导-20150407"
	},
	{
		"duration": 3560,
		"size": "28.5M",
		"path": "http://media.febcchinese.org/Streaming/cc/cc150408.mp3",
		"id": 6318000008,
		"albumId": 6318,
		"albumName": "《空中辅导》2015年夏季合集",
		"albumtitle": "《空中辅导》2015年夏季合集(8)",
		"title": "空中辅导-20150408"
	},
	{
		"duration": 3560,
		"size": "28.5M",
		"path": "http://media.febcchinese.org/Streaming/cc/cc150409.mp3",
		"id": 6318000009,
		"albumId": 6318,
		"albumName": "《空中辅导》2015年夏季合集",
		"albumtitle": "《空中辅导》2015年夏季合集(9)",
		"title": "空中辅导-20150409"
	},
	{
		"duration": 3560,
		"size": "28.5M",
		"path": "http://media.febcchinese.org/Streaming/cc/cc150410.mp3",
		"id": 6318000010,
		"albumId": 6318,
		"albumName": "《空中辅导》2015年夏季合集",
		"albumtitle": "《空中辅导》2015年夏季合集(10)",
		"title": "空中辅导-20150410"
	},
	{
		"duration": 3560,
		"size": "28.5M",
		"path": "http://media.febcchinese.org/Streaming/cc/cc150411.mp3",
		"id": 6318000011,
		"albumId": 6318,
		"albumName": "《空中辅导》2015年夏季合集",
		"albumtitle": "《空中辅导》2015年夏季合集(11)",
		"title": "空中辅导-20150411"
	},
	{
		"duration": 3560,
		"size": "28.5M",
		"path": "http://media.febcchinese.org/Streaming/cc/cc150412.mp3",
		"id": 6318000012,
		"albumId": 6318,
		"albumName": "《空中辅导》2015年夏季合集",
		"albumtitle": "《空中辅导》2015年夏季合集(12)",
		"title": "空中辅导-20150412"
	},
	{
		"duration": 3560,
		"size": "28.5M",
		"path": "http://media.febcchinese.org/Streaming/cc/cc150413.mp3",
		"id": 6318000013,
		"albumId": 6318,
		"albumName": "《空中辅导》2015年夏季合集",
		"albumtitle": "《空中辅导》2015年夏季合集(13)",
		"title": "空中辅导-20150413"
	},
	{
		"duration": 3560,
		"size": "28.5M",
		"path": "http://media.febcchinese.org/Streaming/cc/cc150414.mp3",
		"id": 6318000014,
		"albumId": 6318,
		"albumName": "《空中辅导》2015年夏季合集",
		"albumtitle": "《空中辅导》2015年夏季合集(14)",
		"title": "空中辅导-20150414"
	},
	{
		"duration": 3560,
		"size": "28.5M",
		"path": "http://media.febcchinese.org/Streaming/cc/cc150415.mp3",
		"id": 6318000015,
		"albumId": 6318,
		"albumName": "《空中辅导》2015年夏季合集",
		"albumtitle": "《空中辅导》2015年夏季合集(15)",
		"title": "空中辅导-20150415"
	},
	{
		"duration": 3560,
		"size": "28.5M",
		"path": "http://media.febcchinese.org/Streaming/cc/cc150416.mp3",
		"id": 6318000016,
		"albumId": 6318,
		"albumName": "《空中辅导》2015年夏季合集",
		"albumtitle": "《空中辅导》2015年夏季合集(16)",
		"title": "空中辅导-20150416"
	},
	{
		"duration": 3560,
		"size": "28.5M",
		"path": "http://media.febcchinese.org/Streaming/cc/cc150417.mp3",
		"id": 6318000017,
		"albumId": 6318,
		"albumName": "《空中辅导》2015年夏季合集",
		"albumtitle": "《空中辅导》2015年夏季合集(17)",
		"title": "空中辅导-20150417"
	},
	{
		"duration": 3560,
		"size": "28.5M",
		"path": "http://media.febcchinese.org/Streaming/cc/cc150418.mp3",
		"id": 6318000018,
		"albumId": 6318,
		"albumName": "《空中辅导》2015年夏季合集",
		"albumtitle": "《空中辅导》2015年夏季合集(18)",
		"title": "空中辅导-20150418"
	},
	{
		"duration": 3560,
		"size": "28.5M",
		"path": "http://media.febcchinese.org/Streaming/cc/cc150419.mp3",
		"id": 6318000019,
		"albumId": 6318,
		"albumName": "《空中辅导》2015年夏季合集",
		"albumtitle": "《空中辅导》2015年夏季合集(19)",
		"title": "空中辅导-20150419"
	},
	{
		"duration": 3560,
		"size": "28.5M",
		"path": "http://media.febcchinese.org/Streaming/cc/cc150420.mp3",
		"id": 6318000020,
		"albumId": 6318,
		"albumName": "《空中辅导》2015年夏季合集",
		"albumtitle": "《空中辅导》2015年夏季合集(20)",
		"title": "空中辅导-20150420"
	},
	{
		"duration": 3560,
		"size": "28.5M",
		"path": "http://media.febcchinese.org/Streaming/cc/cc150421.mp3",
		"id": 6318000021,
		"albumId": 6318,
		"albumName": "《空中辅导》2015年夏季合集",
		"albumtitle": "《空中辅导》2015年夏季合集(21)",
		"title": "空中辅导-20150421"
	},
	{
		"duration": 3560,
		"size": "28.5M",
		"path": "http://media.febcchinese.org/Streaming/cc/cc150422.mp3",
		"id": 6318000022,
		"albumId": 6318,
		"albumName": "《空中辅导》2015年夏季合集",
		"albumtitle": "《空中辅导》2015年夏季合集(22)",
		"title": "空中辅导-20150422"
	},
	{
		"duration": 3560,
		"size": "28.5M",
		"path": "http://media.febcchinese.org/Streaming/cc/cc150423.mp3",
		"id": 6318000023,
		"albumId": 6318,
		"albumName": "《空中辅导》2015年夏季合集",
		"albumtitle": "《空中辅导》2015年夏季合集(23)",
		"title": "空中辅导-20150423"
	},
	{
		"duration": 3560,
		"size": "28.5M",
		"path": "http://media.febcchinese.org/Streaming/cc/cc150424.mp3",
		"id": 6318000024,
		"albumId": 6318,
		"albumName": "《空中辅导》2015年夏季合集",
		"albumtitle": "《空中辅导》2015年夏季合集(24)",
		"title": "空中辅导-20150424"
	},
	{
		"duration": 3560,
		"size": "28.5M",
		"path": "http://media.febcchinese.org/Streaming/cc/cc150425.mp3",
		"id": 6318000025,
		"albumId": 6318,
		"albumName": "《空中辅导》2015年夏季合集",
		"albumtitle": "《空中辅导》2015年夏季合集(25)",
		"title": "空中辅导-20150425"
	},
	{
		"duration": 3560,
		"size": "28.5M",
		"path": "http://media.febcchinese.org/Streaming/cc/cc150426.mp3",
		"id": 6318000026,
		"albumId": 6318,
		"albumName": "《空中辅导》2015年夏季合集",
		"albumtitle": "《空中辅导》2015年夏季合集(26)",
		"title": "空中辅导-20150426"
	},
	{
		"duration": 3560,
		"size": "28.5M",
		"path": "http://media.febcchinese.org/Streaming/cc/cc150427.mp3",
		"id": 6318000027,
		"albumId": 6318,
		"albumName": "《空中辅导》2015年夏季合集",
		"albumtitle": "《空中辅导》2015年夏季合集(27)",
		"title": "空中辅导-20150427"
	},
	{
		"duration": 3560,
		"size": "28.5M",
		"path": "http://media.febcchinese.org/Streaming/cc/cc150428.mp3",
		"id": 6318000028,
		"albumId": 6318,
		"albumName": "《空中辅导》2015年夏季合集",
		"albumtitle": "《空中辅导》2015年夏季合集(28)",
		"title": "空中辅导-20150428"
	},
	{
		"duration": 3560,
		"size": "28.5M",
		"path": "http://media.febcchinese.org/Streaming/cc/cc150429.mp3",
		"id": 6318000029,
		"albumId": 6318,
		"albumName": "《空中辅导》2015年夏季合集",
		"albumtitle": "《空中辅导》2015年夏季合集(29)",
		"title": "空中辅导-20150429"
	},
	{
		"duration": 3560,
		"size": "28.5M",
		"path": "http://media.febcchinese.org/Streaming/cc/cc150430.mp3",
		"id": 6318000030,
		"albumId": 6318,
		"albumName": "《空中辅导》2015年夏季合集",
		"albumtitle": "《空中辅导》2015年夏季合集(30)",
		"title": "空中辅导-20150430"
	},
	{
		"duration": 3560,
		"size": "28.5M",
		"path": "http://media.febcchinese.org/Streaming/cc/cc150501.mp3",
		"id": 6318000031,
		"albumId": 6318,
		"albumName": "《空中辅导》2015年夏季合集",
		"albumtitle": "《空中辅导》2015年夏季合集(31)",
		"title": "空中辅导-20150501"
	},
	{
		"duration": 3560,
		"size": "28.5M",
		"path": "http://media.febcchinese.org/Streaming/cc/cc150502.mp3",
		"id": 6318000032,
		"albumId": 6318,
		"albumName": "《空中辅导》2015年夏季合集",
		"albumtitle": "《空中辅导》2015年夏季合集(32)",
		"title": "空中辅导-20150502"
	},
	{
		"duration": 3560,
		"size": "28.5M",
		"path": "http://media.febcchinese.org/Streaming/cc/cc150503.mp3",
		"id": 6318000033,
		"albumId": 6318,
		"albumName": "《空中辅导》2015年夏季合集",
		"albumtitle": "《空中辅导》2015年夏季合集(33)",
		"title": "空中辅导-20150503"
	},
	{
		"duration": 3560,
		"size": "28.5M",
		"path": "http://media.febcchinese.org/Streaming/cc/cc150504.mp3",
		"id": 6318000034,
		"albumId": 6318,
		"albumName": "《空中辅导》2015年夏季合集",
		"albumtitle": "《空中辅导》2015年夏季合集(34)",
		"title": "空中辅导-20150504"
	},
	{
		"duration": 3560,
		"size": "28.5M",
		"path": "http://media.febcchinese.org/Streaming/cc/cc150505.mp3",
		"id": 6318000035,
		"albumId": 6318,
		"albumName": "《空中辅导》2015年夏季合集",
		"albumtitle": "《空中辅导》2015年夏季合集(35)",
		"title": "空中辅导-20150505"
	},
	{
		"duration": 3560,
		"size": "28.5M",
		"path": "http://media.febcchinese.org/Streaming/cc/cc150506.mp3",
		"id": 6318000036,
		"albumId": 6318,
		"albumName": "《空中辅导》2015年夏季合集",
		"albumtitle": "《空中辅导》2015年夏季合集(36)",
		"title": "空中辅导-20150506"
	},
	{
		"duration": 3560,
		"size": "28.5M",
		"path": "http://media.febcchinese.org/Streaming/cc/cc150507.mp3",
		"id": 6318000037,
		"albumId": 6318,
		"albumName": "《空中辅导》2015年夏季合集",
		"albumtitle": "《空中辅导》2015年夏季合集(37)",
		"title": "空中辅导-20150507"
	},
	{
		"duration": 3560,
		"size": "28.5M",
		"path": "http://media.febcchinese.org/Streaming/cc/cc150508.mp3",
		"id": 6318000038,
		"albumId": 6318,
		"albumName": "《空中辅导》2015年夏季合集",
		"albumtitle": "《空中辅导》2015年夏季合集(38)",
		"title": "空中辅导-20150508"
	},
	{
		"duration": 3560,
		"size": "28.5M",
		"path": "http://media.febcchinese.org/Streaming/cc/cc150509.mp3",
		"id": 6318000039,
		"albumId": 6318,
		"albumName": "《空中辅导》2015年夏季合集",
		"albumtitle": "《空中辅导》2015年夏季合集(39)",
		"title": "空中辅导-20150509"
	},
	{
		"duration": 3560,
		"size": "28.5M",
		"path": "http://media.febcchinese.org/Streaming/cc/cc150510.mp3",
		"id": 6318000040,
		"albumId": 6318,
		"albumName": "《空中辅导》2015年夏季合集",
		"albumtitle": "《空中辅导》2015年夏季合集(40)",
		"title": "空中辅导-20150510"
	},
	{
		"duration": 3560,
		"size": "28.5M",
		"path": "http://media.febcchinese.org/Streaming/cc/cc150511.mp3",
		"id": 6318000041,
		"albumId": 6318,
		"albumName": "《空中辅导》2015年夏季合集",
		"albumtitle": "《空中辅导》2015年夏季合集(41)",
		"title": "空中辅导-20150511"
	},
	{
		"duration": 3560,
		"size": "28.5M",
		"path": "http://media.febcchinese.org/Streaming/cc/cc150512.mp3",
		"id": 6318000042,
		"albumId": 6318,
		"albumName": "《空中辅导》2015年夏季合集",
		"albumtitle": "《空中辅导》2015年夏季合集(42)",
		"title": "空中辅导-20150512"
	},
	{
		"duration": 3560,
		"size": "28.5M",
		"path": "http://media.febcchinese.org/Streaming/cc/cc150513.mp3",
		"id": 6318000043,
		"albumId": 6318,
		"albumName": "《空中辅导》2015年夏季合集",
		"albumtitle": "《空中辅导》2015年夏季合集(43)",
		"title": "空中辅导-20150513"
	},
	{
		"duration": 3560,
		"size": "28.5M",
		"path": "http://media.febcchinese.org/Streaming/cc/cc150514.mp3",
		"id": 6318000044,
		"albumId": 6318,
		"albumName": "《空中辅导》2015年夏季合集",
		"albumtitle": "《空中辅导》2015年夏季合集(44)",
		"title": "空中辅导-20150514"
	},
	{
		"duration": 3560,
		"size": "28.5M",
		"path": "http://media.febcchinese.org/Streaming/cc/cc150515.mp3",
		"id": 6318000045,
		"albumId": 6318,
		"albumName": "《空中辅导》2015年夏季合集",
		"albumtitle": "《空中辅导》2015年夏季合集(45)",
		"title": "空中辅导-20150515"
	},
	{
		"duration": 3560,
		"size": "28.5M",
		"path": "http://media.febcchinese.org/Streaming/cc/cc150516.mp3",
		"id": 6318000046,
		"albumId": 6318,
		"albumName": "《空中辅导》2015年夏季合集",
		"albumtitle": "《空中辅导》2015年夏季合集(46)",
		"title": "空中辅导-20150516"
	},
	{
		"duration": 3560,
		"size": "28.5M",
		"path": "http://media.febcchinese.org/Streaming/cc/cc150517.mp3",
		"id": 6318000047,
		"albumId": 6318,
		"albumName": "《空中辅导》2015年夏季合集",
		"albumtitle": "《空中辅导》2015年夏季合集(47)",
		"title": "空中辅导-20150517"
	},
	{
		"duration": 3560,
		"size": "28.5M",
		"path": "http://media.febcchinese.org/Streaming/cc/cc150518.mp3",
		"id": 6318000048,
		"albumId": 6318,
		"albumName": "《空中辅导》2015年夏季合集",
		"albumtitle": "《空中辅导》2015年夏季合集(48)",
		"title": "空中辅导-20150518"
	},
	{
		"duration": 3560,
		"size": "28.5M",
		"path": "http://media.febcchinese.org/Streaming/cc/cc150519.mp3",
		"id": 6318000049,
		"albumId": 6318,
		"albumName": "《空中辅导》2015年夏季合集",
		"albumtitle": "《空中辅导》2015年夏季合集(49)",
		"title": "空中辅导-20150519"
	},
	{
		"duration": 3560,
		"size": "28.5M",
		"path": "http://media.febcchinese.org/Streaming/cc/cc150520.mp3",
		"id": 6318000050,
		"albumId": 6318,
		"albumName": "《空中辅导》2015年夏季合集",
		"albumtitle": "《空中辅导》2015年夏季合集(50)",
		"title": "空中辅导-20150520"
	},
	{
		"duration": 3560,
		"size": "28.5M",
		"path": "http://media.febcchinese.org/Streaming/cc/cc150521.mp3",
		"id": 6318000051,
		"albumId": 6318,
		"albumName": "《空中辅导》2015年夏季合集",
		"albumtitle": "《空中辅导》2015年夏季合集(51)",
		"title": "空中辅导-20150521"
	},
	{
		"duration": 3560,
		"size": "28.5M",
		"path": "http://media.febcchinese.org/Streaming/cc/cc150522.mp3",
		"id": 6318000052,
		"albumId": 6318,
		"albumName": "《空中辅导》2015年夏季合集",
		"albumtitle": "《空中辅导》2015年夏季合集(52)",
		"title": "空中辅导-20150522"
	},
	{
		"duration": 3560,
		"size": "28.5M",
		"path": "http://media.febcchinese.org/Streaming/cc/cc150523.mp3",
		"id": 6318000053,
		"albumId": 6318,
		"albumName": "《空中辅导》2015年夏季合集",
		"albumtitle": "《空中辅导》2015年夏季合集(53)",
		"title": "空中辅导-20150523"
	},
	{
		"duration": 3560,
		"size": "28.5M",
		"path": "http://media.febcchinese.org/Streaming/cc/cc150524.mp3",
		"id": 6318000054,
		"albumId": 6318,
		"albumName": "《空中辅导》2015年夏季合集",
		"albumtitle": "《空中辅导》2015年夏季合集(54)",
		"title": "空中辅导-20150524"
	},
	{
		"duration": 3560,
		"size": "28.5M",
		"path": "http://media.febcchinese.org/Streaming/cc/cc150525.mp3",
		"id": 6318000055,
		"albumId": 6318,
		"albumName": "《空中辅导》2015年夏季合集",
		"albumtitle": "《空中辅导》2015年夏季合集(55)",
		"title": "空中辅导-20150525"
	},
	{
		"duration": 3560,
		"size": "28.5M",
		"path": "http://media.febcchinese.org/Streaming/cc/cc150526.mp3",
		"id": 6318000056,
		"albumId": 6318,
		"albumName": "《空中辅导》2015年夏季合集",
		"albumtitle": "《空中辅导》2015年夏季合集(56)",
		"title": "空中辅导-20150526"
	},
	{
		"duration": 3560,
		"size": "28.5M",
		"path": "http://media.febcchinese.org/Streaming/cc/cc150527.mp3",
		"id": 6318000057,
		"albumId": 6318,
		"albumName": "《空中辅导》2015年夏季合集",
		"albumtitle": "《空中辅导》2015年夏季合集(57)",
		"title": "空中辅导-20150527"
	},
	{
		"duration": 3560,
		"size": "28.5M",
		"path": "http://media.febcchinese.org/Streaming/cc/cc150528.mp3",
		"id": 6318000058,
		"albumId": 6318,
		"albumName": "《空中辅导》2015年夏季合集",
		"albumtitle": "《空中辅导》2015年夏季合集(58)",
		"title": "空中辅导-20150528"
	},
	{
		"duration": 3560,
		"size": "28.5M",
		"path": "http://media.febcchinese.org/Streaming/cc/cc150529.mp3",
		"id": 6318000059,
		"albumId": 6318,
		"albumName": "《空中辅导》2015年夏季合集",
		"albumtitle": "《空中辅导》2015年夏季合集(59)",
		"title": "空中辅导-20150529"
	},
	{
		"duration": 3560,
		"size": "28.5M",
		"path": "http://media.febcchinese.org/Streaming/cc/cc150530.mp3",
		"id": 6318000060,
		"albumId": 6318,
		"albumName": "《空中辅导》2015年夏季合集",
		"albumtitle": "《空中辅导》2015年夏季合集(60)",
		"title": "空中辅导-20150530"
	},
	{
		"duration": 3560,
		"size": "28.5M",
		"path": "http://media.febcchinese.org/Streaming/cc/cc150531.mp3",
		"id": 6318000061,
		"albumId": 6318,
		"albumName": "《空中辅导》2015年夏季合集",
		"albumtitle": "《空中辅导》2015年夏季合集(61)",
		"title": "空中辅导-20150531"
	},
	{
		"duration": 3560,
		"size": "28.5M",
		"path": "http://media.febcchinese.org/Streaming/cc/cc150601.mp3",
		"id": 6318000062,
		"albumId": 6318,
		"albumName": "《空中辅导》2015年夏季合集",
		"albumtitle": "《空中辅导》2015年夏季合集(62)",
		"title": "空中辅导-20150601"
	},
	{
		"duration": 3560,
		"size": "28.5M",
		"path": "http://media.febcchinese.org/Streaming/cc/cc150602.mp3",
		"id": 6318000063,
		"albumId": 6318,
		"albumName": "《空中辅导》2015年夏季合集",
		"albumtitle": "《空中辅导》2015年夏季合集(63)",
		"title": "空中辅导-20150602"
	},
	{
		"duration": 3560,
		"size": "28.5M",
		"path": "http://media.febcchinese.org/Streaming/cc/cc150603.mp3",
		"id": 6318000064,
		"albumId": 6318,
		"albumName": "《空中辅导》2015年夏季合集",
		"albumtitle": "《空中辅导》2015年夏季合集(64)",
		"title": "空中辅导-20150603"
	},
	{
		"duration": 3560,
		"size": "28.5M",
		"path": "http://media.febcchinese.org/Streaming/cc/cc150604.mp3",
		"id": 6318000065,
		"albumId": 6318,
		"albumName": "《空中辅导》2015年夏季合集",
		"albumtitle": "《空中辅导》2015年夏季合集(65)",
		"title": "空中辅导-20150604"
	},
	{
		"duration": 3560,
		"size": "28.5M",
		"path": "http://media.febcchinese.org/Streaming/cc/cc150605.mp3",
		"id": 6318000066,
		"albumId": 6318,
		"albumName": "《空中辅导》2015年夏季合集",
		"albumtitle": "《空中辅导》2015年夏季合集(66)",
		"title": "空中辅导-20150605"
	},
	{
		"duration": 3560,
		"size": "28.5M",
		"path": "http://media.febcchinese.org/Streaming/cc/cc150606.mp3",
		"id": 6318000067,
		"albumId": 6318,
		"albumName": "《空中辅导》2015年夏季合集",
		"albumtitle": "《空中辅导》2015年夏季合集(67)",
		"title": "空中辅导-20150606"
	},
	{
		"duration": 3560,
		"size": "28.5M",
		"path": "http://media.febcchinese.org/Streaming/cc/cc150607.mp3",
		"id": 6318000068,
		"albumId": 6318,
		"albumName": "《空中辅导》2015年夏季合集",
		"albumtitle": "《空中辅导》2015年夏季合集(68)",
		"title": "空中辅导-20150607"
	},
	{
		"duration": 3560,
		"size": "28.5M",
		"path": "http://media.febcchinese.org/Streaming/cc/cc150608.mp3",
		"id": 6318000069,
		"albumId": 6318,
		"albumName": "《空中辅导》2015年夏季合集",
		"albumtitle": "《空中辅导》2015年夏季合集(69)",
		"title": "空中辅导-20150608"
	},
	{
		"duration": 3560,
		"size": "28.5M",
		"path": "http://media.febcchinese.org/Streaming/cc/cc150609.mp3",
		"id": 6318000070,
		"albumId": 6318,
		"albumName": "《空中辅导》2015年夏季合集",
		"albumtitle": "《空中辅导》2015年夏季合集(70)",
		"title": "空中辅导-20150609"
	},
	{
		"duration": 3560,
		"size": "28.5M",
		"path": "http://media.febcchinese.org/Streaming/cc/cc150610.mp3",
		"id": 6318000071,
		"albumId": 6318,
		"albumName": "《空中辅导》2015年夏季合集",
		"albumtitle": "《空中辅导》2015年夏季合集(71)",
		"title": "空中辅导-20150610"
	},
	{
		"duration": 3560,
		"size": "28.5M",
		"path": "http://media.febcchinese.org/Streaming/cc/cc150611.mp3",
		"id": 6318000072,
		"albumId": 6318,
		"albumName": "《空中辅导》2015年夏季合集",
		"albumtitle": "《空中辅导》2015年夏季合集(72)",
		"title": "空中辅导-20150611"
	},
	{
		"duration": 3560,
		"size": "28.5M",
		"path": "http://media.febcchinese.org/Streaming/cc/cc150612.mp3",
		"id": 6318000073,
		"albumId": 6318,
		"albumName": "《空中辅导》2015年夏季合集",
		"albumtitle": "《空中辅导》2015年夏季合集(73)",
		"title": "空中辅导-20150612"
	},
	{
		"duration": 3560,
		"size": "28.5M",
		"path": "http://media.febcchinese.org/Streaming/cc/cc150613.mp3",
		"id": 6318000074,
		"albumId": 6318,
		"albumName": "《空中辅导》2015年夏季合集",
		"albumtitle": "《空中辅导》2015年夏季合集(74)",
		"title": "空中辅导-20150613"
	},
	{
		"duration": 3560,
		"size": "28.5M",
		"path": "http://media.febcchinese.org/Streaming/cc/cc150614.mp3",
		"id": 6318000075,
		"albumId": 6318,
		"albumName": "《空中辅导》2015年夏季合集",
		"albumtitle": "《空中辅导》2015年夏季合集(75)",
		"title": "空中辅导-20150614"
	},
	{
		"duration": 3560,
		"size": "28.5M",
		"path": "http://media.febcchinese.org/Streaming/cc/cc150615.mp3",
		"id": 6318000076,
		"albumId": 6318,
		"albumName": "《空中辅导》2015年夏季合集",
		"albumtitle": "《空中辅导》2015年夏季合集(76)",
		"title": "空中辅导-20150615"
	},
	{
		"duration": 3560,
		"size": "28.5M",
		"path": "http://media.febcchinese.org/Streaming/cc/cc150616.mp3",
		"id": 6318000077,
		"albumId": 6318,
		"albumName": "《空中辅导》2015年夏季合集",
		"albumtitle": "《空中辅导》2015年夏季合集(77)",
		"title": "空中辅导-20150616"
	},
	{
		"duration": 3560,
		"size": "28.5M",
		"path": "http://media.febcchinese.org/Streaming/cc/cc150617.mp3",
		"id": 6318000078,
		"albumId": 6318,
		"albumName": "《空中辅导》2015年夏季合集",
		"albumtitle": "《空中辅导》2015年夏季合集(78)",
		"title": "空中辅导-20150617"
	},
	{
		"duration": 3560,
		"size": "28.5M",
		"path": "http://media.febcchinese.org/Streaming/cc/cc150618.mp3",
		"id": 6318000079,
		"albumId": 6318,
		"albumName": "《空中辅导》2015年夏季合集",
		"albumtitle": "《空中辅导》2015年夏季合集(79)",
		"title": "空中辅导-20150618"
	},
	{
		"duration": 3560,
		"size": "28.5M",
		"path": "http://media.febcchinese.org/Streaming/cc/cc150619.mp3",
		"id": 6318000080,
		"albumId": 6318,
		"albumName": "《空中辅导》2015年夏季合集",
		"albumtitle": "《空中辅导》2015年夏季合集(80)",
		"title": "空中辅导-20150619"
	},
	{
		"duration": 3560,
		"size": "28.5M",
		"path": "http://media.febcchinese.org/Streaming/cc/cc150620.mp3",
		"id": 6318000081,
		"albumId": 6318,
		"albumName": "《空中辅导》2015年夏季合集",
		"albumtitle": "《空中辅导》2015年夏季合集(81)",
		"title": "空中辅导-20150620"
	},
	{
		"duration": 3560,
		"size": "28.5M",
		"path": "http://media.febcchinese.org/Streaming/cc/cc150621.mp3",
		"id": 6318000082,
		"albumId": 6318,
		"albumName": "《空中辅导》2015年夏季合集",
		"albumtitle": "《空中辅导》2015年夏季合集(82)",
		"title": "空中辅导-20150621"
	},
	{
		"duration": 3560,
		"size": "28.5M",
		"path": "http://media.febcchinese.org/Streaming/cc/cc150622.mp3",
		"id": 6318000083,
		"albumId": 6318,
		"albumName": "《空中辅导》2015年夏季合集",
		"albumtitle": "《空中辅导》2015年夏季合集(83)",
		"title": "空中辅导-20150622"
	},
	{
		"duration": 3560,
		"size": "28.5M",
		"path": "http://media.febcchinese.org/Streaming/cc/cc150623.mp3",
		"id": 6318000084,
		"albumId": 6318,
		"albumName": "《空中辅导》2015年夏季合集",
		"albumtitle": "《空中辅导》2015年夏季合集(84)",
		"title": "空中辅导-20150623"
	},
	{
		"duration": 3560,
		"size": "28.5M",
		"path": "http://media.febcchinese.org/Streaming/cc/cc150624.mp3",
		"id": 6318000085,
		"albumId": 6318,
		"albumName": "《空中辅导》2015年夏季合集",
		"albumtitle": "《空中辅导》2015年夏季合集(85)",
		"title": "空中辅导-20150624"
	},
	{
		"duration": 3560,
		"size": "28.5M",
		"path": "http://media.febcchinese.org/Streaming/cc/cc150625.mp3",
		"id": 6318000086,
		"albumId": 6318,
		"albumName": "《空中辅导》2015年夏季合集",
		"albumtitle": "《空中辅导》2015年夏季合集(86)",
		"title": "空中辅导-20150625"
	},
	{
		"duration": 3560,
		"size": "28.5M",
		"path": "http://media.febcchinese.org/Streaming/cc/cc150626.mp3",
		"id": 6318000087,
		"albumId": 6318,
		"albumName": "《空中辅导》2015年夏季合集",
		"albumtitle": "《空中辅导》2015年夏季合集(87)",
		"title": "空中辅导-20150626"
	},
	{
		"duration": 3560,
		"size": "28.5M",
		"path": "http://media.febcchinese.org/Streaming/cc/cc150627.mp3",
		"id": 6318000088,
		"albumId": 6318,
		"albumName": "《空中辅导》2015年夏季合集",
		"albumtitle": "《空中辅导》2015年夏季合集(88)",
		"title": "空中辅导-20150627"
	},
	{
		"duration": 3560,
		"size": "28.5M",
		"path": "http://media.febcchinese.org/Streaming/cc/cc150628.mp3",
		"id": 6318000089,
		"albumId": 6318,
		"albumName": "《空中辅导》2015年夏季合集",
		"albumtitle": "《空中辅导》2015年夏季合集(89)",
		"title": "空中辅导-20150628"
	},
	{
		"duration": 3560,
		"size": "28.5M",
		"path": "http://media.febcchinese.org/Streaming/cc/cc150629.mp3",
		"id": 6318000090,
		"albumId": 6318,
		"albumName": "《空中辅导》2015年夏季合集",
		"albumtitle": "《空中辅导》2015年夏季合集(90)",
		"title": "空中辅导-20150629"
	},
	{
		"duration": 3560,
		"size": "28.5M",
		"path": "http://media.febcchinese.org/Streaming/cc/cc150630.mp3",
		"id": 6318000091,
		"albumId": 6318,
		"albumName": "《空中辅导》2015年夏季合集",
		"albumtitle": "《空中辅导》2015年夏季合集(91)",
		"title": "空中辅导-20150630"
	}
]