[{
	"duration": 3560,
	"size": "28.5M",
	"path": "http://media.febcchinese.org/Streaming/cc/cc130411.mp3",
	"id": 6313000001,
	"albumId": 6313,
	"albumName": "《空中辅导》2013年夏季合集",
	"albumtitle": "《空中辅导》2013年夏季合集(1)",
	"title": "空中辅导-20130411"
},
	{
		"duration": 3560,
		"size": "28.5M",
		"path": "http://media.febcchinese.org/Streaming/cc/cc130412.mp3",
		"id": 6313000002,
		"albumId": 6313,
		"albumName": "《空中辅导》2013年夏季合集",
		"albumtitle": "《空中辅导》2013年夏季合集(2)",
		"title": "空中辅导-20130412"
	},
	{
		"duration": 3560,
		"size": "28.5M",
		"path": "http://media.febcchinese.org/Streaming/cc/cc130413.mp3",
		"id": 6313000003,
		"albumId": 6313,
		"albumName": "《空中辅导》2013年夏季合集",
		"albumtitle": "《空中辅导》2013年夏季合集(3)",
		"title": "空中辅导-20130413"
	},
	{
		"duration": 3560,
		"size": "28.5M",
		"path": "http://media.febcchinese.org/Streaming/cc/cc130414.mp3",
		"id": 6313000004,
		"albumId": 6313,
		"albumName": "《空中辅导》2013年夏季合集",
		"albumtitle": "《空中辅导》2013年夏季合集(4)",
		"title": "空中辅导-20130414"
	},
	{
		"duration": 3560,
		"size": "28.5M",
		"path": "http://media.febcchinese.org/Streaming/cc/cc130415.mp3",
		"id": 6313000005,
		"albumId": 6313,
		"albumName": "《空中辅导》2013年夏季合集",
		"albumtitle": "《空中辅导》2013年夏季合集(5)",
		"title": "空中辅导-20130415"
	},
	{
		"duration": 3560,
		"size": "28.5M",
		"path": "http://media.febcchinese.org/Streaming/cc/cc130416.mp3",
		"id": 6313000006,
		"albumId": 6313,
		"albumName": "《空中辅导》2013年夏季合集",
		"albumtitle": "《空中辅导》2013年夏季合集(6)",
		"title": "空中辅导-20130416"
	},
	{
		"duration": 3560,
		"size": "28.5M",
		"path": "http://media.febcchinese.org/Streaming/cc/cc130417.mp3",
		"id": 6313000007,
		"albumId": 6313,
		"albumName": "《空中辅导》2013年夏季合集",
		"albumtitle": "《空中辅导》2013年夏季合集(7)",
		"title": "空中辅导-20130417"
	},
	{
		"duration": 3560,
		"size": "28.5M",
		"path": "http://media.febcchinese.org/Streaming/cc/cc130418.mp3",
		"id": 6313000008,
		"albumId": 6313,
		"albumName": "《空中辅导》2013年夏季合集",
		"albumtitle": "《空中辅导》2013年夏季合集(8)",
		"title": "空中辅导-20130418"
	},
	{
		"duration": 3560,
		"size": "28.5M",
		"path": "http://media.febcchinese.org/Streaming/cc/cc130419.mp3",
		"id": 6313000009,
		"albumId": 6313,
		"albumName": "《空中辅导》2013年夏季合集",
		"albumtitle": "《空中辅导》2013年夏季合集(9)",
		"title": "空中辅导-20130419"
	},
	{
		"duration": 3560,
		"size": "28.5M",
		"path": "http://media.febcchinese.org/Streaming/cc/cc130420.mp3",
		"id": 6313000010,
		"albumId": 6313,
		"albumName": "《空中辅导》2013年夏季合集",
		"albumtitle": "《空中辅导》2013年夏季合集(10)",
		"title": "空中辅导-20130420"
	},
	{
		"duration": 3560,
		"size": "28.5M",
		"path": "http://media.febcchinese.org/Streaming/cc/cc130421.mp3",
		"id": 6313000011,
		"albumId": 6313,
		"albumName": "《空中辅导》2013年夏季合集",
		"albumtitle": "《空中辅导》2013年夏季合集(11)",
		"title": "空中辅导-20130421"
	},
	{
		"duration": 3560,
		"size": "28.5M",
		"path": "http://media.febcchinese.org/Streaming/cc/cc130422.mp3",
		"id": 6313000012,
		"albumId": 6313,
		"albumName": "《空中辅导》2013年夏季合集",
		"albumtitle": "《空中辅导》2013年夏季合集(12)",
		"title": "空中辅导-20130422"
	},
	{
		"duration": 3560,
		"size": "28.5M",
		"path": "http://media.febcchinese.org/Streaming/cc/cc130423.mp3",
		"id": 6313000013,
		"albumId": 6313,
		"albumName": "《空中辅导》2013年夏季合集",
		"albumtitle": "《空中辅导》2013年夏季合集(13)",
		"title": "空中辅导-20130423"
	},
	{
		"duration": 3560,
		"size": "28.5M",
		"path": "http://media.febcchinese.org/Streaming/cc/cc130424.mp3",
		"id": 6313000014,
		"albumId": 6313,
		"albumName": "《空中辅导》2013年夏季合集",
		"albumtitle": "《空中辅导》2013年夏季合集(14)",
		"title": "空中辅导-20130424"
	},
	{
		"duration": 3560,
		"size": "28.5M",
		"path": "http://media.febcchinese.org/Streaming/cc/cc130425.mp3",
		"id": 6313000015,
		"albumId": 6313,
		"albumName": "《空中辅导》2013年夏季合集",
		"albumtitle": "《空中辅导》2013年夏季合集(15)",
		"title": "空中辅导-20130425"
	},
	{
		"duration": 3560,
		"size": "28.5M",
		"path": "http://media.febcchinese.org/Streaming/cc/cc130426.mp3",
		"id": 6313000016,
		"albumId": 6313,
		"albumName": "《空中辅导》2013年夏季合集",
		"albumtitle": "《空中辅导》2013年夏季合集(16)",
		"title": "空中辅导-20130426"
	},
	{
		"duration": 3560,
		"size": "28.5M",
		"path": "http://media.febcchinese.org/Streaming/cc/cc130427.mp3",
		"id": 6313000017,
		"albumId": 6313,
		"albumName": "《空中辅导》2013年夏季合集",
		"albumtitle": "《空中辅导》2013年夏季合集(17)",
		"title": "空中辅导-20130427"
	},
	{
		"duration": 3560,
		"size": "28.5M",
		"path": "http://media.febcchinese.org/Streaming/cc/cc130428.mp3",
		"id": 6313000018,
		"albumId": 6313,
		"albumName": "《空中辅导》2013年夏季合集",
		"albumtitle": "《空中辅导》2013年夏季合集(18)",
		"title": "空中辅导-20130428"
	},
	{
		"duration": 3560,
		"size": "28.5M",
		"path": "http://media.febcchinese.org/Streaming/cc/cc130429.mp3",
		"id": 6313000019,
		"albumId": 6313,
		"albumName": "《空中辅导》2013年夏季合集",
		"albumtitle": "《空中辅导》2013年夏季合集(19)",
		"title": "空中辅导-20130429"
	},
	{
		"duration": 3560,
		"size": "28.5M",
		"path": "http://media.febcchinese.org/Streaming/cc/cc130430.mp3",
		"id": 6313000020,
		"albumId": 6313,
		"albumName": "《空中辅导》2013年夏季合集",
		"albumtitle": "《空中辅导》2013年夏季合集(20)",
		"title": "空中辅导-20130430"
	},
	{
		"duration": 3560,
		"size": "28.5M",
		"path": "http://media.febcchinese.org/Streaming/cc/cc130501.mp3",
		"id": 6313000021,
		"albumId": 6313,
		"albumName": "《空中辅导》2013年夏季合集",
		"albumtitle": "《空中辅导》2013年夏季合集(21)",
		"title": "空中辅导-20130501"
	},
	{
		"duration": 3560,
		"size": "28.5M",
		"path": "http://media.febcchinese.org/Streaming/cc/cc130502.mp3",
		"id": 6313000022,
		"albumId": 6313,
		"albumName": "《空中辅导》2013年夏季合集",
		"albumtitle": "《空中辅导》2013年夏季合集(22)",
		"title": "空中辅导-20130502"
	},
	{
		"duration": 3560,
		"size": "28.5M",
		"path": "http://media.febcchinese.org/Streaming/cc/cc130503.mp3",
		"id": 6313000023,
		"albumId": 6313,
		"albumName": "《空中辅导》2013年夏季合集",
		"albumtitle": "《空中辅导》2013年夏季合集(23)",
		"title": "空中辅导-20130503"
	},
	{
		"duration": 3560,
		"size": "28.5M",
		"path": "http://media.febcchinese.org/Streaming/cc/cc130504.mp3",
		"id": 6313000024,
		"albumId": 6313,
		"albumName": "《空中辅导》2013年夏季合集",
		"albumtitle": "《空中辅导》2013年夏季合集(24)",
		"title": "空中辅导-20130504"
	},
	{
		"duration": 3560,
		"size": "28.5M",
		"path": "http://media.febcchinese.org/Streaming/cc/cc130505.mp3",
		"id": 6313000025,
		"albumId": 6313,
		"albumName": "《空中辅导》2013年夏季合集",
		"albumtitle": "《空中辅导》2013年夏季合集(25)",
		"title": "空中辅导-20130505"
	},
	{
		"duration": 3560,
		"size": "28.5M",
		"path": "http://media.febcchinese.org/Streaming/cc/cc130506.mp3",
		"id": 6313000026,
		"albumId": 6313,
		"albumName": "《空中辅导》2013年夏季合集",
		"albumtitle": "《空中辅导》2013年夏季合集(26)",
		"title": "空中辅导-20130506"
	},
	{
		"duration": 3560,
		"size": "28.5M",
		"path": "http://media.febcchinese.org/Streaming/cc/cc130507.mp3",
		"id": 6313000027,
		"albumId": 6313,
		"albumName": "《空中辅导》2013年夏季合集",
		"albumtitle": "《空中辅导》2013年夏季合集(27)",
		"title": "空中辅导-20130507"
	},
	{
		"duration": 3560,
		"size": "28.5M",
		"path": "http://media.febcchinese.org/Streaming/cc/cc130508.mp3",
		"id": 6313000028,
		"albumId": 6313,
		"albumName": "《空中辅导》2013年夏季合集",
		"albumtitle": "《空中辅导》2013年夏季合集(28)",
		"title": "空中辅导-20130508"
	},
	{
		"duration": 3560,
		"size": "28.5M",
		"path": "http://media.febcchinese.org/Streaming/cc/cc130509.mp3",
		"id": 6313000029,
		"albumId": 6313,
		"albumName": "《空中辅导》2013年夏季合集",
		"albumtitle": "《空中辅导》2013年夏季合集(29)",
		"title": "空中辅导-20130509"
	},
	{
		"duration": 3560,
		"size": "28.5M",
		"path": "http://media.febcchinese.org/Streaming/cc/cc130510.mp3",
		"id": 6313000030,
		"albumId": 6313,
		"albumName": "《空中辅导》2013年夏季合集",
		"albumtitle": "《空中辅导》2013年夏季合集(30)",
		"title": "空中辅导-20130510"
	},
	{
		"duration": 3560,
		"size": "28.5M",
		"path": "http://media.febcchinese.org/Streaming/cc/cc130511.mp3",
		"id": 6313000031,
		"albumId": 6313,
		"albumName": "《空中辅导》2013年夏季合集",
		"albumtitle": "《空中辅导》2013年夏季合集(31)",
		"title": "空中辅导-20130511"
	},
	{
		"duration": 3560,
		"size": "28.5M",
		"path": "http://media.febcchinese.org/Streaming/cc/cc130512.mp3",
		"id": 6313000032,
		"albumId": 6313,
		"albumName": "《空中辅导》2013年夏季合集",
		"albumtitle": "《空中辅导》2013年夏季合集(32)",
		"title": "空中辅导-20130512"
	},
	{
		"duration": 3560,
		"size": "28.5M",
		"path": "http://media.febcchinese.org/Streaming/cc/cc130513.mp3",
		"id": 6313000033,
		"albumId": 6313,
		"albumName": "《空中辅导》2013年夏季合集",
		"albumtitle": "《空中辅导》2013年夏季合集(33)",
		"title": "空中辅导-20130513"
	},
	{
		"duration": 3560,
		"size": "28.5M",
		"path": "http://media.febcchinese.org/Streaming/cc/cc130514.mp3",
		"id": 6313000034,
		"albumId": 6313,
		"albumName": "《空中辅导》2013年夏季合集",
		"albumtitle": "《空中辅导》2013年夏季合集(34)",
		"title": "空中辅导-20130514"
	},
	{
		"duration": 3560,
		"size": "28.5M",
		"path": "http://media.febcchinese.org/Streaming/cc/cc130515.mp3",
		"id": 6313000035,
		"albumId": 6313,
		"albumName": "《空中辅导》2013年夏季合集",
		"albumtitle": "《空中辅导》2013年夏季合集(35)",
		"title": "空中辅导-20130515"
	},
	{
		"duration": 3560,
		"size": "28.5M",
		"path": "http://media.febcchinese.org/Streaming/cc/cc130516.mp3",
		"id": 6313000036,
		"albumId": 6313,
		"albumName": "《空中辅导》2013年夏季合集",
		"albumtitle": "《空中辅导》2013年夏季合集(36)",
		"title": "空中辅导-20130516"
	},
	{
		"duration": 3560,
		"size": "28.5M",
		"path": "http://media.febcchinese.org/Streaming/cc/cc130517.mp3",
		"id": 6313000037,
		"albumId": 6313,
		"albumName": "《空中辅导》2013年夏季合集",
		"albumtitle": "《空中辅导》2013年夏季合集(37)",
		"title": "空中辅导-20130517"
	},
	{
		"duration": 3560,
		"size": "28.5M",
		"path": "http://media.febcchinese.org/Streaming/cc/cc130518.mp3",
		"id": 6313000038,
		"albumId": 6313,
		"albumName": "《空中辅导》2013年夏季合集",
		"albumtitle": "《空中辅导》2013年夏季合集(38)",
		"title": "空中辅导-20130518"
	},
	{
		"duration": 3560,
		"size": "28.5M",
		"path": "http://media.febcchinese.org/Streaming/cc/cc130519.mp3",
		"id": 6313000039,
		"albumId": 6313,
		"albumName": "《空中辅导》2013年夏季合集",
		"albumtitle": "《空中辅导》2013年夏季合集(39)",
		"title": "空中辅导-20130519"
	},
	{
		"duration": 3560,
		"size": "28.5M",
		"path": "http://media.febcchinese.org/Streaming/cc/cc130520.mp3",
		"id": 6313000040,
		"albumId": 6313,
		"albumName": "《空中辅导》2013年夏季合集",
		"albumtitle": "《空中辅导》2013年夏季合集(40)",
		"title": "空中辅导-20130520"
	},
	{
		"duration": 3560,
		"size": "28.5M",
		"path": "http://media.febcchinese.org/Streaming/cc/cc130521.mp3",
		"id": 6313000041,
		"albumId": 6313,
		"albumName": "《空中辅导》2013年夏季合集",
		"albumtitle": "《空中辅导》2013年夏季合集(41)",
		"title": "空中辅导-20130521"
	},
	{
		"duration": 3560,
		"size": "28.5M",
		"path": "http://media.febcchinese.org/Streaming/cc/cc130522.mp3",
		"id": 6313000042,
		"albumId": 6313,
		"albumName": "《空中辅导》2013年夏季合集",
		"albumtitle": "《空中辅导》2013年夏季合集(42)",
		"title": "空中辅导-20130522"
	},
	{
		"duration": 3560,
		"size": "28.5M",
		"path": "http://media.febcchinese.org/Streaming/cc/cc130523.mp3",
		"id": 6313000043,
		"albumId": 6313,
		"albumName": "《空中辅导》2013年夏季合集",
		"albumtitle": "《空中辅导》2013年夏季合集(43)",
		"title": "空中辅导-20130523"
	},
	{
		"duration": 3560,
		"size": "28.5M",
		"path": "http://media.febcchinese.org/Streaming/cc/cc130524.mp3",
		"id": 6313000044,
		"albumId": 6313,
		"albumName": "《空中辅导》2013年夏季合集",
		"albumtitle": "《空中辅导》2013年夏季合集(44)",
		"title": "空中辅导-20130524"
	},
	{
		"duration": 3560,
		"size": "28.5M",
		"path": "http://media.febcchinese.org/Streaming/cc/cc130525.mp3",
		"id": 6313000045,
		"albumId": 6313,
		"albumName": "《空中辅导》2013年夏季合集",
		"albumtitle": "《空中辅导》2013年夏季合集(45)",
		"title": "空中辅导-20130525"
	},
	{
		"duration": 3560,
		"size": "28.5M",
		"path": "http://media.febcchinese.org/Streaming/cc/cc130526.mp3",
		"id": 6313000046,
		"albumId": 6313,
		"albumName": "《空中辅导》2013年夏季合集",
		"albumtitle": "《空中辅导》2013年夏季合集(46)",
		"title": "空中辅导-20130526"
	},
	{
		"duration": 3560,
		"size": "28.5M",
		"path": "http://media.febcchinese.org/Streaming/cc/cc130527.mp3",
		"id": 6313000047,
		"albumId": 6313,
		"albumName": "《空中辅导》2013年夏季合集",
		"albumtitle": "《空中辅导》2013年夏季合集(47)",
		"title": "空中辅导-20130527"
	},
	{
		"duration": 3560,
		"size": "28.5M",
		"path": "http://media.febcchinese.org/Streaming/cc/cc130528.mp3",
		"id": 6313000048,
		"albumId": 6313,
		"albumName": "《空中辅导》2013年夏季合集",
		"albumtitle": "《空中辅导》2013年夏季合集(48)",
		"title": "空中辅导-20130528"
	},
	{
		"duration": 3560,
		"size": "28.5M",
		"path": "http://media.febcchinese.org/Streaming/cc/cc130529.mp3",
		"id": 6313000049,
		"albumId": 6313,
		"albumName": "《空中辅导》2013年夏季合集",
		"albumtitle": "《空中辅导》2013年夏季合集(49)",
		"title": "空中辅导-20130529"
	},
	{
		"duration": 3560,
		"size": "28.5M",
		"path": "http://media.febcchinese.org/Streaming/cc/cc130530.mp3",
		"id": 6313000050,
		"albumId": 6313,
		"albumName": "《空中辅导》2013年夏季合集",
		"albumtitle": "《空中辅导》2013年夏季合集(50)",
		"title": "空中辅导-20130530"
	},
	{
		"duration": 3560,
		"size": "28.5M",
		"path": "http://media.febcchinese.org/Streaming/cc/cc130531.mp3",
		"id": 6313000051,
		"albumId": 6313,
		"albumName": "《空中辅导》2013年夏季合集",
		"albumtitle": "《空中辅导》2013年夏季合集(51)",
		"title": "空中辅导-20130531"
	},
	{
		"duration": 3560,
		"size": "28.5M",
		"path": "http://media.febcchinese.org/Streaming/cc/cc130601.mp3",
		"id": 6313000052,
		"albumId": 6313,
		"albumName": "《空中辅导》2013年夏季合集",
		"albumtitle": "《空中辅导》2013年夏季合集(52)",
		"title": "空中辅导-20130601"
	},
	{
		"duration": 3560,
		"size": "28.5M",
		"path": "http://media.febcchinese.org/Streaming/cc/cc130602.mp3",
		"id": 6313000053,
		"albumId": 6313,
		"albumName": "《空中辅导》2013年夏季合集",
		"albumtitle": "《空中辅导》2013年夏季合集(53)",
		"title": "空中辅导-20130602"
	},
	{
		"duration": 3560,
		"size": "28.5M",
		"path": "http://media.febcchinese.org/Streaming/cc/cc130603.mp3",
		"id": 6313000054,
		"albumId": 6313,
		"albumName": "《空中辅导》2013年夏季合集",
		"albumtitle": "《空中辅导》2013年夏季合集(54)",
		"title": "空中辅导-20130603"
	},
	{
		"duration": 3560,
		"size": "28.5M",
		"path": "http://media.febcchinese.org/Streaming/cc/cc130604.mp3",
		"id": 6313000055,
		"albumId": 6313,
		"albumName": "《空中辅导》2013年夏季合集",
		"albumtitle": "《空中辅导》2013年夏季合集(55)",
		"title": "空中辅导-20130604"
	},
	{
		"duration": 3560,
		"size": "28.5M",
		"path": "http://media.febcchinese.org/Streaming/cc/cc130605.mp3",
		"id": 6313000056,
		"albumId": 6313,
		"albumName": "《空中辅导》2013年夏季合集",
		"albumtitle": "《空中辅导》2013年夏季合集(56)",
		"title": "空中辅导-20130605"
	},
	{
		"duration": 3560,
		"size": "28.5M",
		"path": "http://media.febcchinese.org/Streaming/cc/cc130606.mp3",
		"id": 6313000057,
		"albumId": 6313,
		"albumName": "《空中辅导》2013年夏季合集",
		"albumtitle": "《空中辅导》2013年夏季合集(57)",
		"title": "空中辅导-20130606"
	},
	{
		"duration": 3560,
		"size": "28.5M",
		"path": "http://media.febcchinese.org/Streaming/cc/cc130607.mp3",
		"id": 6313000058,
		"albumId": 6313,
		"albumName": "《空中辅导》2013年夏季合集",
		"albumtitle": "《空中辅导》2013年夏季合集(58)",
		"title": "空中辅导-20130607"
	},
	{
		"duration": 3560,
		"size": "28.5M",
		"path": "http://media.febcchinese.org/Streaming/cc/cc130608.mp3",
		"id": 6313000059,
		"albumId": 6313,
		"albumName": "《空中辅导》2013年夏季合集",
		"albumtitle": "《空中辅导》2013年夏季合集(59)",
		"title": "空中辅导-20130608"
	},
	{
		"duration": 3560,
		"size": "28.5M",
		"path": "http://media.febcchinese.org/Streaming/cc/cc130609.mp3",
		"id": 6313000060,
		"albumId": 6313,
		"albumName": "《空中辅导》2013年夏季合集",
		"albumtitle": "《空中辅导》2013年夏季合集(60)",
		"title": "空中辅导-20130609"
	},
	{
		"duration": 3560,
		"size": "28.5M",
		"path": "http://media.febcchinese.org/Streaming/cc/cc130610.mp3",
		"id": 6313000061,
		"albumId": 6313,
		"albumName": "《空中辅导》2013年夏季合集",
		"albumtitle": "《空中辅导》2013年夏季合集(61)",
		"title": "空中辅导-20130610"
	},
	{
		"duration": 3560,
		"size": "28.5M",
		"path": "http://media.febcchinese.org/Streaming/cc/cc130611.mp3",
		"id": 6313000062,
		"albumId": 6313,
		"albumName": "《空中辅导》2013年夏季合集",
		"albumtitle": "《空中辅导》2013年夏季合集(62)",
		"title": "空中辅导-20130611"
	},
	{
		"duration": 3560,
		"size": "28.5M",
		"path": "http://media.febcchinese.org/Streaming/cc/cc130612.mp3",
		"id": 6313000063,
		"albumId": 6313,
		"albumName": "《空中辅导》2013年夏季合集",
		"albumtitle": "《空中辅导》2013年夏季合集(63)",
		"title": "空中辅导-20130612"
	},
	{
		"duration": 3560,
		"size": "28.5M",
		"path": "http://media.febcchinese.org/Streaming/cc/cc130613.mp3",
		"id": 6313000064,
		"albumId": 6313,
		"albumName": "《空中辅导》2013年夏季合集",
		"albumtitle": "《空中辅导》2013年夏季合集(64)",
		"title": "空中辅导-20130613"
	},
	{
		"duration": 3560,
		"size": "28.5M",
		"path": "http://media.febcchinese.org/Streaming/cc/cc130614.mp3",
		"id": 6313000065,
		"albumId": 6313,
		"albumName": "《空中辅导》2013年夏季合集",
		"albumtitle": "《空中辅导》2013年夏季合集(65)",
		"title": "空中辅导-20130614"
	},
	{
		"duration": 3560,
		"size": "28.5M",
		"path": "http://media.febcchinese.org/Streaming/cc/cc130615.mp3",
		"id": 6313000066,
		"albumId": 6313,
		"albumName": "《空中辅导》2013年夏季合集",
		"albumtitle": "《空中辅导》2013年夏季合集(66)",
		"title": "空中辅导-20130615"
	},
	{
		"duration": 3560,
		"size": "28.5M",
		"path": "http://media.febcchinese.org/Streaming/cc/cc130616.mp3",
		"id": 6313000067,
		"albumId": 6313,
		"albumName": "《空中辅导》2013年夏季合集",
		"albumtitle": "《空中辅导》2013年夏季合集(67)",
		"title": "空中辅导-20130616"
	},
	{
		"duration": 3560,
		"size": "28.5M",
		"path": "http://media.febcchinese.org/Streaming/cc/cc130617.mp3",
		"id": 6313000068,
		"albumId": 6313,
		"albumName": "《空中辅导》2013年夏季合集",
		"albumtitle": "《空中辅导》2013年夏季合集(68)",
		"title": "空中辅导-20130617"
	},
	{
		"duration": 3560,
		"size": "28.5M",
		"path": "http://media.febcchinese.org/Streaming/cc/cc130618.mp3",
		"id": 6313000069,
		"albumId": 6313,
		"albumName": "《空中辅导》2013年夏季合集",
		"albumtitle": "《空中辅导》2013年夏季合集(69)",
		"title": "空中辅导-20130618"
	},
	{
		"duration": 3560,
		"size": "28.5M",
		"path": "http://media.febcchinese.org/Streaming/cc/cc130619.mp3",
		"id": 6313000070,
		"albumId": 6313,
		"albumName": "《空中辅导》2013年夏季合集",
		"albumtitle": "《空中辅导》2013年夏季合集(70)",
		"title": "空中辅导-20130619"
	},
	{
		"duration": 3560,
		"size": "28.5M",
		"path": "http://media.febcchinese.org/Streaming/cc/cc130620.mp3",
		"id": 6313000071,
		"albumId": 6313,
		"albumName": "《空中辅导》2013年夏季合集",
		"albumtitle": "《空中辅导》2013年夏季合集(71)",
		"title": "空中辅导-20130620"
	},
	{
		"duration": 3560,
		"size": "28.5M",
		"path": "http://media.febcchinese.org/Streaming/cc/cc130621.mp3",
		"id": 6313000072,
		"albumId": 6313,
		"albumName": "《空中辅导》2013年夏季合集",
		"albumtitle": "《空中辅导》2013年夏季合集(72)",
		"title": "空中辅导-20130621"
	},
	{
		"duration": 3560,
		"size": "28.5M",
		"path": "http://media.febcchinese.org/Streaming/cc/cc130622.mp3",
		"id": 6313000073,
		"albumId": 6313,
		"albumName": "《空中辅导》2013年夏季合集",
		"albumtitle": "《空中辅导》2013年夏季合集(73)",
		"title": "空中辅导-20130622"
	},
	{
		"duration": 3560,
		"size": "28.5M",
		"path": "http://media.febcchinese.org/Streaming/cc/cc130623.mp3",
		"id": 6313000074,
		"albumId": 6313,
		"albumName": "《空中辅导》2013年夏季合集",
		"albumtitle": "《空中辅导》2013年夏季合集(74)",
		"title": "空中辅导-20130623"
	},
	{
		"duration": 3560,
		"size": "28.5M",
		"path": "http://media.febcchinese.org/Streaming/cc/cc130624.mp3",
		"id": 6313000075,
		"albumId": 6313,
		"albumName": "《空中辅导》2013年夏季合集",
		"albumtitle": "《空中辅导》2013年夏季合集(75)",
		"title": "空中辅导-20130624"
	},
	{
		"duration": 3560,
		"size": "28.5M",
		"path": "http://media.febcchinese.org/Streaming/cc/cc130625.mp3",
		"id": 6313000076,
		"albumId": 6313,
		"albumName": "《空中辅导》2013年夏季合集",
		"albumtitle": "《空中辅导》2013年夏季合集(76)",
		"title": "空中辅导-20130625"
	},
	{
		"duration": 3560,
		"size": "28.5M",
		"path": "http://media.febcchinese.org/Streaming/cc/cc130626.mp3",
		"id": 6313000077,
		"albumId": 6313,
		"albumName": "《空中辅导》2013年夏季合集",
		"albumtitle": "《空中辅导》2013年夏季合集(77)",
		"title": "空中辅导-20130626"
	},
	{
		"duration": 3560,
		"size": "28.5M",
		"path": "http://media.febcchinese.org/Streaming/cc/cc130627.mp3",
		"id": 6313000078,
		"albumId": 6313,
		"albumName": "《空中辅导》2013年夏季合集",
		"albumtitle": "《空中辅导》2013年夏季合集(78)",
		"title": "空中辅导-20130627"
	},
	{
		"duration": 3560,
		"size": "28.5M",
		"path": "http://media.febcchinese.org/Streaming/cc/cc130628.mp3",
		"id": 6313000079,
		"albumId": 6313,
		"albumName": "《空中辅导》2013年夏季合集",
		"albumtitle": "《空中辅导》2013年夏季合集(79)",
		"title": "空中辅导-20130628"
	},
	{
		"duration": 3560,
		"size": "28.5M",
		"path": "http://media.febcchinese.org/Streaming/cc/cc130629.mp3",
		"id": 6313000080,
		"albumId": 6313,
		"albumName": "《空中辅导》2013年夏季合集",
		"albumtitle": "《空中辅导》2013年夏季合集(80)",
		"title": "空中辅导-20130629"
	},
	{
		"duration": 3560,
		"size": "28.5M",
		"path": "http://media.febcchinese.org/Streaming/cc/cc130630.mp3",
		"id": 6313000081,
		"albumId": 6313,
		"albumName": "《空中辅导》2013年夏季合集",
		"albumtitle": "《空中辅导》2013年夏季合集(81)",
		"title": "空中辅导-20130630"
	}
]