[
	{
		"duration": 3560,
		"size": "28.5M",
		"path": "http://media.febcchinese.org/Streaming/cc/cc161001.mp3",
		"id": 6324000001,
		"albumId": 6324,
		"albumName": "《空中辅导》2016年冬季合集",
		"albumtitle": "《空中辅导》2016年冬季合集(1)",
		"title": "空中辅导-20161001"
	},
	{
		"duration": 3560,
		"size": "28.5M",
		"path": "http://media.febcchinese.org/Streaming/cc/cc161002.mp3",
		"id": 6324000002,
		"albumId": 6324,
		"albumName": "《空中辅导》2016年冬季合集",
		"albumtitle": "《空中辅导》2016年冬季合集(2)",
		"title": "空中辅导-20161002"
	},
	{
		"duration": 3560,
		"size": "28.5M",
		"path": "http://media.febcchinese.org/Streaming/cc/cc161003.mp3",
		"id": 6324000003,
		"albumId": 6324,
		"albumName": "《空中辅导》2016年冬季合集",
		"albumtitle": "《空中辅导》2016年冬季合集(3)",
		"title": "空中辅导-20161003"
	},
	{
		"duration": 3560,
		"size": "28.5M",
		"path": "http://media.febcchinese.org/Streaming/cc/cc161004.mp3",
		"id": 6324000004,
		"albumId": 6324,
		"albumName": "《空中辅导》2016年冬季合集",
		"albumtitle": "《空中辅导》2016年冬季合集(4)",
		"title": "空中辅导-20161004"
	},
	{
		"duration": 3560,
		"size": "28.5M",
		"path": "http://media.febcchinese.org/Streaming/cc/cc161005.mp3",
		"id": 6324000005,
		"albumId": 6324,
		"albumName": "《空中辅导》2016年冬季合集",
		"albumtitle": "《空中辅导》2016年冬季合集(5)",
		"title": "空中辅导-20161005"
	},
	{
		"duration": 3560,
		"size": "28.5M",
		"path": "http://media.febcchinese.org/Streaming/cc/cc161006.mp3",
		"id": 6324000006,
		"albumId": 6324,
		"albumName": "《空中辅导》2016年冬季合集",
		"albumtitle": "《空中辅导》2016年冬季合集(6)",
		"title": "空中辅导-20161006"
	},
	{
		"duration": 3560,
		"size": "28.5M",
		"path": "http://media.febcchinese.org/Streaming/cc/cc161007.mp3",
		"id": 6324000007,
		"albumId": 6324,
		"albumName": "《空中辅导》2016年冬季合集",
		"albumtitle": "《空中辅导》2016年冬季合集(7)",
		"title": "空中辅导-20161007"
	},
	{
		"duration": 3560,
		"size": "28.5M",
		"path": "http://media.febcchinese.org/Streaming/cc/cc161008.mp3",
		"id": 6324000008,
		"albumId": 6324,
		"albumName": "《空中辅导》2016年冬季合集",
		"albumtitle": "《空中辅导》2016年冬季合集(8)",
		"title": "空中辅导-20161008"
	},
	{
		"duration": 3560,
		"size": "28.5M",
		"path": "http://media.febcchinese.org/Streaming/cc/cc161009.mp3",
		"id": 6324000009,
		"albumId": 6324,
		"albumName": "《空中辅导》2016年冬季合集",
		"albumtitle": "《空中辅导》2016年冬季合集(9)",
		"title": "空中辅导-20161009"
	},
	{
		"duration": 3560,
		"size": "28.5M",
		"path": "http://media.febcchinese.org/Streaming/cc/cc161010.mp3",
		"id": 6324000010,
		"albumId": 6324,
		"albumName": "《空中辅导》2016年冬季合集",
		"albumtitle": "《空中辅导》2016年冬季合集(10)",
		"title": "空中辅导-20161010"
	},
	{
		"duration": 3560,
		"size": "28.5M",
		"path": "http://media.febcchinese.org/Streaming/cc/cc161011.mp3",
		"id": 6324000011,
		"albumId": 6324,
		"albumName": "《空中辅导》2016年冬季合集",
		"albumtitle": "《空中辅导》2016年冬季合集(11)",
		"title": "空中辅导-20161011"
	},
	{
		"duration": 3560,
		"size": "28.5M",
		"path": "http://media.febcchinese.org/Streaming/cc/cc161012.mp3",
		"id": 6324000012,
		"albumId": 6324,
		"albumName": "《空中辅导》2016年冬季合集",
		"albumtitle": "《空中辅导》2016年冬季合集(12)",
		"title": "空中辅导-20161012"
	},
	{
		"duration": 3560,
		"size": "28.5M",
		"path": "http://media.febcchinese.org/Streaming/cc/cc161013.mp3",
		"id": 6324000013,
		"albumId": 6324,
		"albumName": "《空中辅导》2016年冬季合集",
		"albumtitle": "《空中辅导》2016年冬季合集(13)",
		"title": "空中辅导-20161013"
	},
	{
		"duration": 3560,
		"size": "28.5M",
		"path": "http://media.febcchinese.org/Streaming/cc/cc161014.mp3",
		"id": 6324000014,
		"albumId": 6324,
		"albumName": "《空中辅导》2016年冬季合集",
		"albumtitle": "《空中辅导》2016年冬季合集(14)",
		"title": "空中辅导-20161014"
	},
	{
		"duration": 3560,
		"size": "28.5M",
		"path": "http://media.febcchinese.org/Streaming/cc/cc161015.mp3",
		"id": 6324000015,
		"albumId": 6324,
		"albumName": "《空中辅导》2016年冬季合集",
		"albumtitle": "《空中辅导》2016年冬季合集(15)",
		"title": "空中辅导-20161015"
	},
	{
		"duration": 3560,
		"size": "28.5M",
		"path": "http://media.febcchinese.org/Streaming/cc/cc161016.mp3",
		"id": 6324000016,
		"albumId": 6324,
		"albumName": "《空中辅导》2016年冬季合集",
		"albumtitle": "《空中辅导》2016年冬季合集(16)",
		"title": "空中辅导-20161016"
	},
	{
		"duration": 3560,
		"size": "28.5M",
		"path": "http://media.febcchinese.org/Streaming/cc/cc161017.mp3",
		"id": 6324000017,
		"albumId": 6324,
		"albumName": "《空中辅导》2016年冬季合集",
		"albumtitle": "《空中辅导》2016年冬季合集(17)",
		"title": "空中辅导-20161017"
	},
	{
		"duration": 3560,
		"size": "28.5M",
		"path": "http://media.febcchinese.org/Streaming/cc/cc161018.mp3",
		"id": 6324000018,
		"albumId": 6324,
		"albumName": "《空中辅导》2016年冬季合集",
		"albumtitle": "《空中辅导》2016年冬季合集(18)",
		"title": "空中辅导-20161018"
	},
	{
		"duration": 3560,
		"size": "28.5M",
		"path": "http://media.febcchinese.org/Streaming/cc/cc161019.mp3",
		"id": 6324000019,
		"albumId": 6324,
		"albumName": "《空中辅导》2016年冬季合集",
		"albumtitle": "《空中辅导》2016年冬季合集(19)",
		"title": "空中辅导-20161019"
	},
	{
		"duration": 3560,
		"size": "28.5M",
		"path": "http://media.febcchinese.org/Streaming/cc/cc161020.mp3",
		"id": 6324000020,
		"albumId": 6324,
		"albumName": "《空中辅导》2016年冬季合集",
		"albumtitle": "《空中辅导》2016年冬季合集(20)",
		"title": "空中辅导-20161020"
	},
	{
		"duration": 3560,
		"size": "28.5M",
		"path": "http://media.febcchinese.org/Streaming/cc/cc161021.mp3",
		"id": 6324000021,
		"albumId": 6324,
		"albumName": "《空中辅导》2016年冬季合集",
		"albumtitle": "《空中辅导》2016年冬季合集(21)",
		"title": "空中辅导-20161021"
	},
	{
		"duration": 3560,
		"size": "28.5M",
		"path": "http://media.febcchinese.org/Streaming/cc/cc161022.mp3",
		"id": 6324000022,
		"albumId": 6324,
		"albumName": "《空中辅导》2016年冬季合集",
		"albumtitle": "《空中辅导》2016年冬季合集(22)",
		"title": "空中辅导-20161022"
	},
	{
		"duration": 3560,
		"size": "28.5M",
		"path": "http://media.febcchinese.org/Streaming/cc/cc161023.mp3",
		"id": 6324000023,
		"albumId": 6324,
		"albumName": "《空中辅导》2016年冬季合集",
		"albumtitle": "《空中辅导》2016年冬季合集(23)",
		"title": "空中辅导-20161023"
	},
	{
		"duration": 3560,
		"size": "28.5M",
		"path": "http://media.febcchinese.org/Streaming/cc/cc161024.mp3",
		"id": 6324000024,
		"albumId": 6324,
		"albumName": "《空中辅导》2016年冬季合集",
		"albumtitle": "《空中辅导》2016年冬季合集(24)",
		"title": "空中辅导-20161024"
	},
	{
		"duration": 3560,
		"size": "28.5M",
		"path": "http://media.febcchinese.org/Streaming/cc/cc161025.mp3",
		"id": 6324000025,
		"albumId": 6324,
		"albumName": "《空中辅导》2016年冬季合集",
		"albumtitle": "《空中辅导》2016年冬季合集(25)",
		"title": "空中辅导-20161025"
	},
	{
		"duration": 3560,
		"size": "28.5M",
		"path": "http://media.febcchinese.org/Streaming/cc/cc161026.mp3",
		"id": 6324000026,
		"albumId": 6324,
		"albumName": "《空中辅导》2016年冬季合集",
		"albumtitle": "《空中辅导》2016年冬季合集(26)",
		"title": "空中辅导-20161026"
	},
	{
		"duration": 3560,
		"size": "28.5M",
		"path": "http://media.febcchinese.org/Streaming/cc/cc161027.mp3",
		"id": 6324000027,
		"albumId": 6324,
		"albumName": "《空中辅导》2016年冬季合集",
		"albumtitle": "《空中辅导》2016年冬季合集(27)",
		"title": "空中辅导-20161027"
	},
	{
		"duration": 3560,
		"size": "28.5M",
		"path": "http://media.febcchinese.org/Streaming/cc/cc161028.mp3",
		"id": 6324000028,
		"albumId": 6324,
		"albumName": "《空中辅导》2016年冬季合集",
		"albumtitle": "《空中辅导》2016年冬季合集(28)",
		"title": "空中辅导-20161028"
	},
	{
		"duration": 3560,
		"size": "28.5M",
		"path": "http://media.febcchinese.org/Streaming/cc/cc161029.mp3",
		"id": 6324000029,
		"albumId": 6324,
		"albumName": "《空中辅导》2016年冬季合集",
		"albumtitle": "《空中辅导》2016年冬季合集(29)",
		"title": "空中辅导-20161029"
	},
	{
		"duration": 3560,
		"size": "28.5M",
		"path": "http://media.febcchinese.org/Streaming/cc/cc161030.mp3",
		"id": 6324000030,
		"albumId": 6324,
		"albumName": "《空中辅导》2016年冬季合集",
		"albumtitle": "《空中辅导》2016年冬季合集(30)",
		"title": "空中辅导-20161030"
	},
	{
		"duration": 3560,
		"size": "28.5M",
		"path": "http://media.febcchinese.org/Streaming/cc/cc161031.mp3",
		"id": 6324000031,
		"albumId": 6324,
		"albumName": "《空中辅导》2016年冬季合集",
		"albumtitle": "《空中辅导》2016年冬季合集(31)",
		"title": "空中辅导-20161031"
	},
	{
		"duration": 3560,
		"size": "28.5M",
		"path": "http://media.febcchinese.org/Streaming/cc/cc161101.mp3",
		"id": 6324000032,
		"albumId": 6324,
		"albumName": "《空中辅导》2016年冬季合集",
		"albumtitle": "《空中辅导》2016年冬季合集(32)",
		"title": "空中辅导-20161101"
	},
	{
		"duration": 3560,
		"size": "28.5M",
		"path": "http://media.febcchinese.org/Streaming/cc/cc161102.mp3",
		"id": 6324000033,
		"albumId": 6324,
		"albumName": "《空中辅导》2016年冬季合集",
		"albumtitle": "《空中辅导》2016年冬季合集(33)",
		"title": "空中辅导-20161102"
	},
	{
		"duration": 3560,
		"size": "28.5M",
		"path": "http://media.febcchinese.org/Streaming/cc/cc161103.mp3",
		"id": 6324000034,
		"albumId": 6324,
		"albumName": "《空中辅导》2016年冬季合集",
		"albumtitle": "《空中辅导》2016年冬季合集(34)",
		"title": "空中辅导-20161103"
	},
	{
		"duration": 3560,
		"size": "28.5M",
		"path": "http://media.febcchinese.org/Streaming/cc/cc161104.mp3",
		"id": 6324000035,
		"albumId": 6324,
		"albumName": "《空中辅导》2016年冬季合集",
		"albumtitle": "《空中辅导》2016年冬季合集(35)",
		"title": "空中辅导-20161104"
	},
	{
		"duration": 3560,
		"size": "28.5M",
		"path": "http://media.febcchinese.org/Streaming/cc/cc161105.mp3",
		"id": 6324000036,
		"albumId": 6324,
		"albumName": "《空中辅导》2016年冬季合集",
		"albumtitle": "《空中辅导》2016年冬季合集(36)",
		"title": "空中辅导-20161105"
	},
	{
		"duration": 3560,
		"size": "28.5M",
		"path": "http://media.febcchinese.org/Streaming/cc/cc161106.mp3",
		"id": 6324000037,
		"albumId": 6324,
		"albumName": "《空中辅导》2016年冬季合集",
		"albumtitle": "《空中辅导》2016年冬季合集(37)",
		"title": "空中辅导-20161106"
	},
	{
		"duration": 3560,
		"size": "28.5M",
		"path": "http://media.febcchinese.org/Streaming/cc/cc161107.mp3",
		"id": 6324000038,
		"albumId": 6324,
		"albumName": "《空中辅导》2016年冬季合集",
		"albumtitle": "《空中辅导》2016年冬季合集(38)",
		"title": "空中辅导-20161107"
	},
	{
		"duration": 3560,
		"size": "28.5M",
		"path": "http://media.febcchinese.org/Streaming/cc/cc161108.mp3",
		"id": 6324000039,
		"albumId": 6324,
		"albumName": "《空中辅导》2016年冬季合集",
		"albumtitle": "《空中辅导》2016年冬季合集(39)",
		"title": "空中辅导-20161108"
	},
	{
		"duration": 3560,
		"size": "28.5M",
		"path": "http://media.febcchinese.org/Streaming/cc/cc161109.mp3",
		"id": 6324000040,
		"albumId": 6324,
		"albumName": "《空中辅导》2016年冬季合集",
		"albumtitle": "《空中辅导》2016年冬季合集(40)",
		"title": "空中辅导-20161109"
	},
	{
		"duration": 3560,
		"size": "28.5M",
		"path": "http://media.febcchinese.org/Streaming/cc/cc161110.mp3",
		"id": 6324000041,
		"albumId": 6324,
		"albumName": "《空中辅导》2016年冬季合集",
		"albumtitle": "《空中辅导》2016年冬季合集(41)",
		"title": "空中辅导-20161110"
	},
	{
		"duration": 3560,
		"size": "28.5M",
		"path": "http://media.febcchinese.org/Streaming/cc/cc161111.mp3",
		"id": 6324000042,
		"albumId": 6324,
		"albumName": "《空中辅导》2016年冬季合集",
		"albumtitle": "《空中辅导》2016年冬季合集(42)",
		"title": "空中辅导-20161111"
	},
	{
		"duration": 3560,
		"size": "28.5M",
		"path": "http://media.febcchinese.org/Streaming/cc/cc161112.mp3",
		"id": 6324000043,
		"albumId": 6324,
		"albumName": "《空中辅导》2016年冬季合集",
		"albumtitle": "《空中辅导》2016年冬季合集(43)",
		"title": "空中辅导-20161112"
	},
	{
		"duration": 3560,
		"size": "28.5M",
		"path": "http://media.febcchinese.org/Streaming/cc/cc161113.mp3",
		"id": 6324000044,
		"albumId": 6324,
		"albumName": "《空中辅导》2016年冬季合集",
		"albumtitle": "《空中辅导》2016年冬季合集(44)",
		"title": "空中辅导-20161113"
	},
	{
		"duration": 3560,
		"size": "28.5M",
		"path": "http://media.febcchinese.org/Streaming/cc/cc161114.mp3",
		"id": 6324000045,
		"albumId": 6324,
		"albumName": "《空中辅导》2016年冬季合集",
		"albumtitle": "《空中辅导》2016年冬季合集(45)",
		"title": "空中辅导-20161114"
	},
	{
		"duration": 3560,
		"size": "28.5M",
		"path": "http://media.febcchinese.org/Streaming/cc/cc161115.mp3",
		"id": 6324000046,
		"albumId": 6324,
		"albumName": "《空中辅导》2016年冬季合集",
		"albumtitle": "《空中辅导》2016年冬季合集(46)",
		"title": "空中辅导-20161115"
	},
	{
		"duration": 3560,
		"size": "28.5M",
		"path": "http://media.febcchinese.org/Streaming/cc/cc161116.mp3",
		"id": 6324000047,
		"albumId": 6324,
		"albumName": "《空中辅导》2016年冬季合集",
		"albumtitle": "《空中辅导》2016年冬季合集(47)",
		"title": "空中辅导-20161116"
	},
	{
		"duration": 3560,
		"size": "28.5M",
		"path": "http://media.febcchinese.org/Streaming/cc/cc161117.mp3",
		"id": 6324000048,
		"albumId": 6324,
		"albumName": "《空中辅导》2016年冬季合集",
		"albumtitle": "《空中辅导》2016年冬季合集(48)",
		"title": "空中辅导-20161117"
	},
	{
		"duration": 3560,
		"size": "28.5M",
		"path": "http://media.febcchinese.org/Streaming/cc/cc161118.mp3",
		"id": 6324000049,
		"albumId": 6324,
		"albumName": "《空中辅导》2016年冬季合集",
		"albumtitle": "《空中辅导》2016年冬季合集(49)",
		"title": "空中辅导-20161118"
	},
	{
		"duration": 3560,
		"size": "28.5M",
		"path": "http://media.febcchinese.org/Streaming/cc/cc161119.mp3",
		"id": 6324000050,
		"albumId": 6324,
		"albumName": "《空中辅导》2016年冬季合集",
		"albumtitle": "《空中辅导》2016年冬季合集(50)",
		"title": "空中辅导-20161119"
	},
	{
		"duration": 3560,
		"size": "28.5M",
		"path": "http://media.febcchinese.org/Streaming/cc/cc161120.mp3",
		"id": 6324000051,
		"albumId": 6324,
		"albumName": "《空中辅导》2016年冬季合集",
		"albumtitle": "《空中辅导》2016年冬季合集(51)",
		"title": "空中辅导-20161120"
	},
	{
		"duration": 3560,
		"size": "28.5M",
		"path": "http://media.febcchinese.org/Streaming/cc/cc161121.mp3",
		"id": 6324000052,
		"albumId": 6324,
		"albumName": "《空中辅导》2016年冬季合集",
		"albumtitle": "《空中辅导》2016年冬季合集(52)",
		"title": "空中辅导-20161121"
	},
	{
		"duration": 3560,
		"size": "28.5M",
		"path": "http://media.febcchinese.org/Streaming/cc/cc161122.mp3",
		"id": 6324000053,
		"albumId": 6324,
		"albumName": "《空中辅导》2016年冬季合集",
		"albumtitle": "《空中辅导》2016年冬季合集(53)",
		"title": "空中辅导-20161122"
	},
	{
		"duration": 3560,
		"size": "28.5M",
		"path": "http://media.febcchinese.org/Streaming/cc/cc161123.mp3",
		"id": 6324000054,
		"albumId": 6324,
		"albumName": "《空中辅导》2016年冬季合集",
		"albumtitle": "《空中辅导》2016年冬季合集(54)",
		"title": "空中辅导-20161123"
	},
	{
		"duration": 3560,
		"size": "28.5M",
		"path": "http://media.febcchinese.org/Streaming/cc/cc161124.mp3",
		"id": 6324000055,
		"albumId": 6324,
		"albumName": "《空中辅导》2016年冬季合集",
		"albumtitle": "《空中辅导》2016年冬季合集(55)",
		"title": "空中辅导-20161124"
	},
	{
		"duration": 3560,
		"size": "28.5M",
		"path": "http://media.febcchinese.org/Streaming/cc/cc161125.mp3",
		"id": 6324000056,
		"albumId": 6324,
		"albumName": "《空中辅导》2016年冬季合集",
		"albumtitle": "《空中辅导》2016年冬季合集(56)",
		"title": "空中辅导-20161125"
	},
	{
		"duration": 3560,
		"size": "28.5M",
		"path": "http://media.febcchinese.org/Streaming/cc/cc161126.mp3",
		"id": 6324000057,
		"albumId": 6324,
		"albumName": "《空中辅导》2016年冬季合集",
		"albumtitle": "《空中辅导》2016年冬季合集(57)",
		"title": "空中辅导-20161126"
	},
	{
		"duration": 3560,
		"size": "28.5M",
		"path": "http://media.febcchinese.org/Streaming/cc/cc161127.mp3",
		"id": 6324000058,
		"albumId": 6324,
		"albumName": "《空中辅导》2016年冬季合集",
		"albumtitle": "《空中辅导》2016年冬季合集(58)",
		"title": "空中辅导-20161127"
	},
	{
		"duration": 3560,
		"size": "28.5M",
		"path": "http://media.febcchinese.org/Streaming/cc/cc161128.mp3",
		"id": 6324000059,
		"albumId": 6324,
		"albumName": "《空中辅导》2016年冬季合集",
		"albumtitle": "《空中辅导》2016年冬季合集(59)",
		"title": "空中辅导-20161128"
	},
	{
		"duration": 3560,
		"size": "28.5M",
		"path": "http://media.febcchinese.org/Streaming/cc/cc161129.mp3",
		"id": 6324000060,
		"albumId": 6324,
		"albumName": "《空中辅导》2016年冬季合集",
		"albumtitle": "《空中辅导》2016年冬季合集(60)",
		"title": "空中辅导-20161129"
	},
	{
		"duration": 3560,
		"size": "28.5M",
		"path": "http://media.febcchinese.org/Streaming/cc/cc161130.mp3",
		"id": 6324000061,
		"albumId": 6324,
		"albumName": "《空中辅导》2016年冬季合集",
		"albumtitle": "《空中辅导》2016年冬季合集(61)",
		"title": "空中辅导-20161130"
	},
	{
		"duration": 3560,
		"size": "28.5M",
		"path": "http://media.febcchinese.org/Streaming/cc/cc161201.mp3",
		"id": 6324000062,
		"albumId": 6324,
		"albumName": "《空中辅导》2016年冬季合集",
		"albumtitle": "《空中辅导》2016年冬季合集(62)",
		"title": "空中辅导-20161201"
	},
	{
		"duration": 3560,
		"size": "28.5M",
		"path": "http://media.febcchinese.org/Streaming/cc/cc161202.mp3",
		"id": 6324000063,
		"albumId": 6324,
		"albumName": "《空中辅导》2016年冬季合集",
		"albumtitle": "《空中辅导》2016年冬季合集(63)",
		"title": "空中辅导-20161202"
	},
	{
		"duration": 3560,
		"size": "28.5M",
		"path": "http://media.febcchinese.org/Streaming/cc/cc161203.mp3",
		"id": 6324000064,
		"albumId": 6324,
		"albumName": "《空中辅导》2016年冬季合集",
		"albumtitle": "《空中辅导》2016年冬季合集(64)",
		"title": "空中辅导-20161203"
	},
	{
		"duration": 3560,
		"size": "28.5M",
		"path": "http://media.febcchinese.org/Streaming/cc/cc161204.mp3",
		"id": 6324000065,
		"albumId": 6324,
		"albumName": "《空中辅导》2016年冬季合集",
		"albumtitle": "《空中辅导》2016年冬季合集(65)",
		"title": "空中辅导-20161204"
	},
	{
		"duration": 3560,
		"size": "28.5M",
		"path": "http://media.febcchinese.org/Streaming/cc/cc161205.mp3",
		"id": 6324000066,
		"albumId": 6324,
		"albumName": "《空中辅导》2016年冬季合集",
		"albumtitle": "《空中辅导》2016年冬季合集(66)",
		"title": "空中辅导-20161205"
	},
	{
		"duration": 3560,
		"size": "28.5M",
		"path": "http://media.febcchinese.org/Streaming/cc/cc161206.mp3",
		"id": 6324000067,
		"albumId": 6324,
		"albumName": "《空中辅导》2016年冬季合集",
		"albumtitle": "《空中辅导》2016年冬季合集(67)",
		"title": "空中辅导-20161206"
	},
	{
		"duration": 3560,
		"size": "28.5M",
		"path": "http://media.febcchinese.org/Streaming/cc/cc161207.mp3",
		"id": 6324000068,
		"albumId": 6324,
		"albumName": "《空中辅导》2016年冬季合集",
		"albumtitle": "《空中辅导》2016年冬季合集(68)",
		"title": "空中辅导-20161207"
	},
	{
		"duration": 3560,
		"size": "28.5M",
		"path": "http://media.febcchinese.org/Streaming/cc/cc161208.mp3",
		"id": 6324000069,
		"albumId": 6324,
		"albumName": "《空中辅导》2016年冬季合集",
		"albumtitle": "《空中辅导》2016年冬季合集(69)",
		"title": "空中辅导-20161208"
	},
	{
		"duration": 3560,
		"size": "28.5M",
		"path": "http://media.febcchinese.org/Streaming/cc/cc161209.mp3",
		"id": 6324000070,
		"albumId": 6324,
		"albumName": "《空中辅导》2016年冬季合集",
		"albumtitle": "《空中辅导》2016年冬季合集(70)",
		"title": "空中辅导-20161209"
	},
	{
		"duration": 3560,
		"size": "28.5M",
		"path": "http://media.febcchinese.org/Streaming/cc/cc161210.mp3",
		"id": 6324000071,
		"albumId": 6324,
		"albumName": "《空中辅导》2016年冬季合集",
		"albumtitle": "《空中辅导》2016年冬季合集(71)",
		"title": "空中辅导-20161210"
	},
	{
		"duration": 3560,
		"size": "28.5M",
		"path": "http://media.febcchinese.org/Streaming/cc/cc161211.mp3",
		"id": 6324000072,
		"albumId": 6324,
		"albumName": "《空中辅导》2016年冬季合集",
		"albumtitle": "《空中辅导》2016年冬季合集(72)",
		"title": "空中辅导-20161211"
	},
	{
		"duration": 3560,
		"size": "28.5M",
		"path": "http://media.febcchinese.org/Streaming/cc/cc161212.mp3",
		"id": 6324000073,
		"albumId": 6324,
		"albumName": "《空中辅导》2016年冬季合集",
		"albumtitle": "《空中辅导》2016年冬季合集(73)",
		"title": "空中辅导-20161212"
	},
	{
		"duration": 3560,
		"size": "28.5M",
		"path": "http://media.febcchinese.org/Streaming/cc/cc161213.mp3",
		"id": 6324000074,
		"albumId": 6324,
		"albumName": "《空中辅导》2016年冬季合集",
		"albumtitle": "《空中辅导》2016年冬季合集(74)",
		"title": "空中辅导-20161213"
	},
	{
		"duration": 3560,
		"size": "28.5M",
		"path": "http://media.febcchinese.org/Streaming/cc/cc161214.mp3",
		"id": 6324000075,
		"albumId": 6324,
		"albumName": "《空中辅导》2016年冬季合集",
		"albumtitle": "《空中辅导》2016年冬季合集(75)",
		"title": "空中辅导-20161214"
	},
	{
		"duration": 3560,
		"size": "28.5M",
		"path": "http://media.febcchinese.org/Streaming/cc/cc161215.mp3",
		"id": 6324000076,
		"albumId": 6324,
		"albumName": "《空中辅导》2016年冬季合集",
		"albumtitle": "《空中辅导》2016年冬季合集(76)",
		"title": "空中辅导-20161215"
	},
	{
		"duration": 3560,
		"size": "28.5M",
		"path": "http://media.febcchinese.org/Streaming/cc/cc161216.mp3",
		"id": 6324000077,
		"albumId": 6324,
		"albumName": "《空中辅导》2016年冬季合集",
		"albumtitle": "《空中辅导》2016年冬季合集(77)",
		"title": "空中辅导-20161216"
	},
	{
		"duration": 3560,
		"size": "28.5M",
		"path": "http://media.febcchinese.org/Streaming/cc/cc161217.mp3",
		"id": 6324000078,
		"albumId": 6324,
		"albumName": "《空中辅导》2016年冬季合集",
		"albumtitle": "《空中辅导》2016年冬季合集(78)",
		"title": "空中辅导-20161217"
	},
	{
		"duration": 3560,
		"size": "28.5M",
		"path": "http://media.febcchinese.org/Streaming/cc/cc161218.mp3",
		"id": 6324000079,
		"albumId": 6324,
		"albumName": "《空中辅导》2016年冬季合集",
		"albumtitle": "《空中辅导》2016年冬季合集(79)",
		"title": "空中辅导-20161218"
	},
	{
		"duration": 3560,
		"size": "28.5M",
		"path": "http://media.febcchinese.org/Streaming/cc/cc161219.mp3",
		"id": 6324000080,
		"albumId": 6324,
		"albumName": "《空中辅导》2016年冬季合集",
		"albumtitle": "《空中辅导》2016年冬季合集(80)",
		"title": "空中辅导-20161219"
	},
	{
		"duration": 3560,
		"size": "28.5M",
		"path": "http://media.febcchinese.org/Streaming/cc/cc161220.mp3",
		"id": 6324000081,
		"albumId": 6324,
		"albumName": "《空中辅导》2016年冬季合集",
		"albumtitle": "《空中辅导》2016年冬季合集(81)",
		"title": "空中辅导-20161220"
	},
	{
		"duration": 3560,
		"size": "28.5M",
		"path": "http://media.febcchinese.org/Streaming/cc/cc161221.mp3",
		"id": 6324000082,
		"albumId": 6324,
		"albumName": "《空中辅导》2016年冬季合集",
		"albumtitle": "《空中辅导》2016年冬季合集(82)",
		"title": "空中辅导-20161221"
	},
	{
		"duration": 3560,
		"size": "28.5M",
		"path": "http://media.febcchinese.org/Streaming/cc/cc161222.mp3",
		"id": 6324000083,
		"albumId": 6324,
		"albumName": "《空中辅导》2016年冬季合集",
		"albumtitle": "《空中辅导》2016年冬季合集(83)",
		"title": "空中辅导-20161222"
	},
	{
		"duration": 3560,
		"size": "28.5M",
		"path": "http://media.febcchinese.org/Streaming/cc/cc161223.mp3",
		"id": 6324000084,
		"albumId": 6324,
		"albumName": "《空中辅导》2016年冬季合集",
		"albumtitle": "《空中辅导》2016年冬季合集(84)",
		"title": "空中辅导-20161223"
	},
	{
		"duration": 3560,
		"size": "28.5M",
		"path": "http://media.febcchinese.org/Streaming/cc/cc161224.mp3",
		"id": 6324000085,
		"albumId": 6324,
		"albumName": "《空中辅导》2016年冬季合集",
		"albumtitle": "《空中辅导》2016年冬季合集(85)",
		"title": "空中辅导-20161224"
	},
	{
		"duration": 3560,
		"size": "28.5M",
		"path": "http://media.febcchinese.org/Streaming/cc/cc161225.mp3",
		"id": 6324000086,
		"albumId": 6324,
		"albumName": "《空中辅导》2016年冬季合集",
		"albumtitle": "《空中辅导》2016年冬季合集(86)",
		"title": "空中辅导-20161225"
	},
	{
		"duration": 3560,
		"size": "28.5M",
		"path": "http://media.febcchinese.org/Streaming/cc/cc161226.mp3",
		"id": 6324000087,
		"albumId": 6324,
		"albumName": "《空中辅导》2016年冬季合集",
		"albumtitle": "《空中辅导》2016年冬季合集(87)",
		"title": "空中辅导-20161226"
	},
	{
		"duration": 3560,
		"size": "28.5M",
		"path": "http://media.febcchinese.org/Streaming/cc/cc161227.mp3",
		"id": 6324000088,
		"albumId": 6324,
		"albumName": "《空中辅导》2016年冬季合集",
		"albumtitle": "《空中辅导》2016年冬季合集(88)",
		"title": "空中辅导-20161227"
	},
	{
		"duration": 3560,
		"size": "28.5M",
		"path": "http://media.febcchinese.org/Streaming/cc/cc161228.mp3",
		"id": 6324000089,
		"albumId": 6324,
		"albumName": "《空中辅导》2016年冬季合集",
		"albumtitle": "《空中辅导》2016年冬季合集(89)",
		"title": "空中辅导-20161228"
	},
	{
		"duration": 3560,
		"size": "28.5M",
		"path": "http://media.febcchinese.org/Streaming/cc/cc161229.mp3",
		"id": 6324000090,
		"albumId": 6324,
		"albumName": "《空中辅导》2016年冬季合集",
		"albumtitle": "《空中辅导》2016年冬季合集(90)",
		"title": "空中辅导-20161229"
	},
	{
		"duration": 3560,
		"size": "28.5M",
		"path": "http://media.febcchinese.org/Streaming/cc/cc161230.mp3",
		"id": 6324000091,
		"albumId": 6324,
		"albumName": "《空中辅导》2016年冬季合集",
		"albumtitle": "《空中辅导》2016年冬季合集(91)",
		"title": "空中辅导-20161230"
	},
	{
		"duration": 3560,
		"size": "28.5M",
		"path": "http://media.febcchinese.org/Streaming/cc/cc161231.mp3",
		"id": 6324000092,
		"albumId": 6324,
		"albumName": "《空中辅导》2016年冬季合集",
		"albumtitle": "《空中辅导》2016年冬季合集(92)",
		"title": "空中辅导-20161231"
	}
]