[
	{
		"albumtitle": "《空中辅导》辅导基础概念(01)",
		"title": "辅导不是……",
		"downUrl": "http://txly2.net/ly/audio/cc_BasicConceptOfCounseling/cc_BasicConceptOfCounseling01.mp3",
		"duration": 3560,
		"size": "28.5M",
		"albumId": 40,
		"albumName": "《空中辅导》辅导基础概念",
		"path": "https://rawcdn.githack.com/quiet324/LiangyouAlbums/1705203/node/cc_BasicConceptOfCounseling/cc_BasicConceptOfCounseling01.mp3",
		"id": 40889004
	},
	{
		"albumtitle": "《空中辅导》辅导基础概念(02)",
		"title": "优秀辅导员具备的条件",
		"downUrl": "http://txly2.net/ly/audio/cc_BasicConceptOfCounseling/cc_BasicConceptOfCounseling02.mp3",
		"duration": 3560,
		"size": "28.5M",
		"albumId": 40,
		"albumName": "《空中辅导》辅导基础概念",
		"path": "https://rawcdn.githack.com/quiet324/LiangyouAlbums/1705203/node/cc_BasicConceptOfCounseling/cc_BasicConceptOfCounseling02.mp3",
		"id": 40889005
	},
	{
		"albumtitle": "《空中辅导》辅导基础概念(03)",
		"title": "辅导技巧与心态",
		"downUrl": "http://txly2.net/ly/audio/cc_BasicConceptOfCounseling/cc_BasicConceptOfCounseling03.mp3",
		"duration": 3560,
		"size": "28.5M",
		"albumId": 40,
		"albumName": "《空中辅导》辅导基础概念",
		"path": "https://rawcdn.githack.com/quiet324/LiangyouAlbums/1705203/node/cc_BasicConceptOfCounseling/cc_BasicConceptOfCounseling03.mp3",
		"id": 40889006
	},
	{
		"albumtitle": "《空中辅导》辅导基础概念(04)",
		"title": "看辅导员和被辅者",
		"downUrl": "http://txly2.net/ly/audio/cc_BasicConceptOfCounseling/cc_BasicConceptOfCounseling04.mp3",
		"duration": 3560,
		"size": "28.5M",
		"albumId": 40,
		"albumName": "《空中辅导》辅导基础概念",
		"path": "https://rawcdn.githack.com/quiet324/LiangyouAlbums/1705203/node/cc_BasicConceptOfCounseling/cc_BasicConceptOfCounseling04.mp3",
		"id": 40889007
	},
	{
		"albumtitle": "《空中辅导》辅导基础概念(05)",
		"title": "基督徒辅导原则",
		"downUrl": "http://txly2.net/ly/audio/cc_BasicConceptOfCounseling/cc_BasicConceptOfCounseling05.mp3",
		"duration": 3560,
		"size": "28.5M",
		"albumId": 40,
		"albumName": "《空中辅导》辅导基础概念",
		"path": "https://rawcdn.githack.com/quiet324/LiangyouAlbums/1705203/node/cc_BasicConceptOfCounseling/cc_BasicConceptOfCounseling05.mp3",
		"id": 40889008
	}
]