[
	{
		"title": "爱情长跑（开幕礼）（讲员：赵群牧师）",
		"downUrl": "http://txly2.net/ly/audio/cc_CouplesCampC/cc_CouplesCampC01.mp3?amssource=dl&amssermonid=23921",
		"path": "https://rawcdn.githack.com/quiet324/LiangYouAlbums4/170808/cc_CouplesCampC/cc_CouplesCampC01.mp3",
		"duration": 3560,
		"size": "28.5M",
		"albumId": 6000,
		"albumName": "《空中辅导》空中夫妻营2016",
		"id": 6000000001,
		"albumtitle": "《空中辅导》空中夫妻营2016(1)"
	},
	{
		"title": "情绪你我祂（1）（讲员：葛琳卡博士）",
		"downUrl": "http://txly2.net/ly/audio/cc_CouplesCampC/cc_CouplesCampC02.mp3?amssource=dl&amssermonid=23922",
		"path": "https://rawcdn.githack.com/quiet324/LiangYouAlbums4/170808/cc_CouplesCampC/cc_CouplesCampC02.mp3",
		"duration": 3560,
		"size": "28.5M",
		"albumId": 6000,
		"albumName": "《空中辅导》空中夫妻营2016",
		"id": 6000000002,
		"albumtitle": "《空中辅导》空中夫妻营2016(2)"
	},
	{
		"title": "情绪你我祂（2）（讲员：葛琳卡博士）",
		"downUrl": "http://txly2.net/ly/audio/cc_CouplesCampC/cc_CouplesCampC03.mp3?amssource=dl&amssermonid=23923",
		"path": "https://rawcdn.githack.com/quiet324/LiangYouAlbums4/170808/cc_CouplesCampC/cc_CouplesCampC03.mp3",
		"duration": 3560,
		"size": "28.5M",
		"albumId": 6000,
		"albumName": "《空中辅导》空中夫妻营2016",
		"id": 6000000003,
		"albumtitle": "《空中辅导》空中夫妻营2016(3)"
	},
	{
		"title": "幸福家庭七种关系（主日讲道）（讲员：周广亮牧师）",
		"downUrl": "http://txly2.net/ly/audio/cc_CouplesCampC/cc_CouplesCampC04.mp3?amssource=dl&amssermonid=23924",
		"path": "https://rawcdn.githack.com/quiet324/LiangYouAlbums4/170808/cc_CouplesCampC/cc_CouplesCampC04.mp3",
		"duration": 3560,
		"size": "28.5M",
		"albumId": 6000,
		"albumName": "《空中辅导》空中夫妻营2016",
		"id": 6000000004,
		"albumtitle": "《空中辅导》空中夫妻营2016(4)"
	},
	{
		"title": "情绪你我祂（3）（讲员：葛琳卡博士）",
		"downUrl": "http://txly2.net/ly/audio/cc_CouplesCampC/cc_CouplesCampC05.mp3?amssource=dl&amssermonid=23925",
		"path": "https://rawcdn.githack.com/quiet324/LiangYouAlbums4/170808/cc_CouplesCampC/cc_CouplesCampC05.mp3",
		"duration": 3560,
		"size": "28.5M",
		"albumId": 6000,
		"albumName": "《空中辅导》空中夫妻营2016",
		"id": 6000000005,
		"albumtitle": "《空中辅导》空中夫妻营2016(5)"
	},
	{
		"title": "家庭中的怒气（讲员：葛琳卡博士）",
		"downUrl": "http://txly2.net/ly/audio/cc_CouplesCampC/cc_CouplesCampC06.mp3?amssource=dl&amssermonid=23926",
		"path": "https://rawcdn.githack.com/quiet324/LiangYouAlbums4/170808/cc_CouplesCampC/cc_CouplesCampC06.mp3",
		"duration": 3560,
		"size": "28.5M",
		"albumId": 6000,
		"albumName": "《空中辅导》空中夫妻营2016",
		"id": 6000000006,
		"albumtitle": "《空中辅导》空中夫妻营2016(6)"
	},
	{
		"title": "夫妻之你恩我爱（1）（讲员：葛琳卡博士）",
		"downUrl": "http://txly2.net/ly/audio/cc_CouplesCampC/cc_CouplesCampC07.mp3?amssource=dl&amssermonid=23927",
		"path": "https://rawcdn.githack.com/quiet324/LiangYouAlbums4/170808/cc_CouplesCampC/cc_CouplesCampC07.mp3",
		"duration": 3560,
		"size": "28.5M",
		"albumId": 6000,
		"albumName": "《空中辅导》空中夫妻营2016",
		"id": 6000000007,
		"albumtitle": "《空中辅导》空中夫妻营2016(7)"
	},
	{
		"title": "夫妻之你恩我爱（2）（讲员：葛琳卡博士）",
		"downUrl": "http://txly2.net/ly/audio/cc_CouplesCampC/cc_CouplesCampC08.mp3?amssource=dl&amssermonid=23928",
		"path": "https://rawcdn.githack.com/quiet324/LiangYouAlbums4/170808/cc_CouplesCampC/cc_CouplesCampC08.mp3",
		"duration": 3560,
		"size": "28.5M",
		"albumId": 6000,
		"albumName": "《空中辅导》空中夫妻营2016",
		"id": 6000000008,
		"albumtitle": "《空中辅导》空中夫妻营2016(8)"
	},
	{
		"title": "金苹果与银网子（1）（讲员：周素琴师母）",
		"downUrl": "http://txly2.net/ly/audio/cc_CouplesCampC/cc_CouplesCampC09.mp3?amssource=dl&amssermonid=23929",
		"path": "https://rawcdn.githack.com/quiet324/LiangYouAlbums4/170808/cc_CouplesCampC/cc_CouplesCampC09.mp3",
		"duration": 3560,
		"size": "28.5M",
		"albumId": 6000,
		"albumName": "《空中辅导》空中夫妻营2016",
		"id": 6000000009,
		"albumtitle": "《空中辅导》空中夫妻营2016(9)"
	},
	{
		"title": "金苹果与银网子（2）（讲员：周素琴师母）",
		"downUrl": "http://txly2.net/ly/audio/cc_CouplesCampC/cc_CouplesCampC10.mp3?amssource=dl&amssermonid=23930",
		"path": "https://rawcdn.githack.com/quiet324/LiangYouAlbums4/170808/cc_CouplesCampC/cc_CouplesCampC10.mp3",
		"duration": 3560,
		"size": "28.5M",
		"albumId": 6000,
		"albumName": "《空中辅导》空中夫妻营2016",
		"id": 6000000010,
		"albumtitle": "《空中辅导》空中夫妻营2016(10)"
	},
	{
		"title": "金苹果与银网子（3）（讲员：周素琴师母）",
		"downUrl": "http://txly2.net/ly/audio/cc_CouplesCampC/cc_CouplesCampC11.mp3?amssource=dl&amssermonid=23931",
		"path": "https://rawcdn.githack.com/quiet324/LiangYouAlbums4/170808/cc_CouplesCampC/cc_CouplesCampC11.mp3",
		"duration": 3560,
		"size": "28.5M",
		"albumId": 6000,
		"albumName": "《空中辅导》空中夫妻营2016",
		"id": 6000000011,
		"albumtitle": "《空中辅导》空中夫妻营2016(11)"
	},
	{
		"title": "为孩子立界线（1）（讲员：周素琴师母）",
		"downUrl": "http://txly2.net/ly/audio/cc_CouplesCampC/cc_CouplesCampC12.mp3?amssource=dl&amssermonid=23932",
		"path": "https://rawcdn.githack.com/quiet324/LiangYouAlbums4/170808/cc_CouplesCampC/cc_CouplesCampC12.mp3",
		"duration": 3560,
		"size": "28.5M",
		"albumId": 6000,
		"albumName": "《空中辅导》空中夫妻营2016",
		"id": 6000000012,
		"albumtitle": "《空中辅导》空中夫妻营2016(12)"
	},
	{
		"title": "为孩子立界线（2）（讲员：周素琴师母）",
		"downUrl": "http://txly2.net/ly/audio/cc_CouplesCampC/cc_CouplesCampC13.mp3?amssource=dl&amssermonid=23933",
		"path": "https://rawcdn.githack.com/quiet324/LiangYouAlbums4/170808/cc_CouplesCampC/cc_CouplesCampC13.mp3",
		"duration": 3560,
		"size": "28.5M",
		"albumId": 6000,
		"albumName": "《空中辅导》空中夫妻营2016",
		"id": 6000000013,
		"albumtitle": "《空中辅导》空中夫妻营2016(13)"
	},
	{
		"title": "为孩子立界线（3）（讲员：周素琴师母）",
		"downUrl": "http://txly2.net/ly/audio/cc_CouplesCampC/cc_CouplesCampC14.mp3?amssource=dl&amssermonid=23934",
		"path": "https://rawcdn.githack.com/quiet324/LiangYouAlbums4/170808/cc_CouplesCampC/cc_CouplesCampC14.mp3",
		"duration": 3560,
		"size": "28.5M",
		"albumId": 6000,
		"albumName": "《空中辅导》空中夫妻营2016",
		"id": 6000000014,
		"albumtitle": "《空中辅导》空中夫妻营2016(14)"
	}
]