[
	{
		"albumtitle": "《空中辅导》空中夫妻营2015(01)",
		"title": "婚姻五大威胁（1）",
		"downUrl": "http://txly2.net/ly/audio/cc_CouplesCampB/cc_CouplesCampB01.mp3",
		"duration": 3560,
		"size": "28.5M",
		"albumId": 58,
		"albumName": "《空中辅导》空中夫妻营2015",
		"path": "https://rawcdn.githack.com/quiet324/LiangyouAlbums/1705203/node/cc_CouplesCampB/cc_CouplesCampB01.mp3",
		"id": 58889207
	},
	{
		"albumtitle": "《空中辅导》空中夫妻营2015(02)",
		"title": "婚姻五大威胁（2）",
		"downUrl": "http://txly2.net/ly/audio/cc_CouplesCampB/cc_CouplesCampB02.mp3",
		"duration": 3560,
		"size": "28.5M",
		"albumId": 58,
		"albumName": "《空中辅导》空中夫妻营2015",
		"path": "https://rawcdn.githack.com/quiet324/LiangyouAlbums/1705203/node/cc_CouplesCampB/cc_CouplesCampB02.mp3",
		"id": 58889208
	},
	{
		"albumtitle": "《空中辅导》空中夫妻营2015(03)",
		"title": "婚姻五大威胁（3）",
		"downUrl": "http://txly2.net/ly/audio/cc_CouplesCampB/cc_CouplesCampB03.mp3",
		"duration": 3560,
		"size": "28.5M",
		"albumId": 58,
		"albumName": "《空中辅导》空中夫妻营2015",
		"path": "https://rawcdn.githack.com/quiet324/LiangyouAlbums/1705203/node/cc_CouplesCampB/cc_CouplesCampB03.mp3",
		"id": 58889209
	},
	{
		"albumtitle": "《空中辅导》空中夫妻营2015(04)",
		"title": "婚姻五大威胁（4）",
		"downUrl": "http://txly2.net/ly/audio/cc_CouplesCampB/cc_CouplesCampB04.mp3",
		"duration": 3560,
		"size": "28.5M",
		"albumId": 58,
		"albumName": "《空中辅导》空中夫妻营2015",
		"path": "https://rawcdn.githack.com/quiet324/LiangyouAlbums/1705203/node/cc_CouplesCampB/cc_CouplesCampB04.mp3",
		"id": 58889210
	},
	{
		"albumtitle": "《空中辅导》空中夫妻营2015(05)",
		"title": "神对合一的旨意",
		"downUrl": "http://txly2.net/ly/audio/cc_CouplesCampB/cc_CouplesCampB05.mp3",
		"duration": 3560,
		"size": "28.5M",
		"albumId": 58,
		"albumName": "《空中辅导》空中夫妻营2015",
		"path": "https://rawcdn.githack.com/quiet324/LiangyouAlbums/1705203/node/cc_CouplesCampB/cc_CouplesCampB05.mp3",
		"id": 58889211
	},
	{
		"albumtitle": "《空中辅导》空中夫妻营2015(06)",
		"title": "神对合一的计划（1）",
		"downUrl": "http://txly2.net/ly/audio/cc_CouplesCampB/cc_CouplesCampB06.mp3",
		"duration": 3560,
		"size": "28.5M",
		"albumId": 58,
		"albumName": "《空中辅导》空中夫妻营2015",
		"path": "https://rawcdn.githack.com/quiet324/LiangyouAlbums/1705203/node/cc_CouplesCampB/cc_CouplesCampB06.mp3",
		"id": 58889212
	},
	{
		"albumtitle": "《空中辅导》空中夫妻营2015(07)",
		"title": "神对合一的计划（2）",
		"downUrl": "http://txly2.net/ly/audio/cc_CouplesCampB/cc_CouplesCampB07.mp3",
		"duration": 3560,
		"size": "28.5M",
		"albumId": 58,
		"albumName": "《空中辅导》空中夫妻营2015",
		"path": "https://rawcdn.githack.com/quiet324/LiangyouAlbums/1705203/node/cc_CouplesCampB/cc_CouplesCampB07.mp3",
		"id": 58889213
	},
	{
		"albumtitle": "《空中辅导》空中夫妻营2015(08)",
		"title": "祝福的能力（1）",
		"downUrl": "http://txly2.net/ly/audio/cc_CouplesCampB/cc_CouplesCampB08.mp3",
		"duration": 3560,
		"size": "28.5M",
		"albumId": 58,
		"albumName": "《空中辅导》空中夫妻营2015",
		"path": "https://rawcdn.githack.com/quiet324/LiangyouAlbums/1705203/node/cc_CouplesCampB/cc_CouplesCampB08.mp3",
		"id": 58889214
	},
	{
		"albumtitle": "《空中辅导》空中夫妻营2015(09)",
		"title": "祝福的能力（2）",
		"downUrl": "http://txly2.net/ly/audio/cc_CouplesCampB/cc_CouplesCampB09.mp3",
		"duration": 3560,
		"size": "28.5M",
		"albumId": 58,
		"albumName": "《空中辅导》空中夫妻营2015",
		"path": "https://rawcdn.githack.com/quiet324/LiangyouAlbums/1705203/node/cc_CouplesCampB/cc_CouplesCampB09.mp3",
		"id": 58889215
	},
	{
		"albumtitle": "《空中辅导》空中夫妻营2015(10)",
		"title": "闭幕礼：赵群台长分享",
		"downUrl": "http://txly2.net/ly/audio/cc_CouplesCampB/cc_CouplesCampB10.mp3",
		"duration": 3560,
		"size": "28.5M",
		"albumId": 58,
		"albumName": "《空中辅导》空中夫妻营2015",
		"path": "https://rawcdn.githack.com/quiet324/LiangyouAlbums/1705203/node/cc_CouplesCampB/cc_CouplesCampB10.mp3",
		"id": 58889216
	}
]