[
	{
		"albumtitle": "《空中辅导》交友、恋爱、婚姻(01)",
		"title": "婚姻是什么？家庭是什么？",
		"downUrl": "http://txly2.net/ly/audio/cc_DatingLoveMarriage/cc_DatingLoveMarriage01.mp3",
		"duration": 3560,
		"size": "28.5M",
		"albumId": 57,
		"albumName": "《空中辅导》交友、恋爱、婚姻",
		"path": "https://rawcdn.githack.com/quiet324/LiangyouAlbums/1705203/node/cc_DatingLoveMarriage/cc_DatingLoveMarriage01.mp3",
		"id": 57889143
	},
	{
		"albumtitle": "《空中辅导》交友、恋爱、婚姻(02)",
		"title": "交友──同性朋友",
		"downUrl": "http://txly2.net/ly/audio/cc_DatingLoveMarriage/cc_DatingLoveMarriage02.mp3",
		"duration": 3560,
		"size": "28.5M",
		"albumId": 57,
		"albumName": "《空中辅导》交友、恋爱、婚姻",
		"path": "https://rawcdn.githack.com/quiet324/LiangyouAlbums/1705203/node/cc_DatingLoveMarriage/cc_DatingLoveMarriage02.mp3",
		"id": 57889144
	},
	{
		"albumtitle": "《空中辅导》交友、恋爱、婚姻(03)",
		"title": "交友──异性朋友",
		"downUrl": "http://txly2.net/ly/audio/cc_DatingLoveMarriage/cc_DatingLoveMarriage03.mp3",
		"duration": 3560,
		"size": "28.5M",
		"albumId": 57,
		"albumName": "《空中辅导》交友、恋爱、婚姻",
		"path": "https://rawcdn.githack.com/quiet324/LiangyouAlbums/1705203/node/cc_DatingLoveMarriage/cc_DatingLoveMarriage03.mp3",
		"id": 57889145
	},
	{
		"albumtitle": "《空中辅导》交友、恋爱、婚姻(04)",
		"title": "约会",
		"downUrl": "http://txly2.net/ly/audio/cc_DatingLoveMarriage/cc_DatingLoveMarriage04.mp3",
		"duration": 3560,
		"size": "28.5M",
		"albumId": 57,
		"albumName": "《空中辅导》交友、恋爱、婚姻",
		"path": "https://rawcdn.githack.com/quiet324/LiangyouAlbums/1705203/node/cc_DatingLoveMarriage/cc_DatingLoveMarriage04.mp3",
		"id": 57889146
	},
	{
		"albumtitle": "《空中辅导》交友、恋爱、婚姻(05)",
		"title": "恋爱",
		"downUrl": "http://txly2.net/ly/audio/cc_DatingLoveMarriage/cc_DatingLoveMarriage05.mp3",
		"duration": 3560,
		"size": "28.5M",
		"albumId": 57,
		"albumName": "《空中辅导》交友、恋爱、婚姻",
		"path": "https://rawcdn.githack.com/quiet324/LiangyouAlbums/1705203/node/cc_DatingLoveMarriage/cc_DatingLoveMarriage05.mp3",
		"id": 57889147
	},
	{
		"albumtitle": "《空中辅导》交友、恋爱、婚姻(06)",
		"title": "预备婚姻",
		"downUrl": "http://txly2.net/ly/audio/cc_DatingLoveMarriage/cc_DatingLoveMarriage06.mp3",
		"duration": 3560,
		"size": "28.5M",
		"albumId": 57,
		"albumName": "《空中辅导》交友、恋爱、婚姻",
		"path": "https://rawcdn.githack.com/quiet324/LiangyouAlbums/1705203/node/cc_DatingLoveMarriage/cc_DatingLoveMarriage06.mp3",
		"id": 57889148
	},
	{
		"albumtitle": "《空中辅导》交友、恋爱、婚姻(07)",
		"title": "结婚以后",
		"downUrl": "http://txly2.net/ly/audio/cc_DatingLoveMarriage/cc_DatingLoveMarriage07.mp3",
		"duration": 3560,
		"size": "28.5M",
		"albumId": 57,
		"albumName": "《空中辅导》交友、恋爱、婚姻",
		"path": "https://rawcdn.githack.com/quiet324/LiangyouAlbums/1705203/node/cc_DatingLoveMarriage/cc_DatingLoveMarriage07.mp3",
		"id": 57889149
	}
]