[
	{
		"albumtitle": "《空中辅导》活出彩虹(01)",
		"title": "了解同性恋",
		"downUrl": "http://txly2.net/ly/audio/cc_LiveOutTheRainbow/cc_LiveOutTheRainbow01.mp3",
		"duration": 3560,
		"size": "28.5M",
		"albumId": 54,
		"albumName": "《空中辅导》活出彩虹",
		"path": "https://rawcdn.githack.com/quiet324/LiangyouAlbums/1705203/node/cc_LiveOutTheRainbow/cc_LiveOutTheRainbow01.mp3",
		"id": 54889304
	},
	{
		"albumtitle": "《空中辅导》活出彩虹(02)",
		"title": "同性恋的成因",
		"downUrl": "http://txly2.net/ly/audio/cc_LiveOutTheRainbow/cc_LiveOutTheRainbow02.mp3",
		"duration": 3560,
		"size": "28.5M",
		"albumId": 54,
		"albumName": "《空中辅导》活出彩虹",
		"path": "https://rawcdn.githack.com/quiet324/LiangyouAlbums/1705203/node/cc_LiveOutTheRainbow/cc_LiveOutTheRainbow02.mp3",
		"id": 54889305
	},
	{
		"albumtitle": "《空中辅导》活出彩虹(03)",
		"title": "Pearl姊妹的见证",
		"downUrl": "http://txly2.net/ly/audio/cc_LiveOutTheRainbow/cc_LiveOutTheRainbow03.mp3",
		"duration": 3560,
		"size": "28.5M",
		"albumId": 54,
		"albumName": "《空中辅导》活出彩虹",
		"path": "https://rawcdn.githack.com/quiet324/LiangyouAlbums/1705203/node/cc_LiveOutTheRainbow/cc_LiveOutTheRainbow03.mp3",
		"id": 54889306
	},
	{
		"albumtitle": "《空中辅导》活出彩虹(04)",
		"title": "同性恋的出路",
		"downUrl": "http://txly2.net/ly/audio/cc_LiveOutTheRainbow/cc_LiveOutTheRainbow04.mp3",
		"duration": 3560,
		"size": "28.5M",
		"albumId": 54,
		"albumName": "《空中辅导》活出彩虹",
		"path": "https://rawcdn.githack.com/quiet324/LiangyouAlbums/1705203/node/cc_LiveOutTheRainbow/cc_LiveOutTheRainbow04.mp3",
		"id": 54889307
	},
	{
		"albumtitle": "《空中辅导》活出彩虹(05)",
		"title": "支持小组",
		"downUrl": "http://txly2.net/ly/audio/cc_LiveOutTheRainbow/cc_LiveOutTheRainbow05.mp3",
		"duration": 3560,
		"size": "28.5M",
		"albumId": 54,
		"albumName": "《空中辅导》活出彩虹",
		"path": "https://rawcdn.githack.com/quiet324/LiangyouAlbums/1705203/node/cc_LiveOutTheRainbow/cc_LiveOutTheRainbow05.mp3",
		"id": 54889308
	},
	{
		"albumtitle": "《空中辅导》活出彩虹(06)",
		"title": "如何帮助和关怀同性恋者？",
		"downUrl": "http://txly2.net/ly/audio/cc_LiveOutTheRainbow/cc_LiveOutTheRainbow06.mp3",
		"duration": 3560,
		"size": "28.5M",
		"albumId": 54,
		"albumName": "《空中辅导》活出彩虹",
		"path": "https://rawcdn.githack.com/quiet324/LiangyouAlbums/1705203/node/cc_LiveOutTheRainbow/cc_LiveOutTheRainbow06.mp3",
		"id": 54889309
	},
	{
		"albumtitle": "《空中辅导》活出彩虹(07)",
		"title": "露露姊妹的见证",
		"downUrl": "http://txly2.net/ly/audio/cc_LiveOutTheRainbow/cc_LiveOutTheRainbow07.mp3",
		"duration": 3560,
		"size": "28.5M",
		"albumId": 54,
		"albumName": "《空中辅导》活出彩虹",
		"path": "https://rawcdn.githack.com/quiet324/LiangyouAlbums/1705203/node/cc_LiveOutTheRainbow/cc_LiveOutTheRainbow07.mp3",
		"id": 54889310
	},
	{
		"albumtitle": "《空中辅导》活出彩虹(08)",
		"title": "Handsome弟兄的见证",
		"downUrl": "http://txly2.net/ly/audio/cc_LiveOutTheRainbow/cc_LiveOutTheRainbow08.mp3",
		"duration": 3560,
		"size": "28.5M",
		"albumId": 54,
		"albumName": "《空中辅导》活出彩虹",
		"path": "https://rawcdn.githack.com/quiet324/LiangyouAlbums/1705203/node/cc_LiveOutTheRainbow/cc_LiveOutTheRainbow08.mp3",
		"id": 54889311
	},
	{
		"albumtitle": "《空中辅导》活出彩虹(09)",
		"title": "Jenny姊妹开拓同性恋事工的经历",
		"downUrl": "http://txly2.net/ly/audio/cc_LiveOutTheRainbow/cc_LiveOutTheRainbow09.mp3",
		"duration": 3560,
		"size": "28.5M",
		"albumId": 54,
		"albumName": "《空中辅导》活出彩虹",
		"path": "https://rawcdn.githack.com/quiet324/LiangyouAlbums/1705203/node/cc_LiveOutTheRainbow/cc_LiveOutTheRainbow09.mp3",
		"id": 54889312
	}
]