[
	{
		"albumtitle": "《空中辅导》如何教养孩童(01)",
		"title": "父母对孩子的期望会带来什么结果",
		"downUrl": "http://txly2.net/ly/audio/cc_ParentingKids/cc_ParentingKids01.mp3",
		"duration": 3560,
		"size": "28.5M",
		"albumId": 64,
		"albumName": "《空中辅导》如何教养孩童",
		"path": "https://rawcdn.githack.com/quiet324/LiangyouAlbums/1705203/node/cc_ParentingKids/cc_ParentingKids01.mp3",
		"id": 64889106
	},
	{
		"albumtitle": "《空中辅导》如何教养孩童(02)",
		"title": "夫妻关系对孩子的影响",
		"downUrl": "http://txly2.net/ly/audio/cc_ParentingKids/cc_ParentingKids02.mp3",
		"duration": 3560,
		"size": "28.5M",
		"albumId": 64,
		"albumName": "《空中辅导》如何教养孩童",
		"path": "https://rawcdn.githack.com/quiet324/LiangyouAlbums/1705203/node/cc_ParentingKids/cc_ParentingKids02.mp3",
		"id": 64889107
	},
	{
		"albumtitle": "《空中辅导》如何教养孩童(03)",
		"title": "教养孩童的艺术",
		"downUrl": "http://txly2.net/ly/audio/cc_ParentingKids/cc_ParentingKids03.mp3",
		"duration": 3560,
		"size": "28.5M",
		"albumId": 64,
		"albumName": "《空中辅导》如何教养孩童",
		"path": "https://rawcdn.githack.com/quiet324/LiangyouAlbums/1705203/node/cc_ParentingKids/cc_ParentingKids03.mp3",
		"id": 64889108
	},
	{
		"albumtitle": "《空中辅导》如何教养孩童(04)",
		"title": "亲子教育",
		"downUrl": "http://txly2.net/ly/audio/cc_ParentingKids/cc_ParentingKids04.mp3",
		"duration": 3560,
		"size": "28.5M",
		"albumId": 64,
		"albumName": "《空中辅导》如何教养孩童",
		"path": "https://rawcdn.githack.com/quiet324/LiangyouAlbums/1705203/node/cc_ParentingKids/cc_ParentingKids04.mp3",
		"id": 64889109
	}
]