[
	{
		"albumtitle": "《空中辅导》产前产后抑郁症(01)",
		"downUrl": "http://txly2.net/ly/audio/cc_PrenatalPostnatalDepression/cc_PrenatalPostnatalDepression01.mp3",
		"duration": 3560,
		"size": "28.5M",
		"albumId": 39,
		"albumName": "《空中辅导》产前产后抑郁症",
		"path": "https://rawcdn.githack.com/quiet324/LiangyouAlbums/1705203/node/cc_PrenatalPostnatalDepression/cc_PrenatalPostnatalDepression01.mp3",
		"id": 39889139
	},
	{
		"albumtitle": "《空中辅导》产前产后抑郁症(02)",
		"downUrl": "http://txly2.net/ly/audio/cc_PrenatalPostnatalDepression/cc_PrenatalPostnatalDepression02.mp3",
		"duration": 3560,
		"size": "28.5M",
		"albumId": 39,
		"albumName": "《空中辅导》产前产后抑郁症",
		"path": "https://rawcdn.githack.com/quiet324/LiangyouAlbums/1705203/node/cc_PrenatalPostnatalDepression/cc_PrenatalPostnatalDepression02.mp3",
		"id": 39889140
	},
	{
		"albumtitle": "《空中辅导》产前产后抑郁症(03)",
		"downUrl": "http://txly2.net/ly/audio/cc_PrenatalPostnatalDepression/cc_PrenatalPostnatalDepression03.mp3",
		"duration": 3560,
		"size": "28.5M",
		"albumId": 39,
		"albumName": "《空中辅导》产前产后抑郁症",
		"path": "https://rawcdn.githack.com/quiet324/LiangyouAlbums/1705203/node/cc_PrenatalPostnatalDepression/cc_PrenatalPostnatalDepression03.mp3",
		"id": 39889141
	},
	{
		"albumtitle": "《空中辅导》产前产后抑郁症(04)",
		"downUrl": "http://txly2.net/ly/audio/cc_PrenatalPostnatalDepression/cc_PrenatalPostnatalDepression04.mp3",
		"duration": 3560,
		"size": "28.5M",
		"albumId": 39,
		"albumName": "《空中辅导》产前产后抑郁症",
		"path": "https://rawcdn.githack.com/quiet324/LiangyouAlbums/1705203/node/cc_PrenatalPostnatalDepression/cc_PrenatalPostnatalDepression04.mp3",
		"id": 39889142
	}
]