[
	{
		"albumtitle": "《空中辅导》异梦同床(01)",
		"downUrl": "http://txly2.net/ly/audio/cc_SameBedDifferentDreams/cc_SameBedDifferentDreams01.mp3",
		"duration": 3560,
		"size": "28.5M",
		"albumId": 63,
		"albumName": "《空中辅导》异梦同床",
		"path": "https://rawcdn.githack.com/quiet324/LiangyouAlbums/1705203/node/cc_SameBedDifferentDreams/cc_SameBedDifferentDreams01.mp3",
		"id": 63889132
	},
	{
		"albumtitle": "《空中辅导》异梦同床(02)",
		"downUrl": "http://txly2.net/ly/audio/cc_SameBedDifferentDreams/cc_SameBedDifferentDreams02.mp3",
		"duration": 3560,
		"size": "28.5M",
		"albumId": 63,
		"albumName": "《空中辅导》异梦同床",
		"path": "https://rawcdn.githack.com/quiet324/LiangyouAlbums/1705203/node/cc_SameBedDifferentDreams/cc_SameBedDifferentDreams02.mp3",
		"id": 63889133
	},
	{
		"albumtitle": "《空中辅导》异梦同床(03)",
		"downUrl": "http://txly2.net/ly/audio/cc_SameBedDifferentDreams/cc_SameBedDifferentDreams03.mp3",
		"duration": 3560,
		"size": "28.5M",
		"albumId": 63,
		"albumName": "《空中辅导》异梦同床",
		"path": "https://rawcdn.githack.com/quiet324/LiangyouAlbums/1705203/node/cc_SameBedDifferentDreams/cc_SameBedDifferentDreams03.mp3",
		"id": 63889134
	},
	{
		"albumtitle": "《空中辅导》异梦同床(04)",
		"downUrl": "http://txly2.net/ly/audio/cc_SameBedDifferentDreams/cc_SameBedDifferentDreams04.mp3",
		"duration": 3560,
		"size": "28.5M",
		"albumId": 63,
		"albumName": "《空中辅导》异梦同床",
		"path": "https://rawcdn.githack.com/quiet324/LiangyouAlbums/1705203/node/cc_SameBedDifferentDreams/cc_SameBedDifferentDreams04.mp3",
		"id": 63889135
	},
	{
		"albumtitle": "《空中辅导》异梦同床(05)",
		"downUrl": "http://txly2.net/ly/audio/cc_SameBedDifferentDreams/cc_SameBedDifferentDreams05.mp3",
		"duration": 3560,
		"size": "28.5M",
		"albumId": 63,
		"albumName": "《空中辅导》异梦同床",
		"path": "https://rawcdn.githack.com/quiet324/LiangyouAlbums/1705203/node/cc_SameBedDifferentDreams/cc_SameBedDifferentDreams05.mp3",
		"id": 63889136
	},
	{
		"albumtitle": "《空中辅导》异梦同床(06)",
		"downUrl": "http://txly2.net/ly/audio/cc_SameBedDifferentDreams/cc_SameBedDifferentDreams06.mp3",
		"duration": 3560,
		"size": "28.5M",
		"albumId": 63,
		"albumName": "《空中辅导》异梦同床",
		"path": "https://rawcdn.githack.com/quiet324/LiangyouAlbums/1705203/node/cc_SameBedDifferentDreams/cc_SameBedDifferentDreams06.mp3",
		"id": 63889137
	},
	{
		"albumtitle": "《空中辅导》异梦同床(07)",
		"downUrl": "http://txly2.net/ly/audio/cc_SameBedDifferentDreams/cc_SameBedDifferentDreams07.mp3",
		"duration": 3560,
		"size": "28.5M",
		"albumId": 63,
		"albumName": "《空中辅导》异梦同床",
		"path": "https://rawcdn.githack.com/quiet324/LiangyouAlbums/1705203/node/cc_SameBedDifferentDreams/cc_SameBedDifferentDreams07.mp3",
		"id": 63889138
	}
]