[
  {
    "path": "https://rawcdn.githack.com/quiet324/LiangYouAlbums6/170831/child_smx/child_smx01.mp3",
    "duration": 1000,
    "size": "4M",
    "albumName": "睡梦乡儿童圣经故事",
    "albumId": 6005,
    "id": 6005000001,
    "albumtitle": "睡梦乡儿童圣经故事(1)"
  },
  {
    "path": "https://rawcdn.githack.com/quiet324/LiangYouAlbums6/170831/child_smx/child_smx02.mp3",
    "duration": 1000,
    "size": "4M",
    "albumName": "睡梦乡儿童圣经故事",
    "albumId": 6005,
    "id": 6005000002,
    "albumtitle": "睡梦乡儿童圣经故事(2)"
  },
  {
    "path": "https://rawcdn.githack.com/quiet324/LiangYouAlbums6/170831/child_smx/child_smx03.mp3",
    "duration": 1000,
    "size": "4M",
    "albumName": "睡梦乡儿童圣经故事",
    "albumId": 6005,
    "id": 6005000003,
    "albumtitle": "睡梦乡儿童圣经故事(3)"
  },
  {
    "path": "https://rawcdn.githack.com/quiet324/LiangYouAlbums6/170831/child_smx/child_smx04.mp3",
    "duration": 1000,
    "size": "4M",
    "albumName": "睡梦乡儿童圣经故事",
    "albumId": 6005,
    "id": 6005000004,
    "albumtitle": "睡梦乡儿童圣经故事(4)"
  },
  {
    "path": "https://rawcdn.githack.com/quiet324/LiangYouAlbums6/170831/child_smx/child_smx05.mp3",
    "duration": 1000,
    "size": "4M",
    "albumName": "睡梦乡儿童圣经故事",
    "albumId": 6005,
    "id": 6005000005,
    "albumtitle": "睡梦乡儿童圣经故事(5)"
  },
  {
    "path": "https://rawcdn.githack.com/quiet324/LiangYouAlbums6/170831/child_smx/child_smx06.mp3",
    "duration": 1000,
    "size": "4M",
    "albumName": "睡梦乡儿童圣经故事",
    "albumId": 6005,
    "id": 6005000006,
    "albumtitle": "睡梦乡儿童圣经故事(6)"
  },
  {
    "path": "https://rawcdn.githack.com/quiet324/LiangYouAlbums6/170831/child_smx/child_smx07.mp3",
    "duration": 1000,
    "size": "4M",
    "albumName": "睡梦乡儿童圣经故事",
    "albumId": 6005,
    "id": 6005000007,
    "albumtitle": "睡梦乡儿童圣经故事(7)"
  },
  {
    "path": "https://rawcdn.githack.com/quiet324/LiangYouAlbums6/170831/child_smx/child_smx08.mp3",
    "duration": 1000,
    "size": "4M",
    "albumName": "睡梦乡儿童圣经故事",
    "albumId": 6005,
    "id": 6005000008,
    "albumtitle": "睡梦乡儿童圣经故事(8)"
  },
  {
    "path": "https://rawcdn.githack.com/quiet324/LiangYouAlbums6/170831/child_smx/child_smx09.mp3",
    "duration": 1000,
    "size": "4M",
    "albumName": "睡梦乡儿童圣经故事",
    "albumId": 6005,
    "id": 6005000009,
    "albumtitle": "睡梦乡儿童圣经故事(9)"
  },
  {
    "path": "https://rawcdn.githack.com/quiet324/LiangYouAlbums6/170831/child_smx/child_smx010.mp3",
    "duration": 1000,
    "size": "4M",
    "albumName": "睡梦乡儿童圣经故事",
    "albumId": 6005,
    "id": 6005000010,
    "albumtitle": "睡梦乡儿童圣经故事(10)"
  },
  {
    "path": "https://rawcdn.githack.com/quiet324/LiangYouAlbums6/170831/child_smx/child_smx011.mp3",
    "duration": 1000,
    "size": "4M",
    "albumName": "睡梦乡儿童圣经故事",
    "albumId": 6005,
    "id": 6005000011,
    "albumtitle": "睡梦乡儿童圣经故事(11)"
  },
  {
    "path": "https://rawcdn.githack.com/quiet324/LiangYouAlbums6/170831/child_smx/child_smx012.mp3",
    "duration": 1000,
    "size": "4M",
    "albumName": "睡梦乡儿童圣经故事",
    "albumId": 6005,
    "id": 6005000012,
    "albumtitle": "睡梦乡儿童圣经故事(12)"
  },
  {
    "path": "https://rawcdn.githack.com/quiet324/LiangYouAlbums6/170831/child_smx/child_smx013.mp3",
    "duration": 1000,
    "size": "4M",
    "albumName": "睡梦乡儿童圣经故事",
    "albumId": 6005,
    "id": 6005000013,
    "albumtitle": "睡梦乡儿童圣经故事(13)"
  },
  {
    "path": "https://rawcdn.githack.com/quiet324/LiangYouAlbums6/170831/child_smx/child_smx014.mp3",
    "duration": 1000,
    "size": "4M",
    "albumName": "睡梦乡儿童圣经故事",
    "albumId": 6005,
    "id": 6005000014,
    "albumtitle": "睡梦乡儿童圣经故事(14)"
  },
  {
    "path": "https://rawcdn.githack.com/quiet324/LiangYouAlbums6/170831/child_smx/child_smx015.mp3",
    "duration": 1000,
    "size": "4M",
    "albumName": "睡梦乡儿童圣经故事",
    "albumId": 6005,
    "id": 6005000015,
    "albumtitle": "睡梦乡儿童圣经故事(15)"
  },
  {
    "path": "https://rawcdn.githack.com/quiet324/LiangYouAlbums6/170831/child_smx/child_smx016.mp3",
    "duration": 1000,
    "size": "4M",
    "albumName": "睡梦乡儿童圣经故事",
    "albumId": 6005,
    "id": 6005000016,
    "albumtitle": "睡梦乡儿童圣经故事(16)"
  },
  {
    "path": "https://rawcdn.githack.com/quiet324/LiangYouAlbums6/170831/child_smx/child_smx017.mp3",
    "duration": 1000,
    "size": "4M",
    "albumName": "睡梦乡儿童圣经故事",
    "albumId": 6005,
    "id": 6005000017,
    "albumtitle": "睡梦乡儿童圣经故事(17)"
  },
  {
    "path": "https://rawcdn.githack.com/quiet324/LiangYouAlbums6/170831/child_smx/child_smx018.mp3",
    "duration": 1000,
    "size": "4M",
    "albumName": "睡梦乡儿童圣经故事",
    "albumId": 6005,
    "id": 6005000018,
    "albumtitle": "睡梦乡儿童圣经故事(18)"
  },
  {
    "path": "https://rawcdn.githack.com/quiet324/LiangYouAlbums6/170831/child_smx/child_smx019.mp3",
    "duration": 1000,
    "size": "4M",
    "albumName": "睡梦乡儿童圣经故事",
    "albumId": 6005,
    "id": 6005000019,
    "albumtitle": "睡梦乡儿童圣经故事(19)"
  },
  {
    "path": "https://rawcdn.githack.com/quiet324/LiangYouAlbums6/170831/child_smx/child_smx020.mp3",
    "duration": 1000,
    "size": "4M",
    "albumName": "睡梦乡儿童圣经故事",
    "albumId": 6005,
    "id": 6005000020,
    "albumtitle": "睡梦乡儿童圣经故事(20)"
  },
  {
    "path": "https://rawcdn.githack.com/quiet324/LiangYouAlbums6/170831/child_smx/child_smx021.mp3",
    "duration": 1000,
    "size": "4M",
    "albumName": "睡梦乡儿童圣经故事",
    "albumId": 6005,
    "id": 6005000021,
    "albumtitle": "睡梦乡儿童圣经故事(21)"
  },
  {
    "path": "https://rawcdn.githack.com/quiet324/LiangYouAlbums6/170831/child_smx/child_smx022.mp3",
    "duration": 1000,
    "size": "4M",
    "albumName": "睡梦乡儿童圣经故事",
    "albumId": 6005,
    "id": 6005000022,
    "albumtitle": "睡梦乡儿童圣经故事(22)"
  },
  {
    "path": "https://rawcdn.githack.com/quiet324/LiangYouAlbums6/170831/child_smx/child_smx023.mp3",
    "duration": 1000,
    "size": "4M",
    "albumName": "睡梦乡儿童圣经故事",
    "albumId": 6005,
    "id": 6005000023,
    "albumtitle": "睡梦乡儿童圣经故事(23)"
  },
  {
    "path": "https://rawcdn.githack.com/quiet324/LiangYouAlbums6/170831/child_smx/child_smx024.mp3",
    "duration": 1000,
    "size": "4M",
    "albumName": "睡梦乡儿童圣经故事",
    "albumId": 6005,
    "id": 6005000024,
    "albumtitle": "睡梦乡儿童圣经故事(24)"
  },
  {
    "path": "https://rawcdn.githack.com/quiet324/LiangYouAlbums6/170831/child_smx/child_smx025.mp3",
    "duration": 1000,
    "size": "4M",
    "albumName": "睡梦乡儿童圣经故事",
    "albumId": 6005,
    "id": 6005000025,
    "albumtitle": "睡梦乡儿童圣经故事(25)"
  },
  {
    "path": "https://rawcdn.githack.com/quiet324/LiangYouAlbums6/170831/child_smx/child_smx026.mp3",
    "duration": 1000,
    "size": "4M",
    "albumName": "睡梦乡儿童圣经故事",
    "albumId": 6005,
    "id": 6005000026,
    "albumtitle": "睡梦乡儿童圣经故事(26)"
  },
  {
    "path": "https://rawcdn.githack.com/quiet324/LiangYouAlbums6/170831/child_smx/child_smx027.mp3",
    "duration": 1000,
    "size": "4M",
    "albumName": "睡梦乡儿童圣经故事",
    "albumId": 6005,
    "id": 6005000027,
    "albumtitle": "睡梦乡儿童圣经故事(27)"
  },
  {
    "path": "https://rawcdn.githack.com/quiet324/LiangYouAlbums6/170831/child_smx/child_smx028.mp3",
    "duration": 1000,
    "size": "4M",
    "albumName": "睡梦乡儿童圣经故事",
    "albumId": 6005,
    "id": 6005000028,
    "albumtitle": "睡梦乡儿童圣经故事(28)"
  },
  {
    "path": "https://rawcdn.githack.com/quiet324/LiangYouAlbums6/170831/child_smx/child_smx029.mp3",
    "duration": 1000,
    "size": "4M",
    "albumName": "睡梦乡儿童圣经故事",
    "albumId": 6005,
    "id": 6005000029,
    "albumtitle": "睡梦乡儿童圣经故事(29)"
  },
  {
    "path": "https://rawcdn.githack.com/quiet324/LiangYouAlbums6/170831/child_smx/child_smx030.mp3",
    "duration": 1000,
    "size": "4M",
    "albumName": "睡梦乡儿童圣经故事",
    "albumId": 6005,
    "id": 6005000030,
    "albumtitle": "睡梦乡儿童圣经故事(30)"
  },
  {
    "path": "https://rawcdn.githack.com/quiet324/LiangYouAlbums6/170831/child_smx/child_smx031.mp3",
    "duration": 1000,
    "size": "4M",
    "albumName": "睡梦乡儿童圣经故事",
    "albumId": 6005,
    "id": 6005000031,
    "albumtitle": "睡梦乡儿童圣经故事(31)"
  },
  {
    "path": "https://rawcdn.githack.com/quiet324/LiangYouAlbums6/170831/child_smx/child_smx032.mp3",
    "duration": 1000,
    "size": "4M",
    "albumName": "睡梦乡儿童圣经故事",
    "albumId": 6005,
    "id": 6005000032,
    "albumtitle": "睡梦乡儿童圣经故事(32)"
  },
  {
    "path": "https://rawcdn.githack.com/quiet324/LiangYouAlbums6/170831/child_smx/child_smx033.mp3",
    "duration": 1000,
    "size": "4M",
    "albumName": "睡梦乡儿童圣经故事",
    "albumId": 6005,
    "id": 6005000033,
    "albumtitle": "睡梦乡儿童圣经故事(33)"
  },
  {
    "path": "https://rawcdn.githack.com/quiet324/LiangYouAlbums6/170831/child_smx/child_smx034.mp3",
    "duration": 1000,
    "size": "4M",
    "albumName": "睡梦乡儿童圣经故事",
    "albumId": 6005,
    "id": 6005000034,
    "albumtitle": "睡梦乡儿童圣经故事(34)"
  },
  {
    "path": "https://rawcdn.githack.com/quiet324/LiangYouAlbums6/170831/child_smx/child_smx035.mp3",
    "duration": 1000,
    "size": "4M",
    "albumName": "睡梦乡儿童圣经故事",
    "albumId": 6005,
    "id": 6005000035,
    "albumtitle": "睡梦乡儿童圣经故事(35)"
  },
  {
    "path": "https://rawcdn.githack.com/quiet324/LiangYouAlbums6/170831/child_smx/child_smx036.mp3",
    "duration": 1000,
    "size": "4M",
    "albumName": "睡梦乡儿童圣经故事",
    "albumId": 6005,
    "id": 6005000036,
    "albumtitle": "睡梦乡儿童圣经故事(36)"
  }
]