[
	{
		"albumtitle": "靈命知多少(01)",
		"title": "",
		"duration": 1760,
        "size": "3M",
		"albumId": 213,
		"albumName": "靈命知多少",
		"path": "https://rawcdn.githack.com/quiet324/Media4JAlbum/17060913/conscience/conscience_01.mp3",
		"id": 213888180
	},
	{
		"albumtitle": "靈命知多少(02)",
		"title": "",
		"duration": 1760,
        "size": "3M",
		"albumId": 213,
		"albumName": "靈命知多少",
		"path": "https://rawcdn.githack.com/quiet324/Media4JAlbum/17060913/conscience/conscience_02.mp3",
		"id": 213888181
	},
	{
		"albumtitle": "靈命知多少(03)",
		"title": "",
		"duration": 1760,
        "size": "3M",
		"albumId": 213,
		"albumName": "靈命知多少",
		"path": "https://rawcdn.githack.com/quiet324/Media4JAlbum/17060913/conscience/conscience_03.mp3",
		"id": 213888182
	},
	{
		"albumtitle": "靈命知多少(04)",
		"title": "",
		"duration": 1760,
        "size": "3M",
		"albumId": 213,
		"albumName": "靈命知多少",
		"path": "https://rawcdn.githack.com/quiet324/Media4JAlbum/17060913/conscience/conscience_04.mp3",
		"id": 213888183
	},

	{
		"albumtitle": "靈命知多少(05)",
		"title": "",
		"duration": 1760,
		"size": "3M",
		"albumId": 213,
		"albumName": "靈命知多少",
		"path": "https://rawcdn.githack.com/quiet324/Media4JAlbum/17060913/conscience/conscience_05.mp3",
		"id": 213888184
	},
	{
		"albumtitle": "靈命知多少(06)",
		"title": "",
		"duration": 1760,
		"size": "3M",
		"albumId": 213,
		"albumName": "靈命知多少",
		"path": "https://rawcdn.githack.com/quiet324/Media4JAlbum/17060913/conscience/conscience_06.mp3",
		"id": 213888185
	},
	{
		"albumtitle": "靈命知多少(07)",
		"title": "",
		"duration": 1760,
		"size": "7M",
		"albumId": 213,
		"albumName": "靈命知多少",
		"path": "https://rawcdn.githack.com/quiet324/Media4JAlbum/17060913/conscience/conscience_07.mp3",
		"id": 213888186
	}

,
	{
		"albumtitle": "靈命知多少(08)",
		"title": "",
		"duration": 1760,
		"size": "3M",
		"albumId": 213,
		"albumName": "靈命知多少",
		"path": "https://rawcdn.githack.com/quiet324/Media4JAlbum/17060913/conscience/conscience_08.mp3",
		"id": 213888187
	},

	{
		"albumtitle": "靈命知多少(09)",
		"title": "",
		"duration": 1760,
		"size": "3M",
		"albumId": 213,
		"albumName": "靈命知多少",
		"path": "https://rawcdn.githack.com/quiet324/Media4JAlbum/17060913/conscience/conscience_09.mp3",
		"id": 213888188
	},
	{
		"albumtitle": "靈命知多少(10)",
		"title": "",
		"duration": 1760,
		"size": "7M",
		"albumId": 213,
		"albumName": "靈命知多少",
		"path": "https://rawcdn.githack.com/quiet324/Media4JAlbum/17060913/conscience/conscience_10.mp3",
		"id": 213888189
	},
	{
		"albumtitle": "靈命知多少(11)",
		"title": "",
		"duration": 1760,
		"size": "1M",
		"albumId": 213,
		"albumName": "靈命知多少",
		"path": "https://rawcdn.githack.com/quiet324/Media4JAlbum/17060913/conscience/conscience_11.mp3",
		"id": 2138881810
	}



]