[
	{
		"albumtitle": "《恩慰心语──辅导之声》同性恋(01)",
		"title": "专访前同性恋者",
		"downUrl": "http://txly2.net/ly/audio/cr_HomosexualLove/cr_HomosexualLove01.mp3",
		"duration": 1760,
		"size": "14.1M",
		"albumId": 55,
		"albumName": "《恩慰心语──辅导之声》同性恋",
		"path": "https://rawcdn.githack.com/quiet324/LiangyouAlbums/1705203/node/cr_HomosexualLove/cr_HomosexualLove01.mp3",
		"id": 55889159
	},
	{
		"albumtitle": "《恩慰心语──辅导之声》同性恋(02)",
		"title": "谈同性恋",
		"downUrl": "http://txly2.net/ly/audio/cr_HomosexualLove/cr_HomosexualLove02.mp3",
		"duration": 1760,
		"size": "14.1M",
		"albumId": 55,
		"albumName": "《恩慰心语──辅导之声》同性恋",
		"path": "https://rawcdn.githack.com/quiet324/LiangyouAlbums/1705203/node/cr_HomosexualLove/cr_HomosexualLove02.mp3",
		"id": 55889160
	},
	{
		"albumtitle": "《恩慰心语──辅导之声》同性恋(03)",
		"title": "同性恋",
		"downUrl": "http://txly2.net/ly/audio/cr_HomosexualLove/cr_HomosexualLove03.mp3",
		"duration": 1760,
		"size": "14.1M",
		"albumId": 55,
		"albumName": "《恩慰心语──辅导之声》同性恋",
		"path": "https://rawcdn.githack.com/quiet324/LiangyouAlbums/1705203/node/cr_HomosexualLove/cr_HomosexualLove03.mp3",
		"id": 55889161
	},
	{
		"albumtitle": "《恩慰心语──辅导之声》同性恋(04)",
		"title": "教导青少年认识同性恋",
		"downUrl": "http://txly2.net/ly/audio/cr_HomosexualLove/cr_HomosexualLove04.mp3",
		"duration": 1760,
		"size": "14.1M",
		"albumId": 55,
		"albumName": "《恩慰心语──辅导之声》同性恋",
		"path": "https://rawcdn.githack.com/quiet324/LiangyouAlbums/1705203/node/cr_HomosexualLove/cr_HomosexualLove04.mp3",
		"id": 55889162
	}
]