[
	{
		"duration": 300,
		"size": "1M",
		"path": "http://media.haomuren.org/Devotion/Utmost/Oct/Dvo161001.mp3",
		"id": 6392000001,
		"albumId": 6392,
		"albumName": "《竭诚为主》冬季合集",
		"albumtitle": "《竭诚为主》冬季合集(1)",
		"title": "竭诚为主-10月1日"
	},
	{
		"duration": 300,
		"size": "1M",
		"path": "http://media.haomuren.org/Devotion/Utmost/Oct/Dvo161002.mp3",
		"id": 6392000002,
		"albumId": 6392,
		"albumName": "《竭诚为主》冬季合集",
		"albumtitle": "《竭诚为主》冬季合集(2)",
		"title": "竭诚为主-10月2日"
	},
	{
		"duration": 300,
		"size": "1M",
		"path": "http://media.haomuren.org/Devotion/Utmost/Oct/Dvo161003.mp3",
		"id": 6392000003,
		"albumId": 6392,
		"albumName": "《竭诚为主》冬季合集",
		"albumtitle": "《竭诚为主》冬季合集(3)",
		"title": "竭诚为主-10月3日"
	},
	{
		"duration": 300,
		"size": "1M",
		"path": "http://media.haomuren.org/Devotion/Utmost/Oct/Dvo161004.mp3",
		"id": 6392000004,
		"albumId": 6392,
		"albumName": "《竭诚为主》冬季合集",
		"albumtitle": "《竭诚为主》冬季合集(4)",
		"title": "竭诚为主-10月4日"
	},
	{
		"duration": 300,
		"size": "1M",
		"path": "http://media.haomuren.org/Devotion/Utmost/Oct/Dvo161005.mp3",
		"id": 6392000005,
		"albumId": 6392,
		"albumName": "《竭诚为主》冬季合集",
		"albumtitle": "《竭诚为主》冬季合集(5)",
		"title": "竭诚为主-10月5日"
	},
	{
		"duration": 300,
		"size": "1M",
		"path": "http://media.haomuren.org/Devotion/Utmost/Oct/Dvo161006.mp3",
		"id": 6392000006,
		"albumId": 6392,
		"albumName": "《竭诚为主》冬季合集",
		"albumtitle": "《竭诚为主》冬季合集(6)",
		"title": "竭诚为主-10月6日"
	},
	{
		"duration": 300,
		"size": "1M",
		"path": "http://media.haomuren.org/Devotion/Utmost/Oct/Dvo161007.mp3",
		"id": 6392000007,
		"albumId": 6392,
		"albumName": "《竭诚为主》冬季合集",
		"albumtitle": "《竭诚为主》冬季合集(7)",
		"title": "竭诚为主-10月7日"
	},
	{
		"duration": 300,
		"size": "1M",
		"path": "http://media.haomuren.org/Devotion/Utmost/Oct/Dvo161008.mp3",
		"id": 6392000008,
		"albumId": 6392,
		"albumName": "《竭诚为主》冬季合集",
		"albumtitle": "《竭诚为主》冬季合集(8)",
		"title": "竭诚为主-10月8日"
	},
	{
		"duration": 300,
		"size": "1M",
		"path": "http://media.haomuren.org/Devotion/Utmost/Oct/Dvo161009.mp3",
		"id": 6392000009,
		"albumId": 6392,
		"albumName": "《竭诚为主》冬季合集",
		"albumtitle": "《竭诚为主》冬季合集(9)",
		"title": "竭诚为主-10月9日"
	},
	{
		"duration": 300,
		"size": "1M",
		"path": "http://media.haomuren.org/Devotion/Utmost/Oct/Dvo161010.mp3",
		"id": 6392000010,
		"albumId": 6392,
		"albumName": "《竭诚为主》冬季合集",
		"albumtitle": "《竭诚为主》冬季合集(10)",
		"title": "竭诚为主-10月10日"
	},
	{
		"duration": 300,
		"size": "1M",
		"path": "http://media.haomuren.org/Devotion/Utmost/Oct/Dvo161011.mp3",
		"id": 6392000011,
		"albumId": 6392,
		"albumName": "《竭诚为主》冬季合集",
		"albumtitle": "《竭诚为主》冬季合集(11)",
		"title": "竭诚为主-10月11日"
	},
	{
		"duration": 300,
		"size": "1M",
		"path": "http://media.haomuren.org/Devotion/Utmost/Oct/Dvo161012.mp3",
		"id": 6392000012,
		"albumId": 6392,
		"albumName": "《竭诚为主》冬季合集",
		"albumtitle": "《竭诚为主》冬季合集(12)",
		"title": "竭诚为主-10月12日"
	},
	{
		"duration": 300,
		"size": "1M",
		"path": "http://media.haomuren.org/Devotion/Utmost/Oct/Dvo161013.mp3",
		"id": 6392000013,
		"albumId": 6392,
		"albumName": "《竭诚为主》冬季合集",
		"albumtitle": "《竭诚为主》冬季合集(13)",
		"title": "竭诚为主-10月13日"
	},
	{
		"duration": 300,
		"size": "1M",
		"path": "http://media.haomuren.org/Devotion/Utmost/Oct/Dvo161014.mp3",
		"id": 6392000014,
		"albumId": 6392,
		"albumName": "《竭诚为主》冬季合集",
		"albumtitle": "《竭诚为主》冬季合集(14)",
		"title": "竭诚为主-10月14日"
	},
	{
		"duration": 300,
		"size": "1M",
		"path": "http://media.haomuren.org/Devotion/Utmost/Oct/Dvo161015.mp3",
		"id": 6392000015,
		"albumId": 6392,
		"albumName": "《竭诚为主》冬季合集",
		"albumtitle": "《竭诚为主》冬季合集(15)",
		"title": "竭诚为主-10月15日"
	},
	{
		"duration": 300,
		"size": "1M",
		"path": "http://media.haomuren.org/Devotion/Utmost/Oct/Dvo161016.mp3",
		"id": 6392000016,
		"albumId": 6392,
		"albumName": "《竭诚为主》冬季合集",
		"albumtitle": "《竭诚为主》冬季合集(16)",
		"title": "竭诚为主-10月16日"
	},
	{
		"duration": 300,
		"size": "1M",
		"path": "http://media.haomuren.org/Devotion/Utmost/Oct/Dvo161017.mp3",
		"id": 6392000017,
		"albumId": 6392,
		"albumName": "《竭诚为主》冬季合集",
		"albumtitle": "《竭诚为主》冬季合集(17)",
		"title": "竭诚为主-10月17日"
	},
	{
		"duration": 300,
		"size": "1M",
		"path": "http://media.haomuren.org/Devotion/Utmost/Oct/Dvo161018.mp3",
		"id": 6392000018,
		"albumId": 6392,
		"albumName": "《竭诚为主》冬季合集",
		"albumtitle": "《竭诚为主》冬季合集(18)",
		"title": "竭诚为主-10月18日"
	},
	{
		"duration": 300,
		"size": "1M",
		"path": "http://media.haomuren.org/Devotion/Utmost/Oct/Dvo161019.mp3",
		"id": 6392000019,
		"albumId": 6392,
		"albumName": "《竭诚为主》冬季合集",
		"albumtitle": "《竭诚为主》冬季合集(19)",
		"title": "竭诚为主-10月19日"
	},
	{
		"duration": 300,
		"size": "1M",
		"path": "http://media.haomuren.org/Devotion/Utmost/Oct/Dvo161020.mp3",
		"id": 6392000020,
		"albumId": 6392,
		"albumName": "《竭诚为主》冬季合集",
		"albumtitle": "《竭诚为主》冬季合集(20)",
		"title": "竭诚为主-10月20日"
	},
	{
		"duration": 300,
		"size": "1M",
		"path": "http://media.haomuren.org/Devotion/Utmost/Oct/Dvo161021.mp3",
		"id": 6392000021,
		"albumId": 6392,
		"albumName": "《竭诚为主》冬季合集",
		"albumtitle": "《竭诚为主》冬季合集(21)",
		"title": "竭诚为主-10月21日"
	},
	{
		"duration": 300,
		"size": "1M",
		"path": "http://media.haomuren.org/Devotion/Utmost/Oct/Dvo161022.mp3",
		"id": 6392000022,
		"albumId": 6392,
		"albumName": "《竭诚为主》冬季合集",
		"albumtitle": "《竭诚为主》冬季合集(22)",
		"title": "竭诚为主-10月22日"
	},
	{
		"duration": 300,
		"size": "1M",
		"path": "http://media.haomuren.org/Devotion/Utmost/Oct/Dvo161023.mp3",
		"id": 6392000023,
		"albumId": 6392,
		"albumName": "《竭诚为主》冬季合集",
		"albumtitle": "《竭诚为主》冬季合集(23)",
		"title": "竭诚为主-10月23日"
	},
	{
		"duration": 300,
		"size": "1M",
		"path": "http://media.haomuren.org/Devotion/Utmost/Oct/Dvo161024.mp3",
		"id": 6392000024,
		"albumId": 6392,
		"albumName": "《竭诚为主》冬季合集",
		"albumtitle": "《竭诚为主》冬季合集(24)",
		"title": "竭诚为主-10月24日"
	},
	{
		"duration": 300,
		"size": "1M",
		"path": "http://media.haomuren.org/Devotion/Utmost/Oct/Dvo161025.mp3",
		"id": 6392000025,
		"albumId": 6392,
		"albumName": "《竭诚为主》冬季合集",
		"albumtitle": "《竭诚为主》冬季合集(25)",
		"title": "竭诚为主-10月25日"
	},
	{
		"duration": 300,
		"size": "1M",
		"path": "http://media.haomuren.org/Devotion/Utmost/Oct/Dvo161026.mp3",
		"id": 6392000026,
		"albumId": 6392,
		"albumName": "《竭诚为主》冬季合集",
		"albumtitle": "《竭诚为主》冬季合集(26)",
		"title": "竭诚为主-10月26日"
	},
	{
		"duration": 300,
		"size": "1M",
		"path": "http://media.haomuren.org/Devotion/Utmost/Oct/Dvo161027.mp3",
		"id": 6392000027,
		"albumId": 6392,
		"albumName": "《竭诚为主》冬季合集",
		"albumtitle": "《竭诚为主》冬季合集(27)",
		"title": "竭诚为主-10月27日"
	},
	{
		"duration": 300,
		"size": "1M",
		"path": "http://media.haomuren.org/Devotion/Utmost/Oct/Dvo161028.mp3",
		"id": 6392000028,
		"albumId": 6392,
		"albumName": "《竭诚为主》冬季合集",
		"albumtitle": "《竭诚为主》冬季合集(28)",
		"title": "竭诚为主-10月28日"
	},
	{
		"duration": 300,
		"size": "1M",
		"path": "http://media.haomuren.org/Devotion/Utmost/Oct/Dvo161029.mp3",
		"id": 6392000029,
		"albumId": 6392,
		"albumName": "《竭诚为主》冬季合集",
		"albumtitle": "《竭诚为主》冬季合集(29)",
		"title": "竭诚为主-10月29日"
	},
	{
		"duration": 300,
		"size": "1M",
		"path": "http://media.haomuren.org/Devotion/Utmost/Oct/Dvo161030.mp3",
		"id": 6392000030,
		"albumId": 6392,
		"albumName": "《竭诚为主》冬季合集",
		"albumtitle": "《竭诚为主》冬季合集(30)",
		"title": "竭诚为主-10月30日"
	},
	{
		"duration": 300,
		"size": "1M",
		"path": "http://media.haomuren.org/Devotion/Utmost/Oct/Dvo161031.mp3",
		"id": 6392000031,
		"albumId": 6392,
		"albumName": "《竭诚为主》冬季合集",
		"albumtitle": "《竭诚为主》冬季合集(31)",
		"title": "竭诚为主-10月31日"
	},
	{
		"duration": 300,
		"size": "1M",
		"path": "http://media.haomuren.org/Devotion/Utmost/Nov/Dvo161101.mp3",
		"id": 6392000032,
		"albumId": 6392,
		"albumName": "《竭诚为主》冬季合集",
		"albumtitle": "《竭诚为主》冬季合集(32)",
		"title": "竭诚为主-11月1日"
	},
	{
		"duration": 300,
		"size": "1M",
		"path": "http://media.haomuren.org/Devotion/Utmost/Nov/Dvo161102.mp3",
		"id": 6392000033,
		"albumId": 6392,
		"albumName": "《竭诚为主》冬季合集",
		"albumtitle": "《竭诚为主》冬季合集(33)",
		"title": "竭诚为主-11月2日"
	},
	{
		"duration": 300,
		"size": "1M",
		"path": "http://media.haomuren.org/Devotion/Utmost/Nov/Dvo161103.mp3",
		"id": 6392000034,
		"albumId": 6392,
		"albumName": "《竭诚为主》冬季合集",
		"albumtitle": "《竭诚为主》冬季合集(34)",
		"title": "竭诚为主-11月3日"
	},
	{
		"duration": 300,
		"size": "1M",
		"path": "http://media.haomuren.org/Devotion/Utmost/Nov/Dvo161104.mp3",
		"id": 6392000035,
		"albumId": 6392,
		"albumName": "《竭诚为主》冬季合集",
		"albumtitle": "《竭诚为主》冬季合集(35)",
		"title": "竭诚为主-11月4日"
	},
	{
		"duration": 300,
		"size": "1M",
		"path": "http://media.haomuren.org/Devotion/Utmost/Nov/Dvo161105.mp3",
		"id": 6392000036,
		"albumId": 6392,
		"albumName": "《竭诚为主》冬季合集",
		"albumtitle": "《竭诚为主》冬季合集(36)",
		"title": "竭诚为主-11月5日"
	},
	{
		"duration": 300,
		"size": "1M",
		"path": "http://media.haomuren.org/Devotion/Utmost/Nov/Dvo161106.mp3",
		"id": 6392000037,
		"albumId": 6392,
		"albumName": "《竭诚为主》冬季合集",
		"albumtitle": "《竭诚为主》冬季合集(37)",
		"title": "竭诚为主-11月6日"
	},
	{
		"duration": 300,
		"size": "1M",
		"path": "http://media.haomuren.org/Devotion/Utmost/Nov/Dvo161107.mp3",
		"id": 6392000038,
		"albumId": 6392,
		"albumName": "《竭诚为主》冬季合集",
		"albumtitle": "《竭诚为主》冬季合集(38)",
		"title": "竭诚为主-11月7日"
	},
	{
		"duration": 300,
		"size": "1M",
		"path": "http://media.haomuren.org/Devotion/Utmost/Nov/Dvo161108.mp3",
		"id": 6392000039,
		"albumId": 6392,
		"albumName": "《竭诚为主》冬季合集",
		"albumtitle": "《竭诚为主》冬季合集(39)",
		"title": "竭诚为主-11月8日"
	},
	{
		"duration": 300,
		"size": "1M",
		"path": "http://media.haomuren.org/Devotion/Utmost/Nov/Dvo161109.mp3",
		"id": 6392000040,
		"albumId": 6392,
		"albumName": "《竭诚为主》冬季合集",
		"albumtitle": "《竭诚为主》冬季合集(40)",
		"title": "竭诚为主-11月9日"
	},
	{
		"duration": 300,
		"size": "1M",
		"path": "http://media.haomuren.org/Devotion/Utmost/Nov/Dvo161110.mp3",
		"id": 6392000041,
		"albumId": 6392,
		"albumName": "《竭诚为主》冬季合集",
		"albumtitle": "《竭诚为主》冬季合集(41)",
		"title": "竭诚为主-11月10日"
	},
	{
		"duration": 300,
		"size": "1M",
		"path": "http://media.haomuren.org/Devotion/Utmost/Nov/Dvo161111.mp3",
		"id": 6392000042,
		"albumId": 6392,
		"albumName": "《竭诚为主》冬季合集",
		"albumtitle": "《竭诚为主》冬季合集(42)",
		"title": "竭诚为主-11月11日"
	},
	{
		"duration": 300,
		"size": "1M",
		"path": "http://media.haomuren.org/Devotion/Utmost/Nov/Dvo161112.mp3",
		"id": 6392000043,
		"albumId": 6392,
		"albumName": "《竭诚为主》冬季合集",
		"albumtitle": "《竭诚为主》冬季合集(43)",
		"title": "竭诚为主-11月12日"
	},
	{
		"duration": 300,
		"size": "1M",
		"path": "http://media.haomuren.org/Devotion/Utmost/Nov/Dvo161113.mp3",
		"id": 6392000044,
		"albumId": 6392,
		"albumName": "《竭诚为主》冬季合集",
		"albumtitle": "《竭诚为主》冬季合集(44)",
		"title": "竭诚为主-11月13日"
	},
	{
		"duration": 300,
		"size": "1M",
		"path": "http://media.haomuren.org/Devotion/Utmost/Nov/Dvo161114.mp3",
		"id": 6392000045,
		"albumId": 6392,
		"albumName": "《竭诚为主》冬季合集",
		"albumtitle": "《竭诚为主》冬季合集(45)",
		"title": "竭诚为主-11月14日"
	},
	{
		"duration": 300,
		"size": "1M",
		"path": "http://media.haomuren.org/Devotion/Utmost/Nov/Dvo161115.mp3",
		"id": 6392000046,
		"albumId": 6392,
		"albumName": "《竭诚为主》冬季合集",
		"albumtitle": "《竭诚为主》冬季合集(46)",
		"title": "竭诚为主-11月15日"
	},
	{
		"duration": 300,
		"size": "1M",
		"path": "http://media.haomuren.org/Devotion/Utmost/Nov/Dvo161116.mp3",
		"id": 6392000047,
		"albumId": 6392,
		"albumName": "《竭诚为主》冬季合集",
		"albumtitle": "《竭诚为主》冬季合集(47)",
		"title": "竭诚为主-11月16日"
	},
	{
		"duration": 300,
		"size": "1M",
		"path": "http://media.haomuren.org/Devotion/Utmost/Nov/Dvo161117.mp3",
		"id": 6392000048,
		"albumId": 6392,
		"albumName": "《竭诚为主》冬季合集",
		"albumtitle": "《竭诚为主》冬季合集(48)",
		"title": "竭诚为主-11月17日"
	},
	{
		"duration": 300,
		"size": "1M",
		"path": "http://media.haomuren.org/Devotion/Utmost/Nov/Dvo161118.mp3",
		"id": 6392000049,
		"albumId": 6392,
		"albumName": "《竭诚为主》冬季合集",
		"albumtitle": "《竭诚为主》冬季合集(49)",
		"title": "竭诚为主-11月18日"
	},
	{
		"duration": 300,
		"size": "1M",
		"path": "http://media.haomuren.org/Devotion/Utmost/Nov/Dvo161119.mp3",
		"id": 6392000050,
		"albumId": 6392,
		"albumName": "《竭诚为主》冬季合集",
		"albumtitle": "《竭诚为主》冬季合集(50)",
		"title": "竭诚为主-11月19日"
	},
	{
		"duration": 300,
		"size": "1M",
		"path": "http://media.haomuren.org/Devotion/Utmost/Nov/Dvo161120.mp3",
		"id": 6392000051,
		"albumId": 6392,
		"albumName": "《竭诚为主》冬季合集",
		"albumtitle": "《竭诚为主》冬季合集(51)",
		"title": "竭诚为主-11月20日"
	},
	{
		"duration": 300,
		"size": "1M",
		"path": "http://media.haomuren.org/Devotion/Utmost/Nov/Dvo161121.mp3",
		"id": 6392000052,
		"albumId": 6392,
		"albumName": "《竭诚为主》冬季合集",
		"albumtitle": "《竭诚为主》冬季合集(52)",
		"title": "竭诚为主-11月21日"
	},
	{
		"duration": 300,
		"size": "1M",
		"path": "http://media.haomuren.org/Devotion/Utmost/Nov/Dvo161122.mp3",
		"id": 6392000053,
		"albumId": 6392,
		"albumName": "《竭诚为主》冬季合集",
		"albumtitle": "《竭诚为主》冬季合集(53)",
		"title": "竭诚为主-11月22日"
	},
	{
		"duration": 300,
		"size": "1M",
		"path": "http://media.haomuren.org/Devotion/Utmost/Nov/Dvo161123.mp3",
		"id": 6392000054,
		"albumId": 6392,
		"albumName": "《竭诚为主》冬季合集",
		"albumtitle": "《竭诚为主》冬季合集(54)",
		"title": "竭诚为主-11月23日"
	},
	{
		"duration": 300,
		"size": "1M",
		"path": "http://media.haomuren.org/Devotion/Utmost/Nov/Dvo161124.mp3",
		"id": 6392000055,
		"albumId": 6392,
		"albumName": "《竭诚为主》冬季合集",
		"albumtitle": "《竭诚为主》冬季合集(55)",
		"title": "竭诚为主-11月24日"
	},
	{
		"duration": 300,
		"size": "1M",
		"path": "http://media.haomuren.org/Devotion/Utmost/Nov/Dvo161125.mp3",
		"id": 6392000056,
		"albumId": 6392,
		"albumName": "《竭诚为主》冬季合集",
		"albumtitle": "《竭诚为主》冬季合集(56)",
		"title": "竭诚为主-11月25日"
	},
	{
		"duration": 300,
		"size": "1M",
		"path": "http://media.haomuren.org/Devotion/Utmost/Nov/Dvo161126.mp3",
		"id": 6392000057,
		"albumId": 6392,
		"albumName": "《竭诚为主》冬季合集",
		"albumtitle": "《竭诚为主》冬季合集(57)",
		"title": "竭诚为主-11月26日"
	},
	{
		"duration": 300,
		"size": "1M",
		"path": "http://media.haomuren.org/Devotion/Utmost/Nov/Dvo161127.mp3",
		"id": 6392000058,
		"albumId": 6392,
		"albumName": "《竭诚为主》冬季合集",
		"albumtitle": "《竭诚为主》冬季合集(58)",
		"title": "竭诚为主-11月27日"
	},
	{
		"duration": 300,
		"size": "1M",
		"path": "http://media.haomuren.org/Devotion/Utmost/Nov/Dvo161128.mp3",
		"id": 6392000059,
		"albumId": 6392,
		"albumName": "《竭诚为主》冬季合集",
		"albumtitle": "《竭诚为主》冬季合集(59)",
		"title": "竭诚为主-11月28日"
	},
	{
		"duration": 300,
		"size": "1M",
		"path": "http://media.haomuren.org/Devotion/Utmost/Nov/Dvo161129.mp3",
		"id": 6392000060,
		"albumId": 6392,
		"albumName": "《竭诚为主》冬季合集",
		"albumtitle": "《竭诚为主》冬季合集(60)",
		"title": "竭诚为主-11月29日"
	},
	{
		"duration": 300,
		"size": "1M",
		"path": "http://media.haomuren.org/Devotion/Utmost/Nov/Dvo161130.mp3",
		"id": 6392000061,
		"albumId": 6392,
		"albumName": "《竭诚为主》冬季合集",
		"albumtitle": "《竭诚为主》冬季合集(61)",
		"title": "竭诚为主-11月30日"
	},
	{
		"duration": 300,
		"size": "1M",
		"path": "http://media.haomuren.org/Devotion/Utmost/Dec/Dvo161201.mp3",
		"id": 6392000062,
		"albumId": 6392,
		"albumName": "《竭诚为主》冬季合集",
		"albumtitle": "《竭诚为主》冬季合集(62)",
		"title": "竭诚为主-12月1日"
	},
	{
		"duration": 300,
		"size": "1M",
		"path": "http://media.haomuren.org/Devotion/Utmost/Dec/Dvo161202.mp3",
		"id": 6392000063,
		"albumId": 6392,
		"albumName": "《竭诚为主》冬季合集",
		"albumtitle": "《竭诚为主》冬季合集(63)",
		"title": "竭诚为主-12月2日"
	},
	{
		"duration": 300,
		"size": "1M",
		"path": "http://media.haomuren.org/Devotion/Utmost/Dec/Dvo161203.mp3",
		"id": 6392000064,
		"albumId": 6392,
		"albumName": "《竭诚为主》冬季合集",
		"albumtitle": "《竭诚为主》冬季合集(64)",
		"title": "竭诚为主-12月3日"
	},
	{
		"duration": 300,
		"size": "1M",
		"path": "http://media.haomuren.org/Devotion/Utmost/Dec/Dvo161204.mp3",
		"id": 6392000065,
		"albumId": 6392,
		"albumName": "《竭诚为主》冬季合集",
		"albumtitle": "《竭诚为主》冬季合集(65)",
		"title": "竭诚为主-12月4日"
	},
	{
		"duration": 300,
		"size": "1M",
		"path": "http://media.haomuren.org/Devotion/Utmost/Dec/Dvo161205.mp3",
		"id": 6392000066,
		"albumId": 6392,
		"albumName": "《竭诚为主》冬季合集",
		"albumtitle": "《竭诚为主》冬季合集(66)",
		"title": "竭诚为主-12月5日"
	},
	{
		"duration": 300,
		"size": "1M",
		"path": "http://media.haomuren.org/Devotion/Utmost/Dec/Dvo161206.mp3",
		"id": 6392000067,
		"albumId": 6392,
		"albumName": "《竭诚为主》冬季合集",
		"albumtitle": "《竭诚为主》冬季合集(67)",
		"title": "竭诚为主-12月6日"
	},
	{
		"duration": 300,
		"size": "1M",
		"path": "http://media.haomuren.org/Devotion/Utmost/Dec/Dvo161207.mp3",
		"id": 6392000068,
		"albumId": 6392,
		"albumName": "《竭诚为主》冬季合集",
		"albumtitle": "《竭诚为主》冬季合集(68)",
		"title": "竭诚为主-12月7日"
	},
	{
		"duration": 300,
		"size": "1M",
		"path": "http://media.haomuren.org/Devotion/Utmost/Dec/Dvo161208.mp3",
		"id": 6392000069,
		"albumId": 6392,
		"albumName": "《竭诚为主》冬季合集",
		"albumtitle": "《竭诚为主》冬季合集(69)",
		"title": "竭诚为主-12月8日"
	},
	{
		"duration": 300,
		"size": "1M",
		"path": "http://media.haomuren.org/Devotion/Utmost/Dec/Dvo161209.mp3",
		"id": 6392000070,
		"albumId": 6392,
		"albumName": "《竭诚为主》冬季合集",
		"albumtitle": "《竭诚为主》冬季合集(70)",
		"title": "竭诚为主-12月9日"
	},
	{
		"duration": 300,
		"size": "1M",
		"path": "http://media.haomuren.org/Devotion/Utmost/Dec/Dvo161210.mp3",
		"id": 6392000071,
		"albumId": 6392,
		"albumName": "《竭诚为主》冬季合集",
		"albumtitle": "《竭诚为主》冬季合集(71)",
		"title": "竭诚为主-12月10日"
	},
	{
		"duration": 300,
		"size": "1M",
		"path": "http://media.haomuren.org/Devotion/Utmost/Dec/Dvo161211.mp3",
		"id": 6392000072,
		"albumId": 6392,
		"albumName": "《竭诚为主》冬季合集",
		"albumtitle": "《竭诚为主》冬季合集(72)",
		"title": "竭诚为主-12月11日"
	},
	{
		"duration": 300,
		"size": "1M",
		"path": "http://media.haomuren.org/Devotion/Utmost/Dec/Dvo161212.mp3",
		"id": 6392000073,
		"albumId": 6392,
		"albumName": "《竭诚为主》冬季合集",
		"albumtitle": "《竭诚为主》冬季合集(73)",
		"title": "竭诚为主-12月12日"
	},
	{
		"duration": 300,
		"size": "1M",
		"path": "http://media.haomuren.org/Devotion/Utmost/Dec/Dvo161213.mp3",
		"id": 6392000074,
		"albumId": 6392,
		"albumName": "《竭诚为主》冬季合集",
		"albumtitle": "《竭诚为主》冬季合集(74)",
		"title": "竭诚为主-12月13日"
	},
	{
		"duration": 300,
		"size": "1M",
		"path": "http://media.haomuren.org/Devotion/Utmost/Dec/Dvo161214.mp3",
		"id": 6392000075,
		"albumId": 6392,
		"albumName": "《竭诚为主》冬季合集",
		"albumtitle": "《竭诚为主》冬季合集(75)",
		"title": "竭诚为主-12月14日"
	},
	{
		"duration": 300,
		"size": "1M",
		"path": "http://media.haomuren.org/Devotion/Utmost/Dec/Dvo161215.mp3",
		"id": 6392000076,
		"albumId": 6392,
		"albumName": "《竭诚为主》冬季合集",
		"albumtitle": "《竭诚为主》冬季合集(76)",
		"title": "竭诚为主-12月15日"
	},
	{
		"duration": 300,
		"size": "1M",
		"path": "http://media.haomuren.org/Devotion/Utmost/Dec/Dvo161216.mp3",
		"id": 6392000077,
		"albumId": 6392,
		"albumName": "《竭诚为主》冬季合集",
		"albumtitle": "《竭诚为主》冬季合集(77)",
		"title": "竭诚为主-12月16日"
	},
	{
		"duration": 300,
		"size": "1M",
		"path": "http://media.haomuren.org/Devotion/Utmost/Dec/Dvo161217.mp3",
		"id": 6392000078,
		"albumId": 6392,
		"albumName": "《竭诚为主》冬季合集",
		"albumtitle": "《竭诚为主》冬季合集(78)",
		"title": "竭诚为主-12月17日"
	},
	{
		"duration": 300,
		"size": "1M",
		"path": "http://media.haomuren.org/Devotion/Utmost/Dec/Dvo161218.mp3",
		"id": 6392000079,
		"albumId": 6392,
		"albumName": "《竭诚为主》冬季合集",
		"albumtitle": "《竭诚为主》冬季合集(79)",
		"title": "竭诚为主-12月18日"
	},
	{
		"duration": 300,
		"size": "1M",
		"path": "http://media.haomuren.org/Devotion/Utmost/Dec/Dvo161219.mp3",
		"id": 6392000080,
		"albumId": 6392,
		"albumName": "《竭诚为主》冬季合集",
		"albumtitle": "《竭诚为主》冬季合集(80)",
		"title": "竭诚为主-12月19日"
	},
	{
		"duration": 300,
		"size": "1M",
		"path": "http://media.haomuren.org/Devotion/Utmost/Dec/Dvo161220.mp3",
		"id": 6392000081,
		"albumId": 6392,
		"albumName": "《竭诚为主》冬季合集",
		"albumtitle": "《竭诚为主》冬季合集(81)",
		"title": "竭诚为主-12月20日"
	},
	{
		"duration": 300,
		"size": "1M",
		"path": "http://media.haomuren.org/Devotion/Utmost/Dec/Dvo161221.mp3",
		"id": 6392000082,
		"albumId": 6392,
		"albumName": "《竭诚为主》冬季合集",
		"albumtitle": "《竭诚为主》冬季合集(82)",
		"title": "竭诚为主-12月21日"
	},
	{
		"duration": 300,
		"size": "1M",
		"path": "http://media.haomuren.org/Devotion/Utmost/Dec/Dvo161222.mp3",
		"id": 6392000083,
		"albumId": 6392,
		"albumName": "《竭诚为主》冬季合集",
		"albumtitle": "《竭诚为主》冬季合集(83)",
		"title": "竭诚为主-12月22日"
	},
	{
		"duration": 300,
		"size": "1M",
		"path": "http://media.haomuren.org/Devotion/Utmost/Dec/Dvo161223.mp3",
		"id": 6392000084,
		"albumId": 6392,
		"albumName": "《竭诚为主》冬季合集",
		"albumtitle": "《竭诚为主》冬季合集(84)",
		"title": "竭诚为主-12月23日"
	},
	{
		"duration": 300,
		"size": "1M",
		"path": "http://media.haomuren.org/Devotion/Utmost/Dec/Dvo161224.mp3",
		"id": 6392000085,
		"albumId": 6392,
		"albumName": "《竭诚为主》冬季合集",
		"albumtitle": "《竭诚为主》冬季合集(85)",
		"title": "竭诚为主-12月24日"
	},
	{
		"duration": 300,
		"size": "1M",
		"path": "http://media.haomuren.org/Devotion/Utmost/Dec/Dvo161225.mp3",
		"id": 6392000086,
		"albumId": 6392,
		"albumName": "《竭诚为主》冬季合集",
		"albumtitle": "《竭诚为主》冬季合集(86)",
		"title": "竭诚为主-12月25日"
	},
	{
		"duration": 300,
		"size": "1M",
		"path": "http://media.haomuren.org/Devotion/Utmost/Dec/Dvo161226.mp3",
		"id": 6392000087,
		"albumId": 6392,
		"albumName": "《竭诚为主》冬季合集",
		"albumtitle": "《竭诚为主》冬季合集(87)",
		"title": "竭诚为主-12月26日"
	},
	{
		"duration": 300,
		"size": "1M",
		"path": "http://media.haomuren.org/Devotion/Utmost/Dec/Dvo161227.mp3",
		"id": 6392000088,
		"albumId": 6392,
		"albumName": "《竭诚为主》冬季合集",
		"albumtitle": "《竭诚为主》冬季合集(88)",
		"title": "竭诚为主-12月27日"
	},
	{
		"duration": 300,
		"size": "1M",
		"path": "http://media.haomuren.org/Devotion/Utmost/Dec/Dvo161228.mp3",
		"id": 6392000089,
		"albumId": 6392,
		"albumName": "《竭诚为主》冬季合集",
		"albumtitle": "《竭诚为主》冬季合集(89)",
		"title": "竭诚为主-12月28日"
	},
	{
		"duration": 300,
		"size": "1M",
		"path": "http://media.haomuren.org/Devotion/Utmost/Dec/Dvo161229.mp3",
		"id": 6392000090,
		"albumId": 6392,
		"albumName": "《竭诚为主》冬季合集",
		"albumtitle": "《竭诚为主》冬季合集(90)",
		"title": "竭诚为主-12月29日"
	},
	{
		"duration": 300,
		"size": "1M",
		"path": "http://media.haomuren.org/Devotion/Utmost/Dec/Dvo161230.mp3",
		"id": 6392000091,
		"albumId": 6392,
		"albumName": "《竭诚为主》冬季合集",
		"albumtitle": "《竭诚为主》冬季合集(91)",
		"title": "竭诚为主-12月30日"
	},
	{
		"duration": 300,
		"size": "1M",
		"path": "http://media.haomuren.org/Devotion/Utmost/Dec/Dvo161231.mp3",
		"id": 6392000092,
		"albumId": 6392,
		"albumName": "《竭诚为主》冬季合集",
		"albumtitle": "《竭诚为主》冬季合集(92)",
		"title": "竭诚为主-12月31日"
	}
]