[
	{
		"duration": 300,
		"size": "1M",
		"path": "http://media.haomuren.org/Devotion/DayByDay/Jan/Dvo140101.mp3",
		"id": 6381000001,
		"albumId": 6381,
		"albumName": "《每日经历神》春季合集",
		"albumtitle": "《每日经历神》春季合集(1)",
		"title": "每日经历神-1月1日"
	},
	{
		"duration": 300,
		"size": "1M",
		"path": "http://media.haomuren.org/Devotion/DayByDay/Jan/Dvo140102.mp3",
		"id": 6381000002,
		"albumId": 6381,
		"albumName": "《每日经历神》春季合集",
		"albumtitle": "《每日经历神》春季合集(2)",
		"title": "每日经历神-1月2日"
	},
	{
		"duration": 300,
		"size": "1M",
		"path": "http://media.haomuren.org/Devotion/DayByDay/Jan/Dvo140103.mp3",
		"id": 6381000003,
		"albumId": 6381,
		"albumName": "《每日经历神》春季合集",
		"albumtitle": "《每日经历神》春季合集(3)",
		"title": "每日经历神-1月3日"
	},
	{
		"duration": 300,
		"size": "1M",
		"path": "http://media.haomuren.org/Devotion/DayByDay/Jan/Dvo140104.mp3",
		"id": 6381000004,
		"albumId": 6381,
		"albumName": "《每日经历神》春季合集",
		"albumtitle": "《每日经历神》春季合集(4)",
		"title": "每日经历神-1月4日"
	},
	{
		"duration": 300,
		"size": "1M",
		"path": "http://media.haomuren.org/Devotion/DayByDay/Jan/Dvo140105.mp3",
		"id": 6381000005,
		"albumId": 6381,
		"albumName": "《每日经历神》春季合集",
		"albumtitle": "《每日经历神》春季合集(5)",
		"title": "每日经历神-1月5日"
	},
	{
		"duration": 300,
		"size": "1M",
		"path": "http://media.haomuren.org/Devotion/DayByDay/Jan/Dvo140106.mp3",
		"id": 6381000006,
		"albumId": 6381,
		"albumName": "《每日经历神》春季合集",
		"albumtitle": "《每日经历神》春季合集(6)",
		"title": "每日经历神-1月6日"
	},
	{
		"duration": 300,
		"size": "1M",
		"path": "http://media.haomuren.org/Devotion/DayByDay/Jan/Dvo140107.mp3",
		"id": 6381000007,
		"albumId": 6381,
		"albumName": "《每日经历神》春季合集",
		"albumtitle": "《每日经历神》春季合集(7)",
		"title": "每日经历神-1月7日"
	},
	{
		"duration": 300,
		"size": "1M",
		"path": "http://media.haomuren.org/Devotion/DayByDay/Jan/Dvo140108.mp3",
		"id": 6381000008,
		"albumId": 6381,
		"albumName": "《每日经历神》春季合集",
		"albumtitle": "《每日经历神》春季合集(8)",
		"title": "每日经历神-1月8日"
	},
	{
		"duration": 300,
		"size": "1M",
		"path": "http://media.haomuren.org/Devotion/DayByDay/Jan/Dvo140109.mp3",
		"id": 6381000009,
		"albumId": 6381,
		"albumName": "《每日经历神》春季合集",
		"albumtitle": "《每日经历神》春季合集(9)",
		"title": "每日经历神-1月9日"
	},
	{
		"duration": 300,
		"size": "1M",
		"path": "http://media.haomuren.org/Devotion/DayByDay/Jan/Dvo140110.mp3",
		"id": 6381000010,
		"albumId": 6381,
		"albumName": "《每日经历神》春季合集",
		"albumtitle": "《每日经历神》春季合集(10)",
		"title": "每日经历神-1月10日"
	},
	{
		"duration": 300,
		"size": "1M",
		"path": "http://media.haomuren.org/Devotion/DayByDay/Jan/Dvo140111.mp3",
		"id": 6381000011,
		"albumId": 6381,
		"albumName": "《每日经历神》春季合集",
		"albumtitle": "《每日经历神》春季合集(11)",
		"title": "每日经历神-1月11日"
	},
	{
		"duration": 300,
		"size": "1M",
		"path": "http://media.haomuren.org/Devotion/DayByDay/Jan/Dvo140112.mp3",
		"id": 6381000012,
		"albumId": 6381,
		"albumName": "《每日经历神》春季合集",
		"albumtitle": "《每日经历神》春季合集(12)",
		"title": "每日经历神-1月12日"
	},
	{
		"duration": 300,
		"size": "1M",
		"path": "http://media.haomuren.org/Devotion/DayByDay/Jan/Dvo140113.mp3",
		"id": 6381000013,
		"albumId": 6381,
		"albumName": "《每日经历神》春季合集",
		"albumtitle": "《每日经历神》春季合集(13)",
		"title": "每日经历神-1月13日"
	},
	{
		"duration": 300,
		"size": "1M",
		"path": "http://media.haomuren.org/Devotion/DayByDay/Jan/Dvo140114.mp3",
		"id": 6381000014,
		"albumId": 6381,
		"albumName": "《每日经历神》春季合集",
		"albumtitle": "《每日经历神》春季合集(14)",
		"title": "每日经历神-1月14日"
	},
	{
		"duration": 300,
		"size": "1M",
		"path": "http://media.haomuren.org/Devotion/DayByDay/Jan/Dvo140115.mp3",
		"id": 6381000015,
		"albumId": 6381,
		"albumName": "《每日经历神》春季合集",
		"albumtitle": "《每日经历神》春季合集(15)",
		"title": "每日经历神-1月15日"
	},
	{
		"duration": 300,
		"size": "1M",
		"path": "http://media.haomuren.org/Devotion/DayByDay/Jan/Dvo140116.mp3",
		"id": 6381000016,
		"albumId": 6381,
		"albumName": "《每日经历神》春季合集",
		"albumtitle": "《每日经历神》春季合集(16)",
		"title": "每日经历神-1月16日"
	},
	{
		"duration": 300,
		"size": "1M",
		"path": "http://media.haomuren.org/Devotion/DayByDay/Jan/Dvo140117.mp3",
		"id": 6381000017,
		"albumId": 6381,
		"albumName": "《每日经历神》春季合集",
		"albumtitle": "《每日经历神》春季合集(17)",
		"title": "每日经历神-1月17日"
	},
	{
		"duration": 300,
		"size": "1M",
		"path": "http://media.haomuren.org/Devotion/DayByDay/Jan/Dvo140118.mp3",
		"id": 6381000018,
		"albumId": 6381,
		"albumName": "《每日经历神》春季合集",
		"albumtitle": "《每日经历神》春季合集(18)",
		"title": "每日经历神-1月18日"
	},
	{
		"duration": 300,
		"size": "1M",
		"path": "http://media.haomuren.org/Devotion/DayByDay/Jan/Dvo140119.mp3",
		"id": 6381000019,
		"albumId": 6381,
		"albumName": "《每日经历神》春季合集",
		"albumtitle": "《每日经历神》春季合集(19)",
		"title": "每日经历神-1月19日"
	},
	{
		"duration": 300,
		"size": "1M",
		"path": "http://media.haomuren.org/Devotion/DayByDay/Jan/Dvo140120.mp3",
		"id": 6381000020,
		"albumId": 6381,
		"albumName": "《每日经历神》春季合集",
		"albumtitle": "《每日经历神》春季合集(20)",
		"title": "每日经历神-1月20日"
	},
	{
		"duration": 300,
		"size": "1M",
		"path": "http://media.haomuren.org/Devotion/DayByDay/Jan/Dvo140121.mp3",
		"id": 6381000021,
		"albumId": 6381,
		"albumName": "《每日经历神》春季合集",
		"albumtitle": "《每日经历神》春季合集(21)",
		"title": "每日经历神-1月21日"
	},
	{
		"duration": 300,
		"size": "1M",
		"path": "http://media.haomuren.org/Devotion/DayByDay/Jan/Dvo140122.mp3",
		"id": 6381000022,
		"albumId": 6381,
		"albumName": "《每日经历神》春季合集",
		"albumtitle": "《每日经历神》春季合集(22)",
		"title": "每日经历神-1月22日"
	},
	{
		"duration": 300,
		"size": "1M",
		"path": "http://media.haomuren.org/Devotion/DayByDay/Jan/Dvo140123.mp3",
		"id": 6381000023,
		"albumId": 6381,
		"albumName": "《每日经历神》春季合集",
		"albumtitle": "《每日经历神》春季合集(23)",
		"title": "每日经历神-1月23日"
	},
	{
		"duration": 300,
		"size": "1M",
		"path": "http://media.haomuren.org/Devotion/DayByDay/Jan/Dvo140124.mp3",
		"id": 6381000024,
		"albumId": 6381,
		"albumName": "《每日经历神》春季合集",
		"albumtitle": "《每日经历神》春季合集(24)",
		"title": "每日经历神-1月24日"
	},
	{
		"duration": 300,
		"size": "1M",
		"path": "http://media.haomuren.org/Devotion/DayByDay/Jan/Dvo140125.mp3",
		"id": 6381000025,
		"albumId": 6381,
		"albumName": "《每日经历神》春季合集",
		"albumtitle": "《每日经历神》春季合集(25)",
		"title": "每日经历神-1月25日"
	},
	{
		"duration": 300,
		"size": "1M",
		"path": "http://media.haomuren.org/Devotion/DayByDay/Jan/Dvo140126.mp3",
		"id": 6381000026,
		"albumId": 6381,
		"albumName": "《每日经历神》春季合集",
		"albumtitle": "《每日经历神》春季合集(26)",
		"title": "每日经历神-1月26日"
	},
	{
		"duration": 300,
		"size": "1M",
		"path": "http://media.haomuren.org/Devotion/DayByDay/Jan/Dvo140127.mp3",
		"id": 6381000027,
		"albumId": 6381,
		"albumName": "《每日经历神》春季合集",
		"albumtitle": "《每日经历神》春季合集(27)",
		"title": "每日经历神-1月27日"
	},
	{
		"duration": 300,
		"size": "1M",
		"path": "http://media.haomuren.org/Devotion/DayByDay/Jan/Dvo140128.mp3",
		"id": 6381000028,
		"albumId": 6381,
		"albumName": "《每日经历神》春季合集",
		"albumtitle": "《每日经历神》春季合集(28)",
		"title": "每日经历神-1月28日"
	},
	{
		"duration": 300,
		"size": "1M",
		"path": "http://media.haomuren.org/Devotion/DayByDay/Jan/Dvo140129.mp3",
		"id": 6381000029,
		"albumId": 6381,
		"albumName": "《每日经历神》春季合集",
		"albumtitle": "《每日经历神》春季合集(29)",
		"title": "每日经历神-1月29日"
	},
	{
		"duration": 300,
		"size": "1M",
		"path": "http://media.haomuren.org/Devotion/DayByDay/Jan/Dvo140130.mp3",
		"id": 6381000030,
		"albumId": 6381,
		"albumName": "《每日经历神》春季合集",
		"albumtitle": "《每日经历神》春季合集(30)",
		"title": "每日经历神-1月30日"
	},
	{
		"duration": 300,
		"size": "1M",
		"path": "http://media.haomuren.org/Devotion/DayByDay/Jan/Dvo140131.mp3",
		"id": 6381000031,
		"albumId": 6381,
		"albumName": "《每日经历神》春季合集",
		"albumtitle": "《每日经历神》春季合集(31)",
		"title": "每日经历神-1月31日"
	},
	{
		"duration": 300,
		"size": "1M",
		"path": "http://media.haomuren.org/Devotion/DayByDay/Feb/Dvo140201.mp3",
		"id": 6381000032,
		"albumId": 6381,
		"albumName": "《每日经历神》春季合集",
		"albumtitle": "《每日经历神》春季合集(32)",
		"title": "每日经历神-2月1日"
	},
	{
		"duration": 300,
		"size": "1M",
		"path": "http://media.haomuren.org/Devotion/DayByDay/Feb/Dvo140202.mp3",
		"id": 6381000033,
		"albumId": 6381,
		"albumName": "《每日经历神》春季合集",
		"albumtitle": "《每日经历神》春季合集(33)",
		"title": "每日经历神-2月2日"
	},
	{
		"duration": 300,
		"size": "1M",
		"path": "http://media.haomuren.org/Devotion/DayByDay/Feb/Dvo140203.mp3",
		"id": 6381000034,
		"albumId": 6381,
		"albumName": "《每日经历神》春季合集",
		"albumtitle": "《每日经历神》春季合集(34)",
		"title": "每日经历神-2月3日"
	},
	{
		"duration": 300,
		"size": "1M",
		"path": "http://media.haomuren.org/Devotion/DayByDay/Feb/Dvo140204.mp3",
		"id": 6381000035,
		"albumId": 6381,
		"albumName": "《每日经历神》春季合集",
		"albumtitle": "《每日经历神》春季合集(35)",
		"title": "每日经历神-2月4日"
	},
	{
		"duration": 300,
		"size": "1M",
		"path": "http://media.haomuren.org/Devotion/DayByDay/Feb/Dvo140205.mp3",
		"id": 6381000036,
		"albumId": 6381,
		"albumName": "《每日经历神》春季合集",
		"albumtitle": "《每日经历神》春季合集(36)",
		"title": "每日经历神-2月5日"
	},
	{
		"duration": 300,
		"size": "1M",
		"path": "http://media.haomuren.org/Devotion/DayByDay/Feb/Dvo140206.mp3",
		"id": 6381000037,
		"albumId": 6381,
		"albumName": "《每日经历神》春季合集",
		"albumtitle": "《每日经历神》春季合集(37)",
		"title": "每日经历神-2月6日"
	},
	{
		"duration": 300,
		"size": "1M",
		"path": "http://media.haomuren.org/Devotion/DayByDay/Feb/Dvo140207.mp3",
		"id": 6381000038,
		"albumId": 6381,
		"albumName": "《每日经历神》春季合集",
		"albumtitle": "《每日经历神》春季合集(38)",
		"title": "每日经历神-2月7日"
	},
	{
		"duration": 300,
		"size": "1M",
		"path": "http://media.haomuren.org/Devotion/DayByDay/Feb/Dvo140208.mp3",
		"id": 6381000039,
		"albumId": 6381,
		"albumName": "《每日经历神》春季合集",
		"albumtitle": "《每日经历神》春季合集(39)",
		"title": "每日经历神-2月8日"
	},
	{
		"duration": 300,
		"size": "1M",
		"path": "http://media.haomuren.org/Devotion/DayByDay/Feb/Dvo140209.mp3",
		"id": 6381000040,
		"albumId": 6381,
		"albumName": "《每日经历神》春季合集",
		"albumtitle": "《每日经历神》春季合集(40)",
		"title": "每日经历神-2月9日"
	},
	{
		"duration": 300,
		"size": "1M",
		"path": "http://media.haomuren.org/Devotion/DayByDay/Feb/Dvo140210.mp3",
		"id": 6381000041,
		"albumId": 6381,
		"albumName": "《每日经历神》春季合集",
		"albumtitle": "《每日经历神》春季合集(41)",
		"title": "每日经历神-2月10日"
	},
	{
		"duration": 300,
		"size": "1M",
		"path": "http://media.haomuren.org/Devotion/DayByDay/Feb/Dvo140211.mp3",
		"id": 6381000042,
		"albumId": 6381,
		"albumName": "《每日经历神》春季合集",
		"albumtitle": "《每日经历神》春季合集(42)",
		"title": "每日经历神-2月11日"
	},
	{
		"duration": 300,
		"size": "1M",
		"path": "http://media.haomuren.org/Devotion/DayByDay/Feb/Dvo140212.mp3",
		"id": 6381000043,
		"albumId": 6381,
		"albumName": "《每日经历神》春季合集",
		"albumtitle": "《每日经历神》春季合集(43)",
		"title": "每日经历神-2月12日"
	},
	{
		"duration": 300,
		"size": "1M",
		"path": "http://media.haomuren.org/Devotion/DayByDay/Feb/Dvo140213.mp3",
		"id": 6381000044,
		"albumId": 6381,
		"albumName": "《每日经历神》春季合集",
		"albumtitle": "《每日经历神》春季合集(44)",
		"title": "每日经历神-2月13日"
	},
	{
		"duration": 300,
		"size": "1M",
		"path": "http://media.haomuren.org/Devotion/DayByDay/Feb/Dvo140214.mp3",
		"id": 6381000045,
		"albumId": 6381,
		"albumName": "《每日经历神》春季合集",
		"albumtitle": "《每日经历神》春季合集(45)",
		"title": "每日经历神-2月14日"
	},
	{
		"duration": 300,
		"size": "1M",
		"path": "http://media.haomuren.org/Devotion/DayByDay/Feb/Dvo140215.mp3",
		"id": 6381000046,
		"albumId": 6381,
		"albumName": "《每日经历神》春季合集",
		"albumtitle": "《每日经历神》春季合集(46)",
		"title": "每日经历神-2月15日"
	},
	{
		"duration": 300,
		"size": "1M",
		"path": "http://media.haomuren.org/Devotion/DayByDay/Feb/Dvo140216.mp3",
		"id": 6381000047,
		"albumId": 6381,
		"albumName": "《每日经历神》春季合集",
		"albumtitle": "《每日经历神》春季合集(47)",
		"title": "每日经历神-2月16日"
	},
	{
		"duration": 300,
		"size": "1M",
		"path": "http://media.haomuren.org/Devotion/DayByDay/Feb/Dvo140217.mp3",
		"id": 6381000048,
		"albumId": 6381,
		"albumName": "《每日经历神》春季合集",
		"albumtitle": "《每日经历神》春季合集(48)",
		"title": "每日经历神-2月17日"
	},
	{
		"duration": 300,
		"size": "1M",
		"path": "http://media.haomuren.org/Devotion/DayByDay/Feb/Dvo140218.mp3",
		"id": 6381000049,
		"albumId": 6381,
		"albumName": "《每日经历神》春季合集",
		"albumtitle": "《每日经历神》春季合集(49)",
		"title": "每日经历神-2月18日"
	},
	{
		"duration": 300,
		"size": "1M",
		"path": "http://media.haomuren.org/Devotion/DayByDay/Feb/Dvo140219.mp3",
		"id": 6381000050,
		"albumId": 6381,
		"albumName": "《每日经历神》春季合集",
		"albumtitle": "《每日经历神》春季合集(50)",
		"title": "每日经历神-2月19日"
	},
	{
		"duration": 300,
		"size": "1M",
		"path": "http://media.haomuren.org/Devotion/DayByDay/Feb/Dvo140220.mp3",
		"id": 6381000051,
		"albumId": 6381,
		"albumName": "《每日经历神》春季合集",
		"albumtitle": "《每日经历神》春季合集(51)",
		"title": "每日经历神-2月20日"
	},
	{
		"duration": 300,
		"size": "1M",
		"path": "http://media.haomuren.org/Devotion/DayByDay/Feb/Dvo140221.mp3",
		"id": 6381000052,
		"albumId": 6381,
		"albumName": "《每日经历神》春季合集",
		"albumtitle": "《每日经历神》春季合集(52)",
		"title": "每日经历神-2月21日"
	},
	{
		"duration": 300,
		"size": "1M",
		"path": "http://media.haomuren.org/Devotion/DayByDay/Feb/Dvo140222.mp3",
		"id": 6381000053,
		"albumId": 6381,
		"albumName": "《每日经历神》春季合集",
		"albumtitle": "《每日经历神》春季合集(53)",
		"title": "每日经历神-2月22日"
	},
	{
		"duration": 300,
		"size": "1M",
		"path": "http://media.haomuren.org/Devotion/DayByDay/Feb/Dvo140223.mp3",
		"id": 6381000054,
		"albumId": 6381,
		"albumName": "《每日经历神》春季合集",
		"albumtitle": "《每日经历神》春季合集(54)",
		"title": "每日经历神-2月23日"
	},
	{
		"duration": 300,
		"size": "1M",
		"path": "http://media.haomuren.org/Devotion/DayByDay/Feb/Dvo140224.mp3",
		"id": 6381000055,
		"albumId": 6381,
		"albumName": "《每日经历神》春季合集",
		"albumtitle": "《每日经历神》春季合集(55)",
		"title": "每日经历神-2月24日"
	},
	{
		"duration": 300,
		"size": "1M",
		"path": "http://media.haomuren.org/Devotion/DayByDay/Feb/Dvo140225.mp3",
		"id": 6381000056,
		"albumId": 6381,
		"albumName": "《每日经历神》春季合集",
		"albumtitle": "《每日经历神》春季合集(56)",
		"title": "每日经历神-2月25日"
	},
	{
		"duration": 300,
		"size": "1M",
		"path": "http://media.haomuren.org/Devotion/DayByDay/Feb/Dvo140226.mp3",
		"id": 6381000057,
		"albumId": 6381,
		"albumName": "《每日经历神》春季合集",
		"albumtitle": "《每日经历神》春季合集(57)",
		"title": "每日经历神-2月26日"
	},
	{
		"duration": 300,
		"size": "1M",
		"path": "http://media.haomuren.org/Devotion/DayByDay/Feb/Dvo140227.mp3",
		"id": 6381000058,
		"albumId": 6381,
		"albumName": "《每日经历神》春季合集",
		"albumtitle": "《每日经历神》春季合集(58)",
		"title": "每日经历神-2月27日"
	},
	{
		"duration": 300,
		"size": "1M",
		"path": "http://media.haomuren.org/Devotion/DayByDay/Feb/Dvo140228.mp3",
		"id": 6381000059,
		"albumId": 6381,
		"albumName": "《每日经历神》春季合集",
		"albumtitle": "《每日经历神》春季合集(59)",
		"title": "每日经历神-2月28日"
	},
	{
		"duration": 300,
		"size": "1M",
		"path": "http://media.haomuren.org/Devotion/DayByDay/Mar/Dvo140301.mp3",
		"id": 6381000060,
		"albumId": 6381,
		"albumName": "《每日经历神》春季合集",
		"albumtitle": "《每日经历神》春季合集(60)",
		"title": "每日经历神-3月1日"
	},
	{
		"duration": 300,
		"size": "1M",
		"path": "http://media.haomuren.org/Devotion/DayByDay/Mar/Dvo140302.mp3",
		"id": 6381000061,
		"albumId": 6381,
		"albumName": "《每日经历神》春季合集",
		"albumtitle": "《每日经历神》春季合集(61)",
		"title": "每日经历神-3月2日"
	},
	{
		"duration": 300,
		"size": "1M",
		"path": "http://media.haomuren.org/Devotion/DayByDay/Mar/Dvo140303.mp3",
		"id": 6381000062,
		"albumId": 6381,
		"albumName": "《每日经历神》春季合集",
		"albumtitle": "《每日经历神》春季合集(62)",
		"title": "每日经历神-3月3日"
	},
	{
		"duration": 300,
		"size": "1M",
		"path": "http://media.haomuren.org/Devotion/DayByDay/Mar/Dvo140304.mp3",
		"id": 6381000063,
		"albumId": 6381,
		"albumName": "《每日经历神》春季合集",
		"albumtitle": "《每日经历神》春季合集(63)",
		"title": "每日经历神-3月4日"
	},
	{
		"duration": 300,
		"size": "1M",
		"path": "http://media.haomuren.org/Devotion/DayByDay/Mar/Dvo140305.mp3",
		"id": 6381000064,
		"albumId": 6381,
		"albumName": "《每日经历神》春季合集",
		"albumtitle": "《每日经历神》春季合集(64)",
		"title": "每日经历神-3月5日"
	},
	{
		"duration": 300,
		"size": "1M",
		"path": "http://media.haomuren.org/Devotion/DayByDay/Mar/Dvo140306.mp3",
		"id": 6381000065,
		"albumId": 6381,
		"albumName": "《每日经历神》春季合集",
		"albumtitle": "《每日经历神》春季合集(65)",
		"title": "每日经历神-3月6日"
	},
	{
		"duration": 300,
		"size": "1M",
		"path": "http://media.haomuren.org/Devotion/DayByDay/Mar/Dvo140307.mp3",
		"id": 6381000066,
		"albumId": 6381,
		"albumName": "《每日经历神》春季合集",
		"albumtitle": "《每日经历神》春季合集(66)",
		"title": "每日经历神-3月7日"
	},
	{
		"duration": 300,
		"size": "1M",
		"path": "http://media.haomuren.org/Devotion/DayByDay/Mar/Dvo140308.mp3",
		"id": 6381000067,
		"albumId": 6381,
		"albumName": "《每日经历神》春季合集",
		"albumtitle": "《每日经历神》春季合集(67)",
		"title": "每日经历神-3月8日"
	},
	{
		"duration": 300,
		"size": "1M",
		"path": "http://media.haomuren.org/Devotion/DayByDay/Mar/Dvo140309.mp3",
		"id": 6381000068,
		"albumId": 6381,
		"albumName": "《每日经历神》春季合集",
		"albumtitle": "《每日经历神》春季合集(68)",
		"title": "每日经历神-3月9日"
	},
	{
		"duration": 300,
		"size": "1M",
		"path": "http://media.haomuren.org/Devotion/DayByDay/Mar/Dvo140310.mp3",
		"id": 6381000069,
		"albumId": 6381,
		"albumName": "《每日经历神》春季合集",
		"albumtitle": "《每日经历神》春季合集(69)",
		"title": "每日经历神-3月10日"
	},
	{
		"duration": 300,
		"size": "1M",
		"path": "http://media.haomuren.org/Devotion/DayByDay/Mar/Dvo140311.mp3",
		"id": 6381000070,
		"albumId": 6381,
		"albumName": "《每日经历神》春季合集",
		"albumtitle": "《每日经历神》春季合集(70)",
		"title": "每日经历神-3月11日"
	},
	{
		"duration": 300,
		"size": "1M",
		"path": "http://media.haomuren.org/Devotion/DayByDay/Mar/Dvo140312.mp3",
		"id": 6381000071,
		"albumId": 6381,
		"albumName": "《每日经历神》春季合集",
		"albumtitle": "《每日经历神》春季合集(71)",
		"title": "每日经历神-3月12日"
	},
	{
		"duration": 300,
		"size": "1M",
		"path": "http://media.haomuren.org/Devotion/DayByDay/Mar/Dvo140313.mp3",
		"id": 6381000072,
		"albumId": 6381,
		"albumName": "《每日经历神》春季合集",
		"albumtitle": "《每日经历神》春季合集(72)",
		"title": "每日经历神-3月13日"
	},
	{
		"duration": 300,
		"size": "1M",
		"path": "http://media.haomuren.org/Devotion/DayByDay/Mar/Dvo140314.mp3",
		"id": 6381000073,
		"albumId": 6381,
		"albumName": "《每日经历神》春季合集",
		"albumtitle": "《每日经历神》春季合集(73)",
		"title": "每日经历神-3月14日"
	},
	{
		"duration": 300,
		"size": "1M",
		"path": "http://media.haomuren.org/Devotion/DayByDay/Mar/Dvo140315.mp3",
		"id": 6381000074,
		"albumId": 6381,
		"albumName": "《每日经历神》春季合集",
		"albumtitle": "《每日经历神》春季合集(74)",
		"title": "每日经历神-3月15日"
	},
	{
		"duration": 300,
		"size": "1M",
		"path": "http://media.haomuren.org/Devotion/DayByDay/Mar/Dvo140316.mp3",
		"id": 6381000075,
		"albumId": 6381,
		"albumName": "《每日经历神》春季合集",
		"albumtitle": "《每日经历神》春季合集(75)",
		"title": "每日经历神-3月16日"
	},
	{
		"duration": 300,
		"size": "1M",
		"path": "http://media.haomuren.org/Devotion/DayByDay/Mar/Dvo140317.mp3",
		"id": 6381000076,
		"albumId": 6381,
		"albumName": "《每日经历神》春季合集",
		"albumtitle": "《每日经历神》春季合集(76)",
		"title": "每日经历神-3月17日"
	},
	{
		"duration": 300,
		"size": "1M",
		"path": "http://media.haomuren.org/Devotion/DayByDay/Mar/Dvo140318.mp3",
		"id": 6381000077,
		"albumId": 6381,
		"albumName": "《每日经历神》春季合集",
		"albumtitle": "《每日经历神》春季合集(77)",
		"title": "每日经历神-3月18日"
	},
	{
		"duration": 300,
		"size": "1M",
		"path": "http://media.haomuren.org/Devotion/DayByDay/Mar/Dvo140319.mp3",
		"id": 6381000078,
		"albumId": 6381,
		"albumName": "《每日经历神》春季合集",
		"albumtitle": "《每日经历神》春季合集(78)",
		"title": "每日经历神-3月19日"
	},
	{
		"duration": 300,
		"size": "1M",
		"path": "http://media.haomuren.org/Devotion/DayByDay/Mar/Dvo140320.mp3",
		"id": 6381000079,
		"albumId": 6381,
		"albumName": "《每日经历神》春季合集",
		"albumtitle": "《每日经历神》春季合集(79)",
		"title": "每日经历神-3月20日"
	},
	{
		"duration": 300,
		"size": "1M",
		"path": "http://media.haomuren.org/Devotion/DayByDay/Mar/Dvo140321.mp3",
		"id": 6381000080,
		"albumId": 6381,
		"albumName": "《每日经历神》春季合集",
		"albumtitle": "《每日经历神》春季合集(80)",
		"title": "每日经历神-3月21日"
	},
	{
		"duration": 300,
		"size": "1M",
		"path": "http://media.haomuren.org/Devotion/DayByDay/Mar/Dvo140322.mp3",
		"id": 6381000081,
		"albumId": 6381,
		"albumName": "《每日经历神》春季合集",
		"albumtitle": "《每日经历神》春季合集(81)",
		"title": "每日经历神-3月22日"
	},
	{
		"duration": 300,
		"size": "1M",
		"path": "http://media.haomuren.org/Devotion/DayByDay/Mar/Dvo140323.mp3",
		"id": 6381000082,
		"albumId": 6381,
		"albumName": "《每日经历神》春季合集",
		"albumtitle": "《每日经历神》春季合集(82)",
		"title": "每日经历神-3月23日"
	},
	{
		"duration": 300,
		"size": "1M",
		"path": "http://media.haomuren.org/Devotion/DayByDay/Mar/Dvo140324.mp3",
		"id": 6381000083,
		"albumId": 6381,
		"albumName": "《每日经历神》春季合集",
		"albumtitle": "《每日经历神》春季合集(83)",
		"title": "每日经历神-3月24日"
	},
	{
		"duration": 300,
		"size": "1M",
		"path": "http://media.haomuren.org/Devotion/DayByDay/Mar/Dvo140325.mp3",
		"id": 6381000084,
		"albumId": 6381,
		"albumName": "《每日经历神》春季合集",
		"albumtitle": "《每日经历神》春季合集(84)",
		"title": "每日经历神-3月25日"
	},
	{
		"duration": 300,
		"size": "1M",
		"path": "http://media.haomuren.org/Devotion/DayByDay/Mar/Dvo140326.mp3",
		"id": 6381000085,
		"albumId": 6381,
		"albumName": "《每日经历神》春季合集",
		"albumtitle": "《每日经历神》春季合集(85)",
		"title": "每日经历神-3月26日"
	},
	{
		"duration": 300,
		"size": "1M",
		"path": "http://media.haomuren.org/Devotion/DayByDay/Mar/Dvo140327.mp3",
		"id": 6381000086,
		"albumId": 6381,
		"albumName": "《每日经历神》春季合集",
		"albumtitle": "《每日经历神》春季合集(86)",
		"title": "每日经历神-3月27日"
	},
	{
		"duration": 300,
		"size": "1M",
		"path": "http://media.haomuren.org/Devotion/DayByDay/Mar/Dvo140328.mp3",
		"id": 6381000087,
		"albumId": 6381,
		"albumName": "《每日经历神》春季合集",
		"albumtitle": "《每日经历神》春季合集(87)",
		"title": "每日经历神-3月28日"
	},
	{
		"duration": 300,
		"size": "1M",
		"path": "http://media.haomuren.org/Devotion/DayByDay/Mar/Dvo140329.mp3",
		"id": 6381000088,
		"albumId": 6381,
		"albumName": "《每日经历神》春季合集",
		"albumtitle": "《每日经历神》春季合集(88)",
		"title": "每日经历神-3月29日"
	},
	{
		"duration": 300,
		"size": "1M",
		"path": "http://media.haomuren.org/Devotion/DayByDay/Mar/Dvo140330.mp3",
		"id": 6381000089,
		"albumId": 6381,
		"albumName": "《每日经历神》春季合集",
		"albumtitle": "《每日经历神》春季合集(89)",
		"title": "每日经历神-3月30日"
	},
	{
		"duration": 300,
		"size": "1M",
		"path": "http://media.haomuren.org/Devotion/DayByDay/Mar/Dvo140331.mp3",
		"id": 6381000090,
		"albumId": 6381,
		"albumName": "《每日经历神》春季合集",
		"albumtitle": "《每日经历神》春季合集(90)",
		"title": "每日经历神-3月31日"
	}
]