[
	{
		"duration": 300,
		"size": "1M",
		"path": "http://media.haomuren.org/dev/lv/lv0701.mp3",
		"id": 6359000001,
		"albumId": 6359,
		"albumName": "《活水》秋季合集",
		"albumtitle": "《活水》秋季合集(1)",
		"title": "活水-7月1日"
	},
	{
		"duration": 300,
		"size": "1M",
		"path": "http://media.haomuren.org/dev/lv/lv0702.mp3",
		"id": 6359000002,
		"albumId": 6359,
		"albumName": "《活水》秋季合集",
		"albumtitle": "《活水》秋季合集(2)",
		"title": "活水-7月2日"
	},
	{
		"duration": 300,
		"size": "1M",
		"path": "http://media.haomuren.org/dev/lv/lv0703.mp3",
		"id": 6359000003,
		"albumId": 6359,
		"albumName": "《活水》秋季合集",
		"albumtitle": "《活水》秋季合集(3)",
		"title": "活水-7月3日"
	},
	{
		"duration": 300,
		"size": "1M",
		"path": "http://media.haomuren.org/dev/lv/lv0704.mp3",
		"id": 6359000004,
		"albumId": 6359,
		"albumName": "《活水》秋季合集",
		"albumtitle": "《活水》秋季合集(4)",
		"title": "活水-7月4日"
	},
	{
		"duration": 300,
		"size": "1M",
		"path": "http://media.haomuren.org/dev/lv/lv0705.mp3",
		"id": 6359000005,
		"albumId": 6359,
		"albumName": "《活水》秋季合集",
		"albumtitle": "《活水》秋季合集(5)",
		"title": "活水-7月5日"
	},
	{
		"duration": 300,
		"size": "1M",
		"path": "http://media.haomuren.org/dev/lv/lv0706.mp3",
		"id": 6359000006,
		"albumId": 6359,
		"albumName": "《活水》秋季合集",
		"albumtitle": "《活水》秋季合集(6)",
		"title": "活水-7月6日"
	},
	{
		"duration": 300,
		"size": "1M",
		"path": "http://media.haomuren.org/dev/lv/lv0707.mp3",
		"id": 6359000007,
		"albumId": 6359,
		"albumName": "《活水》秋季合集",
		"albumtitle": "《活水》秋季合集(7)",
		"title": "活水-7月7日"
	},
	{
		"duration": 300,
		"size": "1M",
		"path": "http://media.haomuren.org/dev/lv/lv0708.mp3",
		"id": 6359000008,
		"albumId": 6359,
		"albumName": "《活水》秋季合集",
		"albumtitle": "《活水》秋季合集(8)",
		"title": "活水-7月8日"
	},
	{
		"duration": 300,
		"size": "1M",
		"path": "http://media.haomuren.org/dev/lv/lv0709.mp3",
		"id": 6359000009,
		"albumId": 6359,
		"albumName": "《活水》秋季合集",
		"albumtitle": "《活水》秋季合集(9)",
		"title": "活水-7月9日"
	},
	{
		"duration": 300,
		"size": "1M",
		"path": "http://media.haomuren.org/dev/lv/lv0710.mp3",
		"id": 6359000010,
		"albumId": 6359,
		"albumName": "《活水》秋季合集",
		"albumtitle": "《活水》秋季合集(10)",
		"title": "活水-7月10日"
	},
	{
		"duration": 300,
		"size": "1M",
		"path": "http://media.haomuren.org/dev/lv/lv0711.mp3",
		"id": 6359000011,
		"albumId": 6359,
		"albumName": "《活水》秋季合集",
		"albumtitle": "《活水》秋季合集(11)",
		"title": "活水-7月11日"
	},
	{
		"duration": 300,
		"size": "1M",
		"path": "http://media.haomuren.org/dev/lv/lv0712.mp3",
		"id": 6359000012,
		"albumId": 6359,
		"albumName": "《活水》秋季合集",
		"albumtitle": "《活水》秋季合集(12)",
		"title": "活水-7月12日"
	},
	{
		"duration": 300,
		"size": "1M",
		"path": "http://media.haomuren.org/dev/lv/lv0713.mp3",
		"id": 6359000013,
		"albumId": 6359,
		"albumName": "《活水》秋季合集",
		"albumtitle": "《活水》秋季合集(13)",
		"title": "活水-7月13日"
	},
	{
		"duration": 300,
		"size": "1M",
		"path": "http://media.haomuren.org/dev/lv/lv0714.mp3",
		"id": 6359000014,
		"albumId": 6359,
		"albumName": "《活水》秋季合集",
		"albumtitle": "《活水》秋季合集(14)",
		"title": "活水-7月14日"
	},
	{
		"duration": 300,
		"size": "1M",
		"path": "http://media.haomuren.org/dev/lv/lv0715.mp3",
		"id": 6359000015,
		"albumId": 6359,
		"albumName": "《活水》秋季合集",
		"albumtitle": "《活水》秋季合集(15)",
		"title": "活水-7月15日"
	},
	{
		"duration": 300,
		"size": "1M",
		"path": "http://media.haomuren.org/dev/lv/lv0716.mp3",
		"id": 6359000016,
		"albumId": 6359,
		"albumName": "《活水》秋季合集",
		"albumtitle": "《活水》秋季合集(16)",
		"title": "活水-7月16日"
	},
	{
		"duration": 300,
		"size": "1M",
		"path": "http://media.haomuren.org/dev/lv/lv0717.mp3",
		"id": 6359000017,
		"albumId": 6359,
		"albumName": "《活水》秋季合集",
		"albumtitle": "《活水》秋季合集(17)",
		"title": "活水-7月17日"
	},
	{
		"duration": 300,
		"size": "1M",
		"path": "http://media.haomuren.org/dev/lv/lv0718.mp3",
		"id": 6359000018,
		"albumId": 6359,
		"albumName": "《活水》秋季合集",
		"albumtitle": "《活水》秋季合集(18)",
		"title": "活水-7月18日"
	},
	{
		"duration": 300,
		"size": "1M",
		"path": "http://media.haomuren.org/dev/lv/lv0719.mp3",
		"id": 6359000019,
		"albumId": 6359,
		"albumName": "《活水》秋季合集",
		"albumtitle": "《活水》秋季合集(19)",
		"title": "活水-7月19日"
	},
	{
		"duration": 300,
		"size": "1M",
		"path": "http://media.haomuren.org/dev/lv/lv0720.mp3",
		"id": 6359000020,
		"albumId": 6359,
		"albumName": "《活水》秋季合集",
		"albumtitle": "《活水》秋季合集(20)",
		"title": "活水-7月20日"
	},
	{
		"duration": 300,
		"size": "1M",
		"path": "http://media.haomuren.org/dev/lv/lv0721.mp3",
		"id": 6359000021,
		"albumId": 6359,
		"albumName": "《活水》秋季合集",
		"albumtitle": "《活水》秋季合集(21)",
		"title": "活水-7月21日"
	},
	{
		"duration": 300,
		"size": "1M",
		"path": "http://media.haomuren.org/dev/lv/lv0722.mp3",
		"id": 6359000022,
		"albumId": 6359,
		"albumName": "《活水》秋季合集",
		"albumtitle": "《活水》秋季合集(22)",
		"title": "活水-7月22日"
	},
	{
		"duration": 300,
		"size": "1M",
		"path": "http://media.haomuren.org/dev/lv/lv0723.mp3",
		"id": 6359000023,
		"albumId": 6359,
		"albumName": "《活水》秋季合集",
		"albumtitle": "《活水》秋季合集(23)",
		"title": "活水-7月23日"
	},
	{
		"duration": 300,
		"size": "1M",
		"path": "http://media.haomuren.org/dev/lv/lv0724.mp3",
		"id": 6359000024,
		"albumId": 6359,
		"albumName": "《活水》秋季合集",
		"albumtitle": "《活水》秋季合集(24)",
		"title": "活水-7月24日"
	},
	{
		"duration": 300,
		"size": "1M",
		"path": "http://media.haomuren.org/dev/lv/lv0725.mp3",
		"id": 6359000025,
		"albumId": 6359,
		"albumName": "《活水》秋季合集",
		"albumtitle": "《活水》秋季合集(25)",
		"title": "活水-7月25日"
	},
	{
		"duration": 300,
		"size": "1M",
		"path": "http://media.haomuren.org/dev/lv/lv0726.mp3",
		"id": 6359000026,
		"albumId": 6359,
		"albumName": "《活水》秋季合集",
		"albumtitle": "《活水》秋季合集(26)",
		"title": "活水-7月26日"
	},
	{
		"duration": 300,
		"size": "1M",
		"path": "http://media.haomuren.org/dev/lv/lv0727.mp3",
		"id": 6359000027,
		"albumId": 6359,
		"albumName": "《活水》秋季合集",
		"albumtitle": "《活水》秋季合集(27)",
		"title": "活水-7月27日"
	},
	{
		"duration": 300,
		"size": "1M",
		"path": "http://media.haomuren.org/dev/lv/lv0728.mp3",
		"id": 6359000028,
		"albumId": 6359,
		"albumName": "《活水》秋季合集",
		"albumtitle": "《活水》秋季合集(28)",
		"title": "活水-7月28日"
	},
	{
		"duration": 300,
		"size": "1M",
		"path": "http://media.haomuren.org/dev/lv/lv0729.mp3",
		"id": 6359000029,
		"albumId": 6359,
		"albumName": "《活水》秋季合集",
		"albumtitle": "《活水》秋季合集(29)",
		"title": "活水-7月29日"
	},
	{
		"duration": 300,
		"size": "1M",
		"path": "http://media.haomuren.org/dev/lv/lv0730.mp3",
		"id": 6359000030,
		"albumId": 6359,
		"albumName": "《活水》秋季合集",
		"albumtitle": "《活水》秋季合集(30)",
		"title": "活水-7月30日"
	},
	{
		"duration": 300,
		"size": "1M",
		"path": "http://media.haomuren.org/dev/lv/lv0731.mp3",
		"id": 6359000031,
		"albumId": 6359,
		"albumName": "《活水》秋季合集",
		"albumtitle": "《活水》秋季合集(31)",
		"title": "活水-7月31日"
	},
	{
		"duration": 300,
		"size": "1M",
		"path": "http://media.haomuren.org/dev/lv/lv0801.mp3",
		"id": 6359000032,
		"albumId": 6359,
		"albumName": "《活水》秋季合集",
		"albumtitle": "《活水》秋季合集(32)",
		"title": "活水-8月1日"
	},
	{
		"duration": 300,
		"size": "1M",
		"path": "http://media.haomuren.org/dev/lv/lv0802.mp3",
		"id": 6359000033,
		"albumId": 6359,
		"albumName": "《活水》秋季合集",
		"albumtitle": "《活水》秋季合集(33)",
		"title": "活水-8月2日"
	},
	{
		"duration": 300,
		"size": "1M",
		"path": "http://media.haomuren.org/dev/lv/lv0803.mp3",
		"id": 6359000034,
		"albumId": 6359,
		"albumName": "《活水》秋季合集",
		"albumtitle": "《活水》秋季合集(34)",
		"title": "活水-8月3日"
	},
	{
		"duration": 300,
		"size": "1M",
		"path": "http://media.haomuren.org/dev/lv/lv0804.mp3",
		"id": 6359000035,
		"albumId": 6359,
		"albumName": "《活水》秋季合集",
		"albumtitle": "《活水》秋季合集(35)",
		"title": "活水-8月4日"
	},
	{
		"duration": 300,
		"size": "1M",
		"path": "http://media.haomuren.org/dev/lv/lv0805.mp3",
		"id": 6359000036,
		"albumId": 6359,
		"albumName": "《活水》秋季合集",
		"albumtitle": "《活水》秋季合集(36)",
		"title": "活水-8月5日"
	},
	{
		"duration": 300,
		"size": "1M",
		"path": "http://media.haomuren.org/dev/lv/lv0806.mp3",
		"id": 6359000037,
		"albumId": 6359,
		"albumName": "《活水》秋季合集",
		"albumtitle": "《活水》秋季合集(37)",
		"title": "活水-8月6日"
	},
	{
		"duration": 300,
		"size": "1M",
		"path": "http://media.haomuren.org/dev/lv/lv0807.mp3",
		"id": 6359000038,
		"albumId": 6359,
		"albumName": "《活水》秋季合集",
		"albumtitle": "《活水》秋季合集(38)",
		"title": "活水-8月7日"
	},
	{
		"duration": 300,
		"size": "1M",
		"path": "http://media.haomuren.org/dev/lv/lv0808.mp3",
		"id": 6359000039,
		"albumId": 6359,
		"albumName": "《活水》秋季合集",
		"albumtitle": "《活水》秋季合集(39)",
		"title": "活水-8月8日"
	},
	{
		"duration": 300,
		"size": "1M",
		"path": "http://media.haomuren.org/dev/lv/lv0809.mp3",
		"id": 6359000040,
		"albumId": 6359,
		"albumName": "《活水》秋季合集",
		"albumtitle": "《活水》秋季合集(40)",
		"title": "活水-8月9日"
	},
	{
		"duration": 300,
		"size": "1M",
		"path": "http://media.haomuren.org/dev/lv/lv0810.mp3",
		"id": 6359000041,
		"albumId": 6359,
		"albumName": "《活水》秋季合集",
		"albumtitle": "《活水》秋季合集(41)",
		"title": "活水-8月10日"
	},
	{
		"duration": 300,
		"size": "1M",
		"path": "http://media.haomuren.org/dev/lv/lv0811.mp3",
		"id": 6359000042,
		"albumId": 6359,
		"albumName": "《活水》秋季合集",
		"albumtitle": "《活水》秋季合集(42)",
		"title": "活水-8月11日"
	},
	{
		"duration": 300,
		"size": "1M",
		"path": "http://media.haomuren.org/dev/lv/lv0812.mp3",
		"id": 6359000043,
		"albumId": 6359,
		"albumName": "《活水》秋季合集",
		"albumtitle": "《活水》秋季合集(43)",
		"title": "活水-8月12日"
	},
	{
		"duration": 300,
		"size": "1M",
		"path": "http://media.haomuren.org/dev/lv/lv0813.mp3",
		"id": 6359000044,
		"albumId": 6359,
		"albumName": "《活水》秋季合集",
		"albumtitle": "《活水》秋季合集(44)",
		"title": "活水-8月13日"
	},
	{
		"duration": 300,
		"size": "1M",
		"path": "http://media.haomuren.org/dev/lv/lv0814.mp3",
		"id": 6359000045,
		"albumId": 6359,
		"albumName": "《活水》秋季合集",
		"albumtitle": "《活水》秋季合集(45)",
		"title": "活水-8月14日"
	},
	{
		"duration": 300,
		"size": "1M",
		"path": "http://media.haomuren.org/dev/lv/lv0815.mp3",
		"id": 6359000046,
		"albumId": 6359,
		"albumName": "《活水》秋季合集",
		"albumtitle": "《活水》秋季合集(46)",
		"title": "活水-8月15日"
	},
	{
		"duration": 300,
		"size": "1M",
		"path": "http://media.haomuren.org/dev/lv/lv0816.mp3",
		"id": 6359000047,
		"albumId": 6359,
		"albumName": "《活水》秋季合集",
		"albumtitle": "《活水》秋季合集(47)",
		"title": "活水-8月16日"
	},
	{
		"duration": 300,
		"size": "1M",
		"path": "http://media.haomuren.org/dev/lv/lv0817.mp3",
		"id": 6359000048,
		"albumId": 6359,
		"albumName": "《活水》秋季合集",
		"albumtitle": "《活水》秋季合集(48)",
		"title": "活水-8月17日"
	},
	{
		"duration": 300,
		"size": "1M",
		"path": "http://media.haomuren.org/dev/lv/lv0818.mp3",
		"id": 6359000049,
		"albumId": 6359,
		"albumName": "《活水》秋季合集",
		"albumtitle": "《活水》秋季合集(49)",
		"title": "活水-8月18日"
	},
	{
		"duration": 300,
		"size": "1M",
		"path": "http://media.haomuren.org/dev/lv/lv0819.mp3",
		"id": 6359000050,
		"albumId": 6359,
		"albumName": "《活水》秋季合集",
		"albumtitle": "《活水》秋季合集(50)",
		"title": "活水-8月19日"
	},
	{
		"duration": 300,
		"size": "1M",
		"path": "http://media.haomuren.org/dev/lv/lv0820.mp3",
		"id": 6359000051,
		"albumId": 6359,
		"albumName": "《活水》秋季合集",
		"albumtitle": "《活水》秋季合集(51)",
		"title": "活水-8月20日"
	},
	{
		"duration": 300,
		"size": "1M",
		"path": "http://media.haomuren.org/dev/lv/lv0821.mp3",
		"id": 6359000052,
		"albumId": 6359,
		"albumName": "《活水》秋季合集",
		"albumtitle": "《活水》秋季合集(52)",
		"title": "活水-8月21日"
	},
	{
		"duration": 300,
		"size": "1M",
		"path": "http://media.haomuren.org/dev/lv/lv0822.mp3",
		"id": 6359000053,
		"albumId": 6359,
		"albumName": "《活水》秋季合集",
		"albumtitle": "《活水》秋季合集(53)",
		"title": "活水-8月22日"
	},
	{
		"duration": 300,
		"size": "1M",
		"path": "http://media.haomuren.org/dev/lv/lv0823.mp3",
		"id": 6359000054,
		"albumId": 6359,
		"albumName": "《活水》秋季合集",
		"albumtitle": "《活水》秋季合集(54)",
		"title": "活水-8月23日"
	},
	{
		"duration": 300,
		"size": "1M",
		"path": "http://media.haomuren.org/dev/lv/lv0824.mp3",
		"id": 6359000055,
		"albumId": 6359,
		"albumName": "《活水》秋季合集",
		"albumtitle": "《活水》秋季合集(55)",
		"title": "活水-8月24日"
	},
	{
		"duration": 300,
		"size": "1M",
		"path": "http://media.haomuren.org/dev/lv/lv0825.mp3",
		"id": 6359000056,
		"albumId": 6359,
		"albumName": "《活水》秋季合集",
		"albumtitle": "《活水》秋季合集(56)",
		"title": "活水-8月25日"
	},
	{
		"duration": 300,
		"size": "1M",
		"path": "http://media.haomuren.org/dev/lv/lv0826.mp3",
		"id": 6359000057,
		"albumId": 6359,
		"albumName": "《活水》秋季合集",
		"albumtitle": "《活水》秋季合集(57)",
		"title": "活水-8月26日"
	},
	{
		"duration": 300,
		"size": "1M",
		"path": "http://media.haomuren.org/dev/lv/lv0827.mp3",
		"id": 6359000058,
		"albumId": 6359,
		"albumName": "《活水》秋季合集",
		"albumtitle": "《活水》秋季合集(58)",
		"title": "活水-8月27日"
	},
	{
		"duration": 300,
		"size": "1M",
		"path": "http://media.haomuren.org/dev/lv/lv0828.mp3",
		"id": 6359000059,
		"albumId": 6359,
		"albumName": "《活水》秋季合集",
		"albumtitle": "《活水》秋季合集(59)",
		"title": "活水-8月28日"
	},
	{
		"duration": 300,
		"size": "1M",
		"path": "http://media.haomuren.org/dev/lv/lv0829.mp3",
		"id": 6359000060,
		"albumId": 6359,
		"albumName": "《活水》秋季合集",
		"albumtitle": "《活水》秋季合集(60)",
		"title": "活水-8月29日"
	},
	{
		"duration": 300,
		"size": "1M",
		"path": "http://media.haomuren.org/dev/lv/lv0830.mp3",
		"id": 6359000061,
		"albumId": 6359,
		"albumName": "《活水》秋季合集",
		"albumtitle": "《活水》秋季合集(61)",
		"title": "活水-8月30日"
	},
	{
		"duration": 300,
		"size": "1M",
		"path": "http://media.haomuren.org/dev/lv/lv0831.mp3",
		"id": 6359000062,
		"albumId": 6359,
		"albumName": "《活水》秋季合集",
		"albumtitle": "《活水》秋季合集(62)",
		"title": "活水-8月31日"
	},
	{
		"duration": 300,
		"size": "1M",
		"path": "http://media.haomuren.org/dev/lv/lv0901.mp3",
		"id": 6359000063,
		"albumId": 6359,
		"albumName": "《活水》秋季合集",
		"albumtitle": "《活水》秋季合集(63)",
		"title": "活水-9月1日"
	},
	{
		"duration": 300,
		"size": "1M",
		"path": "http://media.haomuren.org/dev/lv/lv0902.mp3",
		"id": 6359000064,
		"albumId": 6359,
		"albumName": "《活水》秋季合集",
		"albumtitle": "《活水》秋季合集(64)",
		"title": "活水-9月2日"
	},
	{
		"duration": 300,
		"size": "1M",
		"path": "http://media.haomuren.org/dev/lv/lv0903.mp3",
		"id": 6359000065,
		"albumId": 6359,
		"albumName": "《活水》秋季合集",
		"albumtitle": "《活水》秋季合集(65)",
		"title": "活水-9月3日"
	},
	{
		"duration": 300,
		"size": "1M",
		"path": "http://media.haomuren.org/dev/lv/lv0904.mp3",
		"id": 6359000066,
		"albumId": 6359,
		"albumName": "《活水》秋季合集",
		"albumtitle": "《活水》秋季合集(66)",
		"title": "活水-9月4日"
	},
	{
		"duration": 300,
		"size": "1M",
		"path": "http://media.haomuren.org/dev/lv/lv0905.mp3",
		"id": 6359000067,
		"albumId": 6359,
		"albumName": "《活水》秋季合集",
		"albumtitle": "《活水》秋季合集(67)",
		"title": "活水-9月5日"
	},
	{
		"duration": 300,
		"size": "1M",
		"path": "http://media.haomuren.org/dev/lv/lv0906.mp3",
		"id": 6359000068,
		"albumId": 6359,
		"albumName": "《活水》秋季合集",
		"albumtitle": "《活水》秋季合集(68)",
		"title": "活水-9月6日"
	},
	{
		"duration": 300,
		"size": "1M",
		"path": "http://media.haomuren.org/dev/lv/lv0907.mp3",
		"id": 6359000069,
		"albumId": 6359,
		"albumName": "《活水》秋季合集",
		"albumtitle": "《活水》秋季合集(69)",
		"title": "活水-9月7日"
	},
	{
		"duration": 300,
		"size": "1M",
		"path": "http://media.haomuren.org/dev/lv/lv0908.mp3",
		"id": 6359000070,
		"albumId": 6359,
		"albumName": "《活水》秋季合集",
		"albumtitle": "《活水》秋季合集(70)",
		"title": "活水-9月8日"
	},
	{
		"duration": 300,
		"size": "1M",
		"path": "http://media.haomuren.org/dev/lv/lv0909.mp3",
		"id": 6359000071,
		"albumId": 6359,
		"albumName": "《活水》秋季合集",
		"albumtitle": "《活水》秋季合集(71)",
		"title": "活水-9月9日"
	},
	{
		"duration": 300,
		"size": "1M",
		"path": "http://media.haomuren.org/dev/lv/lv0910.mp3",
		"id": 6359000072,
		"albumId": 6359,
		"albumName": "《活水》秋季合集",
		"albumtitle": "《活水》秋季合集(72)",
		"title": "活水-9月10日"
	},
	{
		"duration": 300,
		"size": "1M",
		"path": "http://media.haomuren.org/dev/lv/lv0911.mp3",
		"id": 6359000073,
		"albumId": 6359,
		"albumName": "《活水》秋季合集",
		"albumtitle": "《活水》秋季合集(73)",
		"title": "活水-9月11日"
	},
	{
		"duration": 300,
		"size": "1M",
		"path": "http://media.haomuren.org/dev/lv/lv0912.mp3",
		"id": 6359000074,
		"albumId": 6359,
		"albumName": "《活水》秋季合集",
		"albumtitle": "《活水》秋季合集(74)",
		"title": "活水-9月12日"
	},
	{
		"duration": 300,
		"size": "1M",
		"path": "http://media.haomuren.org/dev/lv/lv0913.mp3",
		"id": 6359000075,
		"albumId": 6359,
		"albumName": "《活水》秋季合集",
		"albumtitle": "《活水》秋季合集(75)",
		"title": "活水-9月13日"
	},
	{
		"duration": 300,
		"size": "1M",
		"path": "http://media.haomuren.org/dev/lv/lv0914.mp3",
		"id": 6359000076,
		"albumId": 6359,
		"albumName": "《活水》秋季合集",
		"albumtitle": "《活水》秋季合集(76)",
		"title": "活水-9月14日"
	},
	{
		"duration": 300,
		"size": "1M",
		"path": "http://media.haomuren.org/dev/lv/lv0915.mp3",
		"id": 6359000077,
		"albumId": 6359,
		"albumName": "《活水》秋季合集",
		"albumtitle": "《活水》秋季合集(77)",
		"title": "活水-9月15日"
	},
	{
		"duration": 300,
		"size": "1M",
		"path": "http://media.haomuren.org/dev/lv/lv0916.mp3",
		"id": 6359000078,
		"albumId": 6359,
		"albumName": "《活水》秋季合集",
		"albumtitle": "《活水》秋季合集(78)",
		"title": "活水-9月16日"
	},
	{
		"duration": 300,
		"size": "1M",
		"path": "http://media.haomuren.org/dev/lv/lv0917.mp3",
		"id": 6359000079,
		"albumId": 6359,
		"albumName": "《活水》秋季合集",
		"albumtitle": "《活水》秋季合集(79)",
		"title": "活水-9月17日"
	},
	{
		"duration": 300,
		"size": "1M",
		"path": "http://media.haomuren.org/dev/lv/lv0918.mp3",
		"id": 6359000080,
		"albumId": 6359,
		"albumName": "《活水》秋季合集",
		"albumtitle": "《活水》秋季合集(80)",
		"title": "活水-9月18日"
	},
	{
		"duration": 300,
		"size": "1M",
		"path": "http://media.haomuren.org/dev/lv/lv0919.mp3",
		"id": 6359000081,
		"albumId": 6359,
		"albumName": "《活水》秋季合集",
		"albumtitle": "《活水》秋季合集(81)",
		"title": "活水-9月19日"
	},
	{
		"duration": 300,
		"size": "1M",
		"path": "http://media.haomuren.org/dev/lv/lv0920.mp3",
		"id": 6359000082,
		"albumId": 6359,
		"albumName": "《活水》秋季合集",
		"albumtitle": "《活水》秋季合集(82)",
		"title": "活水-9月20日"
	},
	{
		"duration": 300,
		"size": "1M",
		"path": "http://media.haomuren.org/dev/lv/lv0921.mp3",
		"id": 6359000083,
		"albumId": 6359,
		"albumName": "《活水》秋季合集",
		"albumtitle": "《活水》秋季合集(83)",
		"title": "活水-9月21日"
	},
	{
		"duration": 300,
		"size": "1M",
		"path": "http://media.haomuren.org/dev/lv/lv0922.mp3",
		"id": 6359000084,
		"albumId": 6359,
		"albumName": "《活水》秋季合集",
		"albumtitle": "《活水》秋季合集(84)",
		"title": "活水-9月22日"
	},
	{
		"duration": 300,
		"size": "1M",
		"path": "http://media.haomuren.org/dev/lv/lv0923.mp3",
		"id": 6359000085,
		"albumId": 6359,
		"albumName": "《活水》秋季合集",
		"albumtitle": "《活水》秋季合集(85)",
		"title": "活水-9月23日"
	},
	{
		"duration": 300,
		"size": "1M",
		"path": "http://media.haomuren.org/dev/lv/lv0924.mp3",
		"id": 6359000086,
		"albumId": 6359,
		"albumName": "《活水》秋季合集",
		"albumtitle": "《活水》秋季合集(86)",
		"title": "活水-9月24日"
	},
	{
		"duration": 300,
		"size": "1M",
		"path": "http://media.haomuren.org/dev/lv/lv0925.mp3",
		"id": 6359000087,
		"albumId": 6359,
		"albumName": "《活水》秋季合集",
		"albumtitle": "《活水》秋季合集(87)",
		"title": "活水-9月25日"
	},
	{
		"duration": 300,
		"size": "1M",
		"path": "http://media.haomuren.org/dev/lv/lv0926.mp3",
		"id": 6359000088,
		"albumId": 6359,
		"albumName": "《活水》秋季合集",
		"albumtitle": "《活水》秋季合集(88)",
		"title": "活水-9月26日"
	},
	{
		"duration": 300,
		"size": "1M",
		"path": "http://media.haomuren.org/dev/lv/lv0927.mp3",
		"id": 6359000089,
		"albumId": 6359,
		"albumName": "《活水》秋季合集",
		"albumtitle": "《活水》秋季合集(89)",
		"title": "活水-9月27日"
	},
	{
		"duration": 300,
		"size": "1M",
		"path": "http://media.haomuren.org/dev/lv/lv0928.mp3",
		"id": 6359000090,
		"albumId": 6359,
		"albumName": "《活水》秋季合集",
		"albumtitle": "《活水》秋季合集(90)",
		"title": "活水-9月28日"
	},
	{
		"duration": 300,
		"size": "1M",
		"path": "http://media.haomuren.org/dev/lv/lv0929.mp3",
		"id": 6359000091,
		"albumId": 6359,
		"albumName": "《活水》秋季合集",
		"albumtitle": "《活水》秋季合集(91)",
		"title": "活水-9月29日"
	},
	{
		"duration": 300,
		"size": "1M",
		"path": "http://media.haomuren.org/dev/lv/lv0930.mp3",
		"id": 6359000092,
		"albumId": 6359,
		"albumName": "《活水》秋季合集",
		"albumtitle": "《活水》秋季合集(92)",
		"title": "活水-9月30日"
	}
]