[
	{
		"duration": 300,
		"size": "1M",
		"path": "http://media.haomuren.org/dev/ev/evn0401.mp3",
		"id": 6374000001,
		"albumId": 6374,
		"albumName": "《靜夜亮光》夏季合集",
		"albumtitle": "《靜夜亮光》夏季合集(1)",
		"title": "靜夜亮光-4月1日"
	},
	{
		"duration": 300,
		"size": "1M",
		"path": "http://media.haomuren.org/dev/ev/evn0402.mp3",
		"id": 6374000002,
		"albumId": 6374,
		"albumName": "《靜夜亮光》夏季合集",
		"albumtitle": "《靜夜亮光》夏季合集(2)",
		"title": "靜夜亮光-4月2日"
	},
	{
		"duration": 300,
		"size": "1M",
		"path": "http://media.haomuren.org/dev/ev/evn0403.mp3",
		"id": 6374000003,
		"albumId": 6374,
		"albumName": "《靜夜亮光》夏季合集",
		"albumtitle": "《靜夜亮光》夏季合集(3)",
		"title": "靜夜亮光-4月3日"
	},
	{
		"duration": 300,
		"size": "1M",
		"path": "http://media.haomuren.org/dev/ev/evn0404.mp3",
		"id": 6374000004,
		"albumId": 6374,
		"albumName": "《靜夜亮光》夏季合集",
		"albumtitle": "《靜夜亮光》夏季合集(4)",
		"title": "靜夜亮光-4月4日"
	},
	{
		"duration": 300,
		"size": "1M",
		"path": "http://media.haomuren.org/dev/ev/evn0405.mp3",
		"id": 6374000005,
		"albumId": 6374,
		"albumName": "《靜夜亮光》夏季合集",
		"albumtitle": "《靜夜亮光》夏季合集(5)",
		"title": "靜夜亮光-4月5日"
	},
	{
		"duration": 300,
		"size": "1M",
		"path": "http://media.haomuren.org/dev/ev/evn0406.mp3",
		"id": 6374000006,
		"albumId": 6374,
		"albumName": "《靜夜亮光》夏季合集",
		"albumtitle": "《靜夜亮光》夏季合集(6)",
		"title": "靜夜亮光-4月6日"
	},
	{
		"duration": 300,
		"size": "1M",
		"path": "http://media.haomuren.org/dev/ev/evn0407.mp3",
		"id": 6374000007,
		"albumId": 6374,
		"albumName": "《靜夜亮光》夏季合集",
		"albumtitle": "《靜夜亮光》夏季合集(7)",
		"title": "靜夜亮光-4月7日"
	},
	{
		"duration": 300,
		"size": "1M",
		"path": "http://media.haomuren.org/dev/ev/evn0408.mp3",
		"id": 6374000008,
		"albumId": 6374,
		"albumName": "《靜夜亮光》夏季合集",
		"albumtitle": "《靜夜亮光》夏季合集(8)",
		"title": "靜夜亮光-4月8日"
	},
	{
		"duration": 300,
		"size": "1M",
		"path": "http://media.haomuren.org/dev/ev/evn0409.mp3",
		"id": 6374000009,
		"albumId": 6374,
		"albumName": "《靜夜亮光》夏季合集",
		"albumtitle": "《靜夜亮光》夏季合集(9)",
		"title": "靜夜亮光-4月9日"
	},
	{
		"duration": 300,
		"size": "1M",
		"path": "http://media.haomuren.org/dev/ev/evn0410.mp3",
		"id": 6374000010,
		"albumId": 6374,
		"albumName": "《靜夜亮光》夏季合集",
		"albumtitle": "《靜夜亮光》夏季合集(10)",
		"title": "靜夜亮光-4月10日"
	},
	{
		"duration": 300,
		"size": "1M",
		"path": "http://media.haomuren.org/dev/ev/evn0411.mp3",
		"id": 6374000011,
		"albumId": 6374,
		"albumName": "《靜夜亮光》夏季合集",
		"albumtitle": "《靜夜亮光》夏季合集(11)",
		"title": "靜夜亮光-4月11日"
	},
	{
		"duration": 300,
		"size": "1M",
		"path": "http://media.haomuren.org/dev/ev/evn0412.mp3",
		"id": 6374000012,
		"albumId": 6374,
		"albumName": "《靜夜亮光》夏季合集",
		"albumtitle": "《靜夜亮光》夏季合集(12)",
		"title": "靜夜亮光-4月12日"
	},
	{
		"duration": 300,
		"size": "1M",
		"path": "http://media.haomuren.org/dev/ev/evn0413.mp3",
		"id": 6374000013,
		"albumId": 6374,
		"albumName": "《靜夜亮光》夏季合集",
		"albumtitle": "《靜夜亮光》夏季合集(13)",
		"title": "靜夜亮光-4月13日"
	},
	{
		"duration": 300,
		"size": "1M",
		"path": "http://media.haomuren.org/dev/ev/evn0414.mp3",
		"id": 6374000014,
		"albumId": 6374,
		"albumName": "《靜夜亮光》夏季合集",
		"albumtitle": "《靜夜亮光》夏季合集(14)",
		"title": "靜夜亮光-4月14日"
	},
	{
		"duration": 300,
		"size": "1M",
		"path": "http://media.haomuren.org/dev/ev/evn0415.mp3",
		"id": 6374000015,
		"albumId": 6374,
		"albumName": "《靜夜亮光》夏季合集",
		"albumtitle": "《靜夜亮光》夏季合集(15)",
		"title": "靜夜亮光-4月15日"
	},
	{
		"duration": 300,
		"size": "1M",
		"path": "http://media.haomuren.org/dev/ev/evn0416.mp3",
		"id": 6374000016,
		"albumId": 6374,
		"albumName": "《靜夜亮光》夏季合集",
		"albumtitle": "《靜夜亮光》夏季合集(16)",
		"title": "靜夜亮光-4月16日"
	},
	{
		"duration": 300,
		"size": "1M",
		"path": "http://media.haomuren.org/dev/ev/evn0417.mp3",
		"id": 6374000017,
		"albumId": 6374,
		"albumName": "《靜夜亮光》夏季合集",
		"albumtitle": "《靜夜亮光》夏季合集(17)",
		"title": "靜夜亮光-4月17日"
	},
	{
		"duration": 300,
		"size": "1M",
		"path": "http://media.haomuren.org/dev/ev/evn0418.mp3",
		"id": 6374000018,
		"albumId": 6374,
		"albumName": "《靜夜亮光》夏季合集",
		"albumtitle": "《靜夜亮光》夏季合集(18)",
		"title": "靜夜亮光-4月18日"
	},
	{
		"duration": 300,
		"size": "1M",
		"path": "http://media.haomuren.org/dev/ev/evn0419.mp3",
		"id": 6374000019,
		"albumId": 6374,
		"albumName": "《靜夜亮光》夏季合集",
		"albumtitle": "《靜夜亮光》夏季合集(19)",
		"title": "靜夜亮光-4月19日"
	},
	{
		"duration": 300,
		"size": "1M",
		"path": "http://media.haomuren.org/dev/ev/evn0420.mp3",
		"id": 6374000020,
		"albumId": 6374,
		"albumName": "《靜夜亮光》夏季合集",
		"albumtitle": "《靜夜亮光》夏季合集(20)",
		"title": "靜夜亮光-4月20日"
	},
	{
		"duration": 300,
		"size": "1M",
		"path": "http://media.haomuren.org/dev/ev/evn0421.mp3",
		"id": 6374000021,
		"albumId": 6374,
		"albumName": "《靜夜亮光》夏季合集",
		"albumtitle": "《靜夜亮光》夏季合集(21)",
		"title": "靜夜亮光-4月21日"
	},
	{
		"duration": 300,
		"size": "1M",
		"path": "http://media.haomuren.org/dev/ev/evn0422.mp3",
		"id": 6374000022,
		"albumId": 6374,
		"albumName": "《靜夜亮光》夏季合集",
		"albumtitle": "《靜夜亮光》夏季合集(22)",
		"title": "靜夜亮光-4月22日"
	},
	{
		"duration": 300,
		"size": "1M",
		"path": "http://media.haomuren.org/dev/ev/evn0423.mp3",
		"id": 6374000023,
		"albumId": 6374,
		"albumName": "《靜夜亮光》夏季合集",
		"albumtitle": "《靜夜亮光》夏季合集(23)",
		"title": "靜夜亮光-4月23日"
	},
	{
		"duration": 300,
		"size": "1M",
		"path": "http://media.haomuren.org/dev/ev/evn0424.mp3",
		"id": 6374000024,
		"albumId": 6374,
		"albumName": "《靜夜亮光》夏季合集",
		"albumtitle": "《靜夜亮光》夏季合集(24)",
		"title": "靜夜亮光-4月24日"
	},
	{
		"duration": 300,
		"size": "1M",
		"path": "http://media.haomuren.org/dev/ev/evn0425.mp3",
		"id": 6374000025,
		"albumId": 6374,
		"albumName": "《靜夜亮光》夏季合集",
		"albumtitle": "《靜夜亮光》夏季合集(25)",
		"title": "靜夜亮光-4月25日"
	},
	{
		"duration": 300,
		"size": "1M",
		"path": "http://media.haomuren.org/dev/ev/evn0426.mp3",
		"id": 6374000026,
		"albumId": 6374,
		"albumName": "《靜夜亮光》夏季合集",
		"albumtitle": "《靜夜亮光》夏季合集(26)",
		"title": "靜夜亮光-4月26日"
	},
	{
		"duration": 300,
		"size": "1M",
		"path": "http://media.haomuren.org/dev/ev/evn0427.mp3",
		"id": 6374000027,
		"albumId": 6374,
		"albumName": "《靜夜亮光》夏季合集",
		"albumtitle": "《靜夜亮光》夏季合集(27)",
		"title": "靜夜亮光-4月27日"
	},
	{
		"duration": 300,
		"size": "1M",
		"path": "http://media.haomuren.org/dev/ev/evn0428.mp3",
		"id": 6374000028,
		"albumId": 6374,
		"albumName": "《靜夜亮光》夏季合集",
		"albumtitle": "《靜夜亮光》夏季合集(28)",
		"title": "靜夜亮光-4月28日"
	},
	{
		"duration": 300,
		"size": "1M",
		"path": "http://media.haomuren.org/dev/ev/evn0429.mp3",
		"id": 6374000029,
		"albumId": 6374,
		"albumName": "《靜夜亮光》夏季合集",
		"albumtitle": "《靜夜亮光》夏季合集(29)",
		"title": "靜夜亮光-4月29日"
	},
	{
		"duration": 300,
		"size": "1M",
		"path": "http://media.haomuren.org/dev/ev/evn0430.mp3",
		"id": 6374000030,
		"albumId": 6374,
		"albumName": "《靜夜亮光》夏季合集",
		"albumtitle": "《靜夜亮光》夏季合集(30)",
		"title": "靜夜亮光-4月30日"
	},
	{
		"duration": 300,
		"size": "1M",
		"path": "http://media.haomuren.org/dev/ev/evn0501.mp3",
		"id": 6374000031,
		"albumId": 6374,
		"albumName": "《靜夜亮光》夏季合集",
		"albumtitle": "《靜夜亮光》夏季合集(31)",
		"title": "靜夜亮光-5月1日"
	},
	{
		"duration": 300,
		"size": "1M",
		"path": "http://media.haomuren.org/dev/ev/evn0502.mp3",
		"id": 6374000032,
		"albumId": 6374,
		"albumName": "《靜夜亮光》夏季合集",
		"albumtitle": "《靜夜亮光》夏季合集(32)",
		"title": "靜夜亮光-5月2日"
	},
	{
		"duration": 300,
		"size": "1M",
		"path": "http://media.haomuren.org/dev/ev/evn0503.mp3",
		"id": 6374000033,
		"albumId": 6374,
		"albumName": "《靜夜亮光》夏季合集",
		"albumtitle": "《靜夜亮光》夏季合集(33)",
		"title": "靜夜亮光-5月3日"
	},
	{
		"duration": 300,
		"size": "1M",
		"path": "http://media.haomuren.org/dev/ev/evn0504.mp3",
		"id": 6374000034,
		"albumId": 6374,
		"albumName": "《靜夜亮光》夏季合集",
		"albumtitle": "《靜夜亮光》夏季合集(34)",
		"title": "靜夜亮光-5月4日"
	},
	{
		"duration": 300,
		"size": "1M",
		"path": "http://media.haomuren.org/dev/ev/evn0505.mp3",
		"id": 6374000035,
		"albumId": 6374,
		"albumName": "《靜夜亮光》夏季合集",
		"albumtitle": "《靜夜亮光》夏季合集(35)",
		"title": "靜夜亮光-5月5日"
	},
	{
		"duration": 300,
		"size": "1M",
		"path": "http://media.haomuren.org/dev/ev/evn0506.mp3",
		"id": 6374000036,
		"albumId": 6374,
		"albumName": "《靜夜亮光》夏季合集",
		"albumtitle": "《靜夜亮光》夏季合集(36)",
		"title": "靜夜亮光-5月6日"
	},
	{
		"duration": 300,
		"size": "1M",
		"path": "http://media.haomuren.org/dev/ev/evn0507.mp3",
		"id": 6374000037,
		"albumId": 6374,
		"albumName": "《靜夜亮光》夏季合集",
		"albumtitle": "《靜夜亮光》夏季合集(37)",
		"title": "靜夜亮光-5月7日"
	},
	{
		"duration": 300,
		"size": "1M",
		"path": "http://media.haomuren.org/dev/ev/evn0508.mp3",
		"id": 6374000038,
		"albumId": 6374,
		"albumName": "《靜夜亮光》夏季合集",
		"albumtitle": "《靜夜亮光》夏季合集(38)",
		"title": "靜夜亮光-5月8日"
	},
	{
		"duration": 300,
		"size": "1M",
		"path": "http://media.haomuren.org/dev/ev/evn0509.mp3",
		"id": 6374000039,
		"albumId": 6374,
		"albumName": "《靜夜亮光》夏季合集",
		"albumtitle": "《靜夜亮光》夏季合集(39)",
		"title": "靜夜亮光-5月9日"
	},
	{
		"duration": 300,
		"size": "1M",
		"path": "http://media.haomuren.org/dev/ev/evn0510.mp3",
		"id": 6374000040,
		"albumId": 6374,
		"albumName": "《靜夜亮光》夏季合集",
		"albumtitle": "《靜夜亮光》夏季合集(40)",
		"title": "靜夜亮光-5月10日"
	},
	{
		"duration": 300,
		"size": "1M",
		"path": "http://media.haomuren.org/dev/ev/evn0511.mp3",
		"id": 6374000041,
		"albumId": 6374,
		"albumName": "《靜夜亮光》夏季合集",
		"albumtitle": "《靜夜亮光》夏季合集(41)",
		"title": "靜夜亮光-5月11日"
	},
	{
		"duration": 300,
		"size": "1M",
		"path": "http://media.haomuren.org/dev/ev/evn0512.mp3",
		"id": 6374000042,
		"albumId": 6374,
		"albumName": "《靜夜亮光》夏季合集",
		"albumtitle": "《靜夜亮光》夏季合集(42)",
		"title": "靜夜亮光-5月12日"
	},
	{
		"duration": 300,
		"size": "1M",
		"path": "http://media.haomuren.org/dev/ev/evn0513.mp3",
		"id": 6374000043,
		"albumId": 6374,
		"albumName": "《靜夜亮光》夏季合集",
		"albumtitle": "《靜夜亮光》夏季合集(43)",
		"title": "靜夜亮光-5月13日"
	},
	{
		"duration": 300,
		"size": "1M",
		"path": "http://media.haomuren.org/dev/ev/evn0514.mp3",
		"id": 6374000044,
		"albumId": 6374,
		"albumName": "《靜夜亮光》夏季合集",
		"albumtitle": "《靜夜亮光》夏季合集(44)",
		"title": "靜夜亮光-5月14日"
	},
	{
		"duration": 300,
		"size": "1M",
		"path": "http://media.haomuren.org/dev/ev/evn0515.mp3",
		"id": 6374000045,
		"albumId": 6374,
		"albumName": "《靜夜亮光》夏季合集",
		"albumtitle": "《靜夜亮光》夏季合集(45)",
		"title": "靜夜亮光-5月15日"
	},
	{
		"duration": 300,
		"size": "1M",
		"path": "http://media.haomuren.org/dev/ev/evn0516.mp3",
		"id": 6374000046,
		"albumId": 6374,
		"albumName": "《靜夜亮光》夏季合集",
		"albumtitle": "《靜夜亮光》夏季合集(46)",
		"title": "靜夜亮光-5月16日"
	},
	{
		"duration": 300,
		"size": "1M",
		"path": "http://media.haomuren.org/dev/ev/evn0517.mp3",
		"id": 6374000047,
		"albumId": 6374,
		"albumName": "《靜夜亮光》夏季合集",
		"albumtitle": "《靜夜亮光》夏季合集(47)",
		"title": "靜夜亮光-5月17日"
	},
	{
		"duration": 300,
		"size": "1M",
		"path": "http://media.haomuren.org/dev/ev/evn0518.mp3",
		"id": 6374000048,
		"albumId": 6374,
		"albumName": "《靜夜亮光》夏季合集",
		"albumtitle": "《靜夜亮光》夏季合集(48)",
		"title": "靜夜亮光-5月18日"
	},
	{
		"duration": 300,
		"size": "1M",
		"path": "http://media.haomuren.org/dev/ev/evn0519.mp3",
		"id": 6374000049,
		"albumId": 6374,
		"albumName": "《靜夜亮光》夏季合集",
		"albumtitle": "《靜夜亮光》夏季合集(49)",
		"title": "靜夜亮光-5月19日"
	},
	{
		"duration": 300,
		"size": "1M",
		"path": "http://media.haomuren.org/dev/ev/evn0520.mp3",
		"id": 6374000050,
		"albumId": 6374,
		"albumName": "《靜夜亮光》夏季合集",
		"albumtitle": "《靜夜亮光》夏季合集(50)",
		"title": "靜夜亮光-5月20日"
	},
	{
		"duration": 300,
		"size": "1M",
		"path": "http://media.haomuren.org/dev/ev/evn0521.mp3",
		"id": 6374000051,
		"albumId": 6374,
		"albumName": "《靜夜亮光》夏季合集",
		"albumtitle": "《靜夜亮光》夏季合集(51)",
		"title": "靜夜亮光-5月21日"
	},
	{
		"duration": 300,
		"size": "1M",
		"path": "http://media.haomuren.org/dev/ev/evn0522.mp3",
		"id": 6374000052,
		"albumId": 6374,
		"albumName": "《靜夜亮光》夏季合集",
		"albumtitle": "《靜夜亮光》夏季合集(52)",
		"title": "靜夜亮光-5月22日"
	},
	{
		"duration": 300,
		"size": "1M",
		"path": "http://media.haomuren.org/dev/ev/evn0523.mp3",
		"id": 6374000053,
		"albumId": 6374,
		"albumName": "《靜夜亮光》夏季合集",
		"albumtitle": "《靜夜亮光》夏季合集(53)",
		"title": "靜夜亮光-5月23日"
	},
	{
		"duration": 300,
		"size": "1M",
		"path": "http://media.haomuren.org/dev/ev/evn0524.mp3",
		"id": 6374000054,
		"albumId": 6374,
		"albumName": "《靜夜亮光》夏季合集",
		"albumtitle": "《靜夜亮光》夏季合集(54)",
		"title": "靜夜亮光-5月24日"
	},
	{
		"duration": 300,
		"size": "1M",
		"path": "http://media.haomuren.org/dev/ev/evn0525.mp3",
		"id": 6374000055,
		"albumId": 6374,
		"albumName": "《靜夜亮光》夏季合集",
		"albumtitle": "《靜夜亮光》夏季合集(55)",
		"title": "靜夜亮光-5月25日"
	},
	{
		"duration": 300,
		"size": "1M",
		"path": "http://media.haomuren.org/dev/ev/evn0526.mp3",
		"id": 6374000056,
		"albumId": 6374,
		"albumName": "《靜夜亮光》夏季合集",
		"albumtitle": "《靜夜亮光》夏季合集(56)",
		"title": "靜夜亮光-5月26日"
	},
	{
		"duration": 300,
		"size": "1M",
		"path": "http://media.haomuren.org/dev/ev/evn0527.mp3",
		"id": 6374000057,
		"albumId": 6374,
		"albumName": "《靜夜亮光》夏季合集",
		"albumtitle": "《靜夜亮光》夏季合集(57)",
		"title": "靜夜亮光-5月27日"
	},
	{
		"duration": 300,
		"size": "1M",
		"path": "http://media.haomuren.org/dev/ev/evn0528.mp3",
		"id": 6374000058,
		"albumId": 6374,
		"albumName": "《靜夜亮光》夏季合集",
		"albumtitle": "《靜夜亮光》夏季合集(58)",
		"title": "靜夜亮光-5月28日"
	},
	{
		"duration": 300,
		"size": "1M",
		"path": "http://media.haomuren.org/dev/ev/evn0529.mp3",
		"id": 6374000059,
		"albumId": 6374,
		"albumName": "《靜夜亮光》夏季合集",
		"albumtitle": "《靜夜亮光》夏季合集(59)",
		"title": "靜夜亮光-5月29日"
	},
	{
		"duration": 300,
		"size": "1M",
		"path": "http://media.haomuren.org/dev/ev/evn0530.mp3",
		"id": 6374000060,
		"albumId": 6374,
		"albumName": "《靜夜亮光》夏季合集",
		"albumtitle": "《靜夜亮光》夏季合集(60)",
		"title": "靜夜亮光-5月30日"
	},
	{
		"duration": 300,
		"size": "1M",
		"path": "http://media.haomuren.org/dev/ev/evn0531.mp3",
		"id": 6374000061,
		"albumId": 6374,
		"albumName": "《靜夜亮光》夏季合集",
		"albumtitle": "《靜夜亮光》夏季合集(61)",
		"title": "靜夜亮光-5月31日"
	},
	{
		"duration": 300,
		"size": "1M",
		"path": "http://media.haomuren.org/dev/ev/evn0601.mp3",
		"id": 6374000062,
		"albumId": 6374,
		"albumName": "《靜夜亮光》夏季合集",
		"albumtitle": "《靜夜亮光》夏季合集(62)",
		"title": "靜夜亮光-6月1日"
	},
	{
		"duration": 300,
		"size": "1M",
		"path": "http://media.haomuren.org/dev/ev/evn0602.mp3",
		"id": 6374000063,
		"albumId": 6374,
		"albumName": "《靜夜亮光》夏季合集",
		"albumtitle": "《靜夜亮光》夏季合集(63)",
		"title": "靜夜亮光-6月2日"
	},
	{
		"duration": 300,
		"size": "1M",
		"path": "http://media.haomuren.org/dev/ev/evn0603.mp3",
		"id": 6374000064,
		"albumId": 6374,
		"albumName": "《靜夜亮光》夏季合集",
		"albumtitle": "《靜夜亮光》夏季合集(64)",
		"title": "靜夜亮光-6月3日"
	},
	{
		"duration": 300,
		"size": "1M",
		"path": "http://media.haomuren.org/dev/ev/evn0604.mp3",
		"id": 6374000065,
		"albumId": 6374,
		"albumName": "《靜夜亮光》夏季合集",
		"albumtitle": "《靜夜亮光》夏季合集(65)",
		"title": "靜夜亮光-6月4日"
	},
	{
		"duration": 300,
		"size": "1M",
		"path": "http://media.haomuren.org/dev/ev/evn0605.mp3",
		"id": 6374000066,
		"albumId": 6374,
		"albumName": "《靜夜亮光》夏季合集",
		"albumtitle": "《靜夜亮光》夏季合集(66)",
		"title": "靜夜亮光-6月5日"
	},
	{
		"duration": 300,
		"size": "1M",
		"path": "http://media.haomuren.org/dev/ev/evn0606.mp3",
		"id": 6374000067,
		"albumId": 6374,
		"albumName": "《靜夜亮光》夏季合集",
		"albumtitle": "《靜夜亮光》夏季合集(67)",
		"title": "靜夜亮光-6月6日"
	},
	{
		"duration": 300,
		"size": "1M",
		"path": "http://media.haomuren.org/dev/ev/evn0607.mp3",
		"id": 6374000068,
		"albumId": 6374,
		"albumName": "《靜夜亮光》夏季合集",
		"albumtitle": "《靜夜亮光》夏季合集(68)",
		"title": "靜夜亮光-6月7日"
	},
	{
		"duration": 300,
		"size": "1M",
		"path": "http://media.haomuren.org/dev/ev/evn0608.mp3",
		"id": 6374000069,
		"albumId": 6374,
		"albumName": "《靜夜亮光》夏季合集",
		"albumtitle": "《靜夜亮光》夏季合集(69)",
		"title": "靜夜亮光-6月8日"
	},
	{
		"duration": 300,
		"size": "1M",
		"path": "http://media.haomuren.org/dev/ev/evn0609.mp3",
		"id": 6374000070,
		"albumId": 6374,
		"albumName": "《靜夜亮光》夏季合集",
		"albumtitle": "《靜夜亮光》夏季合集(70)",
		"title": "靜夜亮光-6月9日"
	},
	{
		"duration": 300,
		"size": "1M",
		"path": "http://media.haomuren.org/dev/ev/evn0610.mp3",
		"id": 6374000071,
		"albumId": 6374,
		"albumName": "《靜夜亮光》夏季合集",
		"albumtitle": "《靜夜亮光》夏季合集(71)",
		"title": "靜夜亮光-6月10日"
	},
	{
		"duration": 300,
		"size": "1M",
		"path": "http://media.haomuren.org/dev/ev/evn0611.mp3",
		"id": 6374000072,
		"albumId": 6374,
		"albumName": "《靜夜亮光》夏季合集",
		"albumtitle": "《靜夜亮光》夏季合集(72)",
		"title": "靜夜亮光-6月11日"
	},
	{
		"duration": 300,
		"size": "1M",
		"path": "http://media.haomuren.org/dev/ev/evn0612.mp3",
		"id": 6374000073,
		"albumId": 6374,
		"albumName": "《靜夜亮光》夏季合集",
		"albumtitle": "《靜夜亮光》夏季合集(73)",
		"title": "靜夜亮光-6月12日"
	},
	{
		"duration": 300,
		"size": "1M",
		"path": "http://media.haomuren.org/dev/ev/evn0613.mp3",
		"id": 6374000074,
		"albumId": 6374,
		"albumName": "《靜夜亮光》夏季合集",
		"albumtitle": "《靜夜亮光》夏季合集(74)",
		"title": "靜夜亮光-6月13日"
	},
	{
		"duration": 300,
		"size": "1M",
		"path": "http://media.haomuren.org/dev/ev/evn0614.mp3",
		"id": 6374000075,
		"albumId": 6374,
		"albumName": "《靜夜亮光》夏季合集",
		"albumtitle": "《靜夜亮光》夏季合集(75)",
		"title": "靜夜亮光-6月14日"
	},
	{
		"duration": 300,
		"size": "1M",
		"path": "http://media.haomuren.org/dev/ev/evn0615.mp3",
		"id": 6374000076,
		"albumId": 6374,
		"albumName": "《靜夜亮光》夏季合集",
		"albumtitle": "《靜夜亮光》夏季合集(76)",
		"title": "靜夜亮光-6月15日"
	},
	{
		"duration": 300,
		"size": "1M",
		"path": "http://media.haomuren.org/dev/ev/evn0616.mp3",
		"id": 6374000077,
		"albumId": 6374,
		"albumName": "《靜夜亮光》夏季合集",
		"albumtitle": "《靜夜亮光》夏季合集(77)",
		"title": "靜夜亮光-6月16日"
	},
	{
		"duration": 300,
		"size": "1M",
		"path": "http://media.haomuren.org/dev/ev/evn0617.mp3",
		"id": 6374000078,
		"albumId": 6374,
		"albumName": "《靜夜亮光》夏季合集",
		"albumtitle": "《靜夜亮光》夏季合集(78)",
		"title": "靜夜亮光-6月17日"
	},
	{
		"duration": 300,
		"size": "1M",
		"path": "http://media.haomuren.org/dev/ev/evn0618.mp3",
		"id": 6374000079,
		"albumId": 6374,
		"albumName": "《靜夜亮光》夏季合集",
		"albumtitle": "《靜夜亮光》夏季合集(79)",
		"title": "靜夜亮光-6月18日"
	},
	{
		"duration": 300,
		"size": "1M",
		"path": "http://media.haomuren.org/dev/ev/evn0619.mp3",
		"id": 6374000080,
		"albumId": 6374,
		"albumName": "《靜夜亮光》夏季合集",
		"albumtitle": "《靜夜亮光》夏季合集(80)",
		"title": "靜夜亮光-6月19日"
	},
	{
		"duration": 300,
		"size": "1M",
		"path": "http://media.haomuren.org/dev/ev/evn0620.mp3",
		"id": 6374000081,
		"albumId": 6374,
		"albumName": "《靜夜亮光》夏季合集",
		"albumtitle": "《靜夜亮光》夏季合集(81)",
		"title": "靜夜亮光-6月20日"
	},
	{
		"duration": 300,
		"size": "1M",
		"path": "http://media.haomuren.org/dev/ev/evn0621.mp3",
		"id": 6374000082,
		"albumId": 6374,
		"albumName": "《靜夜亮光》夏季合集",
		"albumtitle": "《靜夜亮光》夏季合集(82)",
		"title": "靜夜亮光-6月21日"
	},
	{
		"duration": 300,
		"size": "1M",
		"path": "http://media.haomuren.org/dev/ev/evn0622.mp3",
		"id": 6374000083,
		"albumId": 6374,
		"albumName": "《靜夜亮光》夏季合集",
		"albumtitle": "《靜夜亮光》夏季合集(83)",
		"title": "靜夜亮光-6月22日"
	},
	{
		"duration": 300,
		"size": "1M",
		"path": "http://media.haomuren.org/dev/ev/evn0623.mp3",
		"id": 6374000084,
		"albumId": 6374,
		"albumName": "《靜夜亮光》夏季合集",
		"albumtitle": "《靜夜亮光》夏季合集(84)",
		"title": "靜夜亮光-6月23日"
	},
	{
		"duration": 300,
		"size": "1M",
		"path": "http://media.haomuren.org/dev/ev/evn0624.mp3",
		"id": 6374000085,
		"albumId": 6374,
		"albumName": "《靜夜亮光》夏季合集",
		"albumtitle": "《靜夜亮光》夏季合集(85)",
		"title": "靜夜亮光-6月24日"
	},
	{
		"duration": 300,
		"size": "1M",
		"path": "http://media.haomuren.org/dev/ev/evn0625.mp3",
		"id": 6374000086,
		"albumId": 6374,
		"albumName": "《靜夜亮光》夏季合集",
		"albumtitle": "《靜夜亮光》夏季合集(86)",
		"title": "靜夜亮光-6月25日"
	},
	{
		"duration": 300,
		"size": "1M",
		"path": "http://media.haomuren.org/dev/ev/evn0626.mp3",
		"id": 6374000087,
		"albumId": 6374,
		"albumName": "《靜夜亮光》夏季合集",
		"albumtitle": "《靜夜亮光》夏季合集(87)",
		"title": "靜夜亮光-6月26日"
	},
	{
		"duration": 300,
		"size": "1M",
		"path": "http://media.haomuren.org/dev/ev/evn0627.mp3",
		"id": 6374000088,
		"albumId": 6374,
		"albumName": "《靜夜亮光》夏季合集",
		"albumtitle": "《靜夜亮光》夏季合集(88)",
		"title": "靜夜亮光-6月27日"
	},
	{
		"duration": 300,
		"size": "1M",
		"path": "http://media.haomuren.org/dev/ev/evn0628.mp3",
		"id": 6374000089,
		"albumId": 6374,
		"albumName": "《靜夜亮光》夏季合集",
		"albumtitle": "《靜夜亮光》夏季合集(89)",
		"title": "靜夜亮光-6月28日"
	},
	{
		"duration": 300,
		"size": "1M",
		"path": "http://media.haomuren.org/dev/ev/evn0629.mp3",
		"id": 6374000090,
		"albumId": 6374,
		"albumName": "《靜夜亮光》夏季合集",
		"albumtitle": "《靜夜亮光》夏季合集(90)",
		"title": "靜夜亮光-6月29日"
	},
	{
		"duration": 300,
		"size": "1M",
		"path": "http://media.haomuren.org/dev/ev/evn0630.mp3",
		"id": 6374000091,
		"albumId": 6374,
		"albumName": "《靜夜亮光》夏季合集",
		"albumtitle": "《靜夜亮光》夏季合集(91)",
		"title": "靜夜亮光-6月30日"
	}
]