[
	{
		"duration": 300,
		"size": "1M",
		"path": "http://media.haomuren.org/dev/lv2/lvii0101.mp3",
		"id": 6361000001,
		"albumId": 6361,
		"albumName": "《活水（二）》春季合集",
		"albumtitle": "《活水（二）》春季合集(1)",
		"title": "活水（二）-1月1日"
	},
	{
		"duration": 300,
		"size": "1M",
		"path": "http://media.haomuren.org/dev/lv2/lvii0102.mp3",
		"id": 6361000002,
		"albumId": 6361,
		"albumName": "《活水（二）》春季合集",
		"albumtitle": "《活水（二）》春季合集(2)",
		"title": "活水（二）-1月2日"
	},
	{
		"duration": 300,
		"size": "1M",
		"path": "http://media.haomuren.org/dev/lv2/lvii0103.mp3",
		"id": 6361000003,
		"albumId": 6361,
		"albumName": "《活水（二）》春季合集",
		"albumtitle": "《活水（二）》春季合集(3)",
		"title": "活水（二）-1月3日"
	},
	{
		"duration": 300,
		"size": "1M",
		"path": "http://media.haomuren.org/dev/lv2/lvii0104.mp3",
		"id": 6361000004,
		"albumId": 6361,
		"albumName": "《活水（二）》春季合集",
		"albumtitle": "《活水（二）》春季合集(4)",
		"title": "活水（二）-1月4日"
	},
	{
		"duration": 300,
		"size": "1M",
		"path": "http://media.haomuren.org/dev/lv2/lvii0105.mp3",
		"id": 6361000005,
		"albumId": 6361,
		"albumName": "《活水（二）》春季合集",
		"albumtitle": "《活水（二）》春季合集(5)",
		"title": "活水（二）-1月5日"
	},
	{
		"duration": 300,
		"size": "1M",
		"path": "http://media.haomuren.org/dev/lv2/lvii0106.mp3",
		"id": 6361000006,
		"albumId": 6361,
		"albumName": "《活水（二）》春季合集",
		"albumtitle": "《活水（二）》春季合集(6)",
		"title": "活水（二）-1月6日"
	},
	{
		"duration": 300,
		"size": "1M",
		"path": "http://media.haomuren.org/dev/lv2/lvii0107.mp3",
		"id": 6361000007,
		"albumId": 6361,
		"albumName": "《活水（二）》春季合集",
		"albumtitle": "《活水（二）》春季合集(7)",
		"title": "活水（二）-1月7日"
	},
	{
		"duration": 300,
		"size": "1M",
		"path": "http://media.haomuren.org/dev/lv2/lvii0108.mp3",
		"id": 6361000008,
		"albumId": 6361,
		"albumName": "《活水（二）》春季合集",
		"albumtitle": "《活水（二）》春季合集(8)",
		"title": "活水（二）-1月8日"
	},
	{
		"duration": 300,
		"size": "1M",
		"path": "http://media.haomuren.org/dev/lv2/lvii0109.mp3",
		"id": 6361000009,
		"albumId": 6361,
		"albumName": "《活水（二）》春季合集",
		"albumtitle": "《活水（二）》春季合集(9)",
		"title": "活水（二）-1月9日"
	},
	{
		"duration": 300,
		"size": "1M",
		"path": "http://media.haomuren.org/dev/lv2/lvii0110.mp3",
		"id": 6361000010,
		"albumId": 6361,
		"albumName": "《活水（二）》春季合集",
		"albumtitle": "《活水（二）》春季合集(10)",
		"title": "活水（二）-1月10日"
	},
	{
		"duration": 300,
		"size": "1M",
		"path": "http://media.haomuren.org/dev/lv2/lvii0111.mp3",
		"id": 6361000011,
		"albumId": 6361,
		"albumName": "《活水（二）》春季合集",
		"albumtitle": "《活水（二）》春季合集(11)",
		"title": "活水（二）-1月11日"
	},
	{
		"duration": 300,
		"size": "1M",
		"path": "http://media.haomuren.org/dev/lv2/lvii0112.mp3",
		"id": 6361000012,
		"albumId": 6361,
		"albumName": "《活水（二）》春季合集",
		"albumtitle": "《活水（二）》春季合集(12)",
		"title": "活水（二）-1月12日"
	},
	{
		"duration": 300,
		"size": "1M",
		"path": "http://media.haomuren.org/dev/lv2/lvii0113.mp3",
		"id": 6361000013,
		"albumId": 6361,
		"albumName": "《活水（二）》春季合集",
		"albumtitle": "《活水（二）》春季合集(13)",
		"title": "活水（二）-1月13日"
	},
	{
		"duration": 300,
		"size": "1M",
		"path": "http://media.haomuren.org/dev/lv2/lvii0114.mp3",
		"id": 6361000014,
		"albumId": 6361,
		"albumName": "《活水（二）》春季合集",
		"albumtitle": "《活水（二）》春季合集(14)",
		"title": "活水（二）-1月14日"
	},
	{
		"duration": 300,
		"size": "1M",
		"path": "http://media.haomuren.org/dev/lv2/lvii0115.mp3",
		"id": 6361000015,
		"albumId": 6361,
		"albumName": "《活水（二）》春季合集",
		"albumtitle": "《活水（二）》春季合集(15)",
		"title": "活水（二）-1月15日"
	},
	{
		"duration": 300,
		"size": "1M",
		"path": "http://media.haomuren.org/dev/lv2/lvii0116.mp3",
		"id": 6361000016,
		"albumId": 6361,
		"albumName": "《活水（二）》春季合集",
		"albumtitle": "《活水（二）》春季合集(16)",
		"title": "活水（二）-1月16日"
	},
	{
		"duration": 300,
		"size": "1M",
		"path": "http://media.haomuren.org/dev/lv2/lvii0117.mp3",
		"id": 6361000017,
		"albumId": 6361,
		"albumName": "《活水（二）》春季合集",
		"albumtitle": "《活水（二）》春季合集(17)",
		"title": "活水（二）-1月17日"
	},
	{
		"duration": 300,
		"size": "1M",
		"path": "http://media.haomuren.org/dev/lv2/lvii0118.mp3",
		"id": 6361000018,
		"albumId": 6361,
		"albumName": "《活水（二）》春季合集",
		"albumtitle": "《活水（二）》春季合集(18)",
		"title": "活水（二）-1月18日"
	},
	{
		"duration": 300,
		"size": "1M",
		"path": "http://media.haomuren.org/dev/lv2/lvii0119.mp3",
		"id": 6361000019,
		"albumId": 6361,
		"albumName": "《活水（二）》春季合集",
		"albumtitle": "《活水（二）》春季合集(19)",
		"title": "活水（二）-1月19日"
	},
	{
		"duration": 300,
		"size": "1M",
		"path": "http://media.haomuren.org/dev/lv2/lvii0120.mp3",
		"id": 6361000020,
		"albumId": 6361,
		"albumName": "《活水（二）》春季合集",
		"albumtitle": "《活水（二）》春季合集(20)",
		"title": "活水（二）-1月20日"
	},
	{
		"duration": 300,
		"size": "1M",
		"path": "http://media.haomuren.org/dev/lv2/lvii0121.mp3",
		"id": 6361000021,
		"albumId": 6361,
		"albumName": "《活水（二）》春季合集",
		"albumtitle": "《活水（二）》春季合集(21)",
		"title": "活水（二）-1月21日"
	},
	{
		"duration": 300,
		"size": "1M",
		"path": "http://media.haomuren.org/dev/lv2/lvii0122.mp3",
		"id": 6361000022,
		"albumId": 6361,
		"albumName": "《活水（二）》春季合集",
		"albumtitle": "《活水（二）》春季合集(22)",
		"title": "活水（二）-1月22日"
	},
	{
		"duration": 300,
		"size": "1M",
		"path": "http://media.haomuren.org/dev/lv2/lvii0123.mp3",
		"id": 6361000023,
		"albumId": 6361,
		"albumName": "《活水（二）》春季合集",
		"albumtitle": "《活水（二）》春季合集(23)",
		"title": "活水（二）-1月23日"
	},
	{
		"duration": 300,
		"size": "1M",
		"path": "http://media.haomuren.org/dev/lv2/lvii0124.mp3",
		"id": 6361000024,
		"albumId": 6361,
		"albumName": "《活水（二）》春季合集",
		"albumtitle": "《活水（二）》春季合集(24)",
		"title": "活水（二）-1月24日"
	},
	{
		"duration": 300,
		"size": "1M",
		"path": "http://media.haomuren.org/dev/lv2/lvii0125.mp3",
		"id": 6361000025,
		"albumId": 6361,
		"albumName": "《活水（二）》春季合集",
		"albumtitle": "《活水（二）》春季合集(25)",
		"title": "活水（二）-1月25日"
	},
	{
		"duration": 300,
		"size": "1M",
		"path": "http://media.haomuren.org/dev/lv2/lvii0126.mp3",
		"id": 6361000026,
		"albumId": 6361,
		"albumName": "《活水（二）》春季合集",
		"albumtitle": "《活水（二）》春季合集(26)",
		"title": "活水（二）-1月26日"
	},
	{
		"duration": 300,
		"size": "1M",
		"path": "http://media.haomuren.org/dev/lv2/lvii0127.mp3",
		"id": 6361000027,
		"albumId": 6361,
		"albumName": "《活水（二）》春季合集",
		"albumtitle": "《活水（二）》春季合集(27)",
		"title": "活水（二）-1月27日"
	},
	{
		"duration": 300,
		"size": "1M",
		"path": "http://media.haomuren.org/dev/lv2/lvii0128.mp3",
		"id": 6361000028,
		"albumId": 6361,
		"albumName": "《活水（二）》春季合集",
		"albumtitle": "《活水（二）》春季合集(28)",
		"title": "活水（二）-1月28日"
	},
	{
		"duration": 300,
		"size": "1M",
		"path": "http://media.haomuren.org/dev/lv2/lvii0129.mp3",
		"id": 6361000029,
		"albumId": 6361,
		"albumName": "《活水（二）》春季合集",
		"albumtitle": "《活水（二）》春季合集(29)",
		"title": "活水（二）-1月29日"
	},
	{
		"duration": 300,
		"size": "1M",
		"path": "http://media.haomuren.org/dev/lv2/lvii0130.mp3",
		"id": 6361000030,
		"albumId": 6361,
		"albumName": "《活水（二）》春季合集",
		"albumtitle": "《活水（二）》春季合集(30)",
		"title": "活水（二）-1月30日"
	},
	{
		"duration": 300,
		"size": "1M",
		"path": "http://media.haomuren.org/dev/lv2/lvii0131.mp3",
		"id": 6361000031,
		"albumId": 6361,
		"albumName": "《活水（二）》春季合集",
		"albumtitle": "《活水（二）》春季合集(31)",
		"title": "活水（二）-1月31日"
	},
	{
		"duration": 300,
		"size": "1M",
		"path": "http://media.haomuren.org/dev/lv2/lvii0201.mp3",
		"id": 6361000032,
		"albumId": 6361,
		"albumName": "《活水（二）》春季合集",
		"albumtitle": "《活水（二）》春季合集(32)",
		"title": "活水（二）-2月1日"
	},
	{
		"duration": 300,
		"size": "1M",
		"path": "http://media.haomuren.org/dev/lv2/lvii0202.mp3",
		"id": 6361000033,
		"albumId": 6361,
		"albumName": "《活水（二）》春季合集",
		"albumtitle": "《活水（二）》春季合集(33)",
		"title": "活水（二）-2月2日"
	},
	{
		"duration": 300,
		"size": "1M",
		"path": "http://media.haomuren.org/dev/lv2/lvii0203.mp3",
		"id": 6361000034,
		"albumId": 6361,
		"albumName": "《活水（二）》春季合集",
		"albumtitle": "《活水（二）》春季合集(34)",
		"title": "活水（二）-2月3日"
	},
	{
		"duration": 300,
		"size": "1M",
		"path": "http://media.haomuren.org/dev/lv2/lvii0204.mp3",
		"id": 6361000035,
		"albumId": 6361,
		"albumName": "《活水（二）》春季合集",
		"albumtitle": "《活水（二）》春季合集(35)",
		"title": "活水（二）-2月4日"
	},
	{
		"duration": 300,
		"size": "1M",
		"path": "http://media.haomuren.org/dev/lv2/lvii0205.mp3",
		"id": 6361000036,
		"albumId": 6361,
		"albumName": "《活水（二）》春季合集",
		"albumtitle": "《活水（二）》春季合集(36)",
		"title": "活水（二）-2月5日"
	},
	{
		"duration": 300,
		"size": "1M",
		"path": "http://media.haomuren.org/dev/lv2/lvii0206.mp3",
		"id": 6361000037,
		"albumId": 6361,
		"albumName": "《活水（二）》春季合集",
		"albumtitle": "《活水（二）》春季合集(37)",
		"title": "活水（二）-2月6日"
	},
	{
		"duration": 300,
		"size": "1M",
		"path": "http://media.haomuren.org/dev/lv2/lvii0207.mp3",
		"id": 6361000038,
		"albumId": 6361,
		"albumName": "《活水（二）》春季合集",
		"albumtitle": "《活水（二）》春季合集(38)",
		"title": "活水（二）-2月7日"
	},
	{
		"duration": 300,
		"size": "1M",
		"path": "http://media.haomuren.org/dev/lv2/lvii0208.mp3",
		"id": 6361000039,
		"albumId": 6361,
		"albumName": "《活水（二）》春季合集",
		"albumtitle": "《活水（二）》春季合集(39)",
		"title": "活水（二）-2月8日"
	},
	{
		"duration": 300,
		"size": "1M",
		"path": "http://media.haomuren.org/dev/lv2/lvii0209.mp3",
		"id": 6361000040,
		"albumId": 6361,
		"albumName": "《活水（二）》春季合集",
		"albumtitle": "《活水（二）》春季合集(40)",
		"title": "活水（二）-2月9日"
	},
	{
		"duration": 300,
		"size": "1M",
		"path": "http://media.haomuren.org/dev/lv2/lvii0210.mp3",
		"id": 6361000041,
		"albumId": 6361,
		"albumName": "《活水（二）》春季合集",
		"albumtitle": "《活水（二）》春季合集(41)",
		"title": "活水（二）-2月10日"
	},
	{
		"duration": 300,
		"size": "1M",
		"path": "http://media.haomuren.org/dev/lv2/lvii0211.mp3",
		"id": 6361000042,
		"albumId": 6361,
		"albumName": "《活水（二）》春季合集",
		"albumtitle": "《活水（二）》春季合集(42)",
		"title": "活水（二）-2月11日"
	},
	{
		"duration": 300,
		"size": "1M",
		"path": "http://media.haomuren.org/dev/lv2/lvii0212.mp3",
		"id": 6361000043,
		"albumId": 6361,
		"albumName": "《活水（二）》春季合集",
		"albumtitle": "《活水（二）》春季合集(43)",
		"title": "活水（二）-2月12日"
	},
	{
		"duration": 300,
		"size": "1M",
		"path": "http://media.haomuren.org/dev/lv2/lvii0213.mp3",
		"id": 6361000044,
		"albumId": 6361,
		"albumName": "《活水（二）》春季合集",
		"albumtitle": "《活水（二）》春季合集(44)",
		"title": "活水（二）-2月13日"
	},
	{
		"duration": 300,
		"size": "1M",
		"path": "http://media.haomuren.org/dev/lv2/lvii0214.mp3",
		"id": 6361000045,
		"albumId": 6361,
		"albumName": "《活水（二）》春季合集",
		"albumtitle": "《活水（二）》春季合集(45)",
		"title": "活水（二）-2月14日"
	},
	{
		"duration": 300,
		"size": "1M",
		"path": "http://media.haomuren.org/dev/lv2/lvii0215.mp3",
		"id": 6361000046,
		"albumId": 6361,
		"albumName": "《活水（二）》春季合集",
		"albumtitle": "《活水（二）》春季合集(46)",
		"title": "活水（二）-2月15日"
	},
	{
		"duration": 300,
		"size": "1M",
		"path": "http://media.haomuren.org/dev/lv2/lvii0216.mp3",
		"id": 6361000047,
		"albumId": 6361,
		"albumName": "《活水（二）》春季合集",
		"albumtitle": "《活水（二）》春季合集(47)",
		"title": "活水（二）-2月16日"
	},
	{
		"duration": 300,
		"size": "1M",
		"path": "http://media.haomuren.org/dev/lv2/lvii0217.mp3",
		"id": 6361000048,
		"albumId": 6361,
		"albumName": "《活水（二）》春季合集",
		"albumtitle": "《活水（二）》春季合集(48)",
		"title": "活水（二）-2月17日"
	},
	{
		"duration": 300,
		"size": "1M",
		"path": "http://media.haomuren.org/dev/lv2/lvii0218.mp3",
		"id": 6361000049,
		"albumId": 6361,
		"albumName": "《活水（二）》春季合集",
		"albumtitle": "《活水（二）》春季合集(49)",
		"title": "活水（二）-2月18日"
	},
	{
		"duration": 300,
		"size": "1M",
		"path": "http://media.haomuren.org/dev/lv2/lvii0219.mp3",
		"id": 6361000050,
		"albumId": 6361,
		"albumName": "《活水（二）》春季合集",
		"albumtitle": "《活水（二）》春季合集(50)",
		"title": "活水（二）-2月19日"
	},
	{
		"duration": 300,
		"size": "1M",
		"path": "http://media.haomuren.org/dev/lv2/lvii0220.mp3",
		"id": 6361000051,
		"albumId": 6361,
		"albumName": "《活水（二）》春季合集",
		"albumtitle": "《活水（二）》春季合集(51)",
		"title": "活水（二）-2月20日"
	},
	{
		"duration": 300,
		"size": "1M",
		"path": "http://media.haomuren.org/dev/lv2/lvii0221.mp3",
		"id": 6361000052,
		"albumId": 6361,
		"albumName": "《活水（二）》春季合集",
		"albumtitle": "《活水（二）》春季合集(52)",
		"title": "活水（二）-2月21日"
	},
	{
		"duration": 300,
		"size": "1M",
		"path": "http://media.haomuren.org/dev/lv2/lvii0222.mp3",
		"id": 6361000053,
		"albumId": 6361,
		"albumName": "《活水（二）》春季合集",
		"albumtitle": "《活水（二）》春季合集(53)",
		"title": "活水（二）-2月22日"
	},
	{
		"duration": 300,
		"size": "1M",
		"path": "http://media.haomuren.org/dev/lv2/lvii0223.mp3",
		"id": 6361000054,
		"albumId": 6361,
		"albumName": "《活水（二）》春季合集",
		"albumtitle": "《活水（二）》春季合集(54)",
		"title": "活水（二）-2月23日"
	},
	{
		"duration": 300,
		"size": "1M",
		"path": "http://media.haomuren.org/dev/lv2/lvii0224.mp3",
		"id": 6361000055,
		"albumId": 6361,
		"albumName": "《活水（二）》春季合集",
		"albumtitle": "《活水（二）》春季合集(55)",
		"title": "活水（二）-2月24日"
	},
	{
		"duration": 300,
		"size": "1M",
		"path": "http://media.haomuren.org/dev/lv2/lvii0225.mp3",
		"id": 6361000056,
		"albumId": 6361,
		"albumName": "《活水（二）》春季合集",
		"albumtitle": "《活水（二）》春季合集(56)",
		"title": "活水（二）-2月25日"
	},
	{
		"duration": 300,
		"size": "1M",
		"path": "http://media.haomuren.org/dev/lv2/lvii0226.mp3",
		"id": 6361000057,
		"albumId": 6361,
		"albumName": "《活水（二）》春季合集",
		"albumtitle": "《活水（二）》春季合集(57)",
		"title": "活水（二）-2月26日"
	},
	{
		"duration": 300,
		"size": "1M",
		"path": "http://media.haomuren.org/dev/lv2/lvii0227.mp3",
		"id": 6361000058,
		"albumId": 6361,
		"albumName": "《活水（二）》春季合集",
		"albumtitle": "《活水（二）》春季合集(58)",
		"title": "活水（二）-2月27日"
	},
	{
		"duration": 300,
		"size": "1M",
		"path": "http://media.haomuren.org/dev/lv2/lvii0228.mp3",
		"id": 6361000059,
		"albumId": 6361,
		"albumName": "《活水（二）》春季合集",
		"albumtitle": "《活水（二）》春季合集(59)",
		"title": "活水（二）-2月28日"
	},
	{
		"duration": 300,
		"size": "1M",
		"path": "http://media.haomuren.org/dev/lv2/lvii0301.mp3",
		"id": 6361000060,
		"albumId": 6361,
		"albumName": "《活水（二）》春季合集",
		"albumtitle": "《活水（二）》春季合集(60)",
		"title": "活水（二）-3月1日"
	},
	{
		"duration": 300,
		"size": "1M",
		"path": "http://media.haomuren.org/dev/lv2/lvii0302.mp3",
		"id": 6361000061,
		"albumId": 6361,
		"albumName": "《活水（二）》春季合集",
		"albumtitle": "《活水（二）》春季合集(61)",
		"title": "活水（二）-3月2日"
	},
	{
		"duration": 300,
		"size": "1M",
		"path": "http://media.haomuren.org/dev/lv2/lvii0303.mp3",
		"id": 6361000062,
		"albumId": 6361,
		"albumName": "《活水（二）》春季合集",
		"albumtitle": "《活水（二）》春季合集(62)",
		"title": "活水（二）-3月3日"
	},
	{
		"duration": 300,
		"size": "1M",
		"path": "http://media.haomuren.org/dev/lv2/lvii0304.mp3",
		"id": 6361000063,
		"albumId": 6361,
		"albumName": "《活水（二）》春季合集",
		"albumtitle": "《活水（二）》春季合集(63)",
		"title": "活水（二）-3月4日"
	},
	{
		"duration": 300,
		"size": "1M",
		"path": "http://media.haomuren.org/dev/lv2/lvii0305.mp3",
		"id": 6361000064,
		"albumId": 6361,
		"albumName": "《活水（二）》春季合集",
		"albumtitle": "《活水（二）》春季合集(64)",
		"title": "活水（二）-3月5日"
	},
	{
		"duration": 300,
		"size": "1M",
		"path": "http://media.haomuren.org/dev/lv2/lvii0306.mp3",
		"id": 6361000065,
		"albumId": 6361,
		"albumName": "《活水（二）》春季合集",
		"albumtitle": "《活水（二）》春季合集(65)",
		"title": "活水（二）-3月6日"
	},
	{
		"duration": 300,
		"size": "1M",
		"path": "http://media.haomuren.org/dev/lv2/lvii0307.mp3",
		"id": 6361000066,
		"albumId": 6361,
		"albumName": "《活水（二）》春季合集",
		"albumtitle": "《活水（二）》春季合集(66)",
		"title": "活水（二）-3月7日"
	},
	{
		"duration": 300,
		"size": "1M",
		"path": "http://media.haomuren.org/dev/lv2/lvii0308.mp3",
		"id": 6361000067,
		"albumId": 6361,
		"albumName": "《活水（二）》春季合集",
		"albumtitle": "《活水（二）》春季合集(67)",
		"title": "活水（二）-3月8日"
	},
	{
		"duration": 300,
		"size": "1M",
		"path": "http://media.haomuren.org/dev/lv2/lvii0309.mp3",
		"id": 6361000068,
		"albumId": 6361,
		"albumName": "《活水（二）》春季合集",
		"albumtitle": "《活水（二）》春季合集(68)",
		"title": "活水（二）-3月9日"
	},
	{
		"duration": 300,
		"size": "1M",
		"path": "http://media.haomuren.org/dev/lv2/lvii0310.mp3",
		"id": 6361000069,
		"albumId": 6361,
		"albumName": "《活水（二）》春季合集",
		"albumtitle": "《活水（二）》春季合集(69)",
		"title": "活水（二）-3月10日"
	},
	{
		"duration": 300,
		"size": "1M",
		"path": "http://media.haomuren.org/dev/lv2/lvii0311.mp3",
		"id": 6361000070,
		"albumId": 6361,
		"albumName": "《活水（二）》春季合集",
		"albumtitle": "《活水（二）》春季合集(70)",
		"title": "活水（二）-3月11日"
	},
	{
		"duration": 300,
		"size": "1M",
		"path": "http://media.haomuren.org/dev/lv2/lvii0312.mp3",
		"id": 6361000071,
		"albumId": 6361,
		"albumName": "《活水（二）》春季合集",
		"albumtitle": "《活水（二）》春季合集(71)",
		"title": "活水（二）-3月12日"
	},
	{
		"duration": 300,
		"size": "1M",
		"path": "http://media.haomuren.org/dev/lv2/lvii0313.mp3",
		"id": 6361000072,
		"albumId": 6361,
		"albumName": "《活水（二）》春季合集",
		"albumtitle": "《活水（二）》春季合集(72)",
		"title": "活水（二）-3月13日"
	},
	{
		"duration": 300,
		"size": "1M",
		"path": "http://media.haomuren.org/dev/lv2/lvii0314.mp3",
		"id": 6361000073,
		"albumId": 6361,
		"albumName": "《活水（二）》春季合集",
		"albumtitle": "《活水（二）》春季合集(73)",
		"title": "活水（二）-3月14日"
	},
	{
		"duration": 300,
		"size": "1M",
		"path": "http://media.haomuren.org/dev/lv2/lvii0315.mp3",
		"id": 6361000074,
		"albumId": 6361,
		"albumName": "《活水（二）》春季合集",
		"albumtitle": "《活水（二）》春季合集(74)",
		"title": "活水（二）-3月15日"
	},
	{
		"duration": 300,
		"size": "1M",
		"path": "http://media.haomuren.org/dev/lv2/lvii0316.mp3",
		"id": 6361000075,
		"albumId": 6361,
		"albumName": "《活水（二）》春季合集",
		"albumtitle": "《活水（二）》春季合集(75)",
		"title": "活水（二）-3月16日"
	},
	{
		"duration": 300,
		"size": "1M",
		"path": "http://media.haomuren.org/dev/lv2/lvii0317.mp3",
		"id": 6361000076,
		"albumId": 6361,
		"albumName": "《活水（二）》春季合集",
		"albumtitle": "《活水（二）》春季合集(76)",
		"title": "活水（二）-3月17日"
	},
	{
		"duration": 300,
		"size": "1M",
		"path": "http://media.haomuren.org/dev/lv2/lvii0318.mp3",
		"id": 6361000077,
		"albumId": 6361,
		"albumName": "《活水（二）》春季合集",
		"albumtitle": "《活水（二）》春季合集(77)",
		"title": "活水（二）-3月18日"
	},
	{
		"duration": 300,
		"size": "1M",
		"path": "http://media.haomuren.org/dev/lv2/lvii0319.mp3",
		"id": 6361000078,
		"albumId": 6361,
		"albumName": "《活水（二）》春季合集",
		"albumtitle": "《活水（二）》春季合集(78)",
		"title": "活水（二）-3月19日"
	},
	{
		"duration": 300,
		"size": "1M",
		"path": "http://media.haomuren.org/dev/lv2/lvii0320.mp3",
		"id": 6361000079,
		"albumId": 6361,
		"albumName": "《活水（二）》春季合集",
		"albumtitle": "《活水（二）》春季合集(79)",
		"title": "活水（二）-3月20日"
	},
	{
		"duration": 300,
		"size": "1M",
		"path": "http://media.haomuren.org/dev/lv2/lvii0321.mp3",
		"id": 6361000080,
		"albumId": 6361,
		"albumName": "《活水（二）》春季合集",
		"albumtitle": "《活水（二）》春季合集(80)",
		"title": "活水（二）-3月21日"
	},
	{
		"duration": 300,
		"size": "1M",
		"path": "http://media.haomuren.org/dev/lv2/lvii0322.mp3",
		"id": 6361000081,
		"albumId": 6361,
		"albumName": "《活水（二）》春季合集",
		"albumtitle": "《活水（二）》春季合集(81)",
		"title": "活水（二）-3月22日"
	},
	{
		"duration": 300,
		"size": "1M",
		"path": "http://media.haomuren.org/dev/lv2/lvii0323.mp3",
		"id": 6361000082,
		"albumId": 6361,
		"albumName": "《活水（二）》春季合集",
		"albumtitle": "《活水（二）》春季合集(82)",
		"title": "活水（二）-3月23日"
	},
	{
		"duration": 300,
		"size": "1M",
		"path": "http://media.haomuren.org/dev/lv2/lvii0324.mp3",
		"id": 6361000083,
		"albumId": 6361,
		"albumName": "《活水（二）》春季合集",
		"albumtitle": "《活水（二）》春季合集(83)",
		"title": "活水（二）-3月24日"
	},
	{
		"duration": 300,
		"size": "1M",
		"path": "http://media.haomuren.org/dev/lv2/lvii0325.mp3",
		"id": 6361000084,
		"albumId": 6361,
		"albumName": "《活水（二）》春季合集",
		"albumtitle": "《活水（二）》春季合集(84)",
		"title": "活水（二）-3月25日"
	},
	{
		"duration": 300,
		"size": "1M",
		"path": "http://media.haomuren.org/dev/lv2/lvii0326.mp3",
		"id": 6361000085,
		"albumId": 6361,
		"albumName": "《活水（二）》春季合集",
		"albumtitle": "《活水（二）》春季合集(85)",
		"title": "活水（二）-3月26日"
	},
	{
		"duration": 300,
		"size": "1M",
		"path": "http://media.haomuren.org/dev/lv2/lvii0327.mp3",
		"id": 6361000086,
		"albumId": 6361,
		"albumName": "《活水（二）》春季合集",
		"albumtitle": "《活水（二）》春季合集(86)",
		"title": "活水（二）-3月27日"
	},
	{
		"duration": 300,
		"size": "1M",
		"path": "http://media.haomuren.org/dev/lv2/lvii0328.mp3",
		"id": 6361000087,
		"albumId": 6361,
		"albumName": "《活水（二）》春季合集",
		"albumtitle": "《活水（二）》春季合集(87)",
		"title": "活水（二）-3月28日"
	},
	{
		"duration": 300,
		"size": "1M",
		"path": "http://media.haomuren.org/dev/lv2/lvii0329.mp3",
		"id": 6361000088,
		"albumId": 6361,
		"albumName": "《活水（二）》春季合集",
		"albumtitle": "《活水（二）》春季合集(88)",
		"title": "活水（二）-3月29日"
	},
	{
		"duration": 300,
		"size": "1M",
		"path": "http://media.haomuren.org/dev/lv2/lvii0330.mp3",
		"id": 6361000089,
		"albumId": 6361,
		"albumName": "《活水（二）》春季合集",
		"albumtitle": "《活水（二）》春季合集(89)",
		"title": "活水（二）-3月30日"
	},
	{
		"duration": 300,
		"size": "1M",
		"path": "http://media.haomuren.org/dev/lv2/lvii0331.mp3",
		"id": 6361000090,
		"albumId": 6361,
		"albumName": "《活水（二）》春季合集",
		"albumtitle": "《活水（二）》春季合集(90)",
		"title": "活水（二）-3月31日"
	}
]