[
	{
		"duration": 300,
		"size": "1M",
		"path": "http://media.haomuren.org/dev/lv3/lviii0701.mp3",
		"id": 6367000001,
		"albumId": 6367,
		"albumName": "《活水（三）》秋季合集",
		"albumtitle": "《活水（三）》秋季合集(1)",
		"title": "活水（三）-7月1日"
	},
	{
		"duration": 300,
		"size": "1M",
		"path": "http://media.haomuren.org/dev/lv3/lviii0702.mp3",
		"id": 6367000002,
		"albumId": 6367,
		"albumName": "《活水（三）》秋季合集",
		"albumtitle": "《活水（三）》秋季合集(2)",
		"title": "活水（三）-7月2日"
	},
	{
		"duration": 300,
		"size": "1M",
		"path": "http://media.haomuren.org/dev/lv3/lviii0703.mp3",
		"id": 6367000003,
		"albumId": 6367,
		"albumName": "《活水（三）》秋季合集",
		"albumtitle": "《活水（三）》秋季合集(3)",
		"title": "活水（三）-7月3日"
	},
	{
		"duration": 300,
		"size": "1M",
		"path": "http://media.haomuren.org/dev/lv3/lviii0704.mp3",
		"id": 6367000004,
		"albumId": 6367,
		"albumName": "《活水（三）》秋季合集",
		"albumtitle": "《活水（三）》秋季合集(4)",
		"title": "活水（三）-7月4日"
	},
	{
		"duration": 300,
		"size": "1M",
		"path": "http://media.haomuren.org/dev/lv3/lviii0705.mp3",
		"id": 6367000005,
		"albumId": 6367,
		"albumName": "《活水（三）》秋季合集",
		"albumtitle": "《活水（三）》秋季合集(5)",
		"title": "活水（三）-7月5日"
	},
	{
		"duration": 300,
		"size": "1M",
		"path": "http://media.haomuren.org/dev/lv3/lviii0706.mp3",
		"id": 6367000006,
		"albumId": 6367,
		"albumName": "《活水（三）》秋季合集",
		"albumtitle": "《活水（三）》秋季合集(6)",
		"title": "活水（三）-7月6日"
	},
	{
		"duration": 300,
		"size": "1M",
		"path": "http://media.haomuren.org/dev/lv3/lviii0707.mp3",
		"id": 6367000007,
		"albumId": 6367,
		"albumName": "《活水（三）》秋季合集",
		"albumtitle": "《活水（三）》秋季合集(7)",
		"title": "活水（三）-7月7日"
	},
	{
		"duration": 300,
		"size": "1M",
		"path": "http://media.haomuren.org/dev/lv3/lviii0708.mp3",
		"id": 6367000008,
		"albumId": 6367,
		"albumName": "《活水（三）》秋季合集",
		"albumtitle": "《活水（三）》秋季合集(8)",
		"title": "活水（三）-7月8日"
	},
	{
		"duration": 300,
		"size": "1M",
		"path": "http://media.haomuren.org/dev/lv3/lviii0709.mp3",
		"id": 6367000009,
		"albumId": 6367,
		"albumName": "《活水（三）》秋季合集",
		"albumtitle": "《活水（三）》秋季合集(9)",
		"title": "活水（三）-7月9日"
	},
	{
		"duration": 300,
		"size": "1M",
		"path": "http://media.haomuren.org/dev/lv3/lviii0710.mp3",
		"id": 6367000010,
		"albumId": 6367,
		"albumName": "《活水（三）》秋季合集",
		"albumtitle": "《活水（三）》秋季合集(10)",
		"title": "活水（三）-7月10日"
	},
	{
		"duration": 300,
		"size": "1M",
		"path": "http://media.haomuren.org/dev/lv3/lviii0711.mp3",
		"id": 6367000011,
		"albumId": 6367,
		"albumName": "《活水（三）》秋季合集",
		"albumtitle": "《活水（三）》秋季合集(11)",
		"title": "活水（三）-7月11日"
	},
	{
		"duration": 300,
		"size": "1M",
		"path": "http://media.haomuren.org/dev/lv3/lviii0712.mp3",
		"id": 6367000012,
		"albumId": 6367,
		"albumName": "《活水（三）》秋季合集",
		"albumtitle": "《活水（三）》秋季合集(12)",
		"title": "活水（三）-7月12日"
	},
	{
		"duration": 300,
		"size": "1M",
		"path": "http://media.haomuren.org/dev/lv3/lviii0713.mp3",
		"id": 6367000013,
		"albumId": 6367,
		"albumName": "《活水（三）》秋季合集",
		"albumtitle": "《活水（三）》秋季合集(13)",
		"title": "活水（三）-7月13日"
	},
	{
		"duration": 300,
		"size": "1M",
		"path": "http://media.haomuren.org/dev/lv3/lviii0714.mp3",
		"id": 6367000014,
		"albumId": 6367,
		"albumName": "《活水（三）》秋季合集",
		"albumtitle": "《活水（三）》秋季合集(14)",
		"title": "活水（三）-7月14日"
	},
	{
		"duration": 300,
		"size": "1M",
		"path": "http://media.haomuren.org/dev/lv3/lviii0715.mp3",
		"id": 6367000015,
		"albumId": 6367,
		"albumName": "《活水（三）》秋季合集",
		"albumtitle": "《活水（三）》秋季合集(15)",
		"title": "活水（三）-7月15日"
	},
	{
		"duration": 300,
		"size": "1M",
		"path": "http://media.haomuren.org/dev/lv3/lviii0716.mp3",
		"id": 6367000016,
		"albumId": 6367,
		"albumName": "《活水（三）》秋季合集",
		"albumtitle": "《活水（三）》秋季合集(16)",
		"title": "活水（三）-7月16日"
	},
	{
		"duration": 300,
		"size": "1M",
		"path": "http://media.haomuren.org/dev/lv3/lviii0717.mp3",
		"id": 6367000017,
		"albumId": 6367,
		"albumName": "《活水（三）》秋季合集",
		"albumtitle": "《活水（三）》秋季合集(17)",
		"title": "活水（三）-7月17日"
	},
	{
		"duration": 300,
		"size": "1M",
		"path": "http://media.haomuren.org/dev/lv3/lviii0718.mp3",
		"id": 6367000018,
		"albumId": 6367,
		"albumName": "《活水（三）》秋季合集",
		"albumtitle": "《活水（三）》秋季合集(18)",
		"title": "活水（三）-7月18日"
	},
	{
		"duration": 300,
		"size": "1M",
		"path": "http://media.haomuren.org/dev/lv3/lviii0719.mp3",
		"id": 6367000019,
		"albumId": 6367,
		"albumName": "《活水（三）》秋季合集",
		"albumtitle": "《活水（三）》秋季合集(19)",
		"title": "活水（三）-7月19日"
	},
	{
		"duration": 300,
		"size": "1M",
		"path": "http://media.haomuren.org/dev/lv3/lviii0720.mp3",
		"id": 6367000020,
		"albumId": 6367,
		"albumName": "《活水（三）》秋季合集",
		"albumtitle": "《活水（三）》秋季合集(20)",
		"title": "活水（三）-7月20日"
	},
	{
		"duration": 300,
		"size": "1M",
		"path": "http://media.haomuren.org/dev/lv3/lviii0721.mp3",
		"id": 6367000021,
		"albumId": 6367,
		"albumName": "《活水（三）》秋季合集",
		"albumtitle": "《活水（三）》秋季合集(21)",
		"title": "活水（三）-7月21日"
	},
	{
		"duration": 300,
		"size": "1M",
		"path": "http://media.haomuren.org/dev/lv3/lviii0722.mp3",
		"id": 6367000022,
		"albumId": 6367,
		"albumName": "《活水（三）》秋季合集",
		"albumtitle": "《活水（三）》秋季合集(22)",
		"title": "活水（三）-7月22日"
	},
	{
		"duration": 300,
		"size": "1M",
		"path": "http://media.haomuren.org/dev/lv3/lviii0723.mp3",
		"id": 6367000023,
		"albumId": 6367,
		"albumName": "《活水（三）》秋季合集",
		"albumtitle": "《活水（三）》秋季合集(23)",
		"title": "活水（三）-7月23日"
	},
	{
		"duration": 300,
		"size": "1M",
		"path": "http://media.haomuren.org/dev/lv3/lviii0724.mp3",
		"id": 6367000024,
		"albumId": 6367,
		"albumName": "《活水（三）》秋季合集",
		"albumtitle": "《活水（三）》秋季合集(24)",
		"title": "活水（三）-7月24日"
	},
	{
		"duration": 300,
		"size": "1M",
		"path": "http://media.haomuren.org/dev/lv3/lviii0725.mp3",
		"id": 6367000025,
		"albumId": 6367,
		"albumName": "《活水（三）》秋季合集",
		"albumtitle": "《活水（三）》秋季合集(25)",
		"title": "活水（三）-7月25日"
	},
	{
		"duration": 300,
		"size": "1M",
		"path": "http://media.haomuren.org/dev/lv3/lviii0726.mp3",
		"id": 6367000026,
		"albumId": 6367,
		"albumName": "《活水（三）》秋季合集",
		"albumtitle": "《活水（三）》秋季合集(26)",
		"title": "活水（三）-7月26日"
	},
	{
		"duration": 300,
		"size": "1M",
		"path": "http://media.haomuren.org/dev/lv3/lviii0727.mp3",
		"id": 6367000027,
		"albumId": 6367,
		"albumName": "《活水（三）》秋季合集",
		"albumtitle": "《活水（三）》秋季合集(27)",
		"title": "活水（三）-7月27日"
	},
	{
		"duration": 300,
		"size": "1M",
		"path": "http://media.haomuren.org/dev/lv3/lviii0728.mp3",
		"id": 6367000028,
		"albumId": 6367,
		"albumName": "《活水（三）》秋季合集",
		"albumtitle": "《活水（三）》秋季合集(28)",
		"title": "活水（三）-7月28日"
	},
	{
		"duration": 300,
		"size": "1M",
		"path": "http://media.haomuren.org/dev/lv3/lviii0729.mp3",
		"id": 6367000029,
		"albumId": 6367,
		"albumName": "《活水（三）》秋季合集",
		"albumtitle": "《活水（三）》秋季合集(29)",
		"title": "活水（三）-7月29日"
	},
	{
		"duration": 300,
		"size": "1M",
		"path": "http://media.haomuren.org/dev/lv3/lviii0730.mp3",
		"id": 6367000030,
		"albumId": 6367,
		"albumName": "《活水（三）》秋季合集",
		"albumtitle": "《活水（三）》秋季合集(30)",
		"title": "活水（三）-7月30日"
	},
	{
		"duration": 300,
		"size": "1M",
		"path": "http://media.haomuren.org/dev/lv3/lviii0731.mp3",
		"id": 6367000031,
		"albumId": 6367,
		"albumName": "《活水（三）》秋季合集",
		"albumtitle": "《活水（三）》秋季合集(31)",
		"title": "活水（三）-7月31日"
	},
	{
		"duration": 300,
		"size": "1M",
		"path": "http://media.haomuren.org/dev/lv3/lviii0801.mp3",
		"id": 6367000032,
		"albumId": 6367,
		"albumName": "《活水（三）》秋季合集",
		"albumtitle": "《活水（三）》秋季合集(32)",
		"title": "活水（三）-8月1日"
	},
	{
		"duration": 300,
		"size": "1M",
		"path": "http://media.haomuren.org/dev/lv3/lviii0802.mp3",
		"id": 6367000033,
		"albumId": 6367,
		"albumName": "《活水（三）》秋季合集",
		"albumtitle": "《活水（三）》秋季合集(33)",
		"title": "活水（三）-8月2日"
	},
	{
		"duration": 300,
		"size": "1M",
		"path": "http://media.haomuren.org/dev/lv3/lviii0803.mp3",
		"id": 6367000034,
		"albumId": 6367,
		"albumName": "《活水（三）》秋季合集",
		"albumtitle": "《活水（三）》秋季合集(34)",
		"title": "活水（三）-8月3日"
	},
	{
		"duration": 300,
		"size": "1M",
		"path": "http://media.haomuren.org/dev/lv3/lviii0804.mp3",
		"id": 6367000035,
		"albumId": 6367,
		"albumName": "《活水（三）》秋季合集",
		"albumtitle": "《活水（三）》秋季合集(35)",
		"title": "活水（三）-8月4日"
	},
	{
		"duration": 300,
		"size": "1M",
		"path": "http://media.haomuren.org/dev/lv3/lviii0805.mp3",
		"id": 6367000036,
		"albumId": 6367,
		"albumName": "《活水（三）》秋季合集",
		"albumtitle": "《活水（三）》秋季合集(36)",
		"title": "活水（三）-8月5日"
	},
	{
		"duration": 300,
		"size": "1M",
		"path": "http://media.haomuren.org/dev/lv3/lviii0806.mp3",
		"id": 6367000037,
		"albumId": 6367,
		"albumName": "《活水（三）》秋季合集",
		"albumtitle": "《活水（三）》秋季合集(37)",
		"title": "活水（三）-8月6日"
	},
	{
		"duration": 300,
		"size": "1M",
		"path": "http://media.haomuren.org/dev/lv3/lviii0807.mp3",
		"id": 6367000038,
		"albumId": 6367,
		"albumName": "《活水（三）》秋季合集",
		"albumtitle": "《活水（三）》秋季合集(38)",
		"title": "活水（三）-8月7日"
	},
	{
		"duration": 300,
		"size": "1M",
		"path": "http://media.haomuren.org/dev/lv3/lviii0808.mp3",
		"id": 6367000039,
		"albumId": 6367,
		"albumName": "《活水（三）》秋季合集",
		"albumtitle": "《活水（三）》秋季合集(39)",
		"title": "活水（三）-8月8日"
	},
	{
		"duration": 300,
		"size": "1M",
		"path": "http://media.haomuren.org/dev/lv3/lviii0809.mp3",
		"id": 6367000040,
		"albumId": 6367,
		"albumName": "《活水（三）》秋季合集",
		"albumtitle": "《活水（三）》秋季合集(40)",
		"title": "活水（三）-8月9日"
	},
	{
		"duration": 300,
		"size": "1M",
		"path": "http://media.haomuren.org/dev/lv3/lviii0810.mp3",
		"id": 6367000041,
		"albumId": 6367,
		"albumName": "《活水（三）》秋季合集",
		"albumtitle": "《活水（三）》秋季合集(41)",
		"title": "活水（三）-8月10日"
	},
	{
		"duration": 300,
		"size": "1M",
		"path": "http://media.haomuren.org/dev/lv3/lviii0811.mp3",
		"id": 6367000042,
		"albumId": 6367,
		"albumName": "《活水（三）》秋季合集",
		"albumtitle": "《活水（三）》秋季合集(42)",
		"title": "活水（三）-8月11日"
	},
	{
		"duration": 300,
		"size": "1M",
		"path": "http://media.haomuren.org/dev/lv3/lviii0812.mp3",
		"id": 6367000043,
		"albumId": 6367,
		"albumName": "《活水（三）》秋季合集",
		"albumtitle": "《活水（三）》秋季合集(43)",
		"title": "活水（三）-8月12日"
	},
	{
		"duration": 300,
		"size": "1M",
		"path": "http://media.haomuren.org/dev/lv3/lviii0813.mp3",
		"id": 6367000044,
		"albumId": 6367,
		"albumName": "《活水（三）》秋季合集",
		"albumtitle": "《活水（三）》秋季合集(44)",
		"title": "活水（三）-8月13日"
	},
	{
		"duration": 300,
		"size": "1M",
		"path": "http://media.haomuren.org/dev/lv3/lviii0814.mp3",
		"id": 6367000045,
		"albumId": 6367,
		"albumName": "《活水（三）》秋季合集",
		"albumtitle": "《活水（三）》秋季合集(45)",
		"title": "活水（三）-8月14日"
	},
	{
		"duration": 300,
		"size": "1M",
		"path": "http://media.haomuren.org/dev/lv3/lviii0815.mp3",
		"id": 6367000046,
		"albumId": 6367,
		"albumName": "《活水（三）》秋季合集",
		"albumtitle": "《活水（三）》秋季合集(46)",
		"title": "活水（三）-8月15日"
	},
	{
		"duration": 300,
		"size": "1M",
		"path": "http://media.haomuren.org/dev/lv3/lviii0816.mp3",
		"id": 6367000047,
		"albumId": 6367,
		"albumName": "《活水（三）》秋季合集",
		"albumtitle": "《活水（三）》秋季合集(47)",
		"title": "活水（三）-8月16日"
	},
	{
		"duration": 300,
		"size": "1M",
		"path": "http://media.haomuren.org/dev/lv3/lviii0817.mp3",
		"id": 6367000048,
		"albumId": 6367,
		"albumName": "《活水（三）》秋季合集",
		"albumtitle": "《活水（三）》秋季合集(48)",
		"title": "活水（三）-8月17日"
	},
	{
		"duration": 300,
		"size": "1M",
		"path": "http://media.haomuren.org/dev/lv3/lviii0818.mp3",
		"id": 6367000049,
		"albumId": 6367,
		"albumName": "《活水（三）》秋季合集",
		"albumtitle": "《活水（三）》秋季合集(49)",
		"title": "活水（三）-8月18日"
	},
	{
		"duration": 300,
		"size": "1M",
		"path": "http://media.haomuren.org/dev/lv3/lviii0819.mp3",
		"id": 6367000050,
		"albumId": 6367,
		"albumName": "《活水（三）》秋季合集",
		"albumtitle": "《活水（三）》秋季合集(50)",
		"title": "活水（三）-8月19日"
	},
	{
		"duration": 300,
		"size": "1M",
		"path": "http://media.haomuren.org/dev/lv3/lviii0820.mp3",
		"id": 6367000051,
		"albumId": 6367,
		"albumName": "《活水（三）》秋季合集",
		"albumtitle": "《活水（三）》秋季合集(51)",
		"title": "活水（三）-8月20日"
	},
	{
		"duration": 300,
		"size": "1M",
		"path": "http://media.haomuren.org/dev/lv3/lviii0821.mp3",
		"id": 6367000052,
		"albumId": 6367,
		"albumName": "《活水（三）》秋季合集",
		"albumtitle": "《活水（三）》秋季合集(52)",
		"title": "活水（三）-8月21日"
	},
	{
		"duration": 300,
		"size": "1M",
		"path": "http://media.haomuren.org/dev/lv3/lviii0822.mp3",
		"id": 6367000053,
		"albumId": 6367,
		"albumName": "《活水（三）》秋季合集",
		"albumtitle": "《活水（三）》秋季合集(53)",
		"title": "活水（三）-8月22日"
	},
	{
		"duration": 300,
		"size": "1M",
		"path": "http://media.haomuren.org/dev/lv3/lviii0823.mp3",
		"id": 6367000054,
		"albumId": 6367,
		"albumName": "《活水（三）》秋季合集",
		"albumtitle": "《活水（三）》秋季合集(54)",
		"title": "活水（三）-8月23日"
	},
	{
		"duration": 300,
		"size": "1M",
		"path": "http://media.haomuren.org/dev/lv3/lviii0824.mp3",
		"id": 6367000055,
		"albumId": 6367,
		"albumName": "《活水（三）》秋季合集",
		"albumtitle": "《活水（三）》秋季合集(55)",
		"title": "活水（三）-8月24日"
	},
	{
		"duration": 300,
		"size": "1M",
		"path": "http://media.haomuren.org/dev/lv3/lviii0825.mp3",
		"id": 6367000056,
		"albumId": 6367,
		"albumName": "《活水（三）》秋季合集",
		"albumtitle": "《活水（三）》秋季合集(56)",
		"title": "活水（三）-8月25日"
	},
	{
		"duration": 300,
		"size": "1M",
		"path": "http://media.haomuren.org/dev/lv3/lviii0826.mp3",
		"id": 6367000057,
		"albumId": 6367,
		"albumName": "《活水（三）》秋季合集",
		"albumtitle": "《活水（三）》秋季合集(57)",
		"title": "活水（三）-8月26日"
	},
	{
		"duration": 300,
		"size": "1M",
		"path": "http://media.haomuren.org/dev/lv3/lviii0827.mp3",
		"id": 6367000058,
		"albumId": 6367,
		"albumName": "《活水（三）》秋季合集",
		"albumtitle": "《活水（三）》秋季合集(58)",
		"title": "活水（三）-8月27日"
	},
	{
		"duration": 300,
		"size": "1M",
		"path": "http://media.haomuren.org/dev/lv3/lviii0828.mp3",
		"id": 6367000059,
		"albumId": 6367,
		"albumName": "《活水（三）》秋季合集",
		"albumtitle": "《活水（三）》秋季合集(59)",
		"title": "活水（三）-8月28日"
	},
	{
		"duration": 300,
		"size": "1M",
		"path": "http://media.haomuren.org/dev/lv3/lviii0829.mp3",
		"id": 6367000060,
		"albumId": 6367,
		"albumName": "《活水（三）》秋季合集",
		"albumtitle": "《活水（三）》秋季合集(60)",
		"title": "活水（三）-8月29日"
	},
	{
		"duration": 300,
		"size": "1M",
		"path": "http://media.haomuren.org/dev/lv3/lviii0830.mp3",
		"id": 6367000061,
		"albumId": 6367,
		"albumName": "《活水（三）》秋季合集",
		"albumtitle": "《活水（三）》秋季合集(61)",
		"title": "活水（三）-8月30日"
	},
	{
		"duration": 300,
		"size": "1M",
		"path": "http://media.haomuren.org/dev/lv3/lviii0831.mp3",
		"id": 6367000062,
		"albumId": 6367,
		"albumName": "《活水（三）》秋季合集",
		"albumtitle": "《活水（三）》秋季合集(62)",
		"title": "活水（三）-8月31日"
	},
	{
		"duration": 300,
		"size": "1M",
		"path": "http://media.haomuren.org/dev/lv3/lviii0901.mp3",
		"id": 6367000063,
		"albumId": 6367,
		"albumName": "《活水（三）》秋季合集",
		"albumtitle": "《活水（三）》秋季合集(63)",
		"title": "活水（三）-9月1日"
	},
	{
		"duration": 300,
		"size": "1M",
		"path": "http://media.haomuren.org/dev/lv3/lviii0902.mp3",
		"id": 6367000064,
		"albumId": 6367,
		"albumName": "《活水（三）》秋季合集",
		"albumtitle": "《活水（三）》秋季合集(64)",
		"title": "活水（三）-9月2日"
	},
	{
		"duration": 300,
		"size": "1M",
		"path": "http://media.haomuren.org/dev/lv3/lviii0903.mp3",
		"id": 6367000065,
		"albumId": 6367,
		"albumName": "《活水（三）》秋季合集",
		"albumtitle": "《活水（三）》秋季合集(65)",
		"title": "活水（三）-9月3日"
	},
	{
		"duration": 300,
		"size": "1M",
		"path": "http://media.haomuren.org/dev/lv3/lviii0904.mp3",
		"id": 6367000066,
		"albumId": 6367,
		"albumName": "《活水（三）》秋季合集",
		"albumtitle": "《活水（三）》秋季合集(66)",
		"title": "活水（三）-9月4日"
	},
	{
		"duration": 300,
		"size": "1M",
		"path": "http://media.haomuren.org/dev/lv3/lviii0905.mp3",
		"id": 6367000067,
		"albumId": 6367,
		"albumName": "《活水（三）》秋季合集",
		"albumtitle": "《活水（三）》秋季合集(67)",
		"title": "活水（三）-9月5日"
	},
	{
		"duration": 300,
		"size": "1M",
		"path": "http://media.haomuren.org/dev/lv3/lviii0906.mp3",
		"id": 6367000068,
		"albumId": 6367,
		"albumName": "《活水（三）》秋季合集",
		"albumtitle": "《活水（三）》秋季合集(68)",
		"title": "活水（三）-9月6日"
	},
	{
		"duration": 300,
		"size": "1M",
		"path": "http://media.haomuren.org/dev/lv3/lviii0907.mp3",
		"id": 6367000069,
		"albumId": 6367,
		"albumName": "《活水（三）》秋季合集",
		"albumtitle": "《活水（三）》秋季合集(69)",
		"title": "活水（三）-9月7日"
	},
	{
		"duration": 300,
		"size": "1M",
		"path": "http://media.haomuren.org/dev/lv3/lviii0908.mp3",
		"id": 6367000070,
		"albumId": 6367,
		"albumName": "《活水（三）》秋季合集",
		"albumtitle": "《活水（三）》秋季合集(70)",
		"title": "活水（三）-9月8日"
	},
	{
		"duration": 300,
		"size": "1M",
		"path": "http://media.haomuren.org/dev/lv3/lviii0909.mp3",
		"id": 6367000071,
		"albumId": 6367,
		"albumName": "《活水（三）》秋季合集",
		"albumtitle": "《活水（三）》秋季合集(71)",
		"title": "活水（三）-9月9日"
	},
	{
		"duration": 300,
		"size": "1M",
		"path": "http://media.haomuren.org/dev/lv3/lviii0910.mp3",
		"id": 6367000072,
		"albumId": 6367,
		"albumName": "《活水（三）》秋季合集",
		"albumtitle": "《活水（三）》秋季合集(72)",
		"title": "活水（三）-9月10日"
	},
	{
		"duration": 300,
		"size": "1M",
		"path": "http://media.haomuren.org/dev/lv3/lviii0911.mp3",
		"id": 6367000073,
		"albumId": 6367,
		"albumName": "《活水（三）》秋季合集",
		"albumtitle": "《活水（三）》秋季合集(73)",
		"title": "活水（三）-9月11日"
	},
	{
		"duration": 300,
		"size": "1M",
		"path": "http://media.haomuren.org/dev/lv3/lviii0912.mp3",
		"id": 6367000074,
		"albumId": 6367,
		"albumName": "《活水（三）》秋季合集",
		"albumtitle": "《活水（三）》秋季合集(74)",
		"title": "活水（三）-9月12日"
	},
	{
		"duration": 300,
		"size": "1M",
		"path": "http://media.haomuren.org/dev/lv3/lviii0913.mp3",
		"id": 6367000075,
		"albumId": 6367,
		"albumName": "《活水（三）》秋季合集",
		"albumtitle": "《活水（三）》秋季合集(75)",
		"title": "活水（三）-9月13日"
	},
	{
		"duration": 300,
		"size": "1M",
		"path": "http://media.haomuren.org/dev/lv3/lviii0914.mp3",
		"id": 6367000076,
		"albumId": 6367,
		"albumName": "《活水（三）》秋季合集",
		"albumtitle": "《活水（三）》秋季合集(76)",
		"title": "活水（三）-9月14日"
	},
	{
		"duration": 300,
		"size": "1M",
		"path": "http://media.haomuren.org/dev/lv3/lviii0915.mp3",
		"id": 6367000077,
		"albumId": 6367,
		"albumName": "《活水（三）》秋季合集",
		"albumtitle": "《活水（三）》秋季合集(77)",
		"title": "活水（三）-9月15日"
	},
	{
		"duration": 300,
		"size": "1M",
		"path": "http://media.haomuren.org/dev/lv3/lviii0916.mp3",
		"id": 6367000078,
		"albumId": 6367,
		"albumName": "《活水（三）》秋季合集",
		"albumtitle": "《活水（三）》秋季合集(78)",
		"title": "活水（三）-9月16日"
	},
	{
		"duration": 300,
		"size": "1M",
		"path": "http://media.haomuren.org/dev/lv3/lviii0917.mp3",
		"id": 6367000079,
		"albumId": 6367,
		"albumName": "《活水（三）》秋季合集",
		"albumtitle": "《活水（三）》秋季合集(79)",
		"title": "活水（三）-9月17日"
	},
	{
		"duration": 300,
		"size": "1M",
		"path": "http://media.haomuren.org/dev/lv3/lviii0918.mp3",
		"id": 6367000080,
		"albumId": 6367,
		"albumName": "《活水（三）》秋季合集",
		"albumtitle": "《活水（三）》秋季合集(80)",
		"title": "活水（三）-9月18日"
	},
	{
		"duration": 300,
		"size": "1M",
		"path": "http://media.haomuren.org/dev/lv3/lviii0919.mp3",
		"id": 6367000081,
		"albumId": 6367,
		"albumName": "《活水（三）》秋季合集",
		"albumtitle": "《活水（三）》秋季合集(81)",
		"title": "活水（三）-9月19日"
	},
	{
		"duration": 300,
		"size": "1M",
		"path": "http://media.haomuren.org/dev/lv3/lviii0920.mp3",
		"id": 6367000082,
		"albumId": 6367,
		"albumName": "《活水（三）》秋季合集",
		"albumtitle": "《活水（三）》秋季合集(82)",
		"title": "活水（三）-9月20日"
	},
	{
		"duration": 300,
		"size": "1M",
		"path": "http://media.haomuren.org/dev/lv3/lviii0921.mp3",
		"id": 6367000083,
		"albumId": 6367,
		"albumName": "《活水（三）》秋季合集",
		"albumtitle": "《活水（三）》秋季合集(83)",
		"title": "活水（三）-9月21日"
	},
	{
		"duration": 300,
		"size": "1M",
		"path": "http://media.haomuren.org/dev/lv3/lviii0922.mp3",
		"id": 6367000084,
		"albumId": 6367,
		"albumName": "《活水（三）》秋季合集",
		"albumtitle": "《活水（三）》秋季合集(84)",
		"title": "活水（三）-9月22日"
	},
	{
		"duration": 300,
		"size": "1M",
		"path": "http://media.haomuren.org/dev/lv3/lviii0923.mp3",
		"id": 6367000085,
		"albumId": 6367,
		"albumName": "《活水（三）》秋季合集",
		"albumtitle": "《活水（三）》秋季合集(85)",
		"title": "活水（三）-9月23日"
	},
	{
		"duration": 300,
		"size": "1M",
		"path": "http://media.haomuren.org/dev/lv3/lviii0924.mp3",
		"id": 6367000086,
		"albumId": 6367,
		"albumName": "《活水（三）》秋季合集",
		"albumtitle": "《活水（三）》秋季合集(86)",
		"title": "活水（三）-9月24日"
	},
	{
		"duration": 300,
		"size": "1M",
		"path": "http://media.haomuren.org/dev/lv3/lviii0925.mp3",
		"id": 6367000087,
		"albumId": 6367,
		"albumName": "《活水（三）》秋季合集",
		"albumtitle": "《活水（三）》秋季合集(87)",
		"title": "活水（三）-9月25日"
	},
	{
		"duration": 300,
		"size": "1M",
		"path": "http://media.haomuren.org/dev/lv3/lviii0926.mp3",
		"id": 6367000088,
		"albumId": 6367,
		"albumName": "《活水（三）》秋季合集",
		"albumtitle": "《活水（三）》秋季合集(88)",
		"title": "活水（三）-9月26日"
	},
	{
		"duration": 300,
		"size": "1M",
		"path": "http://media.haomuren.org/dev/lv3/lviii0927.mp3",
		"id": 6367000089,
		"albumId": 6367,
		"albumName": "《活水（三）》秋季合集",
		"albumtitle": "《活水（三）》秋季合集(89)",
		"title": "活水（三）-9月27日"
	},
	{
		"duration": 300,
		"size": "1M",
		"path": "http://media.haomuren.org/dev/lv3/lviii0928.mp3",
		"id": 6367000090,
		"albumId": 6367,
		"albumName": "《活水（三）》秋季合集",
		"albumtitle": "《活水（三）》秋季合集(90)",
		"title": "活水（三）-9月28日"
	},
	{
		"duration": 300,
		"size": "1M",
		"path": "http://media.haomuren.org/dev/lv3/lviii0929.mp3",
		"id": 6367000091,
		"albumId": 6367,
		"albumName": "《活水（三）》秋季合集",
		"albumtitle": "《活水（三）》秋季合集(91)",
		"title": "活水（三）-9月29日"
	},
	{
		"duration": 300,
		"size": "1M",
		"path": "http://media.haomuren.org/dev/lv3/lviii0930.mp3",
		"id": 6367000092,
		"albumId": 6367,
		"albumName": "《活水（三）》秋季合集",
		"albumtitle": "《活水（三）》秋季合集(92)",
		"title": "活水（三）-9月30日"
	}
]