[
	{
		"duration": 300,
		"size": "1M",
		"path": "http://media.haomuren.org/dev/lv2/lvii0401.mp3",
		"id": 6362000001,
		"albumId": 6362,
		"albumName": "《活水（二）》夏季合集",
		"albumtitle": "《活水（二）》夏季合集(1)",
		"title": "活水（二）-4月1日"
	},
	{
		"duration": 300,
		"size": "1M",
		"path": "http://media.haomuren.org/dev/lv2/lvii0402.mp3",
		"id": 6362000002,
		"albumId": 6362,
		"albumName": "《活水（二）》夏季合集",
		"albumtitle": "《活水（二）》夏季合集(2)",
		"title": "活水（二）-4月2日"
	},
	{
		"duration": 300,
		"size": "1M",
		"path": "http://media.haomuren.org/dev/lv2/lvii0403.mp3",
		"id": 6362000003,
		"albumId": 6362,
		"albumName": "《活水（二）》夏季合集",
		"albumtitle": "《活水（二）》夏季合集(3)",
		"title": "活水（二）-4月3日"
	},
	{
		"duration": 300,
		"size": "1M",
		"path": "http://media.haomuren.org/dev/lv2/lvii0404.mp3",
		"id": 6362000004,
		"albumId": 6362,
		"albumName": "《活水（二）》夏季合集",
		"albumtitle": "《活水（二）》夏季合集(4)",
		"title": "活水（二）-4月4日"
	},
	{
		"duration": 300,
		"size": "1M",
		"path": "http://media.haomuren.org/dev/lv2/lvii0405.mp3",
		"id": 6362000005,
		"albumId": 6362,
		"albumName": "《活水（二）》夏季合集",
		"albumtitle": "《活水（二）》夏季合集(5)",
		"title": "活水（二）-4月5日"
	},
	{
		"duration": 300,
		"size": "1M",
		"path": "http://media.haomuren.org/dev/lv2/lvii0406.mp3",
		"id": 6362000006,
		"albumId": 6362,
		"albumName": "《活水（二）》夏季合集",
		"albumtitle": "《活水（二）》夏季合集(6)",
		"title": "活水（二）-4月6日"
	},
	{
		"duration": 300,
		"size": "1M",
		"path": "http://media.haomuren.org/dev/lv2/lvii0407.mp3",
		"id": 6362000007,
		"albumId": 6362,
		"albumName": "《活水（二）》夏季合集",
		"albumtitle": "《活水（二）》夏季合集(7)",
		"title": "活水（二）-4月7日"
	},
	{
		"duration": 300,
		"size": "1M",
		"path": "http://media.haomuren.org/dev/lv2/lvii0408.mp3",
		"id": 6362000008,
		"albumId": 6362,
		"albumName": "《活水（二）》夏季合集",
		"albumtitle": "《活水（二）》夏季合集(8)",
		"title": "活水（二）-4月8日"
	},
	{
		"duration": 300,
		"size": "1M",
		"path": "http://media.haomuren.org/dev/lv2/lvii0409.mp3",
		"id": 6362000009,
		"albumId": 6362,
		"albumName": "《活水（二）》夏季合集",
		"albumtitle": "《活水（二）》夏季合集(9)",
		"title": "活水（二）-4月9日"
	},
	{
		"duration": 300,
		"size": "1M",
		"path": "http://media.haomuren.org/dev/lv2/lvii0410.mp3",
		"id": 6362000010,
		"albumId": 6362,
		"albumName": "《活水（二）》夏季合集",
		"albumtitle": "《活水（二）》夏季合集(10)",
		"title": "活水（二）-4月10日"
	},
	{
		"duration": 300,
		"size": "1M",
		"path": "http://media.haomuren.org/dev/lv2/lvii0411.mp3",
		"id": 6362000011,
		"albumId": 6362,
		"albumName": "《活水（二）》夏季合集",
		"albumtitle": "《活水（二）》夏季合集(11)",
		"title": "活水（二）-4月11日"
	},
	{
		"duration": 300,
		"size": "1M",
		"path": "http://media.haomuren.org/dev/lv2/lvii0412.mp3",
		"id": 6362000012,
		"albumId": 6362,
		"albumName": "《活水（二）》夏季合集",
		"albumtitle": "《活水（二）》夏季合集(12)",
		"title": "活水（二）-4月12日"
	},
	{
		"duration": 300,
		"size": "1M",
		"path": "http://media.haomuren.org/dev/lv2/lvii0413.mp3",
		"id": 6362000013,
		"albumId": 6362,
		"albumName": "《活水（二）》夏季合集",
		"albumtitle": "《活水（二）》夏季合集(13)",
		"title": "活水（二）-4月13日"
	},
	{
		"duration": 300,
		"size": "1M",
		"path": "http://media.haomuren.org/dev/lv2/lvii0414.mp3",
		"id": 6362000014,
		"albumId": 6362,
		"albumName": "《活水（二）》夏季合集",
		"albumtitle": "《活水（二）》夏季合集(14)",
		"title": "活水（二）-4月14日"
	},
	{
		"duration": 300,
		"size": "1M",
		"path": "http://media.haomuren.org/dev/lv2/lvii0415.mp3",
		"id": 6362000015,
		"albumId": 6362,
		"albumName": "《活水（二）》夏季合集",
		"albumtitle": "《活水（二）》夏季合集(15)",
		"title": "活水（二）-4月15日"
	},
	{
		"duration": 300,
		"size": "1M",
		"path": "http://media.haomuren.org/dev/lv2/lvii0416.mp3",
		"id": 6362000016,
		"albumId": 6362,
		"albumName": "《活水（二）》夏季合集",
		"albumtitle": "《活水（二）》夏季合集(16)",
		"title": "活水（二）-4月16日"
	},
	{
		"duration": 300,
		"size": "1M",
		"path": "http://media.haomuren.org/dev/lv2/lvii0417.mp3",
		"id": 6362000017,
		"albumId": 6362,
		"albumName": "《活水（二）》夏季合集",
		"albumtitle": "《活水（二）》夏季合集(17)",
		"title": "活水（二）-4月17日"
	},
	{
		"duration": 300,
		"size": "1M",
		"path": "http://media.haomuren.org/dev/lv2/lvii0418.mp3",
		"id": 6362000018,
		"albumId": 6362,
		"albumName": "《活水（二）》夏季合集",
		"albumtitle": "《活水（二）》夏季合集(18)",
		"title": "活水（二）-4月18日"
	},
	{
		"duration": 300,
		"size": "1M",
		"path": "http://media.haomuren.org/dev/lv2/lvii0419.mp3",
		"id": 6362000019,
		"albumId": 6362,
		"albumName": "《活水（二）》夏季合集",
		"albumtitle": "《活水（二）》夏季合集(19)",
		"title": "活水（二）-4月19日"
	},
	{
		"duration": 300,
		"size": "1M",
		"path": "http://media.haomuren.org/dev/lv2/lvii0420.mp3",
		"id": 6362000020,
		"albumId": 6362,
		"albumName": "《活水（二）》夏季合集",
		"albumtitle": "《活水（二）》夏季合集(20)",
		"title": "活水（二）-4月20日"
	},
	{
		"duration": 300,
		"size": "1M",
		"path": "http://media.haomuren.org/dev/lv2/lvii0421.mp3",
		"id": 6362000021,
		"albumId": 6362,
		"albumName": "《活水（二）》夏季合集",
		"albumtitle": "《活水（二）》夏季合集(21)",
		"title": "活水（二）-4月21日"
	},
	{
		"duration": 300,
		"size": "1M",
		"path": "http://media.haomuren.org/dev/lv2/lvii0422.mp3",
		"id": 6362000022,
		"albumId": 6362,
		"albumName": "《活水（二）》夏季合集",
		"albumtitle": "《活水（二）》夏季合集(22)",
		"title": "活水（二）-4月22日"
	},
	{
		"duration": 300,
		"size": "1M",
		"path": "http://media.haomuren.org/dev/lv2/lvii0423.mp3",
		"id": 6362000023,
		"albumId": 6362,
		"albumName": "《活水（二）》夏季合集",
		"albumtitle": "《活水（二）》夏季合集(23)",
		"title": "活水（二）-4月23日"
	},
	{
		"duration": 300,
		"size": "1M",
		"path": "http://media.haomuren.org/dev/lv2/lvii0424.mp3",
		"id": 6362000024,
		"albumId": 6362,
		"albumName": "《活水（二）》夏季合集",
		"albumtitle": "《活水（二）》夏季合集(24)",
		"title": "活水（二）-4月24日"
	},
	{
		"duration": 300,
		"size": "1M",
		"path": "http://media.haomuren.org/dev/lv2/lvii0425.mp3",
		"id": 6362000025,
		"albumId": 6362,
		"albumName": "《活水（二）》夏季合集",
		"albumtitle": "《活水（二）》夏季合集(25)",
		"title": "活水（二）-4月25日"
	},
	{
		"duration": 300,
		"size": "1M",
		"path": "http://media.haomuren.org/dev/lv2/lvii0426.mp3",
		"id": 6362000026,
		"albumId": 6362,
		"albumName": "《活水（二）》夏季合集",
		"albumtitle": "《活水（二）》夏季合集(26)",
		"title": "活水（二）-4月26日"
	},
	{
		"duration": 300,
		"size": "1M",
		"path": "http://media.haomuren.org/dev/lv2/lvii0427.mp3",
		"id": 6362000027,
		"albumId": 6362,
		"albumName": "《活水（二）》夏季合集",
		"albumtitle": "《活水（二）》夏季合集(27)",
		"title": "活水（二）-4月27日"
	},
	{
		"duration": 300,
		"size": "1M",
		"path": "http://media.haomuren.org/dev/lv2/lvii0428.mp3",
		"id": 6362000028,
		"albumId": 6362,
		"albumName": "《活水（二）》夏季合集",
		"albumtitle": "《活水（二）》夏季合集(28)",
		"title": "活水（二）-4月28日"
	},
	{
		"duration": 300,
		"size": "1M",
		"path": "http://media.haomuren.org/dev/lv2/lvii0429.mp3",
		"id": 6362000029,
		"albumId": 6362,
		"albumName": "《活水（二）》夏季合集",
		"albumtitle": "《活水（二）》夏季合集(29)",
		"title": "活水（二）-4月29日"
	},
	{
		"duration": 300,
		"size": "1M",
		"path": "http://media.haomuren.org/dev/lv2/lvii0430.mp3",
		"id": 6362000030,
		"albumId": 6362,
		"albumName": "《活水（二）》夏季合集",
		"albumtitle": "《活水（二）》夏季合集(30)",
		"title": "活水（二）-4月30日"
	},
	{
		"duration": 300,
		"size": "1M",
		"path": "http://media.haomuren.org/dev/lv2/lvii0501.mp3",
		"id": 6362000031,
		"albumId": 6362,
		"albumName": "《活水（二）》夏季合集",
		"albumtitle": "《活水（二）》夏季合集(31)",
		"title": "活水（二）-5月1日"
	},
	{
		"duration": 300,
		"size": "1M",
		"path": "http://media.haomuren.org/dev/lv2/lvii0502.mp3",
		"id": 6362000032,
		"albumId": 6362,
		"albumName": "《活水（二）》夏季合集",
		"albumtitle": "《活水（二）》夏季合集(32)",
		"title": "活水（二）-5月2日"
	},
	{
		"duration": 300,
		"size": "1M",
		"path": "http://media.haomuren.org/dev/lv2/lvii0503.mp3",
		"id": 6362000033,
		"albumId": 6362,
		"albumName": "《活水（二）》夏季合集",
		"albumtitle": "《活水（二）》夏季合集(33)",
		"title": "活水（二）-5月3日"
	},
	{
		"duration": 300,
		"size": "1M",
		"path": "http://media.haomuren.org/dev/lv2/lvii0504.mp3",
		"id": 6362000034,
		"albumId": 6362,
		"albumName": "《活水（二）》夏季合集",
		"albumtitle": "《活水（二）》夏季合集(34)",
		"title": "活水（二）-5月4日"
	},
	{
		"duration": 300,
		"size": "1M",
		"path": "http://media.haomuren.org/dev/lv2/lvii0505.mp3",
		"id": 6362000035,
		"albumId": 6362,
		"albumName": "《活水（二）》夏季合集",
		"albumtitle": "《活水（二）》夏季合集(35)",
		"title": "活水（二）-5月5日"
	},
	{
		"duration": 300,
		"size": "1M",
		"path": "http://media.haomuren.org/dev/lv2/lvii0506.mp3",
		"id": 6362000036,
		"albumId": 6362,
		"albumName": "《活水（二）》夏季合集",
		"albumtitle": "《活水（二）》夏季合集(36)",
		"title": "活水（二）-5月6日"
	},
	{
		"duration": 300,
		"size": "1M",
		"path": "http://media.haomuren.org/dev/lv2/lvii0507.mp3",
		"id": 6362000037,
		"albumId": 6362,
		"albumName": "《活水（二）》夏季合集",
		"albumtitle": "《活水（二）》夏季合集(37)",
		"title": "活水（二）-5月7日"
	},
	{
		"duration": 300,
		"size": "1M",
		"path": "http://media.haomuren.org/dev/lv2/lvii0508.mp3",
		"id": 6362000038,
		"albumId": 6362,
		"albumName": "《活水（二）》夏季合集",
		"albumtitle": "《活水（二）》夏季合集(38)",
		"title": "活水（二）-5月8日"
	},
	{
		"duration": 300,
		"size": "1M",
		"path": "http://media.haomuren.org/dev/lv2/lvii0509.mp3",
		"id": 6362000039,
		"albumId": 6362,
		"albumName": "《活水（二）》夏季合集",
		"albumtitle": "《活水（二）》夏季合集(39)",
		"title": "活水（二）-5月9日"
	},
	{
		"duration": 300,
		"size": "1M",
		"path": "http://media.haomuren.org/dev/lv2/lvii0510.mp3",
		"id": 6362000040,
		"albumId": 6362,
		"albumName": "《活水（二）》夏季合集",
		"albumtitle": "《活水（二）》夏季合集(40)",
		"title": "活水（二）-5月10日"
	},
	{
		"duration": 300,
		"size": "1M",
		"path": "http://media.haomuren.org/dev/lv2/lvii0511.mp3",
		"id": 6362000041,
		"albumId": 6362,
		"albumName": "《活水（二）》夏季合集",
		"albumtitle": "《活水（二）》夏季合集(41)",
		"title": "活水（二）-5月11日"
	},
	{
		"duration": 300,
		"size": "1M",
		"path": "http://media.haomuren.org/dev/lv2/lvii0512.mp3",
		"id": 6362000042,
		"albumId": 6362,
		"albumName": "《活水（二）》夏季合集",
		"albumtitle": "《活水（二）》夏季合集(42)",
		"title": "活水（二）-5月12日"
	},
	{
		"duration": 300,
		"size": "1M",
		"path": "http://media.haomuren.org/dev/lv2/lvii0513.mp3",
		"id": 6362000043,
		"albumId": 6362,
		"albumName": "《活水（二）》夏季合集",
		"albumtitle": "《活水（二）》夏季合集(43)",
		"title": "活水（二）-5月13日"
	},
	{
		"duration": 300,
		"size": "1M",
		"path": "http://media.haomuren.org/dev/lv2/lvii0514.mp3",
		"id": 6362000044,
		"albumId": 6362,
		"albumName": "《活水（二）》夏季合集",
		"albumtitle": "《活水（二）》夏季合集(44)",
		"title": "活水（二）-5月14日"
	},
	{
		"duration": 300,
		"size": "1M",
		"path": "http://media.haomuren.org/dev/lv2/lvii0515.mp3",
		"id": 6362000045,
		"albumId": 6362,
		"albumName": "《活水（二）》夏季合集",
		"albumtitle": "《活水（二）》夏季合集(45)",
		"title": "活水（二）-5月15日"
	},
	{
		"duration": 300,
		"size": "1M",
		"path": "http://media.haomuren.org/dev/lv2/lvii0516.mp3",
		"id": 6362000046,
		"albumId": 6362,
		"albumName": "《活水（二）》夏季合集",
		"albumtitle": "《活水（二）》夏季合集(46)",
		"title": "活水（二）-5月16日"
	},
	{
		"duration": 300,
		"size": "1M",
		"path": "http://media.haomuren.org/dev/lv2/lvii0517.mp3",
		"id": 6362000047,
		"albumId": 6362,
		"albumName": "《活水（二）》夏季合集",
		"albumtitle": "《活水（二）》夏季合集(47)",
		"title": "活水（二）-5月17日"
	},
	{
		"duration": 300,
		"size": "1M",
		"path": "http://media.haomuren.org/dev/lv2/lvii0518.mp3",
		"id": 6362000048,
		"albumId": 6362,
		"albumName": "《活水（二）》夏季合集",
		"albumtitle": "《活水（二）》夏季合集(48)",
		"title": "活水（二）-5月18日"
	},
	{
		"duration": 300,
		"size": "1M",
		"path": "http://media.haomuren.org/dev/lv2/lvii0519.mp3",
		"id": 6362000049,
		"albumId": 6362,
		"albumName": "《活水（二）》夏季合集",
		"albumtitle": "《活水（二）》夏季合集(49)",
		"title": "活水（二）-5月19日"
	},
	{
		"duration": 300,
		"size": "1M",
		"path": "http://media.haomuren.org/dev/lv2/lvii0520.mp3",
		"id": 6362000050,
		"albumId": 6362,
		"albumName": "《活水（二）》夏季合集",
		"albumtitle": "《活水（二）》夏季合集(50)",
		"title": "活水（二）-5月20日"
	},
	{
		"duration": 300,
		"size": "1M",
		"path": "http://media.haomuren.org/dev/lv2/lvii0521.mp3",
		"id": 6362000051,
		"albumId": 6362,
		"albumName": "《活水（二）》夏季合集",
		"albumtitle": "《活水（二）》夏季合集(51)",
		"title": "活水（二）-5月21日"
	},
	{
		"duration": 300,
		"size": "1M",
		"path": "http://media.haomuren.org/dev/lv2/lvii0522.mp3",
		"id": 6362000052,
		"albumId": 6362,
		"albumName": "《活水（二）》夏季合集",
		"albumtitle": "《活水（二）》夏季合集(52)",
		"title": "活水（二）-5月22日"
	},
	{
		"duration": 300,
		"size": "1M",
		"path": "http://media.haomuren.org/dev/lv2/lvii0523.mp3",
		"id": 6362000053,
		"albumId": 6362,
		"albumName": "《活水（二）》夏季合集",
		"albumtitle": "《活水（二）》夏季合集(53)",
		"title": "活水（二）-5月23日"
	},
	{
		"duration": 300,
		"size": "1M",
		"path": "http://media.haomuren.org/dev/lv2/lvii0524.mp3",
		"id": 6362000054,
		"albumId": 6362,
		"albumName": "《活水（二）》夏季合集",
		"albumtitle": "《活水（二）》夏季合集(54)",
		"title": "活水（二）-5月24日"
	},
	{
		"duration": 300,
		"size": "1M",
		"path": "http://media.haomuren.org/dev/lv2/lvii0525.mp3",
		"id": 6362000055,
		"albumId": 6362,
		"albumName": "《活水（二）》夏季合集",
		"albumtitle": "《活水（二）》夏季合集(55)",
		"title": "活水（二）-5月25日"
	},
	{
		"duration": 300,
		"size": "1M",
		"path": "http://media.haomuren.org/dev/lv2/lvii0526.mp3",
		"id": 6362000056,
		"albumId": 6362,
		"albumName": "《活水（二）》夏季合集",
		"albumtitle": "《活水（二）》夏季合集(56)",
		"title": "活水（二）-5月26日"
	},
	{
		"duration": 300,
		"size": "1M",
		"path": "http://media.haomuren.org/dev/lv2/lvii0527.mp3",
		"id": 6362000057,
		"albumId": 6362,
		"albumName": "《活水（二）》夏季合集",
		"albumtitle": "《活水（二）》夏季合集(57)",
		"title": "活水（二）-5月27日"
	},
	{
		"duration": 300,
		"size": "1M",
		"path": "http://media.haomuren.org/dev/lv2/lvii0528.mp3",
		"id": 6362000058,
		"albumId": 6362,
		"albumName": "《活水（二）》夏季合集",
		"albumtitle": "《活水（二）》夏季合集(58)",
		"title": "活水（二）-5月28日"
	},
	{
		"duration": 300,
		"size": "1M",
		"path": "http://media.haomuren.org/dev/lv2/lvii0529.mp3",
		"id": 6362000059,
		"albumId": 6362,
		"albumName": "《活水（二）》夏季合集",
		"albumtitle": "《活水（二）》夏季合集(59)",
		"title": "活水（二）-5月29日"
	},
	{
		"duration": 300,
		"size": "1M",
		"path": "http://media.haomuren.org/dev/lv2/lvii0530.mp3",
		"id": 6362000060,
		"albumId": 6362,
		"albumName": "《活水（二）》夏季合集",
		"albumtitle": "《活水（二）》夏季合集(60)",
		"title": "活水（二）-5月30日"
	},
	{
		"duration": 300,
		"size": "1M",
		"path": "http://media.haomuren.org/dev/lv2/lvii0531.mp3",
		"id": 6362000061,
		"albumId": 6362,
		"albumName": "《活水（二）》夏季合集",
		"albumtitle": "《活水（二）》夏季合集(61)",
		"title": "活水（二）-5月31日"
	},
	{
		"duration": 300,
		"size": "1M",
		"path": "http://media.haomuren.org/dev/lv2/lvii0601.mp3",
		"id": 6362000062,
		"albumId": 6362,
		"albumName": "《活水（二）》夏季合集",
		"albumtitle": "《活水（二）》夏季合集(62)",
		"title": "活水（二）-6月1日"
	},
	{
		"duration": 300,
		"size": "1M",
		"path": "http://media.haomuren.org/dev/lv2/lvii0602.mp3",
		"id": 6362000063,
		"albumId": 6362,
		"albumName": "《活水（二）》夏季合集",
		"albumtitle": "《活水（二）》夏季合集(63)",
		"title": "活水（二）-6月2日"
	},
	{
		"duration": 300,
		"size": "1M",
		"path": "http://media.haomuren.org/dev/lv2/lvii0603.mp3",
		"id": 6362000064,
		"albumId": 6362,
		"albumName": "《活水（二）》夏季合集",
		"albumtitle": "《活水（二）》夏季合集(64)",
		"title": "活水（二）-6月3日"
	},
	{
		"duration": 300,
		"size": "1M",
		"path": "http://media.haomuren.org/dev/lv2/lvii0604.mp3",
		"id": 6362000065,
		"albumId": 6362,
		"albumName": "《活水（二）》夏季合集",
		"albumtitle": "《活水（二）》夏季合集(65)",
		"title": "活水（二）-6月4日"
	},
	{
		"duration": 300,
		"size": "1M",
		"path": "http://media.haomuren.org/dev/lv2/lvii0605.mp3",
		"id": 6362000066,
		"albumId": 6362,
		"albumName": "《活水（二）》夏季合集",
		"albumtitle": "《活水（二）》夏季合集(66)",
		"title": "活水（二）-6月5日"
	},
	{
		"duration": 300,
		"size": "1M",
		"path": "http://media.haomuren.org/dev/lv2/lvii0606.mp3",
		"id": 6362000067,
		"albumId": 6362,
		"albumName": "《活水（二）》夏季合集",
		"albumtitle": "《活水（二）》夏季合集(67)",
		"title": "活水（二）-6月6日"
	},
	{
		"duration": 300,
		"size": "1M",
		"path": "http://media.haomuren.org/dev/lv2/lvii0607.mp3",
		"id": 6362000068,
		"albumId": 6362,
		"albumName": "《活水（二）》夏季合集",
		"albumtitle": "《活水（二）》夏季合集(68)",
		"title": "活水（二）-6月7日"
	},
	{
		"duration": 300,
		"size": "1M",
		"path": "http://media.haomuren.org/dev/lv2/lvii0608.mp3",
		"id": 6362000069,
		"albumId": 6362,
		"albumName": "《活水（二）》夏季合集",
		"albumtitle": "《活水（二）》夏季合集(69)",
		"title": "活水（二）-6月8日"
	},
	{
		"duration": 300,
		"size": "1M",
		"path": "http://media.haomuren.org/dev/lv2/lvii0609.mp3",
		"id": 6362000070,
		"albumId": 6362,
		"albumName": "《活水（二）》夏季合集",
		"albumtitle": "《活水（二）》夏季合集(70)",
		"title": "活水（二）-6月9日"
	},
	{
		"duration": 300,
		"size": "1M",
		"path": "http://media.haomuren.org/dev/lv2/lvii0610.mp3",
		"id": 6362000071,
		"albumId": 6362,
		"albumName": "《活水（二）》夏季合集",
		"albumtitle": "《活水（二）》夏季合集(71)",
		"title": "活水（二）-6月10日"
	},
	{
		"duration": 300,
		"size": "1M",
		"path": "http://media.haomuren.org/dev/lv2/lvii0611.mp3",
		"id": 6362000072,
		"albumId": 6362,
		"albumName": "《活水（二）》夏季合集",
		"albumtitle": "《活水（二）》夏季合集(72)",
		"title": "活水（二）-6月11日"
	},
	{
		"duration": 300,
		"size": "1M",
		"path": "http://media.haomuren.org/dev/lv2/lvii0612.mp3",
		"id": 6362000073,
		"albumId": 6362,
		"albumName": "《活水（二）》夏季合集",
		"albumtitle": "《活水（二）》夏季合集(73)",
		"title": "活水（二）-6月12日"
	},
	{
		"duration": 300,
		"size": "1M",
		"path": "http://media.haomuren.org/dev/lv2/lvii0613.mp3",
		"id": 6362000074,
		"albumId": 6362,
		"albumName": "《活水（二）》夏季合集",
		"albumtitle": "《活水（二）》夏季合集(74)",
		"title": "活水（二）-6月13日"
	},
	{
		"duration": 300,
		"size": "1M",
		"path": "http://media.haomuren.org/dev/lv2/lvii0614.mp3",
		"id": 6362000075,
		"albumId": 6362,
		"albumName": "《活水（二）》夏季合集",
		"albumtitle": "《活水（二）》夏季合集(75)",
		"title": "活水（二）-6月14日"
	},
	{
		"duration": 300,
		"size": "1M",
		"path": "http://media.haomuren.org/dev/lv2/lvii0615.mp3",
		"id": 6362000076,
		"albumId": 6362,
		"albumName": "《活水（二）》夏季合集",
		"albumtitle": "《活水（二）》夏季合集(76)",
		"title": "活水（二）-6月15日"
	},
	{
		"duration": 300,
		"size": "1M",
		"path": "http://media.haomuren.org/dev/lv2/lvii0616.mp3",
		"id": 6362000077,
		"albumId": 6362,
		"albumName": "《活水（二）》夏季合集",
		"albumtitle": "《活水（二）》夏季合集(77)",
		"title": "活水（二）-6月16日"
	},
	{
		"duration": 300,
		"size": "1M",
		"path": "http://media.haomuren.org/dev/lv2/lvii0617.mp3",
		"id": 6362000078,
		"albumId": 6362,
		"albumName": "《活水（二）》夏季合集",
		"albumtitle": "《活水（二）》夏季合集(78)",
		"title": "活水（二）-6月17日"
	},
	{
		"duration": 300,
		"size": "1M",
		"path": "http://media.haomuren.org/dev/lv2/lvii0618.mp3",
		"id": 6362000079,
		"albumId": 6362,
		"albumName": "《活水（二）》夏季合集",
		"albumtitle": "《活水（二）》夏季合集(79)",
		"title": "活水（二）-6月18日"
	},
	{
		"duration": 300,
		"size": "1M",
		"path": "http://media.haomuren.org/dev/lv2/lvii0619.mp3",
		"id": 6362000080,
		"albumId": 6362,
		"albumName": "《活水（二）》夏季合集",
		"albumtitle": "《活水（二）》夏季合集(80)",
		"title": "活水（二）-6月19日"
	},
	{
		"duration": 300,
		"size": "1M",
		"path": "http://media.haomuren.org/dev/lv2/lvii0620.mp3",
		"id": 6362000081,
		"albumId": 6362,
		"albumName": "《活水（二）》夏季合集",
		"albumtitle": "《活水（二）》夏季合集(81)",
		"title": "活水（二）-6月20日"
	},
	{
		"duration": 300,
		"size": "1M",
		"path": "http://media.haomuren.org/dev/lv2/lvii0621.mp3",
		"id": 6362000082,
		"albumId": 6362,
		"albumName": "《活水（二）》夏季合集",
		"albumtitle": "《活水（二）》夏季合集(82)",
		"title": "活水（二）-6月21日"
	},
	{
		"duration": 300,
		"size": "1M",
		"path": "http://media.haomuren.org/dev/lv2/lvii0622.mp3",
		"id": 6362000083,
		"albumId": 6362,
		"albumName": "《活水（二）》夏季合集",
		"albumtitle": "《活水（二）》夏季合集(83)",
		"title": "活水（二）-6月22日"
	},
	{
		"duration": 300,
		"size": "1M",
		"path": "http://media.haomuren.org/dev/lv2/lvii0623.mp3",
		"id": 6362000084,
		"albumId": 6362,
		"albumName": "《活水（二）》夏季合集",
		"albumtitle": "《活水（二）》夏季合集(84)",
		"title": "活水（二）-6月23日"
	},
	{
		"duration": 300,
		"size": "1M",
		"path": "http://media.haomuren.org/dev/lv2/lvii0624.mp3",
		"id": 6362000085,
		"albumId": 6362,
		"albumName": "《活水（二）》夏季合集",
		"albumtitle": "《活水（二）》夏季合集(85)",
		"title": "活水（二）-6月24日"
	},
	{
		"duration": 300,
		"size": "1M",
		"path": "http://media.haomuren.org/dev/lv2/lvii0625.mp3",
		"id": 6362000086,
		"albumId": 6362,
		"albumName": "《活水（二）》夏季合集",
		"albumtitle": "《活水（二）》夏季合集(86)",
		"title": "活水（二）-6月25日"
	},
	{
		"duration": 300,
		"size": "1M",
		"path": "http://media.haomuren.org/dev/lv2/lvii0626.mp3",
		"id": 6362000087,
		"albumId": 6362,
		"albumName": "《活水（二）》夏季合集",
		"albumtitle": "《活水（二）》夏季合集(87)",
		"title": "活水（二）-6月26日"
	},
	{
		"duration": 300,
		"size": "1M",
		"path": "http://media.haomuren.org/dev/lv2/lvii0627.mp3",
		"id": 6362000088,
		"albumId": 6362,
		"albumName": "《活水（二）》夏季合集",
		"albumtitle": "《活水（二）》夏季合集(88)",
		"title": "活水（二）-6月27日"
	},
	{
		"duration": 300,
		"size": "1M",
		"path": "http://media.haomuren.org/dev/lv2/lvii0628.mp3",
		"id": 6362000089,
		"albumId": 6362,
		"albumName": "《活水（二）》夏季合集",
		"albumtitle": "《活水（二）》夏季合集(89)",
		"title": "活水（二）-6月28日"
	},
	{
		"duration": 300,
		"size": "1M",
		"path": "http://media.haomuren.org/dev/lv2/lvii0629.mp3",
		"id": 6362000090,
		"albumId": 6362,
		"albumName": "《活水（二）》夏季合集",
		"albumtitle": "《活水（二）》夏季合集(90)",
		"title": "活水（二）-6月29日"
	},
	{
		"duration": 300,
		"size": "1M",
		"path": "http://media.haomuren.org/dev/lv2/lvii0630.mp3",
		"id": 6362000091,
		"albumId": 6362,
		"albumName": "《活水（二）》夏季合集",
		"albumtitle": "《活水（二）》夏季合集(91)",
		"title": "活水（二）-6月30日"
	}
]