[
	{
		"duration": 300,
		"size": "1M",
		"path": "http://media.haomuren.org/dev/lv/lv1001.mp3",
		"id": 6360000001,
		"albumId": 6360,
		"albumName": "《活水》冬季合集",
		"albumtitle": "《活水》冬季合集(1)",
		"title": "活水-10月1日"
	},
	{
		"duration": 300,
		"size": "1M",
		"path": "http://media.haomuren.org/dev/lv/lv1002.mp3",
		"id": 6360000002,
		"albumId": 6360,
		"albumName": "《活水》冬季合集",
		"albumtitle": "《活水》冬季合集(2)",
		"title": "活水-10月2日"
	},
	{
		"duration": 300,
		"size": "1M",
		"path": "http://media.haomuren.org/dev/lv/lv1003.mp3",
		"id": 6360000003,
		"albumId": 6360,
		"albumName": "《活水》冬季合集",
		"albumtitle": "《活水》冬季合集(3)",
		"title": "活水-10月3日"
	},
	{
		"duration": 300,
		"size": "1M",
		"path": "http://media.haomuren.org/dev/lv/lv1004.mp3",
		"id": 6360000004,
		"albumId": 6360,
		"albumName": "《活水》冬季合集",
		"albumtitle": "《活水》冬季合集(4)",
		"title": "活水-10月4日"
	},
	{
		"duration": 300,
		"size": "1M",
		"path": "http://media.haomuren.org/dev/lv/lv1005.mp3",
		"id": 6360000005,
		"albumId": 6360,
		"albumName": "《活水》冬季合集",
		"albumtitle": "《活水》冬季合集(5)",
		"title": "活水-10月5日"
	},
	{
		"duration": 300,
		"size": "1M",
		"path": "http://media.haomuren.org/dev/lv/lv1006.mp3",
		"id": 6360000006,
		"albumId": 6360,
		"albumName": "《活水》冬季合集",
		"albumtitle": "《活水》冬季合集(6)",
		"title": "活水-10月6日"
	},
	{
		"duration": 300,
		"size": "1M",
		"path": "http://media.haomuren.org/dev/lv/lv1007.mp3",
		"id": 6360000007,
		"albumId": 6360,
		"albumName": "《活水》冬季合集",
		"albumtitle": "《活水》冬季合集(7)",
		"title": "活水-10月7日"
	},
	{
		"duration": 300,
		"size": "1M",
		"path": "http://media.haomuren.org/dev/lv/lv1008.mp3",
		"id": 6360000008,
		"albumId": 6360,
		"albumName": "《活水》冬季合集",
		"albumtitle": "《活水》冬季合集(8)",
		"title": "活水-10月8日"
	},
	{
		"duration": 300,
		"size": "1M",
		"path": "http://media.haomuren.org/dev/lv/lv1009.mp3",
		"id": 6360000009,
		"albumId": 6360,
		"albumName": "《活水》冬季合集",
		"albumtitle": "《活水》冬季合集(9)",
		"title": "活水-10月9日"
	},
	{
		"duration": 300,
		"size": "1M",
		"path": "http://media.haomuren.org/dev/lv/lv1010.mp3",
		"id": 6360000010,
		"albumId": 6360,
		"albumName": "《活水》冬季合集",
		"albumtitle": "《活水》冬季合集(10)",
		"title": "活水-10月10日"
	},
	{
		"duration": 300,
		"size": "1M",
		"path": "http://media.haomuren.org/dev/lv/lv1011.mp3",
		"id": 6360000011,
		"albumId": 6360,
		"albumName": "《活水》冬季合集",
		"albumtitle": "《活水》冬季合集(11)",
		"title": "活水-10月11日"
	},
	{
		"duration": 300,
		"size": "1M",
		"path": "http://media.haomuren.org/dev/lv/lv1012.mp3",
		"id": 6360000012,
		"albumId": 6360,
		"albumName": "《活水》冬季合集",
		"albumtitle": "《活水》冬季合集(12)",
		"title": "活水-10月12日"
	},
	{
		"duration": 300,
		"size": "1M",
		"path": "http://media.haomuren.org/dev/lv/lv1013.mp3",
		"id": 6360000013,
		"albumId": 6360,
		"albumName": "《活水》冬季合集",
		"albumtitle": "《活水》冬季合集(13)",
		"title": "活水-10月13日"
	},
	{
		"duration": 300,
		"size": "1M",
		"path": "http://media.haomuren.org/dev/lv/lv1014.mp3",
		"id": 6360000014,
		"albumId": 6360,
		"albumName": "《活水》冬季合集",
		"albumtitle": "《活水》冬季合集(14)",
		"title": "活水-10月14日"
	},
	{
		"duration": 300,
		"size": "1M",
		"path": "http://media.haomuren.org/dev/lv/lv1015.mp3",
		"id": 6360000015,
		"albumId": 6360,
		"albumName": "《活水》冬季合集",
		"albumtitle": "《活水》冬季合集(15)",
		"title": "活水-10月15日"
	},
	{
		"duration": 300,
		"size": "1M",
		"path": "http://media.haomuren.org/dev/lv/lv1016.mp3",
		"id": 6360000016,
		"albumId": 6360,
		"albumName": "《活水》冬季合集",
		"albumtitle": "《活水》冬季合集(16)",
		"title": "活水-10月16日"
	},
	{
		"duration": 300,
		"size": "1M",
		"path": "http://media.haomuren.org/dev/lv/lv1017.mp3",
		"id": 6360000017,
		"albumId": 6360,
		"albumName": "《活水》冬季合集",
		"albumtitle": "《活水》冬季合集(17)",
		"title": "活水-10月17日"
	},
	{
		"duration": 300,
		"size": "1M",
		"path": "http://media.haomuren.org/dev/lv/lv1018.mp3",
		"id": 6360000018,
		"albumId": 6360,
		"albumName": "《活水》冬季合集",
		"albumtitle": "《活水》冬季合集(18)",
		"title": "活水-10月18日"
	},
	{
		"duration": 300,
		"size": "1M",
		"path": "http://media.haomuren.org/dev/lv/lv1019.mp3",
		"id": 6360000019,
		"albumId": 6360,
		"albumName": "《活水》冬季合集",
		"albumtitle": "《活水》冬季合集(19)",
		"title": "活水-10月19日"
	},
	{
		"duration": 300,
		"size": "1M",
		"path": "http://media.haomuren.org/dev/lv/lv1020.mp3",
		"id": 6360000020,
		"albumId": 6360,
		"albumName": "《活水》冬季合集",
		"albumtitle": "《活水》冬季合集(20)",
		"title": "活水-10月20日"
	},
	{
		"duration": 300,
		"size": "1M",
		"path": "http://media.haomuren.org/dev/lv/lv1021.mp3",
		"id": 6360000021,
		"albumId": 6360,
		"albumName": "《活水》冬季合集",
		"albumtitle": "《活水》冬季合集(21)",
		"title": "活水-10月21日"
	},
	{
		"duration": 300,
		"size": "1M",
		"path": "http://media.haomuren.org/dev/lv/lv1022.mp3",
		"id": 6360000022,
		"albumId": 6360,
		"albumName": "《活水》冬季合集",
		"albumtitle": "《活水》冬季合集(22)",
		"title": "活水-10月22日"
	},
	{
		"duration": 300,
		"size": "1M",
		"path": "http://media.haomuren.org/dev/lv/lv1023.mp3",
		"id": 6360000023,
		"albumId": 6360,
		"albumName": "《活水》冬季合集",
		"albumtitle": "《活水》冬季合集(23)",
		"title": "活水-10月23日"
	},
	{
		"duration": 300,
		"size": "1M",
		"path": "http://media.haomuren.org/dev/lv/lv1024.mp3",
		"id": 6360000024,
		"albumId": 6360,
		"albumName": "《活水》冬季合集",
		"albumtitle": "《活水》冬季合集(24)",
		"title": "活水-10月24日"
	},
	{
		"duration": 300,
		"size": "1M",
		"path": "http://media.haomuren.org/dev/lv/lv1025.mp3",
		"id": 6360000025,
		"albumId": 6360,
		"albumName": "《活水》冬季合集",
		"albumtitle": "《活水》冬季合集(25)",
		"title": "活水-10月25日"
	},
	{
		"duration": 300,
		"size": "1M",
		"path": "http://media.haomuren.org/dev/lv/lv1026.mp3",
		"id": 6360000026,
		"albumId": 6360,
		"albumName": "《活水》冬季合集",
		"albumtitle": "《活水》冬季合集(26)",
		"title": "活水-10月26日"
	},
	{
		"duration": 300,
		"size": "1M",
		"path": "http://media.haomuren.org/dev/lv/lv1027.mp3",
		"id": 6360000027,
		"albumId": 6360,
		"albumName": "《活水》冬季合集",
		"albumtitle": "《活水》冬季合集(27)",
		"title": "活水-10月27日"
	},
	{
		"duration": 300,
		"size": "1M",
		"path": "http://media.haomuren.org/dev/lv/lv1028.mp3",
		"id": 6360000028,
		"albumId": 6360,
		"albumName": "《活水》冬季合集",
		"albumtitle": "《活水》冬季合集(28)",
		"title": "活水-10月28日"
	},
	{
		"duration": 300,
		"size": "1M",
		"path": "http://media.haomuren.org/dev/lv/lv1029.mp3",
		"id": 6360000029,
		"albumId": 6360,
		"albumName": "《活水》冬季合集",
		"albumtitle": "《活水》冬季合集(29)",
		"title": "活水-10月29日"
	},
	{
		"duration": 300,
		"size": "1M",
		"path": "http://media.haomuren.org/dev/lv/lv1030.mp3",
		"id": 6360000030,
		"albumId": 6360,
		"albumName": "《活水》冬季合集",
		"albumtitle": "《活水》冬季合集(30)",
		"title": "活水-10月30日"
	},
	{
		"duration": 300,
		"size": "1M",
		"path": "http://media.haomuren.org/dev/lv/lv1031.mp3",
		"id": 6360000031,
		"albumId": 6360,
		"albumName": "《活水》冬季合集",
		"albumtitle": "《活水》冬季合集(31)",
		"title": "活水-10月31日"
	},
	{
		"duration": 300,
		"size": "1M",
		"path": "http://media.haomuren.org/dev/lv/lv1101.mp3",
		"id": 6360000032,
		"albumId": 6360,
		"albumName": "《活水》冬季合集",
		"albumtitle": "《活水》冬季合集(32)",
		"title": "活水-11月1日"
	},
	{
		"duration": 300,
		"size": "1M",
		"path": "http://media.haomuren.org/dev/lv/lv1102.mp3",
		"id": 6360000033,
		"albumId": 6360,
		"albumName": "《活水》冬季合集",
		"albumtitle": "《活水》冬季合集(33)",
		"title": "活水-11月2日"
	},
	{
		"duration": 300,
		"size": "1M",
		"path": "http://media.haomuren.org/dev/lv/lv1103.mp3",
		"id": 6360000034,
		"albumId": 6360,
		"albumName": "《活水》冬季合集",
		"albumtitle": "《活水》冬季合集(34)",
		"title": "活水-11月3日"
	},
	{
		"duration": 300,
		"size": "1M",
		"path": "http://media.haomuren.org/dev/lv/lv1104.mp3",
		"id": 6360000035,
		"albumId": 6360,
		"albumName": "《活水》冬季合集",
		"albumtitle": "《活水》冬季合集(35)",
		"title": "活水-11月4日"
	},
	{
		"duration": 300,
		"size": "1M",
		"path": "http://media.haomuren.org/dev/lv/lv1105.mp3",
		"id": 6360000036,
		"albumId": 6360,
		"albumName": "《活水》冬季合集",
		"albumtitle": "《活水》冬季合集(36)",
		"title": "活水-11月5日"
	},
	{
		"duration": 300,
		"size": "1M",
		"path": "http://media.haomuren.org/dev/lv/lv1106.mp3",
		"id": 6360000037,
		"albumId": 6360,
		"albumName": "《活水》冬季合集",
		"albumtitle": "《活水》冬季合集(37)",
		"title": "活水-11月6日"
	},
	{
		"duration": 300,
		"size": "1M",
		"path": "http://media.haomuren.org/dev/lv/lv1107.mp3",
		"id": 6360000038,
		"albumId": 6360,
		"albumName": "《活水》冬季合集",
		"albumtitle": "《活水》冬季合集(38)",
		"title": "活水-11月7日"
	},
	{
		"duration": 300,
		"size": "1M",
		"path": "http://media.haomuren.org/dev/lv/lv1108.mp3",
		"id": 6360000039,
		"albumId": 6360,
		"albumName": "《活水》冬季合集",
		"albumtitle": "《活水》冬季合集(39)",
		"title": "活水-11月8日"
	},
	{
		"duration": 300,
		"size": "1M",
		"path": "http://media.haomuren.org/dev/lv/lv1109.mp3",
		"id": 6360000040,
		"albumId": 6360,
		"albumName": "《活水》冬季合集",
		"albumtitle": "《活水》冬季合集(40)",
		"title": "活水-11月9日"
	},
	{
		"duration": 300,
		"size": "1M",
		"path": "http://media.haomuren.org/dev/lv/lv1110.mp3",
		"id": 6360000041,
		"albumId": 6360,
		"albumName": "《活水》冬季合集",
		"albumtitle": "《活水》冬季合集(41)",
		"title": "活水-11月10日"
	},
	{
		"duration": 300,
		"size": "1M",
		"path": "http://media.haomuren.org/dev/lv/lv1111.mp3",
		"id": 6360000042,
		"albumId": 6360,
		"albumName": "《活水》冬季合集",
		"albumtitle": "《活水》冬季合集(42)",
		"title": "活水-11月11日"
	},
	{
		"duration": 300,
		"size": "1M",
		"path": "http://media.haomuren.org/dev/lv/lv1112.mp3",
		"id": 6360000043,
		"albumId": 6360,
		"albumName": "《活水》冬季合集",
		"albumtitle": "《活水》冬季合集(43)",
		"title": "活水-11月12日"
	},
	{
		"duration": 300,
		"size": "1M",
		"path": "http://media.haomuren.org/dev/lv/lv1113.mp3",
		"id": 6360000044,
		"albumId": 6360,
		"albumName": "《活水》冬季合集",
		"albumtitle": "《活水》冬季合集(44)",
		"title": "活水-11月13日"
	},
	{
		"duration": 300,
		"size": "1M",
		"path": "http://media.haomuren.org/dev/lv/lv1114.mp3",
		"id": 6360000045,
		"albumId": 6360,
		"albumName": "《活水》冬季合集",
		"albumtitle": "《活水》冬季合集(45)",
		"title": "活水-11月14日"
	},
	{
		"duration": 300,
		"size": "1M",
		"path": "http://media.haomuren.org/dev/lv/lv1115.mp3",
		"id": 6360000046,
		"albumId": 6360,
		"albumName": "《活水》冬季合集",
		"albumtitle": "《活水》冬季合集(46)",
		"title": "活水-11月15日"
	},
	{
		"duration": 300,
		"size": "1M",
		"path": "http://media.haomuren.org/dev/lv/lv1116.mp3",
		"id": 6360000047,
		"albumId": 6360,
		"albumName": "《活水》冬季合集",
		"albumtitle": "《活水》冬季合集(47)",
		"title": "活水-11月16日"
	},
	{
		"duration": 300,
		"size": "1M",
		"path": "http://media.haomuren.org/dev/lv/lv1117.mp3",
		"id": 6360000048,
		"albumId": 6360,
		"albumName": "《活水》冬季合集",
		"albumtitle": "《活水》冬季合集(48)",
		"title": "活水-11月17日"
	},
	{
		"duration": 300,
		"size": "1M",
		"path": "http://media.haomuren.org/dev/lv/lv1118.mp3",
		"id": 6360000049,
		"albumId": 6360,
		"albumName": "《活水》冬季合集",
		"albumtitle": "《活水》冬季合集(49)",
		"title": "活水-11月18日"
	},
	{
		"duration": 300,
		"size": "1M",
		"path": "http://media.haomuren.org/dev/lv/lv1119.mp3",
		"id": 6360000050,
		"albumId": 6360,
		"albumName": "《活水》冬季合集",
		"albumtitle": "《活水》冬季合集(50)",
		"title": "活水-11月19日"
	},
	{
		"duration": 300,
		"size": "1M",
		"path": "http://media.haomuren.org/dev/lv/lv1120.mp3",
		"id": 6360000051,
		"albumId": 6360,
		"albumName": "《活水》冬季合集",
		"albumtitle": "《活水》冬季合集(51)",
		"title": "活水-11月20日"
	},
	{
		"duration": 300,
		"size": "1M",
		"path": "http://media.haomuren.org/dev/lv/lv1121.mp3",
		"id": 6360000052,
		"albumId": 6360,
		"albumName": "《活水》冬季合集",
		"albumtitle": "《活水》冬季合集(52)",
		"title": "活水-11月21日"
	},
	{
		"duration": 300,
		"size": "1M",
		"path": "http://media.haomuren.org/dev/lv/lv1122.mp3",
		"id": 6360000053,
		"albumId": 6360,
		"albumName": "《活水》冬季合集",
		"albumtitle": "《活水》冬季合集(53)",
		"title": "活水-11月22日"
	},
	{
		"duration": 300,
		"size": "1M",
		"path": "http://media.haomuren.org/dev/lv/lv1123.mp3",
		"id": 6360000054,
		"albumId": 6360,
		"albumName": "《活水》冬季合集",
		"albumtitle": "《活水》冬季合集(54)",
		"title": "活水-11月23日"
	},
	{
		"duration": 300,
		"size": "1M",
		"path": "http://media.haomuren.org/dev/lv/lv1124.mp3",
		"id": 6360000055,
		"albumId": 6360,
		"albumName": "《活水》冬季合集",
		"albumtitle": "《活水》冬季合集(55)",
		"title": "活水-11月24日"
	},
	{
		"duration": 300,
		"size": "1M",
		"path": "http://media.haomuren.org/dev/lv/lv1125.mp3",
		"id": 6360000056,
		"albumId": 6360,
		"albumName": "《活水》冬季合集",
		"albumtitle": "《活水》冬季合集(56)",
		"title": "活水-11月25日"
	},
	{
		"duration": 300,
		"size": "1M",
		"path": "http://media.haomuren.org/dev/lv/lv1126.mp3",
		"id": 6360000057,
		"albumId": 6360,
		"albumName": "《活水》冬季合集",
		"albumtitle": "《活水》冬季合集(57)",
		"title": "活水-11月26日"
	},
	{
		"duration": 300,
		"size": "1M",
		"path": "http://media.haomuren.org/dev/lv/lv1127.mp3",
		"id": 6360000058,
		"albumId": 6360,
		"albumName": "《活水》冬季合集",
		"albumtitle": "《活水》冬季合集(58)",
		"title": "活水-11月27日"
	},
	{
		"duration": 300,
		"size": "1M",
		"path": "http://media.haomuren.org/dev/lv/lv1128.mp3",
		"id": 6360000059,
		"albumId": 6360,
		"albumName": "《活水》冬季合集",
		"albumtitle": "《活水》冬季合集(59)",
		"title": "活水-11月28日"
	},
	{
		"duration": 300,
		"size": "1M",
		"path": "http://media.haomuren.org/dev/lv/lv1129.mp3",
		"id": 6360000060,
		"albumId": 6360,
		"albumName": "《活水》冬季合集",
		"albumtitle": "《活水》冬季合集(60)",
		"title": "活水-11月29日"
	},
	{
		"duration": 300,
		"size": "1M",
		"path": "http://media.haomuren.org/dev/lv/lv1130.mp3",
		"id": 6360000061,
		"albumId": 6360,
		"albumName": "《活水》冬季合集",
		"albumtitle": "《活水》冬季合集(61)",
		"title": "活水-11月30日"
	},
	{
		"duration": 300,
		"size": "1M",
		"path": "http://media.haomuren.org/dev/lv/lv1201.mp3",
		"id": 6360000062,
		"albumId": 6360,
		"albumName": "《活水》冬季合集",
		"albumtitle": "《活水》冬季合集(62)",
		"title": "活水-12月1日"
	},
	{
		"duration": 300,
		"size": "1M",
		"path": "http://media.haomuren.org/dev/lv/lv1202.mp3",
		"id": 6360000063,
		"albumId": 6360,
		"albumName": "《活水》冬季合集",
		"albumtitle": "《活水》冬季合集(63)",
		"title": "活水-12月2日"
	},
	{
		"duration": 300,
		"size": "1M",
		"path": "http://media.haomuren.org/dev/lv/lv1203.mp3",
		"id": 6360000064,
		"albumId": 6360,
		"albumName": "《活水》冬季合集",
		"albumtitle": "《活水》冬季合集(64)",
		"title": "活水-12月3日"
	},
	{
		"duration": 300,
		"size": "1M",
		"path": "http://media.haomuren.org/dev/lv/lv1204.mp3",
		"id": 6360000065,
		"albumId": 6360,
		"albumName": "《活水》冬季合集",
		"albumtitle": "《活水》冬季合集(65)",
		"title": "活水-12月4日"
	},
	{
		"duration": 300,
		"size": "1M",
		"path": "http://media.haomuren.org/dev/lv/lv1205.mp3",
		"id": 6360000066,
		"albumId": 6360,
		"albumName": "《活水》冬季合集",
		"albumtitle": "《活水》冬季合集(66)",
		"title": "活水-12月5日"
	},
	{
		"duration": 300,
		"size": "1M",
		"path": "http://media.haomuren.org/dev/lv/lv1206.mp3",
		"id": 6360000067,
		"albumId": 6360,
		"albumName": "《活水》冬季合集",
		"albumtitle": "《活水》冬季合集(67)",
		"title": "活水-12月6日"
	},
	{
		"duration": 300,
		"size": "1M",
		"path": "http://media.haomuren.org/dev/lv/lv1207.mp3",
		"id": 6360000068,
		"albumId": 6360,
		"albumName": "《活水》冬季合集",
		"albumtitle": "《活水》冬季合集(68)",
		"title": "活水-12月7日"
	},
	{
		"duration": 300,
		"size": "1M",
		"path": "http://media.haomuren.org/dev/lv/lv1208.mp3",
		"id": 6360000069,
		"albumId": 6360,
		"albumName": "《活水》冬季合集",
		"albumtitle": "《活水》冬季合集(69)",
		"title": "活水-12月8日"
	},
	{
		"duration": 300,
		"size": "1M",
		"path": "http://media.haomuren.org/dev/lv/lv1209.mp3",
		"id": 6360000070,
		"albumId": 6360,
		"albumName": "《活水》冬季合集",
		"albumtitle": "《活水》冬季合集(70)",
		"title": "活水-12月9日"
	},
	{
		"duration": 300,
		"size": "1M",
		"path": "http://media.haomuren.org/dev/lv/lv1210.mp3",
		"id": 6360000071,
		"albumId": 6360,
		"albumName": "《活水》冬季合集",
		"albumtitle": "《活水》冬季合集(71)",
		"title": "活水-12月10日"
	},
	{
		"duration": 300,
		"size": "1M",
		"path": "http://media.haomuren.org/dev/lv/lv1211.mp3",
		"id": 6360000072,
		"albumId": 6360,
		"albumName": "《活水》冬季合集",
		"albumtitle": "《活水》冬季合集(72)",
		"title": "活水-12月11日"
	},
	{
		"duration": 300,
		"size": "1M",
		"path": "http://media.haomuren.org/dev/lv/lv1212.mp3",
		"id": 6360000073,
		"albumId": 6360,
		"albumName": "《活水》冬季合集",
		"albumtitle": "《活水》冬季合集(73)",
		"title": "活水-12月12日"
	},
	{
		"duration": 300,
		"size": "1M",
		"path": "http://media.haomuren.org/dev/lv/lv1213.mp3",
		"id": 6360000074,
		"albumId": 6360,
		"albumName": "《活水》冬季合集",
		"albumtitle": "《活水》冬季合集(74)",
		"title": "活水-12月13日"
	},
	{
		"duration": 300,
		"size": "1M",
		"path": "http://media.haomuren.org/dev/lv/lv1214.mp3",
		"id": 6360000075,
		"albumId": 6360,
		"albumName": "《活水》冬季合集",
		"albumtitle": "《活水》冬季合集(75)",
		"title": "活水-12月14日"
	},
	{
		"duration": 300,
		"size": "1M",
		"path": "http://media.haomuren.org/dev/lv/lv1215.mp3",
		"id": 6360000076,
		"albumId": 6360,
		"albumName": "《活水》冬季合集",
		"albumtitle": "《活水》冬季合集(76)",
		"title": "活水-12月15日"
	},
	{
		"duration": 300,
		"size": "1M",
		"path": "http://media.haomuren.org/dev/lv/lv1216.mp3",
		"id": 6360000077,
		"albumId": 6360,
		"albumName": "《活水》冬季合集",
		"albumtitle": "《活水》冬季合集(77)",
		"title": "活水-12月16日"
	},
	{
		"duration": 300,
		"size": "1M",
		"path": "http://media.haomuren.org/dev/lv/lv1217.mp3",
		"id": 6360000078,
		"albumId": 6360,
		"albumName": "《活水》冬季合集",
		"albumtitle": "《活水》冬季合集(78)",
		"title": "活水-12月17日"
	},
	{
		"duration": 300,
		"size": "1M",
		"path": "http://media.haomuren.org/dev/lv/lv1218.mp3",
		"id": 6360000079,
		"albumId": 6360,
		"albumName": "《活水》冬季合集",
		"albumtitle": "《活水》冬季合集(79)",
		"title": "活水-12月18日"
	},
	{
		"duration": 300,
		"size": "1M",
		"path": "http://media.haomuren.org/dev/lv/lv1219.mp3",
		"id": 6360000080,
		"albumId": 6360,
		"albumName": "《活水》冬季合集",
		"albumtitle": "《活水》冬季合集(80)",
		"title": "活水-12月19日"
	},
	{
		"duration": 300,
		"size": "1M",
		"path": "http://media.haomuren.org/dev/lv/lv1220.mp3",
		"id": 6360000081,
		"albumId": 6360,
		"albumName": "《活水》冬季合集",
		"albumtitle": "《活水》冬季合集(81)",
		"title": "活水-12月20日"
	},
	{
		"duration": 300,
		"size": "1M",
		"path": "http://media.haomuren.org/dev/lv/lv1221.mp3",
		"id": 6360000082,
		"albumId": 6360,
		"albumName": "《活水》冬季合集",
		"albumtitle": "《活水》冬季合集(82)",
		"title": "活水-12月21日"
	},
	{
		"duration": 300,
		"size": "1M",
		"path": "http://media.haomuren.org/dev/lv/lv1222.mp3",
		"id": 6360000083,
		"albumId": 6360,
		"albumName": "《活水》冬季合集",
		"albumtitle": "《活水》冬季合集(83)",
		"title": "活水-12月22日"
	},
	{
		"duration": 300,
		"size": "1M",
		"path": "http://media.haomuren.org/dev/lv/lv1223.mp3",
		"id": 6360000084,
		"albumId": 6360,
		"albumName": "《活水》冬季合集",
		"albumtitle": "《活水》冬季合集(84)",
		"title": "活水-12月23日"
	},
	{
		"duration": 300,
		"size": "1M",
		"path": "http://media.haomuren.org/dev/lv/lv1224.mp3",
		"id": 6360000085,
		"albumId": 6360,
		"albumName": "《活水》冬季合集",
		"albumtitle": "《活水》冬季合集(85)",
		"title": "活水-12月24日"
	},
	{
		"duration": 300,
		"size": "1M",
		"path": "http://media.haomuren.org/dev/lv/lv1225.mp3",
		"id": 6360000086,
		"albumId": 6360,
		"albumName": "《活水》冬季合集",
		"albumtitle": "《活水》冬季合集(86)",
		"title": "活水-12月25日"
	},
	{
		"duration": 300,
		"size": "1M",
		"path": "http://media.haomuren.org/dev/lv/lv1226.mp3",
		"id": 6360000087,
		"albumId": 6360,
		"albumName": "《活水》冬季合集",
		"albumtitle": "《活水》冬季合集(87)",
		"title": "活水-12月26日"
	},
	{
		"duration": 300,
		"size": "1M",
		"path": "http://media.haomuren.org/dev/lv/lv1227.mp3",
		"id": 6360000088,
		"albumId": 6360,
		"albumName": "《活水》冬季合集",
		"albumtitle": "《活水》冬季合集(88)",
		"title": "活水-12月27日"
	},
	{
		"duration": 300,
		"size": "1M",
		"path": "http://media.haomuren.org/dev/lv/lv1228.mp3",
		"id": 6360000089,
		"albumId": 6360,
		"albumName": "《活水》冬季合集",
		"albumtitle": "《活水》冬季合集(89)",
		"title": "活水-12月28日"
	},
	{
		"duration": 300,
		"size": "1M",
		"path": "http://media.haomuren.org/dev/lv/lv1229.mp3",
		"id": 6360000090,
		"albumId": 6360,
		"albumName": "《活水》冬季合集",
		"albumtitle": "《活水》冬季合集(90)",
		"title": "活水-12月29日"
	},
	{
		"duration": 300,
		"size": "1M",
		"path": "http://media.haomuren.org/dev/lv/lv1230.mp3",
		"id": 6360000091,
		"albumId": 6360,
		"albumName": "《活水》冬季合集",
		"albumtitle": "《活水》冬季合集(91)",
		"title": "活水-12月30日"
	},
	{
		"duration": 300,
		"size": "1M",
		"path": "http://media.haomuren.org/dev/lv/lv1231.mp3",
		"id": 6360000092,
		"albumId": 6360,
		"albumName": "《活水》冬季合集",
		"albumtitle": "《活水》冬季合集(92)",
		"title": "活水-12月31日"
	}
]