[
	{
		"duration": 300,
		"size": "1M",
		"path": "http://media.haomuren.org/dev/ev/evn1001.mp3",
		"id": 6376000001,
		"albumId": 6376,
		"albumName": "《靜夜亮光》冬季合集",
		"albumtitle": "《靜夜亮光》冬季合集(1)",
		"title": "靜夜亮光-10月1日"
	},
	{
		"duration": 300,
		"size": "1M",
		"path": "http://media.haomuren.org/dev/ev/evn1002.mp3",
		"id": 6376000002,
		"albumId": 6376,
		"albumName": "《靜夜亮光》冬季合集",
		"albumtitle": "《靜夜亮光》冬季合集(2)",
		"title": "靜夜亮光-10月2日"
	},
	{
		"duration": 300,
		"size": "1M",
		"path": "http://media.haomuren.org/dev/ev/evn1003.mp3",
		"id": 6376000003,
		"albumId": 6376,
		"albumName": "《靜夜亮光》冬季合集",
		"albumtitle": "《靜夜亮光》冬季合集(3)",
		"title": "靜夜亮光-10月3日"
	},
	{
		"duration": 300,
		"size": "1M",
		"path": "http://media.haomuren.org/dev/ev/evn1004.mp3",
		"id": 6376000004,
		"albumId": 6376,
		"albumName": "《靜夜亮光》冬季合集",
		"albumtitle": "《靜夜亮光》冬季合集(4)",
		"title": "靜夜亮光-10月4日"
	},
	{
		"duration": 300,
		"size": "1M",
		"path": "http://media.haomuren.org/dev/ev/evn1005.mp3",
		"id": 6376000005,
		"albumId": 6376,
		"albumName": "《靜夜亮光》冬季合集",
		"albumtitle": "《靜夜亮光》冬季合集(5)",
		"title": "靜夜亮光-10月5日"
	},
	{
		"duration": 300,
		"size": "1M",
		"path": "http://media.haomuren.org/dev/ev/evn1006.mp3",
		"id": 6376000006,
		"albumId": 6376,
		"albumName": "《靜夜亮光》冬季合集",
		"albumtitle": "《靜夜亮光》冬季合集(6)",
		"title": "靜夜亮光-10月6日"
	},
	{
		"duration": 300,
		"size": "1M",
		"path": "http://media.haomuren.org/dev/ev/evn1007.mp3",
		"id": 6376000007,
		"albumId": 6376,
		"albumName": "《靜夜亮光》冬季合集",
		"albumtitle": "《靜夜亮光》冬季合集(7)",
		"title": "靜夜亮光-10月7日"
	},
	{
		"duration": 300,
		"size": "1M",
		"path": "http://media.haomuren.org/dev/ev/evn1008.mp3",
		"id": 6376000008,
		"albumId": 6376,
		"albumName": "《靜夜亮光》冬季合集",
		"albumtitle": "《靜夜亮光》冬季合集(8)",
		"title": "靜夜亮光-10月8日"
	},
	{
		"duration": 300,
		"size": "1M",
		"path": "http://media.haomuren.org/dev/ev/evn1009.mp3",
		"id": 6376000009,
		"albumId": 6376,
		"albumName": "《靜夜亮光》冬季合集",
		"albumtitle": "《靜夜亮光》冬季合集(9)",
		"title": "靜夜亮光-10月9日"
	},
	{
		"duration": 300,
		"size": "1M",
		"path": "http://media.haomuren.org/dev/ev/evn1010.mp3",
		"id": 6376000010,
		"albumId": 6376,
		"albumName": "《靜夜亮光》冬季合集",
		"albumtitle": "《靜夜亮光》冬季合集(10)",
		"title": "靜夜亮光-10月10日"
	},
	{
		"duration": 300,
		"size": "1M",
		"path": "http://media.haomuren.org/dev/ev/evn1011.mp3",
		"id": 6376000011,
		"albumId": 6376,
		"albumName": "《靜夜亮光》冬季合集",
		"albumtitle": "《靜夜亮光》冬季合集(11)",
		"title": "靜夜亮光-10月11日"
	},
	{
		"duration": 300,
		"size": "1M",
		"path": "http://media.haomuren.org/dev/ev/evn1012.mp3",
		"id": 6376000012,
		"albumId": 6376,
		"albumName": "《靜夜亮光》冬季合集",
		"albumtitle": "《靜夜亮光》冬季合集(12)",
		"title": "靜夜亮光-10月12日"
	},
	{
		"duration": 300,
		"size": "1M",
		"path": "http://media.haomuren.org/dev/ev/evn1013.mp3",
		"id": 6376000013,
		"albumId": 6376,
		"albumName": "《靜夜亮光》冬季合集",
		"albumtitle": "《靜夜亮光》冬季合集(13)",
		"title": "靜夜亮光-10月13日"
	},
	{
		"duration": 300,
		"size": "1M",
		"path": "http://media.haomuren.org/dev/ev/evn1014.mp3",
		"id": 6376000014,
		"albumId": 6376,
		"albumName": "《靜夜亮光》冬季合集",
		"albumtitle": "《靜夜亮光》冬季合集(14)",
		"title": "靜夜亮光-10月14日"
	},
	{
		"duration": 300,
		"size": "1M",
		"path": "http://media.haomuren.org/dev/ev/evn1015.mp3",
		"id": 6376000015,
		"albumId": 6376,
		"albumName": "《靜夜亮光》冬季合集",
		"albumtitle": "《靜夜亮光》冬季合集(15)",
		"title": "靜夜亮光-10月15日"
	},
	{
		"duration": 300,
		"size": "1M",
		"path": "http://media.haomuren.org/dev/ev/evn1016.mp3",
		"id": 6376000016,
		"albumId": 6376,
		"albumName": "《靜夜亮光》冬季合集",
		"albumtitle": "《靜夜亮光》冬季合集(16)",
		"title": "靜夜亮光-10月16日"
	},
	{
		"duration": 300,
		"size": "1M",
		"path": "http://media.haomuren.org/dev/ev/evn1017.mp3",
		"id": 6376000017,
		"albumId": 6376,
		"albumName": "《靜夜亮光》冬季合集",
		"albumtitle": "《靜夜亮光》冬季合集(17)",
		"title": "靜夜亮光-10月17日"
	},
	{
		"duration": 300,
		"size": "1M",
		"path": "http://media.haomuren.org/dev/ev/evn1018.mp3",
		"id": 6376000018,
		"albumId": 6376,
		"albumName": "《靜夜亮光》冬季合集",
		"albumtitle": "《靜夜亮光》冬季合集(18)",
		"title": "靜夜亮光-10月18日"
	},
	{
		"duration": 300,
		"size": "1M",
		"path": "http://media.haomuren.org/dev/ev/evn1019.mp3",
		"id": 6376000019,
		"albumId": 6376,
		"albumName": "《靜夜亮光》冬季合集",
		"albumtitle": "《靜夜亮光》冬季合集(19)",
		"title": "靜夜亮光-10月19日"
	},
	{
		"duration": 300,
		"size": "1M",
		"path": "http://media.haomuren.org/dev/ev/evn1020.mp3",
		"id": 6376000020,
		"albumId": 6376,
		"albumName": "《靜夜亮光》冬季合集",
		"albumtitle": "《靜夜亮光》冬季合集(20)",
		"title": "靜夜亮光-10月20日"
	},
	{
		"duration": 300,
		"size": "1M",
		"path": "http://media.haomuren.org/dev/ev/evn1021.mp3",
		"id": 6376000021,
		"albumId": 6376,
		"albumName": "《靜夜亮光》冬季合集",
		"albumtitle": "《靜夜亮光》冬季合集(21)",
		"title": "靜夜亮光-10月21日"
	},
	{
		"duration": 300,
		"size": "1M",
		"path": "http://media.haomuren.org/dev/ev/evn1022.mp3",
		"id": 6376000022,
		"albumId": 6376,
		"albumName": "《靜夜亮光》冬季合集",
		"albumtitle": "《靜夜亮光》冬季合集(22)",
		"title": "靜夜亮光-10月22日"
	},
	{
		"duration": 300,
		"size": "1M",
		"path": "http://media.haomuren.org/dev/ev/evn1023.mp3",
		"id": 6376000023,
		"albumId": 6376,
		"albumName": "《靜夜亮光》冬季合集",
		"albumtitle": "《靜夜亮光》冬季合集(23)",
		"title": "靜夜亮光-10月23日"
	},
	{
		"duration": 300,
		"size": "1M",
		"path": "http://media.haomuren.org/dev/ev/evn1024.mp3",
		"id": 6376000024,
		"albumId": 6376,
		"albumName": "《靜夜亮光》冬季合集",
		"albumtitle": "《靜夜亮光》冬季合集(24)",
		"title": "靜夜亮光-10月24日"
	},
	{
		"duration": 300,
		"size": "1M",
		"path": "http://media.haomuren.org/dev/ev/evn1025.mp3",
		"id": 6376000025,
		"albumId": 6376,
		"albumName": "《靜夜亮光》冬季合集",
		"albumtitle": "《靜夜亮光》冬季合集(25)",
		"title": "靜夜亮光-10月25日"
	},
	{
		"duration": 300,
		"size": "1M",
		"path": "http://media.haomuren.org/dev/ev/evn1026.mp3",
		"id": 6376000026,
		"albumId": 6376,
		"albumName": "《靜夜亮光》冬季合集",
		"albumtitle": "《靜夜亮光》冬季合集(26)",
		"title": "靜夜亮光-10月26日"
	},
	{
		"duration": 300,
		"size": "1M",
		"path": "http://media.haomuren.org/dev/ev/evn1027.mp3",
		"id": 6376000027,
		"albumId": 6376,
		"albumName": "《靜夜亮光》冬季合集",
		"albumtitle": "《靜夜亮光》冬季合集(27)",
		"title": "靜夜亮光-10月27日"
	},
	{
		"duration": 300,
		"size": "1M",
		"path": "http://media.haomuren.org/dev/ev/evn1028.mp3",
		"id": 6376000028,
		"albumId": 6376,
		"albumName": "《靜夜亮光》冬季合集",
		"albumtitle": "《靜夜亮光》冬季合集(28)",
		"title": "靜夜亮光-10月28日"
	},
	{
		"duration": 300,
		"size": "1M",
		"path": "http://media.haomuren.org/dev/ev/evn1029.mp3",
		"id": 6376000029,
		"albumId": 6376,
		"albumName": "《靜夜亮光》冬季合集",
		"albumtitle": "《靜夜亮光》冬季合集(29)",
		"title": "靜夜亮光-10月29日"
	},
	{
		"duration": 300,
		"size": "1M",
		"path": "http://media.haomuren.org/dev/ev/evn1030.mp3",
		"id": 6376000030,
		"albumId": 6376,
		"albumName": "《靜夜亮光》冬季合集",
		"albumtitle": "《靜夜亮光》冬季合集(30)",
		"title": "靜夜亮光-10月30日"
	},
	{
		"duration": 300,
		"size": "1M",
		"path": "http://media.haomuren.org/dev/ev/evn1031.mp3",
		"id": 6376000031,
		"albumId": 6376,
		"albumName": "《靜夜亮光》冬季合集",
		"albumtitle": "《靜夜亮光》冬季合集(31)",
		"title": "靜夜亮光-10月31日"
	},
	{
		"duration": 300,
		"size": "1M",
		"path": "http://media.haomuren.org/dev/ev/evn1101.mp3",
		"id": 6376000032,
		"albumId": 6376,
		"albumName": "《靜夜亮光》冬季合集",
		"albumtitle": "《靜夜亮光》冬季合集(32)",
		"title": "靜夜亮光-11月1日"
	},
	{
		"duration": 300,
		"size": "1M",
		"path": "http://media.haomuren.org/dev/ev/evn1102.mp3",
		"id": 6376000033,
		"albumId": 6376,
		"albumName": "《靜夜亮光》冬季合集",
		"albumtitle": "《靜夜亮光》冬季合集(33)",
		"title": "靜夜亮光-11月2日"
	},
	{
		"duration": 300,
		"size": "1M",
		"path": "http://media.haomuren.org/dev/ev/evn1103.mp3",
		"id": 6376000034,
		"albumId": 6376,
		"albumName": "《靜夜亮光》冬季合集",
		"albumtitle": "《靜夜亮光》冬季合集(34)",
		"title": "靜夜亮光-11月3日"
	},
	{
		"duration": 300,
		"size": "1M",
		"path": "http://media.haomuren.org/dev/ev/evn1104.mp3",
		"id": 6376000035,
		"albumId": 6376,
		"albumName": "《靜夜亮光》冬季合集",
		"albumtitle": "《靜夜亮光》冬季合集(35)",
		"title": "靜夜亮光-11月4日"
	},
	{
		"duration": 300,
		"size": "1M",
		"path": "http://media.haomuren.org/dev/ev/evn1105.mp3",
		"id": 6376000036,
		"albumId": 6376,
		"albumName": "《靜夜亮光》冬季合集",
		"albumtitle": "《靜夜亮光》冬季合集(36)",
		"title": "靜夜亮光-11月5日"
	},
	{
		"duration": 300,
		"size": "1M",
		"path": "http://media.haomuren.org/dev/ev/evn1106.mp3",
		"id": 6376000037,
		"albumId": 6376,
		"albumName": "《靜夜亮光》冬季合集",
		"albumtitle": "《靜夜亮光》冬季合集(37)",
		"title": "靜夜亮光-11月6日"
	},
	{
		"duration": 300,
		"size": "1M",
		"path": "http://media.haomuren.org/dev/ev/evn1107.mp3",
		"id": 6376000038,
		"albumId": 6376,
		"albumName": "《靜夜亮光》冬季合集",
		"albumtitle": "《靜夜亮光》冬季合集(38)",
		"title": "靜夜亮光-11月7日"
	},
	{
		"duration": 300,
		"size": "1M",
		"path": "http://media.haomuren.org/dev/ev/evn1108.mp3",
		"id": 6376000039,
		"albumId": 6376,
		"albumName": "《靜夜亮光》冬季合集",
		"albumtitle": "《靜夜亮光》冬季合集(39)",
		"title": "靜夜亮光-11月8日"
	},
	{
		"duration": 300,
		"size": "1M",
		"path": "http://media.haomuren.org/dev/ev/evn1109.mp3",
		"id": 6376000040,
		"albumId": 6376,
		"albumName": "《靜夜亮光》冬季合集",
		"albumtitle": "《靜夜亮光》冬季合集(40)",
		"title": "靜夜亮光-11月9日"
	},
	{
		"duration": 300,
		"size": "1M",
		"path": "http://media.haomuren.org/dev/ev/evn1110.mp3",
		"id": 6376000041,
		"albumId": 6376,
		"albumName": "《靜夜亮光》冬季合集",
		"albumtitle": "《靜夜亮光》冬季合集(41)",
		"title": "靜夜亮光-11月10日"
	},
	{
		"duration": 300,
		"size": "1M",
		"path": "http://media.haomuren.org/dev/ev/evn1111.mp3",
		"id": 6376000042,
		"albumId": 6376,
		"albumName": "《靜夜亮光》冬季合集",
		"albumtitle": "《靜夜亮光》冬季合集(42)",
		"title": "靜夜亮光-11月11日"
	},
	{
		"duration": 300,
		"size": "1M",
		"path": "http://media.haomuren.org/dev/ev/evn1112.mp3",
		"id": 6376000043,
		"albumId": 6376,
		"albumName": "《靜夜亮光》冬季合集",
		"albumtitle": "《靜夜亮光》冬季合集(43)",
		"title": "靜夜亮光-11月12日"
	},
	{
		"duration": 300,
		"size": "1M",
		"path": "http://media.haomuren.org/dev/ev/evn1113.mp3",
		"id": 6376000044,
		"albumId": 6376,
		"albumName": "《靜夜亮光》冬季合集",
		"albumtitle": "《靜夜亮光》冬季合集(44)",
		"title": "靜夜亮光-11月13日"
	},
	{
		"duration": 300,
		"size": "1M",
		"path": "http://media.haomuren.org/dev/ev/evn1114.mp3",
		"id": 6376000045,
		"albumId": 6376,
		"albumName": "《靜夜亮光》冬季合集",
		"albumtitle": "《靜夜亮光》冬季合集(45)",
		"title": "靜夜亮光-11月14日"
	},
	{
		"duration": 300,
		"size": "1M",
		"path": "http://media.haomuren.org/dev/ev/evn1115.mp3",
		"id": 6376000046,
		"albumId": 6376,
		"albumName": "《靜夜亮光》冬季合集",
		"albumtitle": "《靜夜亮光》冬季合集(46)",
		"title": "靜夜亮光-11月15日"
	},
	{
		"duration": 300,
		"size": "1M",
		"path": "http://media.haomuren.org/dev/ev/evn1116.mp3",
		"id": 6376000047,
		"albumId": 6376,
		"albumName": "《靜夜亮光》冬季合集",
		"albumtitle": "《靜夜亮光》冬季合集(47)",
		"title": "靜夜亮光-11月16日"
	},
	{
		"duration": 300,
		"size": "1M",
		"path": "http://media.haomuren.org/dev/ev/evn1117.mp3",
		"id": 6376000048,
		"albumId": 6376,
		"albumName": "《靜夜亮光》冬季合集",
		"albumtitle": "《靜夜亮光》冬季合集(48)",
		"title": "靜夜亮光-11月17日"
	},
	{
		"duration": 300,
		"size": "1M",
		"path": "http://media.haomuren.org/dev/ev/evn1118.mp3",
		"id": 6376000049,
		"albumId": 6376,
		"albumName": "《靜夜亮光》冬季合集",
		"albumtitle": "《靜夜亮光》冬季合集(49)",
		"title": "靜夜亮光-11月18日"
	},
	{
		"duration": 300,
		"size": "1M",
		"path": "http://media.haomuren.org/dev/ev/evn1119.mp3",
		"id": 6376000050,
		"albumId": 6376,
		"albumName": "《靜夜亮光》冬季合集",
		"albumtitle": "《靜夜亮光》冬季合集(50)",
		"title": "靜夜亮光-11月19日"
	},
	{
		"duration": 300,
		"size": "1M",
		"path": "http://media.haomuren.org/dev/ev/evn1120.mp3",
		"id": 6376000051,
		"albumId": 6376,
		"albumName": "《靜夜亮光》冬季合集",
		"albumtitle": "《靜夜亮光》冬季合集(51)",
		"title": "靜夜亮光-11月20日"
	},
	{
		"duration": 300,
		"size": "1M",
		"path": "http://media.haomuren.org/dev/ev/evn1121.mp3",
		"id": 6376000052,
		"albumId": 6376,
		"albumName": "《靜夜亮光》冬季合集",
		"albumtitle": "《靜夜亮光》冬季合集(52)",
		"title": "靜夜亮光-11月21日"
	},
	{
		"duration": 300,
		"size": "1M",
		"path": "http://media.haomuren.org/dev/ev/evn1122.mp3",
		"id": 6376000053,
		"albumId": 6376,
		"albumName": "《靜夜亮光》冬季合集",
		"albumtitle": "《靜夜亮光》冬季合集(53)",
		"title": "靜夜亮光-11月22日"
	},
	{
		"duration": 300,
		"size": "1M",
		"path": "http://media.haomuren.org/dev/ev/evn1123.mp3",
		"id": 6376000054,
		"albumId": 6376,
		"albumName": "《靜夜亮光》冬季合集",
		"albumtitle": "《靜夜亮光》冬季合集(54)",
		"title": "靜夜亮光-11月23日"
	},
	{
		"duration": 300,
		"size": "1M",
		"path": "http://media.haomuren.org/dev/ev/evn1124.mp3",
		"id": 6376000055,
		"albumId": 6376,
		"albumName": "《靜夜亮光》冬季合集",
		"albumtitle": "《靜夜亮光》冬季合集(55)",
		"title": "靜夜亮光-11月24日"
	},
	{
		"duration": 300,
		"size": "1M",
		"path": "http://media.haomuren.org/dev/ev/evn1125.mp3",
		"id": 6376000056,
		"albumId": 6376,
		"albumName": "《靜夜亮光》冬季合集",
		"albumtitle": "《靜夜亮光》冬季合集(56)",
		"title": "靜夜亮光-11月25日"
	},
	{
		"duration": 300,
		"size": "1M",
		"path": "http://media.haomuren.org/dev/ev/evn1126.mp3",
		"id": 6376000057,
		"albumId": 6376,
		"albumName": "《靜夜亮光》冬季合集",
		"albumtitle": "《靜夜亮光》冬季合集(57)",
		"title": "靜夜亮光-11月26日"
	},
	{
		"duration": 300,
		"size": "1M",
		"path": "http://media.haomuren.org/dev/ev/evn1127.mp3",
		"id": 6376000058,
		"albumId": 6376,
		"albumName": "《靜夜亮光》冬季合集",
		"albumtitle": "《靜夜亮光》冬季合集(58)",
		"title": "靜夜亮光-11月27日"
	},
	{
		"duration": 300,
		"size": "1M",
		"path": "http://media.haomuren.org/dev/ev/evn1128.mp3",
		"id": 6376000059,
		"albumId": 6376,
		"albumName": "《靜夜亮光》冬季合集",
		"albumtitle": "《靜夜亮光》冬季合集(59)",
		"title": "靜夜亮光-11月28日"
	},
	{
		"duration": 300,
		"size": "1M",
		"path": "http://media.haomuren.org/dev/ev/evn1129.mp3",
		"id": 6376000060,
		"albumId": 6376,
		"albumName": "《靜夜亮光》冬季合集",
		"albumtitle": "《靜夜亮光》冬季合集(60)",
		"title": "靜夜亮光-11月29日"
	},
	{
		"duration": 300,
		"size": "1M",
		"path": "http://media.haomuren.org/dev/ev/evn1130.mp3",
		"id": 6376000061,
		"albumId": 6376,
		"albumName": "《靜夜亮光》冬季合集",
		"albumtitle": "《靜夜亮光》冬季合集(61)",
		"title": "靜夜亮光-11月30日"
	},
	{
		"duration": 300,
		"size": "1M",
		"path": "http://media.haomuren.org/dev/ev/evn1201.mp3",
		"id": 6376000062,
		"albumId": 6376,
		"albumName": "《靜夜亮光》冬季合集",
		"albumtitle": "《靜夜亮光》冬季合集(62)",
		"title": "靜夜亮光-12月1日"
	},
	{
		"duration": 300,
		"size": "1M",
		"path": "http://media.haomuren.org/dev/ev/evn1202.mp3",
		"id": 6376000063,
		"albumId": 6376,
		"albumName": "《靜夜亮光》冬季合集",
		"albumtitle": "《靜夜亮光》冬季合集(63)",
		"title": "靜夜亮光-12月2日"
	},
	{
		"duration": 300,
		"size": "1M",
		"path": "http://media.haomuren.org/dev/ev/evn1203.mp3",
		"id": 6376000064,
		"albumId": 6376,
		"albumName": "《靜夜亮光》冬季合集",
		"albumtitle": "《靜夜亮光》冬季合集(64)",
		"title": "靜夜亮光-12月3日"
	},
	{
		"duration": 300,
		"size": "1M",
		"path": "http://media.haomuren.org/dev/ev/evn1204.mp3",
		"id": 6376000065,
		"albumId": 6376,
		"albumName": "《靜夜亮光》冬季合集",
		"albumtitle": "《靜夜亮光》冬季合集(65)",
		"title": "靜夜亮光-12月4日"
	},
	{
		"duration": 300,
		"size": "1M",
		"path": "http://media.haomuren.org/dev/ev/evn1205.mp3",
		"id": 6376000066,
		"albumId": 6376,
		"albumName": "《靜夜亮光》冬季合集",
		"albumtitle": "《靜夜亮光》冬季合集(66)",
		"title": "靜夜亮光-12月5日"
	},
	{
		"duration": 300,
		"size": "1M",
		"path": "http://media.haomuren.org/dev/ev/evn1206.mp3",
		"id": 6376000067,
		"albumId": 6376,
		"albumName": "《靜夜亮光》冬季合集",
		"albumtitle": "《靜夜亮光》冬季合集(67)",
		"title": "靜夜亮光-12月6日"
	},
	{
		"duration": 300,
		"size": "1M",
		"path": "http://media.haomuren.org/dev/ev/evn1207.mp3",
		"id": 6376000068,
		"albumId": 6376,
		"albumName": "《靜夜亮光》冬季合集",
		"albumtitle": "《靜夜亮光》冬季合集(68)",
		"title": "靜夜亮光-12月7日"
	},
	{
		"duration": 300,
		"size": "1M",
		"path": "http://media.haomuren.org/dev/ev/evn1208.mp3",
		"id": 6376000069,
		"albumId": 6376,
		"albumName": "《靜夜亮光》冬季合集",
		"albumtitle": "《靜夜亮光》冬季合集(69)",
		"title": "靜夜亮光-12月8日"
	},
	{
		"duration": 300,
		"size": "1M",
		"path": "http://media.haomuren.org/dev/ev/evn1209.mp3",
		"id": 6376000070,
		"albumId": 6376,
		"albumName": "《靜夜亮光》冬季合集",
		"albumtitle": "《靜夜亮光》冬季合集(70)",
		"title": "靜夜亮光-12月9日"
	},
	{
		"duration": 300,
		"size": "1M",
		"path": "http://media.haomuren.org/dev/ev/evn1210.mp3",
		"id": 6376000071,
		"albumId": 6376,
		"albumName": "《靜夜亮光》冬季合集",
		"albumtitle": "《靜夜亮光》冬季合集(71)",
		"title": "靜夜亮光-12月10日"
	},
	{
		"duration": 300,
		"size": "1M",
		"path": "http://media.haomuren.org/dev/ev/evn1211.mp3",
		"id": 6376000072,
		"albumId": 6376,
		"albumName": "《靜夜亮光》冬季合集",
		"albumtitle": "《靜夜亮光》冬季合集(72)",
		"title": "靜夜亮光-12月11日"
	},
	{
		"duration": 300,
		"size": "1M",
		"path": "http://media.haomuren.org/dev/ev/evn1212.mp3",
		"id": 6376000073,
		"albumId": 6376,
		"albumName": "《靜夜亮光》冬季合集",
		"albumtitle": "《靜夜亮光》冬季合集(73)",
		"title": "靜夜亮光-12月12日"
	},
	{
		"duration": 300,
		"size": "1M",
		"path": "http://media.haomuren.org/dev/ev/evn1213.mp3",
		"id": 6376000074,
		"albumId": 6376,
		"albumName": "《靜夜亮光》冬季合集",
		"albumtitle": "《靜夜亮光》冬季合集(74)",
		"title": "靜夜亮光-12月13日"
	},
	{
		"duration": 300,
		"size": "1M",
		"path": "http://media.haomuren.org/dev/ev/evn1214.mp3",
		"id": 6376000075,
		"albumId": 6376,
		"albumName": "《靜夜亮光》冬季合集",
		"albumtitle": "《靜夜亮光》冬季合集(75)",
		"title": "靜夜亮光-12月14日"
	},
	{
		"duration": 300,
		"size": "1M",
		"path": "http://media.haomuren.org/dev/ev/evn1215.mp3",
		"id": 6376000076,
		"albumId": 6376,
		"albumName": "《靜夜亮光》冬季合集",
		"albumtitle": "《靜夜亮光》冬季合集(76)",
		"title": "靜夜亮光-12月15日"
	},
	{
		"duration": 300,
		"size": "1M",
		"path": "http://media.haomuren.org/dev/ev/evn1216.mp3",
		"id": 6376000077,
		"albumId": 6376,
		"albumName": "《靜夜亮光》冬季合集",
		"albumtitle": "《靜夜亮光》冬季合集(77)",
		"title": "靜夜亮光-12月16日"
	},
	{
		"duration": 300,
		"size": "1M",
		"path": "http://media.haomuren.org/dev/ev/evn1217.mp3",
		"id": 6376000078,
		"albumId": 6376,
		"albumName": "《靜夜亮光》冬季合集",
		"albumtitle": "《靜夜亮光》冬季合集(78)",
		"title": "靜夜亮光-12月17日"
	},
	{
		"duration": 300,
		"size": "1M",
		"path": "http://media.haomuren.org/dev/ev/evn1218.mp3",
		"id": 6376000079,
		"albumId": 6376,
		"albumName": "《靜夜亮光》冬季合集",
		"albumtitle": "《靜夜亮光》冬季合集(79)",
		"title": "靜夜亮光-12月18日"
	},
	{
		"duration": 300,
		"size": "1M",
		"path": "http://media.haomuren.org/dev/ev/evn1219.mp3",
		"id": 6376000080,
		"albumId": 6376,
		"albumName": "《靜夜亮光》冬季合集",
		"albumtitle": "《靜夜亮光》冬季合集(80)",
		"title": "靜夜亮光-12月19日"
	},
	{
		"duration": 300,
		"size": "1M",
		"path": "http://media.haomuren.org/dev/ev/evn1220.mp3",
		"id": 6376000081,
		"albumId": 6376,
		"albumName": "《靜夜亮光》冬季合集",
		"albumtitle": "《靜夜亮光》冬季合集(81)",
		"title": "靜夜亮光-12月20日"
	},
	{
		"duration": 300,
		"size": "1M",
		"path": "http://media.haomuren.org/dev/ev/evn1221.mp3",
		"id": 6376000082,
		"albumId": 6376,
		"albumName": "《靜夜亮光》冬季合集",
		"albumtitle": "《靜夜亮光》冬季合集(82)",
		"title": "靜夜亮光-12月21日"
	},
	{
		"duration": 300,
		"size": "1M",
		"path": "http://media.haomuren.org/dev/ev/evn1222.mp3",
		"id": 6376000083,
		"albumId": 6376,
		"albumName": "《靜夜亮光》冬季合集",
		"albumtitle": "《靜夜亮光》冬季合集(83)",
		"title": "靜夜亮光-12月22日"
	},
	{
		"duration": 300,
		"size": "1M",
		"path": "http://media.haomuren.org/dev/ev/evn1223.mp3",
		"id": 6376000084,
		"albumId": 6376,
		"albumName": "《靜夜亮光》冬季合集",
		"albumtitle": "《靜夜亮光》冬季合集(84)",
		"title": "靜夜亮光-12月23日"
	},
	{
		"duration": 300,
		"size": "1M",
		"path": "http://media.haomuren.org/dev/ev/evn1224.mp3",
		"id": 6376000085,
		"albumId": 6376,
		"albumName": "《靜夜亮光》冬季合集",
		"albumtitle": "《靜夜亮光》冬季合集(85)",
		"title": "靜夜亮光-12月24日"
	},
	{
		"duration": 300,
		"size": "1M",
		"path": "http://media.haomuren.org/dev/ev/evn1225.mp3",
		"id": 6376000086,
		"albumId": 6376,
		"albumName": "《靜夜亮光》冬季合集",
		"albumtitle": "《靜夜亮光》冬季合集(86)",
		"title": "靜夜亮光-12月25日"
	},
	{
		"duration": 300,
		"size": "1M",
		"path": "http://media.haomuren.org/dev/ev/evn1226.mp3",
		"id": 6376000087,
		"albumId": 6376,
		"albumName": "《靜夜亮光》冬季合集",
		"albumtitle": "《靜夜亮光》冬季合集(87)",
		"title": "靜夜亮光-12月26日"
	},
	{
		"duration": 300,
		"size": "1M",
		"path": "http://media.haomuren.org/dev/ev/evn1227.mp3",
		"id": 6376000088,
		"albumId": 6376,
		"albumName": "《靜夜亮光》冬季合集",
		"albumtitle": "《靜夜亮光》冬季合集(88)",
		"title": "靜夜亮光-12月27日"
	},
	{
		"duration": 300,
		"size": "1M",
		"path": "http://media.haomuren.org/dev/ev/evn1228.mp3",
		"id": 6376000089,
		"albumId": 6376,
		"albumName": "《靜夜亮光》冬季合集",
		"albumtitle": "《靜夜亮光》冬季合集(89)",
		"title": "靜夜亮光-12月28日"
	},
	{
		"duration": 300,
		"size": "1M",
		"path": "http://media.haomuren.org/dev/ev/evn1229.mp3",
		"id": 6376000090,
		"albumId": 6376,
		"albumName": "《靜夜亮光》冬季合集",
		"albumtitle": "《靜夜亮光》冬季合集(90)",
		"title": "靜夜亮光-12月29日"
	},
	{
		"duration": 300,
		"size": "1M",
		"path": "http://media.haomuren.org/dev/ev/evn1230.mp3",
		"id": 6376000091,
		"albumId": 6376,
		"albumName": "《靜夜亮光》冬季合集",
		"albumtitle": "《靜夜亮光》冬季合集(91)",
		"title": "靜夜亮光-12月30日"
	},
	{
		"duration": 300,
		"size": "1M",
		"path": "http://media.haomuren.org/dev/ev/evn1231.mp3",
		"id": 6376000092,
		"albumId": 6376,
		"albumName": "《靜夜亮光》冬季合集",
		"albumtitle": "《靜夜亮光》冬季合集(92)",
		"title": "靜夜亮光-12月31日"
	}
]