[
	{
		"duration": 300,
		"size": "1M",
		"path": "http://media.haomuren.org/Devotion/MornByMorn/Apr/Dvo150401.mp3",
		"id": 6386000001,
		"albumId": 6386,
		"albumName": "《清晨甘露》夏季合集",
		"albumtitle": "《清晨甘露》夏季合集(1)",
		"title": "清晨甘露-4月1日"
	},
	{
		"duration": 300,
		"size": "1M",
		"path": "http://media.haomuren.org/Devotion/MornByMorn/Apr/Dvo150402.mp3",
		"id": 6386000002,
		"albumId": 6386,
		"albumName": "《清晨甘露》夏季合集",
		"albumtitle": "《清晨甘露》夏季合集(2)",
		"title": "清晨甘露-4月2日"
	},
	{
		"duration": 300,
		"size": "1M",
		"path": "http://media.haomuren.org/Devotion/MornByMorn/Apr/Dvo150403.mp3",
		"id": 6386000003,
		"albumId": 6386,
		"albumName": "《清晨甘露》夏季合集",
		"albumtitle": "《清晨甘露》夏季合集(3)",
		"title": "清晨甘露-4月3日"
	},
	{
		"duration": 300,
		"size": "1M",
		"path": "http://media.haomuren.org/Devotion/MornByMorn/Apr/Dvo150404.mp3",
		"id": 6386000004,
		"albumId": 6386,
		"albumName": "《清晨甘露》夏季合集",
		"albumtitle": "《清晨甘露》夏季合集(4)",
		"title": "清晨甘露-4月4日"
	},
	{
		"duration": 300,
		"size": "1M",
		"path": "http://media.haomuren.org/Devotion/MornByMorn/Apr/Dvo150405.mp3",
		"id": 6386000005,
		"albumId": 6386,
		"albumName": "《清晨甘露》夏季合集",
		"albumtitle": "《清晨甘露》夏季合集(5)",
		"title": "清晨甘露-4月5日"
	},
	{
		"duration": 300,
		"size": "1M",
		"path": "http://media.haomuren.org/Devotion/MornByMorn/Apr/Dvo150406.mp3",
		"id": 6386000006,
		"albumId": 6386,
		"albumName": "《清晨甘露》夏季合集",
		"albumtitle": "《清晨甘露》夏季合集(6)",
		"title": "清晨甘露-4月6日"
	},
	{
		"duration": 300,
		"size": "1M",
		"path": "http://media.haomuren.org/Devotion/MornByMorn/Apr/Dvo150407.mp3",
		"id": 6386000007,
		"albumId": 6386,
		"albumName": "《清晨甘露》夏季合集",
		"albumtitle": "《清晨甘露》夏季合集(7)",
		"title": "清晨甘露-4月7日"
	},
	{
		"duration": 300,
		"size": "1M",
		"path": "http://media.haomuren.org/Devotion/MornByMorn/Apr/Dvo150408.mp3",
		"id": 6386000008,
		"albumId": 6386,
		"albumName": "《清晨甘露》夏季合集",
		"albumtitle": "《清晨甘露》夏季合集(8)",
		"title": "清晨甘露-4月8日"
	},
	{
		"duration": 300,
		"size": "1M",
		"path": "http://media.haomuren.org/Devotion/MornByMorn/Apr/Dvo150409.mp3",
		"id": 6386000009,
		"albumId": 6386,
		"albumName": "《清晨甘露》夏季合集",
		"albumtitle": "《清晨甘露》夏季合集(9)",
		"title": "清晨甘露-4月9日"
	},
	{
		"duration": 300,
		"size": "1M",
		"path": "http://media.haomuren.org/Devotion/MornByMorn/Apr/Dvo150410.mp3",
		"id": 6386000010,
		"albumId": 6386,
		"albumName": "《清晨甘露》夏季合集",
		"albumtitle": "《清晨甘露》夏季合集(10)",
		"title": "清晨甘露-4月10日"
	},
	{
		"duration": 300,
		"size": "1M",
		"path": "http://media.haomuren.org/Devotion/MornByMorn/Apr/Dvo150411.mp3",
		"id": 6386000011,
		"albumId": 6386,
		"albumName": "《清晨甘露》夏季合集",
		"albumtitle": "《清晨甘露》夏季合集(11)",
		"title": "清晨甘露-4月11日"
	},
	{
		"duration": 300,
		"size": "1M",
		"path": "http://media.haomuren.org/Devotion/MornByMorn/Apr/Dvo150412.mp3",
		"id": 6386000012,
		"albumId": 6386,
		"albumName": "《清晨甘露》夏季合集",
		"albumtitle": "《清晨甘露》夏季合集(12)",
		"title": "清晨甘露-4月12日"
	},
	{
		"duration": 300,
		"size": "1M",
		"path": "http://media.haomuren.org/Devotion/MornByMorn/Apr/Dvo150413.mp3",
		"id": 6386000013,
		"albumId": 6386,
		"albumName": "《清晨甘露》夏季合集",
		"albumtitle": "《清晨甘露》夏季合集(13)",
		"title": "清晨甘露-4月13日"
	},
	{
		"duration": 300,
		"size": "1M",
		"path": "http://media.haomuren.org/Devotion/MornByMorn/Apr/Dvo150414.mp3",
		"id": 6386000014,
		"albumId": 6386,
		"albumName": "《清晨甘露》夏季合集",
		"albumtitle": "《清晨甘露》夏季合集(14)",
		"title": "清晨甘露-4月14日"
	},
	{
		"duration": 300,
		"size": "1M",
		"path": "http://media.haomuren.org/Devotion/MornByMorn/Apr/Dvo150415.mp3",
		"id": 6386000015,
		"albumId": 6386,
		"albumName": "《清晨甘露》夏季合集",
		"albumtitle": "《清晨甘露》夏季合集(15)",
		"title": "清晨甘露-4月15日"
	},
	{
		"duration": 300,
		"size": "1M",
		"path": "http://media.haomuren.org/Devotion/MornByMorn/Apr/Dvo150416.mp3",
		"id": 6386000016,
		"albumId": 6386,
		"albumName": "《清晨甘露》夏季合集",
		"albumtitle": "《清晨甘露》夏季合集(16)",
		"title": "清晨甘露-4月16日"
	},
	{
		"duration": 300,
		"size": "1M",
		"path": "http://media.haomuren.org/Devotion/MornByMorn/Apr/Dvo150417.mp3",
		"id": 6386000017,
		"albumId": 6386,
		"albumName": "《清晨甘露》夏季合集",
		"albumtitle": "《清晨甘露》夏季合集(17)",
		"title": "清晨甘露-4月17日"
	},
	{
		"duration": 300,
		"size": "1M",
		"path": "http://media.haomuren.org/Devotion/MornByMorn/Apr/Dvo150418.mp3",
		"id": 6386000018,
		"albumId": 6386,
		"albumName": "《清晨甘露》夏季合集",
		"albumtitle": "《清晨甘露》夏季合集(18)",
		"title": "清晨甘露-4月18日"
	},
	{
		"duration": 300,
		"size": "1M",
		"path": "http://media.haomuren.org/Devotion/MornByMorn/Apr/Dvo150419.mp3",
		"id": 6386000019,
		"albumId": 6386,
		"albumName": "《清晨甘露》夏季合集",
		"albumtitle": "《清晨甘露》夏季合集(19)",
		"title": "清晨甘露-4月19日"
	},
	{
		"duration": 300,
		"size": "1M",
		"path": "http://media.haomuren.org/Devotion/MornByMorn/Apr/Dvo150420.mp3",
		"id": 6386000020,
		"albumId": 6386,
		"albumName": "《清晨甘露》夏季合集",
		"albumtitle": "《清晨甘露》夏季合集(20)",
		"title": "清晨甘露-4月20日"
	},
	{
		"duration": 300,
		"size": "1M",
		"path": "http://media.haomuren.org/Devotion/MornByMorn/Apr/Dvo150421.mp3",
		"id": 6386000021,
		"albumId": 6386,
		"albumName": "《清晨甘露》夏季合集",
		"albumtitle": "《清晨甘露》夏季合集(21)",
		"title": "清晨甘露-4月21日"
	},
	{
		"duration": 300,
		"size": "1M",
		"path": "http://media.haomuren.org/Devotion/MornByMorn/Apr/Dvo150422.mp3",
		"id": 6386000022,
		"albumId": 6386,
		"albumName": "《清晨甘露》夏季合集",
		"albumtitle": "《清晨甘露》夏季合集(22)",
		"title": "清晨甘露-4月22日"
	},
	{
		"duration": 300,
		"size": "1M",
		"path": "http://media.haomuren.org/Devotion/MornByMorn/Apr/Dvo150423.mp3",
		"id": 6386000023,
		"albumId": 6386,
		"albumName": "《清晨甘露》夏季合集",
		"albumtitle": "《清晨甘露》夏季合集(23)",
		"title": "清晨甘露-4月23日"
	},
	{
		"duration": 300,
		"size": "1M",
		"path": "http://media.haomuren.org/Devotion/MornByMorn/Apr/Dvo150424.mp3",
		"id": 6386000024,
		"albumId": 6386,
		"albumName": "《清晨甘露》夏季合集",
		"albumtitle": "《清晨甘露》夏季合集(24)",
		"title": "清晨甘露-4月24日"
	},
	{
		"duration": 300,
		"size": "1M",
		"path": "http://media.haomuren.org/Devotion/MornByMorn/Apr/Dvo150425.mp3",
		"id": 6386000025,
		"albumId": 6386,
		"albumName": "《清晨甘露》夏季合集",
		"albumtitle": "《清晨甘露》夏季合集(25)",
		"title": "清晨甘露-4月25日"
	},
	{
		"duration": 300,
		"size": "1M",
		"path": "http://media.haomuren.org/Devotion/MornByMorn/Apr/Dvo150426.mp3",
		"id": 6386000026,
		"albumId": 6386,
		"albumName": "《清晨甘露》夏季合集",
		"albumtitle": "《清晨甘露》夏季合集(26)",
		"title": "清晨甘露-4月26日"
	},
	{
		"duration": 300,
		"size": "1M",
		"path": "http://media.haomuren.org/Devotion/MornByMorn/Apr/Dvo150427.mp3",
		"id": 6386000027,
		"albumId": 6386,
		"albumName": "《清晨甘露》夏季合集",
		"albumtitle": "《清晨甘露》夏季合集(27)",
		"title": "清晨甘露-4月27日"
	},
	{
		"duration": 300,
		"size": "1M",
		"path": "http://media.haomuren.org/Devotion/MornByMorn/Apr/Dvo150428.mp3",
		"id": 6386000028,
		"albumId": 6386,
		"albumName": "《清晨甘露》夏季合集",
		"albumtitle": "《清晨甘露》夏季合集(28)",
		"title": "清晨甘露-4月28日"
	},
	{
		"duration": 300,
		"size": "1M",
		"path": "http://media.haomuren.org/Devotion/MornByMorn/Apr/Dvo150429.mp3",
		"id": 6386000029,
		"albumId": 6386,
		"albumName": "《清晨甘露》夏季合集",
		"albumtitle": "《清晨甘露》夏季合集(29)",
		"title": "清晨甘露-4月29日"
	},
	{
		"duration": 300,
		"size": "1M",
		"path": "http://media.haomuren.org/Devotion/MornByMorn/Apr/Dvo150430.mp3",
		"id": 6386000030,
		"albumId": 6386,
		"albumName": "《清晨甘露》夏季合集",
		"albumtitle": "《清晨甘露》夏季合集(30)",
		"title": "清晨甘露-4月30日"
	},
	{
		"duration": 300,
		"size": "1M",
		"path": "http://media.haomuren.org/Devotion/MornByMorn/May/Dvo150501.mp3",
		"id": 6386000031,
		"albumId": 6386,
		"albumName": "《清晨甘露》夏季合集",
		"albumtitle": "《清晨甘露》夏季合集(31)",
		"title": "清晨甘露-5月1日"
	},
	{
		"duration": 300,
		"size": "1M",
		"path": "http://media.haomuren.org/Devotion/MornByMorn/May/Dvo150502.mp3",
		"id": 6386000032,
		"albumId": 6386,
		"albumName": "《清晨甘露》夏季合集",
		"albumtitle": "《清晨甘露》夏季合集(32)",
		"title": "清晨甘露-5月2日"
	},
	{
		"duration": 300,
		"size": "1M",
		"path": "http://media.haomuren.org/Devotion/MornByMorn/May/Dvo150503.mp3",
		"id": 6386000033,
		"albumId": 6386,
		"albumName": "《清晨甘露》夏季合集",
		"albumtitle": "《清晨甘露》夏季合集(33)",
		"title": "清晨甘露-5月3日"
	},
	{
		"duration": 300,
		"size": "1M",
		"path": "http://media.haomuren.org/Devotion/MornByMorn/May/Dvo150504.mp3",
		"id": 6386000034,
		"albumId": 6386,
		"albumName": "《清晨甘露》夏季合集",
		"albumtitle": "《清晨甘露》夏季合集(34)",
		"title": "清晨甘露-5月4日"
	},
	{
		"duration": 300,
		"size": "1M",
		"path": "http://media.haomuren.org/Devotion/MornByMorn/May/Dvo150505.mp3",
		"id": 6386000035,
		"albumId": 6386,
		"albumName": "《清晨甘露》夏季合集",
		"albumtitle": "《清晨甘露》夏季合集(35)",
		"title": "清晨甘露-5月5日"
	},
	{
		"duration": 300,
		"size": "1M",
		"path": "http://media.haomuren.org/Devotion/MornByMorn/May/Dvo150506.mp3",
		"id": 6386000036,
		"albumId": 6386,
		"albumName": "《清晨甘露》夏季合集",
		"albumtitle": "《清晨甘露》夏季合集(36)",
		"title": "清晨甘露-5月6日"
	},
	{
		"duration": 300,
		"size": "1M",
		"path": "http://media.haomuren.org/Devotion/MornByMorn/May/Dvo150507.mp3",
		"id": 6386000037,
		"albumId": 6386,
		"albumName": "《清晨甘露》夏季合集",
		"albumtitle": "《清晨甘露》夏季合集(37)",
		"title": "清晨甘露-5月7日"
	},
	{
		"duration": 300,
		"size": "1M",
		"path": "http://media.haomuren.org/Devotion/MornByMorn/May/Dvo150508.mp3",
		"id": 6386000038,
		"albumId": 6386,
		"albumName": "《清晨甘露》夏季合集",
		"albumtitle": "《清晨甘露》夏季合集(38)",
		"title": "清晨甘露-5月8日"
	},
	{
		"duration": 300,
		"size": "1M",
		"path": "http://media.haomuren.org/Devotion/MornByMorn/May/Dvo150509.mp3",
		"id": 6386000039,
		"albumId": 6386,
		"albumName": "《清晨甘露》夏季合集",
		"albumtitle": "《清晨甘露》夏季合集(39)",
		"title": "清晨甘露-5月9日"
	},
	{
		"duration": 300,
		"size": "1M",
		"path": "http://media.haomuren.org/Devotion/MornByMorn/May/Dvo150510.mp3",
		"id": 6386000040,
		"albumId": 6386,
		"albumName": "《清晨甘露》夏季合集",
		"albumtitle": "《清晨甘露》夏季合集(40)",
		"title": "清晨甘露-5月10日"
	},
	{
		"duration": 300,
		"size": "1M",
		"path": "http://media.haomuren.org/Devotion/MornByMorn/May/Dvo150511.mp3",
		"id": 6386000041,
		"albumId": 6386,
		"albumName": "《清晨甘露》夏季合集",
		"albumtitle": "《清晨甘露》夏季合集(41)",
		"title": "清晨甘露-5月11日"
	},
	{
		"duration": 300,
		"size": "1M",
		"path": "http://media.haomuren.org/Devotion/MornByMorn/May/Dvo150512.mp3",
		"id": 6386000042,
		"albumId": 6386,
		"albumName": "《清晨甘露》夏季合集",
		"albumtitle": "《清晨甘露》夏季合集(42)",
		"title": "清晨甘露-5月12日"
	},
	{
		"duration": 300,
		"size": "1M",
		"path": "http://media.haomuren.org/Devotion/MornByMorn/May/Dvo150513.mp3",
		"id": 6386000043,
		"albumId": 6386,
		"albumName": "《清晨甘露》夏季合集",
		"albumtitle": "《清晨甘露》夏季合集(43)",
		"title": "清晨甘露-5月13日"
	},
	{
		"duration": 300,
		"size": "1M",
		"path": "http://media.haomuren.org/Devotion/MornByMorn/May/Dvo150514.mp3",
		"id": 6386000044,
		"albumId": 6386,
		"albumName": "《清晨甘露》夏季合集",
		"albumtitle": "《清晨甘露》夏季合集(44)",
		"title": "清晨甘露-5月14日"
	},
	{
		"duration": 300,
		"size": "1M",
		"path": "http://media.haomuren.org/Devotion/MornByMorn/May/Dvo150515.mp3",
		"id": 6386000045,
		"albumId": 6386,
		"albumName": "《清晨甘露》夏季合集",
		"albumtitle": "《清晨甘露》夏季合集(45)",
		"title": "清晨甘露-5月15日"
	},
	{
		"duration": 300,
		"size": "1M",
		"path": "http://media.haomuren.org/Devotion/MornByMorn/May/Dvo150516.mp3",
		"id": 6386000046,
		"albumId": 6386,
		"albumName": "《清晨甘露》夏季合集",
		"albumtitle": "《清晨甘露》夏季合集(46)",
		"title": "清晨甘露-5月16日"
	},
	{
		"duration": 300,
		"size": "1M",
		"path": "http://media.haomuren.org/Devotion/MornByMorn/May/Dvo150517.mp3",
		"id": 6386000047,
		"albumId": 6386,
		"albumName": "《清晨甘露》夏季合集",
		"albumtitle": "《清晨甘露》夏季合集(47)",
		"title": "清晨甘露-5月17日"
	},
	{
		"duration": 300,
		"size": "1M",
		"path": "http://media.haomuren.org/Devotion/MornByMorn/May/Dvo150518.mp3",
		"id": 6386000048,
		"albumId": 6386,
		"albumName": "《清晨甘露》夏季合集",
		"albumtitle": "《清晨甘露》夏季合集(48)",
		"title": "清晨甘露-5月18日"
	},
	{
		"duration": 300,
		"size": "1M",
		"path": "http://media.haomuren.org/Devotion/MornByMorn/May/Dvo150519.mp3",
		"id": 6386000049,
		"albumId": 6386,
		"albumName": "《清晨甘露》夏季合集",
		"albumtitle": "《清晨甘露》夏季合集(49)",
		"title": "清晨甘露-5月19日"
	},
	{
		"duration": 300,
		"size": "1M",
		"path": "http://media.haomuren.org/Devotion/MornByMorn/May/Dvo150520.mp3",
		"id": 6386000050,
		"albumId": 6386,
		"albumName": "《清晨甘露》夏季合集",
		"albumtitle": "《清晨甘露》夏季合集(50)",
		"title": "清晨甘露-5月20日"
	},
	{
		"duration": 300,
		"size": "1M",
		"path": "http://media.haomuren.org/Devotion/MornByMorn/May/Dvo150521.mp3",
		"id": 6386000051,
		"albumId": 6386,
		"albumName": "《清晨甘露》夏季合集",
		"albumtitle": "《清晨甘露》夏季合集(51)",
		"title": "清晨甘露-5月21日"
	},
	{
		"duration": 300,
		"size": "1M",
		"path": "http://media.haomuren.org/Devotion/MornByMorn/May/Dvo150522.mp3",
		"id": 6386000052,
		"albumId": 6386,
		"albumName": "《清晨甘露》夏季合集",
		"albumtitle": "《清晨甘露》夏季合集(52)",
		"title": "清晨甘露-5月22日"
	},
	{
		"duration": 300,
		"size": "1M",
		"path": "http://media.haomuren.org/Devotion/MornByMorn/May/Dvo150523.mp3",
		"id": 6386000053,
		"albumId": 6386,
		"albumName": "《清晨甘露》夏季合集",
		"albumtitle": "《清晨甘露》夏季合集(53)",
		"title": "清晨甘露-5月23日"
	},
	{
		"duration": 300,
		"size": "1M",
		"path": "http://media.haomuren.org/Devotion/MornByMorn/May/Dvo150524.mp3",
		"id": 6386000054,
		"albumId": 6386,
		"albumName": "《清晨甘露》夏季合集",
		"albumtitle": "《清晨甘露》夏季合集(54)",
		"title": "清晨甘露-5月24日"
	},
	{
		"duration": 300,
		"size": "1M",
		"path": "http://media.haomuren.org/Devotion/MornByMorn/May/Dvo150525.mp3",
		"id": 6386000055,
		"albumId": 6386,
		"albumName": "《清晨甘露》夏季合集",
		"albumtitle": "《清晨甘露》夏季合集(55)",
		"title": "清晨甘露-5月25日"
	},
	{
		"duration": 300,
		"size": "1M",
		"path": "http://media.haomuren.org/Devotion/MornByMorn/May/Dvo150526.mp3",
		"id": 6386000056,
		"albumId": 6386,
		"albumName": "《清晨甘露》夏季合集",
		"albumtitle": "《清晨甘露》夏季合集(56)",
		"title": "清晨甘露-5月26日"
	},
	{
		"duration": 300,
		"size": "1M",
		"path": "http://media.haomuren.org/Devotion/MornByMorn/May/Dvo150527.mp3",
		"id": 6386000057,
		"albumId": 6386,
		"albumName": "《清晨甘露》夏季合集",
		"albumtitle": "《清晨甘露》夏季合集(57)",
		"title": "清晨甘露-5月27日"
	},
	{
		"duration": 300,
		"size": "1M",
		"path": "http://media.haomuren.org/Devotion/MornByMorn/May/Dvo150528.mp3",
		"id": 6386000058,
		"albumId": 6386,
		"albumName": "《清晨甘露》夏季合集",
		"albumtitle": "《清晨甘露》夏季合集(58)",
		"title": "清晨甘露-5月28日"
	},
	{
		"duration": 300,
		"size": "1M",
		"path": "http://media.haomuren.org/Devotion/MornByMorn/May/Dvo150529.mp3",
		"id": 6386000059,
		"albumId": 6386,
		"albumName": "《清晨甘露》夏季合集",
		"albumtitle": "《清晨甘露》夏季合集(59)",
		"title": "清晨甘露-5月29日"
	},
	{
		"duration": 300,
		"size": "1M",
		"path": "http://media.haomuren.org/Devotion/MornByMorn/May/Dvo150530.mp3",
		"id": 6386000060,
		"albumId": 6386,
		"albumName": "《清晨甘露》夏季合集",
		"albumtitle": "《清晨甘露》夏季合集(60)",
		"title": "清晨甘露-5月30日"
	},
	{
		"duration": 300,
		"size": "1M",
		"path": "http://media.haomuren.org/Devotion/MornByMorn/May/Dvo150531.mp3",
		"id": 6386000061,
		"albumId": 6386,
		"albumName": "《清晨甘露》夏季合集",
		"albumtitle": "《清晨甘露》夏季合集(61)",
		"title": "清晨甘露-5月31日"
	},
	{
		"duration": 300,
		"size": "1M",
		"path": "http://media.haomuren.org/Devotion/MornByMorn/Jun/Dvo150601.mp3",
		"id": 6386000062,
		"albumId": 6386,
		"albumName": "《清晨甘露》夏季合集",
		"albumtitle": "《清晨甘露》夏季合集(62)",
		"title": "清晨甘露-6月1日"
	},
	{
		"duration": 300,
		"size": "1M",
		"path": "http://media.haomuren.org/Devotion/MornByMorn/Jun/Dvo150602.mp3",
		"id": 6386000063,
		"albumId": 6386,
		"albumName": "《清晨甘露》夏季合集",
		"albumtitle": "《清晨甘露》夏季合集(63)",
		"title": "清晨甘露-6月2日"
	},
	{
		"duration": 300,
		"size": "1M",
		"path": "http://media.haomuren.org/Devotion/MornByMorn/Jun/Dvo150603.mp3",
		"id": 6386000064,
		"albumId": 6386,
		"albumName": "《清晨甘露》夏季合集",
		"albumtitle": "《清晨甘露》夏季合集(64)",
		"title": "清晨甘露-6月3日"
	},
	{
		"duration": 300,
		"size": "1M",
		"path": "http://media.haomuren.org/Devotion/MornByMorn/Jun/Dvo150604.mp3",
		"id": 6386000065,
		"albumId": 6386,
		"albumName": "《清晨甘露》夏季合集",
		"albumtitle": "《清晨甘露》夏季合集(65)",
		"title": "清晨甘露-6月4日"
	},
	{
		"duration": 300,
		"size": "1M",
		"path": "http://media.haomuren.org/Devotion/MornByMorn/Jun/Dvo150605.mp3",
		"id": 6386000066,
		"albumId": 6386,
		"albumName": "《清晨甘露》夏季合集",
		"albumtitle": "《清晨甘露》夏季合集(66)",
		"title": "清晨甘露-6月5日"
	},
	{
		"duration": 300,
		"size": "1M",
		"path": "http://media.haomuren.org/Devotion/MornByMorn/Jun/Dvo150606.mp3",
		"id": 6386000067,
		"albumId": 6386,
		"albumName": "《清晨甘露》夏季合集",
		"albumtitle": "《清晨甘露》夏季合集(67)",
		"title": "清晨甘露-6月6日"
	},
	{
		"duration": 300,
		"size": "1M",
		"path": "http://media.haomuren.org/Devotion/MornByMorn/Jun/Dvo150607.mp3",
		"id": 6386000068,
		"albumId": 6386,
		"albumName": "《清晨甘露》夏季合集",
		"albumtitle": "《清晨甘露》夏季合集(68)",
		"title": "清晨甘露-6月7日"
	},
	{
		"duration": 300,
		"size": "1M",
		"path": "http://media.haomuren.org/Devotion/MornByMorn/Jun/Dvo150608.mp3",
		"id": 6386000069,
		"albumId": 6386,
		"albumName": "《清晨甘露》夏季合集",
		"albumtitle": "《清晨甘露》夏季合集(69)",
		"title": "清晨甘露-6月8日"
	},
	{
		"duration": 300,
		"size": "1M",
		"path": "http://media.haomuren.org/Devotion/MornByMorn/Jun/Dvo150609.mp3",
		"id": 6386000070,
		"albumId": 6386,
		"albumName": "《清晨甘露》夏季合集",
		"albumtitle": "《清晨甘露》夏季合集(70)",
		"title": "清晨甘露-6月9日"
	},
	{
		"duration": 300,
		"size": "1M",
		"path": "http://media.haomuren.org/Devotion/MornByMorn/Jun/Dvo150610.mp3",
		"id": 6386000071,
		"albumId": 6386,
		"albumName": "《清晨甘露》夏季合集",
		"albumtitle": "《清晨甘露》夏季合集(71)",
		"title": "清晨甘露-6月10日"
	},
	{
		"duration": 300,
		"size": "1M",
		"path": "http://media.haomuren.org/Devotion/MornByMorn/Jun/Dvo150611.mp3",
		"id": 6386000072,
		"albumId": 6386,
		"albumName": "《清晨甘露》夏季合集",
		"albumtitle": "《清晨甘露》夏季合集(72)",
		"title": "清晨甘露-6月11日"
	},
	{
		"duration": 300,
		"size": "1M",
		"path": "http://media.haomuren.org/Devotion/MornByMorn/Jun/Dvo150612.mp3",
		"id": 6386000073,
		"albumId": 6386,
		"albumName": "《清晨甘露》夏季合集",
		"albumtitle": "《清晨甘露》夏季合集(73)",
		"title": "清晨甘露-6月12日"
	},
	{
		"duration": 300,
		"size": "1M",
		"path": "http://media.haomuren.org/Devotion/MornByMorn/Jun/Dvo150613.mp3",
		"id": 6386000074,
		"albumId": 6386,
		"albumName": "《清晨甘露》夏季合集",
		"albumtitle": "《清晨甘露》夏季合集(74)",
		"title": "清晨甘露-6月13日"
	},
	{
		"duration": 300,
		"size": "1M",
		"path": "http://media.haomuren.org/Devotion/MornByMorn/Jun/Dvo150614.mp3",
		"id": 6386000075,
		"albumId": 6386,
		"albumName": "《清晨甘露》夏季合集",
		"albumtitle": "《清晨甘露》夏季合集(75)",
		"title": "清晨甘露-6月14日"
	},
	{
		"duration": 300,
		"size": "1M",
		"path": "http://media.haomuren.org/Devotion/MornByMorn/Jun/Dvo150615.mp3",
		"id": 6386000076,
		"albumId": 6386,
		"albumName": "《清晨甘露》夏季合集",
		"albumtitle": "《清晨甘露》夏季合集(76)",
		"title": "清晨甘露-6月15日"
	},
	{
		"duration": 300,
		"size": "1M",
		"path": "http://media.haomuren.org/Devotion/MornByMorn/Jun/Dvo150616.mp3",
		"id": 6386000077,
		"albumId": 6386,
		"albumName": "《清晨甘露》夏季合集",
		"albumtitle": "《清晨甘露》夏季合集(77)",
		"title": "清晨甘露-6月16日"
	},
	{
		"duration": 300,
		"size": "1M",
		"path": "http://media.haomuren.org/Devotion/MornByMorn/Jun/Dvo150617.mp3",
		"id": 6386000078,
		"albumId": 6386,
		"albumName": "《清晨甘露》夏季合集",
		"albumtitle": "《清晨甘露》夏季合集(78)",
		"title": "清晨甘露-6月17日"
	},
	{
		"duration": 300,
		"size": "1M",
		"path": "http://media.haomuren.org/Devotion/MornByMorn/Jun/Dvo150618.mp3",
		"id": 6386000079,
		"albumId": 6386,
		"albumName": "《清晨甘露》夏季合集",
		"albumtitle": "《清晨甘露》夏季合集(79)",
		"title": "清晨甘露-6月18日"
	},
	{
		"duration": 300,
		"size": "1M",
		"path": "http://media.haomuren.org/Devotion/MornByMorn/Jun/Dvo150619.mp3",
		"id": 6386000080,
		"albumId": 6386,
		"albumName": "《清晨甘露》夏季合集",
		"albumtitle": "《清晨甘露》夏季合集(80)",
		"title": "清晨甘露-6月19日"
	},
	{
		"duration": 300,
		"size": "1M",
		"path": "http://media.haomuren.org/Devotion/MornByMorn/Jun/Dvo150620.mp3",
		"id": 6386000081,
		"albumId": 6386,
		"albumName": "《清晨甘露》夏季合集",
		"albumtitle": "《清晨甘露》夏季合集(81)",
		"title": "清晨甘露-6月20日"
	},
	{
		"duration": 300,
		"size": "1M",
		"path": "http://media.haomuren.org/Devotion/MornByMorn/Jun/Dvo150621.mp3",
		"id": 6386000082,
		"albumId": 6386,
		"albumName": "《清晨甘露》夏季合集",
		"albumtitle": "《清晨甘露》夏季合集(82)",
		"title": "清晨甘露-6月21日"
	},
	{
		"duration": 300,
		"size": "1M",
		"path": "http://media.haomuren.org/Devotion/MornByMorn/Jun/Dvo150622.mp3",
		"id": 6386000083,
		"albumId": 6386,
		"albumName": "《清晨甘露》夏季合集",
		"albumtitle": "《清晨甘露》夏季合集(83)",
		"title": "清晨甘露-6月22日"
	},
	{
		"duration": 300,
		"size": "1M",
		"path": "http://media.haomuren.org/Devotion/MornByMorn/Jun/Dvo150623.mp3",
		"id": 6386000084,
		"albumId": 6386,
		"albumName": "《清晨甘露》夏季合集",
		"albumtitle": "《清晨甘露》夏季合集(84)",
		"title": "清晨甘露-6月23日"
	},
	{
		"duration": 300,
		"size": "1M",
		"path": "http://media.haomuren.org/Devotion/MornByMorn/Jun/Dvo150624.mp3",
		"id": 6386000085,
		"albumId": 6386,
		"albumName": "《清晨甘露》夏季合集",
		"albumtitle": "《清晨甘露》夏季合集(85)",
		"title": "清晨甘露-6月24日"
	},
	{
		"duration": 300,
		"size": "1M",
		"path": "http://media.haomuren.org/Devotion/MornByMorn/Jun/Dvo150625.mp3",
		"id": 6386000086,
		"albumId": 6386,
		"albumName": "《清晨甘露》夏季合集",
		"albumtitle": "《清晨甘露》夏季合集(86)",
		"title": "清晨甘露-6月25日"
	},
	{
		"duration": 300,
		"size": "1M",
		"path": "http://media.haomuren.org/Devotion/MornByMorn/Jun/Dvo150626.mp3",
		"id": 6386000087,
		"albumId": 6386,
		"albumName": "《清晨甘露》夏季合集",
		"albumtitle": "《清晨甘露》夏季合集(87)",
		"title": "清晨甘露-6月26日"
	},
	{
		"duration": 300,
		"size": "1M",
		"path": "http://media.haomuren.org/Devotion/MornByMorn/Jun/Dvo150627.mp3",
		"id": 6386000088,
		"albumId": 6386,
		"albumName": "《清晨甘露》夏季合集",
		"albumtitle": "《清晨甘露》夏季合集(88)",
		"title": "清晨甘露-6月27日"
	},
	{
		"duration": 300,
		"size": "1M",
		"path": "http://media.haomuren.org/Devotion/MornByMorn/Jun/Dvo150628.mp3",
		"id": 6386000089,
		"albumId": 6386,
		"albumName": "《清晨甘露》夏季合集",
		"albumtitle": "《清晨甘露》夏季合集(89)",
		"title": "清晨甘露-6月28日"
	},
	{
		"duration": 300,
		"size": "1M",
		"path": "http://media.haomuren.org/Devotion/MornByMorn/Jun/Dvo150629.mp3",
		"id": 6386000090,
		"albumId": 6386,
		"albumName": "《清晨甘露》夏季合集",
		"albumtitle": "《清晨甘露》夏季合集(90)",
		"title": "清晨甘露-6月29日"
	},
	{
		"duration": 300,
		"size": "1M",
		"path": "http://media.haomuren.org/Devotion/MornByMorn/Jun/Dvo150630.mp3",
		"id": 6386000091,
		"albumId": 6386,
		"albumName": "《清晨甘露》夏季合集",
		"albumtitle": "《清晨甘露》夏季合集(91)",
		"title": "清晨甘露-6月30日"
	}
]