[
	{
		"duration": 300,
		"size": "1M",
		"path": "http://media.haomuren.org/dev/Joy/JoyHrt1001.mp3",
		"id": 6372000001,
		"albumId": 6372,
		"albumName": "《喜乐的心》冬季合集",
		"albumtitle": "《喜乐的心》冬季合集(1)",
		"title": "喜乐的心-10月1日"
	},
	{
		"duration": 300,
		"size": "1M",
		"path": "http://media.haomuren.org/dev/Joy/JoyHrt1002.mp3",
		"id": 6372000002,
		"albumId": 6372,
		"albumName": "《喜乐的心》冬季合集",
		"albumtitle": "《喜乐的心》冬季合集(2)",
		"title": "喜乐的心-10月2日"
	},
	{
		"duration": 300,
		"size": "1M",
		"path": "http://media.haomuren.org/dev/Joy/JoyHrt1003.mp3",
		"id": 6372000003,
		"albumId": 6372,
		"albumName": "《喜乐的心》冬季合集",
		"albumtitle": "《喜乐的心》冬季合集(3)",
		"title": "喜乐的心-10月3日"
	},
	{
		"duration": 300,
		"size": "1M",
		"path": "http://media.haomuren.org/dev/Joy/JoyHrt1004.mp3",
		"id": 6372000004,
		"albumId": 6372,
		"albumName": "《喜乐的心》冬季合集",
		"albumtitle": "《喜乐的心》冬季合集(4)",
		"title": "喜乐的心-10月4日"
	},
	{
		"duration": 300,
		"size": "1M",
		"path": "http://media.haomuren.org/dev/Joy/JoyHrt1005.mp3",
		"id": 6372000005,
		"albumId": 6372,
		"albumName": "《喜乐的心》冬季合集",
		"albumtitle": "《喜乐的心》冬季合集(5)",
		"title": "喜乐的心-10月5日"
	},
	{
		"duration": 300,
		"size": "1M",
		"path": "http://media.haomuren.org/dev/Joy/JoyHrt1006.mp3",
		"id": 6372000006,
		"albumId": 6372,
		"albumName": "《喜乐的心》冬季合集",
		"albumtitle": "《喜乐的心》冬季合集(6)",
		"title": "喜乐的心-10月6日"
	},
	{
		"duration": 300,
		"size": "1M",
		"path": "http://media.haomuren.org/dev/Joy/JoyHrt1007.mp3",
		"id": 6372000007,
		"albumId": 6372,
		"albumName": "《喜乐的心》冬季合集",
		"albumtitle": "《喜乐的心》冬季合集(7)",
		"title": "喜乐的心-10月7日"
	},
	{
		"duration": 300,
		"size": "1M",
		"path": "http://media.haomuren.org/dev/Joy/JoyHrt1008.mp3",
		"id": 6372000008,
		"albumId": 6372,
		"albumName": "《喜乐的心》冬季合集",
		"albumtitle": "《喜乐的心》冬季合集(8)",
		"title": "喜乐的心-10月8日"
	},
	{
		"duration": 300,
		"size": "1M",
		"path": "http://media.haomuren.org/dev/Joy/JoyHrt1009.mp3",
		"id": 6372000009,
		"albumId": 6372,
		"albumName": "《喜乐的心》冬季合集",
		"albumtitle": "《喜乐的心》冬季合集(9)",
		"title": "喜乐的心-10月9日"
	},
	{
		"duration": 300,
		"size": "1M",
		"path": "http://media.haomuren.org/dev/Joy/JoyHrt1010.mp3",
		"id": 6372000010,
		"albumId": 6372,
		"albumName": "《喜乐的心》冬季合集",
		"albumtitle": "《喜乐的心》冬季合集(10)",
		"title": "喜乐的心-10月10日"
	},
	{
		"duration": 300,
		"size": "1M",
		"path": "http://media.haomuren.org/dev/Joy/JoyHrt1011.mp3",
		"id": 6372000011,
		"albumId": 6372,
		"albumName": "《喜乐的心》冬季合集",
		"albumtitle": "《喜乐的心》冬季合集(11)",
		"title": "喜乐的心-10月11日"
	},
	{
		"duration": 300,
		"size": "1M",
		"path": "http://media.haomuren.org/dev/Joy/JoyHrt1012.mp3",
		"id": 6372000012,
		"albumId": 6372,
		"albumName": "《喜乐的心》冬季合集",
		"albumtitle": "《喜乐的心》冬季合集(12)",
		"title": "喜乐的心-10月12日"
	},
	{
		"duration": 300,
		"size": "1M",
		"path": "http://media.haomuren.org/dev/Joy/JoyHrt1013.mp3",
		"id": 6372000013,
		"albumId": 6372,
		"albumName": "《喜乐的心》冬季合集",
		"albumtitle": "《喜乐的心》冬季合集(13)",
		"title": "喜乐的心-10月13日"
	},
	{
		"duration": 300,
		"size": "1M",
		"path": "http://media.haomuren.org/dev/Joy/JoyHrt1014.mp3",
		"id": 6372000014,
		"albumId": 6372,
		"albumName": "《喜乐的心》冬季合集",
		"albumtitle": "《喜乐的心》冬季合集(14)",
		"title": "喜乐的心-10月14日"
	},
	{
		"duration": 300,
		"size": "1M",
		"path": "http://media.haomuren.org/dev/Joy/JoyHrt1015.mp3",
		"id": 6372000015,
		"albumId": 6372,
		"albumName": "《喜乐的心》冬季合集",
		"albumtitle": "《喜乐的心》冬季合集(15)",
		"title": "喜乐的心-10月15日"
	},
	{
		"duration": 300,
		"size": "1M",
		"path": "http://media.haomuren.org/dev/Joy/JoyHrt1016.mp3",
		"id": 6372000016,
		"albumId": 6372,
		"albumName": "《喜乐的心》冬季合集",
		"albumtitle": "《喜乐的心》冬季合集(16)",
		"title": "喜乐的心-10月16日"
	},
	{
		"duration": 300,
		"size": "1M",
		"path": "http://media.haomuren.org/dev/Joy/JoyHrt1017.mp3",
		"id": 6372000017,
		"albumId": 6372,
		"albumName": "《喜乐的心》冬季合集",
		"albumtitle": "《喜乐的心》冬季合集(17)",
		"title": "喜乐的心-10月17日"
	},
	{
		"duration": 300,
		"size": "1M",
		"path": "http://media.haomuren.org/dev/Joy/JoyHrt1018.mp3",
		"id": 6372000018,
		"albumId": 6372,
		"albumName": "《喜乐的心》冬季合集",
		"albumtitle": "《喜乐的心》冬季合集(18)",
		"title": "喜乐的心-10月18日"
	},
	{
		"duration": 300,
		"size": "1M",
		"path": "http://media.haomuren.org/dev/Joy/JoyHrt1019.mp3",
		"id": 6372000019,
		"albumId": 6372,
		"albumName": "《喜乐的心》冬季合集",
		"albumtitle": "《喜乐的心》冬季合集(19)",
		"title": "喜乐的心-10月19日"
	},
	{
		"duration": 300,
		"size": "1M",
		"path": "http://media.haomuren.org/dev/Joy/JoyHrt1020.mp3",
		"id": 6372000020,
		"albumId": 6372,
		"albumName": "《喜乐的心》冬季合集",
		"albumtitle": "《喜乐的心》冬季合集(20)",
		"title": "喜乐的心-10月20日"
	},
	{
		"duration": 300,
		"size": "1M",
		"path": "http://media.haomuren.org/dev/Joy/JoyHrt1021.mp3",
		"id": 6372000021,
		"albumId": 6372,
		"albumName": "《喜乐的心》冬季合集",
		"albumtitle": "《喜乐的心》冬季合集(21)",
		"title": "喜乐的心-10月21日"
	},
	{
		"duration": 300,
		"size": "1M",
		"path": "http://media.haomuren.org/dev/Joy/JoyHrt1022.mp3",
		"id": 6372000022,
		"albumId": 6372,
		"albumName": "《喜乐的心》冬季合集",
		"albumtitle": "《喜乐的心》冬季合集(22)",
		"title": "喜乐的心-10月22日"
	},
	{
		"duration": 300,
		"size": "1M",
		"path": "http://media.haomuren.org/dev/Joy/JoyHrt1023.mp3",
		"id": 6372000023,
		"albumId": 6372,
		"albumName": "《喜乐的心》冬季合集",
		"albumtitle": "《喜乐的心》冬季合集(23)",
		"title": "喜乐的心-10月23日"
	},
	{
		"duration": 300,
		"size": "1M",
		"path": "http://media.haomuren.org/dev/Joy/JoyHrt1024.mp3",
		"id": 6372000024,
		"albumId": 6372,
		"albumName": "《喜乐的心》冬季合集",
		"albumtitle": "《喜乐的心》冬季合集(24)",
		"title": "喜乐的心-10月24日"
	},
	{
		"duration": 300,
		"size": "1M",
		"path": "http://media.haomuren.org/dev/Joy/JoyHrt1025.mp3",
		"id": 6372000025,
		"albumId": 6372,
		"albumName": "《喜乐的心》冬季合集",
		"albumtitle": "《喜乐的心》冬季合集(25)",
		"title": "喜乐的心-10月25日"
	},
	{
		"duration": 300,
		"size": "1M",
		"path": "http://media.haomuren.org/dev/Joy/JoyHrt1026.mp3",
		"id": 6372000026,
		"albumId": 6372,
		"albumName": "《喜乐的心》冬季合集",
		"albumtitle": "《喜乐的心》冬季合集(26)",
		"title": "喜乐的心-10月26日"
	},
	{
		"duration": 300,
		"size": "1M",
		"path": "http://media.haomuren.org/dev/Joy/JoyHrt1027.mp3",
		"id": 6372000027,
		"albumId": 6372,
		"albumName": "《喜乐的心》冬季合集",
		"albumtitle": "《喜乐的心》冬季合集(27)",
		"title": "喜乐的心-10月27日"
	},
	{
		"duration": 300,
		"size": "1M",
		"path": "http://media.haomuren.org/dev/Joy/JoyHrt1028.mp3",
		"id": 6372000028,
		"albumId": 6372,
		"albumName": "《喜乐的心》冬季合集",
		"albumtitle": "《喜乐的心》冬季合集(28)",
		"title": "喜乐的心-10月28日"
	},
	{
		"duration": 300,
		"size": "1M",
		"path": "http://media.haomuren.org/dev/Joy/JoyHrt1029.mp3",
		"id": 6372000029,
		"albumId": 6372,
		"albumName": "《喜乐的心》冬季合集",
		"albumtitle": "《喜乐的心》冬季合集(29)",
		"title": "喜乐的心-10月29日"
	},
	{
		"duration": 300,
		"size": "1M",
		"path": "http://media.haomuren.org/dev/Joy/JoyHrt1030.mp3",
		"id": 6372000030,
		"albumId": 6372,
		"albumName": "《喜乐的心》冬季合集",
		"albumtitle": "《喜乐的心》冬季合集(30)",
		"title": "喜乐的心-10月30日"
	},
	{
		"duration": 300,
		"size": "1M",
		"path": "http://media.haomuren.org/dev/Joy/JoyHrt1031.mp3",
		"id": 6372000031,
		"albumId": 6372,
		"albumName": "《喜乐的心》冬季合集",
		"albumtitle": "《喜乐的心》冬季合集(31)",
		"title": "喜乐的心-10月31日"
	},
	{
		"duration": 300,
		"size": "1M",
		"path": "http://media.haomuren.org/dev/Joy/JoyHrt1101.mp3",
		"id": 6372000032,
		"albumId": 6372,
		"albumName": "《喜乐的心》冬季合集",
		"albumtitle": "《喜乐的心》冬季合集(32)",
		"title": "喜乐的心-11月1日"
	},
	{
		"duration": 300,
		"size": "1M",
		"path": "http://media.haomuren.org/dev/Joy/JoyHrt1102.mp3",
		"id": 6372000033,
		"albumId": 6372,
		"albumName": "《喜乐的心》冬季合集",
		"albumtitle": "《喜乐的心》冬季合集(33)",
		"title": "喜乐的心-11月2日"
	},
	{
		"duration": 300,
		"size": "1M",
		"path": "http://media.haomuren.org/dev/Joy/JoyHrt1103.mp3",
		"id": 6372000034,
		"albumId": 6372,
		"albumName": "《喜乐的心》冬季合集",
		"albumtitle": "《喜乐的心》冬季合集(34)",
		"title": "喜乐的心-11月3日"
	},
	{
		"duration": 300,
		"size": "1M",
		"path": "http://media.haomuren.org/dev/Joy/JoyHrt1104.mp3",
		"id": 6372000035,
		"albumId": 6372,
		"albumName": "《喜乐的心》冬季合集",
		"albumtitle": "《喜乐的心》冬季合集(35)",
		"title": "喜乐的心-11月4日"
	},
	{
		"duration": 300,
		"size": "1M",
		"path": "http://media.haomuren.org/dev/Joy/JoyHrt1105.mp3",
		"id": 6372000036,
		"albumId": 6372,
		"albumName": "《喜乐的心》冬季合集",
		"albumtitle": "《喜乐的心》冬季合集(36)",
		"title": "喜乐的心-11月5日"
	},
	{
		"duration": 300,
		"size": "1M",
		"path": "http://media.haomuren.org/dev/Joy/JoyHrt1106.mp3",
		"id": 6372000037,
		"albumId": 6372,
		"albumName": "《喜乐的心》冬季合集",
		"albumtitle": "《喜乐的心》冬季合集(37)",
		"title": "喜乐的心-11月6日"
	},
	{
		"duration": 300,
		"size": "1M",
		"path": "http://media.haomuren.org/dev/Joy/JoyHrt1107.mp3",
		"id": 6372000038,
		"albumId": 6372,
		"albumName": "《喜乐的心》冬季合集",
		"albumtitle": "《喜乐的心》冬季合集(38)",
		"title": "喜乐的心-11月7日"
	},
	{
		"duration": 300,
		"size": "1M",
		"path": "http://media.haomuren.org/dev/Joy/JoyHrt1108.mp3",
		"id": 6372000039,
		"albumId": 6372,
		"albumName": "《喜乐的心》冬季合集",
		"albumtitle": "《喜乐的心》冬季合集(39)",
		"title": "喜乐的心-11月8日"
	},
	{
		"duration": 300,
		"size": "1M",
		"path": "http://media.haomuren.org/dev/Joy/JoyHrt1109.mp3",
		"id": 6372000040,
		"albumId": 6372,
		"albumName": "《喜乐的心》冬季合集",
		"albumtitle": "《喜乐的心》冬季合集(40)",
		"title": "喜乐的心-11月9日"
	},
	{
		"duration": 300,
		"size": "1M",
		"path": "http://media.haomuren.org/dev/Joy/JoyHrt1110.mp3",
		"id": 6372000041,
		"albumId": 6372,
		"albumName": "《喜乐的心》冬季合集",
		"albumtitle": "《喜乐的心》冬季合集(41)",
		"title": "喜乐的心-11月10日"
	},
	{
		"duration": 300,
		"size": "1M",
		"path": "http://media.haomuren.org/dev/Joy/JoyHrt1111.mp3",
		"id": 6372000042,
		"albumId": 6372,
		"albumName": "《喜乐的心》冬季合集",
		"albumtitle": "《喜乐的心》冬季合集(42)",
		"title": "喜乐的心-11月11日"
	},
	{
		"duration": 300,
		"size": "1M",
		"path": "http://media.haomuren.org/dev/Joy/JoyHrt1112.mp3",
		"id": 6372000043,
		"albumId": 6372,
		"albumName": "《喜乐的心》冬季合集",
		"albumtitle": "《喜乐的心》冬季合集(43)",
		"title": "喜乐的心-11月12日"
	},
	{
		"duration": 300,
		"size": "1M",
		"path": "http://media.haomuren.org/dev/Joy/JoyHrt1113.mp3",
		"id": 6372000044,
		"albumId": 6372,
		"albumName": "《喜乐的心》冬季合集",
		"albumtitle": "《喜乐的心》冬季合集(44)",
		"title": "喜乐的心-11月13日"
	},
	{
		"duration": 300,
		"size": "1M",
		"path": "http://media.haomuren.org/dev/Joy/JoyHrt1114.mp3",
		"id": 6372000045,
		"albumId": 6372,
		"albumName": "《喜乐的心》冬季合集",
		"albumtitle": "《喜乐的心》冬季合集(45)",
		"title": "喜乐的心-11月14日"
	},
	{
		"duration": 300,
		"size": "1M",
		"path": "http://media.haomuren.org/dev/Joy/JoyHrt1115.mp3",
		"id": 6372000046,
		"albumId": 6372,
		"albumName": "《喜乐的心》冬季合集",
		"albumtitle": "《喜乐的心》冬季合集(46)",
		"title": "喜乐的心-11月15日"
	},
	{
		"duration": 300,
		"size": "1M",
		"path": "http://media.haomuren.org/dev/Joy/JoyHrt1116.mp3",
		"id": 6372000047,
		"albumId": 6372,
		"albumName": "《喜乐的心》冬季合集",
		"albumtitle": "《喜乐的心》冬季合集(47)",
		"title": "喜乐的心-11月16日"
	},
	{
		"duration": 300,
		"size": "1M",
		"path": "http://media.haomuren.org/dev/Joy/JoyHrt1117.mp3",
		"id": 6372000048,
		"albumId": 6372,
		"albumName": "《喜乐的心》冬季合集",
		"albumtitle": "《喜乐的心》冬季合集(48)",
		"title": "喜乐的心-11月17日"
	},
	{
		"duration": 300,
		"size": "1M",
		"path": "http://media.haomuren.org/dev/Joy/JoyHrt1118.mp3",
		"id": 6372000049,
		"albumId": 6372,
		"albumName": "《喜乐的心》冬季合集",
		"albumtitle": "《喜乐的心》冬季合集(49)",
		"title": "喜乐的心-11月18日"
	},
	{
		"duration": 300,
		"size": "1M",
		"path": "http://media.haomuren.org/dev/Joy/JoyHrt1119.mp3",
		"id": 6372000050,
		"albumId": 6372,
		"albumName": "《喜乐的心》冬季合集",
		"albumtitle": "《喜乐的心》冬季合集(50)",
		"title": "喜乐的心-11月19日"
	},
	{
		"duration": 300,
		"size": "1M",
		"path": "http://media.haomuren.org/dev/Joy/JoyHrt1120.mp3",
		"id": 6372000051,
		"albumId": 6372,
		"albumName": "《喜乐的心》冬季合集",
		"albumtitle": "《喜乐的心》冬季合集(51)",
		"title": "喜乐的心-11月20日"
	},
	{
		"duration": 300,
		"size": "1M",
		"path": "http://media.haomuren.org/dev/Joy/JoyHrt1121.mp3",
		"id": 6372000052,
		"albumId": 6372,
		"albumName": "《喜乐的心》冬季合集",
		"albumtitle": "《喜乐的心》冬季合集(52)",
		"title": "喜乐的心-11月21日"
	},
	{
		"duration": 300,
		"size": "1M",
		"path": "http://media.haomuren.org/dev/Joy/JoyHrt1122.mp3",
		"id": 6372000053,
		"albumId": 6372,
		"albumName": "《喜乐的心》冬季合集",
		"albumtitle": "《喜乐的心》冬季合集(53)",
		"title": "喜乐的心-11月22日"
	},
	{
		"duration": 300,
		"size": "1M",
		"path": "http://media.haomuren.org/dev/Joy/JoyHrt1123.mp3",
		"id": 6372000054,
		"albumId": 6372,
		"albumName": "《喜乐的心》冬季合集",
		"albumtitle": "《喜乐的心》冬季合集(54)",
		"title": "喜乐的心-11月23日"
	},
	{
		"duration": 300,
		"size": "1M",
		"path": "http://media.haomuren.org/dev/Joy/JoyHrt1124.mp3",
		"id": 6372000055,
		"albumId": 6372,
		"albumName": "《喜乐的心》冬季合集",
		"albumtitle": "《喜乐的心》冬季合集(55)",
		"title": "喜乐的心-11月24日"
	},
	{
		"duration": 300,
		"size": "1M",
		"path": "http://media.haomuren.org/dev/Joy/JoyHrt1125.mp3",
		"id": 6372000056,
		"albumId": 6372,
		"albumName": "《喜乐的心》冬季合集",
		"albumtitle": "《喜乐的心》冬季合集(56)",
		"title": "喜乐的心-11月25日"
	},
	{
		"duration": 300,
		"size": "1M",
		"path": "http://media.haomuren.org/dev/Joy/JoyHrt1126.mp3",
		"id": 6372000057,
		"albumId": 6372,
		"albumName": "《喜乐的心》冬季合集",
		"albumtitle": "《喜乐的心》冬季合集(57)",
		"title": "喜乐的心-11月26日"
	},
	{
		"duration": 300,
		"size": "1M",
		"path": "http://media.haomuren.org/dev/Joy/JoyHrt1127.mp3",
		"id": 6372000058,
		"albumId": 6372,
		"albumName": "《喜乐的心》冬季合集",
		"albumtitle": "《喜乐的心》冬季合集(58)",
		"title": "喜乐的心-11月27日"
	},
	{
		"duration": 300,
		"size": "1M",
		"path": "http://media.haomuren.org/dev/Joy/JoyHrt1128.mp3",
		"id": 6372000059,
		"albumId": 6372,
		"albumName": "《喜乐的心》冬季合集",
		"albumtitle": "《喜乐的心》冬季合集(59)",
		"title": "喜乐的心-11月28日"
	},
	{
		"duration": 300,
		"size": "1M",
		"path": "http://media.haomuren.org/dev/Joy/JoyHrt1129.mp3",
		"id": 6372000060,
		"albumId": 6372,
		"albumName": "《喜乐的心》冬季合集",
		"albumtitle": "《喜乐的心》冬季合集(60)",
		"title": "喜乐的心-11月29日"
	},
	{
		"duration": 300,
		"size": "1M",
		"path": "http://media.haomuren.org/dev/Joy/JoyHrt1130.mp3",
		"id": 6372000061,
		"albumId": 6372,
		"albumName": "《喜乐的心》冬季合集",
		"albumtitle": "《喜乐的心》冬季合集(61)",
		"title": "喜乐的心-11月30日"
	},
	{
		"duration": 300,
		"size": "1M",
		"path": "http://media.haomuren.org/dev/Joy/JoyHrt1201.mp3",
		"id": 6372000062,
		"albumId": 6372,
		"albumName": "《喜乐的心》冬季合集",
		"albumtitle": "《喜乐的心》冬季合集(62)",
		"title": "喜乐的心-12月1日"
	},
	{
		"duration": 300,
		"size": "1M",
		"path": "http://media.haomuren.org/dev/Joy/JoyHrt1202.mp3",
		"id": 6372000063,
		"albumId": 6372,
		"albumName": "《喜乐的心》冬季合集",
		"albumtitle": "《喜乐的心》冬季合集(63)",
		"title": "喜乐的心-12月2日"
	},
	{
		"duration": 300,
		"size": "1M",
		"path": "http://media.haomuren.org/dev/Joy/JoyHrt1203.mp3",
		"id": 6372000064,
		"albumId": 6372,
		"albumName": "《喜乐的心》冬季合集",
		"albumtitle": "《喜乐的心》冬季合集(64)",
		"title": "喜乐的心-12月3日"
	},
	{
		"duration": 300,
		"size": "1M",
		"path": "http://media.haomuren.org/dev/Joy/JoyHrt1204.mp3",
		"id": 6372000065,
		"albumId": 6372,
		"albumName": "《喜乐的心》冬季合集",
		"albumtitle": "《喜乐的心》冬季合集(65)",
		"title": "喜乐的心-12月4日"
	},
	{
		"duration": 300,
		"size": "1M",
		"path": "http://media.haomuren.org/dev/Joy/JoyHrt1205.mp3",
		"id": 6372000066,
		"albumId": 6372,
		"albumName": "《喜乐的心》冬季合集",
		"albumtitle": "《喜乐的心》冬季合集(66)",
		"title": "喜乐的心-12月5日"
	},
	{
		"duration": 300,
		"size": "1M",
		"path": "http://media.haomuren.org/dev/Joy/JoyHrt1206.mp3",
		"id": 6372000067,
		"albumId": 6372,
		"albumName": "《喜乐的心》冬季合集",
		"albumtitle": "《喜乐的心》冬季合集(67)",
		"title": "喜乐的心-12月6日"
	},
	{
		"duration": 300,
		"size": "1M",
		"path": "http://media.haomuren.org/dev/Joy/JoyHrt1207.mp3",
		"id": 6372000068,
		"albumId": 6372,
		"albumName": "《喜乐的心》冬季合集",
		"albumtitle": "《喜乐的心》冬季合集(68)",
		"title": "喜乐的心-12月7日"
	},
	{
		"duration": 300,
		"size": "1M",
		"path": "http://media.haomuren.org/dev/Joy/JoyHrt1208.mp3",
		"id": 6372000069,
		"albumId": 6372,
		"albumName": "《喜乐的心》冬季合集",
		"albumtitle": "《喜乐的心》冬季合集(69)",
		"title": "喜乐的心-12月8日"
	},
	{
		"duration": 300,
		"size": "1M",
		"path": "http://media.haomuren.org/dev/Joy/JoyHrt1209.mp3",
		"id": 6372000070,
		"albumId": 6372,
		"albumName": "《喜乐的心》冬季合集",
		"albumtitle": "《喜乐的心》冬季合集(70)",
		"title": "喜乐的心-12月9日"
	},
	{
		"duration": 300,
		"size": "1M",
		"path": "http://media.haomuren.org/dev/Joy/JoyHrt1210.mp3",
		"id": 6372000071,
		"albumId": 6372,
		"albumName": "《喜乐的心》冬季合集",
		"albumtitle": "《喜乐的心》冬季合集(71)",
		"title": "喜乐的心-12月10日"
	},
	{
		"duration": 300,
		"size": "1M",
		"path": "http://media.haomuren.org/dev/Joy/JoyHrt1211.mp3",
		"id": 6372000072,
		"albumId": 6372,
		"albumName": "《喜乐的心》冬季合集",
		"albumtitle": "《喜乐的心》冬季合集(72)",
		"title": "喜乐的心-12月11日"
	},
	{
		"duration": 300,
		"size": "1M",
		"path": "http://media.haomuren.org/dev/Joy/JoyHrt1212.mp3",
		"id": 6372000073,
		"albumId": 6372,
		"albumName": "《喜乐的心》冬季合集",
		"albumtitle": "《喜乐的心》冬季合集(73)",
		"title": "喜乐的心-12月12日"
	},
	{
		"duration": 300,
		"size": "1M",
		"path": "http://media.haomuren.org/dev/Joy/JoyHrt1213.mp3",
		"id": 6372000074,
		"albumId": 6372,
		"albumName": "《喜乐的心》冬季合集",
		"albumtitle": "《喜乐的心》冬季合集(74)",
		"title": "喜乐的心-12月13日"
	},
	{
		"duration": 300,
		"size": "1M",
		"path": "http://media.haomuren.org/dev/Joy/JoyHrt1214.mp3",
		"id": 6372000075,
		"albumId": 6372,
		"albumName": "《喜乐的心》冬季合集",
		"albumtitle": "《喜乐的心》冬季合集(75)",
		"title": "喜乐的心-12月14日"
	},
	{
		"duration": 300,
		"size": "1M",
		"path": "http://media.haomuren.org/dev/Joy/JoyHrt1215.mp3",
		"id": 6372000076,
		"albumId": 6372,
		"albumName": "《喜乐的心》冬季合集",
		"albumtitle": "《喜乐的心》冬季合集(76)",
		"title": "喜乐的心-12月15日"
	},
	{
		"duration": 300,
		"size": "1M",
		"path": "http://media.haomuren.org/dev/Joy/JoyHrt1216.mp3",
		"id": 6372000077,
		"albumId": 6372,
		"albumName": "《喜乐的心》冬季合集",
		"albumtitle": "《喜乐的心》冬季合集(77)",
		"title": "喜乐的心-12月16日"
	},
	{
		"duration": 300,
		"size": "1M",
		"path": "http://media.haomuren.org/dev/Joy/JoyHrt1217.mp3",
		"id": 6372000078,
		"albumId": 6372,
		"albumName": "《喜乐的心》冬季合集",
		"albumtitle": "《喜乐的心》冬季合集(78)",
		"title": "喜乐的心-12月17日"
	},
	{
		"duration": 300,
		"size": "1M",
		"path": "http://media.haomuren.org/dev/Joy/JoyHrt1218.mp3",
		"id": 6372000079,
		"albumId": 6372,
		"albumName": "《喜乐的心》冬季合集",
		"albumtitle": "《喜乐的心》冬季合集(79)",
		"title": "喜乐的心-12月18日"
	},
	{
		"duration": 300,
		"size": "1M",
		"path": "http://media.haomuren.org/dev/Joy/JoyHrt1219.mp3",
		"id": 6372000080,
		"albumId": 6372,
		"albumName": "《喜乐的心》冬季合集",
		"albumtitle": "《喜乐的心》冬季合集(80)",
		"title": "喜乐的心-12月19日"
	},
	{
		"duration": 300,
		"size": "1M",
		"path": "http://media.haomuren.org/dev/Joy/JoyHrt1220.mp3",
		"id": 6372000081,
		"albumId": 6372,
		"albumName": "《喜乐的心》冬季合集",
		"albumtitle": "《喜乐的心》冬季合集(81)",
		"title": "喜乐的心-12月20日"
	},
	{
		"duration": 300,
		"size": "1M",
		"path": "http://media.haomuren.org/dev/Joy/JoyHrt1221.mp3",
		"id": 6372000082,
		"albumId": 6372,
		"albumName": "《喜乐的心》冬季合集",
		"albumtitle": "《喜乐的心》冬季合集(82)",
		"title": "喜乐的心-12月21日"
	},
	{
		"duration": 300,
		"size": "1M",
		"path": "http://media.haomuren.org/dev/Joy/JoyHrt1222.mp3",
		"id": 6372000083,
		"albumId": 6372,
		"albumName": "《喜乐的心》冬季合集",
		"albumtitle": "《喜乐的心》冬季合集(83)",
		"title": "喜乐的心-12月22日"
	},
	{
		"duration": 300,
		"size": "1M",
		"path": "http://media.haomuren.org/dev/Joy/JoyHrt1223.mp3",
		"id": 6372000084,
		"albumId": 6372,
		"albumName": "《喜乐的心》冬季合集",
		"albumtitle": "《喜乐的心》冬季合集(84)",
		"title": "喜乐的心-12月23日"
	},
	{
		"duration": 300,
		"size": "1M",
		"path": "http://media.haomuren.org/dev/Joy/JoyHrt1224.mp3",
		"id": 6372000085,
		"albumId": 6372,
		"albumName": "《喜乐的心》冬季合集",
		"albumtitle": "《喜乐的心》冬季合集(85)",
		"title": "喜乐的心-12月24日"
	},
	{
		"duration": 300,
		"size": "1M",
		"path": "http://media.haomuren.org/dev/Joy/JoyHrt1225.mp3",
		"id": 6372000086,
		"albumId": 6372,
		"albumName": "《喜乐的心》冬季合集",
		"albumtitle": "《喜乐的心》冬季合集(86)",
		"title": "喜乐的心-12月25日"
	},
	{
		"duration": 300,
		"size": "1M",
		"path": "http://media.haomuren.org/dev/Joy/JoyHrt1226.mp3",
		"id": 6372000087,
		"albumId": 6372,
		"albumName": "《喜乐的心》冬季合集",
		"albumtitle": "《喜乐的心》冬季合集(87)",
		"title": "喜乐的心-12月26日"
	},
	{
		"duration": 300,
		"size": "1M",
		"path": "http://media.haomuren.org/dev/Joy/JoyHrt1227.mp3",
		"id": 6372000088,
		"albumId": 6372,
		"albumName": "《喜乐的心》冬季合集",
		"albumtitle": "《喜乐的心》冬季合集(88)",
		"title": "喜乐的心-12月27日"
	},
	{
		"duration": 300,
		"size": "1M",
		"path": "http://media.haomuren.org/dev/Joy/JoyHrt1228.mp3",
		"id": 6372000089,
		"albumId": 6372,
		"albumName": "《喜乐的心》冬季合集",
		"albumtitle": "《喜乐的心》冬季合集(89)",
		"title": "喜乐的心-12月28日"
	},
	{
		"duration": 300,
		"size": "1M",
		"path": "http://media.haomuren.org/dev/Joy/JoyHrt1229.mp3",
		"id": 6372000090,
		"albumId": 6372,
		"albumName": "《喜乐的心》冬季合集",
		"albumtitle": "《喜乐的心》冬季合集(90)",
		"title": "喜乐的心-12月29日"
	},
	{
		"duration": 300,
		"size": "1M",
		"path": "http://media.haomuren.org/dev/Joy/JoyHrt1230.mp3",
		"id": 6372000091,
		"albumId": 6372,
		"albumName": "《喜乐的心》冬季合集",
		"albumtitle": "《喜乐的心》冬季合集(91)",
		"title": "喜乐的心-12月30日"
	},
	{
		"duration": 300,
		"size": "1M",
		"path": "http://media.haomuren.org/dev/Joy/JoyHrt1231.mp3",
		"id": 6372000092,
		"albumId": 6372,
		"albumName": "《喜乐的心》冬季合集",
		"albumtitle": "《喜乐的心》冬季合集(92)",
		"title": "喜乐的心-12月31日"
	}
]