[
	{
		"duration": 300,
		"size": "1M",
		"path": "http://media.haomuren.org/dev/Joy/JoyHrt0701.mp3",
		"id": 6371000001,
		"albumId": 6371,
		"albumName": "《喜乐的心》秋季合集",
		"albumtitle": "《喜乐的心》秋季合集(1)",
		"title": "喜乐的心-7月1日"
	},
	{
		"duration": 300,
		"size": "1M",
		"path": "http://media.haomuren.org/dev/Joy/JoyHrt0702.mp3",
		"id": 6371000002,
		"albumId": 6371,
		"albumName": "《喜乐的心》秋季合集",
		"albumtitle": "《喜乐的心》秋季合集(2)",
		"title": "喜乐的心-7月2日"
	},
	{
		"duration": 300,
		"size": "1M",
		"path": "http://media.haomuren.org/dev/Joy/JoyHrt0703.mp3",
		"id": 6371000003,
		"albumId": 6371,
		"albumName": "《喜乐的心》秋季合集",
		"albumtitle": "《喜乐的心》秋季合集(3)",
		"title": "喜乐的心-7月3日"
	},
	{
		"duration": 300,
		"size": "1M",
		"path": "http://media.haomuren.org/dev/Joy/JoyHrt0704.mp3",
		"id": 6371000004,
		"albumId": 6371,
		"albumName": "《喜乐的心》秋季合集",
		"albumtitle": "《喜乐的心》秋季合集(4)",
		"title": "喜乐的心-7月4日"
	},
	{
		"duration": 300,
		"size": "1M",
		"path": "http://media.haomuren.org/dev/Joy/JoyHrt0705.mp3",
		"id": 6371000005,
		"albumId": 6371,
		"albumName": "《喜乐的心》秋季合集",
		"albumtitle": "《喜乐的心》秋季合集(5)",
		"title": "喜乐的心-7月5日"
	},
	{
		"duration": 300,
		"size": "1M",
		"path": "http://media.haomuren.org/dev/Joy/JoyHrt0706.mp3",
		"id": 6371000006,
		"albumId": 6371,
		"albumName": "《喜乐的心》秋季合集",
		"albumtitle": "《喜乐的心》秋季合集(6)",
		"title": "喜乐的心-7月6日"
	},
	{
		"duration": 300,
		"size": "1M",
		"path": "http://media.haomuren.org/dev/Joy/JoyHrt0707.mp3",
		"id": 6371000007,
		"albumId": 6371,
		"albumName": "《喜乐的心》秋季合集",
		"albumtitle": "《喜乐的心》秋季合集(7)",
		"title": "喜乐的心-7月7日"
	},
	{
		"duration": 300,
		"size": "1M",
		"path": "http://media.haomuren.org/dev/Joy/JoyHrt0708.mp3",
		"id": 6371000008,
		"albumId": 6371,
		"albumName": "《喜乐的心》秋季合集",
		"albumtitle": "《喜乐的心》秋季合集(8)",
		"title": "喜乐的心-7月8日"
	},
	{
		"duration": 300,
		"size": "1M",
		"path": "http://media.haomuren.org/dev/Joy/JoyHrt0709.mp3",
		"id": 6371000009,
		"albumId": 6371,
		"albumName": "《喜乐的心》秋季合集",
		"albumtitle": "《喜乐的心》秋季合集(9)",
		"title": "喜乐的心-7月9日"
	},
	{
		"duration": 300,
		"size": "1M",
		"path": "http://media.haomuren.org/dev/Joy/JoyHrt0710.mp3",
		"id": 6371000010,
		"albumId": 6371,
		"albumName": "《喜乐的心》秋季合集",
		"albumtitle": "《喜乐的心》秋季合集(10)",
		"title": "喜乐的心-7月10日"
	},
	{
		"duration": 300,
		"size": "1M",
		"path": "http://media.haomuren.org/dev/Joy/JoyHrt0711.mp3",
		"id": 6371000011,
		"albumId": 6371,
		"albumName": "《喜乐的心》秋季合集",
		"albumtitle": "《喜乐的心》秋季合集(11)",
		"title": "喜乐的心-7月11日"
	},
	{
		"duration": 300,
		"size": "1M",
		"path": "http://media.haomuren.org/dev/Joy/JoyHrt0712.mp3",
		"id": 6371000012,
		"albumId": 6371,
		"albumName": "《喜乐的心》秋季合集",
		"albumtitle": "《喜乐的心》秋季合集(12)",
		"title": "喜乐的心-7月12日"
	},
	{
		"duration": 300,
		"size": "1M",
		"path": "http://media.haomuren.org/dev/Joy/JoyHrt0713.mp3",
		"id": 6371000013,
		"albumId": 6371,
		"albumName": "《喜乐的心》秋季合集",
		"albumtitle": "《喜乐的心》秋季合集(13)",
		"title": "喜乐的心-7月13日"
	},
	{
		"duration": 300,
		"size": "1M",
		"path": "http://media.haomuren.org/dev/Joy/JoyHrt0714.mp3",
		"id": 6371000014,
		"albumId": 6371,
		"albumName": "《喜乐的心》秋季合集",
		"albumtitle": "《喜乐的心》秋季合集(14)",
		"title": "喜乐的心-7月14日"
	},
	{
		"duration": 300,
		"size": "1M",
		"path": "http://media.haomuren.org/dev/Joy/JoyHrt0715.mp3",
		"id": 6371000015,
		"albumId": 6371,
		"albumName": "《喜乐的心》秋季合集",
		"albumtitle": "《喜乐的心》秋季合集(15)",
		"title": "喜乐的心-7月15日"
	},
	{
		"duration": 300,
		"size": "1M",
		"path": "http://media.haomuren.org/dev/Joy/JoyHrt0716.mp3",
		"id": 6371000016,
		"albumId": 6371,
		"albumName": "《喜乐的心》秋季合集",
		"albumtitle": "《喜乐的心》秋季合集(16)",
		"title": "喜乐的心-7月16日"
	},
	{
		"duration": 300,
		"size": "1M",
		"path": "http://media.haomuren.org/dev/Joy/JoyHrt0717.mp3",
		"id": 6371000017,
		"albumId": 6371,
		"albumName": "《喜乐的心》秋季合集",
		"albumtitle": "《喜乐的心》秋季合集(17)",
		"title": "喜乐的心-7月17日"
	},
	{
		"duration": 300,
		"size": "1M",
		"path": "http://media.haomuren.org/dev/Joy/JoyHrt0718.mp3",
		"id": 6371000018,
		"albumId": 6371,
		"albumName": "《喜乐的心》秋季合集",
		"albumtitle": "《喜乐的心》秋季合集(18)",
		"title": "喜乐的心-7月18日"
	},
	{
		"duration": 300,
		"size": "1M",
		"path": "http://media.haomuren.org/dev/Joy/JoyHrt0719.mp3",
		"id": 6371000019,
		"albumId": 6371,
		"albumName": "《喜乐的心》秋季合集",
		"albumtitle": "《喜乐的心》秋季合集(19)",
		"title": "喜乐的心-7月19日"
	},
	{
		"duration": 300,
		"size": "1M",
		"path": "http://media.haomuren.org/dev/Joy/JoyHrt0720.mp3",
		"id": 6371000020,
		"albumId": 6371,
		"albumName": "《喜乐的心》秋季合集",
		"albumtitle": "《喜乐的心》秋季合集(20)",
		"title": "喜乐的心-7月20日"
	},
	{
		"duration": 300,
		"size": "1M",
		"path": "http://media.haomuren.org/dev/Joy/JoyHrt0721.mp3",
		"id": 6371000021,
		"albumId": 6371,
		"albumName": "《喜乐的心》秋季合集",
		"albumtitle": "《喜乐的心》秋季合集(21)",
		"title": "喜乐的心-7月21日"
	},
	{
		"duration": 300,
		"size": "1M",
		"path": "http://media.haomuren.org/dev/Joy/JoyHrt0722.mp3",
		"id": 6371000022,
		"albumId": 6371,
		"albumName": "《喜乐的心》秋季合集",
		"albumtitle": "《喜乐的心》秋季合集(22)",
		"title": "喜乐的心-7月22日"
	},
	{
		"duration": 300,
		"size": "1M",
		"path": "http://media.haomuren.org/dev/Joy/JoyHrt0723.mp3",
		"id": 6371000023,
		"albumId": 6371,
		"albumName": "《喜乐的心》秋季合集",
		"albumtitle": "《喜乐的心》秋季合集(23)",
		"title": "喜乐的心-7月23日"
	},
	{
		"duration": 300,
		"size": "1M",
		"path": "http://media.haomuren.org/dev/Joy/JoyHrt0724.mp3",
		"id": 6371000024,
		"albumId": 6371,
		"albumName": "《喜乐的心》秋季合集",
		"albumtitle": "《喜乐的心》秋季合集(24)",
		"title": "喜乐的心-7月24日"
	},
	{
		"duration": 300,
		"size": "1M",
		"path": "http://media.haomuren.org/dev/Joy/JoyHrt0725.mp3",
		"id": 6371000025,
		"albumId": 6371,
		"albumName": "《喜乐的心》秋季合集",
		"albumtitle": "《喜乐的心》秋季合集(25)",
		"title": "喜乐的心-7月25日"
	},
	{
		"duration": 300,
		"size": "1M",
		"path": "http://media.haomuren.org/dev/Joy/JoyHrt0726.mp3",
		"id": 6371000026,
		"albumId": 6371,
		"albumName": "《喜乐的心》秋季合集",
		"albumtitle": "《喜乐的心》秋季合集(26)",
		"title": "喜乐的心-7月26日"
	},
	{
		"duration": 300,
		"size": "1M",
		"path": "http://media.haomuren.org/dev/Joy/JoyHrt0727.mp3",
		"id": 6371000027,
		"albumId": 6371,
		"albumName": "《喜乐的心》秋季合集",
		"albumtitle": "《喜乐的心》秋季合集(27)",
		"title": "喜乐的心-7月27日"
	},
	{
		"duration": 300,
		"size": "1M",
		"path": "http://media.haomuren.org/dev/Joy/JoyHrt0728.mp3",
		"id": 6371000028,
		"albumId": 6371,
		"albumName": "《喜乐的心》秋季合集",
		"albumtitle": "《喜乐的心》秋季合集(28)",
		"title": "喜乐的心-7月28日"
	},
	{
		"duration": 300,
		"size": "1M",
		"path": "http://media.haomuren.org/dev/Joy/JoyHrt0729.mp3",
		"id": 6371000029,
		"albumId": 6371,
		"albumName": "《喜乐的心》秋季合集",
		"albumtitle": "《喜乐的心》秋季合集(29)",
		"title": "喜乐的心-7月29日"
	},
	{
		"duration": 300,
		"size": "1M",
		"path": "http://media.haomuren.org/dev/Joy/JoyHrt0730.mp3",
		"id": 6371000030,
		"albumId": 6371,
		"albumName": "《喜乐的心》秋季合集",
		"albumtitle": "《喜乐的心》秋季合集(30)",
		"title": "喜乐的心-7月30日"
	},
	{
		"duration": 300,
		"size": "1M",
		"path": "http://media.haomuren.org/dev/Joy/JoyHrt0731.mp3",
		"id": 6371000031,
		"albumId": 6371,
		"albumName": "《喜乐的心》秋季合集",
		"albumtitle": "《喜乐的心》秋季合集(31)",
		"title": "喜乐的心-7月31日"
	},
	{
		"duration": 300,
		"size": "1M",
		"path": "http://media.haomuren.org/dev/Joy/JoyHrt0801.mp3",
		"id": 6371000032,
		"albumId": 6371,
		"albumName": "《喜乐的心》秋季合集",
		"albumtitle": "《喜乐的心》秋季合集(32)",
		"title": "喜乐的心-8月1日"
	},
	{
		"duration": 300,
		"size": "1M",
		"path": "http://media.haomuren.org/dev/Joy/JoyHrt0802.mp3",
		"id": 6371000033,
		"albumId": 6371,
		"albumName": "《喜乐的心》秋季合集",
		"albumtitle": "《喜乐的心》秋季合集(33)",
		"title": "喜乐的心-8月2日"
	},
	{
		"duration": 300,
		"size": "1M",
		"path": "http://media.haomuren.org/dev/Joy/JoyHrt0803.mp3",
		"id": 6371000034,
		"albumId": 6371,
		"albumName": "《喜乐的心》秋季合集",
		"albumtitle": "《喜乐的心》秋季合集(34)",
		"title": "喜乐的心-8月3日"
	},
	{
		"duration": 300,
		"size": "1M",
		"path": "http://media.haomuren.org/dev/Joy/JoyHrt0804.mp3",
		"id": 6371000035,
		"albumId": 6371,
		"albumName": "《喜乐的心》秋季合集",
		"albumtitle": "《喜乐的心》秋季合集(35)",
		"title": "喜乐的心-8月4日"
	},
	{
		"duration": 300,
		"size": "1M",
		"path": "http://media.haomuren.org/dev/Joy/JoyHrt0805.mp3",
		"id": 6371000036,
		"albumId": 6371,
		"albumName": "《喜乐的心》秋季合集",
		"albumtitle": "《喜乐的心》秋季合集(36)",
		"title": "喜乐的心-8月5日"
	},
	{
		"duration": 300,
		"size": "1M",
		"path": "http://media.haomuren.org/dev/Joy/JoyHrt0806.mp3",
		"id": 6371000037,
		"albumId": 6371,
		"albumName": "《喜乐的心》秋季合集",
		"albumtitle": "《喜乐的心》秋季合集(37)",
		"title": "喜乐的心-8月6日"
	},
	{
		"duration": 300,
		"size": "1M",
		"path": "http://media.haomuren.org/dev/Joy/JoyHrt0807.mp3",
		"id": 6371000038,
		"albumId": 6371,
		"albumName": "《喜乐的心》秋季合集",
		"albumtitle": "《喜乐的心》秋季合集(38)",
		"title": "喜乐的心-8月7日"
	},
	{
		"duration": 300,
		"size": "1M",
		"path": "http://media.haomuren.org/dev/Joy/JoyHrt0808.mp3",
		"id": 6371000039,
		"albumId": 6371,
		"albumName": "《喜乐的心》秋季合集",
		"albumtitle": "《喜乐的心》秋季合集(39)",
		"title": "喜乐的心-8月8日"
	},
	{
		"duration": 300,
		"size": "1M",
		"path": "http://media.haomuren.org/dev/Joy/JoyHrt0809.mp3",
		"id": 6371000040,
		"albumId": 6371,
		"albumName": "《喜乐的心》秋季合集",
		"albumtitle": "《喜乐的心》秋季合集(40)",
		"title": "喜乐的心-8月9日"
	},
	{
		"duration": 300,
		"size": "1M",
		"path": "http://media.haomuren.org/dev/Joy/JoyHrt0810.mp3",
		"id": 6371000041,
		"albumId": 6371,
		"albumName": "《喜乐的心》秋季合集",
		"albumtitle": "《喜乐的心》秋季合集(41)",
		"title": "喜乐的心-8月10日"
	},
	{
		"duration": 300,
		"size": "1M",
		"path": "http://media.haomuren.org/dev/Joy/JoyHrt0811.mp3",
		"id": 6371000042,
		"albumId": 6371,
		"albumName": "《喜乐的心》秋季合集",
		"albumtitle": "《喜乐的心》秋季合集(42)",
		"title": "喜乐的心-8月11日"
	},
	{
		"duration": 300,
		"size": "1M",
		"path": "http://media.haomuren.org/dev/Joy/JoyHrt0812.mp3",
		"id": 6371000043,
		"albumId": 6371,
		"albumName": "《喜乐的心》秋季合集",
		"albumtitle": "《喜乐的心》秋季合集(43)",
		"title": "喜乐的心-8月12日"
	},
	{
		"duration": 300,
		"size": "1M",
		"path": "http://media.haomuren.org/dev/Joy/JoyHrt0813.mp3",
		"id": 6371000044,
		"albumId": 6371,
		"albumName": "《喜乐的心》秋季合集",
		"albumtitle": "《喜乐的心》秋季合集(44)",
		"title": "喜乐的心-8月13日"
	},
	{
		"duration": 300,
		"size": "1M",
		"path": "http://media.haomuren.org/dev/Joy/JoyHrt0814.mp3",
		"id": 6371000045,
		"albumId": 6371,
		"albumName": "《喜乐的心》秋季合集",
		"albumtitle": "《喜乐的心》秋季合集(45)",
		"title": "喜乐的心-8月14日"
	},
	{
		"duration": 300,
		"size": "1M",
		"path": "http://media.haomuren.org/dev/Joy/JoyHrt0815.mp3",
		"id": 6371000046,
		"albumId": 6371,
		"albumName": "《喜乐的心》秋季合集",
		"albumtitle": "《喜乐的心》秋季合集(46)",
		"title": "喜乐的心-8月15日"
	},
	{
		"duration": 300,
		"size": "1M",
		"path": "http://media.haomuren.org/dev/Joy/JoyHrt0816.mp3",
		"id": 6371000047,
		"albumId": 6371,
		"albumName": "《喜乐的心》秋季合集",
		"albumtitle": "《喜乐的心》秋季合集(47)",
		"title": "喜乐的心-8月16日"
	},
	{
		"duration": 300,
		"size": "1M",
		"path": "http://media.haomuren.org/dev/Joy/JoyHrt0817.mp3",
		"id": 6371000048,
		"albumId": 6371,
		"albumName": "《喜乐的心》秋季合集",
		"albumtitle": "《喜乐的心》秋季合集(48)",
		"title": "喜乐的心-8月17日"
	},
	{
		"duration": 300,
		"size": "1M",
		"path": "http://media.haomuren.org/dev/Joy/JoyHrt0818.mp3",
		"id": 6371000049,
		"albumId": 6371,
		"albumName": "《喜乐的心》秋季合集",
		"albumtitle": "《喜乐的心》秋季合集(49)",
		"title": "喜乐的心-8月18日"
	},
	{
		"duration": 300,
		"size": "1M",
		"path": "http://media.haomuren.org/dev/Joy/JoyHrt0819.mp3",
		"id": 6371000050,
		"albumId": 6371,
		"albumName": "《喜乐的心》秋季合集",
		"albumtitle": "《喜乐的心》秋季合集(50)",
		"title": "喜乐的心-8月19日"
	},
	{
		"duration": 300,
		"size": "1M",
		"path": "http://media.haomuren.org/dev/Joy/JoyHrt0820.mp3",
		"id": 6371000051,
		"albumId": 6371,
		"albumName": "《喜乐的心》秋季合集",
		"albumtitle": "《喜乐的心》秋季合集(51)",
		"title": "喜乐的心-8月20日"
	},
	{
		"duration": 300,
		"size": "1M",
		"path": "http://media.haomuren.org/dev/Joy/JoyHrt0821.mp3",
		"id": 6371000052,
		"albumId": 6371,
		"albumName": "《喜乐的心》秋季合集",
		"albumtitle": "《喜乐的心》秋季合集(52)",
		"title": "喜乐的心-8月21日"
	},
	{
		"duration": 300,
		"size": "1M",
		"path": "http://media.haomuren.org/dev/Joy/JoyHrt0822.mp3",
		"id": 6371000053,
		"albumId": 6371,
		"albumName": "《喜乐的心》秋季合集",
		"albumtitle": "《喜乐的心》秋季合集(53)",
		"title": "喜乐的心-8月22日"
	},
	{
		"duration": 300,
		"size": "1M",
		"path": "http://media.haomuren.org/dev/Joy/JoyHrt0823.mp3",
		"id": 6371000054,
		"albumId": 6371,
		"albumName": "《喜乐的心》秋季合集",
		"albumtitle": "《喜乐的心》秋季合集(54)",
		"title": "喜乐的心-8月23日"
	},
	{
		"duration": 300,
		"size": "1M",
		"path": "http://media.haomuren.org/dev/Joy/JoyHrt0824.mp3",
		"id": 6371000055,
		"albumId": 6371,
		"albumName": "《喜乐的心》秋季合集",
		"albumtitle": "《喜乐的心》秋季合集(55)",
		"title": "喜乐的心-8月24日"
	},
	{
		"duration": 300,
		"size": "1M",
		"path": "http://media.haomuren.org/dev/Joy/JoyHrt0825.mp3",
		"id": 6371000056,
		"albumId": 6371,
		"albumName": "《喜乐的心》秋季合集",
		"albumtitle": "《喜乐的心》秋季合集(56)",
		"title": "喜乐的心-8月25日"
	},
	{
		"duration": 300,
		"size": "1M",
		"path": "http://media.haomuren.org/dev/Joy/JoyHrt0826.mp3",
		"id": 6371000057,
		"albumId": 6371,
		"albumName": "《喜乐的心》秋季合集",
		"albumtitle": "《喜乐的心》秋季合集(57)",
		"title": "喜乐的心-8月26日"
	},
	{
		"duration": 300,
		"size": "1M",
		"path": "http://media.haomuren.org/dev/Joy/JoyHrt0827.mp3",
		"id": 6371000058,
		"albumId": 6371,
		"albumName": "《喜乐的心》秋季合集",
		"albumtitle": "《喜乐的心》秋季合集(58)",
		"title": "喜乐的心-8月27日"
	},
	{
		"duration": 300,
		"size": "1M",
		"path": "http://media.haomuren.org/dev/Joy/JoyHrt0828.mp3",
		"id": 6371000059,
		"albumId": 6371,
		"albumName": "《喜乐的心》秋季合集",
		"albumtitle": "《喜乐的心》秋季合集(59)",
		"title": "喜乐的心-8月28日"
	},
	{
		"duration": 300,
		"size": "1M",
		"path": "http://media.haomuren.org/dev/Joy/JoyHrt0829.mp3",
		"id": 6371000060,
		"albumId": 6371,
		"albumName": "《喜乐的心》秋季合集",
		"albumtitle": "《喜乐的心》秋季合集(60)",
		"title": "喜乐的心-8月29日"
	},
	{
		"duration": 300,
		"size": "1M",
		"path": "http://media.haomuren.org/dev/Joy/JoyHrt0830.mp3",
		"id": 6371000061,
		"albumId": 6371,
		"albumName": "《喜乐的心》秋季合集",
		"albumtitle": "《喜乐的心》秋季合集(61)",
		"title": "喜乐的心-8月30日"
	},
	{
		"duration": 300,
		"size": "1M",
		"path": "http://media.haomuren.org/dev/Joy/JoyHrt0831.mp3",
		"id": 6371000062,
		"albumId": 6371,
		"albumName": "《喜乐的心》秋季合集",
		"albumtitle": "《喜乐的心》秋季合集(62)",
		"title": "喜乐的心-8月31日"
	},
	{
		"duration": 300,
		"size": "1M",
		"path": "http://media.haomuren.org/dev/Joy/JoyHrt0901.mp3",
		"id": 6371000063,
		"albumId": 6371,
		"albumName": "《喜乐的心》秋季合集",
		"albumtitle": "《喜乐的心》秋季合集(63)",
		"title": "喜乐的心-9月1日"
	},
	{
		"duration": 300,
		"size": "1M",
		"path": "http://media.haomuren.org/dev/Joy/JoyHrt0902.mp3",
		"id": 6371000064,
		"albumId": 6371,
		"albumName": "《喜乐的心》秋季合集",
		"albumtitle": "《喜乐的心》秋季合集(64)",
		"title": "喜乐的心-9月2日"
	},
	{
		"duration": 300,
		"size": "1M",
		"path": "http://media.haomuren.org/dev/Joy/JoyHrt0903.mp3",
		"id": 6371000065,
		"albumId": 6371,
		"albumName": "《喜乐的心》秋季合集",
		"albumtitle": "《喜乐的心》秋季合集(65)",
		"title": "喜乐的心-9月3日"
	},
	{
		"duration": 300,
		"size": "1M",
		"path": "http://media.haomuren.org/dev/Joy/JoyHrt0904.mp3",
		"id": 6371000066,
		"albumId": 6371,
		"albumName": "《喜乐的心》秋季合集",
		"albumtitle": "《喜乐的心》秋季合集(66)",
		"title": "喜乐的心-9月4日"
	},
	{
		"duration": 300,
		"size": "1M",
		"path": "http://media.haomuren.org/dev/Joy/JoyHrt0905.mp3",
		"id": 6371000067,
		"albumId": 6371,
		"albumName": "《喜乐的心》秋季合集",
		"albumtitle": "《喜乐的心》秋季合集(67)",
		"title": "喜乐的心-9月5日"
	},
	{
		"duration": 300,
		"size": "1M",
		"path": "http://media.haomuren.org/dev/Joy/JoyHrt0906.mp3",
		"id": 6371000068,
		"albumId": 6371,
		"albumName": "《喜乐的心》秋季合集",
		"albumtitle": "《喜乐的心》秋季合集(68)",
		"title": "喜乐的心-9月6日"
	},
	{
		"duration": 300,
		"size": "1M",
		"path": "http://media.haomuren.org/dev/Joy/JoyHrt0907.mp3",
		"id": 6371000069,
		"albumId": 6371,
		"albumName": "《喜乐的心》秋季合集",
		"albumtitle": "《喜乐的心》秋季合集(69)",
		"title": "喜乐的心-9月7日"
	},
	{
		"duration": 300,
		"size": "1M",
		"path": "http://media.haomuren.org/dev/Joy/JoyHrt0908.mp3",
		"id": 6371000070,
		"albumId": 6371,
		"albumName": "《喜乐的心》秋季合集",
		"albumtitle": "《喜乐的心》秋季合集(70)",
		"title": "喜乐的心-9月8日"
	},
	{
		"duration": 300,
		"size": "1M",
		"path": "http://media.haomuren.org/dev/Joy/JoyHrt0909.mp3",
		"id": 6371000071,
		"albumId": 6371,
		"albumName": "《喜乐的心》秋季合集",
		"albumtitle": "《喜乐的心》秋季合集(71)",
		"title": "喜乐的心-9月9日"
	},
	{
		"duration": 300,
		"size": "1M",
		"path": "http://media.haomuren.org/dev/Joy/JoyHrt0910.mp3",
		"id": 6371000072,
		"albumId": 6371,
		"albumName": "《喜乐的心》秋季合集",
		"albumtitle": "《喜乐的心》秋季合集(72)",
		"title": "喜乐的心-9月10日"
	},
	{
		"duration": 300,
		"size": "1M",
		"path": "http://media.haomuren.org/dev/Joy/JoyHrt0911.mp3",
		"id": 6371000073,
		"albumId": 6371,
		"albumName": "《喜乐的心》秋季合集",
		"albumtitle": "《喜乐的心》秋季合集(73)",
		"title": "喜乐的心-9月11日"
	},
	{
		"duration": 300,
		"size": "1M",
		"path": "http://media.haomuren.org/dev/Joy/JoyHrt0912.mp3",
		"id": 6371000074,
		"albumId": 6371,
		"albumName": "《喜乐的心》秋季合集",
		"albumtitle": "《喜乐的心》秋季合集(74)",
		"title": "喜乐的心-9月12日"
	},
	{
		"duration": 300,
		"size": "1M",
		"path": "http://media.haomuren.org/dev/Joy/JoyHrt0913.mp3",
		"id": 6371000075,
		"albumId": 6371,
		"albumName": "《喜乐的心》秋季合集",
		"albumtitle": "《喜乐的心》秋季合集(75)",
		"title": "喜乐的心-9月13日"
	},
	{
		"duration": 300,
		"size": "1M",
		"path": "http://media.haomuren.org/dev/Joy/JoyHrt0914.mp3",
		"id": 6371000076,
		"albumId": 6371,
		"albumName": "《喜乐的心》秋季合集",
		"albumtitle": "《喜乐的心》秋季合集(76)",
		"title": "喜乐的心-9月14日"
	},
	{
		"duration": 300,
		"size": "1M",
		"path": "http://media.haomuren.org/dev/Joy/JoyHrt0915.mp3",
		"id": 6371000077,
		"albumId": 6371,
		"albumName": "《喜乐的心》秋季合集",
		"albumtitle": "《喜乐的心》秋季合集(77)",
		"title": "喜乐的心-9月15日"
	},
	{
		"duration": 300,
		"size": "1M",
		"path": "http://media.haomuren.org/dev/Joy/JoyHrt0916.mp3",
		"id": 6371000078,
		"albumId": 6371,
		"albumName": "《喜乐的心》秋季合集",
		"albumtitle": "《喜乐的心》秋季合集(78)",
		"title": "喜乐的心-9月16日"
	},
	{
		"duration": 300,
		"size": "1M",
		"path": "http://media.haomuren.org/dev/Joy/JoyHrt0917.mp3",
		"id": 6371000079,
		"albumId": 6371,
		"albumName": "《喜乐的心》秋季合集",
		"albumtitle": "《喜乐的心》秋季合集(79)",
		"title": "喜乐的心-9月17日"
	},
	{
		"duration": 300,
		"size": "1M",
		"path": "http://media.haomuren.org/dev/Joy/JoyHrt0918.mp3",
		"id": 6371000080,
		"albumId": 6371,
		"albumName": "《喜乐的心》秋季合集",
		"albumtitle": "《喜乐的心》秋季合集(80)",
		"title": "喜乐的心-9月18日"
	},
	{
		"duration": 300,
		"size": "1M",
		"path": "http://media.haomuren.org/dev/Joy/JoyHrt0919.mp3",
		"id": 6371000081,
		"albumId": 6371,
		"albumName": "《喜乐的心》秋季合集",
		"albumtitle": "《喜乐的心》秋季合集(81)",
		"title": "喜乐的心-9月19日"
	},
	{
		"duration": 300,
		"size": "1M",
		"path": "http://media.haomuren.org/dev/Joy/JoyHrt0920.mp3",
		"id": 6371000082,
		"albumId": 6371,
		"albumName": "《喜乐的心》秋季合集",
		"albumtitle": "《喜乐的心》秋季合集(82)",
		"title": "喜乐的心-9月20日"
	},
	{
		"duration": 300,
		"size": "1M",
		"path": "http://media.haomuren.org/dev/Joy/JoyHrt0921.mp3",
		"id": 6371000083,
		"albumId": 6371,
		"albumName": "《喜乐的心》秋季合集",
		"albumtitle": "《喜乐的心》秋季合集(83)",
		"title": "喜乐的心-9月21日"
	},
	{
		"duration": 300,
		"size": "1M",
		"path": "http://media.haomuren.org/dev/Joy/JoyHrt0922.mp3",
		"id": 6371000084,
		"albumId": 6371,
		"albumName": "《喜乐的心》秋季合集",
		"albumtitle": "《喜乐的心》秋季合集(84)",
		"title": "喜乐的心-9月22日"
	},
	{
		"duration": 300,
		"size": "1M",
		"path": "http://media.haomuren.org/dev/Joy/JoyHrt0923.mp3",
		"id": 6371000085,
		"albumId": 6371,
		"albumName": "《喜乐的心》秋季合集",
		"albumtitle": "《喜乐的心》秋季合集(85)",
		"title": "喜乐的心-9月23日"
	},
	{
		"duration": 300,
		"size": "1M",
		"path": "http://media.haomuren.org/dev/Joy/JoyHrt0924.mp3",
		"id": 6371000086,
		"albumId": 6371,
		"albumName": "《喜乐的心》秋季合集",
		"albumtitle": "《喜乐的心》秋季合集(86)",
		"title": "喜乐的心-9月24日"
	},
	{
		"duration": 300,
		"size": "1M",
		"path": "http://media.haomuren.org/dev/Joy/JoyHrt0925.mp3",
		"id": 6371000087,
		"albumId": 6371,
		"albumName": "《喜乐的心》秋季合集",
		"albumtitle": "《喜乐的心》秋季合集(87)",
		"title": "喜乐的心-9月25日"
	},
	{
		"duration": 300,
		"size": "1M",
		"path": "http://media.haomuren.org/dev/Joy/JoyHrt0926.mp3",
		"id": 6371000088,
		"albumId": 6371,
		"albumName": "《喜乐的心》秋季合集",
		"albumtitle": "《喜乐的心》秋季合集(88)",
		"title": "喜乐的心-9月26日"
	},
	{
		"duration": 300,
		"size": "1M",
		"path": "http://media.haomuren.org/dev/Joy/JoyHrt0927.mp3",
		"id": 6371000089,
		"albumId": 6371,
		"albumName": "《喜乐的心》秋季合集",
		"albumtitle": "《喜乐的心》秋季合集(89)",
		"title": "喜乐的心-9月27日"
	},
	{
		"duration": 300,
		"size": "1M",
		"path": "http://media.haomuren.org/dev/Joy/JoyHrt0928.mp3",
		"id": 6371000090,
		"albumId": 6371,
		"albumName": "《喜乐的心》秋季合集",
		"albumtitle": "《喜乐的心》秋季合集(90)",
		"title": "喜乐的心-9月28日"
	},
	{
		"duration": 300,
		"size": "1M",
		"path": "http://media.haomuren.org/dev/Joy/JoyHrt0929.mp3",
		"id": 6371000091,
		"albumId": 6371,
		"albumName": "《喜乐的心》秋季合集",
		"albumtitle": "《喜乐的心》秋季合集(91)",
		"title": "喜乐的心-9月29日"
	},
	{
		"duration": 300,
		"size": "1M",
		"path": "http://media.haomuren.org/dev/Joy/JoyHrt0930.mp3",
		"id": 6371000092,
		"albumId": 6371,
		"albumName": "《喜乐的心》秋季合集",
		"albumtitle": "《喜乐的心》秋季合集(92)",
		"title": "喜乐的心-9月30日"
	}
]