[
	{
		"duration": 300,
		"size": "1M",
		"path": "http://media.haomuren.org/dev/lv3/lviii1001.mp3",
		"id": 6368000001,
		"albumId": 6368,
		"albumName": "《活水（三）》冬季合集",
		"albumtitle": "《活水（三）》冬季合集(1)",
		"title": "活水（三）-10月1日"
	},
	{
		"duration": 300,
		"size": "1M",
		"path": "http://media.haomuren.org/dev/lv3/lviii1002.mp3",
		"id": 6368000002,
		"albumId": 6368,
		"albumName": "《活水（三）》冬季合集",
		"albumtitle": "《活水（三）》冬季合集(2)",
		"title": "活水（三）-10月2日"
	},
	{
		"duration": 300,
		"size": "1M",
		"path": "http://media.haomuren.org/dev/lv3/lviii1003.mp3",
		"id": 6368000003,
		"albumId": 6368,
		"albumName": "《活水（三）》冬季合集",
		"albumtitle": "《活水（三）》冬季合集(3)",
		"title": "活水（三）-10月3日"
	},
	{
		"duration": 300,
		"size": "1M",
		"path": "http://media.haomuren.org/dev/lv3/lviii1004.mp3",
		"id": 6368000004,
		"albumId": 6368,
		"albumName": "《活水（三）》冬季合集",
		"albumtitle": "《活水（三）》冬季合集(4)",
		"title": "活水（三）-10月4日"
	},
	{
		"duration": 300,
		"size": "1M",
		"path": "http://media.haomuren.org/dev/lv3/lviii1005.mp3",
		"id": 6368000005,
		"albumId": 6368,
		"albumName": "《活水（三）》冬季合集",
		"albumtitle": "《活水（三）》冬季合集(5)",
		"title": "活水（三）-10月5日"
	},
	{
		"duration": 300,
		"size": "1M",
		"path": "http://media.haomuren.org/dev/lv3/lviii1006.mp3",
		"id": 6368000006,
		"albumId": 6368,
		"albumName": "《活水（三）》冬季合集",
		"albumtitle": "《活水（三）》冬季合集(6)",
		"title": "活水（三）-10月6日"
	},
	{
		"duration": 300,
		"size": "1M",
		"path": "http://media.haomuren.org/dev/lv3/lviii1007.mp3",
		"id": 6368000007,
		"albumId": 6368,
		"albumName": "《活水（三）》冬季合集",
		"albumtitle": "《活水（三）》冬季合集(7)",
		"title": "活水（三）-10月7日"
	},
	{
		"duration": 300,
		"size": "1M",
		"path": "http://media.haomuren.org/dev/lv3/lviii1008.mp3",
		"id": 6368000008,
		"albumId": 6368,
		"albumName": "《活水（三）》冬季合集",
		"albumtitle": "《活水（三）》冬季合集(8)",
		"title": "活水（三）-10月8日"
	},
	{
		"duration": 300,
		"size": "1M",
		"path": "http://media.haomuren.org/dev/lv3/lviii1009.mp3",
		"id": 6368000009,
		"albumId": 6368,
		"albumName": "《活水（三）》冬季合集",
		"albumtitle": "《活水（三）》冬季合集(9)",
		"title": "活水（三）-10月9日"
	},
	{
		"duration": 300,
		"size": "1M",
		"path": "http://media.haomuren.org/dev/lv3/lviii1010.mp3",
		"id": 6368000010,
		"albumId": 6368,
		"albumName": "《活水（三）》冬季合集",
		"albumtitle": "《活水（三）》冬季合集(10)",
		"title": "活水（三）-10月10日"
	},
	{
		"duration": 300,
		"size": "1M",
		"path": "http://media.haomuren.org/dev/lv3/lviii1011.mp3",
		"id": 6368000011,
		"albumId": 6368,
		"albumName": "《活水（三）》冬季合集",
		"albumtitle": "《活水（三）》冬季合集(11)",
		"title": "活水（三）-10月11日"
	},
	{
		"duration": 300,
		"size": "1M",
		"path": "http://media.haomuren.org/dev/lv3/lviii1012.mp3",
		"id": 6368000012,
		"albumId": 6368,
		"albumName": "《活水（三）》冬季合集",
		"albumtitle": "《活水（三）》冬季合集(12)",
		"title": "活水（三）-10月12日"
	},
	{
		"duration": 300,
		"size": "1M",
		"path": "http://media.haomuren.org/dev/lv3/lviii1013.mp3",
		"id": 6368000013,
		"albumId": 6368,
		"albumName": "《活水（三）》冬季合集",
		"albumtitle": "《活水（三）》冬季合集(13)",
		"title": "活水（三）-10月13日"
	},
	{
		"duration": 300,
		"size": "1M",
		"path": "http://media.haomuren.org/dev/lv3/lviii1014.mp3",
		"id": 6368000014,
		"albumId": 6368,
		"albumName": "《活水（三）》冬季合集",
		"albumtitle": "《活水（三）》冬季合集(14)",
		"title": "活水（三）-10月14日"
	},
	{
		"duration": 300,
		"size": "1M",
		"path": "http://media.haomuren.org/dev/lv3/lviii1015.mp3",
		"id": 6368000015,
		"albumId": 6368,
		"albumName": "《活水（三）》冬季合集",
		"albumtitle": "《活水（三）》冬季合集(15)",
		"title": "活水（三）-10月15日"
	},
	{
		"duration": 300,
		"size": "1M",
		"path": "http://media.haomuren.org/dev/lv3/lviii1016.mp3",
		"id": 6368000016,
		"albumId": 6368,
		"albumName": "《活水（三）》冬季合集",
		"albumtitle": "《活水（三）》冬季合集(16)",
		"title": "活水（三）-10月16日"
	},
	{
		"duration": 300,
		"size": "1M",
		"path": "http://media.haomuren.org/dev/lv3/lviii1017.mp3",
		"id": 6368000017,
		"albumId": 6368,
		"albumName": "《活水（三）》冬季合集",
		"albumtitle": "《活水（三）》冬季合集(17)",
		"title": "活水（三）-10月17日"
	},
	{
		"duration": 300,
		"size": "1M",
		"path": "http://media.haomuren.org/dev/lv3/lviii1018.mp3",
		"id": 6368000018,
		"albumId": 6368,
		"albumName": "《活水（三）》冬季合集",
		"albumtitle": "《活水（三）》冬季合集(18)",
		"title": "活水（三）-10月18日"
	},
	{
		"duration": 300,
		"size": "1M",
		"path": "http://media.haomuren.org/dev/lv3/lviii1019.mp3",
		"id": 6368000019,
		"albumId": 6368,
		"albumName": "《活水（三）》冬季合集",
		"albumtitle": "《活水（三）》冬季合集(19)",
		"title": "活水（三）-10月19日"
	},
	{
		"duration": 300,
		"size": "1M",
		"path": "http://media.haomuren.org/dev/lv3/lviii1020.mp3",
		"id": 6368000020,
		"albumId": 6368,
		"albumName": "《活水（三）》冬季合集",
		"albumtitle": "《活水（三）》冬季合集(20)",
		"title": "活水（三）-10月20日"
	},
	{
		"duration": 300,
		"size": "1M",
		"path": "http://media.haomuren.org/dev/lv3/lviii1021.mp3",
		"id": 6368000021,
		"albumId": 6368,
		"albumName": "《活水（三）》冬季合集",
		"albumtitle": "《活水（三）》冬季合集(21)",
		"title": "活水（三）-10月21日"
	},
	{
		"duration": 300,
		"size": "1M",
		"path": "http://media.haomuren.org/dev/lv3/lviii1022.mp3",
		"id": 6368000022,
		"albumId": 6368,
		"albumName": "《活水（三）》冬季合集",
		"albumtitle": "《活水（三）》冬季合集(22)",
		"title": "活水（三）-10月22日"
	},
	{
		"duration": 300,
		"size": "1M",
		"path": "http://media.haomuren.org/dev/lv3/lviii1023.mp3",
		"id": 6368000023,
		"albumId": 6368,
		"albumName": "《活水（三）》冬季合集",
		"albumtitle": "《活水（三）》冬季合集(23)",
		"title": "活水（三）-10月23日"
	},
	{
		"duration": 300,
		"size": "1M",
		"path": "http://media.haomuren.org/dev/lv3/lviii1024.mp3",
		"id": 6368000024,
		"albumId": 6368,
		"albumName": "《活水（三）》冬季合集",
		"albumtitle": "《活水（三）》冬季合集(24)",
		"title": "活水（三）-10月24日"
	},
	{
		"duration": 300,
		"size": "1M",
		"path": "http://media.haomuren.org/dev/lv3/lviii1025.mp3",
		"id": 6368000025,
		"albumId": 6368,
		"albumName": "《活水（三）》冬季合集",
		"albumtitle": "《活水（三）》冬季合集(25)",
		"title": "活水（三）-10月25日"
	},
	{
		"duration": 300,
		"size": "1M",
		"path": "http://media.haomuren.org/dev/lv3/lviii1026.mp3",
		"id": 6368000026,
		"albumId": 6368,
		"albumName": "《活水（三）》冬季合集",
		"albumtitle": "《活水（三）》冬季合集(26)",
		"title": "活水（三）-10月26日"
	},
	{
		"duration": 300,
		"size": "1M",
		"path": "http://media.haomuren.org/dev/lv3/lviii1027.mp3",
		"id": 6368000027,
		"albumId": 6368,
		"albumName": "《活水（三）》冬季合集",
		"albumtitle": "《活水（三）》冬季合集(27)",
		"title": "活水（三）-10月27日"
	},
	{
		"duration": 300,
		"size": "1M",
		"path": "http://media.haomuren.org/dev/lv3/lviii1028.mp3",
		"id": 6368000028,
		"albumId": 6368,
		"albumName": "《活水（三）》冬季合集",
		"albumtitle": "《活水（三）》冬季合集(28)",
		"title": "活水（三）-10月28日"
	},
	{
		"duration": 300,
		"size": "1M",
		"path": "http://media.haomuren.org/dev/lv3/lviii1029.mp3",
		"id": 6368000029,
		"albumId": 6368,
		"albumName": "《活水（三）》冬季合集",
		"albumtitle": "《活水（三）》冬季合集(29)",
		"title": "活水（三）-10月29日"
	},
	{
		"duration": 300,
		"size": "1M",
		"path": "http://media.haomuren.org/dev/lv3/lviii1030.mp3",
		"id": 6368000030,
		"albumId": 6368,
		"albumName": "《活水（三）》冬季合集",
		"albumtitle": "《活水（三）》冬季合集(30)",
		"title": "活水（三）-10月30日"
	},
	{
		"duration": 300,
		"size": "1M",
		"path": "http://media.haomuren.org/dev/lv3/lviii1031.mp3",
		"id": 6368000031,
		"albumId": 6368,
		"albumName": "《活水（三）》冬季合集",
		"albumtitle": "《活水（三）》冬季合集(31)",
		"title": "活水（三）-10月31日"
	},
	{
		"duration": 300,
		"size": "1M",
		"path": "http://media.haomuren.org/dev/lv3/lviii1101.mp3",
		"id": 6368000032,
		"albumId": 6368,
		"albumName": "《活水（三）》冬季合集",
		"albumtitle": "《活水（三）》冬季合集(32)",
		"title": "活水（三）-11月1日"
	},
	{
		"duration": 300,
		"size": "1M",
		"path": "http://media.haomuren.org/dev/lv3/lviii1102.mp3",
		"id": 6368000033,
		"albumId": 6368,
		"albumName": "《活水（三）》冬季合集",
		"albumtitle": "《活水（三）》冬季合集(33)",
		"title": "活水（三）-11月2日"
	},
	{
		"duration": 300,
		"size": "1M",
		"path": "http://media.haomuren.org/dev/lv3/lviii1103.mp3",
		"id": 6368000034,
		"albumId": 6368,
		"albumName": "《活水（三）》冬季合集",
		"albumtitle": "《活水（三）》冬季合集(34)",
		"title": "活水（三）-11月3日"
	},
	{
		"duration": 300,
		"size": "1M",
		"path": "http://media.haomuren.org/dev/lv3/lviii1104.mp3",
		"id": 6368000035,
		"albumId": 6368,
		"albumName": "《活水（三）》冬季合集",
		"albumtitle": "《活水（三）》冬季合集(35)",
		"title": "活水（三）-11月4日"
	},
	{
		"duration": 300,
		"size": "1M",
		"path": "http://media.haomuren.org/dev/lv3/lviii1105.mp3",
		"id": 6368000036,
		"albumId": 6368,
		"albumName": "《活水（三）》冬季合集",
		"albumtitle": "《活水（三）》冬季合集(36)",
		"title": "活水（三）-11月5日"
	},
	{
		"duration": 300,
		"size": "1M",
		"path": "http://media.haomuren.org/dev/lv3/lviii1106.mp3",
		"id": 6368000037,
		"albumId": 6368,
		"albumName": "《活水（三）》冬季合集",
		"albumtitle": "《活水（三）》冬季合集(37)",
		"title": "活水（三）-11月6日"
	},
	{
		"duration": 300,
		"size": "1M",
		"path": "http://media.haomuren.org/dev/lv3/lviii1107.mp3",
		"id": 6368000038,
		"albumId": 6368,
		"albumName": "《活水（三）》冬季合集",
		"albumtitle": "《活水（三）》冬季合集(38)",
		"title": "活水（三）-11月7日"
	},
	{
		"duration": 300,
		"size": "1M",
		"path": "http://media.haomuren.org/dev/lv3/lviii1108.mp3",
		"id": 6368000039,
		"albumId": 6368,
		"albumName": "《活水（三）》冬季合集",
		"albumtitle": "《活水（三）》冬季合集(39)",
		"title": "活水（三）-11月8日"
	},
	{
		"duration": 300,
		"size": "1M",
		"path": "http://media.haomuren.org/dev/lv3/lviii1109.mp3",
		"id": 6368000040,
		"albumId": 6368,
		"albumName": "《活水（三）》冬季合集",
		"albumtitle": "《活水（三）》冬季合集(40)",
		"title": "活水（三）-11月9日"
	},
	{
		"duration": 300,
		"size": "1M",
		"path": "http://media.haomuren.org/dev/lv3/lviii1110.mp3",
		"id": 6368000041,
		"albumId": 6368,
		"albumName": "《活水（三）》冬季合集",
		"albumtitle": "《活水（三）》冬季合集(41)",
		"title": "活水（三）-11月10日"
	},
	{
		"duration": 300,
		"size": "1M",
		"path": "http://media.haomuren.org/dev/lv3/lviii1111.mp3",
		"id": 6368000042,
		"albumId": 6368,
		"albumName": "《活水（三）》冬季合集",
		"albumtitle": "《活水（三）》冬季合集(42)",
		"title": "活水（三）-11月11日"
	},
	{
		"duration": 300,
		"size": "1M",
		"path": "http://media.haomuren.org/dev/lv3/lviii1112.mp3",
		"id": 6368000043,
		"albumId": 6368,
		"albumName": "《活水（三）》冬季合集",
		"albumtitle": "《活水（三）》冬季合集(43)",
		"title": "活水（三）-11月12日"
	},
	{
		"duration": 300,
		"size": "1M",
		"path": "http://media.haomuren.org/dev/lv3/lviii1113.mp3",
		"id": 6368000044,
		"albumId": 6368,
		"albumName": "《活水（三）》冬季合集",
		"albumtitle": "《活水（三）》冬季合集(44)",
		"title": "活水（三）-11月13日"
	},
	{
		"duration": 300,
		"size": "1M",
		"path": "http://media.haomuren.org/dev/lv3/lviii1114.mp3",
		"id": 6368000045,
		"albumId": 6368,
		"albumName": "《活水（三）》冬季合集",
		"albumtitle": "《活水（三）》冬季合集(45)",
		"title": "活水（三）-11月14日"
	},
	{
		"duration": 300,
		"size": "1M",
		"path": "http://media.haomuren.org/dev/lv3/lviii1115.mp3",
		"id": 6368000046,
		"albumId": 6368,
		"albumName": "《活水（三）》冬季合集",
		"albumtitle": "《活水（三）》冬季合集(46)",
		"title": "活水（三）-11月15日"
	},
	{
		"duration": 300,
		"size": "1M",
		"path": "http://media.haomuren.org/dev/lv3/lviii1116.mp3",
		"id": 6368000047,
		"albumId": 6368,
		"albumName": "《活水（三）》冬季合集",
		"albumtitle": "《活水（三）》冬季合集(47)",
		"title": "活水（三）-11月16日"
	},
	{
		"duration": 300,
		"size": "1M",
		"path": "http://media.haomuren.org/dev/lv3/lviii1117.mp3",
		"id": 6368000048,
		"albumId": 6368,
		"albumName": "《活水（三）》冬季合集",
		"albumtitle": "《活水（三）》冬季合集(48)",
		"title": "活水（三）-11月17日"
	},
	{
		"duration": 300,
		"size": "1M",
		"path": "http://media.haomuren.org/dev/lv3/lviii1118.mp3",
		"id": 6368000049,
		"albumId": 6368,
		"albumName": "《活水（三）》冬季合集",
		"albumtitle": "《活水（三）》冬季合集(49)",
		"title": "活水（三）-11月18日"
	},
	{
		"duration": 300,
		"size": "1M",
		"path": "http://media.haomuren.org/dev/lv3/lviii1119.mp3",
		"id": 6368000050,
		"albumId": 6368,
		"albumName": "《活水（三）》冬季合集",
		"albumtitle": "《活水（三）》冬季合集(50)",
		"title": "活水（三）-11月19日"
	},
	{
		"duration": 300,
		"size": "1M",
		"path": "http://media.haomuren.org/dev/lv3/lviii1120.mp3",
		"id": 6368000051,
		"albumId": 6368,
		"albumName": "《活水（三）》冬季合集",
		"albumtitle": "《活水（三）》冬季合集(51)",
		"title": "活水（三）-11月20日"
	},
	{
		"duration": 300,
		"size": "1M",
		"path": "http://media.haomuren.org/dev/lv3/lviii1121.mp3",
		"id": 6368000052,
		"albumId": 6368,
		"albumName": "《活水（三）》冬季合集",
		"albumtitle": "《活水（三）》冬季合集(52)",
		"title": "活水（三）-11月21日"
	},
	{
		"duration": 300,
		"size": "1M",
		"path": "http://media.haomuren.org/dev/lv3/lviii1122.mp3",
		"id": 6368000053,
		"albumId": 6368,
		"albumName": "《活水（三）》冬季合集",
		"albumtitle": "《活水（三）》冬季合集(53)",
		"title": "活水（三）-11月22日"
	},
	{
		"duration": 300,
		"size": "1M",
		"path": "http://media.haomuren.org/dev/lv3/lviii1123.mp3",
		"id": 6368000054,
		"albumId": 6368,
		"albumName": "《活水（三）》冬季合集",
		"albumtitle": "《活水（三）》冬季合集(54)",
		"title": "活水（三）-11月23日"
	},
	{
		"duration": 300,
		"size": "1M",
		"path": "http://media.haomuren.org/dev/lv3/lviii1124.mp3",
		"id": 6368000055,
		"albumId": 6368,
		"albumName": "《活水（三）》冬季合集",
		"albumtitle": "《活水（三）》冬季合集(55)",
		"title": "活水（三）-11月24日"
	},
	{
		"duration": 300,
		"size": "1M",
		"path": "http://media.haomuren.org/dev/lv3/lviii1125.mp3",
		"id": 6368000056,
		"albumId": 6368,
		"albumName": "《活水（三）》冬季合集",
		"albumtitle": "《活水（三）》冬季合集(56)",
		"title": "活水（三）-11月25日"
	},
	{
		"duration": 300,
		"size": "1M",
		"path": "http://media.haomuren.org/dev/lv3/lviii1126.mp3",
		"id": 6368000057,
		"albumId": 6368,
		"albumName": "《活水（三）》冬季合集",
		"albumtitle": "《活水（三）》冬季合集(57)",
		"title": "活水（三）-11月26日"
	},
	{
		"duration": 300,
		"size": "1M",
		"path": "http://media.haomuren.org/dev/lv3/lviii1127.mp3",
		"id": 6368000058,
		"albumId": 6368,
		"albumName": "《活水（三）》冬季合集",
		"albumtitle": "《活水（三）》冬季合集(58)",
		"title": "活水（三）-11月27日"
	},
	{
		"duration": 300,
		"size": "1M",
		"path": "http://media.haomuren.org/dev/lv3/lviii1128.mp3",
		"id": 6368000059,
		"albumId": 6368,
		"albumName": "《活水（三）》冬季合集",
		"albumtitle": "《活水（三）》冬季合集(59)",
		"title": "活水（三）-11月28日"
	},
	{
		"duration": 300,
		"size": "1M",
		"path": "http://media.haomuren.org/dev/lv3/lviii1129.mp3",
		"id": 6368000060,
		"albumId": 6368,
		"albumName": "《活水（三）》冬季合集",
		"albumtitle": "《活水（三）》冬季合集(60)",
		"title": "活水（三）-11月29日"
	},
	{
		"duration": 300,
		"size": "1M",
		"path": "http://media.haomuren.org/dev/lv3/lviii1130.mp3",
		"id": 6368000061,
		"albumId": 6368,
		"albumName": "《活水（三）》冬季合集",
		"albumtitle": "《活水（三）》冬季合集(61)",
		"title": "活水（三）-11月30日"
	},
	{
		"duration": 300,
		"size": "1M",
		"path": "http://media.haomuren.org/dev/lv3/lviii1201.mp3",
		"id": 6368000062,
		"albumId": 6368,
		"albumName": "《活水（三）》冬季合集",
		"albumtitle": "《活水（三）》冬季合集(62)",
		"title": "活水（三）-12月1日"
	},
	{
		"duration": 300,
		"size": "1M",
		"path": "http://media.haomuren.org/dev/lv3/lviii1202.mp3",
		"id": 6368000063,
		"albumId": 6368,
		"albumName": "《活水（三）》冬季合集",
		"albumtitle": "《活水（三）》冬季合集(63)",
		"title": "活水（三）-12月2日"
	},
	{
		"duration": 300,
		"size": "1M",
		"path": "http://media.haomuren.org/dev/lv3/lviii1203.mp3",
		"id": 6368000064,
		"albumId": 6368,
		"albumName": "《活水（三）》冬季合集",
		"albumtitle": "《活水（三）》冬季合集(64)",
		"title": "活水（三）-12月3日"
	},
	{
		"duration": 300,
		"size": "1M",
		"path": "http://media.haomuren.org/dev/lv3/lviii1204.mp3",
		"id": 6368000065,
		"albumId": 6368,
		"albumName": "《活水（三）》冬季合集",
		"albumtitle": "《活水（三）》冬季合集(65)",
		"title": "活水（三）-12月4日"
	},
	{
		"duration": 300,
		"size": "1M",
		"path": "http://media.haomuren.org/dev/lv3/lviii1205.mp3",
		"id": 6368000066,
		"albumId": 6368,
		"albumName": "《活水（三）》冬季合集",
		"albumtitle": "《活水（三）》冬季合集(66)",
		"title": "活水（三）-12月5日"
	},
	{
		"duration": 300,
		"size": "1M",
		"path": "http://media.haomuren.org/dev/lv3/lviii1206.mp3",
		"id": 6368000067,
		"albumId": 6368,
		"albumName": "《活水（三）》冬季合集",
		"albumtitle": "《活水（三）》冬季合集(67)",
		"title": "活水（三）-12月6日"
	},
	{
		"duration": 300,
		"size": "1M",
		"path": "http://media.haomuren.org/dev/lv3/lviii1207.mp3",
		"id": 6368000068,
		"albumId": 6368,
		"albumName": "《活水（三）》冬季合集",
		"albumtitle": "《活水（三）》冬季合集(68)",
		"title": "活水（三）-12月7日"
	},
	{
		"duration": 300,
		"size": "1M",
		"path": "http://media.haomuren.org/dev/lv3/lviii1208.mp3",
		"id": 6368000069,
		"albumId": 6368,
		"albumName": "《活水（三）》冬季合集",
		"albumtitle": "《活水（三）》冬季合集(69)",
		"title": "活水（三）-12月8日"
	},
	{
		"duration": 300,
		"size": "1M",
		"path": "http://media.haomuren.org/dev/lv3/lviii1209.mp3",
		"id": 6368000070,
		"albumId": 6368,
		"albumName": "《活水（三）》冬季合集",
		"albumtitle": "《活水（三）》冬季合集(70)",
		"title": "活水（三）-12月9日"
	},
	{
		"duration": 300,
		"size": "1M",
		"path": "http://media.haomuren.org/dev/lv3/lviii1210.mp3",
		"id": 6368000071,
		"albumId": 6368,
		"albumName": "《活水（三）》冬季合集",
		"albumtitle": "《活水（三）》冬季合集(71)",
		"title": "活水（三）-12月10日"
	},
	{
		"duration": 300,
		"size": "1M",
		"path": "http://media.haomuren.org/dev/lv3/lviii1211.mp3",
		"id": 6368000072,
		"albumId": 6368,
		"albumName": "《活水（三）》冬季合集",
		"albumtitle": "《活水（三）》冬季合集(72)",
		"title": "活水（三）-12月11日"
	},
	{
		"duration": 300,
		"size": "1M",
		"path": "http://media.haomuren.org/dev/lv3/lviii1212.mp3",
		"id": 6368000073,
		"albumId": 6368,
		"albumName": "《活水（三）》冬季合集",
		"albumtitle": "《活水（三）》冬季合集(73)",
		"title": "活水（三）-12月12日"
	},
	{
		"duration": 300,
		"size": "1M",
		"path": "http://media.haomuren.org/dev/lv3/lviii1213.mp3",
		"id": 6368000074,
		"albumId": 6368,
		"albumName": "《活水（三）》冬季合集",
		"albumtitle": "《活水（三）》冬季合集(74)",
		"title": "活水（三）-12月13日"
	},
	{
		"duration": 300,
		"size": "1M",
		"path": "http://media.haomuren.org/dev/lv3/lviii1214.mp3",
		"id": 6368000075,
		"albumId": 6368,
		"albumName": "《活水（三）》冬季合集",
		"albumtitle": "《活水（三）》冬季合集(75)",
		"title": "活水（三）-12月14日"
	},
	{
		"duration": 300,
		"size": "1M",
		"path": "http://media.haomuren.org/dev/lv3/lviii1215.mp3",
		"id": 6368000076,
		"albumId": 6368,
		"albumName": "《活水（三）》冬季合集",
		"albumtitle": "《活水（三）》冬季合集(76)",
		"title": "活水（三）-12月15日"
	},
	{
		"duration": 300,
		"size": "1M",
		"path": "http://media.haomuren.org/dev/lv3/lviii1216.mp3",
		"id": 6368000077,
		"albumId": 6368,
		"albumName": "《活水（三）》冬季合集",
		"albumtitle": "《活水（三）》冬季合集(77)",
		"title": "活水（三）-12月16日"
	},
	{
		"duration": 300,
		"size": "1M",
		"path": "http://media.haomuren.org/dev/lv3/lviii1217.mp3",
		"id": 6368000078,
		"albumId": 6368,
		"albumName": "《活水（三）》冬季合集",
		"albumtitle": "《活水（三）》冬季合集(78)",
		"title": "活水（三）-12月17日"
	},
	{
		"duration": 300,
		"size": "1M",
		"path": "http://media.haomuren.org/dev/lv3/lviii1218.mp3",
		"id": 6368000079,
		"albumId": 6368,
		"albumName": "《活水（三）》冬季合集",
		"albumtitle": "《活水（三）》冬季合集(79)",
		"title": "活水（三）-12月18日"
	},
	{
		"duration": 300,
		"size": "1M",
		"path": "http://media.haomuren.org/dev/lv3/lviii1219.mp3",
		"id": 6368000080,
		"albumId": 6368,
		"albumName": "《活水（三）》冬季合集",
		"albumtitle": "《活水（三）》冬季合集(80)",
		"title": "活水（三）-12月19日"
	},
	{
		"duration": 300,
		"size": "1M",
		"path": "http://media.haomuren.org/dev/lv3/lviii1220.mp3",
		"id": 6368000081,
		"albumId": 6368,
		"albumName": "《活水（三）》冬季合集",
		"albumtitle": "《活水（三）》冬季合集(81)",
		"title": "活水（三）-12月20日"
	},
	{
		"duration": 300,
		"size": "1M",
		"path": "http://media.haomuren.org/dev/lv3/lviii1221.mp3",
		"id": 6368000082,
		"albumId": 6368,
		"albumName": "《活水（三）》冬季合集",
		"albumtitle": "《活水（三）》冬季合集(82)",
		"title": "活水（三）-12月21日"
	},
	{
		"duration": 300,
		"size": "1M",
		"path": "http://media.haomuren.org/dev/lv3/lviii1222.mp3",
		"id": 6368000083,
		"albumId": 6368,
		"albumName": "《活水（三）》冬季合集",
		"albumtitle": "《活水（三）》冬季合集(83)",
		"title": "活水（三）-12月22日"
	},
	{
		"duration": 300,
		"size": "1M",
		"path": "http://media.haomuren.org/dev/lv3/lviii1223.mp3",
		"id": 6368000084,
		"albumId": 6368,
		"albumName": "《活水（三）》冬季合集",
		"albumtitle": "《活水（三）》冬季合集(84)",
		"title": "活水（三）-12月23日"
	},
	{
		"duration": 300,
		"size": "1M",
		"path": "http://media.haomuren.org/dev/lv3/lviii1224.mp3",
		"id": 6368000085,
		"albumId": 6368,
		"albumName": "《活水（三）》冬季合集",
		"albumtitle": "《活水（三）》冬季合集(85)",
		"title": "活水（三）-12月24日"
	},
	{
		"duration": 300,
		"size": "1M",
		"path": "http://media.haomuren.org/dev/lv3/lviii1225.mp3",
		"id": 6368000086,
		"albumId": 6368,
		"albumName": "《活水（三）》冬季合集",
		"albumtitle": "《活水（三）》冬季合集(86)",
		"title": "活水（三）-12月25日"
	},
	{
		"duration": 300,
		"size": "1M",
		"path": "http://media.haomuren.org/dev/lv3/lviii1226.mp3",
		"id": 6368000087,
		"albumId": 6368,
		"albumName": "《活水（三）》冬季合集",
		"albumtitle": "《活水（三）》冬季合集(87)",
		"title": "活水（三）-12月26日"
	},
	{
		"duration": 300,
		"size": "1M",
		"path": "http://media.haomuren.org/dev/lv3/lviii1227.mp3",
		"id": 6368000088,
		"albumId": 6368,
		"albumName": "《活水（三）》冬季合集",
		"albumtitle": "《活水（三）》冬季合集(88)",
		"title": "活水（三）-12月27日"
	},
	{
		"duration": 300,
		"size": "1M",
		"path": "http://media.haomuren.org/dev/lv3/lviii1228.mp3",
		"id": 6368000089,
		"albumId": 6368,
		"albumName": "《活水（三）》冬季合集",
		"albumtitle": "《活水（三）》冬季合集(89)",
		"title": "活水（三）-12月28日"
	},
	{
		"duration": 300,
		"size": "1M",
		"path": "http://media.haomuren.org/dev/lv3/lviii1229.mp3",
		"id": 6368000090,
		"albumId": 6368,
		"albumName": "《活水（三）》冬季合集",
		"albumtitle": "《活水（三）》冬季合集(90)",
		"title": "活水（三）-12月29日"
	},
	{
		"duration": 300,
		"size": "1M",
		"path": "http://media.haomuren.org/dev/lv3/lviii1230.mp3",
		"id": 6368000091,
		"albumId": 6368,
		"albumName": "《活水（三）》冬季合集",
		"albumtitle": "《活水（三）》冬季合集(91)",
		"title": "活水（三）-12月30日"
	},
	{
		"duration": 300,
		"size": "1M",
		"path": "http://media.haomuren.org/dev/lv3/lviii1231.mp3",
		"id": 6368000092,
		"albumId": 6368,
		"albumName": "《活水（三）》冬季合集",
		"albumtitle": "《活水（三）》冬季合集(92)",
		"title": "活水（三）-12月31日"
	}
]