[
	{
		"albumtitle": "《中国晨曦》培灵奋兴会：将心归我(01)",
		"title": "起初的爱心",
		"downUrl": "http://txly2.net/ly/audio/dc_GiveMeYourHeart/dc_GiveMeYourHeart01.mp3",
		"duration": 1760,
		"size": "14.1M",
		"albumId": 36,
		"albumName": "《中国晨曦》培灵奋兴会：将心归我",
		"path": "https://rawcdn.githack.com/quiet324/LiangyouAlbums/1705203/node/dc_GiveMeYourHeart/dc_GiveMeYourHeart01.mp3",
		"id": 36889323
	},
	{
		"albumtitle": "《中国晨曦》培灵奋兴会：将心归我(02)",
		"title": "我爱我主教会",
		"downUrl": "http://txly2.net/ly/audio/dc_GiveMeYourHeart/dc_GiveMeYourHeart02.mp3",
		"duration": 1760,
		"size": "14.1M",
		"albumId": 36,
		"albumName": "《中国晨曦》培灵奋兴会：将心归我",
		"path": "https://rawcdn.githack.com/quiet324/LiangyouAlbums/1705203/node/dc_GiveMeYourHeart/dc_GiveMeYourHeart02.mp3",
		"id": 36889324
	},
	{
		"albumtitle": "《中国晨曦》培灵奋兴会：将心归我(03)",
		"title": "除去幽暗",
		"downUrl": "http://txly2.net/ly/audio/dc_GiveMeYourHeart/dc_GiveMeYourHeart03.mp3",
		"duration": 1760,
		"size": "14.1M",
		"albumId": 36,
		"albumName": "《中国晨曦》培灵奋兴会：将心归我",
		"path": "https://rawcdn.githack.com/quiet324/LiangyouAlbums/1705203/node/dc_GiveMeYourHeart/dc_GiveMeYourHeart03.mp3",
		"id": 36889325
	},
	{
		"albumtitle": "《中国晨曦》培灵奋兴会：将心归我(04)",
		"title": "心里火热",
		"downUrl": "http://txly2.net/ly/audio/dc_GiveMeYourHeart/dc_GiveMeYourHeart04.mp3",
		"duration": 1760,
		"size": "14.1M",
		"albumId": 36,
		"albumName": "《中国晨曦》培灵奋兴会：将心归我",
		"path": "https://rawcdn.githack.com/quiet324/LiangyouAlbums/1705203/node/dc_GiveMeYourHeart/dc_GiveMeYourHeart04.mp3",
		"id": 36889326
	},
	{
		"albumtitle": "《中国晨曦》培灵奋兴会：将心归我(05)",
		"title": "完全奉献",
		"downUrl": "http://txly2.net/ly/audio/dc_GiveMeYourHeart/dc_GiveMeYourHeart05.mp3",
		"duration": 1760,
		"size": "14.1M",
		"albumId": 36,
		"albumName": "《中国晨曦》培灵奋兴会：将心归我",
		"path": "https://rawcdn.githack.com/quiet324/LiangyouAlbums/1705203/node/dc_GiveMeYourHeart/dc_GiveMeYourHeart05.mp3",
		"id": 36889327
	},
	{
		"albumtitle": "《中国晨曦》培灵奋兴会：将心归我(06)",
		"title": "新的命令",
		"downUrl": "http://txly2.net/ly/audio/dc_GiveMeYourHeart/dc_GiveMeYourHeart06.mp3",
		"duration": 1760,
		"size": "14.1M",
		"albumId": 36,
		"albumName": "《中国晨曦》培灵奋兴会：将心归我",
		"path": "https://rawcdn.githack.com/quiet324/LiangyouAlbums/1705203/node/dc_GiveMeYourHeart/dc_GiveMeYourHeart06.mp3",
		"id": 36889328
	},
	{
		"albumtitle": "《中国晨曦》培灵奋兴会：将心归我(07)",
		"title": "笑傲逆境",
		"downUrl": "http://txly2.net/ly/audio/dc_GiveMeYourHeart/dc_GiveMeYourHeart07.mp3",
		"duration": 1760,
		"size": "14.1M",
		"albumId": 36,
		"albumName": "《中国晨曦》培灵奋兴会：将心归我",
		"path": "https://rawcdn.githack.com/quiet324/LiangyouAlbums/1705203/node/dc_GiveMeYourHeart/dc_GiveMeYourHeart07.mp3",
		"id": 36889329
	},
	{
		"albumtitle": "《中国晨曦》培灵奋兴会：将心归我(08)",
		"title": "骨肉之亲",
		"downUrl": "http://txly2.net/ly/audio/dc_GiveMeYourHeart/dc_GiveMeYourHeart08.mp3",
		"duration": 1760,
		"size": "14.1M",
		"albumId": 36,
		"albumName": "《中国晨曦》培灵奋兴会：将心归我",
		"path": "https://rawcdn.githack.com/quiet324/LiangyouAlbums/1705203/node/dc_GiveMeYourHeart/dc_GiveMeYourHeart08.mp3",
		"id": 36889330
	},
	{
		"albumtitle": "《中国晨曦》培灵奋兴会：将心归我(09)",
		"title": "遍传地极",
		"downUrl": "http://txly2.net/ly/audio/dc_GiveMeYourHeart/dc_GiveMeYourHeart09.mp3",
		"duration": 1760,
		"size": "14.1M",
		"albumId": 36,
		"albumName": "《中国晨曦》培灵奋兴会：将心归我",
		"path": "https://rawcdn.githack.com/quiet324/LiangyouAlbums/1705203/node/dc_GiveMeYourHeart/dc_GiveMeYourHeart09.mp3",
		"id": 36889331
	},
	{
		"albumtitle": "《中国晨曦》培灵奋兴会：将心归我(10)",
		"title": "候主再来",
		"downUrl": "http://txly2.net/ly/audio/dc_GiveMeYourHeart/dc_GiveMeYourHeart10.mp3",
		"duration": 1760,
		"size": "14.1M",
		"albumId": 36,
		"albumName": "《中国晨曦》培灵奋兴会：将心归我",
		"path": "https://rawcdn.githack.com/quiet324/LiangyouAlbums/1705203/node/dc_GiveMeYourHeart/dc_GiveMeYourHeart10.mp3",
		"id": 36889332
	}
]