[
	{
		"albumtitle": "魔鬼學(01)",
		"title": "",
		"duration": 2000,
        "size": "9M",
		"albumId": 214,
		"albumName": "魔鬼學",
		"path": "https://rawcdn.githack.com/quiet324/Media4JAlbum/17060914/demon/demon01.mp3",
		"id": 214888180
	},
	{
		"albumtitle": "魔鬼學(02)",
		"title": "",
		"duration": 2000,
        "size": "9M",
		"albumId": 214,
		"albumName": "魔鬼學",
		"path": "https://rawcdn.githack.com/quiet324/Media4JAlbum/17060914/demon/demon02.mp3",
		"id": 214888181
	},
	{
		"albumtitle": "魔鬼學(03)",
		"title": "",
		"duration": 2000,
        "size": "9M",
		"albumId": 214,
		"albumName": "魔鬼學",
		"path": "https://rawcdn.githack.com/quiet324/Media4JAlbum/17060914/demon/demon03.mp3",
		"id": 214888182
	},
	{
		"albumtitle": "魔鬼學(04)",
		"title": "",
		"duration": 2000,
        "size": "9M",
		"albumId": 214,
		"albumName": "魔鬼學",
		"path": "https://rawcdn.githack.com/quiet324/Media4JAlbum/17060914/demon/demon04.mp3",
		"id": 214888183
	},

	{
		"albumtitle": "魔鬼學(05)",
		"title": "",
		"duration": 2000,
		"size": "9M",
		"albumId": 214,
		"albumName": "魔鬼學",
		"path": "https://rawcdn.githack.com/quiet324/Media4JAlbum/17060914/demon/demon05.mp3",
		"id": 214888184
	},
	{
		"albumtitle": "魔鬼學(06)",
		"title": "",
		"duration": 2000,
		"size": "9M",
		"albumId": 214,
		"albumName": "魔鬼學",
		"path": "https://rawcdn.githack.com/quiet324/Media4JAlbum/17060914/demon/demon06.mp3",
		"id": 214888185
	},
	{
		"albumtitle": "魔鬼學(07)",
		"title": "",
		"duration": 2000,
		"size": "7M",
		"albumId": 214,
		"albumName": "魔鬼學",
		"path": "https://rawcdn.githack.com/quiet324/Media4JAlbum/17060914/demon/demon07.mp3",
		"id": 214888186
	}

,
	{
		"albumtitle": "魔鬼學(08)",
		"title": "",
		"duration": 2000,
		"size": "9M",
		"albumId": 214,
		"albumName": "魔鬼學",
		"path": "https://rawcdn.githack.com/quiet324/Media4JAlbum/17060914/demon/demon08.mp3",
		"id": 214888187
	}


]