[
	{
		"albumtitle": "《晨曦讲座》复活节特辑：救赎的盼望(01)",
		"title": "认识耶稣基督是谁",
		"downUrl": "http://txly2.net/ly/audio/ds_RedemptionAndHope/ds_RedemptionAndHope01.mp3",
		"duration": 1760,
		"size": "14.1M",
		"albumId": 18,
		"albumName": "《晨曦讲座》复活节特辑：救赎的盼望",
		"path": "https://rawcdn.githack.com/quiet324/LiangyouAlbums/1705203/node/ds_RedemptionAndHope/ds_RedemptionAndHope01.mp3",
		"id": 18888883
	},
	{
		"albumtitle": "《晨曦讲座》复活节特辑：救赎的盼望(02)",
		"title": "童女怀孕的意义",
		"downUrl": "http://txly2.net/ly/audio/ds_RedemptionAndHope/ds_RedemptionAndHope02.mp3",
		"duration": 1760,
		"size": "14.1M",
		"albumId": 18,
		"albumName": "《晨曦讲座》复活节特辑：救赎的盼望",
		"path": "https://rawcdn.githack.com/quiet324/LiangyouAlbums/1705203/node/ds_RedemptionAndHope/ds_RedemptionAndHope02.mp3",
		"id": 18888884
	},
	{
		"albumtitle": "《晨曦讲座》复活节特辑：救赎的盼望(03)",
		"title": "复活的意义（羊篇）",
		"downUrl": "http://txly2.net/ly/audio/ds_RedemptionAndHope/ds_RedemptionAndHope03.mp3",
		"duration": 1760,
		"size": "14.1M",
		"albumId": 18,
		"albumName": "《晨曦讲座》复活节特辑：救赎的盼望",
		"path": "https://rawcdn.githack.com/quiet324/LiangyouAlbums/1705203/node/ds_RedemptionAndHope/ds_RedemptionAndHope03.mp3",
		"id": 18888885
	},
	{
		"albumtitle": "《晨曦讲座》复活节特辑：救赎的盼望(04)",
		"title": "十架七言",
		"downUrl": "http://txly2.net/ly/audio/ds_RedemptionAndHope/ds_RedemptionAndHope04.mp3",
		"duration": 1760,
		"size": "14.1M",
		"albumId": 18,
		"albumName": "《晨曦讲座》复活节特辑：救赎的盼望",
		"path": "https://rawcdn.githack.com/quiet324/LiangyouAlbums/1705203/node/ds_RedemptionAndHope/ds_RedemptionAndHope04.mp3",
		"id": 18888886
	},
	{
		"albumtitle": "《晨曦讲座》复活节特辑：救赎的盼望(05)",
		"title": "再来的预兆",
		"downUrl": "http://txly2.net/ly/audio/ds_RedemptionAndHope/ds_RedemptionAndHope05.mp3",
		"duration": 1760,
		"size": "14.1M",
		"albumId": 18,
		"albumName": "《晨曦讲座》复活节特辑：救赎的盼望",
		"path": "https://rawcdn.githack.com/quiet324/LiangyouAlbums/1705203/node/ds_RedemptionAndHope/ds_RedemptionAndHope05.mp3",
		"id": 18888887
	}
]