[
	{
		"duration": 450,
		"size": "2M",
		"path": "http://new.ltshk.net/pluginfile.php/15720/mod_resource/content/1/P20140501.mp3",
		"id": 5019000001,
		"title": "1. 真光",
		"albumId": 5019,
		"albumName": "尔道自建－约翰福音 201405",
		"albumtitle": "尔道自建－约翰福音 201405(1)"
	},
	{
		"duration": 450,
		"size": "2M",
		"path": "http://new.ltshk.net/pluginfile.php/15721/mod_resource/content/2/P20140502.mp3",
		"id": 5019000002,
		"title": "2.基督的所是与所为",
		"albumId": 5019,
		"albumName": "尔道自建－约翰福音 201405",
		"albumtitle": "尔道自建－约翰福音 201405(2)"
	},
	{
		"duration": 450,
		"size": "2M",
		"path": "http://113.215.21.62/1Q2W3E4R5T6Y7U8I9O0P1Z2X3C4V5B/new.ltshk.net/pluginfile.php/15722/mod_resource/content/2/P20140503.mp3",
		"id": 5019000003,
		"title": "3.真正的天梯",
		"albumId": 5019,
		"albumName": "尔道自建－约翰福音 201405",
		"albumtitle": "尔道自建－约翰福音 201405(3)"
	},
	{
		"duration": 450,
		"size": "2M",
		"path": "http://new.ltshk.net/pluginfile.php/15723/mod_resource/content/3/P20140504.mp3",
		"id": 5019000004,
		"title": "4.更好的酒",
		"albumId": 5019,
		"albumName": "尔道自建－约翰福音 201405",
		"albumtitle": "尔道自建－约翰福音 201405(4)"
	},
	{
		"duration": 450,
		"size": "2M",
		"path": "http://new.ltshk.net/pluginfile.php/15724/mod_resource/content/2/P20140505.mp3",
		"id": 5019000005,
		"title": "5.更好的殿",
		"albumId": 5019,
		"albumName": "尔道自建－约翰福音 201405",
		"albumtitle": "尔道自建－约翰福音 201405(5)"
	},
	{
		"duration": 450,
		"size": "2M",
		"path": "http://new.ltshk.net/pluginfile.php/15726/mod_resource/content/1/P20140506.mp3",
		"id": 5019000006,
		"title": "6.更好的生命",
		"albumId": 5019,
		"albumName": "尔道自建－约翰福音 201405",
		"albumtitle": "尔道自建－约翰福音 201405(6)"
	},
	{
		"duration": 450,
		"size": "2M",
		"path": "http://new.ltshk.net/pluginfile.php/15727/mod_resource/content/2/P20140507.mp3",
		"id": 5019000007,
		"title": "7. 好老师──约翰",
		"albumId": 5019,
		"albumName": "尔道自建－约翰福音 201405",
		"albumtitle": "尔道自建－约翰福音 201405(7)"
	},
	{
		"duration": 450,
		"size": "2M",
		"path": "http://new.ltshk.net/pluginfile.php/15728/mod_resource/content/2/P20140508.mp3",
		"id": 5019000008,
		"title": "8. 更好的水",
		"albumId": 5019,
		"albumName": "尔道自建－约翰福音 201405",
		"albumtitle": "尔道自建－约翰福音 201405(8)"
	},
	{
		"duration": 450,
		"size": "2M",
		"path": "http://new.ltshk.net/pluginfile.php/15729/mod_resource/content/2/P20140509.mp3",
		"id": 5019000009,
		"title": "9. 更重要的食物──为神收割",
		"albumId": 5019,
		"albumName": "尔道自建－约翰福音 201405",
		"albumtitle": "尔道自建－约翰福音 201405(9)"
	},
	{
		"duration": 450,
		"size": "2M",
		"path": "http://new.ltshk.net/pluginfile.php/15730/mod_resource/content/2/P20140510.mp3",
		"id": 5019000010,
		"title": "10. 更好的医治",
		"albumId": 5019,
		"albumName": "尔道自建－约翰福音 201405",
		"albumtitle": "尔道自建－约翰福音 201405(10)"
	},
	{
		"duration": 450,
		"size": "2M",
		"path": "http://new.ltshk.net/pluginfile.php/15731/mod_resource/content/2/P20140511.mp3",
		"id": 5019000011,
		"title": "11. 更严重的病",
		"albumId": 5019,
		"albumName": "尔道自建－约翰福音 201405",
		"albumtitle": "尔道自建－约翰福音 201405(11)"
	},
	{
		"duration": 450,
		"size": "2M",
		"path": "http://113.215.21.48/1Q2W3E4R5T6Y7U8I9O0P1Z2X3C4V5B/new.ltshk.net/pluginfile.php/15732/mod_resource/content/3/P20140512.mp3",
		"id": 5019000012,
		"title": "12. 信心的考验",
		"albumId": 5019,
		"albumName": "尔道自建－约翰福音 201405",
		"albumtitle": "尔道自建－约翰福音 201405(12)"
	},
	{
		"duration": 450,
		"size": "2M",
		"path": "http://new.ltshk.net/pluginfile.php/15733/mod_resource/content/2/P20140513.mp3",
		"id": 5019000013,
		"title": "13. 最好的筵席",
		"albumId": 5019,
		"albumName": "尔道自建－约翰福音 201405",
		"albumtitle": "尔道自建－约翰福音 201405(13)"
	},
	{
		"duration": 450,
		"size": "2M",
		"path": "http://new.ltshk.net/pluginfile.php/15734/mod_resource/content/1/P20140514.mp3",
		"id": 5019000014,
		"title": "14. 为谁辛苦？为谁忙？",
		"albumId": 5019,
		"albumName": "尔道自建－约翰福音 201405",
		"albumtitle": "尔道自建－约翰福音 201405(14)"
	},
	{
		"duration": 450,
		"size": "2M",
		"path": "http://new.ltshk.net/pluginfile.php/15735/mod_resource/content/1/P20140515.mp3",
		"id": 5019000015,
		"title": "15. 真正的看见（1）",
		"albumId": 5019,
		"albumName": "尔道自建－约翰福音 201405",
		"albumtitle": "尔道自建－约翰福音 201405(15)"
	},
	{
		"duration": 450,
		"size": "2M",
		"path": "http://new.ltshk.net/pluginfile.php/15736/mod_resource/content/1/P20140516.mp3",
		"id": 5019000016,
		"title": "16. 真正的看见（2）",
		"albumId": 5019,
		"albumName": "尔道自建－约翰福音 201405",
		"albumtitle": "尔道自建－约翰福音 201405(16)"
	},
	{
		"duration": 450,
		"size": "2M",
		"path": "http://new.ltshk.net/pluginfile.php/15737/mod_resource/content/1/P20140517.mp3",
		"id": 5019000017,
		"title": "17. 爱羊的牧人",
		"albumId": 5019,
		"albumName": "尔道自建－约翰福音 201405",
		"albumtitle": "尔道自建－约翰福音 201405(17)"
	},
	{
		"duration": 450,
		"size": "2M",
		"path": "http://new.ltshk.net/pluginfile.php/15738/mod_resource/content/1/P20140518.mp3",
		"id": 5019000018,
		"title": "18. 爱牧人的羊",
		"albumId": 5019,
		"albumName": "尔道自建－约翰福音 201405",
		"albumtitle": "尔道自建－约翰福音 201405(18)"
	},
	{
		"duration": 450,
		"size": "2M",
		"path": "http://new.ltshk.net/pluginfile.php/15739/mod_resource/content/1/P20140518.mp3",
		"id": 5019000019,
		"title": "19. 信心的不足",
		"albumId": 5019,
		"albumName": "尔道自建－约翰福音 201405",
		"albumtitle": "尔道自建－约翰福音 201405(19)"
	},
	{
		"duration": 450,
		"size": "2M",
		"path": "http://new.ltshk.net/pluginfile.php/15740/mod_resource/content/1/P20140520.mp3",
		"id": 5019000020,
		"title": "20. 更新与重整",
		"albumId": 5019,
		"albumName": "尔道自建－约翰福音 201405",
		"albumtitle": "尔道自建－约翰福音 201405(20)"
	},
	{
		"duration": 450,
		"size": "2M",
		"path": "http://new.ltshk.net/pluginfile.php/15741/mod_resource/content/2/P20140521.mp3",
		"id": 5019000021,
		"title": "21. 谦卑服侍",
		"albumId": 5019,
		"albumName": "尔道自建－约翰福音 201405",
		"albumtitle": "尔道自建－约翰福音 201405(21)"
	},
	{
		"duration": 450,
		"size": "2M",
		"path": "http://new.ltshk.net/pluginfile.php/15742/mod_resource/content/1/P20140522.mp3",
		"id": 5019000022,
		"title": "22. 爱的筵席",
		"albumId": 5019,
		"albumName": "尔道自建－约翰福音 201405",
		"albumtitle": "尔道自建－约翰福音 201405(22)"
	},
	{
		"duration": 450,
		"size": "2M",
		"path": "http://new.ltshk.net/pluginfile.php/15743/mod_resource/content/1/P20140523.mp3",
		"id": 5019000023,
		"title": "23. 常在主里",
		"albumId": 5019,
		"albumName": "尔道自建－约翰福音 201405",
		"albumtitle": "尔道自建－约翰福音 201405(23)"
	},
	{
		"duration": 450,
		"size": "2M",
		"path": "http://new.ltshk.net/pluginfile.php/15744/mod_resource/content/1/P20140524.mp3",
		"id": 5019000024,
		"title": "24. 拿出勇气来",
		"albumId": 5019,
		"albumName": "尔道自建－约翰福音 201405",
		"albumtitle": "尔道自建－约翰福音 201405(24)"
	},
	{
		"duration": 450,
		"size": "2M",
		"path": "http://new.ltshk.net/pluginfile.php/15745/mod_resource/content/2/P20140525.mp3",
		"id": 5019000025,
		"title": "25. 勇者无惧",
		"albumId": 5019,
		"albumName": "尔道自建－约翰福音 201405",
		"albumtitle": "尔道自建－约翰福音 201405(25)"
	},
	{
		"duration": 450,
		"size": "2M",
		"path": "http://new.ltshk.net/pluginfile.php/15747/mod_resource/content/1/P20140526.mp3",
		"id": 5019000026,
		"title": "26. 最大的福气",
		"albumId": 5019,
		"albumName": "尔道自建－约翰福音 201405",
		"albumtitle": "尔道自建－约翰福音 201405(26)"
	},
	{
		"duration": 450,
		"size": "2M",
		"path": "http://new.ltshk.net/pluginfile.php/15748/mod_resource/content/1/P20140527.mp3",
		"id": 5019000027,
		"title": "27. 最重要的逾越节",
		"albumId": 5019,
		"albumName": "尔道自建－约翰福音 201405",
		"albumtitle": "尔道自建－约翰福音 201405(27)"
	},
	{
		"duration": 450,
		"size": "2M",
		"path": "http://new.ltshk.net/pluginfile.php/15749/mod_resource/content/1/P20140528.mp3",
		"id": 5019000028,
		"title": "28. 「我看见了主！」",
		"albumId": 5019,
		"albumName": "尔道自建－约翰福音 201405",
		"albumtitle": "尔道自建－约翰福音 201405(28)"
	},
	{
		"duration": 450,
		"size": "2M",
		"path": "http://new.ltshk.net/pluginfile.php/15750/mod_resource/content/1/P20140529.mp3",
		"id": 5019000029,
		"title": "29. 为主作证",
		"albumId": 5019,
		"albumName": "尔道自建－约翰福音 201405",
		"albumtitle": "尔道自建－约翰福音 201405(29)"
	},
	{
		"duration": 450,
		"size": "2M",
		"path": "http://new.ltshk.net/pluginfile.php/15751/mod_resource/content/1/P20140530.mp3",
		"id": 5019000030,
		"title": "30. 尽上一切",
		"albumId": 5019,
		"albumName": "尔道自建－约翰福音 201405",
		"albumtitle": "尔道自建－约翰福音 201405(30)"
	},
	{
		"duration": 450,
		"size": "2M",
		"path": "http://new.ltshk.net/pluginfile.php/15752/mod_resource/content/1/P20140531.mp3",
		"id": 5019000031,
		"title": "31. 尽心去爱",
		"albumId": 5019,
		"albumName": "尔道自建－约翰福音 201405",
		"albumtitle": "尔道自建－约翰福音 201405(31)"
	}
]