[
	{
		"duration": 450,
		"size": "2M",
		"path": "http://new.ltshk.net/pluginfile.php/95603/mod_resource/content/10/2170101.mp3",
		"id": 5042000001,
		"title": "2017年1月1日 读祷诗篇之一：诗篇1篇",
		"albumId": 5042,
		"albumName": "尔道自建－读祷诗篇 201701",
		"albumtitle": "尔道自建－读祷诗篇 201701(1)"
	},
	{
		"duration": 450,
		"size": "2M",
		"path": "http://new.ltshk.net/pluginfile.php/95625/mod_resource/content/7/20170102.mp3",
		"id": 5042000002,
		"title": "2017年1月2日　读祷诗篇之二：诗篇4篇",
		"albumId": 5042,
		"albumName": "尔道自建－读祷诗篇 201701",
		"albumtitle": "尔道自建－读祷诗篇 201701(2)"
	},
	{
		"duration": 450,
		"size": "2M",
		"path": "http://new.ltshk.net/pluginfile.php/95627/mod_resource/content/8/20170103.mp3",
		"id": 5042000003,
		"title": "2017年1月3日　读祷诗篇之三：诗篇5篇上",
		"albumId": 5042,
		"albumName": "尔道自建－读祷诗篇 201701",
		"albumtitle": "尔道自建－读祷诗篇 201701(3)"
	},
	{
		"duration": 450,
		"size": "2M",
		"path": "http://new.ltshk.net/pluginfile.php/95629/mod_resource/content/8/20170104.mp3",
		"id": 5042000004,
		"title": "2017年1月4日　读祷诗篇之四：诗篇5篇下",
		"albumId": 5042,
		"albumName": "尔道自建－读祷诗篇 201701",
		"albumtitle": "尔道自建－读祷诗篇 201701(4)"
	},
	{
		"duration": 450,
		"size": "2M",
		"path": "http://new.ltshk.net/pluginfile.php/95631/mod_resource/content/7/20170105.mp3",
		"id": 5042000005,
		"title": "2017年1月5日　读祷诗篇之五：诗篇6篇",
		"albumId": 5042,
		"albumName": "尔道自建－读祷诗篇 201701",
		"albumtitle": "尔道自建－读祷诗篇 201701(5)"
	},
	{
		"duration": 450,
		"size": "2M",
		"path": "http://new.ltshk.net/pluginfile.php/95633/mod_resource/content/9/20170106.mp3",
		"id": 5042000006,
		"title": "2017年1月6日　读祷诗篇之六：诗篇11篇",
		"albumId": 5042,
		"albumName": "尔道自建－读祷诗篇 201701",
		"albumtitle": "尔道自建－读祷诗篇 201701(6)"
	},
	{
		"duration": 450,
		"size": "2M",
		"path": "http://new.ltshk.net/pluginfile.php/95635/mod_resource/content/7/20170107.mp3",
		"id": 5042000007,
		"title": "2017年1月7日　读祷诗篇之七：诗篇12篇",
		"albumId": 5042,
		"albumName": "尔道自建－读祷诗篇 201701",
		"albumtitle": "尔道自建－读祷诗篇 201701(7)"
	},
	{
		"duration": 450,
		"size": "2M",
		"path": "http://new.ltshk.net/pluginfile.php/95636/mod_resource/content/8/20170108.mp3",
		"id": 5042000008,
		"title": "2017年1月8日　读祷诗篇之八：诗篇13篇",
		"albumId": 5042,
		"albumName": "尔道自建－读祷诗篇 201701",
		"albumtitle": "尔道自建－读祷诗篇 201701(8)"
	},
	{
		"duration": 450,
		"size": "2M",
		"path": "http://new.ltshk.net/pluginfile.php/95639/mod_resource/content/7/20170109.mp3",
		"id": 5042000009,
		"title": "2017年1月9日　读祷诗篇之九：诗篇第20篇",
		"albumId": 5042,
		"albumName": "尔道自建－读祷诗篇 201701",
		"albumtitle": "尔道自建－读祷诗篇 201701(9)"
	},
	{
		"duration": 450,
		"size": "2M",
		"path": "http://new.ltshk.net/pluginfile.php/95647/mod_resource/content/8/20170110.mp3",
		"id": 5042000010,
		"title": "2017年1月10日　读祷诗篇之十：诗篇22篇A",
		"albumId": 5042,
		"albumName": "尔道自建－读祷诗篇 201701",
		"albumtitle": "尔道自建－读祷诗篇 201701(10)"
	},
	{
		"duration": 450,
		"size": "2M",
		"path": "http://new.ltshk.net/pluginfile.php/97796/mod_resource/content/6/20170111.mp3",
		"id": 5042000011,
		"title": "2017年1月11日　读祷诗篇之十一：诗篇22篇B(默想)",
		"albumId": 5042,
		"albumName": "尔道自建－读祷诗篇 201701",
		"albumtitle": "尔道自建－读祷诗篇 201701(11)"
	},
	{
		"duration": 450,
		"size": "2M",
		"path": "http://new.ltshk.net/pluginfile.php/97798/mod_resource/content/9/20170112.mp3",
		"id": 5042000012,
		"title": "2017年1月12日　读祷诗篇之十二：诗篇22篇C",
		"albumId": 5042,
		"albumName": "尔道自建－读祷诗篇 201701",
		"albumtitle": "尔道自建－读祷诗篇 201701(12)"
	},
	{
		"duration": 450,
		"size": "2M",
		"path": "http://new.ltshk.net/pluginfile.php/97800/mod_resource/content/6/20170113.mp3",
		"id": 5042000013,
		"title": "2017年1月13日　读祷诗篇之十三：诗篇15篇",
		"albumId": 5042,
		"albumName": "尔道自建－读祷诗篇 201701",
		"albumtitle": "尔道自建－读祷诗篇 201701(13)"
	},
	{
		"duration": 450,
		"size": "2M",
		"path": "http://new.ltshk.net/pluginfile.php/97802/mod_resource/content/7/20170114.mp3",
		"id": 5042000014,
		"title": "2017年1月14日　读祷诗篇之十四：诗篇19篇（选读）",
		"albumId": 5042,
		"albumName": "尔道自建－读祷诗篇 201701",
		"albumtitle": "尔道自建－读祷诗篇 201701(14)"
	},
	{
		"duration": 450,
		"size": "2M",
		"path": "http://new.ltshk.net/pluginfile.php/97821/mod_resource/content/10/20170115.mp3",
		"id": 5042000015,
		"title": "1月15日　读祷诗篇之十五：诗篇24篇",
		"albumId": 5042,
		"albumName": "尔道自建－读祷诗篇 201701",
		"albumtitle": "尔道自建－读祷诗篇 201701(15)"
	},
	{
		"duration": 450,
		"size": "2M",
		"path": "http://new.ltshk.net/pluginfile.php/97823/mod_resource/content/7/20170116.mp3",
		"id": 5042000016,
		"title": "1月16日　读祷诗篇之十六：诗篇26篇",
		"albumId": 5042,
		"albumName": "尔道自建－读祷诗篇 201701",
		"albumtitle": "尔道自建－读祷诗篇 201701(16)"
	},
	{
		"duration": 450,
		"size": "2M",
		"path": "http://new.ltshk.net/pluginfile.php/97825/mod_resource/content/7/20170117.mp3",
		"id": 5042000017,
		"title": "1月17日　读祷诗篇之十七：诗篇28篇",
		"albumId": 5042,
		"albumName": "尔道自建－读祷诗篇 201701",
		"albumtitle": "尔道自建－读祷诗篇 201701(17)"
	},
	{
		"duration": 450,
		"size": "2M",
		"path": "http://new.ltshk.net/pluginfile.php/97828/mod_resource/content/6/20170118.mp3",
		"id": 5042000018,
		"title": "1月18日　读祷诗篇之十八：诗篇32篇A",
		"albumId": 5042,
		"albumName": "尔道自建－读祷诗篇 201701",
		"albumtitle": "尔道自建－读祷诗篇 201701(18)"
	},
	{
		"duration": 450,
		"size": "2M",
		"path": "http://new.ltshk.net/pluginfile.php/97830/mod_resource/content/8/20170119.mp3",
		"id": 5042000019,
		"title": "1月19日　读祷诗篇之十九：诗篇32篇B",
		"albumId": 5042,
		"albumName": "尔道自建－读祷诗篇 201701",
		"albumtitle": "尔道自建－读祷诗篇 201701(19)"
	},
	{
		"duration": 450,
		"size": "2M",
		"path": "http://new.ltshk.net/pluginfile.php/97832/mod_resource/content/7/20170120.mp3",
		"id": 5042000020,
		"title": "1月20日　读祷诗篇之二十：诗篇46篇",
		"albumId": 5042,
		"albumName": "尔道自建－读祷诗篇 201701",
		"albumtitle": "尔道自建－读祷诗篇 201701(20)"
	},
	{
		"duration": 450,
		"size": "2M",
		"path": "http://new.ltshk.net/pluginfile.php/97834/mod_resource/content/7/20170121.mp3",
		"id": 5042000021,
		"title": "1月21日　读祷诗篇之二十一：诗篇47篇",
		"albumId": 5042,
		"albumName": "尔道自建－读祷诗篇 201701",
		"albumtitle": "尔道自建－读祷诗篇 201701(21)"
	},
	{
		"duration": 450,
		"size": "2M",
		"path": "http://new.ltshk.net/pluginfile.php/97842/mod_resource/content/6/20170122.mp3",
		"id": 5042000022,
		"title": "1月22日　读祷诗篇之二十二：诗篇49篇",
		"albumId": 5042,
		"albumName": "尔道自建－读祷诗篇 201701",
		"albumtitle": "尔道自建－读祷诗篇 201701(22)"
	},
	{
		"duration": 450,
		"size": "2M",
		"path": "http://new.ltshk.net/pluginfile.php/97845/mod_resource/content/8/20170123.mp3",
		"id": 5042000023,
		"title": "1月23日　读祷诗篇之二十三：诗篇50篇",
		"albumId": 5042,
		"albumName": "尔道自建－读祷诗篇 201701",
		"albumtitle": "尔道自建－读祷诗篇 201701(23)"
	},
	{
		"duration": 450,
		"size": "2M",
		"path": "http://new.ltshk.net/pluginfile.php/97847/mod_resource/content/7/20170124.mp3",
		"id": 5042000024,
		"title": "1月24日　读祷诗篇之二十四：诗篇51篇（上）",
		"albumId": 5042,
		"albumName": "尔道自建－读祷诗篇 201701",
		"albumtitle": "尔道自建－读祷诗篇 201701(24)"
	},
	{
		"duration": 450,
		"size": "2M",
		"path": "http://new.ltshk.net/pluginfile.php/97849/mod_resource/content/7/20170125.mp3",
		"id": 5042000025,
		"title": "1月25日　读祷诗篇之二十五：诗篇51篇（下）",
		"albumId": 5042,
		"albumName": "尔道自建－读祷诗篇 201701",
		"albumtitle": "尔道自建－读祷诗篇 201701(25)"
	},
	{
		"duration": 450,
		"size": "2M",
		"path": "http://new.ltshk.net/pluginfile.php/97850/mod_resource/content/5/20170126.mp3",
		"id": 5042000026,
		"title": "1月26日　读祷诗篇之二十六：诗篇52篇",
		"albumId": 5042,
		"albumName": "尔道自建－读祷诗篇 201701",
		"albumtitle": "尔道自建－读祷诗篇 201701(26)"
	},
	{
		"duration": 450,
		"size": "2M",
		"path": "http://new.ltshk.net/pluginfile.php/97851/mod_resource/content/7/20170127.mp3",
		"id": 5042000027,
		"title": "1月27日　读祷诗篇之二十七：诗篇53篇",
		"albumId": 5042,
		"albumName": "尔道自建－读祷诗篇 201701",
		"albumtitle": "尔道自建－读祷诗篇 201701(27)"
	},
	{
		"duration": 450,
		"size": "2M",
		"path": "http://new.ltshk.net/pluginfile.php/97852/mod_resource/content/5/20170128.mp3",
		"id": 5042000028,
		"title": "1月28日　读祷诗篇之二十八：诗篇55篇",
		"albumId": 5042,
		"albumName": "尔道自建－读祷诗篇 201701",
		"albumtitle": "尔道自建－读祷诗篇 201701(28)"
	},
	{
		"duration": 450,
		"size": "2M",
		"path": "http://new.ltshk.net/pluginfile.php/100118/mod_resource/content/1/20170129.mp3",
		"id": 5042000029,
		"title": "1月29日  读祷诗篇之二十九：诗篇56篇",
		"albumId": 5042,
		"albumName": "尔道自建－读祷诗篇 201701",
		"albumtitle": "尔道自建－读祷诗篇 201701(29)"
	},
	{
		"duration": 450,
		"size": "2M",
		"path": "http://new.ltshk.net/pluginfile.php/100119/mod_resource/content/1/20170130.mp3",
		"id": 5042000030,
		"title": "1月30日  读祷诗篇之三十：诗篇57篇",
		"albumId": 5042,
		"albumName": "尔道自建－读祷诗篇 201701",
		"albumtitle": "尔道自建－读祷诗篇 201701(30)"
	},
	{
		"duration": 450,
		"size": "2M",
		"path": "http://new.ltshk.net/pluginfile.php/100120/mod_resource/content/2/20170131.mp3",
		"id": 5042000031,
		"title": "1月31日　读祷诗篇之三十一：诗篇71篇",
		"albumId": 5042,
		"albumName": "尔道自建－读祷诗篇 201701",
		"albumtitle": "尔道自建－读祷诗篇 201701(31)"
	}
]