[
	{
		"duration": 450,
		"size": "2M",
		"path": "http://new.ltshk.net/pluginfile.php/137755/mod_resource/content/1/erDao_M_170601.mp3",
		"id": 5047000001,
		"title": "6月 1日　确实的道",
		"albumId": 5047,
		"albumName": "尔道自建－路加福音 201706",
		"albumtitle": "尔道自建－路加福音 201706(1)"
	},
	{
		"duration": 450,
		"size": "2M",
		"path": "http://new.ltshk.net/pluginfile.php/137757/mod_resource/content/1/erDao_M_170602.mp3",
		"id": 5047000002,
		"title": "6月 2日　怎么有这事呢？",
		"albumId": 5047,
		"albumName": "尔道自建－路加福音 201706",
		"albumtitle": "尔道自建－路加福音 201706(2)"
	},
	{
		"duration": 450,
		"size": "2M",
		"path": "http://new.ltshk.net/pluginfile.php/137759/mod_resource/content/1/erDao_M_170603.mp3",
		"id": 5047000003,
		"title": "6月 3日　事奉的起点",
		"albumId": 5047,
		"albumName": "尔道自建－路加福音 201706",
		"albumtitle": "尔道自建－路加福音 201706(3)"
	},
	{
		"duration": 450,
		"size": "2M",
		"path": "http://new.ltshk.net/pluginfile.php/137761/mod_resource/content/2/erDao_M_170604.mp3",
		"id": 5047000004,
		"title": "6月 4日　有福音传给「穷人」",
		"albumId": 5047,
		"albumName": "尔道自建－路加福音 201706",
		"albumtitle": "尔道自建－路加福音 201706(4)"
	},
	{
		"duration": 450,
		"size": "2M",
		"path": "http://new.ltshk.net/pluginfile.php/137761/mod_resource/content/2/erDao_M_170604.mp3",
		"id": 5047000005,
		"title": "6月 5日　终末眼界",
		"albumId": 5047,
		"albumName": "尔道自建－路加福音 201706",
		"albumtitle": "尔道自建－路加福音 201706(5)"
	},
	{
		"duration": 450,
		"size": "2M",
		"path": "http://new.ltshk.net/pluginfile.php/137775/mod_resource/content/2/erDao_M_170606.mp3",
		"id": 5047000006,
		"title": "6月 6日　贫穷与富足",
		"albumId": 5047,
		"albumName": "尔道自建－路加福音 201706",
		"albumtitle": "尔道自建－路加福音 201706(6)"
	},
	{
		"duration": 450,
		"size": "2M",
		"path": "http://new.ltshk.net/pluginfile.php/140484/mod_resource/content/1/erDao_M_170606.mp3",
		"id": 5047000007,
		"title": "6月 7日　超越「回报」",
		"albumId": 5047,
		"albumName": "尔道自建－路加福音 201706",
		"albumtitle": "尔道自建－路加福音 201706(7)"
	},
	{
		"duration": 450,
		"size": "2M",
		"path": "http://new.ltshk.net/pluginfile.php/140486/mod_resource/content/2/erDao_M_170608.mp3",
		"id": 5047000008,
		"title": "6月 8日　生命影响生命",
		"albumId": 5047,
		"albumName": "尔道自建－路加福音 201706",
		"albumtitle": "尔道自建－路加福音 201706(8)"
	},
	{
		"duration": 450,
		"size": "2M",
		"path": "http://new.ltshk.net/pluginfile.php/140488/mod_resource/content/1/erDao_M_170609.mp3",
		"id": 5047000009,
		"title": "6月 9日　配得与不配得",
		"albumId": 5047,
		"albumName": "尔道自建－路加福音 201706",
		"albumtitle": "尔道自建－路加福音 201706(9)"
	},
	{
		"duration": 450,
		"size": "2M",
		"path": "http://new.ltshk.net/pluginfile.php/140489/mod_resource/content/1/erDao_M_170610.mp3",
		"id": 5047000010,
		"title": "6月 10日　竟与罪人吃饭！",
		"albumId": 5047,
		"albumName": "尔道自建－路加福音 201706",
		"albumtitle": "尔道自建－路加福音 201706(10)"
	},
	{
		"duration": 450,
		"size": "2M",
		"path": "http://new.ltshk.net/pluginfile.php/140492/mod_resource/content/1/erDao_M_170611.mp3",
		"id": 5047000011,
		"title": "6月 11日　跟随主的门徒",
		"albumId": 5047,
		"albumName": "尔道自建－路加福音 201706",
		"albumtitle": "尔道自建－路加福音 201706(11)"
	},
	{
		"duration": 450,
		"size": "2M",
		"path": "http://new.ltshk.net/pluginfile.php/140494/mod_resource/content/1/erDao_M_170612.mp3",
		"id": 5047000012,
		"title": "6月 12日　「道」的终点",
		"albumId": 5047,
		"albumName": "尔道自建－路加福音 201706",
		"albumtitle": "尔道自建－路加福音 201706(12)"
	},
	{
		"duration": 450,
		"size": "2M",
		"path": "http://new.ltshk.net/pluginfile.php/140496/mod_resource/content/1/erDao_M_170613.mp3",
		"id": 5047000013,
		"title": "6月 13日　你们说我是谁？",
		"albumId": 5047,
		"albumName": "尔道自建－路加福音 201706",
		"albumtitle": "尔道自建－路加福音 201706(13)"
	},
	{
		"duration": 450,
		"size": "2M",
		"path": "http://new.ltshk.net/pluginfile.php/140498/mod_resource/content/2/erDao_C_170614.mp3",
		"id": 5047000014,
		"title": "6月 14日　尽「心」爱主",
		"albumId": 5047,
		"albumName": "尔道自建－路加福音 201706",
		"albumtitle": "尔道自建－路加福音 201706(14)"
	},
	{
		"duration": 450,
		"size": "2M",
		"path": "http://new.ltshk.net/pluginfile.php/140500/mod_resource/content/1/erDao_C_170615.mp3",
		"id": 5047000015,
		"title": "6月 15日　「落在强盗手中的人」的比喻",
		"albumId": 5047,
		"albumName": "尔道自建－路加福音 201706",
		"albumtitle": "尔道自建－路加福音 201706(15)"
	},
	{
		"duration": 450,
		"size": "2M",
		"path": "http://new.ltshk.net/pluginfile.php/140502/mod_resource/content/1/erDao_M_170616.mp3",
		"id": 5047000016,
		"title": "6月 16日　不可分割的爱",
		"albumId": 5047,
		"albumName": "尔道自建－路加福音 201706",
		"albumtitle": "尔道自建－路加福音 201706(16)"
	},
	{
		"duration": 450,
		"size": "2M",
		"path": "http://new.ltshk.net/pluginfile.php/140503/mod_resource/content/1/erDao_M_170617.mp3",
		"id": 5047000017,
		"title": "6月 17日　你该怕谁？",
		"albumId": 5047,
		"albumName": "尔道自建－路加福音 201706",
		"albumtitle": "尔道自建－路加福音 201706(17)"
	},
	{
		"duration": 450,
		"size": "2M",
		"path": "http://new.ltshk.net/pluginfile.php/140506/mod_resource/content/1/erDao_M_170618.mp3",
		"id": 5047000018,
		"title": "6月 18日　贪心与拜偶像",
		"albumId": 5047,
		"albumName": "尔道自建－路加福音 201706",
		"albumtitle": "尔道自建－路加福音 201706(18)"
	},
	{
		"duration": 450,
		"size": "2M",
		"path": "http://new.ltshk.net/pluginfile.php/140508/mod_resource/content/2/erDao_M_170619.mp3",
		"id": 5047000019,
		"title": "6月 19日　什么时候来？",
		"albumId": 5047,
		"albumName": "尔道自建－路加福音 201706",
		"albumtitle": "尔道自建－路加福音 201706(19)"
	},
	{
		"duration": 450,
		"size": "2M",
		"path": "http://new.ltshk.net/pluginfile.php/140510/mod_resource/content/1/erDao_M_170620.mp3",
		"id": 5047000020,
		"title": "6月 20日　平安是福？",
		"albumId": 5047,
		"albumName": "尔道自建－路加福音 201706",
		"albumtitle": "尔道自建－路加福音 201706(20)"
	},
	{
		"duration": 450,
		"size": "2M",
		"path": "http://new.ltshk.net/pluginfile.php/140511/mod_resource/content/1/erDao_M_170621.mp3",
		"id": 5047000021,
		"title": "6月 21日　简化了的信仰",
		"albumId": 5047,
		"albumName": "尔道自建－路加福音 201706",
		"albumtitle": "尔道自建－路加福音 201706(21)"
	},
	{
		"duration": 450,
		"size": "2M",
		"path": "http://new.ltshk.net/pluginfile.php/140514/mod_resource/content/1/erDao_M_170622.mp3",
		"id": 5047000022,
		"title": "6月 22日　简化了的关系",
		"albumId": 5047,
		"albumName": "尔道自建－路加福音 201706",
		"albumtitle": "尔道自建－路加福音 201706(22)"
	},
	{
		"duration": 450,
		"size": "2M",
		"path": "http://new.ltshk.net/pluginfile.php/140516/mod_resource/content/1/erDao_M_170623.mp3",
		"id": 5047000023,
		"title": "6月 23日　相处之道",
		"albumId": 5047,
		"albumName": "尔道自建－路加福音 201706",
		"albumtitle": "尔道自建－路加福音 201706(23)"
	},
	{
		"duration": 450,
		"size": "2M",
		"path": "http://new.ltshk.net/pluginfile.php/140520/mod_resource/content/1/erDao_M_170624.mp3",
		"id": 5047000024,
		"title": "6月 24日　神国几时来？",
		"albumId": 5047,
		"albumName": "尔道自建－路加福音 201706",
		"albumtitle": "尔道自建－路加福音 201706(24)"
	},
	{
		"duration": 450,
		"size": "2M",
		"path": "http://new.ltshk.net/pluginfile.php/140520/mod_resource/content/1/erDao_M_170624.mp3",
		"id": 5047000025,
		"title": "6月 25日　信心的演绎",
		"albumId": 5047,
		"albumName": "尔道自建－路加福音 201706",
		"albumtitle": "尔道自建－路加福音 201706(25)"
	},
	{
		"duration": 450,
		"size": "2M",
		"path": "http://new.ltshk.net/pluginfile.php/140522/mod_resource/content/5/erDao_M_170626.mp3",
		"id": 5047000026,
		"title": "6月 26日　忠心的好仆人",
		"albumId": 5047,
		"albumName": "尔道自建－路加福音 201706",
		"albumtitle": "尔道自建－路加福音 201706(26)"
	},
	{
		"duration": 450,
		"size": "2M",
		"path": "http://new.ltshk.net/pluginfile.php/140523/mod_resource/content/1/erDao_M_170627.mp3",
		"id": 5047000027,
		"title": "6月 27日　投资之道",
		"albumId": 5047,
		"albumName": "尔道自建－路加福音 201706",
		"albumtitle": "尔道自建－路加福音 201706(27)"
	},
	{
		"duration": 450,
		"size": "2M",
		"path": "http://new.ltshk.net/pluginfile.php/140526/mod_resource/content/1/erDao_M_170628.mp3",
		"id": 5047000028,
		"title": "6月 28日　想要见他",
		"albumId": 5047,
		"albumName": "尔道自建－路加福音 201706",
		"albumtitle": "尔道自建－路加福音 201706(28)"
	},
	{
		"duration": 450,
		"size": "2M",
		"path": "http://new.ltshk.net/pluginfile.php/140528/mod_resource/content/1/erDao_M_170629.mp3",
		"id": 5047000029,
		"title": "6月 29日　想起他的话来",
		"albumId": 5047,
		"albumName": "尔道自建－路加福音 201706",
		"albumtitle": "尔道自建－路加福音 201706(29)"
	},
	{
		"duration": 450,
		"size": "2M",
		"path": "http://new.ltshk.net/pluginfile.php/140530/mod_resource/content/1/erDao_M_170630.mp3",
		"id": 5047000030,
		"title": "6月 30日　开启心窍",
		"albumId": 5047,
		"albumName": "尔道自建－路加福音 201706",
		"albumtitle": "尔道自建－路加福音 201706(30)"
	}
]