[
	{
		"duration": 450,
		"size": "2M",
		"path": "http://new.ltshk.net/pluginfile.php/13678/mod_resource/content/6/P20140201.mp3",
		"id": 5016000001,
		"albumId": 5016,
		"albumName": "尔道自建－詩篇 201402",
		"albumtitle": "尔道自建－詩篇 201402(1)"
	},
	{
		"duration": 450,
		"size": "2M",
		"path": "http://new.ltshk.net/pluginfile.php/13679/mod_resource/content/7/P20140202.mp3",
		"id": 5016000002,
		"albumId": 5016,
		"albumName": "尔道自建－詩篇 201402",
		"albumtitle": "尔道自建－詩篇 201402(2)"
	},
	{
		"duration": 450,
		"size": "2M",
		"path": "http://new.ltshk.net/pluginfile.php/13682/mod_resource/content/2/P20140203.mp3",
		"id": 5016000003,
		"albumId": 5016,
		"albumName": "尔道自建－詩篇 201402",
		"albumtitle": "尔道自建－詩篇 201402(3)"
	},
	{
		"duration": 450,
		"size": "2M",
		"path": "http://new.ltshk.net/pluginfile.php/13684/mod_resource/content/4/P20140204.mp3",
		"id": 5016000004,
		"albumId": 5016,
		"albumName": "尔道自建－詩篇 201402",
		"albumtitle": "尔道自建－詩篇 201402(4)"
	},
	{
		"duration": 450,
		"size": "2M",
		"path": "http://new.ltshk.net/pluginfile.php/13687/mod_resource/content/2/P20140205.mp3",
		"id": 5016000005,
		"albumId": 5016,
		"albumName": "尔道自建－詩篇 201402",
		"albumtitle": "尔道自建－詩篇 201402(5)"
	},
	{
		"duration": 450,
		"size": "2M",
		"path": "http://new.ltshk.net/pluginfile.php/13690/mod_resource/content/5/P20140206.mp3",
		"id": 5016000006,
		"albumId": 5016,
		"albumName": "尔道自建－詩篇 201402",
		"albumtitle": "尔道自建－詩篇 201402(6)"
	},
	{
		"duration": 450,
		"size": "2M",
		"path": "http://new.ltshk.net/pluginfile.php/13691/mod_resource/content/3/P20140207.mp3",
		"id": 5016000007,
		"albumId": 5016,
		"albumName": "尔道自建－詩篇 201402",
		"albumtitle": "尔道自建－詩篇 201402(7)"
	},
	{
		"duration": 450,
		"size": "2M",
		"path": "http://new.ltshk.net/pluginfile.php/13692/mod_resource/content/2/P20140208.mp3",
		"id": 5016000008,
		"albumId": 5016,
		"albumName": "尔道自建－詩篇 201402",
		"albumtitle": "尔道自建－詩篇 201402(8)"
	},
	{
		"duration": 450,
		"size": "2M",
		"path": "http://new.ltshk.net/pluginfile.php/13693/mod_resource/content/2/P20140209.mp3",
		"id": 5016000009,
		"albumId": 5016,
		"albumName": "尔道自建－詩篇 201402",
		"albumtitle": "尔道自建－詩篇 201402(9)"
	},
	{
		"duration": 450,
		"size": "2M",
		"path": "http://new.ltshk.net/pluginfile.php/13699/mod_resource/content/2/P20140210.mp3",
		"id": 5016000010,
		"albumId": 5016,
		"albumName": "尔道自建－詩篇 201402",
		"albumtitle": "尔道自建－詩篇 201402(10)"
	},
	{
		"duration": 450,
		"size": "2M",
		"path": "http://new.ltshk.net/pluginfile.php/13700/mod_resource/content/2/P20140211.mp3",
		"id": 5016000011,
		"albumId": 5016,
		"albumName": "尔道自建－詩篇 201402",
		"albumtitle": "尔道自建－詩篇 201402(11)"
	},
	{
		"duration": 450,
		"size": "2M",
		"path": "http://new.ltshk.net/pluginfile.php/13701/mod_resource/content/2/P20140212.mp3",
		"id": 5016000012,
		"albumId": 5016,
		"albumName": "尔道自建－詩篇 201402",
		"albumtitle": "尔道自建－詩篇 201402(12)"
	},
	{
		"duration": 450,
		"size": "2M",
		"path": "http://new.ltshk.net/pluginfile.php/13702/mod_resource/content/4/P20140213.mp3",
		"id": 5016000013,
		"albumId": 5016,
		"albumName": "尔道自建－詩篇 201402",
		"albumtitle": "尔道自建－詩篇 201402(13)"
	},
	{
		"duration": 450,
		"size": "2M",
		"path": "http://new.ltshk.net/pluginfile.php/13703/mod_resource/content/3/P20140214.mp3",
		"id": 5016000014,
		"albumId": 5016,
		"albumName": "尔道自建－詩篇 201402",
		"albumtitle": "尔道自建－詩篇 201402(14)"
	},
	{
		"duration": 450,
		"size": "2M",
		"path": "http://new.ltshk.net/pluginfile.php/13704/mod_resource/content/2/P20140215.mp3",
		"id": 5016000015,
		"albumId": 5016,
		"albumName": "尔道自建－詩篇 201402",
		"albumtitle": "尔道自建－詩篇 201402(15)"
	},
	{
		"duration": 450,
		"size": "2M",
		"path": "http://new.ltshk.net/pluginfile.php/13705/mod_resource/content/2/P20140216.mp3",
		"id": 5016000016,
		"albumId": 5016,
		"albumName": "尔道自建－詩篇 201402",
		"albumtitle": "尔道自建－詩篇 201402(16)"
	},
	{
		"duration": 450,
		"size": "2M",
		"path": "http://new.ltshk.net/pluginfile.php/13706/mod_resource/content/3/P20140217.mp3",
		"id": 5016000017,
		"albumId": 5016,
		"albumName": "尔道自建－詩篇 201402",
		"albumtitle": "尔道自建－詩篇 201402(17)"
	},
	{
		"duration": 450,
		"size": "2M",
		"path": "http://new.ltshk.net/pluginfile.php/13707/mod_resource/content/2/P20140218.mp3",
		"id": 5016000018,
		"albumId": 5016,
		"albumName": "尔道自建－詩篇 201402",
		"albumtitle": "尔道自建－詩篇 201402(18)"
	},
	{
		"duration": 450,
		"size": "2M",
		"path": "http://new.ltshk.net/pluginfile.php/13708/mod_resource/content/2/P20140219.mp3",
		"id": 5016000019,
		"albumId": 5016,
		"albumName": "尔道自建－詩篇 201402",
		"albumtitle": "尔道自建－詩篇 201402(19)"
	},
	{
		"duration": 450,
		"size": "2M",
		"path": "http://new.ltshk.net/pluginfile.php/13709/mod_resource/content/1/P20140220.mp3",
		"id": 5016000020,
		"albumId": 5016,
		"albumName": "尔道自建－詩篇 201402",
		"albumtitle": "尔道自建－詩篇 201402(20)"
	},
	{
		"duration": 450,
		"size": "2M",
		"path": "http://new.ltshk.net/pluginfile.php/13710/mod_resource/content/2/P20140221.mp3",
		"id": 5016000021,
		"albumId": 5016,
		"albumName": "尔道自建－詩篇 201402",
		"albumtitle": "尔道自建－詩篇 201402(21)"
	},
	{
		"duration": 450,
		"size": "2M",
		"path": "http://new.ltshk.net/pluginfile.php/13711/mod_resource/content/2/P20140222.mp3",
		"id": 5016000022,
		"albumId": 5016,
		"albumName": "尔道自建－詩篇 201402",
		"albumtitle": "尔道自建－詩篇 201402(22)"
	},
	{
		"duration": 450,
		"size": "2M",
		"path": "http://new.ltshk.net/pluginfile.php/13714/mod_resource/content/2/P20140223.mp3",
		"id": 5016000023,
		"albumId": 5016,
		"albumName": "尔道自建－詩篇 201402",
		"albumtitle": "尔道自建－詩篇 201402(23)"
	},
	{
		"duration": 450,
		"size": "2M",
		"path": "http://new.ltshk.net/pluginfile.php/13716/mod_resource/content/6/P20140224.mp3",
		"id": 5016000024,
		"albumId": 5016,
		"albumName": "尔道自建－詩篇 201402",
		"albumtitle": "尔道自建－詩篇 201402(24)"
	},
	{
		"duration": 450,
		"size": "2M",
		"path": "http://new.ltshk.net/pluginfile.php/13720/mod_resource/content/3/P20140225.mp3",
		"id": 5016000025,
		"albumId": 5016,
		"albumName": "尔道自建－詩篇 201402",
		"albumtitle": "尔道自建－詩篇 201402(25)"
	},
	{
		"duration": 450,
		"size": "2M",
		"path": "http://new.ltshk.net/pluginfile.php/13721/mod_resource/content/3/P20140226.mp3",
		"id": 5016000026,
		"albumId": 5016,
		"albumName": "尔道自建－詩篇 201402",
		"albumtitle": "尔道自建－詩篇 201402(26)"
	},
	{
		"duration": 450,
		"size": "2M",
		"path": "http://new.ltshk.net/pluginfile.php/13723/mod_resource/content/2/P20140227.mp3",
		"id": 5016000027,
		"albumId": 5016,
		"albumName": "尔道自建－詩篇 201402",
		"albumtitle": "尔道自建－詩篇 201402(27)"
	},
	{
		"duration": 450,
		"size": "2M",
		"path": "http://new.ltshk.net/pluginfile.php/13724/mod_resource/content/2/P20140228.mp3",
		"id": 5016000028,
		"albumId": 5016,
		"albumName": "尔道自建－詩篇 201402",
		"albumtitle": "尔道自建－詩篇 201402(28)"
	}
]