[
	{
		"duration": 450,
		"size": "2M",
		"path": "http://new.ltshk.net/pluginfile.php/73325/mod_resource/content/2/20150601.mp3",
		"id": 5032000001,
		"title": "1. 为全群争战",
		"albumId": 5032,
		"albumName": "尔道自建－约书亚记 201506",
		"albumtitle": "尔道自建－约书亚记 201506(1)"
	},
	{
		"duration": 450,
		"size": "2M",
		"path": "http://new.ltshk.net/pluginfile.php/73324/mod_resource/content/2/20150602.mp3",
		"id": 5032000002,
		"title": "2. 信守承诺",
		"albumId": 5032,
		"albumName": "尔道自建－约书亚记 201506",
		"albumtitle": "尔道自建－约书亚记 201506(2)"
	},
	{
		"duration": 450,
		"size": "2M",
		"path": "http://new.ltshk.net/pluginfile.php/73326/mod_resource/content/1/20150603.mp3",
		"id": 5032000003,
		"title": "3. 你们要自洁",
		"albumId": 5032,
		"albumName": "尔道自建－约书亚记 201506",
		"albumtitle": "尔道自建－约书亚记 201506(3)"
	},
	{
		"duration": 450,
		"size": "2M",
		"path": "http://new.ltshk.net/pluginfile.php/73327/mod_resource/content/1/20150604.mp3",
		"id": 5032000004,
		"title": "4. 全地属主",
		"albumId": 5032,
		"albumName": "尔道自建－约书亚记 201506",
		"albumtitle": "尔道自建－约书亚记 201506(4)"
	},
	{
		"duration": 450,
		"size": "2M",
		"path": "http://new.ltshk.net/pluginfile.php/73328/mod_resource/content/1/20150605.mp3",
		"id": 5032000005,
		"title": "5. 踏进涨溢的河水中",
		"albumId": 5032,
		"albumName": "尔道自建－约书亚记 201506",
		"albumtitle": "尔道自建－约书亚记 201506(5)"
	},
	{
		"duration": 450,
		"size": "2M",
		"path": "http://new.ltshk.net/pluginfile.php/73330/mod_resource/content/3/20150606.mp3",
		"id": 5032000006,
		"title": "6. 耶和华等着你们过来",
		"albumId": 5032,
		"albumName": "尔道自建－约书亚记 201506",
		"albumtitle": "尔道自建－约书亚记 201506(6)"
	},
	{
		"duration": 450,
		"size": "2M",
		"path": "http://new.ltshk.net/pluginfile.php/73331/mod_resource/content/1/20150607.mp3",
		"id": 5032000007,
		"title": "7. 接班的一代",
		"albumId": 5032,
		"albumName": "尔道自建－约书亚记 201506",
		"albumtitle": "尔道自建－约书亚记 201506(7)"
	},
	{
		"duration": 450,
		"size": "2M",
		"path": "http://new.ltshk.net/pluginfile.php/73332/mod_resource/content/1/20150608.mp3",
		"id": 5032000008,
		"title": "8. 神指挥作战",
		"albumId": 5032,
		"albumName": "尔道自建－约书亚记 201506",
		"albumtitle": "尔道自建－约书亚记 201506(8)"
	},
	{
		"duration": 450,
		"size": "2M",
		"path": "http://new.ltshk.net/pluginfile.php/73333/mod_resource/content/2/20150609.mp3",
		"id": 5032000009,
		"title": "9. 扬名立威",
		"albumId": 5032,
		"albumName": "尔道自建－约书亚记 201506",
		"albumtitle": "尔道自建－约书亚记 201506(9)"
	},
	{
		"duration": 450,
		"size": "2M",
		"path": "http://new.ltshk.net/pluginfile.php/73334/mod_resource/content/1/20150610.mp3",
		"id": 5032000010,
		"title": "10. 取了当灭之物",
		"albumId": 5032,
		"albumName": "尔道自建－约书亚记 201506",
		"albumtitle": "尔道自建－约书亚记 201506(10)"
	},
	{
		"duration": 450,
		"size": "2M",
		"path": "http://new.ltshk.net/pluginfile.php/73335/mod_resource/content/1/20150611.mp3",
		"id": 5032000011,
		"title": "11. 败中求胜",
		"albumId": 5032,
		"albumName": "尔道自建－约书亚记 201506",
		"albumtitle": "尔道自建－约书亚记 201506(11)"
	},
	{
		"duration": 450,
		"size": "2M",
		"path": "http://new.ltshk.net/pluginfile.php/73336/mod_resource/content/1/20150612.mp3",
		"id": 5032000012,
		"title": "12. 第一座神坛",
		"albumId": 5032,
		"albumName": "尔道自建－约书亚记 201506",
		"albumtitle": "尔道自建－约书亚记 201506(12)"
	},
	{
		"duration": 450,
		"size": "2M",
		"path": "http://new.ltshk.net/pluginfile.php/73337/mod_resource/content/2/20150613.mp3",
		"id": 5032000013,
		"title": "13. 一个愿意承担责任的领导团队",
		"albumId": 5032,
		"albumName": "尔道自建－约书亚记 201506",
		"albumtitle": "尔道自建－约书亚记 201506(13)"
	},
	{
		"duration": 450,
		"size": "2M",
		"path": "http://new.ltshk.net/pluginfile.php/73338/mod_resource/content/4/20150614.mp3",
		"id": 5032000014,
		"title": "14. 耶和华争战",
		"albumId": 5032,
		"albumName": "尔道自建－约书亚记 201506",
		"albumtitle": "尔道自建－约书亚记 201506(14)"
	},
	{
		"duration": 450,
		"size": "2M",
		"path": "http://new.ltshk.net/pluginfile.php/73339/mod_resource/content/1/20150615.mp3",
		"id": 5032000015,
		"title": "15. 战争与和平",
		"albumId": 5032,
		"albumName": "尔道自建－约书亚记 201506",
		"albumtitle": "尔道自建－约书亚记 201506(15)"
	},
	{
		"duration": 450,
		"size": "2M",
		"path": "http://new.ltshk.net/pluginfile.php/73340/mod_resource/content/1/20150616.mp3",
		"id": 5032000016,
		"title": "16. 分地的原则根据摩西的吩咐",
		"albumId": 5032,
		"albumName": "尔道自建－约书亚记 201506",
		"albumtitle": "尔道自建－约书亚记 201506(16)"
	},
	{
		"duration": 450,
		"size": "2M",
		"path": "http://new.ltshk.net/pluginfile.php/73341/mod_resource/content/2/20150617.mp3",
		"id": 5032000017,
		"title": "17. 约旦河东西岸土地分配",
		"albumId": 5032,
		"albumName": "尔道自建－约书亚记 201506",
		"albumtitle": "尔道自建－约书亚记 201506(17)"
	},
	{
		"duration": 450,
		"size": "2M",
		"path": "http://new.ltshk.net/pluginfile.php/73343/mod_resource/content/1/20150618.mp3",
		"id": 5032000018,
		"title": "18. 三股重要势力",
		"albumId": 5032,
		"albumName": "尔道自建－约书亚记 201506",
		"albumtitle": "尔道自建－约书亚记 201506(18)"
	},
	{
		"duration": 450,
		"size": "2M",
		"path": "http://new.ltshk.net/pluginfile.php/73344/mod_resource/content/1/20150619.mp3",
		"id": 5032000019,
		"title": "19. 迦勒获得土地",
		"albumId": 5032,
		"albumName": "尔道自建－约书亚记 201506",
		"albumtitle": "尔道自建－约书亚记 201506(19)"
	},
	{
		"duration": 450,
		"size": "2M",
		"path": "http://new.ltshk.net/pluginfile.php/73345/mod_resource/content/3/20150620.mp3",
		"id": 5032000020,
		"title": "20. 女儿也承受土地",
		"albumId": 5032,
		"albumName": "尔道自建－约书亚记 201506",
		"albumtitle": "尔道自建－约书亚记 201506(20)"
	},
	{
		"duration": 450,
		"size": "2M",
		"path": "http://new.ltshk.net/pluginfile.php/73346/mod_resource/content/1/20150621.mp3",
		"id": 5032000021,
		"title": "21. 第二次分地",
		"albumId": 5032,
		"albumName": "尔道自建－约书亚记 201506",
		"albumtitle": "尔道自建－约书亚记 201506(21)"
	},
	{
		"duration": 450,
		"size": "2M",
		"path": "http://new.ltshk.net/pluginfile.php/73347/mod_resource/content/1/20150622.mp3",
		"id": 5032000022,
		"title": "22. 犹大支派让地",
		"albumId": 5032,
		"albumName": "尔道自建－约书亚记 201506",
		"albumtitle": "尔道自建－约书亚记 201506(22)"
	},
	{
		"duration": 450,
		"size": "2M",
		"path": "http://new.ltshk.net/pluginfile.php/73348/mod_resource/content/2/20150623.mp3",
		"id": 5032000023,
		"title": "23. 分地完成",
		"albumId": 5032,
		"albumName": "尔道自建－约书亚记 201506",
		"albumtitle": "尔道自建－约书亚记 201506(23)"
	},
	{
		"duration": 450,
		"size": "2M",
		"path": "http://new.ltshk.net/pluginfile.php/73349/mod_resource/content/2/20150624.mp3",
		"id": 5032000024,
		"title": "24. 设立逃城",
		"albumId": 5032,
		"albumName": "尔道自建－约书亚记 201506",
		"albumtitle": "尔道自建－约书亚记 201506(24)"
	},
	{
		"duration": 450,
		"size": "2M",
		"path": "http://new.ltshk.net/pluginfile.php/73350/mod_resource/content/1/20150625.mp3",
		"id": 5032000025,
		"title": "25. 利未人的城邑",
		"albumId": 5032,
		"albumName": "尔道自建－约书亚记 201506",
		"albumtitle": "尔道自建－约书亚记 201506(25)"
	},
	{
		"duration": 450,
		"size": "2M",
		"path": "http://new.ltshk.net/pluginfile.php/73351/mod_resource/content/1/20150626.mp3",
		"id": 5032000026,
		"title": "26. 功成身退",
		"albumId": 5032,
		"albumName": "尔道自建－约书亚记 201506",
		"albumtitle": "尔道自建－约书亚记 201506(26)"
	},
	{
		"duration": 450,
		"size": "2M",
		"path": "http://new.ltshk.net/pluginfile.php/73352/mod_resource/content/1/20150627.mp3",
		"id": 5032000027,
		"title": "27. 功成身退",
		"albumId": 5032,
		"albumName": "尔道自建－约书亚记 201506",
		"albumtitle": "尔道自建－约书亚记 201506(27)"
	},
	{
		"duration": 450,
		"size": "2M",
		"path": "http://new.ltshk.net/pluginfile.php/73353/mod_resource/content/1/20150628.mp3",
		"id": 5032000028,
		"title": "28. 只有一个中央敬拜地点",
		"albumId": 5032,
		"albumName": "尔道自建－约书亚记 201506",
		"albumtitle": "尔道自建－约书亚记 201506(28)"
	},
	{
		"duration": 450,
		"size": "2M",
		"path": "http://new.ltshk.net/pluginfile.php/73354/mod_resource/content/1/20150629.mp3",
		"id": 5032000029,
		"title": "29. 不是人的成就",
		"albumId": 5032,
		"albumName": "尔道自建－约书亚记 201506",
		"albumtitle": "尔道自建－约书亚记 201506(29)"
	},
	{
		"duration": 450,
		"size": "2M",
		"path": "http://new.ltshk.net/pluginfile.php/73355/mod_resource/content/1/20150630.mp3",
		"id": 5032000030,
		"title": "30. 要选择事奉神",
		"albumId": 5032,
		"albumName": "尔道自建－约书亚记 201506",
		"albumtitle": "尔道自建－约书亚记 201506(30)"
	}
]