[
	{
		"duration": 450,
		"size": "2M",
		"path": "http://new.ltshk.net/pluginfile.php/34096/mod_resource/content/2/P20141201.mp3",
		"id": 5026000001,
		"albumId": 5026,
		"albumName": "尔道自建－尼希米記 201412",
		"albumtitle": "尔道自建－尼希米記 201412(1)"
	},
	{
		"duration": 450,
		"size": "2M",
		"path": "http://new.ltshk.net/pluginfile.php/34097/mod_resource/content/2/P20141202.mp3",
		"id": 5026000002,
		"albumId": 5026,
		"albumName": "尔道自建－尼希米記 201412",
		"albumtitle": "尔道自建－尼希米記 201412(2)"
	},
	{
		"duration": 450,
		"size": "2M",
		"path": "http://new.ltshk.net/pluginfile.php/34098/mod_resource/content/1/P20141203.mp3",
		"id": 5026000003,
		"albumId": 5026,
		"albumName": "尔道自建－尼希米記 201412",
		"albumtitle": "尔道自建－尼希米記 201412(3)"
	},
	{
		"duration": 450,
		"size": "2M",
		"path": "http://new.ltshk.net/pluginfile.php/34099/mod_resource/content/2/P20141204.mp3",
		"id": 5026000004,
		"albumId": 5026,
		"albumName": "尔道自建－尼希米記 201412",
		"albumtitle": "尔道自建－尼希米記 201412(4)"
	},
	{
		"duration": 450,
		"size": "2M",
		"path": "http://new.ltshk.net/pluginfile.php/34100/mod_resource/content/1/P20141205.mp3",
		"id": 5026000005,
		"albumId": 5026,
		"albumName": "尔道自建－尼希米記 201412",
		"albumtitle": "尔道自建－尼希米記 201412(5)"
	},
	{
		"duration": 450,
		"size": "2M",
		"path": "http://new.ltshk.net/pluginfile.php/34101/mod_resource/content/1/P20141206.mp3",
		"id": 5026000006,
		"albumId": 5026,
		"albumName": "尔道自建－尼希米記 201412",
		"albumtitle": "尔道自建－尼希米記 201412(6)"
	},
	{
		"duration": 450,
		"size": "2M",
		"path": "http://new.ltshk.net/pluginfile.php/34102/mod_resource/content/1/P20141207.mp3",
		"id": 5026000007,
		"albumId": 5026,
		"albumName": "尔道自建－尼希米記 201412",
		"albumtitle": "尔道自建－尼希米記 201412(7)"
	},
	{
		"duration": 450,
		"size": "2M",
		"path": "http://new.ltshk.net/pluginfile.php/34106/mod_resource/content/1/P20141208.mp3",
		"id": 5026000008,
		"albumId": 5026,
		"albumName": "尔道自建－尼希米記 201412",
		"albumtitle": "尔道自建－尼希米記 201412(8)"
	},
	{
		"duration": 450,
		"size": "2M",
		"path": "http://new.ltshk.net/pluginfile.php/34107/mod_resource/content/2/P20141209.mp3",
		"id": 5026000009,
		"albumId": 5026,
		"albumName": "尔道自建－尼希米記 201412",
		"albumtitle": "尔道自建－尼希米記 201412(9)"
	},
	{
		"duration": 450,
		"size": "2M",
		"path": "http://new.ltshk.net/pluginfile.php/34108/mod_resource/content/2/P20141210.mp3",
		"id": 5026000010,
		"albumId": 5026,
		"albumName": "尔道自建－尼希米記 201412",
		"albumtitle": "尔道自建－尼希米記 201412(10)"
	},
	{
		"duration": 450,
		"size": "2M",
		"path": "http://new.ltshk.net/pluginfile.php/34109/mod_resource/content/1/P20141211.mp3",
		"id": 5026000011,
		"albumId": 5026,
		"albumName": "尔道自建－尼希米記 201412",
		"albumtitle": "尔道自建－尼希米記 201412(11)"
	},
	{
		"duration": 450,
		"size": "2M",
		"path": "http://new.ltshk.net/pluginfile.php/34110/mod_resource/content/6/P20141212.mp3",
		"id": 5026000012,
		"albumId": 5026,
		"albumName": "尔道自建－尼希米記 201412",
		"albumtitle": "尔道自建－尼希米記 201412(12)"
	},
	{
		"duration": 450,
		"size": "2M",
		"path": "http://new.ltshk.net/pluginfile.php/34111/mod_resource/content/2/P20141213.mp3",
		"id": 5026000013,
		"albumId": 5026,
		"albumName": "尔道自建－尼希米記 201412",
		"albumtitle": "尔道自建－尼希米記 201412(13)"
	},
	{
		"duration": 450,
		"size": "2M",
		"path": "http://new.ltshk.net/pluginfile.php/34112/mod_resource/content/1/P20141214.mp3",
		"id": 5026000014,
		"albumId": 5026,
		"albumName": "尔道自建－尼希米記 201412",
		"albumtitle": "尔道自建－尼希米記 201412(14)"
	},
	{
		"duration": 450,
		"size": "2M",
		"path": "http://new.ltshk.net/pluginfile.php/34113/mod_resource/content/1/P20141215.mp3",
		"id": 5026000015,
		"albumId": 5026,
		"albumName": "尔道自建－尼希米記 201412",
		"albumtitle": "尔道自建－尼希米記 201412(15)"
	},
	{
		"duration": 450,
		"size": "2M",
		"path": "http://new.ltshk.net/pluginfile.php/34114/mod_resource/content/1/P20141216.mp3",
		"id": 5026000016,
		"albumId": 5026,
		"albumName": "尔道自建－尼希米記 201412",
		"albumtitle": "尔道自建－尼希米記 201412(16)"
	},
	{
		"duration": 450,
		"size": "2M",
		"path": "http://new.ltshk.net/pluginfile.php/34115/mod_resource/content/1/P20141217.mp3",
		"id": 5026000017,
		"albumId": 5026,
		"albumName": "尔道自建－尼希米記 201412",
		"albumtitle": "尔道自建－尼希米記 201412(17)"
	},
	{
		"duration": 450,
		"size": "2M",
		"path": "http://new.ltshk.net/pluginfile.php/34116/mod_resource/content/2/P20141218.mp3",
		"id": 5026000018,
		"albumId": 5026,
		"albumName": "尔道自建－尼希米記 201412",
		"albumtitle": "尔道自建－尼希米記 201412(18)"
	},
	{
		"duration": 450,
		"size": "2M",
		"path": "http://new.ltshk.net/pluginfile.php/34117/mod_resource/content/1/P20141219.mp3",
		"id": 5026000019,
		"albumId": 5026,
		"albumName": "尔道自建－尼希米記 201412",
		"albumtitle": "尔道自建－尼希米記 201412(19)"
	},
	{
		"duration": 450,
		"size": "2M",
		"path": "http://new.ltshk.net/pluginfile.php/34118/mod_resource/content/1/P20141220.mp3",
		"id": 5026000020,
		"albumId": 5026,
		"albumName": "尔道自建－尼希米記 201412",
		"albumtitle": "尔道自建－尼希米記 201412(20)"
	},
	{
		"duration": 450,
		"size": "2M",
		"path": "http://new.ltshk.net/pluginfile.php/34119/mod_resource/content/1/P20141221.mp3",
		"id": 5026000021,
		"albumId": 5026,
		"albumName": "尔道自建－尼希米記 201412",
		"albumtitle": "尔道自建－尼希米記 201412(21)"
	},
	{
		"duration": 450,
		"size": "2M",
		"path": "http://new.ltshk.net/pluginfile.php/34120/mod_resource/content/2/P20141222.mp3",
		"id": 5026000022,
		"albumId": 5026,
		"albumName": "尔道自建－尼希米記 201412",
		"albumtitle": "尔道自建－尼希米記 201412(22)"
	},
	{
		"duration": 450,
		"size": "2M",
		"path": "http://new.ltshk.net/pluginfile.php/34121/mod_resource/content/2/P20141223.mp3",
		"id": 5026000023,
		"albumId": 5026,
		"albumName": "尔道自建－尼希米記 201412",
		"albumtitle": "尔道自建－尼希米記 201412(23)"
	},
	{
		"duration": 450,
		"size": "2M",
		"path": "http://new.ltshk.net/pluginfile.php/34123/mod_resource/content/2/P20141224.mp3",
		"id": 5026000024,
		"albumId": 5026,
		"albumName": "尔道自建－尼希米記 201412",
		"albumtitle": "尔道自建－尼希米記 201412(24)"
	},
	{
		"duration": 450,
		"size": "2M",
		"path": "http://new.ltshk.net/pluginfile.php/34124/mod_resource/content/2/P20141225.mp3",
		"id": 5026000025,
		"albumId": 5026,
		"albumName": "尔道自建－尼希米記 201412",
		"albumtitle": "尔道自建－尼希米記 201412(25)"
	},
	{
		"duration": 450,
		"size": "2M",
		"path": "http://new.ltshk.net/pluginfile.php/34125/mod_resource/content/2/P20141226.mp3",
		"id": 5026000026,
		"albumId": 5026,
		"albumName": "尔道自建－尼希米記 201412",
		"albumtitle": "尔道自建－尼希米記 201412(26)"
	},
	{
		"duration": 450,
		"size": "2M",
		"path": "http://new.ltshk.net/pluginfile.php/34126/mod_resource/content/2/P20141228.mp3",
		"id": 5026000027,
		"albumId": 5026,
		"albumName": "尔道自建－尼希米記 201412",
		"albumtitle": "尔道自建－尼希米記 201412(27)"
	},
	{
		"duration": 450,
		"size": "2M",
		"path": "http://new.ltshk.net/pluginfile.php/34127/mod_resource/content/1/P20141229.mp3",
		"id": 5026000028,
		"albumId": 5026,
		"albumName": "尔道自建－尼希米記 201412",
		"albumtitle": "尔道自建－尼希米記 201412(28)"
	},
	{
		"duration": 450,
		"size": "2M",
		"path": "http://new.ltshk.net/pluginfile.php/34128/mod_resource/content/2/P20141227.mp3",
		"id": 5026000029,
		"albumId": 5026,
		"albumName": "尔道自建－尼希米記 201412",
		"albumtitle": "尔道自建－尼希米記 201412(29)"
	},
	{
		"duration": 450,
		"size": "2M",
		"path": "http://new.ltshk.net/pluginfile.php/34129/mod_resource/content/1/P20141230.mp3",
		"id": 5026000030,
		"albumId": 5026,
		"albumName": "尔道自建－尼希米記 201412",
		"albumtitle": "尔道自建－尼希米記 201412(30)"
	},
	{
		"duration": 450,
		"size": "2M",
		"path": "http://new.ltshk.net/pluginfile.php/34130/mod_resource/content/1/P20141231.mp3",
		"id": 5026000031,
		"albumId": 5026,
		"albumName": "尔道自建－尼希米記 201412",
		"albumtitle": "尔道自建－尼希米記 201412(31)"
	}
]