[
	{
		"duration": 450,
		"size": "2M",
		"path": "http://new.ltshk.net/pluginfile.php/106913/mod_resource/content/1/20151001.mp3",
		"id": 5036000001,
		"title": "1.建立健康蒙福的生命",
		"albumId": 5036,
		"albumName": "尔道自建－约伯记 201510",
		"albumtitle": "尔道自建－约伯记 201510(1)"
	},
	{
		"duration": 450,
		"size": "2M",
		"path": "http://new.ltshk.net/pluginfile.php/106914/mod_resource/content/2/20151002.mp3",
		"id": 5036000002,
		"title": "2.一场不解的对话",
		"albumId": 5036,
		"albumName": "尔道自建－约伯记 201510",
		"albumtitle": "尔道自建－约伯记 201510(2)"
	},
	{
		"duration": 450,
		"size": "2M",
		"path": "http://new.ltshk.net/pluginfile.php/106915/mod_resource/content/1/20151003.mp3",
		"id": 5036000003,
		"title": "3.福无双至 祸不单行",
		"albumId": 5036,
		"albumName": "尔道自建－约伯记 201510",
		"albumtitle": "尔道自建－约伯记 201510(3)"
	},
	{
		"duration": 450,
		"size": "2M",
		"path": "http://new.ltshk.net/pluginfile.php/106916/mod_resource/content/2/20151004.mp3",
		"id": 5036000004,
		"title": "4.祸福有门，唯神掌管",
		"albumId": 5036,
		"albumName": "尔道自建－约伯记 201510",
		"albumtitle": "尔道自建－约伯记 201510(4)"
	},
	{
		"duration": 450,
		"size": "2M",
		"path": "http://new.ltshk.net/pluginfile.php/106917/mod_resource/content/2/20151005.mp3",
		"id": 5036000005,
		"title": "5.没出生比出生的更好？",
		"albumId": 5036,
		"albumName": "尔道自建－约伯记 201510",
		"albumtitle": "尔道自建－约伯记 201510(5)"
	},
	{
		"duration": 450,
		"size": "2M",
		"path": "http://new.ltshk.net/pluginfile.php/106920/mod_resource/content/2/20151006.mp3",
		"id": 5036000006,
		"title": "6.不可轻看全能者的管教！",
		"albumId": 5036,
		"albumName": "尔道自建－约伯记 201510",
		"albumtitle": "尔道自建－约伯记 201510(6)"
	},
	{
		"duration": 450,
		"size": "2M",
		"path": "http://new.ltshk.net/pluginfile.php/106919/mod_resource/content/1/20151007.mp3",
		"id": 5036000007,
		"title": "7.我灵愁苦……我心苦恼",
		"albumId": 5036,
		"albumName": "尔道自建－约伯记 201510",
		"albumtitle": "尔道自建－约伯记 201510(7)"
	},
	{
		"duration": 450,
		"size": "2M",
		"path": "http://new.ltshk.net/pluginfile.php/106921/mod_resource/content/1/20151008.mp3",
		"id": 5036000008,
		"title": "8.上帝必不丢弃完全人！",
		"albumId": 5036,
		"albumName": "尔道自建－约伯记 201510",
		"albumtitle": "尔道自建－约伯记 201510(8)"
	},
	{
		"duration": 450,
		"size": "2M",
		"path": "http://new.ltshk.net/pluginfile.php/106922/mod_resource/content/2/20151009.mp3",
		"id": 5036000009,
		"title": "9.人在上帝面前怎能成为义呢？",
		"albumId": 5036,
		"albumName": "尔道自建－约伯记 201510",
		"albumtitle": "尔道自建－约伯记 201510(9)"
	},
	{
		"duration": 450,
		"size": "2M",
		"path": "http://new.ltshk.net/pluginfile.php/106923/mod_resource/content/1/20151010.mp3",
		"id": 5036000010,
		"title": "10.将心安正，向主举手",
		"albumId": 5036,
		"albumName": "尔道自建－约伯记 201510",
		"albumtitle": "尔道自建－约伯记 201510(10)"
	},
	{
		"duration": 450,
		"size": "2M",
		"path": "http://new.ltshk.net/pluginfile.php/106924/mod_resource/content/1/20151011.mp3",
		"id": 5036000011,
		"title": "11.你们不要作声，任凭我罢！",
		"albumId": 5036,
		"albumName": "尔道自建－约伯记 201510",
		"albumtitle": "尔道自建－约伯记 201510(11)"
	},
	{
		"duration": 450,
		"size": "2M",
		"path": "http://new.ltshk.net/pluginfile.php/106925/mod_resource/content/1/20151012.mp3",
		"id": 5036000012,
		"title": "12.人若死了，岂能再活呢！",
		"albumId": 5036,
		"albumName": "尔道自建－约伯记 201510",
		"albumtitle": "尔道自建－约伯记 201510(12)"
	},
	{
		"duration": 450,
		"size": "2M",
		"path": "http://new.ltshk.net/pluginfile.php/106926/mod_resource/content/1/20151013.mp3",
		"id": 5036000013,
		"title": "13.废弃智慧、阻止敬虔",
		"albumId": 5036,
		"albumName": "尔道自建－约伯记 201510",
		"albumtitle": "尔道自建－约伯记 201510(13)"
	},
	{
		"duration": 450,
		"size": "2M",
		"path": "http://new.ltshk.net/pluginfile.php/106927/mod_resource/content/1/20151014.mp3",
		"id": 5036000014,
		"title": "14.我的心灵消耗",
		"albumId": 5036,
		"albumName": "尔道自建－约伯记 201510",
		"albumtitle": "尔道自建－约伯记 201510(14)"
	},
	{
		"duration": 450,
		"size": "2M",
		"path": "http://new.ltshk.net/pluginfile.php/106928/mod_resource/content/1/20151015.mp3",
		"id": 5036000015,
		"title": "15.恶人的亮光必要熄灭",
		"albumId": 5036,
		"albumName": "尔道自建－约伯记 201510",
		"albumtitle": "尔道自建－约伯记 201510(15)"
	},
	{
		"duration": 450,
		"size": "2M",
		"path": "http://new.ltshk.net/pluginfile.php/106929/mod_resource/content/2/20151016.mp3",
		"id": 5036000016,
		"title": "16.要亲眼见神",
		"albumId": 5036,
		"albumName": "尔道自建－约伯记 201510",
		"albumtitle": "尔道自建－约伯记 201510(16)"
	},
	{
		"duration": 450,
		"size": "2M",
		"path": "http://new.ltshk.net/pluginfile.php/106930/mod_resource/content/1/20151017.mp3",
		"id": 5036000017,
		"title": "17.徒然的安慰",
		"albumId": 5036,
		"albumName": "尔道自建－约伯记 201510",
		"albumtitle": "尔道自建－约伯记 201510(17)"
	},
	{
		"duration": 450,
		"size": "2M",
		"path": "http://new.ltshk.net/pluginfile.php/106931/mod_resource/content/1/20151018.mp3",
		"id": 5036000018,
		"title": "18.人岂能使神有益呢？",
		"albumId": 5036,
		"albumName": "尔道自建－约伯记 201510",
		"albumtitle": "尔道自建－约伯记 201510(18)"
	},
	{
		"duration": 450,
		"size": "2M",
		"path": "http://new.ltshk.net/pluginfile.php/106932/mod_resource/content/1/20151019.mp3",
		"id": 5036000019,
		"title": "19.愿我能知道在哪里可以寻见上帝！",
		"albumId": 5036,
		"albumName": "尔道自建－约伯记 201510",
		"albumtitle": "尔道自建－约伯记 201510(19)"
	},
	{
		"duration": 450,
		"size": "2M",
		"path": "http://new.ltshk.net/pluginfile.php/106933/mod_resource/content/1/20151020.mp3",
		"id": 5036000020,
		"title": "20.上帝有治理之权",
		"albumId": 5036,
		"albumName": "尔道自建－约伯记 201510",
		"albumtitle": "尔道自建－约伯记 201510(20)"
	},
	{
		"duration": 450,
		"size": "2M",
		"path": "http://new.ltshk.net/pluginfile.php/106935/mod_resource/content/2/20151021.mp3",
		"id": 5036000021,
		"title": "21.上帝明白智慧的道路",
		"albumId": 5036,
		"albumName": "尔道自建－约伯记 201510",
		"albumtitle": "尔道自建－约伯记 201510(21)"
	},
	{
		"duration": 450,
		"size": "2M",
		"path": "http://new.ltshk.net/pluginfile.php/106936/mod_resource/content/1/20151022.mp3",
		"id": 5036000022,
		"title": "22.愿全能者回答我",
		"albumId": 5036,
		"albumName": "尔道自建－约伯记 201510",
		"albumtitle": "尔道自建－约伯记 201510(22)"
	},
	{
		"duration": 450,
		"size": "2M",
		"path": "http://new.ltshk.net/pluginfile.php/106937/mod_resource/content/1/20151023.mp3",
		"id": 5036000023,
		"title": "23.惟愿有一位肯听我",
		"albumId": 5036,
		"albumName": "尔道自建－约伯记 201510",
		"albumtitle": "尔道自建－约伯记 201510(23)"
	},
	{
		"duration": 450,
		"size": "2M",
		"path": "http://new.ltshk.net/pluginfile.php/106938/mod_resource/content/1/20151024.mp3",
		"id": 5036000024,
		"title": "24.神比世人更大",
		"albumId": 5036,
		"albumName": "尔道自建－约伯记 201510",
		"albumtitle": "尔道自建－约伯记 201510(24)"
	},
	{
		"duration": 450,
		"size": "2M",
		"path": "http://new.ltshk.net/pluginfile.php/106939/mod_resource/content/2/20151025.mp3",
		"id": 5036000025,
		"title": "25.上帝比世人更大",
		"albumId": 5036,
		"albumName": "尔道自建－约伯记 201510",
		"albumtitle": "尔道自建－约伯记 201510(25)"
	},
	{
		"duration": 450,
		"size": "2M",
		"path": "http://new.ltshk.net/pluginfile.php/106940/mod_resource/content/1/20151026.mp3",
		"id": 5036000026,
		"title": "26.神使人夜间歌唱",
		"albumId": 5036,
		"albumName": "尔道自建－约伯记 201510",
		"albumtitle": "尔道自建－约伯记 201510(26)"
	},
	{
		"duration": 450,
		"size": "2M",
		"path": "http://new.ltshk.net/pluginfile.php/106941/mod_resource/content/2/20151027.mp3",
		"id": 5036000027,
		"title": "27.神为大，我们不能全知",
		"albumId": 5036,
		"albumName": "尔道自建－约伯记 201510",
		"albumtitle": "尔道自建－约伯记 201510(27)"
	},
	{
		"duration": 450,
		"size": "2M",
		"path": "http://new.ltshk.net/pluginfile.php/106942/mod_resource/content/1/20151028.mp3",
		"id": 5036000028,
		"title": "28.你若有聪明只管说罢",
		"albumId": 5036,
		"albumName": "尔道自建－约伯记 201510",
		"albumtitle": "尔道自建－约伯记 201510(28)"
	},
	{
		"duration": 450,
		"size": "2M",
		"path": "http://new.ltshk.net/pluginfile.php/106943/mod_resource/content/2/20151029.mp3",
		"id": 5036000029,
		"title": "29.人可用甚么回答神？",
		"albumId": 5036,
		"albumName": "尔道自建－约伯记 201510",
		"albumtitle": "尔道自建－约伯记 201510(29)"
	},
	{
		"duration": 450,
		"size": "2M",
		"path": "http://new.ltshk.net/pluginfile.php/106944/mod_resource/content/2/20151030.mp3",
		"id": 5036000030,
		"title": "30.神的旨意不能拦阻",
		"albumId": 5036,
		"albumName": "尔道自建－约伯记 201510",
		"albumtitle": "尔道自建－约伯记 201510(30)"
	},
	{
		"duration": 450,
		"size": "2M",
		"path": "http://new.ltshk.net/pluginfile.php/106945/mod_resource/content/3/20151031.mp3",
		"id": 5036000031,
		"title": "31.约伯从苦境转回",
		"albumId": 5036,
		"albumName": "尔道自建－约伯记 201510",
		"albumtitle": "尔道自建－约伯记 201510(31)"
	}
]