[
	{
		"duration": 450,
		"size": "2M",
		"path": "http://new.ltshk.net/pluginfile.php/160544/mod_resource/content/2/erDao_M_160301.mp3",
		"id": 5041000001,
		"title": "1.上帝稳妥的保证",
		"albumId": 5041,
		"albumName": "尔道自建－希伯来书 201603",
		"albumtitle": "尔道自建－希伯来书 201603(1)"
	},
	{
		"duration": 450,
		"size": "2M",
		"path": "http://new.ltshk.net/pluginfile.php/160545/mod_resource/content/1/erDao_M_160302.mp3",
		"id": 5041000002,
		"title": "2.当郑重所听见的道理",
		"albumId": 5041,
		"albumName": "尔道自建－希伯来书 201603",
		"albumtitle": "尔道自建－希伯来书 201603(2)"
	},
	{
		"duration": 450,
		"size": "2M",
		"path": "http://new.ltshk.net/pluginfile.php/160546/mod_resource/content/2/erDao_M_160303.mp3",
		"id": 5041000003,
		"title": "3.「为人人尝了死味」的耶稣",
		"albumId": 5041,
		"albumName": "尔道自建－希伯来书 201603",
		"albumtitle": "尔道自建－希伯来书 201603(3)"
	},
	{
		"duration": 450,
		"size": "2M",
		"path": "http://new.ltshk.net/pluginfile.php/160547/mod_resource/content/1/erDao_M_160304.mp3",
		"id": 5041000004,
		"title": "4.「尽忠」的呼吁",
		"albumId": 5041,
		"albumName": "尔道自建－希伯来书 201603",
		"albumtitle": "尔道自建－希伯来书 201603(4)"
	},
	{
		"duration": 450,
		"size": "2M",
		"path": "http://new.ltshk.net/pluginfile.php/160548/mod_resource/content/1/erDao_M_160305.mp3",
		"id": 5041000005,
		"title": "5. 务必竭力进入安息",
		"albumId": 5041,
		"albumName": "尔道自建－希伯来书 201603",
		"albumtitle": "尔道自建－希伯来书 201603(5)"
	},
	{
		"duration": 450,
		"size": "2M",
		"path": "http://new.ltshk.net/pluginfile.php/160549/mod_resource/content/2/erDao_M_160306.mp3",
		"id": 5041000006,
		"title": "6.上帝话语的能力",
		"albumId": 5041,
		"albumName": "尔道自建－希伯来书 201603",
		"albumtitle": "尔道自建－希伯来书 201603(6)"
	},
	{
		"duration": 450,
		"size": "2M",
		"path": "http://new.ltshk.net/pluginfile.php/160550/mod_resource/content/1/erDao_M_160307.mp3",
		"id": 5041000007,
		"title": "7.我们的大祭司",
		"albumId": 5041,
		"albumName": "尔道自建－希伯来书 201603",
		"albumtitle": "尔道自建－希伯来书 201603(7)"
	},
	{
		"duration": 450,
		"size": "2M",
		"path": "http://new.ltshk.net/pluginfile.php/160551/mod_resource/content/1/erDao_M_160308.mp3",
		"id": 5041000008,
		"title": "8.耶稣基督是我们的大祭司",
		"albumId": 5041,
		"albumName": "尔道自建－希伯来书 201603",
		"albumtitle": "尔道自建－希伯来书 201603(8)"
	},
	{
		"duration": 450,
		"size": "2M",
		"path": "http://new.ltshk.net/pluginfile.php/160552/mod_resource/content/1/erDao_M_160309.mp3",
		"id": 5041000009,
		"title": "9.别让我们「听觉迟钝」",
		"albumId": 5041,
		"albumName": "尔道自建－希伯来书 201603",
		"albumtitle": "尔道自建－希伯来书 201603(9)"
	},
	{
		"duration": 450,
		"size": "2M",
		"path": "http://new.ltshk.net/pluginfile.php/160553/mod_resource/content/1/erDao_M_160310.mp3",
		"id": 5041000010,
		"title": "10.竭力进到完全的地步",
		"albumId": 5041,
		"albumName": "尔道自建－希伯来书 201603",
		"albumtitle": "尔道自建－希伯来书 201603(10)"
	},
	{
		"duration": 450,
		"size": "2M",
		"path": "http://new.ltshk.net/pluginfile.php/160554/mod_resource/content/1/erDao_M_160311.mp3",
		"id": 5041000011,
		"title": "11.坚持下去的鼓励",
		"albumId": 5041,
		"albumName": "尔道自建－希伯来书 201603",
		"albumtitle": "尔道自建－希伯来书 201603(11)"
	},
	{
		"duration": 450,
		"size": "2M",
		"path": "http://new.ltshk.net/pluginfile.php/160555/mod_resource/content/1/erDao_M_160312.mp3",
		"id": 5041000012,
		"title": "12.永不改变、也不说谎的上帝",
		"albumId": 5041,
		"albumName": "尔道自建－希伯来书 201603",
		"albumtitle": "尔道自建－希伯来书 201603(12)"
	},
	{
		"duration": 450,
		"size": "2M",
		"path": "http://new.ltshk.net/pluginfile.php/160568/mod_resource/content/1/erDao_M_160313.mp3",
		"id": 5041000013,
		"title": "13.一位超越的大祭司",
		"albumId": 5041,
		"albumName": "尔道自建－希伯来书 201603",
		"albumtitle": "尔道自建－希伯来书 201603(13)"
	},
	{
		"duration": 450,
		"size": "2M",
		"path": "http://new.ltshk.net/pluginfile.php/160556/mod_resource/content/1/erDao_M_160314.mp3",
		"id": 5041000014,
		"title": "14.耶稣—带来了更美的指望",
		"albumId": 5041,
		"albumName": "尔道自建－希伯来书 201603",
		"albumtitle": "尔道自建－希伯来书 201603(14)"
	},
	{
		"duration": 450,
		"size": "2M",
		"path": "http://new.ltshk.net/pluginfile.php/160557/mod_resource/content/1/erDao_M_160315.mp3",
		"id": 5041000015,
		"title": "15.耶稣—更美之约的中保",
		"albumId": 5041,
		"albumName": "尔道自建－希伯来书 201603",
		"albumtitle": "尔道自建－希伯来书 201603(15)"
	},
	{
		"duration": 450,
		"size": "2M",
		"path": "http://new.ltshk.net/pluginfile.php/160558/mod_resource/content/1/erDao_M_160316.mp3",
		"id": 5041000016,
		"title": "16.耶稣—更美好之约的大祭司",
		"albumId": 5041,
		"albumName": "尔道自建－希伯来书 201603",
		"albumtitle": "尔道自建－希伯来书 201603(16)"
	},
	{
		"duration": 450,
		"size": "2M",
		"path": "http://new.ltshk.net/pluginfile.php/160559/mod_resource/content/1/erDao_M_160317.mp3",
		"id": 5041000017,
		"title": "17.「不恒心守约」的问题",
		"albumId": 5041,
		"albumName": "尔道自建－希伯来书 201603",
		"albumtitle": "尔道自建－希伯来书 201603(17)"
	},
	{
		"duration": 450,
		"size": "2M",
		"path": "http://new.ltshk.net/pluginfile.php/160560/mod_resource/content/1/erDao_M_160318.mp3",
		"id": 5041000018,
		"title": "18.「新约」的特点",
		"albumId": 5041,
		"albumName": "尔道自建－希伯来书 201603",
		"albumtitle": "尔道自建－希伯来书 201603(18)"
	},
	{
		"duration": 450,
		"size": "2M",
		"path": "http://new.ltshk.net/pluginfile.php/160561/mod_resource/content/1/erDao_M_160319.mp3",
		"id": 5041000019,
		"title": "19.地上职事的不足",
		"albumId": 5041,
		"albumName": "尔道自建－希伯来书 201603",
		"albumtitle": "尔道自建－希伯来书 201603(19)"
	},
	{
		"duration": 450,
		"size": "2M",
		"path": "http://new.ltshk.net/pluginfile.php/160562/mod_resource/content/1/erDao_M_160320.mp3",
		"id": 5041000020,
		"title": "20.耶稣—为我们献上了自己",
		"albumId": 5041,
		"albumName": "尔道自建－希伯来书 201603",
		"albumtitle": "尔道自建－希伯来书 201603(20)"
	},
	{
		"duration": 450,
		"size": "2M",
		"path": "http://new.ltshk.net/pluginfile.php/160563/mod_resource/content/1/erDao_M_160321.mp3",
		"id": 5041000021,
		"title": "21.站在信仰的旅途上",
		"albumId": 5041,
		"albumName": "尔道自建－希伯来书 201603",
		"albumtitle": "尔道自建－希伯来书 201603(21)"
	},
	{
		"duration": 450,
		"size": "2M",
		"path": "http://new.ltshk.net/pluginfile.php/160564/mod_resource/content/2/erDao_M_160322.mp3",
		"id": 5041000022,
		"title": "22.所行的必须「深思熟虑」",
		"albumId": 5041,
		"albumName": "尔道自建－希伯来书 201603",
		"albumtitle": "尔道自建－希伯来书 201603(22)"
	},
	{
		"duration": 450,
		"size": "2M",
		"path": "http://new.ltshk.net/pluginfile.php/160565/mod_resource/content/2/erDao_M_160323.mp3",
		"id": 5041000023,
		"title": "23.「不可丢弃勇敢的心」",
		"albumId": 5041,
		"albumName": "尔道自建－希伯来书 201603",
		"albumtitle": "尔道自建－希伯来书 201603(23)"
	},
	{
		"duration": 450,
		"size": "2M",
		"path": "http://new.ltshk.net/pluginfile.php/160566/mod_resource/content/1/erDao_M_160324.mp3",
		"id": 5041000024,
		"title": "24.因着信",
		"albumId": 5041,
		"albumName": "尔道自建－希伯来书 201603",
		"albumtitle": "尔道自建－希伯来书 201603(24)"
	},
	{
		"duration": 450,
		"size": "2M",
		"path": "http://new.ltshk.net/pluginfile.php/160567/mod_resource/content/1/erDao_M_160325.mp3",
		"id": 5041000025,
		"title": "25.勇敢地为上帝而活",
		"albumId": 5041,
		"albumName": "尔道自建－希伯来书 201603",
		"albumtitle": "尔道自建－希伯来书 201603(25)"
	},
	{
		"duration": 450,
		"size": "2M",
		"path": "http://new.ltshk.net/pluginfile.php/160569/mod_resource/content/1/erDao_M_160326.mp3",
		"id": 5041000026,
		"title": "26.世界不配有的人",
		"albumId": 5041,
		"albumName": "尔道自建－希伯来书 201603",
		"albumtitle": "尔道自建－希伯来书 201603(26)"
	},
	{
		"duration": 450,
		"size": "2M",
		"path": "http://new.ltshk.net/pluginfile.php/160570/mod_resource/content/1/erDao_M_160327.mp3",
		"id": 5041000027,
		"title": "27.注目于耶稣",
		"albumId": 5041,
		"albumName": "尔道自建－希伯来书 201603",
		"albumtitle": "尔道自建－希伯来书 201603(27)"
	},
	{
		"duration": 450,
		"size": "2M",
		"path": "http://new.ltshk.net/pluginfile.php/160571/mod_resource/content/1/erDao_M_160328.mp3",
		"id": 5041000028,
		"title": "28.「你们要小心...」",
		"albumId": 5041,
		"albumName": "尔道自建－希伯来书 201603",
		"albumtitle": "尔道自建－希伯来书 201603(28)"
	},
	{
		"duration": 450,
		"size": "2M",
		"path": "http://new.ltshk.net/pluginfile.php/160572/mod_resource/content/1/erDao_M_160329.mp3",
		"id": 5041000029,
		"title": "29.彼此相爱、同走天路",
		"albumId": 5041,
		"albumName": "尔道自建－希伯来书 201603",
		"albumtitle": "尔道自建－希伯来书 201603(29)"
	},
	{
		"duration": 450,
		"size": "2M",
		"path": "http://new.ltshk.net/pluginfile.php/160573/mod_resource/content/1/erDao_M_160330.mp3",
		"id": 5041000030,
		"title": "30.拒绝「自我中心」",
		"albumId": 5041,
		"albumName": "尔道自建－希伯来书 201603",
		"albumtitle": "尔道自建－希伯来书 201603(30)"
	},
	{
		"duration": 450,
		"size": "2M",
		"path": "http://new.ltshk.net/pluginfile.php/160574/mod_resource/content/2/erDao_M_160331.mp3",
		"id": 5041000031,
		"title": "31.最后的祝福",
		"albumId": 5041,
		"albumName": "尔道自建－希伯来书 201603",
		"albumtitle": "尔道自建－希伯来书 201603(31)"
	}
]