[
	{
		"duration": 450,
		"size": "2M",
		"path": "http://new.ltshk.net/pluginfile.php/83056/mod_resource/content/1/20150701.mp3",
		"id": 5033000001,
		"title": "1.神必审判「空有其表、假冒为善」的人",
		"albumId": 5033,
		"albumName": "尔道自建－罗马书(3-5章) 201507",
		"albumtitle": "尔道自建－罗马书(3-5章) 201507(1)"
	},
	{
		"duration": 450,
		"size": "2M",
		"path": "http://new.ltshk.net/pluginfile.php/83057/mod_resource/content/1/20150702.mp3",
		"id": 5033000002,
		"title": "2.你要经历神的话语的「审判」，定是神话语的「鼓励」呢？",
		"albumId": 5033,
		"albumName": "尔道自建－罗马书(3-5章) 201507",
		"albumtitle": "尔道自建－罗马书(3-5章) 201507(2)"
	},
	{
		"duration": 450,
		"size": "2M",
		"path": "http://new.ltshk.net/pluginfile.php/83058/mod_resource/content/1/20150703.mp3",
		"id": 5033000003,
		"title": "3.当神「惩罚人」时，神「失信」吗？神有「义」吗？",
		"albumId": 5033,
		"albumName": "尔道自建－罗马书(3-5章) 201507",
		"albumtitle": "尔道自建－罗马书(3-5章) 201507(3)"
	},
	{
		"duration": 450,
		"size": "2M",
		"path": "http://new.ltshk.net/pluginfile.php/83059/mod_resource/content/1/20150704.mp3",
		"id": 5033000004,
		"title": "4.神必审判世界！不信耶稣的人能脱离神公义的审判吗？",
		"albumId": 5033,
		"albumName": "尔道自建－罗马书(3-5章) 201507",
		"albumtitle": "尔道自建－罗马书(3-5章) 201507(4)"
	},
	{
		"duration": 450,
		"size": "2M",
		"path": "http://new.ltshk.net/pluginfile.php/83060/mod_resource/content/1/20150705.mp3",
		"id": 5033000005,
		"title": "5.神子民「真正的特权」﹕不犯罪、倚靠神、行善的特权！",
		"albumId": 5033,
		"albumName": "尔道自建－罗马书(3-5章) 201507",
		"albumtitle": "尔道自建－罗马书(3-5章) 201507(5)"
	},
	{
		"duration": 450,
		"size": "2M",
		"path": "http://new.ltshk.net/pluginfile.php/83061/mod_resource/content/1/20150706.mp3",
		"id": 5033000006,
		"title": "6.一个义人都没有：唯独福音能拯救人类！",
		"albumId": 5033,
		"albumName": "尔道自建－罗马书(3-5章) 201507",
		"albumtitle": "尔道自建－罗马书(3-5章) 201507(6)"
	},
	{
		"duration": 450,
		"size": "2M",
		"path": "http://new.ltshk.net/pluginfile.php/83064/mod_resource/content/1/20150707.mp3",
		"id": 5033000007,
		"title": "7.人的口常常成为「罪恶」的出口！管教嘴唇的是有智慧的！",
		"albumId": 5033,
		"albumName": "尔道自建－罗马书(3-5章) 201507",
		"albumtitle": "尔道自建－罗马书(3-5章) 201507(7)"
	},
	{
		"duration": 450,
		"size": "2M",
		"path": "http://new.ltshk.net/pluginfile.php/83065/mod_resource/content/1/20150708.mp3",
		"id": 5033000008,
		"title": "8.人真恐怖！人走到哪里，哪里就有邪恶！",
		"albumId": 5033,
		"albumName": "尔道自建－罗马书(3-5章) 201507",
		"albumtitle": "尔道自建－罗马书(3-5章) 201507(8)"
	},
	{
		"duration": 450,
		"size": "2M",
		"path": "http://new.ltshk.net/pluginfile.php/83066/mod_resource/content/1/20150709.mp3",
		"id": 5033000009,
		"title": "9.所有人都犯了罪！所有人都要面对神的审判！所有人都需要福音！",
		"albumId": 5033,
		"albumName": "尔道自建－罗马书(3-5章) 201507",
		"albumtitle": "尔道自建－罗马书(3-5章) 201507(9)"
	},
	{
		"duration": 450,
		"size": "2M",
		"path": "http://new.ltshk.net/pluginfile.php/83067/mod_resource/content/1/20150710.mp3",
		"id": 5033000010,
		"title": "10.基督徒走唯独「圣经、恩典、信心、基督、荣耀归神」的路",
		"albumId": 5033,
		"albumName": "尔道自建－罗马书(3-5章) 201507",
		"albumtitle": "尔道自建－罗马书(3-5章) 201507(10)"
	},
	{
		"duration": 450,
		"size": "2M",
		"path": "http://new.ltshk.net/pluginfile.php/83068/mod_resource/content/2/20150711.mp3",
		"id": 5033000011,
		"title": "11.因信称义不是立功之法：全是恩典，别无所夸，只夸基督！ ",
		"albumId": 5033,
		"albumName": "尔道自建－罗马书(3-5章) 201507",
		"albumtitle": "尔道自建－罗马书(3-5章) 201507(11)"
	},
	{
		"duration": 450,
		"size": "2M",
		"path": "http://new.ltshk.net/pluginfile.php/83069/mod_resource/content/2/20150712.mp3",
		"id": 5033000012,
		"title": "12.神是世人的真神！也是中国人的真神！万民都要因信称义！",
		"albumId": 5033,
		"albumName": "尔道自建－罗马书(3-5章) 201507",
		"albumtitle": "尔道自建－罗马书(3-5章) 201507(12)"
	},
	{
		"duration": 450,
		"size": "2M",
		"path": "http://new.ltshk.net/pluginfile.php/83070/mod_resource/content/1/20150713.mp3",
		"id": 5033000013,
		"title": "13.亚伯拉罕也靠因信称义！无人能「靠行为」、「靠肉体」称义呢！",
		"albumId": 5033,
		"albumName": "尔道自建－罗马书(3-5章) 201507",
		"albumtitle": "尔道自建－罗马书(3-5章) 201507(13)"
	},
	{
		"duration": 450,
		"size": "2M",
		"path": "http://new.ltshk.net/pluginfile.php/83071/mod_resource/content/1/20150714.mp3",
		"id": 5033000014,
		"title": "14.亚伯拉罕也是被「算」为义！恩典是白白的恩典！",
		"albumId": 5033,
		"albumName": "尔道自建－罗马书(3-5章) 201507",
		"albumtitle": "尔道自建－罗马书(3-5章) 201507(14)"
	},
	{
		"duration": 450,
		"size": "2M",
		"path": "http://new.ltshk.net/pluginfile.php/83072/mod_resource/content/2/20150715.mp3",
		"id": 5033000015,
		"title": "15.大卫也支持因信称义！属灵伟人都需要神的恩典和赦罪！",
		"albumId": 5033,
		"albumName": "尔道自建－罗马书(3-5章) 201507",
		"albumtitle": "尔道自建－罗马书(3-5章) 201507(15)"
	},
	{
		"duration": 450,
		"size": "2M",
		"path": "http://new.ltshk.net/pluginfile.php/83073/mod_resource/content/5/20150716.mp3",
		"id": 5033000016,
		"title": "16.亚伯拉罕的「因信称义」是在受割礼前，还是受割礼后呢？",
		"albumId": 5033,
		"albumName": "尔道自建－罗马书(3-5章) 201507",
		"albumtitle": "尔道自建－罗马书(3-5章) 201507(16)"
	},
	{
		"duration": 450,
		"size": "2M",
		"path": "http://new.ltshk.net/pluginfile.php/83074/mod_resource/content/1/20150717.mp3",
		"id": 5033000017,
		"title": "17.我们要效法亚伯拉罕的信！因信称义的人就必得救！",
		"albumId": 5033,
		"albumName": "尔道自建－罗马书(3-5章) 201507",
		"albumtitle": "尔道自建－罗马书(3-5章) 201507(17)"
	},
	{
		"duration": 450,
		"size": "2M",
		"path": "http://new.ltshk.net/pluginfile.php/83075/mod_resource/content/1/20150718.mp3",
		"id": 5033000018,
		"title": "18. 伯拉罕是所有信主的人的信心之父！",
		"albumId": 5033,
		"albumName": "尔道自建－罗马书(3-5章) 201507",
		"albumtitle": "尔道自建－罗马书(3-5章) 201507(18)"
	},
	{
		"duration": 450,
		"size": "2M",
		"path": "http://new.ltshk.net/pluginfile.php/83076/mod_resource/content/1/20150719.mp3",
		"id": 5033000019,
		"title": "19.神能使无变为有！要记得「祂能」！凭信，我们能胜过生命各种死线！",
		"albumId": 5033,
		"albumName": "尔道自建－罗马书(3-5章) 201507",
		"albumtitle": "尔道自建－罗马书(3-5章) 201507(19)"
	},
	{
		"duration": 450,
		"size": "2M",
		"path": "http://new.ltshk.net/pluginfile.php/83077/mod_resource/content/1/20150720.mp3",
		"id": 5033000020,
		"title": "20.耶稣死是为我们死，活是为我们活！我们却曾为主作过什么？",
		"albumId": 5033,
		"albumName": "尔道自建－罗马书(3-5章) 201507",
		"albumtitle": "尔道自建－罗马书(3-5章) 201507(20)"
	},
	{
		"duration": 450,
		"size": "2M",
		"path": "http://new.ltshk.net/pluginfile.php/83078/mod_resource/content/2/20150721.mp3",
		"id": 5033000021,
		"title": "21.要记得：我们有平安！我们有神！我们已因信称义！",
		"albumId": 5033,
		"albumName": "尔道自建－罗马书(3-5章) 201507",
		"albumtitle": "尔道自建－罗马书(3-5章) 201507(21)"
	},
	{
		"duration": 450,
		"size": "2M",
		"path": "http://new.ltshk.net/pluginfile.php/83079/mod_resource/content/2/20150722.mp3",
		"id": 5033000022,
		"title": "22.以众患难为荣？在患难里，基督徒能欢喜，并有奇妙的盼望！",
		"albumId": 5033,
		"albumName": "尔道自建－罗马书(3-5章) 201507",
		"albumtitle": "尔道自建－罗马书(3-5章) 201507(22)"
	},
	{
		"duration": 450,
		"size": "2M",
		"path": "http://new.ltshk.net/pluginfile.php/83080/mod_resource/content/2/20150723.mp3",
		"id": 5033000023,
		"title": "23.患难时，不要疑惑神不爱我们！神在昨日、今日、一直到永远都深爱我们！",
		"albumId": 5033,
		"albumName": "尔道自建－罗马书(3-5章) 201507",
		"albumtitle": "尔道自建－罗马书(3-5章) 201507(23)"
	},
	{
		"duration": 450,
		"size": "2M",
		"path": "http://new.ltshk.net/pluginfile.php/83081/mod_resource/content/2/20150724.mp3",
		"id": 5033000024,
		"title": "24.神必拯救到底！我们现今就要以神为乐、以神为荣！",
		"albumId": 5033,
		"albumName": "尔道自建－罗马书(3-5章) 201507",
		"albumtitle": "尔道自建－罗马书(3-5章) 201507(24)"
	},
	{
		"duration": 450,
		"size": "2M",
		"path": "http://new.ltshk.net/pluginfile.php/83082/mod_resource/content/1/20150725.mp3",
		"id": 5033000025,
		"title": "25.因亚当一人的犯罪，所有人都要面对死亡和罪性带来的捆绑！",
		"albumId": 5033,
		"albumName": "尔道自建－罗马书(3-5章) 201507",
		"albumtitle": "尔道自建－罗马书(3-5章) 201507(25)"
	},
	{
		"duration": 450,
		"size": "2M",
		"path": "http://new.ltshk.net/pluginfile.php/83083/mod_resource/content/1/20150726.mp3",
		"id": 5033000026,
		"title": "26.亚当之后，「死」已经作王了！耶稣能打破「死和罪」的权势吗？",
		"albumId": 5033,
		"albumName": "尔道自建－罗马书(3-5章) 201507",
		"albumtitle": "尔道自建－罗马书(3-5章) 201507(26)"
	},
	{
		"duration": 450,
		"size": "2M",
		"path": "http://new.ltshk.net/pluginfile.php/83085/mod_resource/content/1/20150727.mp3",
		"id": 5033000027,
		"title": "27.罪恶的影响是何等的大，但神的恩典更浩大！恩典足够有余！",
		"albumId": 5033,
		"albumName": "尔道自建－罗马书(3-5章) 201507",
		"albumtitle": "尔道自建－罗马书(3-5章) 201507(27)"
	},
	{
		"duration": 450,
		"size": "2M",
		"path": "http://new.ltshk.net/pluginfile.php/83086/mod_resource/content/1/20150728.mp3",
		"id": 5033000028,
		"title": "28.不再作罪的奴隶！我们将靠基督得胜作王！你有王者的生命吗？",
		"albumId": 5033,
		"albumName": "尔道自建－罗马书(3-5章) 201507",
		"albumtitle": "尔道自建－罗马书(3-5章) 201507(28)"
	},
	{
		"duration": 450,
		"size": "2M",
		"path": "http://new.ltshk.net/pluginfile.php/83087/mod_resource/content/1/20150729.mp3",
		"id": 5033000029,
		"title": "29.你愿意效法耶稣，一生信靠顺服吗？",
		"albumId": 5033,
		"albumName": "尔道自建－罗马书(3-5章) 201507",
		"albumtitle": "尔道自建－罗马书(3-5章) 201507(29)"
	},
	{
		"duration": 450,
		"size": "2M",
		"path": "http://new.ltshk.net/pluginfile.php/83088/mod_resource/content/1/20150730.mp3",
		"id": 5033000030,
		"title": "30.律法让我们知罪！要知罪，要知恩，要感恩，要还恩！",
		"albumId": 5033,
		"albumName": "尔道自建－罗马书(3-5章) 201507",
		"albumtitle": "尔道自建－罗马书(3-5章) 201507(30)"
	},
	{
		"duration": 450,
		"size": "2M",
		"path": "http://new.ltshk.net/pluginfile.php/83089/mod_resource/content/1/20150731.mp3",
		"id": 5033000031,
		"title": "31.「恩典」作王！基督徒有主耶稣、有恩典、有永生！",
		"albumId": 5033,
		"albumName": "尔道自建－罗马书(3-5章) 201507",
		"albumtitle": "尔道自建－罗马书(3-5章) 201507(31)"
	}
]