[
	{
		"duration": 450,
		"size": "2M",
		"path": "http://new.ltshk.net/pluginfile.php/45111/mod_resource/content/2/P20150101.mp3",
		"id": 5027000001,
		"title": "1.我们是蒙拣选的人",
		"albumId": 5027,
		"albumName": "尔道自建－彼得前書 201501",
		"albumtitle": "尔道自建－彼得前書 201501(1)"
	},
	{
		"duration": 450,
		"size": "2M",
		"path": "http://new.ltshk.net/pluginfile.php/45112/mod_resource/content/2/P20150102.mp3",
		"id": 5027000002,
		"title": "2.已有的颂赞神",
		"albumId": 5027,
		"albumName": "尔道自建－彼得前書 201501",
		"albumtitle": "尔道自建－彼得前書 201501(2)"
	},
	{
		"duration": 450,
		"size": "2M",
		"path": "http://new.ltshk.net/pluginfile.php/45113/mod_resource/content/2/P20150103.mp3",
		"id": 5027000003,
		"title": "3.在试炼中有大喜乐",
		"albumId": 5027,
		"albumName": "尔道自建－彼得前書 201501",
		"albumtitle": "尔道自建－彼得前書 201501(3)"
	},
	{
		"duration": 450,
		"size": "2M",
		"path": "http://new.ltshk.net/pluginfile.php/45114/mod_resource/content/2/P20150104.mp3",
		"id": 5027000004,
		"title": "4.已经过查考的信息",
		"albumId": 5027,
		"albumName": "尔道自建－彼得前書 201501",
		"albumtitle": "尔道自建－彼得前書 201501(4)"
	},
	{
		"duration": 450,
		"size": "2M",
		"path": "http://new.ltshk.net/pluginfile.php/45115/mod_resource/content/2/P20150105.mp3",
		"id": 5027000005,
		"title": "5.要盼望及成为圣徒",
		"albumId": 5027,
		"albumName": "尔道自建－彼得前書 201501",
		"albumtitle": "尔道自建－彼得前書 201501(5)"
	},
	{
		"duration": 450,
		"size": "2M",
		"path": "http://new.ltshk.net/pluginfile.php/45116/mod_resource/content/2/P20150106.mp3",
		"id": 5027000006,
		"title": "6.要存敬畏的心度日",
		"albumId": 5027,
		"albumName": "尔道自建－彼得前書 201501",
		"albumtitle": "尔道自建－彼得前書 201501(6)"
	},
	{
		"duration": 450,
		"size": "2M",
		"path": "http://new.ltshk.net/pluginfile.php/45117/mod_resource/content/2/P20150107.mp3",
		"id": 5027000007,
		"title": "7.基督为我们而显现",
		"albumId": 5027,
		"albumName": "尔道自建－彼得前書 201501",
		"albumtitle": "尔道自建－彼得前書 201501(7)"
	},
	{
		"duration": 450,
		"size": "2M",
		"path": "http://new.ltshk.net/pluginfile.php/45118/mod_resource/content/3/P20150108.mp3",
		"id": 5027000008,
		"title": "8.应当彼此切实相爱",
		"albumId": 5027,
		"albumName": "尔道自建－彼得前書 201501",
		"albumtitle": "尔道自建－彼得前書 201501(8)"
	},
	{
		"duration": 450,
		"size": "2M",
		"path": "http://new.ltshk.net/pluginfile.php/45119/mod_resource/content/2/P20150109.mp3",
		"id": 5027000009,
		"title": "9.要爱慕纯净的灵奶",
		"albumId": 5027,
		"albumName": "尔道自建－彼得前書 201501",
		"albumtitle": "尔道自建－彼得前書 201501(9)"
	},
	{
		"duration": 450,
		"size": "2M",
		"path": "http://new.ltshk.net/pluginfile.php/45120/mod_resource/content/1/P20150110.mp3",
		"id": 5027000010,
		"title": "10.神所珍贵的活石",
		"albumId": 5027,
		"albumName": "尔道自建－彼得前書 201501",
		"albumtitle": "尔道自建－彼得前書 201501(10)"
	},
	{
		"duration": 450,
		"size": "2M",
		"path": "http://new.ltshk.net/pluginfile.php/45121/mod_resource/content/1/P20150111.mp3",
		"id": 5027000011,
		"title": "11.基督徒乃特殊族类",
		"albumId": 5027,
		"albumName": "尔道自建－彼得前書 201501",
		"albumtitle": "尔道自建－彼得前書 201501(11)"
	},
	{
		"duration": 450,
		"size": "2M",
		"path": "http://new.ltshk.net/pluginfile.php/45122/mod_resource/content/1/P20150112.mp3",
		"id": 5027000012,
		"title": "12. 要禁戒肉体的私欲",
		"albumId": 5027,
		"albumName": "尔道自建－彼得前書 201501",
		"albumtitle": "尔道自建－彼得前書 201501(12)"
	},
	{
		"duration": 450,
		"size": "2M",
		"path": "http://new.ltshk.net/pluginfile.php/45123/mod_resource/content/1/P20150113.mp3",
		"id": 5027000013,
		"title": "13. 要顺服一切的制度",
		"albumId": 5027,
		"albumName": "尔道自建－彼得前書 201501",
		"albumtitle": "尔道自建－彼得前書 201501(13)"
	},
	{
		"duration": 450,
		"size": "2M",
		"path": "http://new.ltshk.net/pluginfile.php/45124/mod_resource/content/1/P20150114.mp3",
		"id": 5027000014,
		"title": "14.  值得神赞许的忍耐",
		"albumId": 5027,
		"albumName": "尔道自建－彼得前書 201501",
		"albumtitle": "尔道自建－彼得前書 201501(14)"
	},
	{
		"duration": 450,
		"size": "2M",
		"path": "http://new.ltshk.net/pluginfile.php/45125/mod_resource/content/1/P20150115.mp3",
		"id": 5027000015,
		"title": "15. 蒙召跟随主的脚踪",
		"albumId": 5027,
		"albumName": "尔道自建－彼得前書 201501",
		"albumtitle": "尔道自建－彼得前書 201501(15)"
	},
	{
		"duration": 450,
		"size": "2M",
		"path": "http://new.ltshk.net/pluginfile.php/45126/mod_resource/content/1/P20150116.mp3",
		"id": 5027000016,
		"title": "16. 妻子应当顺服丈夫",
		"albumId": 5027,
		"albumName": "尔道自建－彼得前書 201501",
		"albumtitle": "尔道自建－彼得前書 201501(16)"
	},
	{
		"duration": 450,
		"size": "2M",
		"path": "http://new.ltshk.net/pluginfile.php/45127/mod_resource/content/1/P20150117.mp3",
		"id": 5027000017,
		"title": "17. 丈夫又要尊重妻子",
		"albumId": 5027,
		"albumName": "尔道自建－彼得前書 201501",
		"albumtitle": "尔道自建－彼得前書 201501(17)"
	},
	{
		"duration": 450,
		"size": "2M",
		"path": "http://new.ltshk.net/pluginfile.php/45128/mod_resource/content/1/P20150118.mp3",
		"id": 5027000018,
		"title": "18. 禁止舌头不出恶言",
		"albumId": 5027,
		"albumName": "尔道自建－彼得前書 201501",
		"albumtitle": "尔道自建－彼得前書 201501(18)"
	},
	{
		"duration": 450,
		"size": "2M",
		"path": "http://new.ltshk.net/pluginfile.php/45129/mod_resource/content/1/P20150119.mp3",
		"id": 5027000019,
		"title": "19.  常作准备回答各人",
		"albumId": 5027,
		"albumName": "尔道自建－彼得前書 201501",
		"albumtitle": "尔道自建－彼得前書 201501(19)"
	},
	{
		"duration": 450,
		"size": "2M",
		"path": "http://new.ltshk.net/pluginfile.php/45130/mod_resource/content/1/P20150120.mp3",
		"id": 5027000020,
		"title": "20. 基督也曾为罪受苦",
		"albumId": 5027,
		"albumName": "尔道自建－彼得前書 201501",
		"albumtitle": "尔道自建－彼得前書 201501(20)"
	},
	{
		"duration": 450,
		"size": "2M",
		"path": "http://new.ltshk.net/pluginfile.php/45131/mod_resource/content/1/P20150121.mp3",
		"id": 5027000021,
		"title": "21. 基督藉圣灵复活了",
		"albumId": 5027,
		"albumName": "尔道自建－彼得前書 201501",
		"albumtitle": "尔道自建－彼得前書 201501(21)"
	},
	{
		"duration": 450,
		"size": "2M",
		"path": "http://new.ltshk.net/pluginfile.php/45132/mod_resource/content/1/P20150122.mp3",
		"id": 5027000022,
		"title": "22. 以基督的心志度日",
		"albumId": 5027,
		"albumName": "尔道自建－彼得前書 201501",
		"albumtitle": "尔道自建－彼得前書 201501(22)"
	},
	{
		"duration": 450,
		"size": "2M",
		"path": "http://new.ltshk.net/pluginfile.php/45133/mod_resource/content/1/P20150123.mp3",
		"id": 5027000023,
		"title": "23. 审判活人死人的主",
		"albumId": 5027,
		"albumName": "尔道自建－彼得前書 201501",
		"albumtitle": "尔道自建－彼得前書 201501(23)"
	},
	{
		"duration": 450,
		"size": "2M",
		"path": "http://new.ltshk.net/pluginfile.php/45134/mod_resource/content/2/P20150124.mp3",
		"id": 5027000024,
		"title": "24. 最要紧的是甚么呢？",
		"albumId": 5027,
		"albumName": "尔道自建－彼得前書 201501",
		"albumtitle": "尔道自建－彼得前書 201501(24)"
	},
	{
		"duration": 450,
		"size": "2M",
		"path": "http://new.ltshk.net/pluginfile.php/45135/mod_resource/content/1/P20150125.mp3",
		"id": 5027000025,
		"title": "25. 各人按恩赐来服事",
		"albumId": 5027,
		"albumName": "尔道自建－彼得前書 201501",
		"albumtitle": "尔道自建－彼得前書 201501(25)"
	},
	{
		"duration": 450,
		"size": "2M",
		"path": "http://new.ltshk.net/pluginfile.php/45136/mod_resource/content/1/P20150126.mp3",
		"id": 5027000026,
		"title": "26. 不要奇怪，倒要欢喜！",
		"albumId": 5027,
		"albumName": "尔道自建－彼得前書 201501",
		"albumtitle": "尔道自建－彼得前書 201501(26)"
	},
	{
		"duration": 450,
		"size": "2M",
		"path": "http://new.ltshk.net/pluginfile.php/45137/mod_resource/content/1/P20150127.mp3",
		"id": 5027000027,
		"title": "27. 不因这名自觉羞耻",
		"albumId": 5027,
		"albumName": "尔道自建－彼得前書 201501",
		"albumtitle": "尔道自建－彼得前書 201501(27)"
	},
	{
		"duration": 450,
		"size": "2M",
		"path": "http://new.ltshk.net/pluginfile.php/45140/mod_resource/content/1/P20150128.mp3",
		"id": 5027000028,
		"title": "28.要把灵魂交托神",
		"albumId": 5027,
		"albumName": "尔道自建－彼得前書 201501",
		"albumtitle": "尔道自建－彼得前書 201501(28)"
	},
	{
		"duration": 450,
		"size": "2M",
		"path": "http://new.ltshk.net/pluginfile.php/45141/mod_resource/content/5/P20150129.mp3",
		"id": 5027000029,
		"title": "29.务要牧养神的群羊",
		"albumId": 5027,
		"albumName": "尔道自建－彼得前書 201501",
		"albumtitle": "尔道自建－彼得前書 201501(29)"
	},
	{
		"duration": 450,
		"size": "2M",
		"path": "http://new.ltshk.net/pluginfile.php/45142/mod_resource/content/1/P20150130.mp3",
		"id": 5027000030,
		"title": "30. 要以谦卑彼此顺服",
		"albumId": 5027,
		"albumName": "尔道自建－彼得前書 201501",
		"albumtitle": "尔道自建－彼得前書 201501(30)"
	},
	{
		"duration": 450,
		"size": "2M",
		"path": "http://new.ltshk.net/pluginfile.php/45143/mod_resource/content/1/P20150131.mp3",
		"id": 5027000031,
		"title": "31. 要提防魔鬼的吞吃",
		"albumId": 5027,
		"albumName": "尔道自建－彼得前書 201501",
		"albumtitle": "尔道自建－彼得前書 201501(31)"
	}
]