[
	{
		"duration": 450,
		"size": "2M",
		"path": "http://new.ltshk.net/pluginfile.php/27107/mod_resource/content/2/P20140901.mp3",
		"id": 5023000001,
		"albumId": 5023,
		"albumName": "尔道自建－哥林多前书 201409",
		"albumtitle": "尔道自建－哥林多前书 201409(1)"
	},
	{
		"duration": 450,
		"size": "2M",
		"path": "http://new.ltshk.net/pluginfile.php/27109/mod_resource/content/2/P20140902.mp3",
		"id": 5023000002,
		"albumId": 5023,
		"albumName": "尔道自建－哥林多前书 201409",
		"albumtitle": "尔道自建－哥林多前书 201409(2)"
	},
	{
		"duration": 450,
		"size": "2M",
		"path": "http://new.ltshk.net/pluginfile.php/27110/mod_resource/content/2/P20140903.mp3",
		"id": 5023000003,
		"albumId": 5023,
		"albumName": "尔道自建－哥林多前书 201409",
		"albumtitle": "尔道自建－哥林多前书 201409(3)"
	},
	{
		"duration": 450,
		"size": "2M",
		"path": "http://new.ltshk.net/pluginfile.php/27111/mod_resource/content/1/P20140904.mp3",
		"id": 5023000004,
		"albumId": 5023,
		"albumName": "尔道自建－哥林多前书 201409",
		"albumtitle": "尔道自建－哥林多前书 201409(4)"
	},
	{
		"duration": 450,
		"size": "2M",
		"path": "http://new.ltshk.net/pluginfile.php/27112/mod_resource/content/1/P20140905.mp3",
		"id": 5023000005,
		"albumId": 5023,
		"albumName": "尔道自建－哥林多前书 201409",
		"albumtitle": "尔道自建－哥林多前书 201409(5)"
	},
	{
		"duration": 450,
		"size": "2M",
		"path": "http://new.ltshk.net/pluginfile.php/27113/mod_resource/content/2/P20140906.mp3",
		"id": 5023000006,
		"albumId": 5023,
		"albumName": "尔道自建－哥林多前书 201409",
		"albumtitle": "尔道自建－哥林多前书 201409(6)"
	},
	{
		"duration": 450,
		"size": "2M",
		"path": "http://new.ltshk.net/pluginfile.php/27114/mod_resource/content/2/P20140907.mp3",
		"id": 5023000007,
		"albumId": 5023,
		"albumName": "尔道自建－哥林多前书 201409",
		"albumtitle": "尔道自建－哥林多前书 201409(7)"
	},
	{
		"duration": 450,
		"size": "2M",
		"path": "http://new.ltshk.net/pluginfile.php/27115/mod_resource/content/1/P20140908.mp3",
		"id": 5023000008,
		"albumId": 5023,
		"albumName": "尔道自建－哥林多前书 201409",
		"albumtitle": "尔道自建－哥林多前书 201409(8)"
	},
	{
		"duration": 450,
		"size": "2M",
		"path": "http://new.ltshk.net/pluginfile.php/27116/mod_resource/content/1/P20140909.mp3",
		"id": 5023000009,
		"albumId": 5023,
		"albumName": "尔道自建－哥林多前书 201409",
		"albumtitle": "尔道自建－哥林多前书 201409(9)"
	},
	{
		"duration": 450,
		"size": "2M",
		"path": "http://new.ltshk.net/pluginfile.php/27117/mod_resource/content/1/P20140910.mp3",
		"id": 5023000010,
		"albumId": 5023,
		"albumName": "尔道自建－哥林多前书 201409",
		"albumtitle": "尔道自建－哥林多前书 201409(10)"
	},
	{
		"duration": 450,
		"size": "2M",
		"path": "http://new.ltshk.net/pluginfile.php/27118/mod_resource/content/1/P20140911.mp3",
		"id": 5023000011,
		"albumId": 5023,
		"albumName": "尔道自建－哥林多前书 201409",
		"albumtitle": "尔道自建－哥林多前书 201409(11)"
	},
	{
		"duration": 450,
		"size": "2M",
		"path": "http://new.ltshk.net/pluginfile.php/27119/mod_resource/content/1/P20140912.mp3",
		"id": 5023000012,
		"albumId": 5023,
		"albumName": "尔道自建－哥林多前书 201409",
		"albumtitle": "尔道自建－哥林多前书 201409(12)"
	},
	{
		"duration": 450,
		"size": "2M",
		"path": "http://new.ltshk.net/pluginfile.php/27121/mod_resource/content/1/P20140913.mp3",
		"id": 5023000013,
		"albumId": 5023,
		"albumName": "尔道自建－哥林多前书 201409",
		"albumtitle": "尔道自建－哥林多前书 201409(13)"
	},
	{
		"duration": 450,
		"size": "2M",
		"path": "http://new.ltshk.net/pluginfile.php/27122/mod_resource/content/2/P20140914.mp3",
		"id": 5023000014,
		"albumId": 5023,
		"albumName": "尔道自建－哥林多前书 201409",
		"albumtitle": "尔道自建－哥林多前书 201409(14)"
	},
	{
		"duration": 450,
		"size": "2M",
		"path": "http://new.ltshk.net/pluginfile.php/27123/mod_resource/content/1/P20140915.mp3",
		"id": 5023000015,
		"albumId": 5023,
		"albumName": "尔道自建－哥林多前书 201409",
		"albumtitle": "尔道自建－哥林多前书 201409(15)"
	},
	{
		"duration": 450,
		"size": "2M",
		"path": "http://new.ltshk.net/pluginfile.php/27124/mod_resource/content/1/P20140916.mp3",
		"id": 5023000016,
		"albumId": 5023,
		"albumName": "尔道自建－哥林多前书 201409",
		"albumtitle": "尔道自建－哥林多前书 201409(16)"
	},
	{
		"duration": 450,
		"size": "2M",
		"path": "http://new.ltshk.net/pluginfile.php/27125/mod_resource/content/1/P20140917.mp3",
		"id": 5023000017,
		"albumId": 5023,
		"albumName": "尔道自建－哥林多前书 201409",
		"albumtitle": "尔道自建－哥林多前书 201409(17)"
	},
	{
		"duration": 450,
		"size": "2M",
		"path": "http://new.ltshk.net/pluginfile.php/27126/mod_resource/content/1/P20140918.mp3",
		"id": 5023000018,
		"albumId": 5023,
		"albumName": "尔道自建－哥林多前书 201409",
		"albumtitle": "尔道自建－哥林多前书 201409(18)"
	},
	{
		"duration": 450,
		"size": "2M",
		"path": "http://new.ltshk.net/pluginfile.php/27127/mod_resource/content/1/P20140919.mp3",
		"id": 5023000019,
		"albumId": 5023,
		"albumName": "尔道自建－哥林多前书 201409",
		"albumtitle": "尔道自建－哥林多前书 201409(19)"
	},
	{
		"duration": 450,
		"size": "2M",
		"path": "http://new.ltshk.net/pluginfile.php/27128/mod_resource/content/1/P20140920.mp3",
		"id": 5023000020,
		"albumId": 5023,
		"albumName": "尔道自建－哥林多前书 201409",
		"albumtitle": "尔道自建－哥林多前书 201409(20)"
	},
	{
		"duration": 450,
		"size": "2M",
		"path": "http://new.ltshk.net/pluginfile.php/27129/mod_resource/content/1/P20140921.mp3",
		"id": 5023000021,
		"albumId": 5023,
		"albumName": "尔道自建－哥林多前书 201409",
		"albumtitle": "尔道自建－哥林多前书 201409(21)"
	},
	{
		"duration": 450,
		"size": "2M",
		"path": "http://new.ltshk.net/pluginfile.php/27130/mod_resource/content/4/P20140922.mp3",
		"id": 5023000022,
		"albumId": 5023,
		"albumName": "尔道自建－哥林多前书 201409",
		"albumtitle": "尔道自建－哥林多前书 201409(22)"
	},
	{
		"duration": 450,
		"size": "2M",
		"path": "http://new.ltshk.net/pluginfile.php/27131/mod_resource/content/1/P20140923.mp3",
		"id": 5023000023,
		"albumId": 5023,
		"albumName": "尔道自建－哥林多前书 201409",
		"albumtitle": "尔道自建－哥林多前书 201409(23)"
	},
	{
		"duration": 450,
		"size": "2M",
		"path": "http://new.ltshk.net/pluginfile.php/27132/mod_resource/content/1/P20140924.mp3",
		"id": 5023000024,
		"albumId": 5023,
		"albumName": "尔道自建－哥林多前书 201409",
		"albumtitle": "尔道自建－哥林多前书 201409(24)"
	},
	{
		"duration": 450,
		"size": "2M",
		"path": "http://new.ltshk.net/pluginfile.php/27133/mod_resource/content/2/P20140925.mp3",
		"id": 5023000025,
		"albumId": 5023,
		"albumName": "尔道自建－哥林多前书 201409",
		"albumtitle": "尔道自建－哥林多前书 201409(25)"
	},
	{
		"duration": 450,
		"size": "2M",
		"path": "http://new.ltshk.net/pluginfile.php/27134/mod_resource/content/1/P20140926.mp3",
		"id": 5023000026,
		"albumId": 5023,
		"albumName": "尔道自建－哥林多前书 201409",
		"albumtitle": "尔道自建－哥林多前书 201409(26)"
	},
	{
		"duration": 450,
		"size": "2M",
		"path": "http://new.ltshk.net/pluginfile.php/27135/mod_resource/content/1/P20140927.mp3",
		"id": 5023000027,
		"albumId": 5023,
		"albumName": "尔道自建－哥林多前书 201409",
		"albumtitle": "尔道自建－哥林多前书 201409(27)"
	},
	{
		"duration": 450,
		"size": "2M",
		"path": "http://new.ltshk.net/pluginfile.php/27136/mod_resource/content/1/P20140928.mp3",
		"id": 5023000028,
		"albumId": 5023,
		"albumName": "尔道自建－哥林多前书 201409",
		"albumtitle": "尔道自建－哥林多前书 201409(28)"
	},
	{
		"duration": 450,
		"size": "2M",
		"path": "http://new.ltshk.net/pluginfile.php/27137/mod_resource/content/1/P20140929.mp3",
		"id": 5023000029,
		"albumId": 5023,
		"albumName": "尔道自建－哥林多前书 201409",
		"albumtitle": "尔道自建－哥林多前书 201409(29)"
	},
	{
		"duration": 450,
		"size": "2M",
		"path": "http://new.ltshk.net/pluginfile.php/27138/mod_resource/content/1/P20140930.mp3",
		"id": 5023000030,
		"albumId": 5023,
		"albumName": "尔道自建－哥林多前书 201409",
		"albumtitle": "尔道自建－哥林多前书 201409(30)"
	}
]