[{
  "duration": 1760,
  "size": "14.1M",
  "path": "http://media.febcchinese.org/Streaming/ee/ee170101.mp3",
  "id": 6347000001,
  "albumId": 6347,
  "albumName": "《拥抱每一天》2017年春季合集",
  "albumtitle": "《拥抱每一天》2017年春季合集(1)",
  "title": "拥抱每一天-20170101"
},
  {
    "duration": 1760,
    "size": "14.1M",
    "path": "http://media.febcchinese.org/Streaming/ee/ee170102.mp3",
    "id": 6347000002,
    "albumId": 6347,
    "albumName": "《拥抱每一天》2017年春季合集",
    "albumtitle": "《拥抱每一天》2017年春季合集(2)",
    "title": "拥抱每一天-20170102"
  },
  {
    "duration": 1760,
    "size": "14.1M",
    "path": "http://media.febcchinese.org/Streaming/ee/ee170103.mp3",
    "id": 6347000003,
    "albumId": 6347,
    "albumName": "《拥抱每一天》2017年春季合集",
    "albumtitle": "《拥抱每一天》2017年春季合集(3)",
    "title": "拥抱每一天-20170103"
  },
  {
    "duration": 1760,
    "size": "14.1M",
    "path": "http://media.febcchinese.org/Streaming/ee/ee170104.mp3",
    "id": 6347000004,
    "albumId": 6347,
    "albumName": "《拥抱每一天》2017年春季合集",
    "albumtitle": "《拥抱每一天》2017年春季合集(4)",
    "title": "拥抱每一天-20170104"
  },
  {
    "duration": 1760,
    "size": "14.1M",
    "path": "http://media.febcchinese.org/Streaming/ee/ee170105.mp3",
    "id": 6347000005,
    "albumId": 6347,
    "albumName": "《拥抱每一天》2017年春季合集",
    "albumtitle": "《拥抱每一天》2017年春季合集(5)",
    "title": "拥抱每一天-20170105"
  },
  {
    "duration": 1760,
    "size": "14.1M",
    "path": "http://media.febcchinese.org/Streaming/ee/ee170106.mp3",
    "id": 6347000006,
    "albumId": 6347,
    "albumName": "《拥抱每一天》2017年春季合集",
    "albumtitle": "《拥抱每一天》2017年春季合集(6)",
    "title": "拥抱每一天-20170106"
  },
  {
    "duration": 1760,
    "size": "14.1M",
    "path": "http://media.febcchinese.org/Streaming/ee/ee170107.mp3",
    "id": 6347000007,
    "albumId": 6347,
    "albumName": "《拥抱每一天》2017年春季合集",
    "albumtitle": "《拥抱每一天》2017年春季合集(7)",
    "title": "拥抱每一天-20170107"
  },
  {
    "duration": 1760,
    "size": "14.1M",
    "path": "http://media.febcchinese.org/Streaming/ee/ee170108.mp3",
    "id": 6347000008,
    "albumId": 6347,
    "albumName": "《拥抱每一天》2017年春季合集",
    "albumtitle": "《拥抱每一天》2017年春季合集(8)",
    "title": "拥抱每一天-20170108"
  },
  {
    "duration": 1760,
    "size": "14.1M",
    "path": "http://media.febcchinese.org/Streaming/ee/ee170109.mp3",
    "id": 6347000009,
    "albumId": 6347,
    "albumName": "《拥抱每一天》2017年春季合集",
    "albumtitle": "《拥抱每一天》2017年春季合集(9)",
    "title": "拥抱每一天-20170109"
  },
  {
    "duration": 1760,
    "size": "14.1M",
    "path": "http://media.febcchinese.org/Streaming/ee/ee170110.mp3",
    "id": 6347000010,
    "albumId": 6347,
    "albumName": "《拥抱每一天》2017年春季合集",
    "albumtitle": "《拥抱每一天》2017年春季合集(10)",
    "title": "拥抱每一天-20170110"
  },
  {
    "duration": 1760,
    "size": "14.1M",
    "path": "http://media.febcchinese.org/Streaming/ee/ee170111.mp3",
    "id": 6347000011,
    "albumId": 6347,
    "albumName": "《拥抱每一天》2017年春季合集",
    "albumtitle": "《拥抱每一天》2017年春季合集(11)",
    "title": "拥抱每一天-20170111"
  },
  {
    "duration": 1760,
    "size": "14.1M",
    "path": "http://media.febcchinese.org/Streaming/ee/ee170112.mp3",
    "id": 6347000012,
    "albumId": 6347,
    "albumName": "《拥抱每一天》2017年春季合集",
    "albumtitle": "《拥抱每一天》2017年春季合集(12)",
    "title": "拥抱每一天-20170112"
  },
  {
    "duration": 1760,
    "size": "14.1M",
    "path": "http://media.febcchinese.org/Streaming/ee/ee170113.mp3",
    "id": 6347000013,
    "albumId": 6347,
    "albumName": "《拥抱每一天》2017年春季合集",
    "albumtitle": "《拥抱每一天》2017年春季合集(13)",
    "title": "17年01月13日 拥抱每一天- 智慧语录：梦想如果害怕挑战，那它永远无法实现；拥抱小语：上帝不是故意的；亮丽人生不是梦：设限，带给人自由。"
  },
  {
    "duration": 1760,
    "size": "14.1M",
    "path": "http://media.febcchinese.org/Streaming/ee/ee170114.mp3",
    "id": 6347000014,
    "albumId": 6347,
    "albumName": "《拥抱每一天》2017年春季合集",
    "albumtitle": "《拥抱每一天》2017年春季合集(14)",
    "title": "17年01月14日 拥抱每一天- 智慧语录：人话着是为了什么？；拥抱小语：不信耶稣失去什么？；用智慧演绎人生：走出负面情绪。"
  },
  {
    "duration": 1760,
    "size": "14.1M",
    "path": "http://media.febcchinese.org/Streaming/ee/ee170115.mp3",
    "id": 6347000015,
    "albumId": 6347,
    "albumName": "《拥抱每一天》2017年春季合集",
    "albumtitle": "《拥抱每一天》2017年春季合集(15)",
    "title": "17年01月15日 拥抱每一天- 智慧语录：圣经这本书；拥抱小语：对他有关系；神的叮咛我最爱：基督徒的身份。"
  },
  {
    "duration": 1760,
    "size": "14.1M",
    "path": "http://media.febcchinese.org/Streaming/ee/ee170116.mp3",
    "id": 6347000016,
    "albumId": 6347,
    "albumName": "《拥抱每一天》2017年春季合集",
    "albumtitle": "《拥抱每一天》2017年春季合集(16)",
    "title": "17年01月16日 拥抱每一天- 智慧语录：人生中必须放下的东西；拥抱小语：功亏一篑；寻找生命的真光：荷兰红灯区橱窗女士的眼泪。"
  },
  {
    "duration": 1760,
    "size": "14.1M",
    "path": "http://media.febcchinese.org/Streaming/ee/ee170117.mp3",
    "id": 6347000017,
    "albumId": 6347,
    "albumName": "《拥抱每一天》2017年春季合集",
    "albumtitle": "《拥抱每一天》2017年春季合集(17)",
    "title": "17年01月17日 拥抱每一天- 绽放生命的光芒：如何处理压力。"
  },
  {
    "duration": 1760,
    "size": "14.1M",
    "path": "http://media.febcchinese.org/Streaming/ee/ee170118.mp3",
    "id": 6347000018,
    "albumId": 6347,
    "albumName": "《拥抱每一天》2017年春季合集",
    "albumtitle": "《拥抱每一天》2017年春季合集(18)",
    "title": "17年01月18日 拥抱每一天- 智慧语录：宽容是一种超凡的气度；拥抱小语：独木桥；诗情细语话人生：什么是传奇？"
  },
  {
    "duration": 1760,
    "size": "14.1M",
    "path": "http://media.febcchinese.org/Streaming/ee/ee170119.mp3",
    "id": 6347000019,
    "albumId": 6347,
    "albumName": "《拥抱每一天》2017年春季合集",
    "albumtitle": "《拥抱每一天》2017年春季合集(19)",
    "title": "17年01月19日 拥抱每一天- 智慧语录：该怎么过日子？；说个故事给你听：恩典在等一个人。"
  },
  {
    "duration": 1760,
    "size": "14.1M",
    "path": "http://media.febcchinese.org/Streaming/ee/ee170120.mp3",
    "id": 6347000020,
    "albumId": 6347,
    "albumName": "《拥抱每一天》2017年春季合集",
    "albumtitle": "《拥抱每一天》2017年春季合集(20)",
    "title": "17年01月20日 拥抱每一天- 智慧语录：好好说话，是一种修养；亮丽人生不是梦：设限的阻碍是什么？"
  },
  {
    "duration": 1760,
    "size": "14.1M",
    "path": "http://media.febcchinese.org/Streaming/ee/ee170121.mp3",
    "id": 6347000021,
    "albumId": 6347,
    "albumName": "《拥抱每一天》2017年春季合集",
    "albumtitle": "《拥抱每一天》2017年春季合集(21)",
    "title": "17年01月21日 拥抱每一天- 智慧语录：女人懂相守，男人懂感恩，才是一辈子；用智慧演绎人生：走出团队成长之殇。"
  },
  {
    "duration": 1760,
    "size": "14.1M",
    "path": "http://media.febcchinese.org/Streaming/ee/ee170122.mp3",
    "id": 6347000022,
    "albumId": 6347,
    "albumName": "《拥抱每一天》2017年春季合集",
    "albumtitle": "《拥抱每一天》2017年春季合集(22)",
    "title": "17年01月22日 拥抱每一天- 智慧语录：六句话，理顺单位里的关系；拥抱小语：两位病人；神的叮咛我最爱：我们是圣洁的国度。"
  },
  {
    "duration": 1760,
    "size": "14.1M",
    "path": "http://media.febcchinese.org/Streaming/ee/ee170123.mp3",
    "id": 6347000023,
    "albumId": 6347,
    "albumName": "《拥抱每一天》2017年春季合集",
    "albumtitle": "《拥抱每一天》2017年春季合集(23)",
    "title": "17年01月23日 拥抱每一天- 智慧语录：请问你有几品？；拥抱小语：每秒钟摆一下；寻找生命的真光：变老五十年，你依然爱这个人吗？"
  },
  {
    "duration": 1760,
    "size": "14.1M",
    "path": "http://media.febcchinese.org/Streaming/ee/ee170124.mp3",
    "id": 6347000024,
    "albumId": 6347,
    "albumName": "《拥抱每一天》2017年春季合集",
    "albumtitle": "《拥抱每一天》2017年春季合集(24)",
    "title": "17年01月24日 拥抱每一天- 绽放生命的光芒：70后、80后、90后的生命心声。"
  },
  {
    "duration": 1760,
    "size": "14.1M",
    "path": "http://media.febcchinese.org/Streaming/ee/ee170125.mp3",
    "id": 6347000025,
    "albumId": 6347,
    "albumName": "《拥抱每一天》2017年春季合集",
    "albumtitle": "《拥抱每一天》2017年春季合集(25)",
    "title": "17年01月25日 拥抱每一天- 智慧语录：真正的朋友；拥抱小语：我的恩典够你用的；诗情细语话人生：一位爸爸写给女儿的遗书。"
  },
  {
    "duration": 1760,
    "size": "14.1M",
    "path": "http://media.febcchinese.org/Streaming/ee/ee170126.mp3",
    "id": 6347000026,
    "albumId": 6347,
    "albumName": "《拥抱每一天》2017年春季合集",
    "albumtitle": "《拥抱每一天》2017年春季合集(26)",
    "title": "17年01月26日 拥抱每一天- 智慧语录：送给所有在中小学的孩子；拥抱小语：不要在最好的位置上睡觉；说个故事给你听：灵魂歌手黄绮珊。"
  },
  {
    "duration": 1760,
    "size": "14.1M",
    "path": "http://media.febcchinese.org/Streaming/ee/ee170127.mp3",
    "id": 6347000027,
    "albumId": 6347,
    "albumName": "《拥抱每一天》2017年春季合集",
    "albumtitle": "《拥抱每一天》2017年春季合集(27)",
    "title": "17年01月27日 拥抱每一天- 智慧语录：最养人的八个字；亮丽人生不是梦：正视扭曲思想的负面影响。"
  },
  {
    "duration": 1760,
    "size": "14.1M",
    "path": "http://media.febcchinese.org/Streaming/ee/ee170128.mp3",
    "id": 6347000028,
    "albumId": 6347,
    "albumName": "《拥抱每一天》2017年春季合集",
    "albumtitle": "《拥抱每一天》2017年春季合集(28)",
    "title": "17年01月28日 拥抱每一天- 春节特辑：亮丽人生不是梦（一）"
  },
  {
    "duration": 1760,
    "size": "14.1M",
    "path": "http://media.febcchinese.org/Streaming/ee/ee170129.mp3",
    "id": 6347000029,
    "albumId": 6347,
    "albumName": "《拥抱每一天》2017年春季合集",
    "albumtitle": "《拥抱每一天》2017年春季合集(29)",
    "title": "17年01月29日 拥抱每一天- 春节特辑：亮丽人生不是梦（二）"
  },
  {
    "duration": 1760,
    "size": "14.1M",
    "path": "http://media.febcchinese.org/Streaming/ee/ee170130.mp3",
    "id": 6347000030,
    "albumId": 6347,
    "albumName": "《拥抱每一天》2017年春季合集",
    "albumtitle": "《拥抱每一天》2017年春季合集(30)",
    "title": "17年01月30日 拥抱每一天- 春节特辑：亮丽人生不是梦（三）"
  },
  {
    "duration": 1760,
    "size": "14.1M",
    "path": "http://media.febcchinese.org/Streaming/ee/ee170131.mp3",
    "id": 6347000031,
    "albumId": 6347,
    "albumName": "《拥抱每一天》2017年春季合集",
    "albumtitle": "《拥抱每一天》2017年春季合集(31)",
    "title": "17年01月31日 拥抱每一天- 春节特辑：亮丽人生不是梦（四）"
  },
  {
    "duration": 1760,
    "size": "14.1M",
    "path": "http://media.febcchinese.org/Streaming/ee/ee170201.mp3",
    "id": 6347000032,
    "albumId": 6347,
    "albumName": "《拥抱每一天》2017年春季合集",
    "albumtitle": "《拥抱每一天》2017年春季合集(32)",
    "title": "17年02月01日 拥抱每一天- 春节特辑：亮丽人生不是梦（五）"
  },
  {
    "duration": 1760,
    "size": "14.1M",
    "path": "http://media.febcchinese.org/Streaming/ee/ee170202.mp3",
    "id": 6347000033,
    "albumId": 6347,
    "albumName": "《拥抱每一天》2017年春季合集",
    "albumtitle": "《拥抱每一天》2017年春季合集(33)",
    "title": "17年02月02日 拥抱每一天- 春节特辑：亮丽人生不是梦（六）"
  },
  {
    "duration": 1760,
    "size": "14.1M",
    "path": "http://media.febcchinese.org/Streaming/ee/ee170203.mp3",
    "id": 6347000034,
    "albumId": 6347,
    "albumName": "《拥抱每一天》2017年春季合集",
    "albumtitle": "《拥抱每一天》2017年春季合集(34)",
    "title": "17年02月03日 拥抱每一天- 智慧语录：送给已婚的男士们；亮丽人生不是梦：要彼此坦诚。"
  },
  {
    "duration": 1760,
    "size": "14.1M",
    "path": "http://media.febcchinese.org/Streaming/ee/ee170204.mp3",
    "id": 6347000035,
    "albumId": 6347,
    "albumName": "《拥抱每一天》2017年春季合集",
    "albumtitle": "《拥抱每一天》2017年春季合集(35)",
    "title": "17年02月04日 拥抱每一天- 智慧语录：好好活着，简简单单过好每一天；拥抱小语：真正的教育就是拼爹；用智慧演绎人生：领导者引起客户兴趣的方法。"
  },
  {
    "duration": 1760,
    "size": "14.1M",
    "path": "http://media.febcchinese.org/Streaming/ee/ee170205.mp3",
    "id": 6347000036,
    "albumId": 6347,
    "albumName": "《拥抱每一天》2017年春季合集",
    "albumtitle": "《拥抱每一天》2017年春季合集(36)",
    "title": "17年02月05日 拥抱每一天- 智慧语录：喜欢傻傻的自己；拥抱小语：小敏诗歌--上帝给中国人的一份厚礼；神的叮咛我最爱：圣洁的国民。"
  },
  {
    "duration": 1760,
    "size": "14.1M",
    "path": "http://media.febcchinese.org/Streaming/ee/ee170206.mp3",
    "id": 6347000037,
    "albumId": 6347,
    "albumName": "《拥抱每一天》2017年春季合集",
    "albumtitle": "《拥抱每一天》2017年春季合集(37)",
    "title": "17年02月06日 拥抱每一天- 智慧语录：你最喜欢和怎样的人在一起？拥抱小语：脱鞋；寻找生命的真光：有诗和远方，生活就不再苟且吗？"
  },
  {
    "duration": 1760,
    "size": "14.1M",
    "path": "http://media.febcchinese.org/Streaming/ee/ee170207.mp3",
    "id": 6347000038,
    "albumId": 6347,
    "albumName": "《拥抱每一天》2017年春季合集",
    "albumtitle": "《拥抱每一天》2017年春季合集(38)",
    "title": "17年02月07日 拥抱每一天- 绽放生命的光芒：成熟之爱。"
  },
  {
    "duration": 1760,
    "size": "14.1M",
    "path": "http://media.febcchinese.org/Streaming/ee/ee170208.mp3",
    "id": 6347000039,
    "albumId": 6347,
    "albumName": "《拥抱每一天》2017年春季合集",
    "albumtitle": "《拥抱每一天》2017年春季合集(39)",
    "title": "17年02月08日 拥抱每一天- 智慧语录：人生，唯苦过，方知甜；拥抱小语：歌手陈明恩的心路历程；诗情细语话人生：不占朋友的便宜，是一个人对待朋友的顶级修养。"
  },
  {
    "duration": 1760,
    "size": "14.1M",
    "path": "http://media.febcchinese.org/Streaming/ee/ee170209.mp3",
    "id": 6347000040,
    "albumId": 6347,
    "albumName": "《拥抱每一天》2017年春季合集",
    "albumtitle": "《拥抱每一天》2017年春季合集(40)",
    "title": "17年02月09日 拥抱每一天- 情人节特辑：我要让你知道，我是多么的爱你！（一）"
  },
  {
    "duration": 1760,
    "size": "14.1M",
    "path": "http://media.febcchinese.org/Streaming/ee/ee170210.mp3",
    "id": 6347000041,
    "albumId": 6347,
    "albumName": "《拥抱每一天》2017年春季合集",
    "albumtitle": "《拥抱每一天》2017年春季合集(41)",
    "title": "17年02月10日 拥抱每一天- 情人节特辑：我要让你知道，我是多么的爱你！（二）"
  },
  {
    "duration": 1760,
    "size": "14.1M",
    "path": "http://media.febcchinese.org/Streaming/ee/ee170211.mp3",
    "id": 6347000042,
    "albumId": 6347,
    "albumName": "《拥抱每一天》2017年春季合集",
    "albumtitle": "《拥抱每一天》2017年春季合集(42)",
    "title": "17年02月11日 拥抱每一天- 情人节特辑：我要让你知道，我是多么的爱你！（三）"
  },
  {
    "duration": 1760,
    "size": "14.1M",
    "path": "http://media.febcchinese.org/Streaming/ee/ee170212.mp3",
    "id": 6347000043,
    "albumId": 6347,
    "albumName": "《拥抱每一天》2017年春季合集",
    "albumtitle": "《拥抱每一天》2017年春季合集(43)",
    "title": "17年02月12日 拥抱每一天- 情人节特辑：我要让你知道，我是多么的爱你！（四）"
  },
  {
    "duration": 1760,
    "size": "14.1M",
    "path": "http://media.febcchinese.org/Streaming/ee/ee170213.mp3",
    "id": 6347000044,
    "albumId": 6347,
    "albumName": "《拥抱每一天》2017年春季合集",
    "albumtitle": "《拥抱每一天》2017年春季合集(44)",
    "title": "17年02月13日 拥抱每一天- 情人节特辑：我要让你知道，我是多么的爱你！（五）"
  },
  {
    "duration": 1760,
    "size": "14.1M",
    "path": "http://media.febcchinese.org/Streaming/ee/ee170214.mp3",
    "id": 6347000045,
    "albumId": 6347,
    "albumName": "《拥抱每一天》2017年春季合集",
    "albumtitle": "《拥抱每一天》2017年春季合集(45)",
    "title": "17年02月14日 拥抱每一天- 情人节特辑：我要让你知道，我是多么的爱你！（六）"
  },
  {
    "duration": 1760,
    "size": "14.1M",
    "path": "http://media.febcchinese.org/Streaming/ee/ee170215.mp3",
    "id": 6347000046,
    "albumId": 6347,
    "albumName": "《拥抱每一天》2017年春季合集",
    "albumtitle": "《拥抱每一天》2017年春季合集(46)",
    "title": "17年02月15日 拥抱每一天- 情人节特辑：我要让你知道，我是多么的爱你！（七）"
  },
  {
    "duration": 1760,
    "size": "14.1M",
    "path": "http://media.febcchinese.org/Streaming/ee/ee170216.mp3",
    "id": 6347000047,
    "albumId": 6347,
    "albumName": "《拥抱每一天》2017年春季合集",
    "albumtitle": "《拥抱每一天》2017年春季合集(47)",
    "title": "17年02月16日 拥抱每一天- 智慧语录：男人是棵树，女人是个家；拥抱小语：我可以为你们祷告吗？说个故事给你听：神忠心的仆人，主必与你同在。"
  },
  {
    "duration": 1760,
    "size": "14.1M",
    "path": "http://media.febcchinese.org/Streaming/ee/ee170217.mp3",
    "id": 6347000048,
    "albumId": 6347,
    "albumName": "《拥抱每一天》2017年春季合集",
    "albumtitle": "《拥抱每一天》2017年春季合集(48)",
    "title": "17年02月17日 拥抱每一天- 智慧语录：懂我的人，一个就够了；拥抱小语：什么是夫妻，这是我见过最幸福的答案；亮丽人生不是梦：问题到底出在哪里？"
  },
  {
    "duration": 1760,
    "size": "14.1M",
    "path": "http://media.febcchinese.org/Streaming/ee/ee170218.mp3",
    "id": 6347000049,
    "albumId": 6347,
    "albumName": "《拥抱每一天》2017年春季合集",
    "albumtitle": "《拥抱每一天》2017年春季合集(49)",
    "title": "17年02月18日 拥抱每一天- 智慧语录：当你真正爱一个人的时候；拥抱小语：全球唯一没有贪腐的国家；用智慧演绎人生：跟谁在一起工作到底有多重要。"
  },
  {
    "duration": 1760,
    "size": "14.1M",
    "path": "http://media.febcchinese.org/Streaming/ee/ee170219.mp3",
    "id": 6347000050,
    "albumId": 6347,
    "albumName": "《拥抱每一天》2017年春季合集",
    "albumtitle": "《拥抱每一天》2017年春季合集(50)",
    "title": "17年02月19日 拥抱每一天- 智慧语录：有这种感觉才叫情；拥抱小语：如果我们在每件事上看见神；神的叮咛我最爱：属神的子民。"
  },
  {
    "duration": 1760,
    "size": "14.1M",
    "path": "http://media.febcchinese.org/Streaming/ee/ee170220.mp3",
    "id": 6347000051,
    "albumId": 6347,
    "albumName": "《拥抱每一天》2017年春季合集",
    "albumtitle": "《拥抱每一天》2017年春季合集(51)",
    "title": "17年02月20日 拥抱每一天- 智慧语录：男人必须疼女人的三个理由；拥抱小语：候车；寻找生命的真光：这个世界变得越来越好，还是越来越坏？"
  },
  {
    "duration": 1760,
    "size": "14.1M",
    "path": "http://media.febcchinese.org/Streaming/ee/ee170221.mp3",
    "id": 6347000052,
    "albumId": 6347,
    "albumName": "《拥抱每一天》2017年春季合集",
    "albumtitle": "《拥抱每一天》2017年春季合集(52)",
    "title": "17年02月21日 拥抱每一天- 绽放生命的光芒：追随耶稣的脚踪。"
  },
  {
    "duration": 1760,
    "size": "14.1M",
    "path": "http://media.febcchinese.org/Streaming/ee/ee170222.mp3",
    "id": 6347000053,
    "albumId": 6347,
    "albumName": "《拥抱每一天》2017年春季合集",
    "albumtitle": "《拥抱每一天》2017年春季合集(53)",
    "title": "17年02月22日 拥抱每一天- 智慧语录：远离负能量，做个正面的人；诗情细语话人生：信念永存。"
  },
  {
    "duration": 1760,
    "size": "14.1M",
    "path": "http://media.febcchinese.org/Streaming/ee/ee170223.mp3",
    "id": 6347000054,
    "albumId": 6347,
    "albumName": "《拥抱每一天》2017年春季合集",
    "albumtitle": "《拥抱每一天》2017年春季合集(54)",
    "title": "17年02月23日 拥抱每一天- 智慧语录：学会低头的功课；拥抱小语：你不是迷茫，你是自制力不强；说个故事给你听：把自己和歌曲献给上帝的蔡琴。"
  },
  {
    "duration": 1760,
    "size": "14.1M",
    "path": "http://media.febcchinese.org/Streaming/ee/ee170224.mp3",
    "id": 6347000055,
    "albumId": 6347,
    "albumName": "《拥抱每一天》2017年春季合集",
    "albumtitle": "《拥抱每一天》2017年春季合集(55)",
    "title": "17年02月24日 拥抱每一天- 智慧语录：谁行谁不行，患难见真情；拥抱小语：选懂规则的人共事；亮丽人生不是梦：看清真我与理想之间的关系。"
  },
  {
    "duration": 1760,
    "size": "14.1M",
    "path": "http://media.febcchinese.org/Streaming/ee/ee170225.mp3",
    "id": 6347000056,
    "albumId": 6347,
    "albumName": "《拥抱每一天》2017年春季合集",
    "albumtitle": "《拥抱每一天》2017年春季合集(56)",
    "title": "17年02月25日 拥抱每一天- 智慧语录：面子到底有多重要；拥抱小语：你随随便便穿的样子，就是你的前程；用智慧演绎人生：为什么老二比老大精。"
  },
  {
    "duration": 1760,
    "size": "14.1M",
    "path": "http://media.febcchinese.org/Streaming/ee/ee170226.mp3",
    "id": 6347000057,
    "albumId": 6347,
    "albumName": "《拥抱每一天》2017年春季合集",
    "albumtitle": "《拥抱每一天》2017年春季合集(57)",
    "title": "17年02月26日 拥抱每一天- 智慧语录：袋里有钱，手中有书，心中有神；拥抱小语：要看见神，必须花功夫等待；神的叮咛我最爱：宣扬神的美德。"
  },
  {
    "duration": 1760,
    "size": "14.1M",
    "path": "http://media.febcchinese.org/Streaming/ee/ee170227.mp3",
    "id": 6347000058,
    "albumId": 6347,
    "albumName": "《拥抱每一天》2017年春季合集",
    "albumtitle": "《拥抱每一天》2017年春季合集(58)",
    "title": "17年02月27日 拥抱每一天- 智慧语录：送给所有奔四奔五的人；拥抱小语：建房；寻找生命的真光：父母们，别放弃你的管教权柄。"
  },
  {
    "duration": 1760,
    "size": "14.1M",
    "path": "http://media.febcchinese.org/Streaming/ee/ee170228.mp3",
    "id": 6347000059,
    "albumId": 6347,
    "albumName": "《拥抱每一天》2017年春季合集",
    "albumtitle": "《拥抱每一天》2017年春季合集(59)",
    "title": "17年02月28日 拥抱每一天- 绽放生命的光芒：机场情缘。"
  },
  {
    "duration": 1760,
    "size": "14.1M",
    "path": "http://media.febcchinese.org/Streaming/ee/ee170301.mp3",
    "id": 6347000060,
    "albumId": 6347,
    "albumName": "《拥抱每一天》2017年春季合集",
    "albumtitle": "《拥抱每一天》2017年春季合集(60)",
    "title": "17年03月01日 拥抱每一天- 妇女节特辑：女人，妳可以活得漂亮（一）"
  },
  {
    "duration": 1760,
    "size": "14.1M",
    "path": "http://media.febcchinese.org/Streaming/ee/ee170302.mp3",
    "id": 6347000061,
    "albumId": 6347,
    "albumName": "《拥抱每一天》2017年春季合集",
    "albumtitle": "《拥抱每一天》2017年春季合集(61)",
    "title": "17年03月02日 拥抱每一天- 妇女节特辑：女人，妳可以活得漂亮（二）"
  },
  {
    "duration": 1760,
    "size": "14.1M",
    "path": "http://media.febcchinese.org/Streaming/ee/ee170303.mp3",
    "id": 6347000062,
    "albumId": 6347,
    "albumName": "《拥抱每一天》2017年春季合集",
    "albumtitle": "《拥抱每一天》2017年春季合集(62)",
    "title": "17年03月03日 拥抱每一天- 妇女节特辑：女人，妳可以活得漂亮（三）"
  },
  {
    "duration": 1760,
    "size": "14.1M",
    "path": "http://media.febcchinese.org/Streaming/ee/ee170304.mp3",
    "id": 6347000063,
    "albumId": 6347,
    "albumName": "《拥抱每一天》2017年春季合集",
    "albumtitle": "《拥抱每一天》2017年春季合集(63)",
    "title": "17年03月04日 拥抱每一天- 妇女节特辑：女人，妳可以活得漂亮（四）"
  },
  {
    "duration": 1760,
    "size": "14.1M",
    "path": "http://media.febcchinese.org/Streaming/ee/ee170305.mp3",
    "id": 6347000064,
    "albumId": 6347,
    "albumName": "《拥抱每一天》2017年春季合集",
    "albumtitle": "《拥抱每一天》2017年春季合集(64)",
    "title": "17年03月05日 拥抱每一天- 妇女节特辑：女人，妳可以活得漂亮（五）"
  },
  {
    "duration": 1760,
    "size": "14.1M",
    "path": "http://media.febcchinese.org/Streaming/ee/ee170306.mp3",
    "id": 6347000065,
    "albumId": 6347,
    "albumName": "《拥抱每一天》2017年春季合集",
    "albumtitle": "《拥抱每一天》2017年春季合集(65)",
    "title": "17年03月06日 拥抱每一天- 妇女节特辑：女人，妳可以活得漂亮（六）"
  },
  {
    "duration": 1760,
    "size": "14.1M",
    "path": "http://media.febcchinese.org/Streaming/ee/ee170307.mp3",
    "id": 6347000066,
    "albumId": 6347,
    "albumName": "《拥抱每一天》2017年春季合集",
    "albumtitle": "《拥抱每一天》2017年春季合集(66)",
    "title": "17年03月07日 拥抱每一天- 妇女节特辑：女人，妳可以活得漂亮（七）"
  },
  {
    "duration": 1760,
    "size": "14.1M",
    "path": "http://media.febcchinese.org/Streaming/ee/ee170308.mp3",
    "id": 6347000067,
    "albumId": 6347,
    "albumName": "《拥抱每一天》2017年春季合集",
    "albumtitle": "《拥抱每一天》2017年春季合集(67)",
    "title": "17年03月08日 拥抱每一天- 妇女节特辑：女人，妳可以活得漂亮（八）"
  },
  {
    "duration": 1760,
    "size": "14.1M",
    "path": "http://media.febcchinese.org/Streaming/ee/ee170309.mp3",
    "id": 6347000068,
    "albumId": 6347,
    "albumName": "《拥抱每一天》2017年春季合集",
    "albumtitle": "《拥抱每一天》2017年春季合集(68)",
    "title": "17年03月09日 拥抱每一天- 妇女节特辑：女人，妳可以活得漂亮（九）"
  },
  {
    "duration": 1760,
    "size": "14.1M",
    "path": "http://media.febcchinese.org/Streaming/ee/ee170310.mp3",
    "id": 6347000069,
    "albumId": 6347,
    "albumName": "《拥抱每一天》2017年春季合集",
    "albumtitle": "《拥抱每一天》2017年春季合集(69)",
    "title": "17年03月10日 拥抱每一天- 妇女节特辑：女人，妳可以活得漂亮（十）"
  },
  {
    "duration": 1760,
    "size": "14.1M",
    "path": "http://media.febcchinese.org/Streaming/ee/ee170311.mp3",
    "id": 6347000070,
    "albumId": 6347,
    "albumName": "《拥抱每一天》2017年春季合集",
    "albumtitle": "《拥抱每一天》2017年春季合集(70)",
    "title": "17年03月11日 拥抱每一天- 智慧语录--把握今天，活在当下。拥抱小语--尊敬我的在哪里呢？；用智慧演绎人生：参与式管理…"
  },
  {
    "duration": 1760,
    "size": "14.1M",
    "path": "http://media.febcchinese.org/Streaming/ee/ee170312.mp3",
    "id": 6347000071,
    "albumId": 6347,
    "albumName": "《拥抱每一天》2017年春季合集",
    "albumtitle": "《拥抱每一天》2017年春季合集(71)",
    "title": "17年03月12日 拥抱每一天- 智慧语录：时间不等人，珍惜身边人；拥抱小语：宣扬；神的叮咛我最爱：你的人生使命"
  },
  {
    "duration": 1760,
    "size": "14.1M",
    "path": "http://media.febcchinese.org/Streaming/ee/ee170313.mp3",
    "id": 6347000072,
    "albumId": 6347,
    "albumName": "《拥抱每一天》2017年春季合集",
    "albumtitle": "《拥抱每一天》2017年春季合集(72)",
    "title": "17年03月13日 拥抱每一天- 智慧语录：小草，没人心疼，也在成长；拥抱小语：有事就联系，没事各忙各的；寻找生命的真光：自我中心--婚姻中的癌症。"
  },
  {
    "duration": 1760,
    "size": "14.1M",
    "path": "http://media.febcchinese.org/Streaming/ee/ee170314.mp3",
    "id": 6347000073,
    "albumId": 6347,
    "albumName": "《拥抱每一天》2017年春季合集",
    "albumtitle": "《拥抱每一天》2017年春季合集(73)",
    "title": "17年03月14日 拥抱每一天- 绽放生命的光芒：在祂没有难成的事。"
  },
  {
    "duration": 1760,
    "size": "14.1M",
    "path": "http://media.febcchinese.org/Streaming/ee/ee170315.mp3",
    "id": 6347000074,
    "albumId": 6347,
    "albumName": "《拥抱每一天》2017年春季合集",
    "albumtitle": "《拥抱每一天》2017年春季合集(74)",
    "title": "17年03月15日 拥抱每一天- 智慧语录：做人，我不戴面具；拥抱小语：只要公主不要病；诗情细语话人生：巨婴，中国家庭幸福的最大杀手。"
  },
  {
    "duration": 1760,
    "size": "14.1M",
    "path": "http://media.febcchinese.org/Streaming/ee/ee170316.mp3",
    "id": 6347000075,
    "albumId": 6347,
    "albumName": "《拥抱每一天》2017年春季合集",
    "albumtitle": "《拥抱每一天》2017年春季合集(75)",
    "title": "17年03月16日 拥抱每一天- 智慧语录：时间对你有何价值？；拥抱小语：使你疲惫的那粒沙子是什么？说个故事给你听：爱是什么？--寇乃馨的生命故事。"
  },
  {
    "duration": 1760,
    "size": "14.1M",
    "path": "http://media.febcchinese.org/Streaming/ee/ee170317.mp3",
    "id": 6347000076,
    "albumId": 6347,
    "albumName": "《拥抱每一天》2017年春季合集",
    "albumtitle": "《拥抱每一天》2017年春季合集(76)",
    "title": "17年03月17日 拥抱每一天- 智慧语录：你会选择活出一个怎样的人生？；亮丽人生不是梦：理想与真实的自我之间的关系。"
  },
  {
    "duration": 1760,
    "size": "14.1M",
    "path": "http://media.febcchinese.org/Streaming/ee/ee170318.mp3",
    "id": 6347000077,
    "albumId": 6347,
    "albumName": "《拥抱每一天》2017年春季合集",
    "albumtitle": "《拥抱每一天》2017年春季合集(77)",
    "title": "17年03月18日 拥抱每一天- 智慧语录：做人不要太较真；拥抱小语：有几个孩子能真正看到诗和远方；用智慧演绎人生：别人不把你当回事，都是从这件事开始。"
  },
  {
    "duration": 1760,
    "size": "14.1M",
    "path": "http://media.febcchinese.org/Streaming/ee/ee170319.mp3",
    "id": 6347000078,
    "albumId": 6347,
    "albumName": "《拥抱每一天》2017年春季合集",
    "albumtitle": "《拥抱每一天》2017年春季合集(78)",
    "title": "17年03月19日 拥抱每一天- 智慧语录：记住别人的好；拥抱小语：当我老了；神的叮咛我最爱：我们的使命。"
  },
  {
    "duration": 1760,
    "size": "14.1M",
    "path": "http://media.febcchinese.org/Streaming/ee/ee170320.mp3",
    "id": 6347000079,
    "albumId": 6347,
    "albumName": "《拥抱每一天》2017年春季合集",
    "albumtitle": "《拥抱每一天》2017年春季合集(79)",
    "title": "17年03月20日 拥抱每一天- 智慧语录：用爱经营，一生无悔；拥抱小语：输血舍命；寻找生命的真光：在上帝的回收中心29年。"
  },
  {
    "duration": 1760,
    "size": "14.1M",
    "path": "http://media.febcchinese.org/Streaming/ee/ee170321.mp3",
    "id": 6347000080,
    "albumId": 6347,
    "albumName": "《拥抱每一天》2017年春季合集",
    "albumtitle": "《拥抱每一天》2017年春季合集(80)",
    "title": "17年03月21日 拥抱每一天- 绽放生命的光芒：旧事已过，都变成新的了。"
  },
  {
    "duration": 1760,
    "size": "14.1M",
    "path": "http://media.febcchinese.org/Streaming/ee/ee170322.mp3",
    "id": 6347000081,
    "albumId": 6347,
    "albumName": "《拥抱每一天》2017年春季合集",
    "albumtitle": "《拥抱每一天》2017年春季合集(81)",
    "title": "17年03月22日 拥抱每一天- 智慧语录：想开、看开、放开；诗情细语话人生：莎翁名言：活着还是死去。"
  },
  {
    "duration": 1760,
    "size": "14.1M",
    "path": "http://media.febcchinese.org/Streaming/ee/ee170323.mp3",
    "id": 6347000082,
    "albumId": 6347,
    "albumName": "《拥抱每一天》2017年春季合集",
    "albumtitle": "《拥抱每一天》2017年春季合集(82)",
    "title": "17年03月23日 拥抱每一天- 智慧语录：贤慧妻子哪里找？；拥抱小语：君子和而不同；说个故事给你听：歌手亚萨的心路历程。"
  },
  {
    "duration": 1760,
    "size": "14.1M",
    "path": "http://media.febcchinese.org/Streaming/ee/ee170324.mp3",
    "id": 6347000083,
    "albumId": 6347,
    "albumName": "《拥抱每一天》2017年春季合集",
    "albumtitle": "《拥抱每一天》2017年春季合集(83)",
    "title": "17年03月24日 拥抱每一天- 智慧语录：人到中年应有的修养；拥抱小语：心灵的品级；亮丽人生不是梦：解决好与坏的冲突。"
  },
  {
    "duration": 1760,
    "size": "14.1M",
    "path": "http://media.febcchinese.org/Streaming/ee/ee170325.mp3",
    "id": 6347000084,
    "albumId": 6347,
    "albumName": "《拥抱每一天》2017年春季合集",
    "albumtitle": "《拥抱每一天》2017年春季合集(84)",
    "title": "17年03月25日 拥抱每一天- 智慧语录：毫无意义的三件事，你还在做吗？；拥抱小语：一件往事；用智慧演绎人生：信仰需要经历绝望。"
  },
  {
    "duration": 1760,
    "size": "14.1M",
    "path": "http://media.febcchinese.org/Streaming/ee/ee170326.mp3",
    "id": 6347000085,
    "albumId": 6347,
    "albumName": "《拥抱每一天》2017年春季合集",
    "albumtitle": "《拥抱每一天》2017年春季合集(85)",
    "title": "17年03月26日 拥抱每一天- 智慧语录：让幸福相伴相随；拥抱小语：你就是那支铅笔；神的叮咛我最爱：怎样以好行为来宣扬基督。"
  },
  {
    "duration": 1760,
    "size": "14.1M",
    "path": "http://media.febcchinese.org/Streaming/ee/ee170327.mp3",
    "id": 6347000086,
    "albumId": 6347,
    "albumName": "《拥抱每一天》2017年春季合集",
    "albumtitle": "《拥抱每一天》2017年春季合集(86)",
    "title": "17年03月27日 拥抱每一天- 智慧语录：给，人生的崇高境界；拥抱小语：高情商的女人怎样和男人相处；寻找生命的真光：他们为什么将魔兽当成信仰？"
  },
  {
    "duration": 1760,
    "size": "14.1M",
    "path": "http://media.febcchinese.org/Streaming/ee/ee170328.mp3",
    "id": 6347000087,
    "albumId": 6347,
    "albumName": "《拥抱每一天》2017年春季合集",
    "albumtitle": "《拥抱每一天》2017年春季合集(87)",
    "title": "17年03月28日 拥抱每一天- 绽放生命的光芒：做个孩子心目中的好妈妈！"
  },
  {
    "duration": 1760,
    "size": "14.1M",
    "path": "http://media.febcchinese.org/Streaming/ee/ee170329.mp3",
    "id": 6347000088,
    "albumId": 6347,
    "albumName": "《拥抱每一天》2017年春季合集",
    "albumtitle": "《拥抱每一天》2017年春季合集(88)",
    "title": "17年03月29日 拥抱每一天- 智慧语录：免费又珍贵的东西，你都拥有了吗？；诗情细语话人生：预订60年的鲜花。"
  },
  {
    "duration": 1760,
    "size": "14.1M",
    "path": "http://media.febcchinese.org/Streaming/ee/ee170330.mp3",
    "id": 6347000089,
    "albumId": 6347,
    "albumName": "《拥抱每一天》2017年春季合集",
    "albumtitle": "《拥抱每一天》2017年春季合集(89)",
    "title": "17年03月30日 拥抱每一天- 智慧语录：你的底牌都握紧了吗？；拥抱小语：从反面看；说个故事给你听：她用生命爱中国。"
  },
  {
    "duration": 1760,
    "size": "14.1M",
    "path": "http://media.febcchinese.org/Streaming/ee/ee170331.mp3",
    "id": 6347000090,
    "albumId": 6347,
    "albumName": "《拥抱每一天》2017年春季合集",
    "albumtitle": "《拥抱每一天》2017年春季合集(90)",
    "title": "17年03月31日 拥抱每一天- 智慧语录：什么是夫妻？什么是家？；拥抱小语：用鸡蛋杀死婆婆；亮丽人生不是梦：论攻击跟论断。"
  }
]