[
  {
    "duration": 1760,
    "size": "14.1M",
    "path": "http://media.febcchinese.org/Streaming/ee/ee151001.mp3",
    "id": 6342000001,
    "albumId": 6342,
    "albumName": "《拥抱每一天》2015年冬季合集",
    "albumtitle": "《拥抱每一天》2015年冬季合集(1)",
    "title": "15年10月01日 拥抱每一天- 特别节目：希望总在转角处，生命不可轻放弃（1）"
  },
  {
    "duration": 1760,
    "size": "14.1M",
    "path": "http://media.febcchinese.org/Streaming/ee/ee151002.mp3",
    "id": 6342000002,
    "albumId": 6342,
    "albumName": "《拥抱每一天》2015年冬季合集",
    "albumtitle": "《拥抱每一天》2015年冬季合集(2)",
    "title": "15年10月02日 拥抱每一天- 特别节目：希望总在转角处，生命不可轻放弃（2）"
  },
  {
    "duration": 1760,
    "size": "14.1M",
    "path": "http://media.febcchinese.org/Streaming/ee/ee151003.mp3",
    "id": 6342000003,
    "albumId": 6342,
    "albumName": "《拥抱每一天》2015年冬季合集",
    "albumtitle": "《拥抱每一天》2015年冬季合集(3)",
    "title": "15年10月03日 拥抱每一天- 特别节目：希望总在转角处，生命不可轻放弃（3）"
  },
  {
    "duration": 1760,
    "size": "14.1M",
    "path": "http://media.febcchinese.org/Streaming/ee/ee151004.mp3",
    "id": 6342000004,
    "albumId": 6342,
    "albumName": "《拥抱每一天》2015年冬季合集",
    "albumtitle": "《拥抱每一天》2015年冬季合集(4)",
    "title": "15年10月04日 拥抱每一天- 特别节目：希望总在转角处，生命不可轻放弃（4）"
  },
  {
    "duration": 1760,
    "size": "14.1M",
    "path": "http://media.febcchinese.org/Streaming/ee/ee151005.mp3",
    "id": 6342000005,
    "albumId": 6342,
    "albumName": "《拥抱每一天》2015年冬季合集",
    "albumtitle": "《拥抱每一天》2015年冬季合集(5)",
    "title": "15年10月05日 拥抱每一天- 特别节目：希望总在转角处，生命不可轻放弃（5）"
  },
  {
    "duration": 1760,
    "size": "14.1M",
    "path": "http://media.febcchinese.org/Streaming/ee/ee151006.mp3",
    "id": 6342000006,
    "albumId": 6342,
    "albumName": "《拥抱每一天》2015年冬季合集",
    "albumtitle": "《拥抱每一天》2015年冬季合集(6)",
    "title": "15年10月06日 拥抱每一天- 特别节目：希望总在转角处，生命不可轻放弃（6）"
  },
  {
    "duration": 1760,
    "size": "14.1M",
    "path": "http://media.febcchinese.org/Streaming/ee/ee151007.mp3",
    "id": 6342000007,
    "albumId": 6342,
    "albumName": "《拥抱每一天》2015年冬季合集",
    "albumtitle": "《拥抱每一天》2015年冬季合集(7)",
    "title": "15年10月07日 拥抱每一天- 特别节目：希望总在转角处，生命不可轻放弃（7）"
  },
  {
    "duration": 1760,
    "size": "14.1M",
    "path": "http://media.febcchinese.org/Streaming/ee/ee151008.mp3",
    "id": 6342000008,
    "albumId": 6342,
    "albumName": "《拥抱每一天》2015年冬季合集",
    "albumtitle": "《拥抱每一天》2015年冬季合集(8)",
    "title": "15年10月08日 拥抱每一天- 智慧语录：当你老了；拥抱小语：如何遇见对的他；说个故事给你听：方莉的日记。"
  },
  {
    "duration": 1760,
    "size": "14.1M",
    "path": "http://media.febcchinese.org/Streaming/ee/ee151009.mp3",
    "id": 6342000009,
    "albumId": 6342,
    "albumName": "《拥抱每一天》2015年冬季合集",
    "albumtitle": "《拥抱每一天》2015年冬季合集(9)",
    "title": "15年10月09日 拥抱每一天- 智慧语录：内心强大的人；亮丽人生不是梦：当你对上帝感到愤怒时。"
  },
  {
    "duration": 1760,
    "size": "14.1M",
    "path": "http://media.febcchinese.org/Streaming/ee/ee151010.mp3",
    "id": 6342000010,
    "albumId": 6342,
    "albumName": "《拥抱每一天》2015年冬季合集",
    "albumtitle": "《拥抱每一天》2015年冬季合集(10)",
    "title": "15年10月10日 拥抱每一天- 智慧语录：不要让自己迷失方向；拥抱小语：马云的老婆，值得每个女性看看；用智慧演绎人生：爱中的话题。"
  },
  {
    "duration": 1760,
    "size": "14.1M",
    "path": "http://media.febcchinese.org/Streaming/ee/ee151011.mp3",
    "id": 6342000011,
    "albumId": 6342,
    "albumName": "《拥抱每一天》2015年冬季合集",
    "albumtitle": "《拥抱每一天》2015年冬季合集(11)",
    "title": "15年10月11日 拥抱每一天- 智慧语录：做人，要对得起别人的善良和信任；神的叮咛我最爱：贪财是万恶之根。"
  },
  {
    "duration": 1760,
    "size": "14.1M",
    "path": "http://media.febcchinese.org/Streaming/ee/ee151012.mp3",
    "id": 6342000012,
    "albumId": 6342,
    "albumName": "《拥抱每一天》2015年冬季合集",
    "albumtitle": "《拥抱每一天》2015年冬季合集(12)",
    "title": "15年10月12日 拥抱每一天- 智慧语录：多一份包容，就少一份争执；拥抱小语：你常和神独处吗？寻找生命的真光：中国式聪明可以改变吗？"
  },
  {
    "duration": 1760,
    "size": "14.1M",
    "path": "http://media.febcchinese.org/Streaming/ee/ee151013.mp3",
    "id": 6342000013,
    "albumId": 6342,
    "albumName": "《拥抱每一天》2015年冬季合集",
    "albumtitle": "《拥抱每一天》2015年冬季合集(13)",
    "title": "15年10月13日 拥抱每一天- 智慧语录：在给予中快乐，在简单中幸福；拥抱小语：男人一生最好的投资；千里思念万里情：胎儿的生命权。"
  },
  {
    "duration": 1760,
    "size": "14.1M",
    "path": "http://media.febcchinese.org/Streaming/ee/ee151014.mp3",
    "id": 6342000014,
    "albumId": 6342,
    "albumName": "《拥抱每一天》2015年冬季合集",
    "albumtitle": "《拥抱每一天》2015年冬季合集(14)",
    "title": "15年10月14日 拥抱每一天- 智慧语录：包容越多，幸福越多；诗情细语话人生：评蜗居：自私使男人失去责任。"
  },
  {
    "duration": 1760,
    "size": "14.1M",
    "path": "http://media.febcchinese.org/Streaming/ee/ee151015.mp3",
    "id": 6342000015,
    "albumId": 6342,
    "albumName": "《拥抱每一天》2015年冬季合集",
    "albumtitle": "《拥抱每一天》2015年冬季合集(15)",
    "title": "15年10月15日 拥抱每一天- 智慧语录：一个女人的幸福；拥抱小语：请对最亲密的人保持尊重和耐心；说个故事给你听：只有爱能建造幸福家庭。"
  },
  {
    "duration": 1760,
    "size": "14.1M",
    "path": "http://media.febcchinese.org/Streaming/ee/ee151016.mp3",
    "id": 6342000016,
    "albumId": 6342,
    "albumName": "《拥抱每一天》2015年冬季合集",
    "albumtitle": "《拥抱每一天》2015年冬季合集(16)",
    "title": "15年10月16日 拥抱每一天- 智慧语录：要拥有美满的婚姻，以下类型的异性，请你别碰；亮丽人生不是梦：我生我自己的气，那该怎么办？"
  },
  {
    "duration": 1760,
    "size": "14.1M",
    "path": "http://media.febcchinese.org/Streaming/ee/ee151017.mp3",
    "id": 6342000017,
    "albumId": 6342,
    "albumName": "《拥抱每一天》2015年冬季合集",
    "albumtitle": "《拥抱每一天》2015年冬季合集(17)",
    "title": "15年10月17日 拥抱每一天- 智慧语录：随和；拥抱小语：我回归基督了--林语堂的故事；用智慧演绎人生：儿童做家务年龄表。"
  },
  {
    "duration": 1760,
    "size": "14.1M",
    "path": "http://media.febcchinese.org/Streaming/ee/ee151018.mp3",
    "id": 6342000018,
    "albumId": 6342,
    "albumName": "《拥抱每一天》2015年冬季合集",
    "albumtitle": "《拥抱每一天》2015年冬季合集(18)",
    "title": "15年10月18日 拥抱每一天- 智慧语录：在你心中一定要有一座山；神的叮咛我最爱：当保守我们的心，胜过保守一切。"
  },
  {
    "duration": 1760,
    "size": "14.1M",
    "path": "http://media.febcchinese.org/Streaming/ee/ee151019.mp3",
    "id": 6342000019,
    "albumId": 6342,
    "albumName": "《拥抱每一天》2015年冬季合集",
    "albumtitle": "《拥抱每一天》2015年冬季合集(19)",
    "title": "15年10月19日 拥抱每一天- 智慧语录：能伤你心的，都是你在乎的人；寻找生命的真光：我们可能都是精神病人。"
  },
  {
    "duration": 1760,
    "size": "14.1M",
    "path": "http://media.febcchinese.org/Streaming/ee/ee151020.mp3",
    "id": 6342000020,
    "albumId": 6342,
    "albumName": "《拥抱每一天》2015年冬季合集",
    "albumtitle": "《拥抱每一天》2015年冬季合集(20)",
    "title": "15年10月20日 拥抱每一天- 智慧语录：对每个人不要轻易的发脾气；拥抱小语：离婚不是唯一的选择；千里思念万里情：安享余闲。"
  },
  {
    "duration": 1760,
    "size": "14.1M",
    "path": "http://media.febcchinese.org/Streaming/ee/ee151021.mp3",
    "id": 6342000021,
    "albumId": 6342,
    "albumName": "《拥抱每一天》2015年冬季合集",
    "albumtitle": "《拥抱每一天》2015年冬季合集(21)",
    "title": "15年10月21日 拥抱每一天- 智慧语录：自卑，是用别人的长处诋毁自己；诗情细语话人生：评蜗居：利益，使社会失去秩序。"
  },
  {
    "duration": 1760,
    "size": "14.1M",
    "path": "http://media.febcchinese.org/Streaming/ee/ee151022.mp3",
    "id": 6342000022,
    "albumId": 6342,
    "albumName": "《拥抱每一天》2015年冬季合集",
    "albumtitle": "《拥抱每一天》2015年冬季合集(22)",
    "title": "15年10月22日 拥抱每一天- 智慧语录：妳是女人，妳得为自己漂亮的活着；拥抱小语：有趣，是一种软实力；说个故事给你听：方莉的日记。"
  },
  {
    "duration": 1760,
    "size": "14.1M",
    "path": "http://media.febcchinese.org/Streaming/ee/ee151023.mp3",
    "id": 6342000023,
    "albumId": 6342,
    "albumName": "《拥抱每一天》2015年冬季合集",
    "albumtitle": "《拥抱每一天》2015年冬季合集(23)",
    "title": "15年10月23日 拥抱每一天- 智慧语录：如果我能再次养大我的孩子；亮丽人生不是梦：原谅自己。"
  },
  {
    "duration": 1760,
    "size": "14.1M",
    "path": "http://media.febcchinese.org/Streaming/ee/ee151024.mp3",
    "id": 6342000024,
    "albumId": 6342,
    "albumName": "《拥抱每一天》2015年冬季合集",
    "albumtitle": "《拥抱每一天》2015年冬季合集(24)",
    "title": "15年10月24日 拥抱每一天- 用智慧演绎人生：七种让宝宝更加聪明的方法。"
  },
  {
    "duration": 1760,
    "size": "14.1M",
    "path": "http://media.febcchinese.org/Streaming/ee/ee151025.mp3",
    "id": 6342000025,
    "albumId": 6342,
    "albumName": "《拥抱每一天》2015年冬季合集",
    "albumtitle": "《拥抱每一天》2015年冬季合集(25)",
    "title": "15年10月25日 拥抱每一天- 智慧语录：让步的男人才是最可交的男人；神的叮咛我最爱：要靠圣灵做个刚强的人。"
  },
  {
    "duration": 1760,
    "size": "14.1M",
    "path": "http://media.febcchinese.org/Streaming/ee/ee151026.mp3",
    "id": 6342000026,
    "albumId": 6342,
    "albumName": "《拥抱每一天》2015年冬季合集",
    "albumtitle": "《拥抱每一天》2015年冬季合集(26)",
    "title": "15年10月26日 拥抱每一天- 智慧语录：李嘉诚的“做事必须搞清10顺序”；寻找生命的真光：独一无二的《小王子》与我。"
  },
  {
    "duration": 1760,
    "size": "14.1M",
    "path": "http://media.febcchinese.org/Streaming/ee/ee151027.mp3",
    "id": 6342000027,
    "albumId": 6342,
    "albumName": "《拥抱每一天》2015年冬季合集",
    "albumtitle": "《拥抱每一天》2015年冬季合集(27)",
    "title": "15年10月27日 拥抱每一天- 智慧语录：今天再大的事，到了明天就是小事；拥抱小语：假如今天是我生命的最后一天；千里思念万里情：月亮代表我的心。"
  },
  {
    "duration": 1760,
    "size": "14.1M",
    "path": "http://media.febcchinese.org/Streaming/ee/ee151028.mp3",
    "id": 6342000028,
    "albumId": 6342,
    "albumName": "《拥抱每一天》2015年冬季合集",
    "albumtitle": "《拥抱每一天》2015年冬季合集(28)",
    "title": "15年10月28日 拥抱每一天- 智慧语录：人生，就是要坚强的去面对；诗情细语话人生：车票。"
  },
  {
    "duration": 1760,
    "size": "14.1M",
    "path": "http://media.febcchinese.org/Streaming/ee/ee151029.mp3",
    "id": 6342000029,
    "albumId": 6342,
    "albumName": "《拥抱每一天》2015年冬季合集",
    "albumtitle": "《拥抱每一天》2015年冬季合集(29)",
    "title": "15年10月29日 拥抱每一天- 智慧语录：每天七件事，牵着幸福一起走；拥抱小语：神的心意和目的；说个故事给你听：不让我的眼泪陪我过夜。"
  },
  {
    "duration": 1760,
    "size": "14.1M",
    "path": "http://media.febcchinese.org/Streaming/ee/ee151030.mp3",
    "id": 6342000030,
    "albumId": 6342,
    "albumName": "《拥抱每一天》2015年冬季合集",
    "albumtitle": "《拥抱每一天》2015年冬季合集(30)",
    "title": "15年10月30日 拥抱每一天- 智慧语录：有没有一个人这样宠你？；亮丽人生不是梦：假如你碰到一个愤怒的人该怎么办？"
  },
  {
    "duration": 1760,
    "size": "14.1M",
    "path": "http://media.febcchinese.org/Streaming/ee/ee151031.mp3",
    "id": 6342000031,
    "albumId": 6342,
    "albumName": "《拥抱每一天》2015年冬季合集",
    "albumtitle": "《拥抱每一天》2015年冬季合集(31)",
    "title": "15年10月31日 拥抱每一天- 智慧语录：人格如金；用智慧演绎人生：请鼓励你的孩子做一个幸福的普通人。"
  },
  {
    "duration": 1760,
    "size": "14.1M",
    "path": "http://media.febcchinese.org/Streaming/ee/ee151101.mp3",
    "id": 6342000032,
    "albumId": 6342,
    "albumName": "《拥抱每一天》2015年冬季合集",
    "albumtitle": "《拥抱每一天》2015年冬季合集(32)",
    "title": "15年11月01日 拥抱每一天- 特辑节目：不甘平庸，追求卓越！（一）"
  },
  {
    "duration": 1760,
    "size": "14.1M",
    "path": "http://media.febcchinese.org/Streaming/ee/ee151102.mp3",
    "id": 6342000033,
    "albumId": 6342,
    "albumName": "《拥抱每一天》2015年冬季合集",
    "albumtitle": "《拥抱每一天》2015年冬季合集(33)",
    "title": "15年11月02日 拥抱每一天- 特辑节目：不甘平庸，追求卓越！（二）"
  },
  {
    "duration": 1760,
    "size": "14.1M",
    "path": "http://media.febcchinese.org/Streaming/ee/ee151103.mp3",
    "id": 6342000034,
    "albumId": 6342,
    "albumName": "《拥抱每一天》2015年冬季合集",
    "albumtitle": "《拥抱每一天》2015年冬季合集(34)",
    "title": "15年11月03日 拥抱每一天- 特辑节目：不甘平庸，追求卓越！（三）"
  },
  {
    "duration": 1760,
    "size": "14.1M",
    "path": "http://media.febcchinese.org/Streaming/ee/ee151104.mp3",
    "id": 6342000035,
    "albumId": 6342,
    "albumName": "《拥抱每一天》2015年冬季合集",
    "albumtitle": "《拥抱每一天》2015年冬季合集(35)",
    "title": "15年11月04日 拥抱每一天- 特辑节目：不甘平庸，追求卓越！（四）"
  },
  {
    "duration": 1760,
    "size": "14.1M",
    "path": "http://media.febcchinese.org/Streaming/ee/ee151105.mp3",
    "id": 6342000036,
    "albumId": 6342,
    "albumName": "《拥抱每一天》2015年冬季合集",
    "albumtitle": "《拥抱每一天》2015年冬季合集(36)",
    "title": "15年11月05日 拥抱每一天- 特辑节目：不甘平庸，追求卓越！（五）"
  },
  {
    "duration": 1760,
    "size": "14.1M",
    "path": "http://media.febcchinese.org/Streaming/ee/ee151106.mp3",
    "id": 6342000037,
    "albumId": 6342,
    "albumName": "《拥抱每一天》2015年冬季合集",
    "albumtitle": "《拥抱每一天》2015年冬季合集(37)",
    "title": "15年11月06日 拥抱每一天- 特辑节目：不甘平庸，追求卓越！（六）"
  },
  {
    "duration": 1760,
    "size": "14.1M",
    "path": "http://media.febcchinese.org/Streaming/ee/ee151107.mp3",
    "id": 6342000038,
    "albumId": 6342,
    "albumName": "《拥抱每一天》2015年冬季合集",
    "albumtitle": "《拥抱每一天》2015年冬季合集(38)",
    "title": "15年11月07日 拥抱每一天- 特辑节目：不甘平庸，追求卓越！（七）"
  },
  {
    "duration": 1760,
    "size": "14.1M",
    "path": "http://media.febcchinese.org/Streaming/ee/ee151108.mp3",
    "id": 6342000039,
    "albumId": 6342,
    "albumName": "《拥抱每一天》2015年冬季合集",
    "albumtitle": "《拥抱每一天》2015年冬季合集(39)",
    "title": "15年11月08日 拥抱每一天- 特辑节目：不甘平庸，追求卓越！（八）"
  },
  {
    "duration": 1760,
    "size": "14.1M",
    "path": "http://media.febcchinese.org/Streaming/ee/ee151109.mp3",
    "id": 6342000040,
    "albumId": 6342,
    "albumName": "《拥抱每一天》2015年冬季合集",
    "albumtitle": "《拥抱每一天》2015年冬季合集(40)",
    "title": "15年11月09日 拥抱每一天- 智慧语录：做好你自己，活出生命的价值；拥抱小语：如何避免家庭不和；寻找生命的真光：拿什么拯救你，80后的婚姻。"
  },
  {
    "duration": 1760,
    "size": "14.1M",
    "path": "http://media.febcchinese.org/Streaming/ee/ee151110.mp3",
    "id": 6342000041,
    "albumId": 6342,
    "albumName": "《拥抱每一天》2015年冬季合集",
    "albumtitle": "《拥抱每一天》2015年冬季合集(41)",
    "title": "15年11月10日 拥抱每一天- 智慧语录：当你...上帝说……；拥抱小语：莫将人生全部外包；千里思念万里情：研究旧约圣经对当代人有何意义？"
  },
  {
    "duration": 1760,
    "size": "14.1M",
    "path": "http://media.febcchinese.org/Streaming/ee/ee151111.mp3",
    "id": 6342000042,
    "albumId": 6342,
    "albumName": "《拥抱每一天》2015年冬季合集",
    "albumtitle": "《拥抱每一天》2015年冬季合集(42)",
    "title": "15年11月11日 拥抱每一天- 智慧语录：以下的好习惯，你拥有几个？诗情细语话人生：牵手的习惯。"
  },
  {
    "duration": 1760,
    "size": "14.1M",
    "path": "http://media.febcchinese.org/Streaming/ee/ee151112.mp3",
    "id": 6342000043,
    "albumId": 6342,
    "albumName": "《拥抱每一天》2015年冬季合集",
    "albumtitle": "《拥抱每一天》2015年冬季合集(43)",
    "title": "15年11月12日 拥抱每一天- 智慧语录：跟对人，走对路，做对事；说个故事给你听：方莉的日记。"
  },
  {
    "duration": 1760,
    "size": "14.1M",
    "path": "http://media.febcchinese.org/Streaming/ee/ee151113.mp3",
    "id": 6342000044,
    "albumId": 6342,
    "albumName": "《拥抱每一天》2015年冬季合集",
    "albumtitle": "《拥抱每一天》2015年冬季合集(44)",
    "title": "15年11月13日 拥抱每一天- 智慧语录：遇见自己；亮丽人生不是梦：改变带来医治。"
  },
  {
    "duration": 1760,
    "size": "14.1M",
    "path": "http://media.febcchinese.org/Streaming/ee/ee151114.mp3",
    "id": 6342000045,
    "albumId": 6342,
    "albumName": "《拥抱每一天》2015年冬季合集",
    "albumtitle": "《拥抱每一天》2015年冬季合集(45)",
    "title": "15年11月14日 拥抱每一天- 智慧语录：我选择这样做人，你呢？拥抱小语：古代母教的智慧；用智慧演绎人生：母亲的性格、言语和行为，会影响孩子的一生。"
  },
  {
    "duration": 1760,
    "size": "14.1M",
    "path": "http://media.febcchinese.org/Streaming/ee/ee151115.mp3",
    "id": 6342000046,
    "albumId": 6342,
    "albumName": "《拥抱每一天》2015年冬季合集",
    "albumtitle": "《拥抱每一天》2015年冬季合集(46)",
    "title": "15年11月15日 拥抱每一天- 智慧语录：托尔斯泰的心路历程；神的叮咛我最爱：人性破产唯一的希望。"
  },
  {
    "duration": 1760,
    "size": "14.1M",
    "path": "http://media.febcchinese.org/Streaming/ee/ee151116.mp3",
    "id": 6342000047,
    "albumId": 6342,
    "albumName": "《拥抱每一天》2015年冬季合集",
    "albumtitle": "《拥抱每一天》2015年冬季合集(47)",
    "title": "15年11月16日 拥抱每一天- 智慧语录：为什么这些人一开始是个笑话，后来却成为神话呢？；寻找生命的真光：为病人祷告的医生钟爱华。"
  },
  {
    "duration": 1760,
    "size": "14.1M",
    "path": "http://media.febcchinese.org/Streaming/ee/ee151117.mp3",
    "id": 6342000048,
    "albumId": 6342,
    "albumName": "《拥抱每一天》2015年冬季合集",
    "albumtitle": "《拥抱每一天》2015年冬季合集(48)",
    "title": "15年11月17日 拥抱每一天- 智慧语录：每个人的路，都得自己走；拥抱小语：原来人生可以很简单；千里思念万里情：研读圣经的瓶颈。"
  },
  {
    "duration": 1760,
    "size": "14.1M",
    "path": "http://media.febcchinese.org/Streaming/ee/ee151118.mp3",
    "id": 6342000049,
    "albumId": 6342,
    "albumName": "《拥抱每一天》2015年冬季合集",
    "albumtitle": "《拥抱每一天》2015年冬季合集(49)",
    "title": "15年11月18日 拥抱每一天- 智慧语录：当你扛不住的时候，送你几句话；诗情细语话人生：只剩下我的灵魂。"
  },
  {
    "duration": 1760,
    "size": "14.1M",
    "path": "http://media.febcchinese.org/Streaming/ee/ee151119.mp3",
    "id": 6342000050,
    "albumId": 6342,
    "albumName": "《拥抱每一天》2015年冬季合集",
    "albumtitle": "《拥抱每一天》2015年冬季合集(50)",
    "title": "15年11月19日 拥抱每一天- 智慧语录：读人、品人、悟人、做人；拥抱小语：双重的款待；说个故事给你听：苦难中神信实的呼召。"
  },
  {
    "duration": 1760,
    "size": "14.1M",
    "path": "http://media.febcchinese.org/Streaming/ee/ee151120.mp3",
    "id": 6342000051,
    "albumId": 6342,
    "albumName": "《拥抱每一天》2015年冬季合集",
    "albumtitle": "《拥抱每一天》2015年冬季合集(51)",
    "title": "15年11月20日 拥抱每一天- 智慧语录：不忘初心，方得始终；亮丽人生不是梦：成长的三个因素。"
  },
  {
    "duration": 1760,
    "size": "14.1M",
    "path": "http://media.febcchinese.org/Streaming/ee/ee151121.mp3",
    "id": 6342000052,
    "albumId": 6342,
    "albumName": "《拥抱每一天》2015年冬季合集",
    "albumtitle": "《拥抱每一天》2015年冬季合集(52)",
    "title": "15年11月21日 拥抱每一天- 智慧语录：世间真正的高手；拥抱小语：你最重要的是什么；用智慧演绎人生：成为好妈妈的十条秘诀。"
  },
  {
    "duration": 1760,
    "size": "14.1M",
    "path": "http://media.febcchinese.org/Streaming/ee/ee151122.mp3",
    "id": 6342000053,
    "albumId": 6342,
    "albumName": "《拥抱每一天》2015年冬季合集",
    "albumtitle": "《拥抱每一天》2015年冬季合集(53)",
    "title": "15年11月22日 拥抱每一天- 智慧语录：儿童教育的重要性；神的叮咛我最爱：我的国不属这个世界。"
  },
  {
    "duration": 1760,
    "size": "14.1M",
    "path": "http://media.febcchinese.org/Streaming/ee/ee151123.mp3",
    "id": 6342000054,
    "albumId": 6342,
    "albumName": "《拥抱每一天》2015年冬季合集",
    "albumtitle": "《拥抱每一天》2015年冬季合集(54)",
    "title": "15年11月23日 拥抱每一天- 感恩节特别节目：感谢生命中有你；基督徒要不要过感恩节；黑暗中的舞者--在苦难中的感恩。"
  },
  {
    "duration": 1760,
    "size": "14.1M",
    "path": "http://media.febcchinese.org/Streaming/ee/ee151124.mp3",
    "id": 6342000055,
    "albumId": 6342,
    "albumName": "《拥抱每一天》2015年冬季合集",
    "albumtitle": "《拥抱每一天》2015年冬季合集(55)",
    "title": "15年11月24日 拥抱每一天- 感恩节特别节目：我的心啊，你要称颂耶和华；林肯的感恩节宣言；美国感恩节对我们的影响。"
  },
  {
    "duration": 1760,
    "size": "14.1M",
    "path": "http://media.febcchinese.org/Streaming/ee/ee151125.mp3",
    "id": 6342000056,
    "albumId": 6342,
    "albumName": "《拥抱每一天》2015年冬季合集",
    "albumtitle": "《拥抱每一天》2015年冬季合集(56)",
    "title": "15年11月25日 拥抱每一天- 感恩节特别节目：要感谢你身边的人；感恩节快乐感恩；感谢生命的美意。"
  },
  {
    "duration": 1760,
    "size": "14.1M",
    "path": "http://media.febcchinese.org/Streaming/ee/ee151126.mp3",
    "id": 6342000057,
    "albumId": 6342,
    "albumName": "《拥抱每一天》2015年冬季合集",
    "albumtitle": "《拥抱每一天》2015年冬季合集(57)",
    "title": "15年11月26日 拥抱每一天- 感恩节特别节目：亲爱的，祝你感恩节快乐；一群失败者为什么还要感恩？；话说感恩节。"
  },
  {
    "duration": 1760,
    "size": "14.1M",
    "path": "http://media.febcchinese.org/Streaming/ee/ee151127.mp3",
    "id": 6342000058,
    "albumId": 6342,
    "albumName": "《拥抱每一天》2015年冬季合集",
    "albumtitle": "《拥抱每一天》2015年冬季合集(58)",
    "title": "15年11月27日 拥抱每一天- 智慧语录：男人最大的时尚；拥抱小语：彩色的应许；亮丽人生不是梦：真理若是缺了恩典。"
  },
  {
    "duration": 1760,
    "size": "14.1M",
    "path": "http://media.febcchinese.org/Streaming/ee/ee151128.mp3",
    "id": 6342000059,
    "albumId": 6342,
    "albumName": "《拥抱每一天》2015年冬季合集",
    "albumtitle": "《拥抱每一天》2015年冬季合集(59)",
    "title": "15年11月28日 拥抱每一天- 智慧语录：做人的最高意境；拥抱小语：神掌管前程；用智慧演绎人生：家长一定要给孩子的礼物。"
  },
  {
    "duration": 1760,
    "size": "14.1M",
    "path": "http://media.febcchinese.org/Streaming/ee/ee151129.mp3",
    "id": 6342000060,
    "albumId": 6342,
    "albumName": "《拥抱每一天》2015年冬季合集",
    "albumtitle": "《拥抱每一天》2015年冬季合集(60)",
    "title": "15年11月29日 拥抱每一天- 智慧语录：生活中应该培养的好习惯；神的叮咛我最爱：十字架是我的荣耀。"
  },
  {
    "duration": 1760,
    "size": "14.1M",
    "path": "http://media.febcchinese.org/Streaming/ee/ee151130.mp3",
    "id": 6342000061,
    "albumId": 6342,
    "albumName": "《拥抱每一天》2015年冬季合集",
    "albumtitle": "《拥抱每一天》2015年冬季合集(61)",
    "title": "15年11月30日 拥抱每一天- 智慧语录：让人生豁然开朗的几句话；拥抱小语：追求卓越不是梦；寻找生命的真光：改变自己到底有多难。"
  },
  {
    "duration": 1760,
    "size": "14.1M",
    "path": "http://media.febcchinese.org/Streaming/ee/ee151201.mp3",
    "id": 6342000062,
    "albumId": 6342,
    "albumName": "《拥抱每一天》2015年冬季合集",
    "albumtitle": "《拥抱每一天》2015年冬季合集(62)",
    "title": "15年12月01日 拥抱每一天- 特辑节目：不甘平庸，追求卓越（9）"
  },
  {
    "duration": 1760,
    "size": "14.1M",
    "path": "http://media.febcchinese.org/Streaming/ee/ee151202.mp3",
    "id": 6342000063,
    "albumId": 6342,
    "albumName": "《拥抱每一天》2015年冬季合集",
    "albumtitle": "《拥抱每一天》2015年冬季合集(63)",
    "title": "15年12月02日 拥抱每一天- 特辑节目：不甘平庸，追求卓越（10）"
  },
  {
    "duration": 1760,
    "size": "14.1M",
    "path": "http://media.febcchinese.org/Streaming/ee/ee151203.mp3",
    "id": 6342000064,
    "albumId": 6342,
    "albumName": "《拥抱每一天》2015年冬季合集",
    "albumtitle": "《拥抱每一天》2015年冬季合集(64)",
    "title": "15年12月03日 拥抱每一天- 特辑节目：不甘平庸，追求卓越（11）"
  },
  {
    "duration": 1760,
    "size": "14.1M",
    "path": "http://media.febcchinese.org/Streaming/ee/ee151204.mp3",
    "id": 6342000065,
    "albumId": 6342,
    "albumName": "《拥抱每一天》2015年冬季合集",
    "albumtitle": "《拥抱每一天》2015年冬季合集(65)",
    "title": "15年12月04日 拥抱每一天- 特辑节目：不甘平庸，追求卓越（12）"
  },
  {
    "duration": 1760,
    "size": "14.1M",
    "path": "http://media.febcchinese.org/Streaming/ee/ee151205.mp3",
    "id": 6342000066,
    "albumId": 6342,
    "albumName": "《拥抱每一天》2015年冬季合集",
    "albumtitle": "《拥抱每一天》2015年冬季合集(66)",
    "title": "15年12月05日 拥抱每一天- 特辑节目：不甘平庸，追求卓越（13）"
  },
  {
    "duration": 1760,
    "size": "14.1M",
    "path": "http://media.febcchinese.org/Streaming/ee/ee151206.mp3",
    "id": 6342000067,
    "albumId": 6342,
    "albumName": "《拥抱每一天》2015年冬季合集",
    "albumtitle": "《拥抱每一天》2015年冬季合集(67)",
    "title": "15年12月06日 拥抱每一天- 特辑节目：不甘平庸，追求卓越（14）"
  },
  {
    "duration": 1760,
    "size": "14.1M",
    "path": "http://media.febcchinese.org/Streaming/ee/ee151207.mp3",
    "id": 6342000068,
    "albumId": 6342,
    "albumName": "《拥抱每一天》2015年冬季合集",
    "albumtitle": "《拥抱每一天》2015年冬季合集(68)",
    "title": "15年12月07日 拥抱每一天- 特辑节目：不甘平庸，追求卓越（15）"
  },
  {
    "duration": 1760,
    "size": "14.1M",
    "path": "http://media.febcchinese.org/Streaming/ee/ee151208.mp3",
    "id": 6342000069,
    "albumId": 6342,
    "albumName": "《拥抱每一天》2015年冬季合集",
    "albumtitle": "《拥抱每一天》2015年冬季合集(69)",
    "title": "15年12月08日 拥抱每一天- 特辑节目：不甘平庸，追求卓越（16）"
  },
  {
    "duration": 1760,
    "size": "14.1M",
    "path": "http://media.febcchinese.org/Streaming/ee/ee151209.mp3",
    "id": 6342000070,
    "albumId": 6342,
    "albumName": "《拥抱每一天》2015年冬季合集",
    "albumtitle": "《拥抱每一天》2015年冬季合集(70)",
    "title": "15年12月09日 拥抱每一天- 智慧语录：放自己一条生路；诗情细语话人生：是谁杀死托尔斯泰的爱情？"
  },
  {
    "duration": 1760,
    "size": "14.1M",
    "path": "http://media.febcchinese.org/Streaming/ee/ee151210.mp3",
    "id": 6342000071,
    "albumId": 6342,
    "albumName": "《拥抱每一天》2015年冬季合集",
    "albumtitle": "《拥抱每一天》2015年冬季合集(71)",
    "title": "15年12月10日 拥抱每一天- 智慧语录：能认真洗衣做饭的人，都能自带光芒；拥抱小语：伸出援手; 说个故事给你听：方莉的日记。"
  },
  {
    "duration": 1760,
    "size": "14.1M",
    "path": "http://media.febcchinese.org/Streaming/ee/ee151211.mp3",
    "id": 6342000072,
    "albumId": 6342,
    "albumName": "《拥抱每一天》2015年冬季合集",
    "albumtitle": "《拥抱每一天》2015年冬季合集(72)",
    "title": "15年12月11日 拥抱每一天- 智慧语录：做人六个不要；拥抱小语：当亿万富翁的儿子遇上了农村的孩子；亮丽人生不是梦：恩典与真理。"
  },
  {
    "duration": 1760,
    "size": "14.1M",
    "path": "http://media.febcchinese.org/Streaming/ee/ee151212.mp3",
    "id": 6342000073,
    "albumId": 6342,
    "albumName": "《拥抱每一天》2015年冬季合集",
    "albumtitle": "《拥抱每一天》2015年冬季合集(73)",
    "title": "15年12月12日 拥抱每一天- 智慧语录：交朋友的标准是什么？拥抱小语：不是人不行，是制度不行；用智慧演绎人生：德国的父母是怎样教育孩子的。"
  },
  {
    "duration": 1760,
    "size": "14.1M",
    "path": "http://media.febcchinese.org/Streaming/ee/ee151213.mp3",
    "id": 6342000074,
    "albumId": 6342,
    "albumName": "《拥抱每一天》2015年冬季合集",
    "albumtitle": "《拥抱每一天》2015年冬季合集(74)",
    "title": "15年12月13日 拥抱每一天- 智慧语录：圣经教你做事做人；神的叮咛我最爱：他究竟是谁？"
  },
  {
    "duration": 1760,
    "size": "14.1M",
    "path": "http://media.febcchinese.org/Streaming/ee/ee151214.mp3",
    "id": 6342000075,
    "albumId": 6342,
    "albumName": "《拥抱每一天》2015年冬季合集",
    "albumtitle": "《拥抱每一天》2015年冬季合集(75)",
    "title": "15年12月14日 拥抱每一天- 智慧语录：给年轻朋友的几句话；拥抱小语：世界上最宝贵的玫瑰；寻找生命的真光：巴黎一夜。"
  },
  {
    "duration": 1760,
    "size": "14.1M",
    "path": "http://media.febcchinese.org/Streaming/ee/ee151215.mp3",
    "id": 6342000076,
    "albumId": 6342,
    "albumName": "《拥抱每一天》2015年冬季合集",
    "albumtitle": "《拥抱每一天》2015年冬季合集(76)",
    "title": "15年12月15日 拥抱每一天- 智慧语录：心简单，世界就简单；拥抱小语：梵高画中的基督；千里思念万里情：如何突破读经的瓶颈。"
  },
  {
    "duration": 1760,
    "size": "14.1M",
    "path": "http://media.febcchinese.org/Streaming/ee/ee151216.mp3",
    "id": 6342000077,
    "albumId": 6342,
    "albumName": "《拥抱每一天》2015年冬季合集",
    "albumtitle": "《拥抱每一天》2015年冬季合集(77)",
    "title": "15年12月16日 拥抱每一天- 智慧语录：哈佛推荐的快乐习惯；诗情细语话人生：如果我欠你五块钱，请你直接告诉我。"
  },
  {
    "duration": 1760,
    "size": "14.1M",
    "path": "http://media.febcchinese.org/Streaming/ee/ee151217.mp3",
    "id": 6342000078,
    "albumId": 6342,
    "albumName": "《拥抱每一天》2015年冬季合集",
    "albumtitle": "《拥抱每一天》2015年冬季合集(78)",
    "title": "15年12月17日 拥抱每一天- 智慧语录：哈佛推荐的快乐习惯；拥抱小语：不信神的借口; 说个故事给你听：出旷野入迦南。"
  },
  {
    "duration": 1760,
    "size": "14.1M",
    "path": "http://media.febcchinese.org/Streaming/ee/ee151218.mp3",
    "id": 6342000079,
    "albumId": 6342,
    "albumName": "《拥抱每一天》2015年冬季合集",
    "albumtitle": "《拥抱每一天》2015年冬季合集(79)",
    "title": "15年12月18日 拥抱每一天- 智慧语录：让你快乐的好习惯；拥抱小语：仿佛世界都变回最纯真的样子；亮丽人生不是梦：罪恶感的障碍。"
  },
  {
    "duration": 1760,
    "size": "14.1M",
    "path": "http://media.febcchinese.org/Streaming/ee/ee151219.mp3",
    "id": 6342000080,
    "albumId": 6342,
    "albumName": "《拥抱每一天》2015年冬季合集",
    "albumtitle": "《拥抱每一天》2015年冬季合集(80)",
    "title": "15年12月19日 拥抱每一天- 智慧语录：真正对你好的人，应该是这样的；拥抱小语：求福、得福、享福；用智慧演绎人生：让孩子做作业如飞的妙招。"
  },
  {
    "duration": 1760,
    "size": "14.1M",
    "path": "http://media.febcchinese.org/Streaming/ee/ee151220.mp3",
    "id": 6342000081,
    "albumId": 6342,
    "albumName": "《拥抱每一天》2015年冬季合集",
    "albumtitle": "《拥抱每一天》2015年冬季合集(81)",
    "title": "15年12月20日 拥抱每一天- 智慧语录：醒来，每一天都这么美好；神的叮咛我最爱：不求自保卖良知。"
  },
  {
    "duration": 1760,
    "size": "14.1M",
    "path": "http://media.febcchinese.org/Streaming/ee/ee151221.mp3",
    "id": 6342000082,
    "albumId": 6342,
    "albumName": "《拥抱每一天》2015年冬季合集",
    "albumtitle": "《拥抱每一天》2015年冬季合集(82)",
    "title": "15年12月21日 拥抱每一天- 智慧语录：茫茫人海，有种关系不可替代；拥抱小语：上帝给你的，一定是最合适的；寻找生命的真光：回到上帝的坐标。"
  },
  {
    "duration": 1760,
    "size": "14.1M",
    "path": "http://media.febcchinese.org/Streaming/ee/ee151222.mp3",
    "id": 6342000083,
    "albumId": 6342,
    "albumName": "《拥抱每一天》2015年冬季合集",
    "albumtitle": "《拥抱每一天》2015年冬季合集(83)",
    "title": "15年12月22日 拥抱每一天- 圣诞特别节目：《平安夜》背后的温馨故事；在美国过圣诞节。"
  },
  {
    "duration": 1760,
    "size": "14.1M",
    "path": "http://media.febcchinese.org/Streaming/ee/ee151223.mp3",
    "id": 6342000084,
    "albumId": 6342,
    "albumName": "《拥抱每一天》2015年冬季合集",
    "albumtitle": "《拥抱每一天》2015年冬季合集(84)",
    "title": "15年12月23日 拥抱每一天- 圣诞特别节目：广播剧：圣诞的蜡烛；基督徒艺人周慧敏信主的见证。"
  },
  {
    "duration": 1760,
    "size": "14.1M",
    "path": "http://media.febcchinese.org/Streaming/ee/ee151224.mp3",
    "id": 6342000085,
    "albumId": 6342,
    "albumName": "《拥抱每一天》2015年冬季合集",
    "albumtitle": "《拥抱每一天》2015年冬季合集(85)",
    "title": "15年12月24日 拥抱每一天- 圣诞特别节目：广播剧：圣诞的更新；如果耶稣没有来过这个世界；圣诞节的由来。"
  },
  {
    "duration": 1760,
    "size": "14.1M",
    "path": "http://media.febcchinese.org/Streaming/ee/ee151225.mp3",
    "id": 6342000086,
    "albumId": 6342,
    "albumName": "《拥抱每一天》2015年冬季合集",
    "albumtitle": "《拥抱每一天》2015年冬季合集(86)",
    "title": "15年12月25日 拥抱每一天- 圣诞特别节目：广播剧：最好的消息；惊喜圣诞夜。"
  },
  {
    "duration": 1760,
    "size": "14.1M",
    "path": "http://media.febcchinese.org/Streaming/ee/ee151226.mp3",
    "id": 6342000087,
    "albumId": 6342,
    "albumName": "《拥抱每一天》2015年冬季合集",
    "albumtitle": "《拥抱每一天》2015年冬季合集(87)",
    "title": "15年12月26日 拥抱每一天- 智慧语录：婚姻，到底给了女人什么？；拥抱小语：别让快舌毁了你：用智慧演绎人生：人的一生只有五天。"
  },
  {
    "duration": 1760,
    "size": "14.1M",
    "path": "http://media.febcchinese.org/Streaming/ee/ee151227.mp3",
    "id": 6342000088,
    "albumId": 6342,
    "albumName": "《拥抱每一天》2015年冬季合集",
    "albumtitle": "《拥抱每一天》2015年冬季合集(88)",
    "title": "15年12月27日 拥抱每一天- 智慧语录：你所在意的到底是什么？神的叮咛我最爱：耶稣摧毁了死亡的权势。"
  },
  {
    "duration": 1760,
    "size": "14.1M",
    "path": "http://media.febcchinese.org/Streaming/ee/ee151228.mp3",
    "id": 6342000089,
    "albumId": 6342,
    "albumName": "《拥抱每一天》2015年冬季合集",
    "albumtitle": "《拥抱每一天》2015年冬季合集(89)",
    "title": "15年12月28日 拥抱每一天- 智慧语录：做人貴于清醒坦诚，做事貴于聪明智慧；拥抱小语：双目失明却画出最美的色彩；寻找生命的真光：别怕孩子看见真实的父母。"
  },
  {
    "duration": 1760,
    "size": "14.1M",
    "path": "http://media.febcchinese.org/Streaming/ee/ee151229.mp3",
    "id": 6342000090,
    "albumId": 6342,
    "albumName": "《拥抱每一天》2015年冬季合集",
    "albumtitle": "《拥抱每一天》2015年冬季合集(90)",
    "title": "15年12月29日 拥抱每一天- 智慧语录：以前我错了，现在我懂了；拥抱小语：你追求的是幸福还是幸福感？千里思念万里情：面向新年新期许。"
  },
  {
    "duration": 1760,
    "size": "14.1M",
    "path": "http://media.febcchinese.org/Streaming/ee/ee151230.mp3",
    "id": 6342000091,
    "albumId": 6342,
    "albumName": "《拥抱每一天》2015年冬季合集",
    "albumtitle": "《拥抱每一天》2015年冬季合集(91)",
    "title": "15年12月30日 拥抱每一天- 智慧语录：得体比好看重要得多了；诗情细语话人生：一颗土豆的幸福；命运的第二次机会。"
  },
  {
    "duration": 1760,
    "size": "14.1M",
    "path": "http://media.febcchinese.org/Streaming/ee/ee151231.mp3",
    "id": 6342000092,
    "albumId": 6342,
    "albumName": "《拥抱每一天》2015年冬季合集",
    "albumtitle": "《拥抱每一天》2015年冬季合集(92)",
    "title": "15年12月31日 拥抱每一天- 智慧语录：积极面向新的一年；拥抱小语：告别旧岁，拥抱新年；说个故事给你听：方莉的日记。"
  }
]