[
  {
    "duration": 1760,
    "size": "14.1M",
    "path": "http://media.febcchinese.org/Streaming/ee/ee130701.mp3",
    "id": 6333000001,
    "albumId": 6333,
    "albumName": "《拥抱每一天》2013年秋季合集",
    "albumtitle": "《拥抱每一天》2013年秋季合集(1)",
    "title": "拥抱每一天-20130701"
  },
  {
    "duration": 1760,
    "size": "14.1M",
    "path": "http://media.febcchinese.org/Streaming/ee/ee130702.mp3",
    "id": 6333000002,
    "albumId": 6333,
    "albumName": "《拥抱每一天》2013年秋季合集",
    "albumtitle": "《拥抱每一天》2013年秋季合集(2)",
    "title": "拥抱每一天-20130702"
  },
  {
    "duration": 1760,
    "size": "14.1M",
    "path": "http://media.febcchinese.org/Streaming/ee/ee130703.mp3",
    "id": 6333000003,
    "albumId": 6333,
    "albumName": "《拥抱每一天》2013年秋季合集",
    "albumtitle": "《拥抱每一天》2013年秋季合集(3)",
    "title": "拥抱每一天-20130703"
  },
  {
    "duration": 1760,
    "size": "14.1M",
    "path": "http://media.febcchinese.org/Streaming/ee/ee130704.mp3",
    "id": 6333000004,
    "albumId": 6333,
    "albumName": "《拥抱每一天》2013年秋季合集",
    "albumtitle": "《拥抱每一天》2013年秋季合集(4)",
    "title": "拥抱每一天-20130704"
  },
  {
    "duration": 1760,
    "size": "14.1M",
    "path": "http://media.febcchinese.org/Streaming/ee/ee130705.mp3",
    "id": 6333000005,
    "albumId": 6333,
    "albumName": "《拥抱每一天》2013年秋季合集",
    "albumtitle": "《拥抱每一天》2013年秋季合集(5)",
    "title": "拥抱每一天-20130705"
  },
  {
    "duration": 1760,
    "size": "14.1M",
    "path": "http://media.febcchinese.org/Streaming/ee/ee130706.mp3",
    "id": 6333000006,
    "albumId": 6333,
    "albumName": "《拥抱每一天》2013年秋季合集",
    "albumtitle": "《拥抱每一天》2013年秋季合集(6)",
    "title": "拥抱每一天-20130706"
  },
  {
    "duration": 1760,
    "size": "14.1M",
    "path": "http://media.febcchinese.org/Streaming/ee/ee130707.mp3",
    "id": 6333000007,
    "albumId": 6333,
    "albumName": "《拥抱每一天》2013年秋季合集",
    "albumtitle": "《拥抱每一天》2013年秋季合集(7)",
    "title": "拥抱每一天-20130707"
  },
  {
    "duration": 1760,
    "size": "14.1M",
    "path": "http://media.febcchinese.org/Streaming/ee/ee130708.mp3",
    "id": 6333000008,
    "albumId": 6333,
    "albumName": "《拥抱每一天》2013年秋季合集",
    "albumtitle": "《拥抱每一天》2013年秋季合集(8)",
    "title": "拥抱每一天-20130708"
  },
  {
    "duration": 1760,
    "size": "14.1M",
    "path": "http://media.febcchinese.org/Streaming/ee/ee130709.mp3",
    "id": 6333000009,
    "albumId": 6333,
    "albumName": "《拥抱每一天》2013年秋季合集",
    "albumtitle": "《拥抱每一天》2013年秋季合集(9)",
    "title": "拥抱每一天-20130709"
  },
  {
    "duration": 1760,
    "size": "14.1M",
    "path": "http://media.febcchinese.org/Streaming/ee/ee130710.mp3",
    "id": 6333000010,
    "albumId": 6333,
    "albumName": "《拥抱每一天》2013年秋季合集",
    "albumtitle": "《拥抱每一天》2013年秋季合集(10)",
    "title": "拥抱每一天-20130710"
  },
  {
    "duration": 1760,
    "size": "14.1M",
    "path": "http://media.febcchinese.org/Streaming/ee/ee130711.mp3",
    "id": 6333000011,
    "albumId": 6333,
    "albumName": "《拥抱每一天》2013年秋季合集",
    "albumtitle": "《拥抱每一天》2013年秋季合集(11)",
    "title": "拥抱每一天-20130711"
  },
  {
    "duration": 1760,
    "size": "14.1M",
    "path": "http://media.febcchinese.org/Streaming/ee/ee130712.mp3",
    "id": 6333000012,
    "albumId": 6333,
    "albumName": "《拥抱每一天》2013年秋季合集",
    "albumtitle": "《拥抱每一天》2013年秋季合集(12)",
    "title": "拥抱每一天-20130712"
  },
  {
    "duration": 1760,
    "size": "14.1M",
    "path": "http://media.febcchinese.org/Streaming/ee/ee130713.mp3",
    "id": 6333000013,
    "albumId": 6333,
    "albumName": "《拥抱每一天》2013年秋季合集",
    "albumtitle": "《拥抱每一天》2013年秋季合集(13)",
    "title": "拥抱每一天-20130713"
  },
  {
    "duration": 1760,
    "size": "14.1M",
    "path": "http://media.febcchinese.org/Streaming/ee/ee130714.mp3",
    "id": 6333000014,
    "albumId": 6333,
    "albumName": "《拥抱每一天》2013年秋季合集",
    "albumtitle": "《拥抱每一天》2013年秋季合集(14)",
    "title": "拥抱每一天-20130714"
  },
  {
    "duration": 1760,
    "size": "14.1M",
    "path": "http://media.febcchinese.org/Streaming/ee/ee130715.mp3",
    "id": 6333000015,
    "albumId": 6333,
    "albumName": "《拥抱每一天》2013年秋季合集",
    "albumtitle": "《拥抱每一天》2013年秋季合集(15)",
    "title": "拥抱每一天-20130715"
  },
  {
    "duration": 1760,
    "size": "14.1M",
    "path": "http://media.febcchinese.org/Streaming/ee/ee130716.mp3",
    "id": 6333000016,
    "albumId": 6333,
    "albumName": "《拥抱每一天》2013年秋季合集",
    "albumtitle": "《拥抱每一天》2013年秋季合集(16)",
    "title": "拥抱每一天-20130716"
  },
  {
    "duration": 1760,
    "size": "14.1M",
    "path": "http://media.febcchinese.org/Streaming/ee/ee130717.mp3",
    "id": 6333000017,
    "albumId": 6333,
    "albumName": "《拥抱每一天》2013年秋季合集",
    "albumtitle": "《拥抱每一天》2013年秋季合集(17)",
    "title": "拥抱每一天-20130717"
  },
  {
    "duration": 1760,
    "size": "14.1M",
    "path": "http://media.febcchinese.org/Streaming/ee/ee130718.mp3",
    "id": 6333000018,
    "albumId": 6333,
    "albumName": "《拥抱每一天》2013年秋季合集",
    "albumtitle": "《拥抱每一天》2013年秋季合集(18)",
    "title": "拥抱每一天-20130718"
  },
  {
    "duration": 1760,
    "size": "14.1M",
    "path": "http://media.febcchinese.org/Streaming/ee/ee130719.mp3",
    "id": 6333000019,
    "albumId": 6333,
    "albumName": "《拥抱每一天》2013年秋季合集",
    "albumtitle": "《拥抱每一天》2013年秋季合集(19)",
    "title": "拥抱每一天-20130719"
  },
  {
    "duration": 1760,
    "size": "14.1M",
    "path": "http://media.febcchinese.org/Streaming/ee/ee130720.mp3",
    "id": 6333000020,
    "albumId": 6333,
    "albumName": "《拥抱每一天》2013年秋季合集",
    "albumtitle": "《拥抱每一天》2013年秋季合集(20)",
    "title": "拥抱每一天-20130720"
  },
  {
    "duration": 1760,
    "size": "14.1M",
    "path": "http://media.febcchinese.org/Streaming/ee/ee130721.mp3",
    "id": 6333000021,
    "albumId": 6333,
    "albumName": "《拥抱每一天》2013年秋季合集",
    "albumtitle": "《拥抱每一天》2013年秋季合集(21)",
    "title": "拥抱每一天-20130721"
  },
  {
    "duration": 1760,
    "size": "14.1M",
    "path": "http://media.febcchinese.org/Streaming/ee/ee130722.mp3",
    "id": 6333000022,
    "albumId": 6333,
    "albumName": "《拥抱每一天》2013年秋季合集",
    "albumtitle": "《拥抱每一天》2013年秋季合集(22)",
    "title": "拥抱每一天-20130722"
  },
  {
    "duration": 1760,
    "size": "14.1M",
    "path": "http://media.febcchinese.org/Streaming/ee/ee130723.mp3",
    "id": 6333000023,
    "albumId": 6333,
    "albumName": "《拥抱每一天》2013年秋季合集",
    "albumtitle": "《拥抱每一天》2013年秋季合集(23)",
    "title": "拥抱每一天-20130723"
  },
  {
    "duration": 1760,
    "size": "14.1M",
    "path": "http://media.febcchinese.org/Streaming/ee/ee130724.mp3",
    "id": 6333000024,
    "albumId": 6333,
    "albumName": "《拥抱每一天》2013年秋季合集",
    "albumtitle": "《拥抱每一天》2013年秋季合集(24)",
    "title": "拥抱每一天-20130724"
  },
  {
    "duration": 1760,
    "size": "14.1M",
    "path": "http://media.febcchinese.org/Streaming/ee/ee130725.mp3",
    "id": 6333000025,
    "albumId": 6333,
    "albumName": "《拥抱每一天》2013年秋季合集",
    "albumtitle": "《拥抱每一天》2013年秋季合集(25)",
    "title": "拥抱每一天-20130725"
  },
  {
    "duration": 1760,
    "size": "14.1M",
    "path": "http://media.febcchinese.org/Streaming/ee/ee130726.mp3",
    "id": 6333000026,
    "albumId": 6333,
    "albumName": "《拥抱每一天》2013年秋季合集",
    "albumtitle": "《拥抱每一天》2013年秋季合集(26)",
    "title": "拥抱每一天-20130726"
  },
  {
    "duration": 1760,
    "size": "14.1M",
    "path": "http://media.febcchinese.org/Streaming/ee/ee130727.mp3",
    "id": 6333000027,
    "albumId": 6333,
    "albumName": "《拥抱每一天》2013年秋季合集",
    "albumtitle": "《拥抱每一天》2013年秋季合集(27)",
    "title": "拥抱每一天-20130727"
  },
  {
    "duration": 1760,
    "size": "14.1M",
    "path": "http://media.febcchinese.org/Streaming/ee/ee130728.mp3",
    "id": 6333000028,
    "albumId": 6333,
    "albumName": "《拥抱每一天》2013年秋季合集",
    "albumtitle": "《拥抱每一天》2013年秋季合集(28)",
    "title": "拥抱每一天-20130728"
  },
  {
    "duration": 1760,
    "size": "14.1M",
    "path": "http://media.febcchinese.org/Streaming/ee/ee130729.mp3",
    "id": 6333000029,
    "albumId": 6333,
    "albumName": "《拥抱每一天》2013年秋季合集",
    "albumtitle": "《拥抱每一天》2013年秋季合集(29)",
    "title": "拥抱每一天-20130729"
  },
  {
    "duration": 1760,
    "size": "14.1M",
    "path": "http://media.febcchinese.org/Streaming/ee/ee130730.mp3",
    "id": 6333000030,
    "albumId": 6333,
    "albumName": "《拥抱每一天》2013年秋季合集",
    "albumtitle": "《拥抱每一天》2013年秋季合集(30)",
    "title": "拥抱每一天-20130730"
  },
  {
    "duration": 1760,
    "size": "14.1M",
    "path": "http://media.febcchinese.org/Streaming/ee/ee130731.mp3",
    "id": 6333000031,
    "albumId": 6333,
    "albumName": "《拥抱每一天》2013年秋季合集",
    "albumtitle": "《拥抱每一天》2013年秋季合集(31)",
    "title": "拥抱每一天-20130731"
  },
  {
    "duration": 1760,
    "size": "14.1M",
    "path": "http://media.febcchinese.org/Streaming/ee/ee130801.mp3",
    "id": 6333000032,
    "albumId": 6333,
    "albumName": "《拥抱每一天》2013年秋季合集",
    "albumtitle": "《拥抱每一天》2013年秋季合集(32)",
    "title": "拥抱每一天-20130801"
  },
  {
    "duration": 1760,
    "size": "14.1M",
    "path": "http://media.febcchinese.org/Streaming/ee/ee130802.mp3",
    "id": 6333000033,
    "albumId": 6333,
    "albumName": "《拥抱每一天》2013年秋季合集",
    "albumtitle": "《拥抱每一天》2013年秋季合集(33)",
    "title": "拥抱每一天-20130802"
  },
  {
    "duration": 1760,
    "size": "14.1M",
    "path": "http://media.febcchinese.org/Streaming/ee/ee130803.mp3",
    "id": 6333000034,
    "albumId": 6333,
    "albumName": "《拥抱每一天》2013年秋季合集",
    "albumtitle": "《拥抱每一天》2013年秋季合集(34)",
    "title": "拥抱每一天-20130803"
  },
  {
    "duration": 1760,
    "size": "14.1M",
    "path": "http://media.febcchinese.org/Streaming/ee/ee130804.mp3",
    "id": 6333000035,
    "albumId": 6333,
    "albumName": "《拥抱每一天》2013年秋季合集",
    "albumtitle": "《拥抱每一天》2013年秋季合集(35)",
    "title": "拥抱每一天-20130804"
  },
  {
    "duration": 1760,
    "size": "14.1M",
    "path": "http://media.febcchinese.org/Streaming/ee/ee130805.mp3",
    "id": 6333000036,
    "albumId": 6333,
    "albumName": "《拥抱每一天》2013年秋季合集",
    "albumtitle": "《拥抱每一天》2013年秋季合集(36)",
    "title": "拥抱每一天-20130805"
  },
  {
    "duration": 1760,
    "size": "14.1M",
    "path": "http://media.febcchinese.org/Streaming/ee/ee130806.mp3",
    "id": 6333000037,
    "albumId": 6333,
    "albumName": "《拥抱每一天》2013年秋季合集",
    "albumtitle": "《拥抱每一天》2013年秋季合集(37)",
    "title": "拥抱每一天-20130806"
  },
  {
    "duration": 1760,
    "size": "14.1M",
    "path": "http://media.febcchinese.org/Streaming/ee/ee130807.mp3",
    "id": 6333000038,
    "albumId": 6333,
    "albumName": "《拥抱每一天》2013年秋季合集",
    "albumtitle": "《拥抱每一天》2013年秋季合集(38)",
    "title": "拥抱每一天-20130807"
  },
  {
    "duration": 1760,
    "size": "14.1M",
    "path": "http://media.febcchinese.org/Streaming/ee/ee130808.mp3",
    "id": 6333000039,
    "albumId": 6333,
    "albumName": "《拥抱每一天》2013年秋季合集",
    "albumtitle": "《拥抱每一天》2013年秋季合集(39)",
    "title": "拥抱每一天-20130808"
  },
  {
    "duration": 1760,
    "size": "14.1M",
    "path": "http://media.febcchinese.org/Streaming/ee/ee130809.mp3",
    "id": 6333000040,
    "albumId": 6333,
    "albumName": "《拥抱每一天》2013年秋季合集",
    "albumtitle": "《拥抱每一天》2013年秋季合集(40)",
    "title": "拥抱每一天-20130809"
  },
  {
    "duration": 1760,
    "size": "14.1M",
    "path": "http://media.febcchinese.org/Streaming/ee/ee130810.mp3",
    "id": 6333000041,
    "albumId": 6333,
    "albumName": "《拥抱每一天》2013年秋季合集",
    "albumtitle": "《拥抱每一天》2013年秋季合集(41)",
    "title": "拥抱每一天-20130810"
  },
  {
    "duration": 1760,
    "size": "14.1M",
    "path": "http://media.febcchinese.org/Streaming/ee/ee130811.mp3",
    "id": 6333000042,
    "albumId": 6333,
    "albumName": "《拥抱每一天》2013年秋季合集",
    "albumtitle": "《拥抱每一天》2013年秋季合集(42)",
    "title": "拥抱每一天-20130811"
  },
  {
    "duration": 1760,
    "size": "14.1M",
    "path": "http://media.febcchinese.org/Streaming/ee/ee130812.mp3",
    "id": 6333000043,
    "albumId": 6333,
    "albumName": "《拥抱每一天》2013年秋季合集",
    "albumtitle": "《拥抱每一天》2013年秋季合集(43)",
    "title": "拥抱每一天-20130812"
  },
  {
    "duration": 1760,
    "size": "14.1M",
    "path": "http://media.febcchinese.org/Streaming/ee/ee130813.mp3",
    "id": 6333000044,
    "albumId": 6333,
    "albumName": "《拥抱每一天》2013年秋季合集",
    "albumtitle": "《拥抱每一天》2013年秋季合集(44)",
    "title": "拥抱每一天-20130813"
  },
  {
    "duration": 1760,
    "size": "14.1M",
    "path": "http://media.febcchinese.org/Streaming/ee/ee130814.mp3",
    "id": 6333000045,
    "albumId": 6333,
    "albumName": "《拥抱每一天》2013年秋季合集",
    "albumtitle": "《拥抱每一天》2013年秋季合集(45)",
    "title": "拥抱每一天-20130814"
  },
  {
    "duration": 1760,
    "size": "14.1M",
    "path": "http://media.febcchinese.org/Streaming/ee/ee130815.mp3",
    "id": 6333000046,
    "albumId": 6333,
    "albumName": "《拥抱每一天》2013年秋季合集",
    "albumtitle": "《拥抱每一天》2013年秋季合集(46)",
    "title": "拥抱每一天-20130815"
  },
  {
    "duration": 1760,
    "size": "14.1M",
    "path": "http://media.febcchinese.org/Streaming/ee/ee130816.mp3",
    "id": 6333000047,
    "albumId": 6333,
    "albumName": "《拥抱每一天》2013年秋季合集",
    "albumtitle": "《拥抱每一天》2013年秋季合集(47)",
    "title": "拥抱每一天-20130816"
  },
  {
    "duration": 1760,
    "size": "14.1M",
    "path": "http://media.febcchinese.org/Streaming/ee/ee130817.mp3",
    "id": 6333000048,
    "albumId": 6333,
    "albumName": "《拥抱每一天》2013年秋季合集",
    "albumtitle": "《拥抱每一天》2013年秋季合集(48)",
    "title": "拥抱每一天-20130817"
  },
  {
    "duration": 1760,
    "size": "14.1M",
    "path": "http://media.febcchinese.org/Streaming/ee/ee130818.mp3",
    "id": 6333000049,
    "albumId": 6333,
    "albumName": "《拥抱每一天》2013年秋季合集",
    "albumtitle": "《拥抱每一天》2013年秋季合集(49)",
    "title": "拥抱每一天-20130818"
  },
  {
    "duration": 1760,
    "size": "14.1M",
    "path": "http://media.febcchinese.org/Streaming/ee/ee130819.mp3",
    "id": 6333000050,
    "albumId": 6333,
    "albumName": "《拥抱每一天》2013年秋季合集",
    "albumtitle": "《拥抱每一天》2013年秋季合集(50)",
    "title": "拥抱每一天-20130819"
  },
  {
    "duration": 1760,
    "size": "14.1M",
    "path": "http://media.febcchinese.org/Streaming/ee/ee130820.mp3",
    "id": 6333000051,
    "albumId": 6333,
    "albumName": "《拥抱每一天》2013年秋季合集",
    "albumtitle": "《拥抱每一天》2013年秋季合集(51)",
    "title": "拥抱每一天-20130820"
  },
  {
    "duration": 1760,
    "size": "14.1M",
    "path": "http://media.febcchinese.org/Streaming/ee/ee130821.mp3",
    "id": 6333000052,
    "albumId": 6333,
    "albumName": "《拥抱每一天》2013年秋季合集",
    "albumtitle": "《拥抱每一天》2013年秋季合集(52)",
    "title": "拥抱每一天-20130821"
  },
  {
    "duration": 1760,
    "size": "14.1M",
    "path": "http://media.febcchinese.org/Streaming/ee/ee130822.mp3",
    "id": 6333000053,
    "albumId": 6333,
    "albumName": "《拥抱每一天》2013年秋季合集",
    "albumtitle": "《拥抱每一天》2013年秋季合集(53)",
    "title": "拥抱每一天-20130822"
  },
  {
    "duration": 1760,
    "size": "14.1M",
    "path": "http://media.febcchinese.org/Streaming/ee/ee130823.mp3",
    "id": 6333000054,
    "albumId": 6333,
    "albumName": "《拥抱每一天》2013年秋季合集",
    "albumtitle": "《拥抱每一天》2013年秋季合集(54)",
    "title": "拥抱每一天-20130823"
  },
  {
    "duration": 1760,
    "size": "14.1M",
    "path": "http://media.febcchinese.org/Streaming/ee/ee130824.mp3",
    "id": 6333000055,
    "albumId": 6333,
    "albumName": "《拥抱每一天》2013年秋季合集",
    "albumtitle": "《拥抱每一天》2013年秋季合集(55)",
    "title": "拥抱每一天-20130824"
  },
  {
    "duration": 1760,
    "size": "14.1M",
    "path": "http://media.febcchinese.org/Streaming/ee/ee130825.mp3",
    "id": 6333000056,
    "albumId": 6333,
    "albumName": "《拥抱每一天》2013年秋季合集",
    "albumtitle": "《拥抱每一天》2013年秋季合集(56)",
    "title": "拥抱每一天-20130825"
  },
  {
    "duration": 1760,
    "size": "14.1M",
    "path": "http://media.febcchinese.org/Streaming/ee/ee130826.mp3",
    "id": 6333000057,
    "albumId": 6333,
    "albumName": "《拥抱每一天》2013年秋季合集",
    "albumtitle": "《拥抱每一天》2013年秋季合集(57)",
    "title": "拥抱每一天-20130826"
  },
  {
    "duration": 1760,
    "size": "14.1M",
    "path": "http://media.febcchinese.org/Streaming/ee/ee130827.mp3",
    "id": 6333000058,
    "albumId": 6333,
    "albumName": "《拥抱每一天》2013年秋季合集",
    "albumtitle": "《拥抱每一天》2013年秋季合集(58)",
    "title": "拥抱每一天-20130827"
  },
  {
    "duration": 1760,
    "size": "14.1M",
    "path": "http://media.febcchinese.org/Streaming/ee/ee130828.mp3",
    "id": 6333000059,
    "albumId": 6333,
    "albumName": "《拥抱每一天》2013年秋季合集",
    "albumtitle": "《拥抱每一天》2013年秋季合集(59)",
    "title": "拥抱每一天-20130828"
  },
  {
    "duration": 1760,
    "size": "14.1M",
    "path": "http://media.febcchinese.org/Streaming/ee/ee130829.mp3",
    "id": 6333000060,
    "albumId": 6333,
    "albumName": "《拥抱每一天》2013年秋季合集",
    "albumtitle": "《拥抱每一天》2013年秋季合集(60)",
    "title": "拥抱每一天-20130829"
  },
  {
    "duration": 1760,
    "size": "14.1M",
    "path": "http://media.febcchinese.org/Streaming/ee/ee130830.mp3",
    "id": 6333000061,
    "albumId": 6333,
    "albumName": "《拥抱每一天》2013年秋季合集",
    "albumtitle": "《拥抱每一天》2013年秋季合集(61)",
    "title": "拥抱每一天-20130830"
  },
  {
    "duration": 1760,
    "size": "14.1M",
    "path": "http://media.febcchinese.org/Streaming/ee/ee130831.mp3",
    "id": 6333000062,
    "albumId": 6333,
    "albumName": "《拥抱每一天》2013年秋季合集",
    "albumtitle": "《拥抱每一天》2013年秋季合集(62)",
    "title": "拥抱每一天-20130831"
  },
  {
    "duration": 1760,
    "size": "14.1M",
    "path": "http://media.febcchinese.org/Streaming/ee/ee130901.mp3",
    "id": 6333000063,
    "albumId": 6333,
    "albumName": "《拥抱每一天》2013年秋季合集",
    "albumtitle": "《拥抱每一天》2013年秋季合集(63)",
    "title": "拥抱每一天-20130901"
  },
  {
    "duration": 1760,
    "size": "14.1M",
    "path": "http://media.febcchinese.org/Streaming/ee/ee130902.mp3",
    "id": 6333000064,
    "albumId": 6333,
    "albumName": "《拥抱每一天》2013年秋季合集",
    "albumtitle": "《拥抱每一天》2013年秋季合集(64)",
    "title": "拥抱每一天-20130902"
  },
  {
    "duration": 1760,
    "size": "14.1M",
    "path": "http://media.febcchinese.org/Streaming/ee/ee130903.mp3",
    "id": 6333000065,
    "albumId": 6333,
    "albumName": "《拥抱每一天》2013年秋季合集",
    "albumtitle": "《拥抱每一天》2013年秋季合集(65)",
    "title": "拥抱每一天-20130903"
  },
  {
    "duration": 1760,
    "size": "14.1M",
    "path": "http://media.febcchinese.org/Streaming/ee/ee130904.mp3",
    "id": 6333000066,
    "albumId": 6333,
    "albumName": "《拥抱每一天》2013年秋季合集",
    "albumtitle": "《拥抱每一天》2013年秋季合集(66)",
    "title": "拥抱每一天-20130904"
  },
  {
    "duration": 1760,
    "size": "14.1M",
    "path": "http://media.febcchinese.org/Streaming/ee/ee130905.mp3",
    "id": 6333000067,
    "albumId": 6333,
    "albumName": "《拥抱每一天》2013年秋季合集",
    "albumtitle": "《拥抱每一天》2013年秋季合集(67)",
    "title": "拥抱每一天-20130905"
  },
  {
    "duration": 1760,
    "size": "14.1M",
    "path": "http://media.febcchinese.org/Streaming/ee/ee130906.mp3",
    "id": 6333000068,
    "albumId": 6333,
    "albumName": "《拥抱每一天》2013年秋季合集",
    "albumtitle": "《拥抱每一天》2013年秋季合集(68)",
    "title": "拥抱每一天-20130906"
  },
  {
    "duration": 1760,
    "size": "14.1M",
    "path": "http://media.febcchinese.org/Streaming/ee/ee130907.mp3",
    "id": 6333000069,
    "albumId": 6333,
    "albumName": "《拥抱每一天》2013年秋季合集",
    "albumtitle": "《拥抱每一天》2013年秋季合集(69)",
    "title": "拥抱每一天-20130907"
  },
  {
    "duration": 1760,
    "size": "14.1M",
    "path": "http://media.febcchinese.org/Streaming/ee/ee130908.mp3",
    "id": 6333000070,
    "albumId": 6333,
    "albumName": "《拥抱每一天》2013年秋季合集",
    "albumtitle": "《拥抱每一天》2013年秋季合集(70)",
    "title": "拥抱每一天-20130908"
  },
  {
    "duration": 1760,
    "size": "14.1M",
    "path": "http://media.febcchinese.org/Streaming/ee/ee130909.mp3",
    "id": 6333000071,
    "albumId": 6333,
    "albumName": "《拥抱每一天》2013年秋季合集",
    "albumtitle": "《拥抱每一天》2013年秋季合集(71)",
    "title": "拥抱每一天-20130909"
  },
  {
    "duration": 1760,
    "size": "14.1M",
    "path": "http://media.febcchinese.org/Streaming/ee/ee130910.mp3",
    "id": 6333000072,
    "albumId": 6333,
    "albumName": "《拥抱每一天》2013年秋季合集",
    "albumtitle": "《拥抱每一天》2013年秋季合集(72)",
    "title": "拥抱每一天-20130910"
  },
  {
    "duration": 1760,
    "size": "14.1M",
    "path": "http://media.febcchinese.org/Streaming/ee/ee130911.mp3",
    "id": 6333000073,
    "albumId": 6333,
    "albumName": "《拥抱每一天》2013年秋季合集",
    "albumtitle": "《拥抱每一天》2013年秋季合集(73)",
    "title": "拥抱每一天-20130911"
  },
  {
    "duration": 1760,
    "size": "14.1M",
    "path": "http://media.febcchinese.org/Streaming/ee/ee130912.mp3",
    "id": 6333000074,
    "albumId": 6333,
    "albumName": "《拥抱每一天》2013年秋季合集",
    "albumtitle": "《拥抱每一天》2013年秋季合集(74)",
    "title": "拥抱每一天-20130912"
  },
  {
    "duration": 1760,
    "size": "14.1M",
    "path": "http://media.febcchinese.org/Streaming/ee/ee130913.mp3",
    "id": 6333000075,
    "albumId": 6333,
    "albumName": "《拥抱每一天》2013年秋季合集",
    "albumtitle": "《拥抱每一天》2013年秋季合集(75)",
    "title": "拥抱每一天-20130913"
  },
  {
    "duration": 1760,
    "size": "14.1M",
    "path": "http://media.febcchinese.org/Streaming/ee/ee130914.mp3",
    "id": 6333000076,
    "albumId": 6333,
    "albumName": "《拥抱每一天》2013年秋季合集",
    "albumtitle": "《拥抱每一天》2013年秋季合集(76)",
    "title": "拥抱每一天-20130914"
  },
  {
    "duration": 1760,
    "size": "14.1M",
    "path": "http://media.febcchinese.org/Streaming/ee/ee130915.mp3",
    "id": 6333000077,
    "albumId": 6333,
    "albumName": "《拥抱每一天》2013年秋季合集",
    "albumtitle": "《拥抱每一天》2013年秋季合集(77)",
    "title": "拥抱每一天-20130915"
  },
  {
    "duration": 1760,
    "size": "14.1M",
    "path": "http://media.febcchinese.org/Streaming/ee/ee130916.mp3",
    "id": 6333000078,
    "albumId": 6333,
    "albumName": "《拥抱每一天》2013年秋季合集",
    "albumtitle": "《拥抱每一天》2013年秋季合集(78)",
    "title": "拥抱每一天-20130916"
  },
  {
    "duration": 1760,
    "size": "14.1M",
    "path": "http://media.febcchinese.org/Streaming/ee/ee130917.mp3",
    "id": 6333000079,
    "albumId": 6333,
    "albumName": "《拥抱每一天》2013年秋季合集",
    "albumtitle": "《拥抱每一天》2013年秋季合集(79)",
    "title": "拥抱每一天-20130917"
  },
  {
    "duration": 1760,
    "size": "14.1M",
    "path": "http://media.febcchinese.org/Streaming/ee/ee130918.mp3",
    "id": 6333000080,
    "albumId": 6333,
    "albumName": "《拥抱每一天》2013年秋季合集",
    "albumtitle": "《拥抱每一天》2013年秋季合集(80)",
    "title": "拥抱每一天-20130918"
  },
  {
    "duration": 1760,
    "size": "14.1M",
    "path": "http://media.febcchinese.org/Streaming/ee/ee130919.mp3",
    "id": 6333000081,
    "albumId": 6333,
    "albumName": "《拥抱每一天》2013年秋季合集",
    "albumtitle": "《拥抱每一天》2013年秋季合集(81)",
    "title": "拥抱每一天-20130919"
  },
  {
    "duration": 1760,
    "size": "14.1M",
    "path": "http://media.febcchinese.org/Streaming/ee/ee130920.mp3",
    "id": 6333000082,
    "albumId": 6333,
    "albumName": "《拥抱每一天》2013年秋季合集",
    "albumtitle": "《拥抱每一天》2013年秋季合集(82)",
    "title": "拥抱每一天-20130920"
  },
  {
    "duration": 1760,
    "size": "14.1M",
    "path": "http://media.febcchinese.org/Streaming/ee/ee130921.mp3",
    "id": 6333000083,
    "albumId": 6333,
    "albumName": "《拥抱每一天》2013年秋季合集",
    "albumtitle": "《拥抱每一天》2013年秋季合集(83)",
    "title": "拥抱每一天-20130921"
  },
  {
    "duration": 1760,
    "size": "14.1M",
    "path": "http://media.febcchinese.org/Streaming/ee/ee130922.mp3",
    "id": 6333000084,
    "albumId": 6333,
    "albumName": "《拥抱每一天》2013年秋季合集",
    "albumtitle": "《拥抱每一天》2013年秋季合集(84)",
    "title": "拥抱每一天-20130922"
  },
  {
    "duration": 1760,
    "size": "14.1M",
    "path": "http://media.febcchinese.org/Streaming/ee/ee130923.mp3",
    "id": 6333000085,
    "albumId": 6333,
    "albumName": "《拥抱每一天》2013年秋季合集",
    "albumtitle": "《拥抱每一天》2013年秋季合集(85)",
    "title": "拥抱每一天-20130923"
  },
  {
    "duration": 1760,
    "size": "14.1M",
    "path": "http://media.febcchinese.org/Streaming/ee/ee130924.mp3",
    "id": 6333000086,
    "albumId": 6333,
    "albumName": "《拥抱每一天》2013年秋季合集",
    "albumtitle": "《拥抱每一天》2013年秋季合集(86)",
    "title": "拥抱每一天-20130924"
  },
  {
    "duration": 1760,
    "size": "14.1M",
    "path": "http://media.febcchinese.org/Streaming/ee/ee130925.mp3",
    "id": 6333000087,
    "albumId": 6333,
    "albumName": "《拥抱每一天》2013年秋季合集",
    "albumtitle": "《拥抱每一天》2013年秋季合集(87)",
    "title": "拥抱每一天-20130925"
  },
  {
    "duration": 1760,
    "size": "14.1M",
    "path": "http://media.febcchinese.org/Streaming/ee/ee130926.mp3",
    "id": 6333000088,
    "albumId": 6333,
    "albumName": "《拥抱每一天》2013年秋季合集",
    "albumtitle": "《拥抱每一天》2013年秋季合集(88)",
    "title": "拥抱每一天-20130926"
  },
  {
    "duration": 1760,
    "size": "14.1M",
    "path": "http://media.febcchinese.org/Streaming/ee/ee130927.mp3",
    "id": 6333000089,
    "albumId": 6333,
    "albumName": "《拥抱每一天》2013年秋季合集",
    "albumtitle": "《拥抱每一天》2013年秋季合集(89)",
    "title": "拥抱每一天-20130927"
  },
  {
    "duration": 1760,
    "size": "14.1M",
    "path": "http://media.febcchinese.org/Streaming/ee/ee130928.mp3",
    "id": 6333000090,
    "albumId": 6333,
    "albumName": "《拥抱每一天》2013年秋季合集",
    "albumtitle": "《拥抱每一天》2013年秋季合集(90)",
    "title": "拥抱每一天-20130928"
  },
  {
    "duration": 1760,
    "size": "14.1M",
    "path": "http://media.febcchinese.org/Streaming/ee/ee130929.mp3",
    "id": 6333000091,
    "albumId": 6333,
    "albumName": "《拥抱每一天》2013年秋季合集",
    "albumtitle": "《拥抱每一天》2013年秋季合集(91)",
    "title": "拥抱每一天-20130929"
  },
  {
    "duration": 1760,
    "size": "14.1M",
    "path": "http://media.febcchinese.org/Streaming/ee/ee130930.mp3",
    "id": 6333000092,
    "albumId": 6333,
    "albumName": "《拥抱每一天》2013年秋季合集",
    "albumtitle": "《拥抱每一天》2013年秋季合集(92)",
    "title": "拥抱每一天-20130930"
  }
]