[{
  "duration": 1760,
  "size": "14.1M",
  "path": "http://media.febcchinese.org/Streaming/ee/ee120401.mp3",
  "id": 6328000001,
  "albumId": 6328,
  "albumName": "《拥抱每一天》2012年夏季合集",
  "albumtitle": "《拥抱每一天》2012年夏季合集(1)",
  "title": "拥抱每一天-20120401"
},
  {
    "duration": 1760,
    "size": "14.1M",
    "path": "http://media.febcchinese.org/Streaming/ee/ee120402.mp3",
    "id": 6328000002,
    "albumId": 6328,
    "albumName": "《拥抱每一天》2012年夏季合集",
    "albumtitle": "《拥抱每一天》2012年夏季合集(2)",
    "title": "拥抱每一天-20120402"
  },
  {
    "duration": 1760,
    "size": "14.1M",
    "path": "http://media.febcchinese.org/Streaming/ee/ee120403.mp3",
    "id": 6328000003,
    "albumId": 6328,
    "albumName": "《拥抱每一天》2012年夏季合集",
    "albumtitle": "《拥抱每一天》2012年夏季合集(3)",
    "title": "拥抱每一天-20120403"
  },
  {
    "duration": 1760,
    "size": "14.1M",
    "path": "http://media.febcchinese.org/Streaming/ee/ee120404.mp3",
    "id": 6328000004,
    "albumId": 6328,
    "albumName": "《拥抱每一天》2012年夏季合集",
    "albumtitle": "《拥抱每一天》2012年夏季合集(4)",
    "title": "拥抱每一天-20120404"
  },
  {
    "duration": 1760,
    "size": "14.1M",
    "path": "http://media.febcchinese.org/Streaming/ee/ee120405.mp3",
    "id": 6328000005,
    "albumId": 6328,
    "albumName": "《拥抱每一天》2012年夏季合集",
    "albumtitle": "《拥抱每一天》2012年夏季合集(5)",
    "title": "拥抱每一天-20120405"
  },
  {
    "duration": 1760,
    "size": "14.1M",
    "path": "http://media.febcchinese.org/Streaming/ee/ee120406.mp3",
    "id": 6328000006,
    "albumId": 6328,
    "albumName": "《拥抱每一天》2012年夏季合集",
    "albumtitle": "《拥抱每一天》2012年夏季合集(6)",
    "title": "拥抱每一天-20120406"
  },
  {
    "duration": 1760,
    "size": "14.1M",
    "path": "http://media.febcchinese.org/Streaming/ee/ee120407.mp3",
    "id": 6328000007,
    "albumId": 6328,
    "albumName": "《拥抱每一天》2012年夏季合集",
    "albumtitle": "《拥抱每一天》2012年夏季合集(7)",
    "title": "拥抱每一天-20120407"
  },
  {
    "duration": 1760,
    "size": "14.1M",
    "path": "http://media.febcchinese.org/Streaming/ee/ee120408.mp3",
    "id": 6328000008,
    "albumId": 6328,
    "albumName": "《拥抱每一天》2012年夏季合集",
    "albumtitle": "《拥抱每一天》2012年夏季合集(8)",
    "title": "拥抱每一天-20120408"
  },
  {
    "duration": 1760,
    "size": "14.1M",
    "path": "http://media.febcchinese.org/Streaming/ee/ee120409.mp3",
    "id": 6328000009,
    "albumId": 6328,
    "albumName": "《拥抱每一天》2012年夏季合集",
    "albumtitle": "《拥抱每一天》2012年夏季合集(9)",
    "title": "拥抱每一天-20120409"
  },
  {
    "duration": 1760,
    "size": "14.1M",
    "path": "http://media.febcchinese.org/Streaming/ee/ee120410.mp3",
    "id": 6328000010,
    "albumId": 6328,
    "albumName": "《拥抱每一天》2012年夏季合集",
    "albumtitle": "《拥抱每一天》2012年夏季合集(10)",
    "title": "拥抱每一天-20120410"
  },
  {
    "duration": 1760,
    "size": "14.1M",
    "path": "http://media.febcchinese.org/Streaming/ee/ee120411.mp3",
    "id": 6328000011,
    "albumId": 6328,
    "albumName": "《拥抱每一天》2012年夏季合集",
    "albumtitle": "《拥抱每一天》2012年夏季合集(11)",
    "title": "拥抱每一天-20120411"
  },
  {
    "duration": 1760,
    "size": "14.1M",
    "path": "http://media.febcchinese.org/Streaming/ee/ee120412.mp3",
    "id": 6328000012,
    "albumId": 6328,
    "albumName": "《拥抱每一天》2012年夏季合集",
    "albumtitle": "《拥抱每一天》2012年夏季合集(12)",
    "title": "拥抱每一天-20120412"
  },
  {
    "duration": 1760,
    "size": "14.1M",
    "path": "http://media.febcchinese.org/Streaming/ee/ee120413.mp3",
    "id": 6328000013,
    "albumId": 6328,
    "albumName": "《拥抱每一天》2012年夏季合集",
    "albumtitle": "《拥抱每一天》2012年夏季合集(13)",
    "title": "拥抱每一天-20120413"
  },
  {
    "duration": 1760,
    "size": "14.1M",
    "path": "http://media.febcchinese.org/Streaming/ee/ee120414.mp3",
    "id": 6328000014,
    "albumId": 6328,
    "albumName": "《拥抱每一天》2012年夏季合集",
    "albumtitle": "《拥抱每一天》2012年夏季合集(14)",
    "title": "拥抱每一天-20120414"
  },
  {
    "duration": 1760,
    "size": "14.1M",
    "path": "http://media.febcchinese.org/Streaming/ee/ee120415.mp3",
    "id": 6328000015,
    "albumId": 6328,
    "albumName": "《拥抱每一天》2012年夏季合集",
    "albumtitle": "《拥抱每一天》2012年夏季合集(15)",
    "title": "拥抱每一天-20120415"
  },
  {
    "duration": 1760,
    "size": "14.1M",
    "path": "http://media.febcchinese.org/Streaming/ee/ee120416.mp3",
    "id": 6328000016,
    "albumId": 6328,
    "albumName": "《拥抱每一天》2012年夏季合集",
    "albumtitle": "《拥抱每一天》2012年夏季合集(16)",
    "title": "拥抱每一天-20120416"
  },
  {
    "duration": 1760,
    "size": "14.1M",
    "path": "http://media.febcchinese.org/Streaming/ee/ee120417.mp3",
    "id": 6328000017,
    "albumId": 6328,
    "albumName": "《拥抱每一天》2012年夏季合集",
    "albumtitle": "《拥抱每一天》2012年夏季合集(17)",
    "title": "拥抱每一天-20120417"
  },
  {
    "duration": 1760,
    "size": "14.1M",
    "path": "http://media.febcchinese.org/Streaming/ee/ee120418.mp3",
    "id": 6328000018,
    "albumId": 6328,
    "albumName": "《拥抱每一天》2012年夏季合集",
    "albumtitle": "《拥抱每一天》2012年夏季合集(18)",
    "title": "拥抱每一天-20120418"
  },
  {
    "duration": 1760,
    "size": "14.1M",
    "path": "http://media.febcchinese.org/Streaming/ee/ee120419.mp3",
    "id": 6328000019,
    "albumId": 6328,
    "albumName": "《拥抱每一天》2012年夏季合集",
    "albumtitle": "《拥抱每一天》2012年夏季合集(19)",
    "title": "拥抱每一天-20120419"
  },
  {
    "duration": 1760,
    "size": "14.1M",
    "path": "http://media.febcchinese.org/Streaming/ee/ee120420.mp3",
    "id": 6328000020,
    "albumId": 6328,
    "albumName": "《拥抱每一天》2012年夏季合集",
    "albumtitle": "《拥抱每一天》2012年夏季合集(20)",
    "title": "拥抱每一天-20120420"
  },
  {
    "duration": 1760,
    "size": "14.1M",
    "path": "http://media.febcchinese.org/Streaming/ee/ee120421.mp3",
    "id": 6328000021,
    "albumId": 6328,
    "albumName": "《拥抱每一天》2012年夏季合集",
    "albumtitle": "《拥抱每一天》2012年夏季合集(21)",
    "title": "拥抱每一天-20120421"
  },
  {
    "duration": 1760,
    "size": "14.1M",
    "path": "http://media.febcchinese.org/Streaming/ee/ee120422.mp3",
    "id": 6328000022,
    "albumId": 6328,
    "albumName": "《拥抱每一天》2012年夏季合集",
    "albumtitle": "《拥抱每一天》2012年夏季合集(22)",
    "title": "拥抱每一天-20120422"
  },
  {
    "duration": 1760,
    "size": "14.1M",
    "path": "http://media.febcchinese.org/Streaming/ee/ee120423.mp3",
    "id": 6328000023,
    "albumId": 6328,
    "albumName": "《拥抱每一天》2012年夏季合集",
    "albumtitle": "《拥抱每一天》2012年夏季合集(23)",
    "title": "拥抱每一天-20120423"
  },
  {
    "duration": 1760,
    "size": "14.1M",
    "path": "http://media.febcchinese.org/Streaming/ee/ee120424.mp3",
    "id": 6328000024,
    "albumId": 6328,
    "albumName": "《拥抱每一天》2012年夏季合集",
    "albumtitle": "《拥抱每一天》2012年夏季合集(24)",
    "title": "拥抱每一天-20120424"
  },
  {
    "duration": 1760,
    "size": "14.1M",
    "path": "http://media.febcchinese.org/Streaming/ee/ee120425.mp3",
    "id": 6328000025,
    "albumId": 6328,
    "albumName": "《拥抱每一天》2012年夏季合集",
    "albumtitle": "《拥抱每一天》2012年夏季合集(25)",
    "title": "拥抱每一天-20120425"
  },
  {
    "duration": 1760,
    "size": "14.1M",
    "path": "http://media.febcchinese.org/Streaming/ee/ee120426.mp3",
    "id": 6328000026,
    "albumId": 6328,
    "albumName": "《拥抱每一天》2012年夏季合集",
    "albumtitle": "《拥抱每一天》2012年夏季合集(26)",
    "title": "拥抱每一天-20120426"
  },
  {
    "duration": 1760,
    "size": "14.1M",
    "path": "http://media.febcchinese.org/Streaming/ee/ee120427.mp3",
    "id": 6328000027,
    "albumId": 6328,
    "albumName": "《拥抱每一天》2012年夏季合集",
    "albumtitle": "《拥抱每一天》2012年夏季合集(27)",
    "title": "拥抱每一天-20120427"
  },
  {
    "duration": 1760,
    "size": "14.1M",
    "path": "http://media.febcchinese.org/Streaming/ee/ee120428.mp3",
    "id": 6328000028,
    "albumId": 6328,
    "albumName": "《拥抱每一天》2012年夏季合集",
    "albumtitle": "《拥抱每一天》2012年夏季合集(28)",
    "title": "拥抱每一天-20120428"
  },
  {
    "duration": 1760,
    "size": "14.1M",
    "path": "http://media.febcchinese.org/Streaming/ee/ee120429.mp3",
    "id": 6328000029,
    "albumId": 6328,
    "albumName": "《拥抱每一天》2012年夏季合集",
    "albumtitle": "《拥抱每一天》2012年夏季合集(29)",
    "title": "拥抱每一天-20120429"
  },
  {
    "duration": 1760,
    "size": "14.1M",
    "path": "http://media.febcchinese.org/Streaming/ee/ee120430.mp3",
    "id": 6328000030,
    "albumId": 6328,
    "albumName": "《拥抱每一天》2012年夏季合集",
    "albumtitle": "《拥抱每一天》2012年夏季合集(30)",
    "title": "拥抱每一天-20120430"
  },
  {
    "duration": 1760,
    "size": "14.1M",
    "path": "http://media.febcchinese.org/Streaming/ee/ee120501.mp3",
    "id": 6328000031,
    "albumId": 6328,
    "albumName": "《拥抱每一天》2012年夏季合集",
    "albumtitle": "《拥抱每一天》2012年夏季合集(31)",
    "title": "拥抱每一天-20120501"
  },
  {
    "duration": 1760,
    "size": "14.1M",
    "path": "http://media.febcchinese.org/Streaming/ee/ee120502.mp3",
    "id": 6328000032,
    "albumId": 6328,
    "albumName": "《拥抱每一天》2012年夏季合集",
    "albumtitle": "《拥抱每一天》2012年夏季合集(32)",
    "title": "拥抱每一天-20120502"
  },
  {
    "duration": 1760,
    "size": "14.1M",
    "path": "http://media.febcchinese.org/Streaming/ee/ee120503.mp3",
    "id": 6328000033,
    "albumId": 6328,
    "albumName": "《拥抱每一天》2012年夏季合集",
    "albumtitle": "《拥抱每一天》2012年夏季合集(33)",
    "title": "拥抱每一天-20120503"
  },
  {
    "duration": 1760,
    "size": "14.1M",
    "path": "http://media.febcchinese.org/Streaming/ee/ee120504.mp3",
    "id": 6328000034,
    "albumId": 6328,
    "albumName": "《拥抱每一天》2012年夏季合集",
    "albumtitle": "《拥抱每一天》2012年夏季合集(34)",
    "title": "拥抱每一天-20120504"
  },
  {
    "duration": 1760,
    "size": "14.1M",
    "path": "http://media.febcchinese.org/Streaming/ee/ee120505.mp3",
    "id": 6328000035,
    "albumId": 6328,
    "albumName": "《拥抱每一天》2012年夏季合集",
    "albumtitle": "《拥抱每一天》2012年夏季合集(35)",
    "title": "拥抱每一天-20120505"
  },
  {
    "duration": 1760,
    "size": "14.1M",
    "path": "http://media.febcchinese.org/Streaming/ee/ee120506.mp3",
    "id": 6328000036,
    "albumId": 6328,
    "albumName": "《拥抱每一天》2012年夏季合集",
    "albumtitle": "《拥抱每一天》2012年夏季合集(36)",
    "title": "拥抱每一天-20120506"
  },
  {
    "duration": 1760,
    "size": "14.1M",
    "path": "http://media.febcchinese.org/Streaming/ee/ee120507.mp3",
    "id": 6328000037,
    "albumId": 6328,
    "albumName": "《拥抱每一天》2012年夏季合集",
    "albumtitle": "《拥抱每一天》2012年夏季合集(37)",
    "title": "拥抱每一天-20120507"
  },
  {
    "duration": 1760,
    "size": "14.1M",
    "path": "http://media.febcchinese.org/Streaming/ee/ee120508.mp3",
    "id": 6328000038,
    "albumId": 6328,
    "albumName": "《拥抱每一天》2012年夏季合集",
    "albumtitle": "《拥抱每一天》2012年夏季合集(38)",
    "title": "拥抱每一天-20120508"
  },
  {
    "duration": 1760,
    "size": "14.1M",
    "path": "http://media.febcchinese.org/Streaming/ee/ee120509.mp3",
    "id": 6328000039,
    "albumId": 6328,
    "albumName": "《拥抱每一天》2012年夏季合集",
    "albumtitle": "《拥抱每一天》2012年夏季合集(39)",
    "title": "拥抱每一天-20120509"
  },
  {
    "duration": 1760,
    "size": "14.1M",
    "path": "http://media.febcchinese.org/Streaming/ee/ee120510.mp3",
    "id": 6328000040,
    "albumId": 6328,
    "albumName": "《拥抱每一天》2012年夏季合集",
    "albumtitle": "《拥抱每一天》2012年夏季合集(40)",
    "title": "拥抱每一天-20120510"
  },
  {
    "duration": 1760,
    "size": "14.1M",
    "path": "http://media.febcchinese.org/Streaming/ee/ee120511.mp3",
    "id": 6328000041,
    "albumId": 6328,
    "albumName": "《拥抱每一天》2012年夏季合集",
    "albumtitle": "《拥抱每一天》2012年夏季合集(41)",
    "title": "拥抱每一天-20120511"
  },
  {
    "duration": 1760,
    "size": "14.1M",
    "path": "http://media.febcchinese.org/Streaming/ee/ee120512.mp3",
    "id": 6328000042,
    "albumId": 6328,
    "albumName": "《拥抱每一天》2012年夏季合集",
    "albumtitle": "《拥抱每一天》2012年夏季合集(42)",
    "title": "拥抱每一天-20120512"
  },
  {
    "duration": 1760,
    "size": "14.1M",
    "path": "http://media.febcchinese.org/Streaming/ee/ee120513.mp3",
    "id": 6328000043,
    "albumId": 6328,
    "albumName": "《拥抱每一天》2012年夏季合集",
    "albumtitle": "《拥抱每一天》2012年夏季合集(43)",
    "title": "拥抱每一天-20120513"
  },
  {
    "duration": 1760,
    "size": "14.1M",
    "path": "http://media.febcchinese.org/Streaming/ee/ee120514.mp3",
    "id": 6328000044,
    "albumId": 6328,
    "albumName": "《拥抱每一天》2012年夏季合集",
    "albumtitle": "《拥抱每一天》2012年夏季合集(44)",
    "title": "拥抱每一天-20120514"
  },
  {
    "duration": 1760,
    "size": "14.1M",
    "path": "http://media.febcchinese.org/Streaming/ee/ee120515.mp3",
    "id": 6328000045,
    "albumId": 6328,
    "albumName": "《拥抱每一天》2012年夏季合集",
    "albumtitle": "《拥抱每一天》2012年夏季合集(45)",
    "title": "拥抱每一天-20120515"
  },
  {
    "duration": 1760,
    "size": "14.1M",
    "path": "http://media.febcchinese.org/Streaming/ee/ee120516.mp3",
    "id": 6328000046,
    "albumId": 6328,
    "albumName": "《拥抱每一天》2012年夏季合集",
    "albumtitle": "《拥抱每一天》2012年夏季合集(46)",
    "title": "拥抱每一天-20120516"
  },
  {
    "duration": 1760,
    "size": "14.1M",
    "path": "http://media.febcchinese.org/Streaming/ee/ee120517.mp3",
    "id": 6328000047,
    "albumId": 6328,
    "albumName": "《拥抱每一天》2012年夏季合集",
    "albumtitle": "《拥抱每一天》2012年夏季合集(47)",
    "title": "拥抱每一天-20120517"
  },
  {
    "duration": 1760,
    "size": "14.1M",
    "path": "http://media.febcchinese.org/Streaming/ee/ee120518.mp3",
    "id": 6328000048,
    "albumId": 6328,
    "albumName": "《拥抱每一天》2012年夏季合集",
    "albumtitle": "《拥抱每一天》2012年夏季合集(48)",
    "title": "拥抱每一天-20120518"
  },
  {
    "duration": 1760,
    "size": "14.1M",
    "path": "http://media.febcchinese.org/Streaming/ee/ee120519.mp3",
    "id": 6328000049,
    "albumId": 6328,
    "albumName": "《拥抱每一天》2012年夏季合集",
    "albumtitle": "《拥抱每一天》2012年夏季合集(49)",
    "title": "拥抱每一天-20120519"
  },
  {
    "duration": 1760,
    "size": "14.1M",
    "path": "http://media.febcchinese.org/Streaming/ee/ee120520.mp3",
    "id": 6328000050,
    "albumId": 6328,
    "albumName": "《拥抱每一天》2012年夏季合集",
    "albumtitle": "《拥抱每一天》2012年夏季合集(50)",
    "title": "拥抱每一天-20120520"
  },
  {
    "duration": 1760,
    "size": "14.1M",
    "path": "http://media.febcchinese.org/Streaming/ee/ee120521.mp3",
    "id": 6328000051,
    "albumId": 6328,
    "albumName": "《拥抱每一天》2012年夏季合集",
    "albumtitle": "《拥抱每一天》2012年夏季合集(51)",
    "title": "拥抱每一天-20120521"
  },
  {
    "duration": 1760,
    "size": "14.1M",
    "path": "http://media.febcchinese.org/Streaming/ee/ee120522.mp3",
    "id": 6328000052,
    "albumId": 6328,
    "albumName": "《拥抱每一天》2012年夏季合集",
    "albumtitle": "《拥抱每一天》2012年夏季合集(52)",
    "title": "拥抱每一天-20120522"
  },
  {
    "duration": 1760,
    "size": "14.1M",
    "path": "http://media.febcchinese.org/Streaming/ee/ee120523.mp3",
    "id": 6328000053,
    "albumId": 6328,
    "albumName": "《拥抱每一天》2012年夏季合集",
    "albumtitle": "《拥抱每一天》2012年夏季合集(53)",
    "title": "拥抱每一天-20120523"
  },
  {
    "duration": 1760,
    "size": "14.1M",
    "path": "http://media.febcchinese.org/Streaming/ee/ee120524.mp3",
    "id": 6328000054,
    "albumId": 6328,
    "albumName": "《拥抱每一天》2012年夏季合集",
    "albumtitle": "《拥抱每一天》2012年夏季合集(54)",
    "title": "拥抱每一天-20120524"
  },
  {
    "duration": 1760,
    "size": "14.1M",
    "path": "http://media.febcchinese.org/Streaming/ee/ee120525.mp3",
    "id": 6328000055,
    "albumId": 6328,
    "albumName": "《拥抱每一天》2012年夏季合集",
    "albumtitle": "《拥抱每一天》2012年夏季合集(55)",
    "title": "拥抱每一天-20120525"
  },
  {
    "duration": 1760,
    "size": "14.1M",
    "path": "http://media.febcchinese.org/Streaming/ee/ee120526.mp3",
    "id": 6328000056,
    "albumId": 6328,
    "albumName": "《拥抱每一天》2012年夏季合集",
    "albumtitle": "《拥抱每一天》2012年夏季合集(56)",
    "title": "拥抱每一天-20120526"
  },
  {
    "duration": 1760,
    "size": "14.1M",
    "path": "http://media.febcchinese.org/Streaming/ee/ee120527.mp3",
    "id": 6328000057,
    "albumId": 6328,
    "albumName": "《拥抱每一天》2012年夏季合集",
    "albumtitle": "《拥抱每一天》2012年夏季合集(57)",
    "title": "拥抱每一天-20120527"
  },
  {
    "duration": 1760,
    "size": "14.1M",
    "path": "http://media.febcchinese.org/Streaming/ee/ee120528.mp3",
    "id": 6328000058,
    "albumId": 6328,
    "albumName": "《拥抱每一天》2012年夏季合集",
    "albumtitle": "《拥抱每一天》2012年夏季合集(58)",
    "title": "拥抱每一天-20120528"
  },
  {
    "duration": 1760,
    "size": "14.1M",
    "path": "http://media.febcchinese.org/Streaming/ee/ee120529.mp3",
    "id": 6328000059,
    "albumId": 6328,
    "albumName": "《拥抱每一天》2012年夏季合集",
    "albumtitle": "《拥抱每一天》2012年夏季合集(59)",
    "title": "拥抱每一天-20120529"
  },
  {
    "duration": 1760,
    "size": "14.1M",
    "path": "http://media.febcchinese.org/Streaming/ee/ee120530.mp3",
    "id": 6328000060,
    "albumId": 6328,
    "albumName": "《拥抱每一天》2012年夏季合集",
    "albumtitle": "《拥抱每一天》2012年夏季合集(60)",
    "title": "拥抱每一天-20120530"
  },
  {
    "duration": 1760,
    "size": "14.1M",
    "path": "http://media.febcchinese.org/Streaming/ee/ee120531.mp3",
    "id": 6328000061,
    "albumId": 6328,
    "albumName": "《拥抱每一天》2012年夏季合集",
    "albumtitle": "《拥抱每一天》2012年夏季合集(61)",
    "title": "拥抱每一天-20120531"
  },
  {
    "duration": 1760,
    "size": "14.1M",
    "path": "http://media.febcchinese.org/Streaming/ee/ee120601.mp3",
    "id": 6328000062,
    "albumId": 6328,
    "albumName": "《拥抱每一天》2012年夏季合集",
    "albumtitle": "《拥抱每一天》2012年夏季合集(62)",
    "title": "拥抱每一天-20120601"
  },
  {
    "duration": 1760,
    "size": "14.1M",
    "path": "http://media.febcchinese.org/Streaming/ee/ee120602.mp3",
    "id": 6328000063,
    "albumId": 6328,
    "albumName": "《拥抱每一天》2012年夏季合集",
    "albumtitle": "《拥抱每一天》2012年夏季合集(63)",
    "title": "拥抱每一天-20120602"
  },
  {
    "duration": 1760,
    "size": "14.1M",
    "path": "http://media.febcchinese.org/Streaming/ee/ee120603.mp3",
    "id": 6328000064,
    "albumId": 6328,
    "albumName": "《拥抱每一天》2012年夏季合集",
    "albumtitle": "《拥抱每一天》2012年夏季合集(64)",
    "title": "拥抱每一天-20120603"
  },
  {
    "duration": 1760,
    "size": "14.1M",
    "path": "http://media.febcchinese.org/Streaming/ee/ee120604.mp3",
    "id": 6328000065,
    "albumId": 6328,
    "albumName": "《拥抱每一天》2012年夏季合集",
    "albumtitle": "《拥抱每一天》2012年夏季合集(65)",
    "title": "拥抱每一天-20120604"
  },
  {
    "duration": 1760,
    "size": "14.1M",
    "path": "http://media.febcchinese.org/Streaming/ee/ee120605.mp3",
    "id": 6328000066,
    "albumId": 6328,
    "albumName": "《拥抱每一天》2012年夏季合集",
    "albumtitle": "《拥抱每一天》2012年夏季合集(66)",
    "title": "拥抱每一天-20120605"
  },
  {
    "duration": 1760,
    "size": "14.1M",
    "path": "http://media.febcchinese.org/Streaming/ee/ee120606.mp3",
    "id": 6328000067,
    "albumId": 6328,
    "albumName": "《拥抱每一天》2012年夏季合集",
    "albumtitle": "《拥抱每一天》2012年夏季合集(67)",
    "title": "拥抱每一天-20120606"
  },
  {
    "duration": 1760,
    "size": "14.1M",
    "path": "http://media.febcchinese.org/Streaming/ee/ee120607.mp3",
    "id": 6328000068,
    "albumId": 6328,
    "albumName": "《拥抱每一天》2012年夏季合集",
    "albumtitle": "《拥抱每一天》2012年夏季合集(68)",
    "title": "拥抱每一天-20120607"
  },
  {
    "duration": 1760,
    "size": "14.1M",
    "path": "http://media.febcchinese.org/Streaming/ee/ee120608.mp3",
    "id": 6328000069,
    "albumId": 6328,
    "albumName": "《拥抱每一天》2012年夏季合集",
    "albumtitle": "《拥抱每一天》2012年夏季合集(69)",
    "title": "拥抱每一天-20120608"
  },
  {
    "duration": 1760,
    "size": "14.1M",
    "path": "http://media.febcchinese.org/Streaming/ee/ee120609.mp3",
    "id": 6328000070,
    "albumId": 6328,
    "albumName": "《拥抱每一天》2012年夏季合集",
    "albumtitle": "《拥抱每一天》2012年夏季合集(70)",
    "title": "拥抱每一天-20120609"
  },
  {
    "duration": 1760,
    "size": "14.1M",
    "path": "http://media.febcchinese.org/Streaming/ee/ee120610.mp3",
    "id": 6328000071,
    "albumId": 6328,
    "albumName": "《拥抱每一天》2012年夏季合集",
    "albumtitle": "《拥抱每一天》2012年夏季合集(71)",
    "title": "拥抱每一天-20120610"
  },
  {
    "duration": 1760,
    "size": "14.1M",
    "path": "http://media.febcchinese.org/Streaming/ee/ee120611.mp3",
    "id": 6328000072,
    "albumId": 6328,
    "albumName": "《拥抱每一天》2012年夏季合集",
    "albumtitle": "《拥抱每一天》2012年夏季合集(72)",
    "title": "拥抱每一天-20120611"
  },
  {
    "duration": 1760,
    "size": "14.1M",
    "path": "http://media.febcchinese.org/Streaming/ee/ee120612.mp3",
    "id": 6328000073,
    "albumId": 6328,
    "albumName": "《拥抱每一天》2012年夏季合集",
    "albumtitle": "《拥抱每一天》2012年夏季合集(73)",
    "title": "拥抱每一天-20120612"
  },
  {
    "duration": 1760,
    "size": "14.1M",
    "path": "http://media.febcchinese.org/Streaming/ee/ee120613.mp3",
    "id": 6328000074,
    "albumId": 6328,
    "albumName": "《拥抱每一天》2012年夏季合集",
    "albumtitle": "《拥抱每一天》2012年夏季合集(74)",
    "title": "拥抱每一天-20120613"
  },
  {
    "duration": 1760,
    "size": "14.1M",
    "path": "http://media.febcchinese.org/Streaming/ee/ee120614.mp3",
    "id": 6328000075,
    "albumId": 6328,
    "albumName": "《拥抱每一天》2012年夏季合集",
    "albumtitle": "《拥抱每一天》2012年夏季合集(75)",
    "title": "拥抱每一天-20120614"
  },
  {
    "duration": 1760,
    "size": "14.1M",
    "path": "http://media.febcchinese.org/Streaming/ee/ee120615.mp3",
    "id": 6328000076,
    "albumId": 6328,
    "albumName": "《拥抱每一天》2012年夏季合集",
    "albumtitle": "《拥抱每一天》2012年夏季合集(76)",
    "title": "拥抱每一天-20120615"
  },
  {
    "duration": 1760,
    "size": "14.1M",
    "path": "http://media.febcchinese.org/Streaming/ee/ee120616.mp3",
    "id": 6328000077,
    "albumId": 6328,
    "albumName": "《拥抱每一天》2012年夏季合集",
    "albumtitle": "《拥抱每一天》2012年夏季合集(77)",
    "title": "拥抱每一天-20120616"
  },
  {
    "duration": 1760,
    "size": "14.1M",
    "path": "http://media.febcchinese.org/Streaming/ee/ee120617.mp3",
    "id": 6328000078,
    "albumId": 6328,
    "albumName": "《拥抱每一天》2012年夏季合集",
    "albumtitle": "《拥抱每一天》2012年夏季合集(78)",
    "title": "拥抱每一天-20120617"
  },
  {
    "duration": 1760,
    "size": "14.1M",
    "path": "http://media.febcchinese.org/Streaming/ee/ee120618.mp3",
    "id": 6328000079,
    "albumId": 6328,
    "albumName": "《拥抱每一天》2012年夏季合集",
    "albumtitle": "《拥抱每一天》2012年夏季合集(79)",
    "title": "拥抱每一天-20120618"
  },
  {
    "duration": 1760,
    "size": "14.1M",
    "path": "http://media.febcchinese.org/Streaming/ee/ee120619.mp3",
    "id": 6328000080,
    "albumId": 6328,
    "albumName": "《拥抱每一天》2012年夏季合集",
    "albumtitle": "《拥抱每一天》2012年夏季合集(80)",
    "title": "拥抱每一天-20120619"
  },
  {
    "duration": 1760,
    "size": "14.1M",
    "path": "http://media.febcchinese.org/Streaming/ee/ee120620.mp3",
    "id": 6328000081,
    "albumId": 6328,
    "albumName": "《拥抱每一天》2012年夏季合集",
    "albumtitle": "《拥抱每一天》2012年夏季合集(81)",
    "title": "拥抱每一天-20120620"
  },
  {
    "duration": 1760,
    "size": "14.1M",
    "path": "http://media.febcchinese.org/Streaming/ee/ee120621.mp3",
    "id": 6328000082,
    "albumId": 6328,
    "albumName": "《拥抱每一天》2012年夏季合集",
    "albumtitle": "《拥抱每一天》2012年夏季合集(82)",
    "title": "拥抱每一天-20120621"
  },
  {
    "duration": 1760,
    "size": "14.1M",
    "path": "http://media.febcchinese.org/Streaming/ee/ee120622.mp3",
    "id": 6328000083,
    "albumId": 6328,
    "albumName": "《拥抱每一天》2012年夏季合集",
    "albumtitle": "《拥抱每一天》2012年夏季合集(83)",
    "title": "拥抱每一天-20120622"
  },
  {
    "duration": 1760,
    "size": "14.1M",
    "path": "http://media.febcchinese.org/Streaming/ee/ee120623.mp3",
    "id": 6328000084,
    "albumId": 6328,
    "albumName": "《拥抱每一天》2012年夏季合集",
    "albumtitle": "《拥抱每一天》2012年夏季合集(84)",
    "title": "拥抱每一天-20120623"
  },
  {
    "duration": 1760,
    "size": "14.1M",
    "path": "http://media.febcchinese.org/Streaming/ee/ee120624.mp3",
    "id": 6328000085,
    "albumId": 6328,
    "albumName": "《拥抱每一天》2012年夏季合集",
    "albumtitle": "《拥抱每一天》2012年夏季合集(85)",
    "title": "拥抱每一天-20120624"
  },
  {
    "duration": 1760,
    "size": "14.1M",
    "path": "http://media.febcchinese.org/Streaming/ee/ee120625.mp3",
    "id": 6328000086,
    "albumId": 6328,
    "albumName": "《拥抱每一天》2012年夏季合集",
    "albumtitle": "《拥抱每一天》2012年夏季合集(86)",
    "title": "拥抱每一天-20120625"
  },
  {
    "duration": 1760,
    "size": "14.1M",
    "path": "http://media.febcchinese.org/Streaming/ee/ee120626.mp3",
    "id": 6328000087,
    "albumId": 6328,
    "albumName": "《拥抱每一天》2012年夏季合集",
    "albumtitle": "《拥抱每一天》2012年夏季合集(87)",
    "title": "拥抱每一天-20120626"
  },
  {
    "duration": 1760,
    "size": "14.1M",
    "path": "http://media.febcchinese.org/Streaming/ee/ee120627.mp3",
    "id": 6328000088,
    "albumId": 6328,
    "albumName": "《拥抱每一天》2012年夏季合集",
    "albumtitle": "《拥抱每一天》2012年夏季合集(88)",
    "title": "拥抱每一天-20120627"
  },
  {
    "duration": 1760,
    "size": "14.1M",
    "path": "http://media.febcchinese.org/Streaming/ee/ee120628.mp3",
    "id": 6328000089,
    "albumId": 6328,
    "albumName": "《拥抱每一天》2012年夏季合集",
    "albumtitle": "《拥抱每一天》2012年夏季合集(89)",
    "title": "拥抱每一天-20120628"
  },
  {
    "duration": 1760,
    "size": "14.1M",
    "path": "http://media.febcchinese.org/Streaming/ee/ee120629.mp3",
    "id": 6328000090,
    "albumId": 6328,
    "albumName": "《拥抱每一天》2012年夏季合集",
    "albumtitle": "《拥抱每一天》2012年夏季合集(90)",
    "title": "拥抱每一天-20120629"
  },
  {
    "duration": 1760,
    "size": "14.1M",
    "path": "http://media.febcchinese.org/Streaming/ee/ee120630.mp3",
    "id": 6328000091,
    "albumId": 6328,
    "albumName": "《拥抱每一天》2012年夏季合集",
    "albumtitle": "《拥抱每一天》2012年夏季合集(91)",
    "title": "拥抱每一天-20120630"
  }
]