[{
  "duration": 1760,
  "size": "14.1M",
  "path": "http://media.febcchinese.org/Streaming/ee/ee140401.mp3",
  "id": 6336000001,
  "albumId": 6336,
  "albumName": "《拥抱每一天》2014年夏季合集",
  "albumtitle": "《拥抱每一天》2014年夏季合集(1)",
  "title": "拥抱每一天-20140401"
},
  {
    "duration": 1760,
    "size": "14.1M",
    "path": "http://media.febcchinese.org/Streaming/ee/ee140402.mp3",
    "id": 6336000002,
    "albumId": 6336,
    "albumName": "《拥抱每一天》2014年夏季合集",
    "albumtitle": "《拥抱每一天》2014年夏季合集(2)",
    "title": "拥抱每一天-20140402"
  },
  {
    "duration": 1760,
    "size": "14.1M",
    "path": "http://media.febcchinese.org/Streaming/ee/ee140403.mp3",
    "id": 6336000003,
    "albumId": 6336,
    "albumName": "《拥抱每一天》2014年夏季合集",
    "albumtitle": "《拥抱每一天》2014年夏季合集(3)",
    "title": "拥抱每一天-20140403"
  },
  {
    "duration": 1760,
    "size": "14.1M",
    "path": "http://media.febcchinese.org/Streaming/ee/ee140404.mp3",
    "id": 6336000004,
    "albumId": 6336,
    "albumName": "《拥抱每一天》2014年夏季合集",
    "albumtitle": "《拥抱每一天》2014年夏季合集(4)",
    "title": "拥抱每一天-20140404"
  },
  {
    "duration": 1760,
    "size": "14.1M",
    "path": "http://media.febcchinese.org/Streaming/ee/ee140405.mp3",
    "id": 6336000005,
    "albumId": 6336,
    "albumName": "《拥抱每一天》2014年夏季合集",
    "albumtitle": "《拥抱每一天》2014年夏季合集(5)",
    "title": "拥抱每一天-20140405"
  },
  {
    "duration": 1760,
    "size": "14.1M",
    "path": "http://media.febcchinese.org/Streaming/ee/ee140406.mp3",
    "id": 6336000006,
    "albumId": 6336,
    "albumName": "《拥抱每一天》2014年夏季合集",
    "albumtitle": "《拥抱每一天》2014年夏季合集(6)",
    "title": "拥抱每一天-20140406"
  },
  {
    "duration": 1760,
    "size": "14.1M",
    "path": "http://media.febcchinese.org/Streaming/ee/ee140407.mp3",
    "id": 6336000007,
    "albumId": 6336,
    "albumName": "《拥抱每一天》2014年夏季合集",
    "albumtitle": "《拥抱每一天》2014年夏季合集(7)",
    "title": "拥抱每一天-20140407"
  },
  {
    "duration": 1760,
    "size": "14.1M",
    "path": "http://media.febcchinese.org/Streaming/ee/ee140408.mp3",
    "id": 6336000008,
    "albumId": 6336,
    "albumName": "《拥抱每一天》2014年夏季合集",
    "albumtitle": "《拥抱每一天》2014年夏季合集(8)",
    "title": "拥抱每一天-20140408"
  },
  {
    "duration": 1760,
    "size": "14.1M",
    "path": "http://media.febcchinese.org/Streaming/ee/ee140409.mp3",
    "id": 6336000009,
    "albumId": 6336,
    "albumName": "《拥抱每一天》2014年夏季合集",
    "albumtitle": "《拥抱每一天》2014年夏季合集(9)",
    "title": "拥抱每一天-20140409"
  },
  {
    "duration": 1760,
    "size": "14.1M",
    "path": "http://media.febcchinese.org/Streaming/ee/ee140410.mp3",
    "id": 6336000010,
    "albumId": 6336,
    "albumName": "《拥抱每一天》2014年夏季合集",
    "albumtitle": "《拥抱每一天》2014年夏季合集(10)",
    "title": "拥抱每一天-20140410"
  },
  {
    "duration": 1760,
    "size": "14.1M",
    "path": "http://media.febcchinese.org/Streaming/ee/ee140411.mp3",
    "id": 6336000011,
    "albumId": 6336,
    "albumName": "《拥抱每一天》2014年夏季合集",
    "albumtitle": "《拥抱每一天》2014年夏季合集(11)",
    "title": "拥抱每一天-20140411"
  },
  {
    "duration": 1760,
    "size": "14.1M",
    "path": "http://media.febcchinese.org/Streaming/ee/ee140412.mp3",
    "id": 6336000012,
    "albumId": 6336,
    "albumName": "《拥抱每一天》2014年夏季合集",
    "albumtitle": "《拥抱每一天》2014年夏季合集(12)",
    "title": "拥抱每一天-20140412"
  },
  {
    "duration": 1760,
    "size": "14.1M",
    "path": "http://media.febcchinese.org/Streaming/ee/ee140413.mp3",
    "id": 6336000013,
    "albumId": 6336,
    "albumName": "《拥抱每一天》2014年夏季合集",
    "albumtitle": "《拥抱每一天》2014年夏季合集(13)",
    "title": "拥抱每一天-20140413"
  },
  {
    "duration": 1760,
    "size": "14.1M",
    "path": "http://media.febcchinese.org/Streaming/ee/ee140414.mp3",
    "id": 6336000014,
    "albumId": 6336,
    "albumName": "《拥抱每一天》2014年夏季合集",
    "albumtitle": "《拥抱每一天》2014年夏季合集(14)",
    "title": "拥抱每一天-20140414"
  },
  {
    "duration": 1760,
    "size": "14.1M",
    "path": "http://media.febcchinese.org/Streaming/ee/ee140415.mp3",
    "id": 6336000015,
    "albumId": 6336,
    "albumName": "《拥抱每一天》2014年夏季合集",
    "albumtitle": "《拥抱每一天》2014年夏季合集(15)",
    "title": "拥抱每一天-20140415"
  },
  {
    "duration": 1760,
    "size": "14.1M",
    "path": "http://media.febcchinese.org/Streaming/ee/ee140416.mp3",
    "id": 6336000016,
    "albumId": 6336,
    "albumName": "《拥抱每一天》2014年夏季合集",
    "albumtitle": "《拥抱每一天》2014年夏季合集(16)",
    "title": "拥抱每一天-20140416"
  },
  {
    "duration": 1760,
    "size": "14.1M",
    "path": "http://media.febcchinese.org/Streaming/ee/ee140417.mp3",
    "id": 6336000017,
    "albumId": 6336,
    "albumName": "《拥抱每一天》2014年夏季合集",
    "albumtitle": "《拥抱每一天》2014年夏季合集(17)",
    "title": "拥抱每一天-20140417"
  },
  {
    "duration": 1760,
    "size": "14.1M",
    "path": "http://media.febcchinese.org/Streaming/ee/ee140418.mp3",
    "id": 6336000018,
    "albumId": 6336,
    "albumName": "《拥抱每一天》2014年夏季合集",
    "albumtitle": "《拥抱每一天》2014年夏季合集(18)",
    "title": "拥抱每一天-20140418"
  },
  {
    "duration": 1760,
    "size": "14.1M",
    "path": "http://media.febcchinese.org/Streaming/ee/ee140419.mp3",
    "id": 6336000019,
    "albumId": 6336,
    "albumName": "《拥抱每一天》2014年夏季合集",
    "albumtitle": "《拥抱每一天》2014年夏季合集(19)",
    "title": "拥抱每一天-20140419"
  },
  {
    "duration": 1760,
    "size": "14.1M",
    "path": "http://media.febcchinese.org/Streaming/ee/ee140420.mp3",
    "id": 6336000020,
    "albumId": 6336,
    "albumName": "《拥抱每一天》2014年夏季合集",
    "albumtitle": "《拥抱每一天》2014年夏季合集(20)",
    "title": "拥抱每一天-20140420"
  },
  {
    "duration": 1760,
    "size": "14.1M",
    "path": "http://media.febcchinese.org/Streaming/ee/ee140421.mp3",
    "id": 6336000021,
    "albumId": 6336,
    "albumName": "《拥抱每一天》2014年夏季合集",
    "albumtitle": "《拥抱每一天》2014年夏季合集(21)",
    "title": "拥抱每一天-20140421"
  },
  {
    "duration": 1760,
    "size": "14.1M",
    "path": "http://media.febcchinese.org/Streaming/ee/ee140422.mp3",
    "id": 6336000022,
    "albumId": 6336,
    "albumName": "《拥抱每一天》2014年夏季合集",
    "albumtitle": "《拥抱每一天》2014年夏季合集(22)",
    "title": "拥抱每一天-20140422"
  },
  {
    "duration": 1760,
    "size": "14.1M",
    "path": "http://media.febcchinese.org/Streaming/ee/ee140423.mp3",
    "id": 6336000023,
    "albumId": 6336,
    "albumName": "《拥抱每一天》2014年夏季合集",
    "albumtitle": "《拥抱每一天》2014年夏季合集(23)",
    "title": "拥抱每一天-20140423"
  },
  {
    "duration": 1760,
    "size": "14.1M",
    "path": "http://media.febcchinese.org/Streaming/ee/ee140424.mp3",
    "id": 6336000024,
    "albumId": 6336,
    "albumName": "《拥抱每一天》2014年夏季合集",
    "albumtitle": "《拥抱每一天》2014年夏季合集(24)",
    "title": "拥抱每一天-20140424"
  },
  {
    "duration": 1760,
    "size": "14.1M",
    "path": "http://media.febcchinese.org/Streaming/ee/ee140425.mp3",
    "id": 6336000025,
    "albumId": 6336,
    "albumName": "《拥抱每一天》2014年夏季合集",
    "albumtitle": "《拥抱每一天》2014年夏季合集(25)",
    "title": "拥抱每一天-20140425"
  },
  {
    "duration": 1760,
    "size": "14.1M",
    "path": "http://media.febcchinese.org/Streaming/ee/ee140426.mp3",
    "id": 6336000026,
    "albumId": 6336,
    "albumName": "《拥抱每一天》2014年夏季合集",
    "albumtitle": "《拥抱每一天》2014年夏季合集(26)",
    "title": "拥抱每一天-20140426"
  },
  {
    "duration": 1760,
    "size": "14.1M",
    "path": "http://media.febcchinese.org/Streaming/ee/ee140427.mp3",
    "id": 6336000027,
    "albumId": 6336,
    "albumName": "《拥抱每一天》2014年夏季合集",
    "albumtitle": "《拥抱每一天》2014年夏季合集(27)",
    "title": "拥抱每一天-20140427"
  },
  {
    "duration": 1760,
    "size": "14.1M",
    "path": "http://media.febcchinese.org/Streaming/ee/ee140428.mp3",
    "id": 6336000028,
    "albumId": 6336,
    "albumName": "《拥抱每一天》2014年夏季合集",
    "albumtitle": "《拥抱每一天》2014年夏季合集(28)",
    "title": "拥抱每一天-20140428"
  },
  {
    "duration": 1760,
    "size": "14.1M",
    "path": "http://media.febcchinese.org/Streaming/ee/ee140429.mp3",
    "id": 6336000029,
    "albumId": 6336,
    "albumName": "《拥抱每一天》2014年夏季合集",
    "albumtitle": "《拥抱每一天》2014年夏季合集(29)",
    "title": "拥抱每一天-20140429"
  },
  {
    "duration": 1760,
    "size": "14.1M",
    "path": "http://media.febcchinese.org/Streaming/ee/ee140430.mp3",
    "id": 6336000030,
    "albumId": 6336,
    "albumName": "《拥抱每一天》2014年夏季合集",
    "albumtitle": "《拥抱每一天》2014年夏季合集(30)",
    "title": "拥抱每一天-20140430"
  },
  {
    "duration": 1760,
    "size": "14.1M",
    "path": "http://media.febcchinese.org/Streaming/ee/ee140501.mp3",
    "id": 6336000031,
    "albumId": 6336,
    "albumName": "《拥抱每一天》2014年夏季合集",
    "albumtitle": "《拥抱每一天》2014年夏季合集(31)",
    "title": "拥抱每一天-20140501"
  },
  {
    "duration": 1760,
    "size": "14.1M",
    "path": "http://media.febcchinese.org/Streaming/ee/ee140502.mp3",
    "id": 6336000032,
    "albumId": 6336,
    "albumName": "《拥抱每一天》2014年夏季合集",
    "albumtitle": "《拥抱每一天》2014年夏季合集(32)",
    "title": "拥抱每一天-20140502"
  },
  {
    "duration": 1760,
    "size": "14.1M",
    "path": "http://media.febcchinese.org/Streaming/ee/ee140503.mp3",
    "id": 6336000033,
    "albumId": 6336,
    "albumName": "《拥抱每一天》2014年夏季合集",
    "albumtitle": "《拥抱每一天》2014年夏季合集(33)",
    "title": "拥抱每一天-20140503"
  },
  {
    "duration": 1760,
    "size": "14.1M",
    "path": "http://media.febcchinese.org/Streaming/ee/ee140504.mp3",
    "id": 6336000034,
    "albumId": 6336,
    "albumName": "《拥抱每一天》2014年夏季合集",
    "albumtitle": "《拥抱每一天》2014年夏季合集(34)",
    "title": "拥抱每一天-20140504"
  },
  {
    "duration": 1760,
    "size": "14.1M",
    "path": "http://media.febcchinese.org/Streaming/ee/ee140505.mp3",
    "id": 6336000035,
    "albumId": 6336,
    "albumName": "《拥抱每一天》2014年夏季合集",
    "albumtitle": "《拥抱每一天》2014年夏季合集(35)",
    "title": "拥抱每一天-20140505"
  },
  {
    "duration": 1760,
    "size": "14.1M",
    "path": "http://media.febcchinese.org/Streaming/ee/ee140506.mp3",
    "id": 6336000036,
    "albumId": 6336,
    "albumName": "《拥抱每一天》2014年夏季合集",
    "albumtitle": "《拥抱每一天》2014年夏季合集(36)",
    "title": "拥抱每一天-20140506"
  },
  {
    "duration": 1760,
    "size": "14.1M",
    "path": "http://media.febcchinese.org/Streaming/ee/ee140507.mp3",
    "id": 6336000037,
    "albumId": 6336,
    "albumName": "《拥抱每一天》2014年夏季合集",
    "albumtitle": "《拥抱每一天》2014年夏季合集(37)",
    "title": "拥抱每一天-20140507"
  },
  {
    "duration": 1760,
    "size": "14.1M",
    "path": "http://media.febcchinese.org/Streaming/ee/ee140508.mp3",
    "id": 6336000038,
    "albumId": 6336,
    "albumName": "《拥抱每一天》2014年夏季合集",
    "albumtitle": "《拥抱每一天》2014年夏季合集(38)",
    "title": "拥抱每一天-20140508"
  },
  {
    "duration": 1760,
    "size": "14.1M",
    "path": "http://media.febcchinese.org/Streaming/ee/ee140509.mp3",
    "id": 6336000039,
    "albumId": 6336,
    "albumName": "《拥抱每一天》2014年夏季合集",
    "albumtitle": "《拥抱每一天》2014年夏季合集(39)",
    "title": "拥抱每一天-20140509"
  },
  {
    "duration": 1760,
    "size": "14.1M",
    "path": "http://media.febcchinese.org/Streaming/ee/ee140510.mp3",
    "id": 6336000040,
    "albumId": 6336,
    "albumName": "《拥抱每一天》2014年夏季合集",
    "albumtitle": "《拥抱每一天》2014年夏季合集(40)",
    "title": "拥抱每一天-20140510"
  },
  {
    "duration": 1760,
    "size": "14.1M",
    "path": "http://media.febcchinese.org/Streaming/ee/ee140511.mp3",
    "id": 6336000041,
    "albumId": 6336,
    "albumName": "《拥抱每一天》2014年夏季合集",
    "albumtitle": "《拥抱每一天》2014年夏季合集(41)",
    "title": "拥抱每一天-20140511"
  },
  {
    "duration": 1760,
    "size": "14.1M",
    "path": "http://media.febcchinese.org/Streaming/ee/ee140512.mp3",
    "id": 6336000042,
    "albumId": 6336,
    "albumName": "《拥抱每一天》2014年夏季合集",
    "albumtitle": "《拥抱每一天》2014年夏季合集(42)",
    "title": "拥抱每一天-20140512"
  },
  {
    "duration": 1760,
    "size": "14.1M",
    "path": "http://media.febcchinese.org/Streaming/ee/ee140513.mp3",
    "id": 6336000043,
    "albumId": 6336,
    "albumName": "《拥抱每一天》2014年夏季合集",
    "albumtitle": "《拥抱每一天》2014年夏季合集(43)",
    "title": "拥抱每一天-20140513"
  },
  {
    "duration": 1760,
    "size": "14.1M",
    "path": "http://media.febcchinese.org/Streaming/ee/ee140514.mp3",
    "id": 6336000044,
    "albumId": 6336,
    "albumName": "《拥抱每一天》2014年夏季合集",
    "albumtitle": "《拥抱每一天》2014年夏季合集(44)",
    "title": "拥抱每一天-20140514"
  },
  {
    "duration": 1760,
    "size": "14.1M",
    "path": "http://media.febcchinese.org/Streaming/ee/ee140515.mp3",
    "id": 6336000045,
    "albumId": 6336,
    "albumName": "《拥抱每一天》2014年夏季合集",
    "albumtitle": "《拥抱每一天》2014年夏季合集(45)",
    "title": "拥抱每一天-20140515"
  },
  {
    "duration": 1760,
    "size": "14.1M",
    "path": "http://media.febcchinese.org/Streaming/ee/ee140516.mp3",
    "id": 6336000046,
    "albumId": 6336,
    "albumName": "《拥抱每一天》2014年夏季合集",
    "albumtitle": "《拥抱每一天》2014年夏季合集(46)",
    "title": "拥抱每一天-20140516"
  },
  {
    "duration": 1760,
    "size": "14.1M",
    "path": "http://media.febcchinese.org/Streaming/ee/ee140517.mp3",
    "id": 6336000047,
    "albumId": 6336,
    "albumName": "《拥抱每一天》2014年夏季合集",
    "albumtitle": "《拥抱每一天》2014年夏季合集(47)",
    "title": "拥抱每一天-20140517"
  },
  {
    "duration": 1760,
    "size": "14.1M",
    "path": "http://media.febcchinese.org/Streaming/ee/ee140518.mp3",
    "id": 6336000048,
    "albumId": 6336,
    "albumName": "《拥抱每一天》2014年夏季合集",
    "albumtitle": "《拥抱每一天》2014年夏季合集(48)",
    "title": "拥抱每一天-20140518"
  },
  {
    "duration": 1760,
    "size": "14.1M",
    "path": "http://media.febcchinese.org/Streaming/ee/ee140519.mp3",
    "id": 6336000049,
    "albumId": 6336,
    "albumName": "《拥抱每一天》2014年夏季合集",
    "albumtitle": "《拥抱每一天》2014年夏季合集(49)",
    "title": "拥抱每一天-20140519"
  },
  {
    "duration": 1760,
    "size": "14.1M",
    "path": "http://media.febcchinese.org/Streaming/ee/ee140520.mp3",
    "id": 6336000050,
    "albumId": 6336,
    "albumName": "《拥抱每一天》2014年夏季合集",
    "albumtitle": "《拥抱每一天》2014年夏季合集(50)",
    "title": "拥抱每一天-20140520"
  },
  {
    "duration": 1760,
    "size": "14.1M",
    "path": "http://media.febcchinese.org/Streaming/ee/ee140521.mp3",
    "id": 6336000051,
    "albumId": 6336,
    "albumName": "《拥抱每一天》2014年夏季合集",
    "albumtitle": "《拥抱每一天》2014年夏季合集(51)",
    "title": "拥抱每一天-20140521"
  },
  {
    "duration": 1760,
    "size": "14.1M",
    "path": "http://media.febcchinese.org/Streaming/ee/ee140522.mp3",
    "id": 6336000052,
    "albumId": 6336,
    "albumName": "《拥抱每一天》2014年夏季合集",
    "albumtitle": "《拥抱每一天》2014年夏季合集(52)",
    "title": "拥抱每一天-20140522"
  },
  {
    "duration": 1760,
    "size": "14.1M",
    "path": "http://media.febcchinese.org/Streaming/ee/ee140523.mp3",
    "id": 6336000053,
    "albumId": 6336,
    "albumName": "《拥抱每一天》2014年夏季合集",
    "albumtitle": "《拥抱每一天》2014年夏季合集(53)",
    "title": "拥抱每一天-20140523"
  },
  {
    "duration": 1760,
    "size": "14.1M",
    "path": "http://media.febcchinese.org/Streaming/ee/ee140524.mp3",
    "id": 6336000054,
    "albumId": 6336,
    "albumName": "《拥抱每一天》2014年夏季合集",
    "albumtitle": "《拥抱每一天》2014年夏季合集(54)",
    "title": "拥抱每一天-20140524"
  },
  {
    "duration": 1760,
    "size": "14.1M",
    "path": "http://media.febcchinese.org/Streaming/ee/ee140525.mp3",
    "id": 6336000055,
    "albumId": 6336,
    "albumName": "《拥抱每一天》2014年夏季合集",
    "albumtitle": "《拥抱每一天》2014年夏季合集(55)",
    "title": "拥抱每一天-20140525"
  },
  {
    "duration": 1760,
    "size": "14.1M",
    "path": "http://media.febcchinese.org/Streaming/ee/ee140526.mp3",
    "id": 6336000056,
    "albumId": 6336,
    "albumName": "《拥抱每一天》2014年夏季合集",
    "albumtitle": "《拥抱每一天》2014年夏季合集(56)",
    "title": "拥抱每一天-20140526"
  },
  {
    "duration": 1760,
    "size": "14.1M",
    "path": "http://media.febcchinese.org/Streaming/ee/ee140527.mp3",
    "id": 6336000057,
    "albumId": 6336,
    "albumName": "《拥抱每一天》2014年夏季合集",
    "albumtitle": "《拥抱每一天》2014年夏季合集(57)",
    "title": "拥抱每一天-20140527"
  },
  {
    "duration": 1760,
    "size": "14.1M",
    "path": "http://media.febcchinese.org/Streaming/ee/ee140528.mp3",
    "id": 6336000058,
    "albumId": 6336,
    "albumName": "《拥抱每一天》2014年夏季合集",
    "albumtitle": "《拥抱每一天》2014年夏季合集(58)",
    "title": "拥抱每一天-20140528"
  },
  {
    "duration": 1760,
    "size": "14.1M",
    "path": "http://media.febcchinese.org/Streaming/ee/ee140529.mp3",
    "id": 6336000059,
    "albumId": 6336,
    "albumName": "《拥抱每一天》2014年夏季合集",
    "albumtitle": "《拥抱每一天》2014年夏季合集(59)",
    "title": "拥抱每一天-20140529"
  },
  {
    "duration": 1760,
    "size": "14.1M",
    "path": "http://media.febcchinese.org/Streaming/ee/ee140530.mp3",
    "id": 6336000060,
    "albumId": 6336,
    "albumName": "《拥抱每一天》2014年夏季合集",
    "albumtitle": "《拥抱每一天》2014年夏季合集(60)",
    "title": "拥抱每一天-20140530"
  },
  {
    "duration": 1760,
    "size": "14.1M",
    "path": "http://media.febcchinese.org/Streaming/ee/ee140531.mp3",
    "id": 6336000061,
    "albumId": 6336,
    "albumName": "《拥抱每一天》2014年夏季合集",
    "albumtitle": "《拥抱每一天》2014年夏季合集(61)",
    "title": "拥抱每一天-20140531"
  },
  {
    "duration": 1760,
    "size": "14.1M",
    "path": "http://media.febcchinese.org/Streaming/ee/ee140601.mp3",
    "id": 6336000062,
    "albumId": 6336,
    "albumName": "《拥抱每一天》2014年夏季合集",
    "albumtitle": "《拥抱每一天》2014年夏季合集(62)",
    "title": "拥抱每一天-20140601"
  },
  {
    "duration": 1760,
    "size": "14.1M",
    "path": "http://media.febcchinese.org/Streaming/ee/ee140602.mp3",
    "id": 6336000063,
    "albumId": 6336,
    "albumName": "《拥抱每一天》2014年夏季合集",
    "albumtitle": "《拥抱每一天》2014年夏季合集(63)",
    "title": "拥抱每一天-20140602"
  },
  {
    "duration": 1760,
    "size": "14.1M",
    "path": "http://media.febcchinese.org/Streaming/ee/ee140603.mp3",
    "id": 6336000064,
    "albumId": 6336,
    "albumName": "《拥抱每一天》2014年夏季合集",
    "albumtitle": "《拥抱每一天》2014年夏季合集(64)",
    "title": "拥抱每一天-20140603"
  },
  {
    "duration": 1760,
    "size": "14.1M",
    "path": "http://media.febcchinese.org/Streaming/ee/ee140604.mp3",
    "id": 6336000065,
    "albumId": 6336,
    "albumName": "《拥抱每一天》2014年夏季合集",
    "albumtitle": "《拥抱每一天》2014年夏季合集(65)",
    "title": "拥抱每一天-20140604"
  },
  {
    "duration": 1760,
    "size": "14.1M",
    "path": "http://media.febcchinese.org/Streaming/ee/ee140605.mp3",
    "id": 6336000066,
    "albumId": 6336,
    "albumName": "《拥抱每一天》2014年夏季合集",
    "albumtitle": "《拥抱每一天》2014年夏季合集(66)",
    "title": "拥抱每一天-20140605"
  },
  {
    "duration": 1760,
    "size": "14.1M",
    "path": "http://media.febcchinese.org/Streaming/ee/ee140606.mp3",
    "id": 6336000067,
    "albumId": 6336,
    "albumName": "《拥抱每一天》2014年夏季合集",
    "albumtitle": "《拥抱每一天》2014年夏季合集(67)",
    "title": "拥抱每一天-20140606"
  },
  {
    "duration": 1760,
    "size": "14.1M",
    "path": "http://media.febcchinese.org/Streaming/ee/ee140607.mp3",
    "id": 6336000068,
    "albumId": 6336,
    "albumName": "《拥抱每一天》2014年夏季合集",
    "albumtitle": "《拥抱每一天》2014年夏季合集(68)",
    "title": "拥抱每一天-20140607"
  },
  {
    "duration": 1760,
    "size": "14.1M",
    "path": "http://media.febcchinese.org/Streaming/ee/ee140608.mp3",
    "id": 6336000069,
    "albumId": 6336,
    "albumName": "《拥抱每一天》2014年夏季合集",
    "albumtitle": "《拥抱每一天》2014年夏季合集(69)",
    "title": "拥抱每一天-20140608"
  },
  {
    "duration": 1760,
    "size": "14.1M",
    "path": "http://media.febcchinese.org/Streaming/ee/ee140609.mp3",
    "id": 6336000070,
    "albumId": 6336,
    "albumName": "《拥抱每一天》2014年夏季合集",
    "albumtitle": "《拥抱每一天》2014年夏季合集(70)",
    "title": "拥抱每一天-20140609"
  },
  {
    "duration": 1760,
    "size": "14.1M",
    "path": "http://media.febcchinese.org/Streaming/ee/ee140610.mp3",
    "id": 6336000071,
    "albumId": 6336,
    "albumName": "《拥抱每一天》2014年夏季合集",
    "albumtitle": "《拥抱每一天》2014年夏季合集(71)",
    "title": "拥抱每一天-20140610"
  },
  {
    "duration": 1760,
    "size": "14.1M",
    "path": "http://media.febcchinese.org/Streaming/ee/ee140611.mp3",
    "id": 6336000072,
    "albumId": 6336,
    "albumName": "《拥抱每一天》2014年夏季合集",
    "albumtitle": "《拥抱每一天》2014年夏季合集(72)",
    "title": "拥抱每一天-20140611"
  },
  {
    "duration": 1760,
    "size": "14.1M",
    "path": "http://media.febcchinese.org/Streaming/ee/ee140612.mp3",
    "id": 6336000073,
    "albumId": 6336,
    "albumName": "《拥抱每一天》2014年夏季合集",
    "albumtitle": "《拥抱每一天》2014年夏季合集(73)",
    "title": "拥抱每一天-20140612"
  },
  {
    "duration": 1760,
    "size": "14.1M",
    "path": "http://media.febcchinese.org/Streaming/ee/ee140613.mp3",
    "id": 6336000074,
    "albumId": 6336,
    "albumName": "《拥抱每一天》2014年夏季合集",
    "albumtitle": "《拥抱每一天》2014年夏季合集(74)",
    "title": "拥抱每一天-20140613"
  },
  {
    "duration": 1760,
    "size": "14.1M",
    "path": "http://media.febcchinese.org/Streaming/ee/ee140614.mp3",
    "id": 6336000075,
    "albumId": 6336,
    "albumName": "《拥抱每一天》2014年夏季合集",
    "albumtitle": "《拥抱每一天》2014年夏季合集(75)",
    "title": "拥抱每一天-20140614"
  },
  {
    "duration": 1760,
    "size": "14.1M",
    "path": "http://media.febcchinese.org/Streaming/ee/ee140615.mp3",
    "id": 6336000076,
    "albumId": 6336,
    "albumName": "《拥抱每一天》2014年夏季合集",
    "albumtitle": "《拥抱每一天》2014年夏季合集(76)",
    "title": "拥抱每一天-20140615"
  },
  {
    "duration": 1760,
    "size": "14.1M",
    "path": "http://media.febcchinese.org/Streaming/ee/ee140616.mp3",
    "id": 6336000077,
    "albumId": 6336,
    "albumName": "《拥抱每一天》2014年夏季合集",
    "albumtitle": "《拥抱每一天》2014年夏季合集(77)",
    "title": "拥抱每一天-20140616"
  },
  {
    "duration": 1760,
    "size": "14.1M",
    "path": "http://media.febcchinese.org/Streaming/ee/ee140617.mp3",
    "id": 6336000078,
    "albumId": 6336,
    "albumName": "《拥抱每一天》2014年夏季合集",
    "albumtitle": "《拥抱每一天》2014年夏季合集(78)",
    "title": "拥抱每一天-20140617"
  },
  {
    "duration": 1760,
    "size": "14.1M",
    "path": "http://media.febcchinese.org/Streaming/ee/ee140618.mp3",
    "id": 6336000079,
    "albumId": 6336,
    "albumName": "《拥抱每一天》2014年夏季合集",
    "albumtitle": "《拥抱每一天》2014年夏季合集(79)",
    "title": "拥抱每一天-20140618"
  },
  {
    "duration": 1760,
    "size": "14.1M",
    "path": "http://media.febcchinese.org/Streaming/ee/ee140619.mp3",
    "id": 6336000080,
    "albumId": 6336,
    "albumName": "《拥抱每一天》2014年夏季合集",
    "albumtitle": "《拥抱每一天》2014年夏季合集(80)",
    "title": "拥抱每一天-20140619"
  },
  {
    "duration": 1760,
    "size": "14.1M",
    "path": "http://media.febcchinese.org/Streaming/ee/ee140620.mp3",
    "id": 6336000081,
    "albumId": 6336,
    "albumName": "《拥抱每一天》2014年夏季合集",
    "albumtitle": "《拥抱每一天》2014年夏季合集(81)",
    "title": "拥抱每一天-20140620"
  },
  {
    "duration": 1760,
    "size": "14.1M",
    "path": "http://media.febcchinese.org/Streaming/ee/ee140621.mp3",
    "id": 6336000082,
    "albumId": 6336,
    "albumName": "《拥抱每一天》2014年夏季合集",
    "albumtitle": "《拥抱每一天》2014年夏季合集(82)",
    "title": "拥抱每一天-20140621"
  },
  {
    "duration": 1760,
    "size": "14.1M",
    "path": "http://media.febcchinese.org/Streaming/ee/ee140622.mp3",
    "id": 6336000083,
    "albumId": 6336,
    "albumName": "《拥抱每一天》2014年夏季合集",
    "albumtitle": "《拥抱每一天》2014年夏季合集(83)",
    "title": "拥抱每一天-20140622"
  },
  {
    "duration": 1760,
    "size": "14.1M",
    "path": "http://media.febcchinese.org/Streaming/ee/ee140623.mp3",
    "id": 6336000084,
    "albumId": 6336,
    "albumName": "《拥抱每一天》2014年夏季合集",
    "albumtitle": "《拥抱每一天》2014年夏季合集(84)",
    "title": "拥抱每一天-20140623"
  },
  {
    "duration": 1760,
    "size": "14.1M",
    "path": "http://media.febcchinese.org/Streaming/ee/ee140624.mp3",
    "id": 6336000085,
    "albumId": 6336,
    "albumName": "《拥抱每一天》2014年夏季合集",
    "albumtitle": "《拥抱每一天》2014年夏季合集(85)",
    "title": "拥抱每一天-20140624"
  },
  {
    "duration": 1760,
    "size": "14.1M",
    "path": "http://media.febcchinese.org/Streaming/ee/ee140625.mp3",
    "id": 6336000086,
    "albumId": 6336,
    "albumName": "《拥抱每一天》2014年夏季合集",
    "albumtitle": "《拥抱每一天》2014年夏季合集(86)",
    "title": "拥抱每一天-20140625"
  },
  {
    "duration": 1760,
    "size": "14.1M",
    "path": "http://media.febcchinese.org/Streaming/ee/ee140626.mp3",
    "id": 6336000087,
    "albumId": 6336,
    "albumName": "《拥抱每一天》2014年夏季合集",
    "albumtitle": "《拥抱每一天》2014年夏季合集(87)",
    "title": "拥抱每一天-20140626"
  },
  {
    "duration": 1760,
    "size": "14.1M",
    "path": "http://media.febcchinese.org/Streaming/ee/ee140627.mp3",
    "id": 6336000088,
    "albumId": 6336,
    "albumName": "《拥抱每一天》2014年夏季合集",
    "albumtitle": "《拥抱每一天》2014年夏季合集(88)",
    "title": "拥抱每一天-20140627"
  },
  {
    "duration": 1760,
    "size": "14.1M",
    "path": "http://media.febcchinese.org/Streaming/ee/ee140628.mp3",
    "id": 6336000089,
    "albumId": 6336,
    "albumName": "《拥抱每一天》2014年夏季合集",
    "albumtitle": "《拥抱每一天》2014年夏季合集(89)",
    "title": "拥抱每一天-20140628"
  },
  {
    "duration": 1760,
    "size": "14.1M",
    "path": "http://media.febcchinese.org/Streaming/ee/ee140629.mp3",
    "id": 6336000090,
    "albumId": 6336,
    "albumName": "《拥抱每一天》2014年夏季合集",
    "albumtitle": "《拥抱每一天》2014年夏季合集(90)",
    "title": "拥抱每一天-20140629"
  },
  {
    "duration": 1760,
    "size": "14.1M",
    "path": "http://media.febcchinese.org/Streaming/ee/ee140630.mp3",
    "id": 6336000091,
    "albumId": 6336,
    "albumName": "《拥抱每一天》2014年夏季合集",
    "albumtitle": "《拥抱每一天》2014年夏季合集(91)",
    "title": "拥抱每一天-20140630"
  }
]