[
  {
    "duration": 1760,
    "size": "14.1M",
    "path": "http://media.febcchinese.org/Streaming/ee/ee161001.mp3",
    "id": 6346000001,
    "albumId": 6346,
    "albumName": "《拥抱每一天》2016年冬季合集",
    "albumtitle": "《拥抱每一天》2016年冬季合集(1)",
    "title": "拥抱每一天-20161001"
  },
  {
    "duration": 1760,
    "size": "14.1M",
    "path": "http://media.febcchinese.org/Streaming/ee/ee161002.mp3",
    "id": 6346000002,
    "albumId": 6346,
    "albumName": "《拥抱每一天》2016年冬季合集",
    "albumtitle": "《拥抱每一天》2016年冬季合集(2)",
    "title": "拥抱每一天-20161002"
  },
  {
    "duration": 1760,
    "size": "14.1M",
    "path": "http://media.febcchinese.org/Streaming/ee/ee161003.mp3",
    "id": 6346000003,
    "albumId": 6346,
    "albumName": "《拥抱每一天》2016年冬季合集",
    "albumtitle": "《拥抱每一天》2016年冬季合集(3)",
    "title": "拥抱每一天-20161003"
  },
  {
    "duration": 1760,
    "size": "14.1M",
    "path": "http://media.febcchinese.org/Streaming/ee/ee161004.mp3",
    "id": 6346000004,
    "albumId": 6346,
    "albumName": "《拥抱每一天》2016年冬季合集",
    "albumtitle": "《拥抱每一天》2016年冬季合集(4)",
    "title": "拥抱每一天-20161004"
  },
  {
    "duration": 1760,
    "size": "14.1M",
    "path": "http://media.febcchinese.org/Streaming/ee/ee161005.mp3",
    "id": 6346000005,
    "albumId": 6346,
    "albumName": "《拥抱每一天》2016年冬季合集",
    "albumtitle": "《拥抱每一天》2016年冬季合集(5)",
    "title": "拥抱每一天-20161005"
  },
  {
    "duration": 1760,
    "size": "14.1M",
    "path": "http://media.febcchinese.org/Streaming/ee/ee161006.mp3",
    "id": 6346000006,
    "albumId": 6346,
    "albumName": "《拥抱每一天》2016年冬季合集",
    "albumtitle": "《拥抱每一天》2016年冬季合集(6)",
    "title": "拥抱每一天-20161006"
  },
  {
    "duration": 1760,
    "size": "14.1M",
    "path": "http://media.febcchinese.org/Streaming/ee/ee161007.mp3",
    "id": 6346000007,
    "albumId": 6346,
    "albumName": "《拥抱每一天》2016年冬季合集",
    "albumtitle": "《拥抱每一天》2016年冬季合集(7)",
    "title": "拥抱每一天-20161007"
  },
  {
    "duration": 1760,
    "size": "14.1M",
    "path": "http://media.febcchinese.org/Streaming/ee/ee161008.mp3",
    "id": 6346000008,
    "albumId": 6346,
    "albumName": "《拥抱每一天》2016年冬季合集",
    "albumtitle": "《拥抱每一天》2016年冬季合集(8)",
    "title": "拥抱每一天-20161008"
  },
  {
    "duration": 1760,
    "size": "14.1M",
    "path": "http://media.febcchinese.org/Streaming/ee/ee161009.mp3",
    "id": 6346000009,
    "albumId": 6346,
    "albumName": "《拥抱每一天》2016年冬季合集",
    "albumtitle": "《拥抱每一天》2016年冬季合集(9)",
    "title": "拥抱每一天-20161009"
  },
  {
    "duration": 1760,
    "size": "14.1M",
    "path": "http://media.febcchinese.org/Streaming/ee/ee161010.mp3",
    "id": 6346000010,
    "albumId": 6346,
    "albumName": "《拥抱每一天》2016年冬季合集",
    "albumtitle": "《拥抱每一天》2016年冬季合集(10)",
    "title": "拥抱每一天-20161010"
  },
  {
    "duration": 1760,
    "size": "14.1M",
    "path": "http://media.febcchinese.org/Streaming/ee/ee161011.mp3",
    "id": 6346000011,
    "albumId": 6346,
    "albumName": "《拥抱每一天》2016年冬季合集",
    "albumtitle": "《拥抱每一天》2016年冬季合集(11)",
    "title": "拥抱每一天-20161011"
  },
  {
    "duration": 1760,
    "size": "14.1M",
    "path": "http://media.febcchinese.org/Streaming/ee/ee161012.mp3",
    "id": 6346000012,
    "albumId": 6346,
    "albumName": "《拥抱每一天》2016年冬季合集",
    "albumtitle": "《拥抱每一天》2016年冬季合集(12)",
    "title": "拥抱每一天-20161012"
  },
  {
    "duration": 1760,
    "size": "14.1M",
    "path": "http://media.febcchinese.org/Streaming/ee/ee161013.mp3",
    "id": 6346000013,
    "albumId": 6346,
    "albumName": "《拥抱每一天》2016年冬季合集",
    "albumtitle": "《拥抱每一天》2016年冬季合集(13)",
    "title": "拥抱每一天-20161013"
  },
  {
    "duration": 1760,
    "size": "14.1M",
    "path": "http://media.febcchinese.org/Streaming/ee/ee161014.mp3",
    "id": 6346000014,
    "albumId": 6346,
    "albumName": "《拥抱每一天》2016年冬季合集",
    "albumtitle": "《拥抱每一天》2016年冬季合集(14)",
    "title": "拥抱每一天-20161014"
  },
  {
    "duration": 1760,
    "size": "14.1M",
    "path": "http://media.febcchinese.org/Streaming/ee/ee161015.mp3",
    "id": 6346000015,
    "albumId": 6346,
    "albumName": "《拥抱每一天》2016年冬季合集",
    "albumtitle": "《拥抱每一天》2016年冬季合集(15)",
    "title": "拥抱每一天-20161015"
  },
  {
    "duration": 1760,
    "size": "14.1M",
    "path": "http://media.febcchinese.org/Streaming/ee/ee161016.mp3",
    "id": 6346000016,
    "albumId": 6346,
    "albumName": "《拥抱每一天》2016年冬季合集",
    "albumtitle": "《拥抱每一天》2016年冬季合集(16)",
    "title": "拥抱每一天-20161016"
  },
  {
    "duration": 1760,
    "size": "14.1M",
    "path": "http://media.febcchinese.org/Streaming/ee/ee161017.mp3",
    "id": 6346000017,
    "albumId": 6346,
    "albumName": "《拥抱每一天》2016年冬季合集",
    "albumtitle": "《拥抱每一天》2016年冬季合集(17)",
    "title": "拥抱每一天-20161017"
  },
  {
    "duration": 1760,
    "size": "14.1M",
    "path": "http://media.febcchinese.org/Streaming/ee/ee161018.mp3",
    "id": 6346000018,
    "albumId": 6346,
    "albumName": "《拥抱每一天》2016年冬季合集",
    "albumtitle": "《拥抱每一天》2016年冬季合集(18)",
    "title": "拥抱每一天-20161018"
  },
  {
    "duration": 1760,
    "size": "14.1M",
    "path": "http://media.febcchinese.org/Streaming/ee/ee161019.mp3",
    "id": 6346000019,
    "albumId": 6346,
    "albumName": "《拥抱每一天》2016年冬季合集",
    "albumtitle": "《拥抱每一天》2016年冬季合集(19)",
    "title": "拥抱每一天-20161019"
  },
  {
    "duration": 1760,
    "size": "14.1M",
    "path": "http://media.febcchinese.org/Streaming/ee/ee161020.mp3",
    "id": 6346000020,
    "albumId": 6346,
    "albumName": "《拥抱每一天》2016年冬季合集",
    "albumtitle": "《拥抱每一天》2016年冬季合集(20)",
    "title": "拥抱每一天-20161020"
  },
  {
    "duration": 1760,
    "size": "14.1M",
    "path": "http://media.febcchinese.org/Streaming/ee/ee161021.mp3",
    "id": 6346000021,
    "albumId": 6346,
    "albumName": "《拥抱每一天》2016年冬季合集",
    "albumtitle": "《拥抱每一天》2016年冬季合集(21)",
    "title": "拥抱每一天-20161021"
  },
  {
    "duration": 1760,
    "size": "14.1M",
    "path": "http://media.febcchinese.org/Streaming/ee/ee161022.mp3",
    "id": 6346000022,
    "albumId": 6346,
    "albumName": "《拥抱每一天》2016年冬季合集",
    "albumtitle": "《拥抱每一天》2016年冬季合集(22)",
    "title": "拥抱每一天-20161022"
  },
  {
    "duration": 1760,
    "size": "14.1M",
    "path": "http://media.febcchinese.org/Streaming/ee/ee161023.mp3",
    "id": 6346000023,
    "albumId": 6346,
    "albumName": "《拥抱每一天》2016年冬季合集",
    "albumtitle": "《拥抱每一天》2016年冬季合集(23)",
    "title": "拥抱每一天-20161023"
  },
  {
    "duration": 1760,
    "size": "14.1M",
    "path": "http://media.febcchinese.org/Streaming/ee/ee161024.mp3",
    "id": 6346000024,
    "albumId": 6346,
    "albumName": "《拥抱每一天》2016年冬季合集",
    "albumtitle": "《拥抱每一天》2016年冬季合集(24)",
    "title": "拥抱每一天-20161024"
  },
  {
    "duration": 1760,
    "size": "14.1M",
    "path": "http://media.febcchinese.org/Streaming/ee/ee161025.mp3",
    "id": 6346000025,
    "albumId": 6346,
    "albumName": "《拥抱每一天》2016年冬季合集",
    "albumtitle": "《拥抱每一天》2016年冬季合集(25)",
    "title": "拥抱每一天-20161025"
  },
  {
    "duration": 1760,
    "size": "14.1M",
    "path": "http://media.febcchinese.org/Streaming/ee/ee161026.mp3",
    "id": 6346000026,
    "albumId": 6346,
    "albumName": "《拥抱每一天》2016年冬季合集",
    "albumtitle": "《拥抱每一天》2016年冬季合集(26)",
    "title": "拥抱每一天-20161026"
  },
  {
    "duration": 1760,
    "size": "14.1M",
    "path": "http://media.febcchinese.org/Streaming/ee/ee161027.mp3",
    "id": 6346000027,
    "albumId": 6346,
    "albumName": "《拥抱每一天》2016年冬季合集",
    "albumtitle": "《拥抱每一天》2016年冬季合集(27)",
    "title": "拥抱每一天-20161027"
  },
  {
    "duration": 1760,
    "size": "14.1M",
    "path": "http://media.febcchinese.org/Streaming/ee/ee161028.mp3",
    "id": 6346000028,
    "albumId": 6346,
    "albumName": "《拥抱每一天》2016年冬季合集",
    "albumtitle": "《拥抱每一天》2016年冬季合集(28)",
    "title": "拥抱每一天-20161028"
  },
  {
    "duration": 1760,
    "size": "14.1M",
    "path": "http://media.febcchinese.org/Streaming/ee/ee161029.mp3",
    "id": 6346000029,
    "albumId": 6346,
    "albumName": "《拥抱每一天》2016年冬季合集",
    "albumtitle": "《拥抱每一天》2016年冬季合集(29)",
    "title": "拥抱每一天-20161029"
  },
  {
    "duration": 1760,
    "size": "14.1M",
    "path": "http://media.febcchinese.org/Streaming/ee/ee161030.mp3",
    "id": 6346000030,
    "albumId": 6346,
    "albumName": "《拥抱每一天》2016年冬季合集",
    "albumtitle": "《拥抱每一天》2016年冬季合集(30)",
    "title": "拥抱每一天-20161030"
  },
  {
    "duration": 1760,
    "size": "14.1M",
    "path": "http://media.febcchinese.org/Streaming/ee/ee161031.mp3",
    "id": 6346000031,
    "albumId": 6346,
    "albumName": "《拥抱每一天》2016年冬季合集",
    "albumtitle": "《拥抱每一天》2016年冬季合集(31)",
    "title": "拥抱每一天-20161031"
  },
  {
    "duration": 1760,
    "size": "14.1M",
    "path": "http://media.febcchinese.org/Streaming/ee/ee161101.mp3",
    "id": 6346000032,
    "albumId": 6346,
    "albumName": "《拥抱每一天》2016年冬季合集",
    "albumtitle": "《拥抱每一天》2016年冬季合集(32)",
    "title": "拥抱每一天-20161101"
  },
  {
    "duration": 1760,
    "size": "14.1M",
    "path": "http://media.febcchinese.org/Streaming/ee/ee161102.mp3",
    "id": 6346000033,
    "albumId": 6346,
    "albumName": "《拥抱每一天》2016年冬季合集",
    "albumtitle": "《拥抱每一天》2016年冬季合集(33)",
    "title": "拥抱每一天-20161102"
  },
  {
    "duration": 1760,
    "size": "14.1M",
    "path": "http://media.febcchinese.org/Streaming/ee/ee161103.mp3",
    "id": 6346000034,
    "albumId": 6346,
    "albumName": "《拥抱每一天》2016年冬季合集",
    "albumtitle": "《拥抱每一天》2016年冬季合集(34)",
    "title": "拥抱每一天-20161103"
  },
  {
    "duration": 1760,
    "size": "14.1M",
    "path": "http://media.febcchinese.org/Streaming/ee/ee161104.mp3",
    "id": 6346000035,
    "albumId": 6346,
    "albumName": "《拥抱每一天》2016年冬季合集",
    "albumtitle": "《拥抱每一天》2016年冬季合集(35)",
    "title": "拥抱每一天-20161104"
  },
  {
    "duration": 1760,
    "size": "14.1M",
    "path": "http://media.febcchinese.org/Streaming/ee/ee161105.mp3",
    "id": 6346000036,
    "albumId": 6346,
    "albumName": "《拥抱每一天》2016年冬季合集",
    "albumtitle": "《拥抱每一天》2016年冬季合集(36)",
    "title": "拥抱每一天-20161105"
  },
  {
    "duration": 1760,
    "size": "14.1M",
    "path": "http://media.febcchinese.org/Streaming/ee/ee161106.mp3",
    "id": 6346000037,
    "albumId": 6346,
    "albumName": "《拥抱每一天》2016年冬季合集",
    "albumtitle": "《拥抱每一天》2016年冬季合集(37)",
    "title": "拥抱每一天-20161106"
  },
  {
    "duration": 1760,
    "size": "14.1M",
    "path": "http://media.febcchinese.org/Streaming/ee/ee161107.mp3",
    "id": 6346000038,
    "albumId": 6346,
    "albumName": "《拥抱每一天》2016年冬季合集",
    "albumtitle": "《拥抱每一天》2016年冬季合集(38)",
    "title": "拥抱每一天-20161107"
  },
  {
    "duration": 1760,
    "size": "14.1M",
    "path": "http://media.febcchinese.org/Streaming/ee/ee161108.mp3",
    "id": 6346000039,
    "albumId": 6346,
    "albumName": "《拥抱每一天》2016年冬季合集",
    "albumtitle": "《拥抱每一天》2016年冬季合集(39)",
    "title": "拥抱每一天-20161108"
  },
  {
    "duration": 1760,
    "size": "14.1M",
    "path": "http://media.febcchinese.org/Streaming/ee/ee161109.mp3",
    "id": 6346000040,
    "albumId": 6346,
    "albumName": "《拥抱每一天》2016年冬季合集",
    "albumtitle": "《拥抱每一天》2016年冬季合集(40)",
    "title": "拥抱每一天-20161109"
  },
  {
    "duration": 1760,
    "size": "14.1M",
    "path": "http://media.febcchinese.org/Streaming/ee/ee161110.mp3",
    "id": 6346000041,
    "albumId": 6346,
    "albumName": "《拥抱每一天》2016年冬季合集",
    "albumtitle": "《拥抱每一天》2016年冬季合集(41)",
    "title": "拥抱每一天-20161110"
  },
  {
    "duration": 1760,
    "size": "14.1M",
    "path": "http://media.febcchinese.org/Streaming/ee/ee161111.mp3",
    "id": 6346000042,
    "albumId": 6346,
    "albumName": "《拥抱每一天》2016年冬季合集",
    "albumtitle": "《拥抱每一天》2016年冬季合集(42)",
    "title": "拥抱每一天-20161111"
  },
  {
    "duration": 1760,
    "size": "14.1M",
    "path": "http://media.febcchinese.org/Streaming/ee/ee161112.mp3",
    "id": 6346000043,
    "albumId": 6346,
    "albumName": "《拥抱每一天》2016年冬季合集",
    "albumtitle": "《拥抱每一天》2016年冬季合集(43)",
    "title": "拥抱每一天-20161112"
  },
  {
    "duration": 1760,
    "size": "14.1M",
    "path": "http://media.febcchinese.org/Streaming/ee/ee161113.mp3",
    "id": 6346000044,
    "albumId": 6346,
    "albumName": "《拥抱每一天》2016年冬季合集",
    "albumtitle": "《拥抱每一天》2016年冬季合集(44)",
    "title": "拥抱每一天-20161113"
  },
  {
    "duration": 1760,
    "size": "14.1M",
    "path": "http://media.febcchinese.org/Streaming/ee/ee161114.mp3",
    "id": 6346000045,
    "albumId": 6346,
    "albumName": "《拥抱每一天》2016年冬季合集",
    "albumtitle": "《拥抱每一天》2016年冬季合集(45)",
    "title": "拥抱每一天-20161114"
  },
  {
    "duration": 1760,
    "size": "14.1M",
    "path": "http://media.febcchinese.org/Streaming/ee/ee161115.mp3",
    "id": 6346000046,
    "albumId": 6346,
    "albumName": "《拥抱每一天》2016年冬季合集",
    "albumtitle": "《拥抱每一天》2016年冬季合集(46)",
    "title": "拥抱每一天-20161115"
  },
  {
    "duration": 1760,
    "size": "14.1M",
    "path": "http://media.febcchinese.org/Streaming/ee/ee161116.mp3",
    "id": 6346000047,
    "albumId": 6346,
    "albumName": "《拥抱每一天》2016年冬季合集",
    "albumtitle": "《拥抱每一天》2016年冬季合集(47)",
    "title": "拥抱每一天-20161116"
  },
  {
    "duration": 1760,
    "size": "14.1M",
    "path": "http://media.febcchinese.org/Streaming/ee/ee161117.mp3",
    "id": 6346000048,
    "albumId": 6346,
    "albumName": "《拥抱每一天》2016年冬季合集",
    "albumtitle": "《拥抱每一天》2016年冬季合集(48)",
    "title": "拥抱每一天-20161117"
  },
  {
    "duration": 1760,
    "size": "14.1M",
    "path": "http://media.febcchinese.org/Streaming/ee/ee161118.mp3",
    "id": 6346000049,
    "albumId": 6346,
    "albumName": "《拥抱每一天》2016年冬季合集",
    "albumtitle": "《拥抱每一天》2016年冬季合集(49)",
    "title": "拥抱每一天-20161118"
  },
  {
    "duration": 1760,
    "size": "14.1M",
    "path": "http://media.febcchinese.org/Streaming/ee/ee161119.mp3",
    "id": 6346000050,
    "albumId": 6346,
    "albumName": "《拥抱每一天》2016年冬季合集",
    "albumtitle": "《拥抱每一天》2016年冬季合集(50)",
    "title": "拥抱每一天-20161119"
  },
  {
    "duration": 1760,
    "size": "14.1M",
    "path": "http://media.febcchinese.org/Streaming/ee/ee161120.mp3",
    "id": 6346000051,
    "albumId": 6346,
    "albumName": "《拥抱每一天》2016年冬季合集",
    "albumtitle": "《拥抱每一天》2016年冬季合集(51)",
    "title": "拥抱每一天-20161120"
  },
  {
    "duration": 1760,
    "size": "14.1M",
    "path": "http://media.febcchinese.org/Streaming/ee/ee161121.mp3",
    "id": 6346000052,
    "albumId": 6346,
    "albumName": "《拥抱每一天》2016年冬季合集",
    "albumtitle": "《拥抱每一天》2016年冬季合集(52)",
    "title": "拥抱每一天-20161121"
  },
  {
    "duration": 1760,
    "size": "14.1M",
    "path": "http://media.febcchinese.org/Streaming/ee/ee161122.mp3",
    "id": 6346000053,
    "albumId": 6346,
    "albumName": "《拥抱每一天》2016年冬季合集",
    "albumtitle": "《拥抱每一天》2016年冬季合集(53)",
    "title": "拥抱每一天-20161122"
  },
  {
    "duration": 1760,
    "size": "14.1M",
    "path": "http://media.febcchinese.org/Streaming/ee/ee161123.mp3",
    "id": 6346000054,
    "albumId": 6346,
    "albumName": "《拥抱每一天》2016年冬季合集",
    "albumtitle": "《拥抱每一天》2016年冬季合集(54)",
    "title": "拥抱每一天-20161123"
  },
  {
    "duration": 1760,
    "size": "14.1M",
    "path": "http://media.febcchinese.org/Streaming/ee/ee161124.mp3",
    "id": 6346000055,
    "albumId": 6346,
    "albumName": "《拥抱每一天》2016年冬季合集",
    "albumtitle": "《拥抱每一天》2016年冬季合集(55)",
    "title": "拥抱每一天-20161124"
  },
  {
    "duration": 1760,
    "size": "14.1M",
    "path": "http://media.febcchinese.org/Streaming/ee/ee161125.mp3",
    "id": 6346000056,
    "albumId": 6346,
    "albumName": "《拥抱每一天》2016年冬季合集",
    "albumtitle": "《拥抱每一天》2016年冬季合集(56)",
    "title": "拥抱每一天-20161125"
  },
  {
    "duration": 1760,
    "size": "14.1M",
    "path": "http://media.febcchinese.org/Streaming/ee/ee161126.mp3",
    "id": 6346000057,
    "albumId": 6346,
    "albumName": "《拥抱每一天》2016年冬季合集",
    "albumtitle": "《拥抱每一天》2016年冬季合集(57)",
    "title": "拥抱每一天-20161126"
  },
  {
    "duration": 1760,
    "size": "14.1M",
    "path": "http://media.febcchinese.org/Streaming/ee/ee161127.mp3",
    "id": 6346000058,
    "albumId": 6346,
    "albumName": "《拥抱每一天》2016年冬季合集",
    "albumtitle": "《拥抱每一天》2016年冬季合集(58)",
    "title": "拥抱每一天-20161127"
  },
  {
    "duration": 1760,
    "size": "14.1M",
    "path": "http://media.febcchinese.org/Streaming/ee/ee161128.mp3",
    "id": 6346000059,
    "albumId": 6346,
    "albumName": "《拥抱每一天》2016年冬季合集",
    "albumtitle": "《拥抱每一天》2016年冬季合集(59)",
    "title": "拥抱每一天-20161128"
  },
  {
    "duration": 1760,
    "size": "14.1M",
    "path": "http://media.febcchinese.org/Streaming/ee/ee161129.mp3",
    "id": 6346000060,
    "albumId": 6346,
    "albumName": "《拥抱每一天》2016年冬季合集",
    "albumtitle": "《拥抱每一天》2016年冬季合集(60)",
    "title": "拥抱每一天-20161129"
  },
  {
    "duration": 1760,
    "size": "14.1M",
    "path": "http://media.febcchinese.org/Streaming/ee/ee161130.mp3",
    "id": 6346000061,
    "albumId": 6346,
    "albumName": "《拥抱每一天》2016年冬季合集",
    "albumtitle": "《拥抱每一天》2016年冬季合集(61)",
    "title": "拥抱每一天-20161130"
  },
  {
    "duration": 1760,
    "size": "14.1M",
    "path": "http://media.febcchinese.org/Streaming/ee/ee161201.mp3",
    "id": 6346000062,
    "albumId": 6346,
    "albumName": "《拥抱每一天》2016年冬季合集",
    "albumtitle": "《拥抱每一天》2016年冬季合集(62)",
    "title": "拥抱每一天-20161201"
  },
  {
    "duration": 1760,
    "size": "14.1M",
    "path": "http://media.febcchinese.org/Streaming/ee/ee161202.mp3",
    "id": 6346000063,
    "albumId": 6346,
    "albumName": "《拥抱每一天》2016年冬季合集",
    "albumtitle": "《拥抱每一天》2016年冬季合集(63)",
    "title": "拥抱每一天-20161202"
  },
  {
    "duration": 1760,
    "size": "14.1M",
    "path": "http://media.febcchinese.org/Streaming/ee/ee161203.mp3",
    "id": 6346000064,
    "albumId": 6346,
    "albumName": "《拥抱每一天》2016年冬季合集",
    "albumtitle": "《拥抱每一天》2016年冬季合集(64)",
    "title": "拥抱每一天-20161203"
  },
  {
    "duration": 1760,
    "size": "14.1M",
    "path": "http://media.febcchinese.org/Streaming/ee/ee161204.mp3",
    "id": 6346000065,
    "albumId": 6346,
    "albumName": "《拥抱每一天》2016年冬季合集",
    "albumtitle": "《拥抱每一天》2016年冬季合集(65)",
    "title": "拥抱每一天-20161204"
  },
  {
    "duration": 1760,
    "size": "14.1M",
    "path": "http://media.febcchinese.org/Streaming/ee/ee161205.mp3",
    "id": 6346000066,
    "albumId": 6346,
    "albumName": "《拥抱每一天》2016年冬季合集",
    "albumtitle": "《拥抱每一天》2016年冬季合集(66)",
    "title": "拥抱每一天-20161205"
  },
  {
    "duration": 1760,
    "size": "14.1M",
    "path": "http://media.febcchinese.org/Streaming/ee/ee161206.mp3",
    "id": 6346000067,
    "albumId": 6346,
    "albumName": "《拥抱每一天》2016年冬季合集",
    "albumtitle": "《拥抱每一天》2016年冬季合集(67)",
    "title": "拥抱每一天-20161206"
  },
  {
    "duration": 1760,
    "size": "14.1M",
    "path": "http://media.febcchinese.org/Streaming/ee/ee161207.mp3",
    "id": 6346000068,
    "albumId": 6346,
    "albumName": "《拥抱每一天》2016年冬季合集",
    "albumtitle": "《拥抱每一天》2016年冬季合集(68)",
    "title": "拥抱每一天-20161207"
  },
  {
    "duration": 1760,
    "size": "14.1M",
    "path": "http://media.febcchinese.org/Streaming/ee/ee161208.mp3",
    "id": 6346000069,
    "albumId": 6346,
    "albumName": "《拥抱每一天》2016年冬季合集",
    "albumtitle": "《拥抱每一天》2016年冬季合集(69)",
    "title": "拥抱每一天-20161208"
  },
  {
    "duration": 1760,
    "size": "14.1M",
    "path": "http://media.febcchinese.org/Streaming/ee/ee161209.mp3",
    "id": 6346000070,
    "albumId": 6346,
    "albumName": "《拥抱每一天》2016年冬季合集",
    "albumtitle": "《拥抱每一天》2016年冬季合集(70)",
    "title": "拥抱每一天-20161209"
  },
  {
    "duration": 1760,
    "size": "14.1M",
    "path": "http://media.febcchinese.org/Streaming/ee/ee161210.mp3",
    "id": 6346000071,
    "albumId": 6346,
    "albumName": "《拥抱每一天》2016年冬季合集",
    "albumtitle": "《拥抱每一天》2016年冬季合集(71)",
    "title": "拥抱每一天-20161210"
  },
  {
    "duration": 1760,
    "size": "14.1M",
    "path": "http://media.febcchinese.org/Streaming/ee/ee161211.mp3",
    "id": 6346000072,
    "albumId": 6346,
    "albumName": "《拥抱每一天》2016年冬季合集",
    "albumtitle": "《拥抱每一天》2016年冬季合集(72)",
    "title": "拥抱每一天-20161211"
  },
  {
    "duration": 1760,
    "size": "14.1M",
    "path": "http://media.febcchinese.org/Streaming/ee/ee161212.mp3",
    "id": 6346000073,
    "albumId": 6346,
    "albumName": "《拥抱每一天》2016年冬季合集",
    "albumtitle": "《拥抱每一天》2016年冬季合集(73)",
    "title": "拥抱每一天-20161212"
  },
  {
    "duration": 1760,
    "size": "14.1M",
    "path": "http://media.febcchinese.org/Streaming/ee/ee161213.mp3",
    "id": 6346000074,
    "albumId": 6346,
    "albumName": "《拥抱每一天》2016年冬季合集",
    "albumtitle": "《拥抱每一天》2016年冬季合集(74)",
    "title": "拥抱每一天-20161213"
  },
  {
    "duration": 1760,
    "size": "14.1M",
    "path": "http://media.febcchinese.org/Streaming/ee/ee161214.mp3",
    "id": 6346000075,
    "albumId": 6346,
    "albumName": "《拥抱每一天》2016年冬季合集",
    "albumtitle": "《拥抱每一天》2016年冬季合集(75)",
    "title": "拥抱每一天-20161214"
  },
  {
    "duration": 1760,
    "size": "14.1M",
    "path": "http://media.febcchinese.org/Streaming/ee/ee161215.mp3",
    "id": 6346000076,
    "albumId": 6346,
    "albumName": "《拥抱每一天》2016年冬季合集",
    "albumtitle": "《拥抱每一天》2016年冬季合集(76)",
    "title": "拥抱每一天-20161215"
  },
  {
    "duration": 1760,
    "size": "14.1M",
    "path": "http://media.febcchinese.org/Streaming/ee/ee161216.mp3",
    "id": 6346000077,
    "albumId": 6346,
    "albumName": "《拥抱每一天》2016年冬季合集",
    "albumtitle": "《拥抱每一天》2016年冬季合集(77)",
    "title": "拥抱每一天-20161216"
  },
  {
    "duration": 1760,
    "size": "14.1M",
    "path": "http://media.febcchinese.org/Streaming/ee/ee161217.mp3",
    "id": 6346000078,
    "albumId": 6346,
    "albumName": "《拥抱每一天》2016年冬季合集",
    "albumtitle": "《拥抱每一天》2016年冬季合集(78)",
    "title": "拥抱每一天-20161217"
  },
  {
    "duration": 1760,
    "size": "14.1M",
    "path": "http://media.febcchinese.org/Streaming/ee/ee161218.mp3",
    "id": 6346000079,
    "albumId": 6346,
    "albumName": "《拥抱每一天》2016年冬季合集",
    "albumtitle": "《拥抱每一天》2016年冬季合集(79)",
    "title": "拥抱每一天-20161218"
  },
  {
    "duration": 1760,
    "size": "14.1M",
    "path": "http://media.febcchinese.org/Streaming/ee/ee161219.mp3",
    "id": 6346000080,
    "albumId": 6346,
    "albumName": "《拥抱每一天》2016年冬季合集",
    "albumtitle": "《拥抱每一天》2016年冬季合集(80)",
    "title": "拥抱每一天-20161219"
  },
  {
    "duration": 1760,
    "size": "14.1M",
    "path": "http://media.febcchinese.org/Streaming/ee/ee161220.mp3",
    "id": 6346000081,
    "albumId": 6346,
    "albumName": "《拥抱每一天》2016年冬季合集",
    "albumtitle": "《拥抱每一天》2016年冬季合集(81)",
    "title": "拥抱每一天-20161220"
  },
  {
    "duration": 1760,
    "size": "14.1M",
    "path": "http://media.febcchinese.org/Streaming/ee/ee161221.mp3",
    "id": 6346000082,
    "albumId": 6346,
    "albumName": "《拥抱每一天》2016年冬季合集",
    "albumtitle": "《拥抱每一天》2016年冬季合集(82)",
    "title": "拥抱每一天-20161221"
  },
  {
    "duration": 1760,
    "size": "14.1M",
    "path": "http://media.febcchinese.org/Streaming/ee/ee161222.mp3",
    "id": 6346000083,
    "albumId": 6346,
    "albumName": "《拥抱每一天》2016年冬季合集",
    "albumtitle": "《拥抱每一天》2016年冬季合集(83)",
    "title": "拥抱每一天-20161222"
  },
  {
    "duration": 1760,
    "size": "14.1M",
    "path": "http://media.febcchinese.org/Streaming/ee/ee161223.mp3",
    "id": 6346000084,
    "albumId": 6346,
    "albumName": "《拥抱每一天》2016年冬季合集",
    "albumtitle": "《拥抱每一天》2016年冬季合集(84)",
    "title": "拥抱每一天-20161223"
  },
  {
    "duration": 1760,
    "size": "14.1M",
    "path": "http://media.febcchinese.org/Streaming/ee/ee161224.mp3",
    "id": 6346000085,
    "albumId": 6346,
    "albumName": "《拥抱每一天》2016年冬季合集",
    "albumtitle": "《拥抱每一天》2016年冬季合集(85)",
    "title": "拥抱每一天-20161224"
  },
  {
    "duration": 1760,
    "size": "14.1M",
    "path": "http://media.febcchinese.org/Streaming/ee/ee161225.mp3",
    "id": 6346000086,
    "albumId": 6346,
    "albumName": "《拥抱每一天》2016年冬季合集",
    "albumtitle": "《拥抱每一天》2016年冬季合集(86)",
    "title": "拥抱每一天-20161225"
  },
  {
    "duration": 1760,
    "size": "14.1M",
    "path": "http://media.febcchinese.org/Streaming/ee/ee161226.mp3",
    "id": 6346000087,
    "albumId": 6346,
    "albumName": "《拥抱每一天》2016年冬季合集",
    "albumtitle": "《拥抱每一天》2016年冬季合集(87)",
    "title": "拥抱每一天-20161226"
  },
  {
    "duration": 1760,
    "size": "14.1M",
    "path": "http://media.febcchinese.org/Streaming/ee/ee161227.mp3",
    "id": 6346000088,
    "albumId": 6346,
    "albumName": "《拥抱每一天》2016年冬季合集",
    "albumtitle": "《拥抱每一天》2016年冬季合集(88)",
    "title": "拥抱每一天-20161227"
  },
  {
    "duration": 1760,
    "size": "14.1M",
    "path": "http://media.febcchinese.org/Streaming/ee/ee161228.mp3",
    "id": 6346000089,
    "albumId": 6346,
    "albumName": "《拥抱每一天》2016年冬季合集",
    "albumtitle": "《拥抱每一天》2016年冬季合集(89)",
    "title": "拥抱每一天-20161228"
  },
  {
    "duration": 1760,
    "size": "14.1M",
    "path": "http://media.febcchinese.org/Streaming/ee/ee161229.mp3",
    "id": 6346000090,
    "albumId": 6346,
    "albumName": "《拥抱每一天》2016年冬季合集",
    "albumtitle": "《拥抱每一天》2016年冬季合集(90)",
    "title": "拥抱每一天-20161229"
  },
  {
    "duration": 1760,
    "size": "14.1M",
    "path": "http://media.febcchinese.org/Streaming/ee/ee161230.mp3",
    "id": 6346000091,
    "albumId": 6346,
    "albumName": "《拥抱每一天》2016年冬季合集",
    "albumtitle": "《拥抱每一天》2016年冬季合集(91)",
    "title": "拥抱每一天-20161230"
  },
  {
    "duration": 1760,
    "size": "14.1M",
    "path": "http://media.febcchinese.org/Streaming/ee/ee161231.mp3",
    "id": 6346000092,
    "albumId": 6346,
    "albumName": "《拥抱每一天》2016年冬季合集",
    "albumtitle": "《拥抱每一天》2016年冬季合集(92)",
    "title": "拥抱每一天-20161231"
  }
]