[
  {
    "duration": 1760,
    "size": "14.1M",
    "path": "http://media.febcchinese.org/Streaming/ee/ee131001.mp3",
    "id": 6334000001,
    "albumId": 6334,
    "albumName": "《拥抱每一天》2013年冬季合集",
    "albumtitle": "《拥抱每一天》2013年冬季合集(1)",
    "title": "拥抱每一天-20131001"
  },
  {
    "duration": 1760,
    "size": "14.1M",
    "path": "http://media.febcchinese.org/Streaming/ee/ee131002.mp3",
    "id": 6334000002,
    "albumId": 6334,
    "albumName": "《拥抱每一天》2013年冬季合集",
    "albumtitle": "《拥抱每一天》2013年冬季合集(2)",
    "title": "拥抱每一天-20131002"
  },
  {
    "duration": 1760,
    "size": "14.1M",
    "path": "http://media.febcchinese.org/Streaming/ee/ee131003.mp3",
    "id": 6334000003,
    "albumId": 6334,
    "albumName": "《拥抱每一天》2013年冬季合集",
    "albumtitle": "《拥抱每一天》2013年冬季合集(3)",
    "title": "拥抱每一天-20131003"
  },
  {
    "duration": 1760,
    "size": "14.1M",
    "path": "http://media.febcchinese.org/Streaming/ee/ee131004.mp3",
    "id": 6334000004,
    "albumId": 6334,
    "albumName": "《拥抱每一天》2013年冬季合集",
    "albumtitle": "《拥抱每一天》2013年冬季合集(4)",
    "title": "拥抱每一天-20131004"
  },
  {
    "duration": 1760,
    "size": "14.1M",
    "path": "http://media.febcchinese.org/Streaming/ee/ee131005.mp3",
    "id": 6334000005,
    "albumId": 6334,
    "albumName": "《拥抱每一天》2013年冬季合集",
    "albumtitle": "《拥抱每一天》2013年冬季合集(5)",
    "title": "拥抱每一天-20131005"
  },
  {
    "duration": 1760,
    "size": "14.1M",
    "path": "http://media.febcchinese.org/Streaming/ee/ee131006.mp3",
    "id": 6334000006,
    "albumId": 6334,
    "albumName": "《拥抱每一天》2013年冬季合集",
    "albumtitle": "《拥抱每一天》2013年冬季合集(6)",
    "title": "拥抱每一天-20131006"
  },
  {
    "duration": 1760,
    "size": "14.1M",
    "path": "http://media.febcchinese.org/Streaming/ee/ee131007.mp3",
    "id": 6334000007,
    "albumId": 6334,
    "albumName": "《拥抱每一天》2013年冬季合集",
    "albumtitle": "《拥抱每一天》2013年冬季合集(7)",
    "title": "拥抱每一天-20131007"
  },
  {
    "duration": 1760,
    "size": "14.1M",
    "path": "http://media.febcchinese.org/Streaming/ee/ee131008.mp3",
    "id": 6334000008,
    "albumId": 6334,
    "albumName": "《拥抱每一天》2013年冬季合集",
    "albumtitle": "《拥抱每一天》2013年冬季合集(8)",
    "title": "拥抱每一天-20131008"
  },
  {
    "duration": 1760,
    "size": "14.1M",
    "path": "http://media.febcchinese.org/Streaming/ee/ee131009.mp3",
    "id": 6334000009,
    "albumId": 6334,
    "albumName": "《拥抱每一天》2013年冬季合集",
    "albumtitle": "《拥抱每一天》2013年冬季合集(9)",
    "title": "拥抱每一天-20131009"
  },
  {
    "duration": 1760,
    "size": "14.1M",
    "path": "http://media.febcchinese.org/Streaming/ee/ee131010.mp3",
    "id": 6334000010,
    "albumId": 6334,
    "albumName": "《拥抱每一天》2013年冬季合集",
    "albumtitle": "《拥抱每一天》2013年冬季合集(10)",
    "title": "拥抱每一天-20131010"
  },
  {
    "duration": 1760,
    "size": "14.1M",
    "path": "http://media.febcchinese.org/Streaming/ee/ee131011.mp3",
    "id": 6334000011,
    "albumId": 6334,
    "albumName": "《拥抱每一天》2013年冬季合集",
    "albumtitle": "《拥抱每一天》2013年冬季合集(11)",
    "title": "拥抱每一天-20131011"
  },
  {
    "duration": 1760,
    "size": "14.1M",
    "path": "http://media.febcchinese.org/Streaming/ee/ee131012.mp3",
    "id": 6334000012,
    "albumId": 6334,
    "albumName": "《拥抱每一天》2013年冬季合集",
    "albumtitle": "《拥抱每一天》2013年冬季合集(12)",
    "title": "拥抱每一天-20131012"
  },
  {
    "duration": 1760,
    "size": "14.1M",
    "path": "http://media.febcchinese.org/Streaming/ee/ee131013.mp3",
    "id": 6334000013,
    "albumId": 6334,
    "albumName": "《拥抱每一天》2013年冬季合集",
    "albumtitle": "《拥抱每一天》2013年冬季合集(13)",
    "title": "拥抱每一天-20131013"
  },
  {
    "duration": 1760,
    "size": "14.1M",
    "path": "http://media.febcchinese.org/Streaming/ee/ee131014.mp3",
    "id": 6334000014,
    "albumId": 6334,
    "albumName": "《拥抱每一天》2013年冬季合集",
    "albumtitle": "《拥抱每一天》2013年冬季合集(14)",
    "title": "拥抱每一天-20131014"
  },
  {
    "duration": 1760,
    "size": "14.1M",
    "path": "http://media.febcchinese.org/Streaming/ee/ee131015.mp3",
    "id": 6334000015,
    "albumId": 6334,
    "albumName": "《拥抱每一天》2013年冬季合集",
    "albumtitle": "《拥抱每一天》2013年冬季合集(15)",
    "title": "拥抱每一天-20131015"
  },
  {
    "duration": 1760,
    "size": "14.1M",
    "path": "http://media.febcchinese.org/Streaming/ee/ee131016.mp3",
    "id": 6334000016,
    "albumId": 6334,
    "albumName": "《拥抱每一天》2013年冬季合集",
    "albumtitle": "《拥抱每一天》2013年冬季合集(16)",
    "title": "拥抱每一天-20131016"
  },
  {
    "duration": 1760,
    "size": "14.1M",
    "path": "http://media.febcchinese.org/Streaming/ee/ee131017.mp3",
    "id": 6334000017,
    "albumId": 6334,
    "albumName": "《拥抱每一天》2013年冬季合集",
    "albumtitle": "《拥抱每一天》2013年冬季合集(17)",
    "title": "拥抱每一天-20131017"
  },
  {
    "duration": 1760,
    "size": "14.1M",
    "path": "http://media.febcchinese.org/Streaming/ee/ee131018.mp3",
    "id": 6334000018,
    "albumId": 6334,
    "albumName": "《拥抱每一天》2013年冬季合集",
    "albumtitle": "《拥抱每一天》2013年冬季合集(18)",
    "title": "拥抱每一天-20131018"
  },
  {
    "duration": 1760,
    "size": "14.1M",
    "path": "http://media.febcchinese.org/Streaming/ee/ee131019.mp3",
    "id": 6334000019,
    "albumId": 6334,
    "albumName": "《拥抱每一天》2013年冬季合集",
    "albumtitle": "《拥抱每一天》2013年冬季合集(19)",
    "title": "拥抱每一天-20131019"
  },
  {
    "duration": 1760,
    "size": "14.1M",
    "path": "http://media.febcchinese.org/Streaming/ee/ee131020.mp3",
    "id": 6334000020,
    "albumId": 6334,
    "albumName": "《拥抱每一天》2013年冬季合集",
    "albumtitle": "《拥抱每一天》2013年冬季合集(20)",
    "title": "拥抱每一天-20131020"
  },
  {
    "duration": 1760,
    "size": "14.1M",
    "path": "http://media.febcchinese.org/Streaming/ee/ee131021.mp3",
    "id": 6334000021,
    "albumId": 6334,
    "albumName": "《拥抱每一天》2013年冬季合集",
    "albumtitle": "《拥抱每一天》2013年冬季合集(21)",
    "title": "拥抱每一天-20131021"
  },
  {
    "duration": 1760,
    "size": "14.1M",
    "path": "http://media.febcchinese.org/Streaming/ee/ee131022.mp3",
    "id": 6334000022,
    "albumId": 6334,
    "albumName": "《拥抱每一天》2013年冬季合集",
    "albumtitle": "《拥抱每一天》2013年冬季合集(22)",
    "title": "拥抱每一天-20131022"
  },
  {
    "duration": 1760,
    "size": "14.1M",
    "path": "http://media.febcchinese.org/Streaming/ee/ee131023.mp3",
    "id": 6334000023,
    "albumId": 6334,
    "albumName": "《拥抱每一天》2013年冬季合集",
    "albumtitle": "《拥抱每一天》2013年冬季合集(23)",
    "title": "拥抱每一天-20131023"
  },
  {
    "duration": 1760,
    "size": "14.1M",
    "path": "http://media.febcchinese.org/Streaming/ee/ee131024.mp3",
    "id": 6334000024,
    "albumId": 6334,
    "albumName": "《拥抱每一天》2013年冬季合集",
    "albumtitle": "《拥抱每一天》2013年冬季合集(24)",
    "title": "拥抱每一天-20131024"
  },
  {
    "duration": 1760,
    "size": "14.1M",
    "path": "http://media.febcchinese.org/Streaming/ee/ee131025.mp3",
    "id": 6334000025,
    "albumId": 6334,
    "albumName": "《拥抱每一天》2013年冬季合集",
    "albumtitle": "《拥抱每一天》2013年冬季合集(25)",
    "title": "拥抱每一天-20131025"
  },
  {
    "duration": 1760,
    "size": "14.1M",
    "path": "http://media.febcchinese.org/Streaming/ee/ee131026.mp3",
    "id": 6334000026,
    "albumId": 6334,
    "albumName": "《拥抱每一天》2013年冬季合集",
    "albumtitle": "《拥抱每一天》2013年冬季合集(26)",
    "title": "拥抱每一天-20131026"
  },
  {
    "duration": 1760,
    "size": "14.1M",
    "path": "http://media.febcchinese.org/Streaming/ee/ee131027.mp3",
    "id": 6334000027,
    "albumId": 6334,
    "albumName": "《拥抱每一天》2013年冬季合集",
    "albumtitle": "《拥抱每一天》2013年冬季合集(27)",
    "title": "拥抱每一天-20131027"
  },
  {
    "duration": 1760,
    "size": "14.1M",
    "path": "http://media.febcchinese.org/Streaming/ee/ee131028.mp3",
    "id": 6334000028,
    "albumId": 6334,
    "albumName": "《拥抱每一天》2013年冬季合集",
    "albumtitle": "《拥抱每一天》2013年冬季合集(28)",
    "title": "拥抱每一天-20131028"
  },
  {
    "duration": 1760,
    "size": "14.1M",
    "path": "http://media.febcchinese.org/Streaming/ee/ee131029.mp3",
    "id": 6334000029,
    "albumId": 6334,
    "albumName": "《拥抱每一天》2013年冬季合集",
    "albumtitle": "《拥抱每一天》2013年冬季合集(29)",
    "title": "拥抱每一天-20131029"
  },
  {
    "duration": 1760,
    "size": "14.1M",
    "path": "http://media.febcchinese.org/Streaming/ee/ee131030.mp3",
    "id": 6334000030,
    "albumId": 6334,
    "albumName": "《拥抱每一天》2013年冬季合集",
    "albumtitle": "《拥抱每一天》2013年冬季合集(30)",
    "title": "拥抱每一天-20131030"
  },
  {
    "duration": 1760,
    "size": "14.1M",
    "path": "http://media.febcchinese.org/Streaming/ee/ee131031.mp3",
    "id": 6334000031,
    "albumId": 6334,
    "albumName": "《拥抱每一天》2013年冬季合集",
    "albumtitle": "《拥抱每一天》2013年冬季合集(31)",
    "title": "拥抱每一天-20131031"
  },
  {
    "duration": 1760,
    "size": "14.1M",
    "path": "http://media.febcchinese.org/Streaming/ee/ee131101.mp3",
    "id": 6334000032,
    "albumId": 6334,
    "albumName": "《拥抱每一天》2013年冬季合集",
    "albumtitle": "《拥抱每一天》2013年冬季合集(32)",
    "title": "拥抱每一天-20131101"
  },
  {
    "duration": 1760,
    "size": "14.1M",
    "path": "http://media.febcchinese.org/Streaming/ee/ee131102.mp3",
    "id": 6334000033,
    "albumId": 6334,
    "albumName": "《拥抱每一天》2013年冬季合集",
    "albumtitle": "《拥抱每一天》2013年冬季合集(33)",
    "title": "拥抱每一天-20131102"
  },
  {
    "duration": 1760,
    "size": "14.1M",
    "path": "http://media.febcchinese.org/Streaming/ee/ee131103.mp3",
    "id": 6334000034,
    "albumId": 6334,
    "albumName": "《拥抱每一天》2013年冬季合集",
    "albumtitle": "《拥抱每一天》2013年冬季合集(34)",
    "title": "拥抱每一天-20131103"
  },
  {
    "duration": 1760,
    "size": "14.1M",
    "path": "http://media.febcchinese.org/Streaming/ee/ee131104.mp3",
    "id": 6334000035,
    "albumId": 6334,
    "albumName": "《拥抱每一天》2013年冬季合集",
    "albumtitle": "《拥抱每一天》2013年冬季合集(35)",
    "title": "拥抱每一天-20131104"
  },
  {
    "duration": 1760,
    "size": "14.1M",
    "path": "http://media.febcchinese.org/Streaming/ee/ee131105.mp3",
    "id": 6334000036,
    "albumId": 6334,
    "albumName": "《拥抱每一天》2013年冬季合集",
    "albumtitle": "《拥抱每一天》2013年冬季合集(36)",
    "title": "拥抱每一天-20131105"
  },
  {
    "duration": 1760,
    "size": "14.1M",
    "path": "http://media.febcchinese.org/Streaming/ee/ee131106.mp3",
    "id": 6334000037,
    "albumId": 6334,
    "albumName": "《拥抱每一天》2013年冬季合集",
    "albumtitle": "《拥抱每一天》2013年冬季合集(37)",
    "title": "拥抱每一天-20131106"
  },
  {
    "duration": 1760,
    "size": "14.1M",
    "path": "http://media.febcchinese.org/Streaming/ee/ee131107.mp3",
    "id": 6334000038,
    "albumId": 6334,
    "albumName": "《拥抱每一天》2013年冬季合集",
    "albumtitle": "《拥抱每一天》2013年冬季合集(38)",
    "title": "拥抱每一天-20131107"
  },
  {
    "duration": 1760,
    "size": "14.1M",
    "path": "http://media.febcchinese.org/Streaming/ee/ee131108.mp3",
    "id": 6334000039,
    "albumId": 6334,
    "albumName": "《拥抱每一天》2013年冬季合集",
    "albumtitle": "《拥抱每一天》2013年冬季合集(39)",
    "title": "拥抱每一天-20131108"
  },
  {
    "duration": 1760,
    "size": "14.1M",
    "path": "http://media.febcchinese.org/Streaming/ee/ee131109.mp3",
    "id": 6334000040,
    "albumId": 6334,
    "albumName": "《拥抱每一天》2013年冬季合集",
    "albumtitle": "《拥抱每一天》2013年冬季合集(40)",
    "title": "拥抱每一天-20131109"
  },
  {
    "duration": 1760,
    "size": "14.1M",
    "path": "http://media.febcchinese.org/Streaming/ee/ee131110.mp3",
    "id": 6334000041,
    "albumId": 6334,
    "albumName": "《拥抱每一天》2013年冬季合集",
    "albumtitle": "《拥抱每一天》2013年冬季合集(41)",
    "title": "拥抱每一天-20131110"
  },
  {
    "duration": 1760,
    "size": "14.1M",
    "path": "http://media.febcchinese.org/Streaming/ee/ee131111.mp3",
    "id": 6334000042,
    "albumId": 6334,
    "albumName": "《拥抱每一天》2013年冬季合集",
    "albumtitle": "《拥抱每一天》2013年冬季合集(42)",
    "title": "拥抱每一天-20131111"
  },
  {
    "duration": 1760,
    "size": "14.1M",
    "path": "http://media.febcchinese.org/Streaming/ee/ee131112.mp3",
    "id": 6334000043,
    "albumId": 6334,
    "albumName": "《拥抱每一天》2013年冬季合集",
    "albumtitle": "《拥抱每一天》2013年冬季合集(43)",
    "title": "拥抱每一天-20131112"
  },
  {
    "duration": 1760,
    "size": "14.1M",
    "path": "http://media.febcchinese.org/Streaming/ee/ee131113.mp3",
    "id": 6334000044,
    "albumId": 6334,
    "albumName": "《拥抱每一天》2013年冬季合集",
    "albumtitle": "《拥抱每一天》2013年冬季合集(44)",
    "title": "拥抱每一天-20131113"
  },
  {
    "duration": 1760,
    "size": "14.1M",
    "path": "http://media.febcchinese.org/Streaming/ee/ee131114.mp3",
    "id": 6334000045,
    "albumId": 6334,
    "albumName": "《拥抱每一天》2013年冬季合集",
    "albumtitle": "《拥抱每一天》2013年冬季合集(45)",
    "title": "拥抱每一天-20131114"
  },
  {
    "duration": 1760,
    "size": "14.1M",
    "path": "http://media.febcchinese.org/Streaming/ee/ee131115.mp3",
    "id": 6334000046,
    "albumId": 6334,
    "albumName": "《拥抱每一天》2013年冬季合集",
    "albumtitle": "《拥抱每一天》2013年冬季合集(46)",
    "title": "拥抱每一天-20131115"
  },
  {
    "duration": 1760,
    "size": "14.1M",
    "path": "http://media.febcchinese.org/Streaming/ee/ee131116.mp3",
    "id": 6334000047,
    "albumId": 6334,
    "albumName": "《拥抱每一天》2013年冬季合集",
    "albumtitle": "《拥抱每一天》2013年冬季合集(47)",
    "title": "拥抱每一天-20131116"
  },
  {
    "duration": 1760,
    "size": "14.1M",
    "path": "http://media.febcchinese.org/Streaming/ee/ee131117.mp3",
    "id": 6334000048,
    "albumId": 6334,
    "albumName": "《拥抱每一天》2013年冬季合集",
    "albumtitle": "《拥抱每一天》2013年冬季合集(48)",
    "title": "拥抱每一天-20131117"
  },
  {
    "duration": 1760,
    "size": "14.1M",
    "path": "http://media.febcchinese.org/Streaming/ee/ee131118.mp3",
    "id": 6334000049,
    "albumId": 6334,
    "albumName": "《拥抱每一天》2013年冬季合集",
    "albumtitle": "《拥抱每一天》2013年冬季合集(49)",
    "title": "拥抱每一天-20131118"
  },
  {
    "duration": 1760,
    "size": "14.1M",
    "path": "http://media.febcchinese.org/Streaming/ee/ee131119.mp3",
    "id": 6334000050,
    "albumId": 6334,
    "albumName": "《拥抱每一天》2013年冬季合集",
    "albumtitle": "《拥抱每一天》2013年冬季合集(50)",
    "title": "拥抱每一天-20131119"
  },
  {
    "duration": 1760,
    "size": "14.1M",
    "path": "http://media.febcchinese.org/Streaming/ee/ee131120.mp3",
    "id": 6334000051,
    "albumId": 6334,
    "albumName": "《拥抱每一天》2013年冬季合集",
    "albumtitle": "《拥抱每一天》2013年冬季合集(51)",
    "title": "拥抱每一天-20131120"
  },
  {
    "duration": 1760,
    "size": "14.1M",
    "path": "http://media.febcchinese.org/Streaming/ee/ee131121.mp3",
    "id": 6334000052,
    "albumId": 6334,
    "albumName": "《拥抱每一天》2013年冬季合集",
    "albumtitle": "《拥抱每一天》2013年冬季合集(52)",
    "title": "拥抱每一天-20131121"
  },
  {
    "duration": 1760,
    "size": "14.1M",
    "path": "http://media.febcchinese.org/Streaming/ee/ee131122.mp3",
    "id": 6334000053,
    "albumId": 6334,
    "albumName": "《拥抱每一天》2013年冬季合集",
    "albumtitle": "《拥抱每一天》2013年冬季合集(53)",
    "title": "拥抱每一天-20131122"
  },
  {
    "duration": 1760,
    "size": "14.1M",
    "path": "http://media.febcchinese.org/Streaming/ee/ee131123.mp3",
    "id": 6334000054,
    "albumId": 6334,
    "albumName": "《拥抱每一天》2013年冬季合集",
    "albumtitle": "《拥抱每一天》2013年冬季合集(54)",
    "title": "拥抱每一天-20131123"
  },
  {
    "duration": 1760,
    "size": "14.1M",
    "path": "http://media.febcchinese.org/Streaming/ee/ee131124.mp3",
    "id": 6334000055,
    "albumId": 6334,
    "albumName": "《拥抱每一天》2013年冬季合集",
    "albumtitle": "《拥抱每一天》2013年冬季合集(55)",
    "title": "拥抱每一天-20131124"
  },
  {
    "duration": 1760,
    "size": "14.1M",
    "path": "http://media.febcchinese.org/Streaming/ee/ee131125.mp3",
    "id": 6334000056,
    "albumId": 6334,
    "albumName": "《拥抱每一天》2013年冬季合集",
    "albumtitle": "《拥抱每一天》2013年冬季合集(56)",
    "title": "拥抱每一天-20131125"
  },
  {
    "duration": 1760,
    "size": "14.1M",
    "path": "http://media.febcchinese.org/Streaming/ee/ee131126.mp3",
    "id": 6334000057,
    "albumId": 6334,
    "albumName": "《拥抱每一天》2013年冬季合集",
    "albumtitle": "《拥抱每一天》2013年冬季合集(57)",
    "title": "拥抱每一天-20131126"
  },
  {
    "duration": 1760,
    "size": "14.1M",
    "path": "http://media.febcchinese.org/Streaming/ee/ee131127.mp3",
    "id": 6334000058,
    "albumId": 6334,
    "albumName": "《拥抱每一天》2013年冬季合集",
    "albumtitle": "《拥抱每一天》2013年冬季合集(58)",
    "title": "拥抱每一天-20131127"
  },
  {
    "duration": 1760,
    "size": "14.1M",
    "path": "http://media.febcchinese.org/Streaming/ee/ee131128.mp3",
    "id": 6334000059,
    "albumId": 6334,
    "albumName": "《拥抱每一天》2013年冬季合集",
    "albumtitle": "《拥抱每一天》2013年冬季合集(59)",
    "title": "拥抱每一天-20131128"
  },
  {
    "duration": 1760,
    "size": "14.1M",
    "path": "http://media.febcchinese.org/Streaming/ee/ee131129.mp3",
    "id": 6334000060,
    "albumId": 6334,
    "albumName": "《拥抱每一天》2013年冬季合集",
    "albumtitle": "《拥抱每一天》2013年冬季合集(60)",
    "title": "拥抱每一天-20131129"
  },
  {
    "duration": 1760,
    "size": "14.1M",
    "path": "http://media.febcchinese.org/Streaming/ee/ee131130.mp3",
    "id": 6334000061,
    "albumId": 6334,
    "albumName": "《拥抱每一天》2013年冬季合集",
    "albumtitle": "《拥抱每一天》2013年冬季合集(61)",
    "title": "拥抱每一天-20131130"
  },
  {
    "duration": 1760,
    "size": "14.1M",
    "path": "http://media.febcchinese.org/Streaming/ee/ee131201.mp3",
    "id": 6334000062,
    "albumId": 6334,
    "albumName": "《拥抱每一天》2013年冬季合集",
    "albumtitle": "《拥抱每一天》2013年冬季合集(62)",
    "title": "拥抱每一天-20131201"
  },
  {
    "duration": 1760,
    "size": "14.1M",
    "path": "http://media.febcchinese.org/Streaming/ee/ee131202.mp3",
    "id": 6334000063,
    "albumId": 6334,
    "albumName": "《拥抱每一天》2013年冬季合集",
    "albumtitle": "《拥抱每一天》2013年冬季合集(63)",
    "title": "拥抱每一天-20131202"
  },
  {
    "duration": 1760,
    "size": "14.1M",
    "path": "http://media.febcchinese.org/Streaming/ee/ee131203.mp3",
    "id": 6334000064,
    "albumId": 6334,
    "albumName": "《拥抱每一天》2013年冬季合集",
    "albumtitle": "《拥抱每一天》2013年冬季合集(64)",
    "title": "拥抱每一天-20131203"
  },
  {
    "duration": 1760,
    "size": "14.1M",
    "path": "http://media.febcchinese.org/Streaming/ee/ee131204.mp3",
    "id": 6334000065,
    "albumId": 6334,
    "albumName": "《拥抱每一天》2013年冬季合集",
    "albumtitle": "《拥抱每一天》2013年冬季合集(65)",
    "title": "拥抱每一天-20131204"
  },
  {
    "duration": 1760,
    "size": "14.1M",
    "path": "http://media.febcchinese.org/Streaming/ee/ee131205.mp3",
    "id": 6334000066,
    "albumId": 6334,
    "albumName": "《拥抱每一天》2013年冬季合集",
    "albumtitle": "《拥抱每一天》2013年冬季合集(66)",
    "title": "拥抱每一天-20131205"
  },
  {
    "duration": 1760,
    "size": "14.1M",
    "path": "http://media.febcchinese.org/Streaming/ee/ee131206.mp3",
    "id": 6334000067,
    "albumId": 6334,
    "albumName": "《拥抱每一天》2013年冬季合集",
    "albumtitle": "《拥抱每一天》2013年冬季合集(67)",
    "title": "拥抱每一天-20131206"
  },
  {
    "duration": 1760,
    "size": "14.1M",
    "path": "http://media.febcchinese.org/Streaming/ee/ee131207.mp3",
    "id": 6334000068,
    "albumId": 6334,
    "albumName": "《拥抱每一天》2013年冬季合集",
    "albumtitle": "《拥抱每一天》2013年冬季合集(68)",
    "title": "拥抱每一天-20131207"
  },
  {
    "duration": 1760,
    "size": "14.1M",
    "path": "http://media.febcchinese.org/Streaming/ee/ee131208.mp3",
    "id": 6334000069,
    "albumId": 6334,
    "albumName": "《拥抱每一天》2013年冬季合集",
    "albumtitle": "《拥抱每一天》2013年冬季合集(69)",
    "title": "拥抱每一天-20131208"
  },
  {
    "duration": 1760,
    "size": "14.1M",
    "path": "http://media.febcchinese.org/Streaming/ee/ee131209.mp3",
    "id": 6334000070,
    "albumId": 6334,
    "albumName": "《拥抱每一天》2013年冬季合集",
    "albumtitle": "《拥抱每一天》2013年冬季合集(70)",
    "title": "拥抱每一天-20131209"
  },
  {
    "duration": 1760,
    "size": "14.1M",
    "path": "http://media.febcchinese.org/Streaming/ee/ee131210.mp3",
    "id": 6334000071,
    "albumId": 6334,
    "albumName": "《拥抱每一天》2013年冬季合集",
    "albumtitle": "《拥抱每一天》2013年冬季合集(71)",
    "title": "拥抱每一天-20131210"
  },
  {
    "duration": 1760,
    "size": "14.1M",
    "path": "http://media.febcchinese.org/Streaming/ee/ee131211.mp3",
    "id": 6334000072,
    "albumId": 6334,
    "albumName": "《拥抱每一天》2013年冬季合集",
    "albumtitle": "《拥抱每一天》2013年冬季合集(72)",
    "title": "拥抱每一天-20131211"
  },
  {
    "duration": 1760,
    "size": "14.1M",
    "path": "http://media.febcchinese.org/Streaming/ee/ee131212.mp3",
    "id": 6334000073,
    "albumId": 6334,
    "albumName": "《拥抱每一天》2013年冬季合集",
    "albumtitle": "《拥抱每一天》2013年冬季合集(73)",
    "title": "拥抱每一天-20131212"
  },
  {
    "duration": 1760,
    "size": "14.1M",
    "path": "http://media.febcchinese.org/Streaming/ee/ee131213.mp3",
    "id": 6334000074,
    "albumId": 6334,
    "albumName": "《拥抱每一天》2013年冬季合集",
    "albumtitle": "《拥抱每一天》2013年冬季合集(74)",
    "title": "拥抱每一天-20131213"
  },
  {
    "duration": 1760,
    "size": "14.1M",
    "path": "http://media.febcchinese.org/Streaming/ee/ee131214.mp3",
    "id": 6334000075,
    "albumId": 6334,
    "albumName": "《拥抱每一天》2013年冬季合集",
    "albumtitle": "《拥抱每一天》2013年冬季合集(75)",
    "title": "拥抱每一天-20131214"
  },
  {
    "duration": 1760,
    "size": "14.1M",
    "path": "http://media.febcchinese.org/Streaming/ee/ee131215.mp3",
    "id": 6334000076,
    "albumId": 6334,
    "albumName": "《拥抱每一天》2013年冬季合集",
    "albumtitle": "《拥抱每一天》2013年冬季合集(76)",
    "title": "拥抱每一天-20131215"
  },
  {
    "duration": 1760,
    "size": "14.1M",
    "path": "http://media.febcchinese.org/Streaming/ee/ee131216.mp3",
    "id": 6334000077,
    "albumId": 6334,
    "albumName": "《拥抱每一天》2013年冬季合集",
    "albumtitle": "《拥抱每一天》2013年冬季合集(77)",
    "title": "拥抱每一天-20131216"
  },
  {
    "duration": 1760,
    "size": "14.1M",
    "path": "http://media.febcchinese.org/Streaming/ee/ee131217.mp3",
    "id": 6334000078,
    "albumId": 6334,
    "albumName": "《拥抱每一天》2013年冬季合集",
    "albumtitle": "《拥抱每一天》2013年冬季合集(78)",
    "title": "拥抱每一天-20131217"
  },
  {
    "duration": 1760,
    "size": "14.1M",
    "path": "http://media.febcchinese.org/Streaming/ee/ee131218.mp3",
    "id": 6334000079,
    "albumId": 6334,
    "albumName": "《拥抱每一天》2013年冬季合集",
    "albumtitle": "《拥抱每一天》2013年冬季合集(79)",
    "title": "拥抱每一天-20131218"
  },
  {
    "duration": 1760,
    "size": "14.1M",
    "path": "http://media.febcchinese.org/Streaming/ee/ee131219.mp3",
    "id": 6334000080,
    "albumId": 6334,
    "albumName": "《拥抱每一天》2013年冬季合集",
    "albumtitle": "《拥抱每一天》2013年冬季合集(80)",
    "title": "拥抱每一天-20131219"
  },
  {
    "duration": 1760,
    "size": "14.1M",
    "path": "http://media.febcchinese.org/Streaming/ee/ee131220.mp3",
    "id": 6334000081,
    "albumId": 6334,
    "albumName": "《拥抱每一天》2013年冬季合集",
    "albumtitle": "《拥抱每一天》2013年冬季合集(81)",
    "title": "拥抱每一天-20131220"
  },
  {
    "duration": 1760,
    "size": "14.1M",
    "path": "http://media.febcchinese.org/Streaming/ee/ee131221.mp3",
    "id": 6334000082,
    "albumId": 6334,
    "albumName": "《拥抱每一天》2013年冬季合集",
    "albumtitle": "《拥抱每一天》2013年冬季合集(82)",
    "title": "拥抱每一天-20131221"
  },
  {
    "duration": 1760,
    "size": "14.1M",
    "path": "http://media.febcchinese.org/Streaming/ee/ee131222.mp3",
    "id": 6334000083,
    "albumId": 6334,
    "albumName": "《拥抱每一天》2013年冬季合集",
    "albumtitle": "《拥抱每一天》2013年冬季合集(83)",
    "title": "拥抱每一天-20131222"
  },
  {
    "duration": 1760,
    "size": "14.1M",
    "path": "http://media.febcchinese.org/Streaming/ee/ee131223.mp3",
    "id": 6334000084,
    "albumId": 6334,
    "albumName": "《拥抱每一天》2013年冬季合集",
    "albumtitle": "《拥抱每一天》2013年冬季合集(84)",
    "title": "拥抱每一天-20131223"
  },
  {
    "duration": 1760,
    "size": "14.1M",
    "path": "http://media.febcchinese.org/Streaming/ee/ee131224.mp3",
    "id": 6334000085,
    "albumId": 6334,
    "albumName": "《拥抱每一天》2013年冬季合集",
    "albumtitle": "《拥抱每一天》2013年冬季合集(85)",
    "title": "拥抱每一天-20131224"
  },
  {
    "duration": 1760,
    "size": "14.1M",
    "path": "http://media.febcchinese.org/Streaming/ee/ee131225.mp3",
    "id": 6334000086,
    "albumId": 6334,
    "albumName": "《拥抱每一天》2013年冬季合集",
    "albumtitle": "《拥抱每一天》2013年冬季合集(86)",
    "title": "拥抱每一天-20131225"
  },
  {
    "duration": 1760,
    "size": "14.1M",
    "path": "http://media.febcchinese.org/Streaming/ee/ee131226.mp3",
    "id": 6334000087,
    "albumId": 6334,
    "albumName": "《拥抱每一天》2013年冬季合集",
    "albumtitle": "《拥抱每一天》2013年冬季合集(87)",
    "title": "拥抱每一天-20131226"
  },
  {
    "duration": 1760,
    "size": "14.1M",
    "path": "http://media.febcchinese.org/Streaming/ee/ee131227.mp3",
    "id": 6334000088,
    "albumId": 6334,
    "albumName": "《拥抱每一天》2013年冬季合集",
    "albumtitle": "《拥抱每一天》2013年冬季合集(88)",
    "title": "拥抱每一天-20131227"
  },
  {
    "duration": 1760,
    "size": "14.1M",
    "path": "http://media.febcchinese.org/Streaming/ee/ee131228.mp3",
    "id": 6334000089,
    "albumId": 6334,
    "albumName": "《拥抱每一天》2013年冬季合集",
    "albumtitle": "《拥抱每一天》2013年冬季合集(89)",
    "title": "拥抱每一天-20131228"
  },
  {
    "duration": 1760,
    "size": "14.1M",
    "path": "http://media.febcchinese.org/Streaming/ee/ee131229.mp3",
    "id": 6334000090,
    "albumId": 6334,
    "albumName": "《拥抱每一天》2013年冬季合集",
    "albumtitle": "《拥抱每一天》2013年冬季合集(90)",
    "title": "拥抱每一天-20131229"
  },
  {
    "duration": 1760,
    "size": "14.1M",
    "path": "http://media.febcchinese.org/Streaming/ee/ee131230.mp3",
    "id": 6334000091,
    "albumId": 6334,
    "albumName": "《拥抱每一天》2013年冬季合集",
    "albumtitle": "《拥抱每一天》2013年冬季合集(91)",
    "title": "拥抱每一天-20131230"
  },
  {
    "duration": 1760,
    "size": "14.1M",
    "path": "http://media.febcchinese.org/Streaming/ee/ee131231.mp3",
    "id": 6334000092,
    "albumId": 6334,
    "albumName": "《拥抱每一天》2013年冬季合集",
    "albumtitle": "《拥抱每一天》2013年冬季合集(92)",
    "title": "拥抱每一天-20131231"
  }
]