[{
  "duration": 1760,
  "size": "14.1M",
  "path": "http://media.febcchinese.org/Streaming/ee/ee120101.mp3",
  "id": 6327000001,
  "albumId": 6327,
  "albumName": "《拥抱每一天》2012年春季合集",
  "albumtitle": "《拥抱每一天》2012年春季合集(1)",
  "title": "拥抱每一天-20120101"
},
  {
    "duration": 1760,
    "size": "14.1M",
    "path": "http://media.febcchinese.org/Streaming/ee/ee120102.mp3",
    "id": 6327000002,
    "albumId": 6327,
    "albumName": "《拥抱每一天》2012年春季合集",
    "albumtitle": "《拥抱每一天》2012年春季合集(2)",
    "title": "拥抱每一天-20120102"
  },
  {
    "duration": 1760,
    "size": "14.1M",
    "path": "http://media.febcchinese.org/Streaming/ee/ee120103.mp3",
    "id": 6327000003,
    "albumId": 6327,
    "albumName": "《拥抱每一天》2012年春季合集",
    "albumtitle": "《拥抱每一天》2012年春季合集(3)",
    "title": "拥抱每一天-20120103"
  },
  {
    "duration": 1760,
    "size": "14.1M",
    "path": "http://media.febcchinese.org/Streaming/ee/ee120104.mp3",
    "id": 6327000004,
    "albumId": 6327,
    "albumName": "《拥抱每一天》2012年春季合集",
    "albumtitle": "《拥抱每一天》2012年春季合集(4)",
    "title": "拥抱每一天-20120104"
  },
  {
    "duration": 1760,
    "size": "14.1M",
    "path": "http://media.febcchinese.org/Streaming/ee/ee120105.mp3",
    "id": 6327000005,
    "albumId": 6327,
    "albumName": "《拥抱每一天》2012年春季合集",
    "albumtitle": "《拥抱每一天》2012年春季合集(5)",
    "title": "拥抱每一天-20120105"
  },
  {
    "duration": 1760,
    "size": "14.1M",
    "path": "http://media.febcchinese.org/Streaming/ee/ee120106.mp3",
    "id": 6327000006,
    "albumId": 6327,
    "albumName": "《拥抱每一天》2012年春季合集",
    "albumtitle": "《拥抱每一天》2012年春季合集(6)",
    "title": "拥抱每一天-20120106"
  },
  {
    "duration": 1760,
    "size": "14.1M",
    "path": "http://media.febcchinese.org/Streaming/ee/ee120107.mp3",
    "id": 6327000007,
    "albumId": 6327,
    "albumName": "《拥抱每一天》2012年春季合集",
    "albumtitle": "《拥抱每一天》2012年春季合集(7)",
    "title": "拥抱每一天-20120107"
  },
  {
    "duration": 1760,
    "size": "14.1M",
    "path": "http://media.febcchinese.org/Streaming/ee/ee120108.mp3",
    "id": 6327000008,
    "albumId": 6327,
    "albumName": "《拥抱每一天》2012年春季合集",
    "albumtitle": "《拥抱每一天》2012年春季合集(8)",
    "title": "拥抱每一天-20120108"
  },
  {
    "duration": 1760,
    "size": "14.1M",
    "path": "http://media.febcchinese.org/Streaming/ee/ee120109.mp3",
    "id": 6327000009,
    "albumId": 6327,
    "albumName": "《拥抱每一天》2012年春季合集",
    "albumtitle": "《拥抱每一天》2012年春季合集(9)",
    "title": "拥抱每一天-20120109"
  },
  {
    "duration": 1760,
    "size": "14.1M",
    "path": "http://media.febcchinese.org/Streaming/ee/ee120110.mp3",
    "id": 6327000010,
    "albumId": 6327,
    "albumName": "《拥抱每一天》2012年春季合集",
    "albumtitle": "《拥抱每一天》2012年春季合集(10)",
    "title": "拥抱每一天-20120110"
  },
  {
    "duration": 1760,
    "size": "14.1M",
    "path": "http://media.febcchinese.org/Streaming/ee/ee120111.mp3",
    "id": 6327000011,
    "albumId": 6327,
    "albumName": "《拥抱每一天》2012年春季合集",
    "albumtitle": "《拥抱每一天》2012年春季合集(11)",
    "title": "拥抱每一天-20120111"
  },
  {
    "duration": 1760,
    "size": "14.1M",
    "path": "http://media.febcchinese.org/Streaming/ee/ee120112.mp3",
    "id": 6327000012,
    "albumId": 6327,
    "albumName": "《拥抱每一天》2012年春季合集",
    "albumtitle": "《拥抱每一天》2012年春季合集(12)",
    "title": "拥抱每一天-20120112"
  },
  {
    "duration": 1760,
    "size": "14.1M",
    "path": "http://media.febcchinese.org/Streaming/ee/ee120113.mp3",
    "id": 6327000013,
    "albumId": 6327,
    "albumName": "《拥抱每一天》2012年春季合集",
    "albumtitle": "《拥抱每一天》2012年春季合集(13)",
    "title": "拥抱每一天-20120113"
  },
  {
    "duration": 1760,
    "size": "14.1M",
    "path": "http://media.febcchinese.org/Streaming/ee/ee120114.mp3",
    "id": 6327000014,
    "albumId": 6327,
    "albumName": "《拥抱每一天》2012年春季合集",
    "albumtitle": "《拥抱每一天》2012年春季合集(14)",
    "title": "拥抱每一天-20120114"
  },
  {
    "duration": 1760,
    "size": "14.1M",
    "path": "http://media.febcchinese.org/Streaming/ee/ee120115.mp3",
    "id": 6327000015,
    "albumId": 6327,
    "albumName": "《拥抱每一天》2012年春季合集",
    "albumtitle": "《拥抱每一天》2012年春季合集(15)",
    "title": "拥抱每一天-20120115"
  },
  {
    "duration": 1760,
    "size": "14.1M",
    "path": "http://media.febcchinese.org/Streaming/ee/ee120116.mp3",
    "id": 6327000016,
    "albumId": 6327,
    "albumName": "《拥抱每一天》2012年春季合集",
    "albumtitle": "《拥抱每一天》2012年春季合集(16)",
    "title": "拥抱每一天-20120116"
  },
  {
    "duration": 1760,
    "size": "14.1M",
    "path": "http://media.febcchinese.org/Streaming/ee/ee120117.mp3",
    "id": 6327000017,
    "albumId": 6327,
    "albumName": "《拥抱每一天》2012年春季合集",
    "albumtitle": "《拥抱每一天》2012年春季合集(17)",
    "title": "拥抱每一天-20120117"
  },
  {
    "duration": 1760,
    "size": "14.1M",
    "path": "http://media.febcchinese.org/Streaming/ee/ee120118.mp3",
    "id": 6327000018,
    "albumId": 6327,
    "albumName": "《拥抱每一天》2012年春季合集",
    "albumtitle": "《拥抱每一天》2012年春季合集(18)",
    "title": "拥抱每一天-20120118"
  },
  {
    "duration": 1760,
    "size": "14.1M",
    "path": "http://media.febcchinese.org/Streaming/ee/ee120119.mp3",
    "id": 6327000019,
    "albumId": 6327,
    "albumName": "《拥抱每一天》2012年春季合集",
    "albumtitle": "《拥抱每一天》2012年春季合集(19)",
    "title": "拥抱每一天-20120119"
  },
  {
    "duration": 1760,
    "size": "14.1M",
    "path": "http://media.febcchinese.org/Streaming/ee/ee120120.mp3",
    "id": 6327000020,
    "albumId": 6327,
    "albumName": "《拥抱每一天》2012年春季合集",
    "albumtitle": "《拥抱每一天》2012年春季合集(20)",
    "title": "拥抱每一天-20120120"
  },
  {
    "duration": 1760,
    "size": "14.1M",
    "path": "http://media.febcchinese.org/Streaming/ee/ee120121.mp3",
    "id": 6327000021,
    "albumId": 6327,
    "albumName": "《拥抱每一天》2012年春季合集",
    "albumtitle": "《拥抱每一天》2012年春季合集(21)",
    "title": "拥抱每一天-20120121"
  },
  {
    "duration": 1760,
    "size": "14.1M",
    "path": "http://media.febcchinese.org/Streaming/ee/ee120122.mp3",
    "id": 6327000022,
    "albumId": 6327,
    "albumName": "《拥抱每一天》2012年春季合集",
    "albumtitle": "《拥抱每一天》2012年春季合集(22)",
    "title": "拥抱每一天-20120122"
  },
  {
    "duration": 1760,
    "size": "14.1M",
    "path": "http://media.febcchinese.org/Streaming/ee/ee120123.mp3",
    "id": 6327000023,
    "albumId": 6327,
    "albumName": "《拥抱每一天》2012年春季合集",
    "albumtitle": "《拥抱每一天》2012年春季合集(23)",
    "title": "拥抱每一天-20120123"
  },
  {
    "duration": 1760,
    "size": "14.1M",
    "path": "http://media.febcchinese.org/Streaming/ee/ee120124.mp3",
    "id": 6327000024,
    "albumId": 6327,
    "albumName": "《拥抱每一天》2012年春季合集",
    "albumtitle": "《拥抱每一天》2012年春季合集(24)",
    "title": "拥抱每一天-20120124"
  },
  {
    "duration": 1760,
    "size": "14.1M",
    "path": "http://media.febcchinese.org/Streaming/ee/ee120125.mp3",
    "id": 6327000025,
    "albumId": 6327,
    "albumName": "《拥抱每一天》2012年春季合集",
    "albumtitle": "《拥抱每一天》2012年春季合集(25)",
    "title": "拥抱每一天-20120125"
  },
  {
    "duration": 1760,
    "size": "14.1M",
    "path": "http://media.febcchinese.org/Streaming/ee/ee120126.mp3",
    "id": 6327000026,
    "albumId": 6327,
    "albumName": "《拥抱每一天》2012年春季合集",
    "albumtitle": "《拥抱每一天》2012年春季合集(26)",
    "title": "拥抱每一天-20120126"
  },
  {
    "duration": 1760,
    "size": "14.1M",
    "path": "http://media.febcchinese.org/Streaming/ee/ee120127.mp3",
    "id": 6327000027,
    "albumId": 6327,
    "albumName": "《拥抱每一天》2012年春季合集",
    "albumtitle": "《拥抱每一天》2012年春季合集(27)",
    "title": "拥抱每一天-20120127"
  },
  {
    "duration": 1760,
    "size": "14.1M",
    "path": "http://media.febcchinese.org/Streaming/ee/ee120128.mp3",
    "id": 6327000028,
    "albumId": 6327,
    "albumName": "《拥抱每一天》2012年春季合集",
    "albumtitle": "《拥抱每一天》2012年春季合集(28)",
    "title": "拥抱每一天-20120128"
  },
  {
    "duration": 1760,
    "size": "14.1M",
    "path": "http://media.febcchinese.org/Streaming/ee/ee120129.mp3",
    "id": 6327000029,
    "albumId": 6327,
    "albumName": "《拥抱每一天》2012年春季合集",
    "albumtitle": "《拥抱每一天》2012年春季合集(29)",
    "title": "拥抱每一天-20120129"
  },
  {
    "duration": 1760,
    "size": "14.1M",
    "path": "http://media.febcchinese.org/Streaming/ee/ee120130.mp3",
    "id": 6327000030,
    "albumId": 6327,
    "albumName": "《拥抱每一天》2012年春季合集",
    "albumtitle": "《拥抱每一天》2012年春季合集(30)",
    "title": "拥抱每一天-20120130"
  },
  {
    "duration": 1760,
    "size": "14.1M",
    "path": "http://media.febcchinese.org/Streaming/ee/ee120131.mp3",
    "id": 6327000031,
    "albumId": 6327,
    "albumName": "《拥抱每一天》2012年春季合集",
    "albumtitle": "《拥抱每一天》2012年春季合集(31)",
    "title": "拥抱每一天-20120131"
  },
  {
    "duration": 1760,
    "size": "14.1M",
    "path": "http://media.febcchinese.org/Streaming/ee/ee120201.mp3",
    "id": 6327000032,
    "albumId": 6327,
    "albumName": "《拥抱每一天》2012年春季合集",
    "albumtitle": "《拥抱每一天》2012年春季合集(32)",
    "title": "拥抱每一天-20120201"
  },
  {
    "duration": 1760,
    "size": "14.1M",
    "path": "http://media.febcchinese.org/Streaming/ee/ee120202.mp3",
    "id": 6327000033,
    "albumId": 6327,
    "albumName": "《拥抱每一天》2012年春季合集",
    "albumtitle": "《拥抱每一天》2012年春季合集(33)",
    "title": "拥抱每一天-20120202"
  },
  {
    "duration": 1760,
    "size": "14.1M",
    "path": "http://media.febcchinese.org/Streaming/ee/ee120203.mp3",
    "id": 6327000034,
    "albumId": 6327,
    "albumName": "《拥抱每一天》2012年春季合集",
    "albumtitle": "《拥抱每一天》2012年春季合集(34)",
    "title": "拥抱每一天-20120203"
  },
  {
    "duration": 1760,
    "size": "14.1M",
    "path": "http://media.febcchinese.org/Streaming/ee/ee120204.mp3",
    "id": 6327000035,
    "albumId": 6327,
    "albumName": "《拥抱每一天》2012年春季合集",
    "albumtitle": "《拥抱每一天》2012年春季合集(35)",
    "title": "拥抱每一天-20120204"
  },
  {
    "duration": 1760,
    "size": "14.1M",
    "path": "http://media.febcchinese.org/Streaming/ee/ee120205.mp3",
    "id": 6327000036,
    "albumId": 6327,
    "albumName": "《拥抱每一天》2012年春季合集",
    "albumtitle": "《拥抱每一天》2012年春季合集(36)",
    "title": "拥抱每一天-20120205"
  },
  {
    "duration": 1760,
    "size": "14.1M",
    "path": "http://media.febcchinese.org/Streaming/ee/ee120206.mp3",
    "id": 6327000037,
    "albumId": 6327,
    "albumName": "《拥抱每一天》2012年春季合集",
    "albumtitle": "《拥抱每一天》2012年春季合集(37)",
    "title": "拥抱每一天-20120206"
  },
  {
    "duration": 1760,
    "size": "14.1M",
    "path": "http://media.febcchinese.org/Streaming/ee/ee120207.mp3",
    "id": 6327000038,
    "albumId": 6327,
    "albumName": "《拥抱每一天》2012年春季合集",
    "albumtitle": "《拥抱每一天》2012年春季合集(38)",
    "title": "拥抱每一天-20120207"
  },
  {
    "duration": 1760,
    "size": "14.1M",
    "path": "http://media.febcchinese.org/Streaming/ee/ee120208.mp3",
    "id": 6327000039,
    "albumId": 6327,
    "albumName": "《拥抱每一天》2012年春季合集",
    "albumtitle": "《拥抱每一天》2012年春季合集(39)",
    "title": "拥抱每一天-20120208"
  },
  {
    "duration": 1760,
    "size": "14.1M",
    "path": "http://media.febcchinese.org/Streaming/ee/ee120209.mp3",
    "id": 6327000040,
    "albumId": 6327,
    "albumName": "《拥抱每一天》2012年春季合集",
    "albumtitle": "《拥抱每一天》2012年春季合集(40)",
    "title": "拥抱每一天-20120209"
  },
  {
    "duration": 1760,
    "size": "14.1M",
    "path": "http://media.febcchinese.org/Streaming/ee/ee120210.mp3",
    "id": 6327000041,
    "albumId": 6327,
    "albumName": "《拥抱每一天》2012年春季合集",
    "albumtitle": "《拥抱每一天》2012年春季合集(41)",
    "title": "拥抱每一天-20120210"
  },
  {
    "duration": 1760,
    "size": "14.1M",
    "path": "http://media.febcchinese.org/Streaming/ee/ee120211.mp3",
    "id": 6327000042,
    "albumId": 6327,
    "albumName": "《拥抱每一天》2012年春季合集",
    "albumtitle": "《拥抱每一天》2012年春季合集(42)",
    "title": "拥抱每一天-20120211"
  },
  {
    "duration": 1760,
    "size": "14.1M",
    "path": "http://media.febcchinese.org/Streaming/ee/ee120212.mp3",
    "id": 6327000043,
    "albumId": 6327,
    "albumName": "《拥抱每一天》2012年春季合集",
    "albumtitle": "《拥抱每一天》2012年春季合集(43)",
    "title": "拥抱每一天-20120212"
  },
  {
    "duration": 1760,
    "size": "14.1M",
    "path": "http://media.febcchinese.org/Streaming/ee/ee120213.mp3",
    "id": 6327000044,
    "albumId": 6327,
    "albumName": "《拥抱每一天》2012年春季合集",
    "albumtitle": "《拥抱每一天》2012年春季合集(44)",
    "title": "拥抱每一天-20120213"
  },
  {
    "duration": 1760,
    "size": "14.1M",
    "path": "http://media.febcchinese.org/Streaming/ee/ee120214.mp3",
    "id": 6327000045,
    "albumId": 6327,
    "albumName": "《拥抱每一天》2012年春季合集",
    "albumtitle": "《拥抱每一天》2012年春季合集(45)",
    "title": "拥抱每一天-20120214"
  },
  {
    "duration": 1760,
    "size": "14.1M",
    "path": "http://media.febcchinese.org/Streaming/ee/ee120215.mp3",
    "id": 6327000046,
    "albumId": 6327,
    "albumName": "《拥抱每一天》2012年春季合集",
    "albumtitle": "《拥抱每一天》2012年春季合集(46)",
    "title": "拥抱每一天-20120215"
  },
  {
    "duration": 1760,
    "size": "14.1M",
    "path": "http://media.febcchinese.org/Streaming/ee/ee120216.mp3",
    "id": 6327000047,
    "albumId": 6327,
    "albumName": "《拥抱每一天》2012年春季合集",
    "albumtitle": "《拥抱每一天》2012年春季合集(47)",
    "title": "拥抱每一天-20120216"
  },
  {
    "duration": 1760,
    "size": "14.1M",
    "path": "http://media.febcchinese.org/Streaming/ee/ee120217.mp3",
    "id": 6327000048,
    "albumId": 6327,
    "albumName": "《拥抱每一天》2012年春季合集",
    "albumtitle": "《拥抱每一天》2012年春季合集(48)",
    "title": "拥抱每一天-20120217"
  },
  {
    "duration": 1760,
    "size": "14.1M",
    "path": "http://media.febcchinese.org/Streaming/ee/ee120218.mp3",
    "id": 6327000049,
    "albumId": 6327,
    "albumName": "《拥抱每一天》2012年春季合集",
    "albumtitle": "《拥抱每一天》2012年春季合集(49)",
    "title": "拥抱每一天-20120218"
  },
  {
    "duration": 1760,
    "size": "14.1M",
    "path": "http://media.febcchinese.org/Streaming/ee/ee120219.mp3",
    "id": 6327000050,
    "albumId": 6327,
    "albumName": "《拥抱每一天》2012年春季合集",
    "albumtitle": "《拥抱每一天》2012年春季合集(50)",
    "title": "拥抱每一天-20120219"
  },
  {
    "duration": 1760,
    "size": "14.1M",
    "path": "http://media.febcchinese.org/Streaming/ee/ee120220.mp3",
    "id": 6327000051,
    "albumId": 6327,
    "albumName": "《拥抱每一天》2012年春季合集",
    "albumtitle": "《拥抱每一天》2012年春季合集(51)",
    "title": "拥抱每一天-20120220"
  },
  {
    "duration": 1760,
    "size": "14.1M",
    "path": "http://media.febcchinese.org/Streaming/ee/ee120221.mp3",
    "id": 6327000052,
    "albumId": 6327,
    "albumName": "《拥抱每一天》2012年春季合集",
    "albumtitle": "《拥抱每一天》2012年春季合集(52)",
    "title": "拥抱每一天-20120221"
  },
  {
    "duration": 1760,
    "size": "14.1M",
    "path": "http://media.febcchinese.org/Streaming/ee/ee120222.mp3",
    "id": 6327000053,
    "albumId": 6327,
    "albumName": "《拥抱每一天》2012年春季合集",
    "albumtitle": "《拥抱每一天》2012年春季合集(53)",
    "title": "拥抱每一天-20120222"
  },
  {
    "duration": 1760,
    "size": "14.1M",
    "path": "http://media.febcchinese.org/Streaming/ee/ee120223.mp3",
    "id": 6327000054,
    "albumId": 6327,
    "albumName": "《拥抱每一天》2012年春季合集",
    "albumtitle": "《拥抱每一天》2012年春季合集(54)",
    "title": "拥抱每一天-20120223"
  },
  {
    "duration": 1760,
    "size": "14.1M",
    "path": "http://media.febcchinese.org/Streaming/ee/ee120224.mp3",
    "id": 6327000055,
    "albumId": 6327,
    "albumName": "《拥抱每一天》2012年春季合集",
    "albumtitle": "《拥抱每一天》2012年春季合集(55)",
    "title": "拥抱每一天-20120224"
  },
  {
    "duration": 1760,
    "size": "14.1M",
    "path": "http://media.febcchinese.org/Streaming/ee/ee120225.mp3",
    "id": 6327000056,
    "albumId": 6327,
    "albumName": "《拥抱每一天》2012年春季合集",
    "albumtitle": "《拥抱每一天》2012年春季合集(56)",
    "title": "拥抱每一天-20120225"
  },
  {
    "duration": 1760,
    "size": "14.1M",
    "path": "http://media.febcchinese.org/Streaming/ee/ee120226.mp3",
    "id": 6327000057,
    "albumId": 6327,
    "albumName": "《拥抱每一天》2012年春季合集",
    "albumtitle": "《拥抱每一天》2012年春季合集(57)",
    "title": "拥抱每一天-20120226"
  },
  {
    "duration": 1760,
    "size": "14.1M",
    "path": "http://media.febcchinese.org/Streaming/ee/ee120227.mp3",
    "id": 6327000058,
    "albumId": 6327,
    "albumName": "《拥抱每一天》2012年春季合集",
    "albumtitle": "《拥抱每一天》2012年春季合集(58)",
    "title": "拥抱每一天-20120227"
  },
  {
    "duration": 1760,
    "size": "14.1M",
    "path": "http://media.febcchinese.org/Streaming/ee/ee120228.mp3",
    "id": 6327000059,
    "albumId": 6327,
    "albumName": "《拥抱每一天》2012年春季合集",
    "albumtitle": "《拥抱每一天》2012年春季合集(59)",
    "title": "拥抱每一天-20120228"
  },
  {
    "duration": 1760,
    "size": "14.1M",
    "path": "http://media.febcchinese.org/Streaming/ee/ee120229.mp3",
    "id": 6327000060,
    "albumId": 6327,
    "albumName": "《拥抱每一天》2012年春季合集",
    "albumtitle": "《拥抱每一天》2012年春季合集(60)",
    "title": "拥抱每一天-20120229"
  },
  {
    "duration": 1760,
    "size": "14.1M",
    "path": "http://media.febcchinese.org/Streaming/ee/ee120301.mp3",
    "id": 6327000061,
    "albumId": 6327,
    "albumName": "《拥抱每一天》2012年春季合集",
    "albumtitle": "《拥抱每一天》2012年春季合集(61)",
    "title": "拥抱每一天-20120301"
  },
  {
    "duration": 1760,
    "size": "14.1M",
    "path": "http://media.febcchinese.org/Streaming/ee/ee120302.mp3",
    "id": 6327000062,
    "albumId": 6327,
    "albumName": "《拥抱每一天》2012年春季合集",
    "albumtitle": "《拥抱每一天》2012年春季合集(62)",
    "title": "拥抱每一天-20120302"
  },
  {
    "duration": 1760,
    "size": "14.1M",
    "path": "http://media.febcchinese.org/Streaming/ee/ee120303.mp3",
    "id": 6327000063,
    "albumId": 6327,
    "albumName": "《拥抱每一天》2012年春季合集",
    "albumtitle": "《拥抱每一天》2012年春季合集(63)",
    "title": "拥抱每一天-20120303"
  },
  {
    "duration": 1760,
    "size": "14.1M",
    "path": "http://media.febcchinese.org/Streaming/ee/ee120304.mp3",
    "id": 6327000064,
    "albumId": 6327,
    "albumName": "《拥抱每一天》2012年春季合集",
    "albumtitle": "《拥抱每一天》2012年春季合集(64)",
    "title": "拥抱每一天-20120304"
  },
  {
    "duration": 1760,
    "size": "14.1M",
    "path": "http://media.febcchinese.org/Streaming/ee/ee120305.mp3",
    "id": 6327000065,
    "albumId": 6327,
    "albumName": "《拥抱每一天》2012年春季合集",
    "albumtitle": "《拥抱每一天》2012年春季合集(65)",
    "title": "拥抱每一天-20120305"
  },
  {
    "duration": 1760,
    "size": "14.1M",
    "path": "http://media.febcchinese.org/Streaming/ee/ee120306.mp3",
    "id": 6327000066,
    "albumId": 6327,
    "albumName": "《拥抱每一天》2012年春季合集",
    "albumtitle": "《拥抱每一天》2012年春季合集(66)",
    "title": "拥抱每一天-20120306"
  },
  {
    "duration": 1760,
    "size": "14.1M",
    "path": "http://media.febcchinese.org/Streaming/ee/ee120307.mp3",
    "id": 6327000067,
    "albumId": 6327,
    "albumName": "《拥抱每一天》2012年春季合集",
    "albumtitle": "《拥抱每一天》2012年春季合集(67)",
    "title": "拥抱每一天-20120307"
  },
  {
    "duration": 1760,
    "size": "14.1M",
    "path": "http://media.febcchinese.org/Streaming/ee/ee120308.mp3",
    "id": 6327000068,
    "albumId": 6327,
    "albumName": "《拥抱每一天》2012年春季合集",
    "albumtitle": "《拥抱每一天》2012年春季合集(68)",
    "title": "拥抱每一天-20120308"
  },
  {
    "duration": 1760,
    "size": "14.1M",
    "path": "http://media.febcchinese.org/Streaming/ee/ee120309.mp3",
    "id": 6327000069,
    "albumId": 6327,
    "albumName": "《拥抱每一天》2012年春季合集",
    "albumtitle": "《拥抱每一天》2012年春季合集(69)",
    "title": "拥抱每一天-20120309"
  },
  {
    "duration": 1760,
    "size": "14.1M",
    "path": "http://media.febcchinese.org/Streaming/ee/ee120310.mp3",
    "id": 6327000070,
    "albumId": 6327,
    "albumName": "《拥抱每一天》2012年春季合集",
    "albumtitle": "《拥抱每一天》2012年春季合集(70)",
    "title": "拥抱每一天-20120310"
  },
  {
    "duration": 1760,
    "size": "14.1M",
    "path": "http://media.febcchinese.org/Streaming/ee/ee120311.mp3",
    "id": 6327000071,
    "albumId": 6327,
    "albumName": "《拥抱每一天》2012年春季合集",
    "albumtitle": "《拥抱每一天》2012年春季合集(71)",
    "title": "拥抱每一天-20120311"
  },
  {
    "duration": 1760,
    "size": "14.1M",
    "path": "http://media.febcchinese.org/Streaming/ee/ee120312.mp3",
    "id": 6327000072,
    "albumId": 6327,
    "albumName": "《拥抱每一天》2012年春季合集",
    "albumtitle": "《拥抱每一天》2012年春季合集(72)",
    "title": "拥抱每一天-20120312"
  },
  {
    "duration": 1760,
    "size": "14.1M",
    "path": "http://media.febcchinese.org/Streaming/ee/ee120313.mp3",
    "id": 6327000073,
    "albumId": 6327,
    "albumName": "《拥抱每一天》2012年春季合集",
    "albumtitle": "《拥抱每一天》2012年春季合集(73)",
    "title": "拥抱每一天-20120313"
  },
  {
    "duration": 1760,
    "size": "14.1M",
    "path": "http://media.febcchinese.org/Streaming/ee/ee120314.mp3",
    "id": 6327000074,
    "albumId": 6327,
    "albumName": "《拥抱每一天》2012年春季合集",
    "albumtitle": "《拥抱每一天》2012年春季合集(74)",
    "title": "拥抱每一天-20120314"
  },
  {
    "duration": 1760,
    "size": "14.1M",
    "path": "http://media.febcchinese.org/Streaming/ee/ee120315.mp3",
    "id": 6327000075,
    "albumId": 6327,
    "albumName": "《拥抱每一天》2012年春季合集",
    "albumtitle": "《拥抱每一天》2012年春季合集(75)",
    "title": "拥抱每一天-20120315"
  },
  {
    "duration": 1760,
    "size": "14.1M",
    "path": "http://media.febcchinese.org/Streaming/ee/ee120316.mp3",
    "id": 6327000076,
    "albumId": 6327,
    "albumName": "《拥抱每一天》2012年春季合集",
    "albumtitle": "《拥抱每一天》2012年春季合集(76)",
    "title": "拥抱每一天-20120316"
  },
  {
    "duration": 1760,
    "size": "14.1M",
    "path": "http://media.febcchinese.org/Streaming/ee/ee120317.mp3",
    "id": 6327000077,
    "albumId": 6327,
    "albumName": "《拥抱每一天》2012年春季合集",
    "albumtitle": "《拥抱每一天》2012年春季合集(77)",
    "title": "拥抱每一天-20120317"
  },
  {
    "duration": 1760,
    "size": "14.1M",
    "path": "http://media.febcchinese.org/Streaming/ee/ee120318.mp3",
    "id": 6327000078,
    "albumId": 6327,
    "albumName": "《拥抱每一天》2012年春季合集",
    "albumtitle": "《拥抱每一天》2012年春季合集(78)",
    "title": "拥抱每一天-20120318"
  },
  {
    "duration": 1760,
    "size": "14.1M",
    "path": "http://media.febcchinese.org/Streaming/ee/ee120319.mp3",
    "id": 6327000079,
    "albumId": 6327,
    "albumName": "《拥抱每一天》2012年春季合集",
    "albumtitle": "《拥抱每一天》2012年春季合集(79)",
    "title": "拥抱每一天-20120319"
  },
  {
    "duration": 1760,
    "size": "14.1M",
    "path": "http://media.febcchinese.org/Streaming/ee/ee120320.mp3",
    "id": 6327000080,
    "albumId": 6327,
    "albumName": "《拥抱每一天》2012年春季合集",
    "albumtitle": "《拥抱每一天》2012年春季合集(80)",
    "title": "拥抱每一天-20120320"
  },
  {
    "duration": 1760,
    "size": "14.1M",
    "path": "http://media.febcchinese.org/Streaming/ee/ee120321.mp3",
    "id": 6327000081,
    "albumId": 6327,
    "albumName": "《拥抱每一天》2012年春季合集",
    "albumtitle": "《拥抱每一天》2012年春季合集(81)",
    "title": "拥抱每一天-20120321"
  },
  {
    "duration": 1760,
    "size": "14.1M",
    "path": "http://media.febcchinese.org/Streaming/ee/ee120322.mp3",
    "id": 6327000082,
    "albumId": 6327,
    "albumName": "《拥抱每一天》2012年春季合集",
    "albumtitle": "《拥抱每一天》2012年春季合集(82)",
    "title": "拥抱每一天-20120322"
  },
  {
    "duration": 1760,
    "size": "14.1M",
    "path": "http://media.febcchinese.org/Streaming/ee/ee120323.mp3",
    "id": 6327000083,
    "albumId": 6327,
    "albumName": "《拥抱每一天》2012年春季合集",
    "albumtitle": "《拥抱每一天》2012年春季合集(83)",
    "title": "拥抱每一天-20120323"
  },
  {
    "duration": 1760,
    "size": "14.1M",
    "path": "http://media.febcchinese.org/Streaming/ee/ee120324.mp3",
    "id": 6327000084,
    "albumId": 6327,
    "albumName": "《拥抱每一天》2012年春季合集",
    "albumtitle": "《拥抱每一天》2012年春季合集(84)",
    "title": "拥抱每一天-20120324"
  },
  {
    "duration": 1760,
    "size": "14.1M",
    "path": "http://media.febcchinese.org/Streaming/ee/ee120325.mp3",
    "id": 6327000085,
    "albumId": 6327,
    "albumName": "《拥抱每一天》2012年春季合集",
    "albumtitle": "《拥抱每一天》2012年春季合集(85)",
    "title": "拥抱每一天-20120325"
  },
  {
    "duration": 1760,
    "size": "14.1M",
    "path": "http://media.febcchinese.org/Streaming/ee/ee120326.mp3",
    "id": 6327000086,
    "albumId": 6327,
    "albumName": "《拥抱每一天》2012年春季合集",
    "albumtitle": "《拥抱每一天》2012年春季合集(86)",
    "title": "拥抱每一天-20120326"
  },
  {
    "duration": 1760,
    "size": "14.1M",
    "path": "http://media.febcchinese.org/Streaming/ee/ee120327.mp3",
    "id": 6327000087,
    "albumId": 6327,
    "albumName": "《拥抱每一天》2012年春季合集",
    "albumtitle": "《拥抱每一天》2012年春季合集(87)",
    "title": "拥抱每一天-20120327"
  },
  {
    "duration": 1760,
    "size": "14.1M",
    "path": "http://media.febcchinese.org/Streaming/ee/ee120328.mp3",
    "id": 6327000088,
    "albumId": 6327,
    "albumName": "《拥抱每一天》2012年春季合集",
    "albumtitle": "《拥抱每一天》2012年春季合集(88)",
    "title": "拥抱每一天-20120328"
  },
  {
    "duration": 1760,
    "size": "14.1M",
    "path": "http://media.febcchinese.org/Streaming/ee/ee120329.mp3",
    "id": 6327000089,
    "albumId": 6327,
    "albumName": "《拥抱每一天》2012年春季合集",
    "albumtitle": "《拥抱每一天》2012年春季合集(89)",
    "title": "拥抱每一天-20120329"
  },
  {
    "duration": 1760,
    "size": "14.1M",
    "path": "http://media.febcchinese.org/Streaming/ee/ee120330.mp3",
    "id": 6327000090,
    "albumId": 6327,
    "albumName": "《拥抱每一天》2012年春季合集",
    "albumtitle": "《拥抱每一天》2012年春季合集(90)",
    "title": "拥抱每一天-20120330"
  },
  {
    "duration": 1760,
    "size": "14.1M",
    "path": "http://media.febcchinese.org/Streaming/ee/ee120331.mp3",
    "id": 6327000091,
    "albumId": 6327,
    "albumName": "《拥抱每一天》2012年春季合集",
    "albumtitle": "《拥抱每一天》2012年春季合集(91)",
    "title": "拥抱每一天-20120331"
  }
]