[
	{
		"albumtitle": "《拥抱每一天》企业家如何在职场落实基督信仰(01)",
		"downUrl": "http://txly2.net/ly/audio/ee_EntrepreneursImplementChristianFaith/ee_EntrepreneursImplementChristianFaith01.mp3",
		"duration": 1760,
		"size": "14.1M",
		"albumId": 9,
		"albumName": "《拥抱每一天》企业家如何在职场落实基督信仰",
		"path": "https://rawcdn.githack.com/quiet324/LiangyouAlbums/1705203/node/ee_EntrepreneursImplementChristianFaith/ee_EntrepreneursImplementChristianFaith01.mp3",
		"id": 9888943
	},
	{
		"albumtitle": "《拥抱每一天》企业家如何在职场落实基督信仰(02)",
		"downUrl": "http://txly2.net/ly/audio/ee_EntrepreneursImplementChristianFaith/ee_EntrepreneursImplementChristianFaith02.mp3",
		"duration": 1760,
		"size": "14.1M",
		"albumId": 9,
		"albumName": "《拥抱每一天》企业家如何在职场落实基督信仰",
		"path": "https://rawcdn.githack.com/quiet324/LiangyouAlbums/1705203/node/ee_EntrepreneursImplementChristianFaith/ee_EntrepreneursImplementChristianFaith02.mp3",
		"id": 9888944
	},
	{
		"albumtitle": "《拥抱每一天》企业家如何在职场落实基督信仰(03)",
		"downUrl": "http://txly2.net/ly/audio/ee_EntrepreneursImplementChristianFaith/ee_EntrepreneursImplementChristianFaith03.mp3",
		"duration": 1760,
		"size": "14.1M",
		"albumId": 9,
		"albumName": "《拥抱每一天》企业家如何在职场落实基督信仰",
		"path": "https://rawcdn.githack.com/quiet324/LiangyouAlbums/1705203/node/ee_EntrepreneursImplementChristianFaith/ee_EntrepreneursImplementChristianFaith03.mp3",
		"id": 9888945
	},
	{
		"albumtitle": "《拥抱每一天》企业家如何在职场落实基督信仰(04)",
		"downUrl": "http://txly2.net/ly/audio/ee_EntrepreneursImplementChristianFaith/ee_EntrepreneursImplementChristianFaith04.mp3",
		"duration": 1760,
		"size": "14.1M",
		"albumId": 9,
		"albumName": "《拥抱每一天》企业家如何在职场落实基督信仰",
		"path": "https://rawcdn.githack.com/quiet324/LiangyouAlbums/1705203/node/ee_EntrepreneursImplementChristianFaith/ee_EntrepreneursImplementChristianFaith04.mp3",
		"id": 9888946
	},
	{
		"albumtitle": "《拥抱每一天》企业家如何在职场落实基督信仰(05)",
		"downUrl": "http://txly2.net/ly/audio/ee_EntrepreneursImplementChristianFaith/ee_EntrepreneursImplementChristianFaith05.mp3",
		"duration": 1760,
		"size": "14.1M",
		"albumId": 9,
		"albumName": "《拥抱每一天》企业家如何在职场落实基督信仰",
		"path": "https://rawcdn.githack.com/quiet324/LiangyouAlbums/1705203/node/ee_EntrepreneursImplementChristianFaith/ee_EntrepreneursImplementChristianFaith05.mp3",
		"id": 9888947
	},
	{
		"albumtitle": "《拥抱每一天》企业家如何在职场落实基督信仰(06)",
		"downUrl": "http://txly2.net/ly/audio/ee_EntrepreneursImplementChristianFaith/ee_EntrepreneursImplementChristianFaith06.mp3",
		"duration": 1760,
		"size": "14.1M",
		"albumId": 9,
		"albumName": "《拥抱每一天》企业家如何在职场落实基督信仰",
		"path": "https://rawcdn.githack.com/quiet324/LiangyouAlbums/1705203/node/ee_EntrepreneursImplementChristianFaith/ee_EntrepreneursImplementChristianFaith06.mp3",
		"id": 9888948
	},
	{
		"albumtitle": "《拥抱每一天》企业家如何在职场落实基督信仰(07)",
		"downUrl": "http://txly2.net/ly/audio/ee_EntrepreneursImplementChristianFaith/ee_EntrepreneursImplementChristianFaith07.mp3",
		"duration": 1760,
		"size": "14.1M",
		"albumId": 9,
		"albumName": "《拥抱每一天》企业家如何在职场落实基督信仰",
		"path": "https://rawcdn.githack.com/quiet324/LiangyouAlbums/1705203/node/ee_EntrepreneursImplementChristianFaith/ee_EntrepreneursImplementChristianFaith07.mp3",
		"id": 9888949
	},
	{
		"albumtitle": "《拥抱每一天》企业家如何在职场落实基督信仰(08)",
		"downUrl": "http://txly2.net/ly/audio/ee_EntrepreneursImplementChristianFaith/ee_EntrepreneursImplementChristianFaith08.mp3",
		"duration": 1760,
		"size": "14.1M",
		"albumId": 9,
		"albumName": "《拥抱每一天》企业家如何在职场落实基督信仰",
		"path": "https://rawcdn.githack.com/quiet324/LiangyouAlbums/1705203/node/ee_EntrepreneursImplementChristianFaith/ee_EntrepreneursImplementChristianFaith08.mp3",
		"id": 9888950
	}
]