[
	{
		"albumtitle": "《拥抱每一天》家庭成长讲座：父亲在家庭成长中当扮演的角色(01)",
		"title": "这是我所爱的孩子！",
		"downUrl": "http://txly2.net/ly/audio/ee_FatherRole/ee_FatherRole01.mp3",
		"duration": 1760,
		"size": "14.1M",
		"albumId": 62,
		"albumName": "《拥抱每一天》家庭成长讲座：父亲在家庭成长中当扮演的角色",
		"path": "https://rawcdn.githack.com/quiet324/LiangyouAlbums/1705203/node/ee_FatherRole/ee_FatherRole01.mp3",
		"id": 62889170
	},
	{
		"albumtitle": "《拥抱每一天》家庭成长讲座：父亲在家庭成长中当扮演的角色(02)",
		"title": "如何从一个体罚孩子的父亲，变成能够体谅孩子的父亲？",
		"downUrl": "http://txly2.net/ly/audio/ee_FatherRole/ee_FatherRole02.mp3",
		"duration": 1760,
		"size": "14.1M",
		"albumId": 62,
		"albumName": "《拥抱每一天》家庭成长讲座：父亲在家庭成长中当扮演的角色",
		"path": "https://rawcdn.githack.com/quiet324/LiangyouAlbums/1705203/node/ee_FatherRole/ee_FatherRole02.mp3",
		"id": 62889171
	},
	{
		"albumtitle": "《拥抱每一天》家庭成长讲座：父亲在家庭成长中当扮演的角色(03)",
		"title": "讲员李老师分享两个儿子的事",
		"downUrl": "http://txly2.net/ly/audio/ee_FatherRole/ee_FatherRole03.mp3",
		"duration": 1760,
		"size": "14.1M",
		"albumId": 62,
		"albumName": "《拥抱每一天》家庭成长讲座：父亲在家庭成长中当扮演的角色",
		"path": "https://rawcdn.githack.com/quiet324/LiangyouAlbums/1705203/node/ee_FatherRole/ee_FatherRole03.mp3",
		"id": 62889172
	},
	{
		"albumtitle": "《拥抱每一天》家庭成长讲座：父亲在家庭成长中当扮演的角色(04)",
		"title": "使孩子学习更多的事物",
		"downUrl": "http://txly2.net/ly/audio/ee_FatherRole/ee_FatherRole04.mp3",
		"duration": 1760,
		"size": "14.1M",
		"albumId": 62,
		"albumName": "《拥抱每一天》家庭成长讲座：父亲在家庭成长中当扮演的角色",
		"path": "https://rawcdn.githack.com/quiet324/LiangyouAlbums/1705203/node/ee_FatherRole/ee_FatherRole04.mp3",
		"id": 62889173
	},
	{
		"albumtitle": "《拥抱每一天》家庭成长讲座：父亲在家庭成长中当扮演的角色(05)",
		"title": "父亲要掌握家庭的节奏感和步调",
		"downUrl": "http://txly2.net/ly/audio/ee_FatherRole/ee_FatherRole05.mp3",
		"duration": 1760,
		"size": "14.1M",
		"albumId": 62,
		"albumName": "《拥抱每一天》家庭成长讲座：父亲在家庭成长中当扮演的角色",
		"path": "https://rawcdn.githack.com/quiet324/LiangyouAlbums/1705203/node/ee_FatherRole/ee_FatherRole05.mp3",
		"id": 62889174
	},
	{
		"albumtitle": "《拥抱每一天》家庭成长讲座：父亲在家庭成长中当扮演的角色(06)",
		"title": "对孩子要因材施教",
		"downUrl": "http://txly2.net/ly/audio/ee_FatherRole/ee_FatherRole06.mp3",
		"duration": 1760,
		"size": "14.1M",
		"albumId": 62,
		"albumName": "《拥抱每一天》家庭成长讲座：父亲在家庭成长中当扮演的角色",
		"path": "https://rawcdn.githack.com/quiet324/LiangyouAlbums/1705203/node/ee_FatherRole/ee_FatherRole06.mp3",
		"id": 62889175
	},
	{
		"albumtitle": "《拥抱每一天》家庭成长讲座：父亲在家庭成长中当扮演的角色(07)",
		"title": "父母亲要做孩子的朋友",
		"downUrl": "http://txly2.net/ly/audio/ee_FatherRole/ee_FatherRole07.mp3",
		"duration": 1760,
		"size": "14.1M",
		"albumId": 62,
		"albumName": "《拥抱每一天》家庭成长讲座：父亲在家庭成长中当扮演的角色",
		"path": "https://rawcdn.githack.com/quiet324/LiangyouAlbums/1705203/node/ee_FatherRole/ee_FatherRole07.mp3",
		"id": 62889176
	},
	{
		"albumtitle": "《拥抱每一天》家庭成长讲座：父亲在家庭成长中当扮演的角色(08)",
		"title": "父亲如何教育不同年龄阶段的孩子？",
		"downUrl": "http://txly2.net/ly/audio/ee_FatherRole/ee_FatherRole08.mp3",
		"duration": 1760,
		"size": "14.1M",
		"albumId": 62,
		"albumName": "《拥抱每一天》家庭成长讲座：父亲在家庭成长中当扮演的角色",
		"path": "https://rawcdn.githack.com/quiet324/LiangyouAlbums/1705203/node/ee_FatherRole/ee_FatherRole08.mp3",
		"id": 62889177
	},
	{
		"albumtitle": "《拥抱每一天》家庭成长讲座：父亲在家庭成长中当扮演的角色(09)",
		"title": "父亲和母亲彼此合作",
		"downUrl": "http://txly2.net/ly/audio/ee_FatherRole/ee_FatherRole09.mp3",
		"duration": 1760,
		"size": "14.1M",
		"albumId": 62,
		"albumName": "《拥抱每一天》家庭成长讲座：父亲在家庭成长中当扮演的角色",
		"path": "https://rawcdn.githack.com/quiet324/LiangyouAlbums/1705203/node/ee_FatherRole/ee_FatherRole09.mp3",
		"id": 62889178
	},
	{
		"albumtitle": "《拥抱每一天》家庭成长讲座：父亲在家庭成长中当扮演的角色(10)",
		"title": "父亲要谦卑，要有承受力",
		"downUrl": "http://txly2.net/ly/audio/ee_FatherRole/ee_FatherRole10.mp3",
		"duration": 1760,
		"size": "14.1M",
		"albumId": 62,
		"albumName": "《拥抱每一天》家庭成长讲座：父亲在家庭成长中当扮演的角色",
		"path": "https://rawcdn.githack.com/quiet324/LiangyouAlbums/1705203/node/ee_FatherRole/ee_FatherRole10.mp3",
		"id": 62889179
	}
]