[
	{
		"albumtitle": "《拥抱每一天》飞越忧郁的漩涡(01)",
		"title": "忧郁症简介",
		"downUrl": "http://txly2.net/ly/audio/ee_JumpOutOfDepression/ee_JumpOutOfDepression01.mp3",
		"duration": 1760,
		"size": "14.1M",
		"albumId": 46,
		"albumName": "《拥抱每一天》飞越忧郁的漩涡",
		"path": "https://rawcdn.githack.com/quiet324/LiangyouAlbums/1705203/node/ee_JumpOutOfDepression/ee_JumpOutOfDepression01.mp3",
		"id": 46889333
	},
	{
		"albumtitle": "《拥抱每一天》飞越忧郁的漩涡(02)",
		"title": "忧郁的情绪",
		"downUrl": "http://txly2.net/ly/audio/ee_JumpOutOfDepression/ee_JumpOutOfDepression02.mp3",
		"duration": 1760,
		"size": "14.1M",
		"albumId": 46,
		"albumName": "《拥抱每一天》飞越忧郁的漩涡",
		"path": "https://rawcdn.githack.com/quiet324/LiangyouAlbums/1705203/node/ee_JumpOutOfDepression/ee_JumpOutOfDepression02.mp3",
		"id": 46889334
	},
	{
		"albumtitle": "《拥抱每一天》飞越忧郁的漩涡(03)",
		"title": "自我治疗情绪障碍小妙方",
		"downUrl": "http://txly2.net/ly/audio/ee_JumpOutOfDepression/ee_JumpOutOfDepression03.mp3",
		"duration": 1760,
		"size": "14.1M",
		"albumId": 46,
		"albumName": "《拥抱每一天》飞越忧郁的漩涡",
		"path": "https://rawcdn.githack.com/quiet324/LiangyouAlbums/1705203/node/ee_JumpOutOfDepression/ee_JumpOutOfDepression03.mp3",
		"id": 46889335
	},
	{
		"albumtitle": "《拥抱每一天》飞越忧郁的漩涡(04)",
		"title": "学习处理轻微的忧郁情绪",
		"downUrl": "http://txly2.net/ly/audio/ee_JumpOutOfDepression/ee_JumpOutOfDepression04.mp3",
		"duration": 1760,
		"size": "14.1M",
		"albumId": 46,
		"albumName": "《拥抱每一天》飞越忧郁的漩涡",
		"path": "https://rawcdn.githack.com/quiet324/LiangyouAlbums/1705203/node/ee_JumpOutOfDepression/ee_JumpOutOfDepression04.mp3",
		"id": 46889336
	},
	{
		"albumtitle": "《拥抱每一天》飞越忧郁的漩涡(05)",
		"title": "忧郁症在生理和精神上的判断方法",
		"downUrl": "http://txly2.net/ly/audio/ee_JumpOutOfDepression/ee_JumpOutOfDepression05.mp3",
		"duration": 1760,
		"size": "14.1M",
		"albumId": 46,
		"albumName": "《拥抱每一天》飞越忧郁的漩涡",
		"path": "https://rawcdn.githack.com/quiet324/LiangyouAlbums/1705203/node/ee_JumpOutOfDepression/ee_JumpOutOfDepression05.mp3",
		"id": 46889337
	},
	{
		"albumtitle": "《拥抱每一天》飞越忧郁的漩涡(06)",
		"title": "正确地看待忧郁症",
		"downUrl": "http://txly2.net/ly/audio/ee_JumpOutOfDepression/ee_JumpOutOfDepression06.mp3",
		"duration": 1760,
		"size": "14.1M",
		"albumId": 46,
		"albumName": "《拥抱每一天》飞越忧郁的漩涡",
		"path": "https://rawcdn.githack.com/quiet324/LiangyouAlbums/1705203/node/ee_JumpOutOfDepression/ee_JumpOutOfDepression06.mp3",
		"id": 46889338
	},
	{
		"albumtitle": "《拥抱每一天》飞越忧郁的漩涡(07)",
		"title": "管理和平衡自己的心智",
		"downUrl": "http://txly2.net/ly/audio/ee_JumpOutOfDepression/ee_JumpOutOfDepression07.mp3",
		"duration": 1760,
		"size": "14.1M",
		"albumId": 46,
		"albumName": "《拥抱每一天》飞越忧郁的漩涡",
		"path": "https://rawcdn.githack.com/quiet324/LiangyouAlbums/1705203/node/ee_JumpOutOfDepression/ee_JumpOutOfDepression07.mp3",
		"id": 46889339
	},
	{
		"albumtitle": "《拥抱每一天》飞越忧郁的漩涡(08)",
		"title": "治疗忧郁症的方法",
		"downUrl": "http://txly2.net/ly/audio/ee_JumpOutOfDepression/ee_JumpOutOfDepression08.mp3",
		"duration": 1760,
		"size": "14.1M",
		"albumId": 46,
		"albumName": "《拥抱每一天》飞越忧郁的漩涡",
		"path": "https://rawcdn.githack.com/quiet324/LiangyouAlbums/1705203/node/ee_JumpOutOfDepression/ee_JumpOutOfDepression08.mp3",
		"id": 46889340
	},
	{
		"albumtitle": "《拥抱每一天》飞越忧郁的漩涡(09)",
		"title": "给忧郁症患者积极的引导",
		"downUrl": "http://txly2.net/ly/audio/ee_JumpOutOfDepression/ee_JumpOutOfDepression09.mp3",
		"duration": 1760,
		"size": "14.1M",
		"albumId": 46,
		"albumName": "《拥抱每一天》飞越忧郁的漩涡",
		"path": "https://rawcdn.githack.com/quiet324/LiangyouAlbums/1705203/node/ee_JumpOutOfDepression/ee_JumpOutOfDepression09.mp3",
		"id": 46889341
	},
	{
		"albumtitle": "《拥抱每一天》飞越忧郁的漩涡(10)",
		"title": "忧郁症患者自助的方法",
		"downUrl": "http://txly2.net/ly/audio/ee_JumpOutOfDepression/ee_JumpOutOfDepression10.mp3",
		"duration": 1760,
		"size": "14.1M",
		"albumId": 46,
		"albumName": "《拥抱每一天》飞越忧郁的漩涡",
		"path": "https://rawcdn.githack.com/quiet324/LiangyouAlbums/1705203/node/ee_JumpOutOfDepression/ee_JumpOutOfDepression10.mp3",
		"id": 46889342
	},
	{
		"albumtitle": "《拥抱每一天》飞越忧郁的漩涡(11)",
		"title": "人助的五个方法",
		"downUrl": "http://txly2.net/ly/audio/ee_JumpOutOfDepression/ee_JumpOutOfDepression11.mp3",
		"duration": 1760,
		"size": "14.1M",
		"albumId": 46,
		"albumName": "《拥抱每一天》飞越忧郁的漩涡",
		"path": "https://rawcdn.githack.com/quiet324/LiangyouAlbums/1705203/node/ee_JumpOutOfDepression/ee_JumpOutOfDepression11.mp3",
		"id": 46889343
	},
	{
		"albumtitle": "《拥抱每一天》飞越忧郁的漩涡(12)",
		"title": "与忧郁症相关的疑难解答",
		"downUrl": "http://txly2.net/ly/audio/ee_JumpOutOfDepression/ee_JumpOutOfDepression12.mp3",
		"duration": 1760,
		"size": "14.1M",
		"albumId": 46,
		"albumName": "《拥抱每一天》飞越忧郁的漩涡",
		"path": "https://rawcdn.githack.com/quiet324/LiangyouAlbums/1705203/node/ee_JumpOutOfDepression/ee_JumpOutOfDepression12.mp3",
		"id": 46889344
	}
]