[
	{
		"albumtitle": "培靈造就信息(01)",
		"title": "脫離苦毒",
		"duration": 3520,
        "size": "14.3M",
		"albumId": 207,
		"albumName": "培靈造就信息",
		"path": "https://rawcdn.githack.com/quiet324/Media4JAlbum/1706097/ganlinlmzjxl/ganlinlmzjxl01.mp3",
		"id": 207888180
	},
	{
		"albumtitle": "培靈造就信息(02)",
		"title": "聖潔家庭",
		"duration": 1760,
        "size": "7M",
		"albumId": 207,
		"albumName": "培靈造就信息",
		"path": "https://rawcdn.githack.com/quiet324/Media4JAlbum/1706097/ganlinlmzjxl/ganlinlmzjxl02.mp3",
		"id": 207888181
	}

]