[
	{
		"albumtitle": "第六屆世界華福會議主題信息(01)",
		"title": "城市處境與宣教-R Bakee",
		"duration": 3520,
        "size": "14M",
		"albumId": 209,
		"albumName": "第六屆世界華福會議主題信息",
		"path": "https://rawcdn.githack.com/quiet324/Media4JAlbum/1706099/ganlin6hfhy/ganlin6hfhy01.mp3",
		"id": 209888180
	},
	{
		"albumtitle": "第六屆世界華福會議主題信息(02)",
		"title": "民族身份與宣教—蔡元雲",
		"duration": 3520,
        "size": "14M",
		"albumId": 209,
		"albumName": "第六屆世界華福會議主題信息",
		"path": "https://rawcdn.githack.com/quiet324/Media4JAlbum/1706099/ganlin6hfhy/ganlin6hfhy02.mp3",
		"id": 209888181
	},
	{
		"albumtitle": "第六屆世界華福會議主題信息(03)",
		"title": "回應主題信息—李秀全",
		"duration": 3520,
        "size": "14M",
		"albumId": 209,
		"albumName": "第六屆世界華福會議主題信息",
		"path": "https://rawcdn.githack.com/quiet324/Media4JAlbum/1706099/ganlin6hfhy/ganlin6hfhy03.mp3",
		"id": 209888182
	}

]