[
  {
    "path": "http://media.feearadio.net/downloads/others/Drama/Glod/01.mp3",
    "title": "第一集",
    "duration": 600,
    "size": "5M",
    "albumName": "直奔金牌",
    "id": 6020000001,
    "albumId": 6020,
    "albumtitle": "直奔金牌(1)"
  },
  {
    "path": "http://media.feearadio.net/downloads/others/Drama/Glod/02.mp3",
    "title": "第二集",
    "duration": 600,
    "size": "5M",
    "albumName": "直奔金牌",
    "id": 6020000002,
    "albumId": 6020,
    "albumtitle": "直奔金牌(2)"
  },
  {
    "path": "http://media.feearadio.net/downloads/others/Drama/Glod/03.mp3",
    "title": "第三集",
    "duration": 600,
    "size": "5M",
    "albumName": "直奔金牌",
    "id": 6020000003,
    "albumId": 6020,
    "albumtitle": "直奔金牌(3)"
  },
  {
    "path": "http://media.feearadio.net/downloads/others/Drama/Glod/04.mp3",
    "title": "第四集",
    "duration": 600,
    "size": "5M",
    "albumName": "直奔金牌",
    "id": 6020000004,
    "albumId": 6020,
    "albumtitle": "直奔金牌(4)"
  },
  {
    "path": "http://media.feearadio.net/downloads/others/Drama/Glod/05.mp3",
    "title": "第五集",
    "duration": 600,
    "size": "5M",
    "albumName": "直奔金牌",
    "id": 6020000005,
    "albumId": 6020,
    "albumtitle": "直奔金牌(5)"
  },
  {
    "path": "http://media.feearadio.net/downloads/others/Drama/Glod/06.mp3",
    "title": "第六集",
    "duration": 600,
    "size": "5M",
    "albumName": "直奔金牌",
    "id": 6020000006,
    "albumId": 6020,
    "albumtitle": "直奔金牌(6)"
  },
  {
    "path": "http://media.feearadio.net/downloads/others/Drama/Glod/07.mp3",
    "title": "第七集",
    "duration": 600,
    "size": "5M",
    "albumName": "直奔金牌",
    "id": 6020000007,
    "albumId": 6020,
    "albumtitle": "直奔金牌(7)"
  },
  {
    "path": "http://media.feearadio.net/downloads/others/Drama/Glod/08.mp3",
    "title": "第八集",
    "duration": 600,
    "size": "5M",
    "albumName": "直奔金牌",
    "id": 6020000008,
    "albumId": 6020,
    "albumtitle": "直奔金牌(8)"
  },
  {
    "path": "http://media.feearadio.net/downloads/others/Drama/Glod/09.mp3",
    "title": "第九集",
    "duration": 600,
    "size": "5M",
    "albumName": "直奔金牌",
    "id": 6020000009,
    "albumId": 6020,
    "albumtitle": "直奔金牌(9)"
  },
  {
    "path": "http://media.feearadio.net/downloads/others/Drama/Glod/10.mp3",
    "title": "第十集",
    "duration": 600,
    "size": "5M",
    "albumName": "直奔金牌",
    "id": 6020000010,
    "albumId": 6020,
    "albumtitle": "直奔金牌(10)"
  },
  {
    "path": "http://media.feearadio.net/downloads/others/Drama/Glod/11.mp3",
    "title": "第十一集",
    "duration": 600,
    "size": "5M",
    "albumName": "直奔金牌",
    "id": 6020000011,
    "albumId": 6020,
    "albumtitle": "直奔金牌(11)"
  },
  {
    "path": "http://media.feearadio.net/downloads/others/Drama/Glod/12.mp3",
    "title": "第十二集",
    "duration": 600,
    "size": "5M",
    "albumName": "直奔金牌",
    "id": 6020000012,
    "albumId": 6020,
    "albumtitle": "直奔金牌(12)"
  },
  {
    "path": "http://media.feearadio.net/downloads/others/Drama/Glod/13.mp3",
    "title": "第十三集",
    "duration": 600,
    "size": "5M",
    "albumName": "直奔金牌",
    "id": 6020000013,
    "albumId": 6020,
    "albumtitle": "直奔金牌(13)"
  },
  {
    "path": "http://media.feearadio.net/downloads/others/Drama/Glod/14.mp3",
    "title": "第十四集",
    "duration": 600,
    "size": "5M",
    "albumName": "直奔金牌",
    "id": 6020000014,
    "albumId": 6020,
    "albumtitle": "直奔金牌(14)"
  },
  {
    "path": "http://media.feearadio.net/downloads/others/Drama/Glod/15.mp3",
    "title": "第十五集",
    "duration": 600,
    "size": "5M",
    "albumName": "直奔金牌",
    "id": 6020000015,
    "albumId": 6020,
    "albumtitle": "直奔金牌(15)"
  },
  {
    "path": "http://media.feearadio.net/downloads/others/Drama/Glod/16.mp3",
    "title": "第十六集",
    "duration": 600,
    "size": "5M",
    "albumName": "直奔金牌",
    "id": 6020000016,
    "albumId": 6020,
    "albumtitle": "直奔金牌(16)"
  },
  {
    "path": "http://media.feearadio.net/downloads/others/Drama/Glod/17.mp3",
    "title": "第十七集",
    "duration": 600,
    "size": "5M",
    "albumName": "直奔金牌",
    "id": 6020000017,
    "albumId": 6020,
    "albumtitle": "直奔金牌(17)"
  },
  {
    "path": "http://media.feearadio.net/downloads/others/Drama/Glod/18.mp3",
    "title": "第十八集",
    "duration": 600,
    "size": "5M",
    "albumName": "直奔金牌",
    "id": 6020000018,
    "albumId": 6020,
    "albumtitle": "直奔金牌(18)"
  },
  {
    "path": "http://media.feearadio.net/downloads/others/Drama/Glod/19.mp3",
    "title": "第十九集",
    "duration": 600,
    "size": "5M",
    "albumName": "直奔金牌",
    "id": 6020000019,
    "albumId": 6020,
    "albumtitle": "直奔金牌(19)"
  },
  {
    "path": "http://media.feearadio.net/downloads/others/Drama/Glod/20.mp3",
    "title": "第二十集",
    "duration": 600,
    "size": "5M",
    "albumName": "直奔金牌",
    "id": 6020000020,
    "albumId": 6020,
    "albumtitle": "直奔金牌(20)"
  },
  {
    "path": "http://media.feearadio.net/downloads/others/Drama/Glod/21.mp3",
    "title": "第二十一集",
    "duration": 600,
    "size": "5M",
    "albumName": "直奔金牌",
    "id": 6020000021,
    "albumId": 6020,
    "albumtitle": "直奔金牌(21)"
  }
]