[
  {
    "path": "http://media.feearadio.net/downloads/others/Drama/Twicefreed/01.mp3",
    "title": "第一章：序言-兩個少年",
    "duration": 900,
    "size": "7M",
    "albumName": "自由在哪里",
    "id": 6017000001,
    "albumId": 6017,
    "albumtitle": "自由在哪里(1)"
  },
  {
    "path": "http://media.feearadio.net/downloads/others/Drama/Twicefreed/02.mp3",
    "title": "第二章：爸爸的故事(上)",
    "duration": 900,
    "size": "7M",
    "albumName": "自由在哪里",
    "id": 6017000002,
    "albumId": 6017,
    "albumtitle": "自由在哪里(2)"
  },
  {
    "path": "http://media.feearadio.net/downloads/others/Drama/Twicefreed/03.mp3",
    "title": "第三章：爸爸的故事(下) 第三章：失竊事件(上)",
    "duration": 900,
    "size": "7M",
    "albumName": "自由在哪里",
    "id": 6017000003,
    "albumId": 6017,
    "albumtitle": "自由在哪里(3)"
  },
  {
    "path": "http://media.feearadio.net/downloads/others/Drama/Twicefreed/04.mp3",
    "title": "第四章：失竊事件(下)、第四章：恥辱的烙印(上)",
    "duration": 900,
    "size": "7M",
    "albumName": "自由在哪里",
    "id": 6017000004,
    "albumId": 6017,
    "albumtitle": "自由在哪里(4)"
  },
  {
    "path": "http://media.feearadio.net/downloads/others/Drama/Twicefreed/05.mp3",
    "title": "第五章：恥辱的烙印(下)",
    "duration": 900,
    "size": "7M",
    "albumName": "自由在哪里",
    "id": 6017000005,
    "albumId": 6017,
    "albumtitle": "自由在哪里(5)"
  },
  {
    "path": "http://media.feearadio.net/downloads/others/Drama/Twicefreed/06.mp3",
    "title": "第六章：走出山谷(上)",
    "duration": 900,
    "size": "7M",
    "albumName": "自由在哪里",
    "id": 6017000006,
    "albumId": 6017,
    "albumtitle": "自由在哪里(6)"
  },
  {
    "path": "http://media.feearadio.net/downloads/others/Drama/Twicefreed/07.mp3",
    "title": "第七章：走出山谷(下)、第六章：神秘面紗的背後(上)",
    "duration": 900,
    "size": "7M",
    "albumName": "自由在哪里",
    "id": 6017000007,
    "albumId": 6017,
    "albumtitle": "自由在哪里(7)"
  },
  {
    "path": "http://media.feearadio.net/downloads/others/Drama/Twicefreed/08.mp3",
    "title": "第八章：神秘面紗的背後(下)、第七章：小屋裡的燈光(上)",
    "duration": 900,
    "size": "7M",
    "albumName": "自由在哪里",
    "id": 6017000008,
    "albumId": 6017,
    "albumtitle": "自由在哪里(8)"
  },
  {
    "path": "http://media.feearadio.net/downloads/others/Drama/Twicefreed/09.mp3",
    "title": "第九章：小屋裡的燈光(下)、第八章：告密者(上)",
    "duration": 900,
    "size": "7M",
    "albumName": "自由在哪里",
    "id": 6017000009,
    "albumId": 6017,
    "albumtitle": "自由在哪里(9)"
  },
  {
    "path": "http://media.feearadio.net/downloads/others/Drama/Twicefreed/10.mp3",
    "title": "第十章：告密者(下)、第九章：尋找亞基布(上)",
    "duration": 900,
    "size": "7M",
    "albumName": "自由在哪里",
    "id": 6017000010,
    "albumId": 6017,
    "albumtitle": "自由在哪里(10)"
  },
  {
    "path": "http://media.feearadio.net/downloads/others/Drama/Twicefreed/11.mp3",
    "title": "第十一章：尋找亞基布(下)",
    "duration": 900,
    "size": "7M",
    "albumName": "自由在哪里",
    "id": 6017000011,
    "albumId": 6017,
    "albumtitle": "自由在哪里(11)"
  },
  {
    "path": "http://media.feearadio.net/downloads/others/Drama/Twicefreed/12.mp3",
    "title": "第十二章：牛背上的對話",
    "duration": 900,
    "size": "7M",
    "albumName": "自由在哪里",
    "id": 6017000012,
    "albumId": 6017,
    "albumtitle": "自由在哪里(12)"
  },
  {
    "path": "http://media.feearadio.net/downloads/others/Drama/Twicefreed/13.mp3",
    "title": "第十三章：再見艾麗妮(上)",
    "duration": 900,
    "size": "7M",
    "albumName": "自由在哪里",
    "id": 6017000013,
    "albumId": 6017,
    "albumtitle": "自由在哪里(13)"
  },
  {
    "path": "http://media.feearadio.net/downloads/others/Drama/Twicefreed/14.mp3",
    "title": "第十四章：再見艾麗妮(下)、第十二章：狹路相逢(上)",
    "duration": 900,
    "size": "7M",
    "albumName": "自由在哪里",
    "id": 6017000014,
    "albumId": 6017,
    "albumtitle": "自由在哪里(14)"
  },
  {
    "path": "http://media.feearadio.net/downloads/others/Drama/Twicefreed/15.mp3",
    "title": "第十五章：狹路相逢(下)",
    "duration": 900,
    "size": "7M",
    "albumName": "自由在哪里",
    "id": 6017000015,
    "albumId": 6017,
    "albumtitle": "自由在哪里(15)"
  },
  {
    "path": "http://media.feearadio.net/downloads/others/Drama/Twicefreed/16.mp3",
    "title": "第十六章：失去和得到",
    "duration": 900,
    "size": "7M",
    "albumName": "自由在哪里",
    "id": 6017000016,
    "albumId": 6017,
    "albumtitle": "自由在哪里(16)"
  },
  {
    "path": "http://media.feearadio.net/downloads/others/Drama/Twicefreed/17.mp3",
    "title": "第十七章：我不需要(上)",
    "duration": 900,
    "size": "7M",
    "albumName": "自由在哪里",
    "id": 6017000017,
    "albumId": 6017,
    "albumtitle": "自由在哪里(17)"
  },
  {
    "path": "http://media.feearadio.net/downloads/others/Drama/Twicefreed/18.mp3",
    "title": "第十八章：我不需要(下)",
    "duration": 900,
    "size": "7M",
    "albumName": "自由在哪里",
    "id": 6017000018,
    "albumId": 6017,
    "albumtitle": "自由在哪里(18)"
  },
  {
    "path": "http://media.feearadio.net/downloads/others/Drama/Twicefreed/19.mp3",
    "title": "第十九章：逃",
    "duration": 900,
    "size": "7M",
    "albumName": "自由在哪里",
    "id": 6017000019,
    "albumId": 6017,
    "albumtitle": "自由在哪里(19)"
  },
  {
    "path": "http://media.feearadio.net/downloads/others/Drama/Twicefreed/20.mp3",
    "title": "第二十章：雅典山城夢(上)",
    "duration": 900,
    "size": "7M",
    "albumName": "自由在哪里",
    "id": 6017000020,
    "albumId": 6017,
    "albumtitle": "自由在哪里(20)"
  },
  {
    "path": "http://media.feearadio.net/downloads/others/Drama/Twicefreed/21.mp3",
    "title": "第二十一章：雅典山城夢(下)",
    "duration": 900,
    "size": "7M",
    "albumName": "自由在哪里",
    "id": 6017000021,
    "albumId": 6017,
    "albumtitle": "自由在哪里(21)"
  },
  {
    "path": "http://media.feearadio.net/downloads/others/Drama/Twicefreed/22.mp3",
    "title": "第二十二章：歌林多的誘惑(上)",
    "duration": 900,
    "size": "7M",
    "albumName": "自由在哪里",
    "id": 6017000022,
    "albumId": 6017,
    "albumtitle": "自由在哪里(22)"
  },
  {
    "path": "http://media.feearadio.net/downloads/others/Drama/Twicefreed/23.mp3",
    "title": "第二十三章：歌林多的誘惑(下)、第十八章：羅馬羅馬(上)",
    "duration": 900,
    "size": "7M",
    "albumName": "自由在哪里",
    "id": 6017000023,
    "albumId": 6017,
    "albumtitle": "自由在哪里(23)"
  },
  {
    "path": "http://media.feearadio.net/downloads/others/Drama/Twicefreed/24.mp3",
    "title": "第二十四章：羅馬羅馬(下)、第十九章：生死決鬥(上)",
    "duration": 900,
    "size": "7M",
    "albumName": "自由在哪里",
    "id": 6017000024,
    "albumId": 6017,
    "albumtitle": "自由在哪里(24)"
  },
  {
    "path": "http://media.feearadio.net/downloads/others/Drama/Twicefreed/25.mp3",
    "title": "第二十五章：生死決鬥(下)",
    "duration": 900,
    "size": "7M",
    "albumName": "自由在哪里",
    "id": 6017000025,
    "albumId": 6017,
    "albumtitle": "自由在哪里(25)"
  },
  {
    "path": "http://media.feearadio.net/downloads/others/Drama/Twicefreed/26.mp3",
    "title": "第二十六章：路加醫生",
    "duration": 900,
    "size": "7M",
    "albumName": "自由在哪里",
    "id": 6017000026,
    "albumId": 6017,
    "albumtitle": "自由在哪里(26)"
  },
  {
    "path": "http://media.feearadio.net/downloads/others/Drama/Twicefreed/27.mp3",
    "title": "第二十七章：無路可逃",
    "duration": 900,
    "size": "7M",
    "albumName": "自由在哪里",
    "id": 6017000027,
    "albumId": 6017,
    "albumtitle": "自由在哪里(27)"
  },
  {
    "path": "http://media.feearadio.net/downloads/others/Drama/Twicefreed/28.mp3",
    "title": "第二十八章：馬可的故事(上)",
    "duration": 900,
    "size": "7M",
    "albumName": "自由在哪里",
    "id": 6017000028,
    "albumId": 6017,
    "albumtitle": "自由在哪里(28)"
  },
  {
    "path": "http://media.feearadio.net/downloads/others/Drama/Twicefreed/29.mp3",
    "title": "第二十九章：馬可的故事(下)、第二十三章：奇妙書信-尾聲",
    "duration": 900,
    "size": "7M",
    "albumName": "自由在哪里",
    "id": 6017000029,
    "albumId": 6017,
    "albumtitle": "自由在哪里(29)"
  }
]