[
  {
    "path": "http://media.feearadio.net/downloads/others/Drama/chamber/01.mp3",
    "title": "序言、百年紀念會-1",
    "duration": 900,
    "size": "7M",
    "albumName": "密室",
    "id": 6012000001,
    "albumId": 6012,
    "albumtitle": "密室(1)"
  },
  {
    "path": "http://media.feearadio.net/downloads/others/Drama/chamber/02.mp3",
    "title": "百年紀念會-2",
    "duration": 900,
    "size": "7M",
    "albumName": "密室",
    "id": 6012000002,
    "albumId": 6012,
    "albumtitle": "密室(2)"
  },
  {
    "path": "http://media.feearadio.net/downloads/others/Drama/chamber/03.mp3",
    "title": "百年紀念會-3",
    "duration": 900,
    "size": "7M",
    "albumName": "密室",
    "id": 6012000003,
    "albumId": 6012,
    "albumtitle": "密室(3)"
  },
  {
    "path": "http://media.feearadio.net/downloads/others/Drama/chamber/04.mp3",
    "title": "百年紀念會-4、往事-1",
    "duration": 900,
    "size": "7M",
    "albumName": "密室",
    "id": 6012000004,
    "albumId": 6012,
    "albumtitle": "密室(4)"
  },
  {
    "path": "http://media.feearadio.net/downloads/others/Drama/chamber/05.mp3",
    "title": "往事-2",
    "duration": 900,
    "size": "7M",
    "albumName": "密室",
    "id": 6012000005,
    "albumId": 6012,
    "albumtitle": "密室(5)"
  },
  {
    "path": "http://media.feearadio.net/downloads/others/Drama/chamber/06.mp3",
    "title": "往事-3",
    "duration": 900,
    "size": "7M",
    "albumName": "密室",
    "id": 6012000006,
    "albumId": 6012,
    "albumtitle": "密室(6)"
  },
  {
    "path": "http://media.feearadio.net/downloads/others/Drama/chamber/07.mp3",
    "title": "往事-4、初戀-1",
    "duration": 900,
    "size": "7M",
    "albumName": "密室",
    "id": 6012000007,
    "albumId": 6012,
    "albumtitle": "密室(7)"
  },
  {
    "path": "http://media.feearadio.net/downloads/others/Drama/chamber/08.mp3",
    "title": "初戀-2",
    "duration": 900,
    "size": "7M",
    "albumName": "密室",
    "id": 6012000008,
    "albumId": 6012,
    "albumtitle": "密室(8)"
  },
  {
    "path": "http://media.feearadio.net/downloads/others/Drama/chamber/09.mp3",
    "title": "初戀-3",
    "duration": 900,
    "size": "7M",
    "albumName": "密室",
    "id": 6012000009,
    "albumId": 6012,
    "albumtitle": "密室(9)"
  },
  {
    "path": "http://media.feearadio.net/downloads/others/Drama/chamber/10.mp3",
    "title": "初戀-4",
    "duration": 900,
    "size": "7M",
    "albumName": "密室",
    "id": 6012000010,
    "albumId": 6012,
    "albumtitle": "密室(10)"
  },
  {
    "path": "http://media.feearadio.net/downloads/others/Drama/chamber/11.mp3",
    "title": "鐘錶舖-1",
    "duration": 900,
    "size": "7M",
    "albumName": "密室",
    "id": 6012000011,
    "albumId": 6012,
    "albumtitle": "密室(11)"
  },
  {
    "path": "http://media.feearadio.net/downloads/others/Drama/chamber/12.mp3",
    "title": "鐘錶舖-2",
    "duration": 900,
    "size": "7M",
    "albumName": "密室",
    "id": 6012000012,
    "albumId": 6012,
    "albumtitle": "密室(12)"
  },
  {
    "path": "http://media.feearadio.net/downloads/others/Drama/chamber/13.mp3",
    "title": "鐘錶舖-3",
    "duration": 900,
    "size": "7M",
    "albumName": "密室",
    "id": 6012000013,
    "albumId": 6012,
    "albumtitle": "密室(13)"
  },
  {
    "path": "http://media.feearadio.net/downloads/others/Drama/chamber/14.mp3",
    "title": "入侵-1",
    "duration": 900,
    "size": "7M",
    "albumName": "密室",
    "id": 6012000014,
    "albumId": 6012,
    "albumtitle": "密室(14)"
  },
  {
    "path": "http://media.feearadio.net/downloads/others/Drama/chamber/15.mp3",
    "title": "入侵-2",
    "duration": 900,
    "size": "7M",
    "albumName": "密室",
    "id": 6012000015,
    "albumId": 6012,
    "albumtitle": "密室(15)"
  },
  {
    "path": "http://media.feearadio.net/downloads/others/Drama/chamber/16.mp3",
    "title": "入侵-3、密室-1",
    "duration": 900,
    "size": "7M",
    "albumName": "密室",
    "id": 6012000016,
    "albumId": 6012,
    "albumtitle": "密室(16)"
  },
  {
    "path": "http://media.feearadio.net/downloads/others/Drama/chamber/17.mp3",
    "title": "密室-2",
    "duration": 900,
    "size": "7M",
    "albumName": "密室",
    "id": 6012000017,
    "albumId": 6012,
    "albumtitle": "密室(17)"
  },
  {
    "path": "http://media.feearadio.net/downloads/others/Drama/chamber/18.mp3",
    "title": "密室-3",
    "duration": 900,
    "size": "7M",
    "albumName": "密室",
    "id": 6012000018,
    "albumId": 6012,
    "albumtitle": "密室(18)"
  },
  {
    "path": "http://media.feearadio.net/downloads/others/Drama/chamber/19.mp3",
    "title": "嘉賓游西-1",
    "duration": 900,
    "size": "7M",
    "albumName": "密室",
    "id": 6012000019,
    "albumId": 6012,
    "albumtitle": "密室(19)"
  },
  {
    "path": "http://media.feearadio.net/downloads/others/Drama/chamber/20.mp3",
    "title": "嘉賓游西-2",
    "duration": 900,
    "size": "7M",
    "albumName": "密室",
    "id": 6012000020,
    "albumId": 6012,
    "albumtitle": "密室(20)"
  },
  {
    "path": "http://media.feearadio.net/downloads/others/Drama/chamber/21.mp3",
    "title": "嘉賓游西-3",
    "duration": 900,
    "size": "7M",
    "albumName": "密室",
    "id": 6012000021,
    "albumId": 6012,
    "albumtitle": "密室(21)"
  },
  {
    "path": "http://media.feearadio.net/downloads/others/Drama/chamber/22.mp3",
    "title": "嘉賓游西-4、陰雲密佈-1",
    "duration": 900,
    "size": "7M",
    "albumName": "密室",
    "id": 6012000022,
    "albumId": 6012,
    "albumtitle": "密室(22)"
  },
  {
    "path": "http://media.feearadio.net/downloads/others/Drama/chamber/23.mp3",
    "title": "陰雲密佈-2",
    "duration": 900,
    "size": "7M",
    "albumName": "密室",
    "id": 6012000023,
    "albumId": 6012,
    "albumtitle": "密室(23)"
  },
  {
    "path": "http://media.feearadio.net/downloads/others/Drama/chamber/24.mp3",
    "title": "陰雲密佈-3",
    "duration": 900,
    "size": "7M",
    "albumName": "密室",
    "id": 6012000024,
    "albumId": 6012,
    "albumtitle": "密室(24)"
  },
  {
    "path": "http://media.feearadio.net/downloads/others/Drama/chamber/25.mp3",
    "title": "突襲-1",
    "duration": 900,
    "size": "7M",
    "albumName": "密室",
    "id": 6012000025,
    "albumId": 6012,
    "albumtitle": "密室(25)"
  },
  {
    "path": "http://media.feearadio.net/downloads/others/Drama/chamber/26.mp3",
    "title": "突襲-2",
    "duration": 900,
    "size": "7M",
    "albumName": "密室",
    "id": 6012000026,
    "albumId": 6012,
    "albumtitle": "密室(26)"
  },
  {
    "path": "http://media.feearadio.net/downloads/others/Drama/chamber/27.mp3",
    "title": "入獄-1",
    "duration": 900,
    "size": "7M",
    "albumName": "密室",
    "id": 6012000027,
    "albumId": 6012,
    "albumtitle": "密室(27)"
  },
  {
    "path": "http://media.feearadio.net/downloads/others/Drama/chamber/28.mp3",
    "title": "入獄-2",
    "duration": 900,
    "size": "7M",
    "albumName": "密室",
    "id": 6012000028,
    "albumId": 6012,
    "albumtitle": "密室(28)"
  },
  {
    "path": "http://media.feearadio.net/downloads/others/Drama/chamber/29.mp3",
    "title": "入獄-3",
    "duration": 900,
    "size": "7M",
    "albumName": "密室",
    "id": 6012000029,
    "albumId": 6012,
    "albumtitle": "密室(29)"
  },
  {
    "path": "http://media.feearadio.net/downloads/others/Drama/chamber/30.mp3",
    "title": "入獄-4、藍斯中尉-1",
    "duration": 900,
    "size": "7M",
    "albumName": "密室",
    "id": 6012000030,
    "albumId": 6012,
    "albumtitle": "密室(30)"
  },
  {
    "path": "http://media.feearadio.net/downloads/others/Drama/chamber/31.mp3",
    "title": "藍斯中尉-2",
    "duration": 900,
    "size": "7M",
    "albumName": "密室",
    "id": 6012000031,
    "albumId": 6012,
    "albumtitle": "密室(31)"
  },
  {
    "path": "http://media.feearadio.net/downloads/others/Drama/chamber/32.mp3",
    "title": "武德營-1",
    "duration": 900,
    "size": "7M",
    "albumName": "密室",
    "id": 6012000032,
    "albumId": 6012,
    "albumtitle": "密室(32)"
  },
  {
    "path": "http://media.feearadio.net/downloads/others/Drama/chamber/33.mp3",
    "title": "武德營-2",
    "duration": 900,
    "size": "7M",
    "albumName": "密室",
    "id": 6012000033,
    "albumId": 6012,
    "albumtitle": "密室(33)"
  },
  {
    "path": "http://media.feearadio.net/downloads/others/Drama/chamber/34.mp3",
    "title": "武德營-3",
    "duration": 900,
    "size": "7M",
    "albumName": "密室",
    "id": 6012000034,
    "albumId": 6012,
    "albumtitle": "密室(34)"
  },
  {
    "path": "http://media.feearadio.net/downloads/others/Drama/chamber/35.mp3",
    "title": "武德營-4、賴文集中營-1",
    "duration": 900,
    "size": "7M",
    "albumName": "密室",
    "id": 6012000035,
    "albumId": 6012,
    "albumtitle": "密室(35)"
  },
  {
    "path": "http://media.feearadio.net/downloads/others/Drama/chamber/36.mp3",
    "title": "賴文集中營-2",
    "duration": 900,
    "size": "7M",
    "albumName": "密室",
    "id": 6012000036,
    "albumId": 6012,
    "albumtitle": "密室(36)"
  },
  {
    "path": "http://media.feearadio.net/downloads/others/Drama/chamber/37.mp3",
    "title": "賴文集中營-3",
    "duration": 900,
    "size": "7M",
    "albumName": "密室",
    "id": 6012000037,
    "albumId": 6012,
    "albumtitle": "密室(37)"
  },
  {
    "path": "http://media.feearadio.net/downloads/others/Drama/chamber/38.mp3",
    "title": "賴文集中營-4",
    "duration": 900,
    "size": "7M",
    "albumName": "密室",
    "id": 6012000038,
    "albumId": 6012,
    "albumtitle": "密室(38)"
  },
  {
    "path": "http://media.feearadio.net/downloads/others/Drama/chamber/39.mp3",
    "title": "賴文集中營-5、藍色毛線衣-1",
    "duration": 900,
    "size": "7M",
    "albumName": "密室",
    "id": 6012000039,
    "albumId": 6012,
    "albumtitle": "密室(39)"
  },
  {
    "path": "http://media.feearadio.net/downloads/others/Drama/chamber/40.mp3",
    "title": "藍色毛線衣-2",
    "duration": 900,
    "size": "7M",
    "albumName": "密室",
    "id": 6012000040,
    "albumId": 6012,
    "albumtitle": "密室(40)"
  },
  {
    "path": "http://media.feearadio.net/downloads/others/Drama/chamber/41.mp3",
    "title": "藍色毛線衣-3、三個異象-1",
    "duration": 900,
    "size": "7M",
    "albumName": "密室",
    "id": 6012000041,
    "albumId": 6012,
    "albumtitle": "密室(41)"
  },
  {
    "path": "http://media.feearadio.net/downloads/others/Drama/chamber/42.mp3",
    "title": "三個異象-2",
    "duration": 900,
    "size": "7M",
    "albumName": "密室",
    "id": 6012000042,
    "albumId": 6012,
    "albumtitle": "密室(42)"
  },
  {
    "path": "http://media.feearadio.net/downloads/others/Drama/chamber/43.mp3",
    "title": "三個異象-3",
    "duration": 900,
    "size": "7M",
    "albumName": "密室",
    "id": 6012000043,
    "albumId": 6012,
    "albumtitle": "密室(43)"
  },
  {
    "path": "http://media.feearadio.net/downloads/others/Drama/chamber/44.mp3",
    "title": "三個異象-4",
    "duration": 900,
    "size": "7M",
    "albumName": "密室",
    "id": 6012000044,
    "albumId": 6012,
    "albumtitle": "密室(44)"
  },
  {
    "path": "http://media.feearadio.net/downloads/others/Drama/chamber/45.mp3",
    "title": "三個異象-5、後記",
    "duration": 900,
    "size": "7M",
    "albumName": "密室",
    "id": 6012000045,
    "albumId": 6012,
    "albumtitle": "密室(45)"
  }
]