[
  {
    "path": "http://media.feearadio.net/downloads/others/Drama/Mendel/01.mp3",
    "title": "序言",
    "duration": 900,
    "size": "7M",
    "albumName": "生命科學大師-遺傳學之父-孟德爾的故事",
    "id": 6014000001,
    "albumId": 6014,
    "albumtitle": "生命科學大師-遺傳學之父-孟德爾的故事(1)"
  },
  {
    "path": "http://media.feearadio.net/downloads/others/Drama/Mendel/02.mp3",
    "title": "第1章-第2章(上)",
    "duration": 900,
    "size": "7M",
    "albumName": "生命科學大師-遺傳學之父-孟德爾的故事",
    "id": 6014000002,
    "albumId": 6014,
    "albumtitle": "生命科學大師-遺傳學之父-孟德爾的故事(2)"
  },
  {
    "path": "http://media.feearadio.net/downloads/others/Drama/Mendel/03.mp3",
    "title": "第2章(下)-第3章",
    "duration": 900,
    "size": "7M",
    "albumName": "生命科學大師-遺傳學之父-孟德爾的故事",
    "id": 6014000003,
    "albumId": 6014,
    "albumtitle": "生命科學大師-遺傳學之父-孟德爾的故事(3)"
  },
  {
    "path": "http://media.feearadio.net/downloads/others/Drama/Mendel/04.mp3",
    "title": "第4章",
    "duration": 900,
    "size": "7M",
    "albumName": "生命科學大師-遺傳學之父-孟德爾的故事",
    "id": 6014000004,
    "albumId": 6014,
    "albumtitle": "生命科學大師-遺傳學之父-孟德爾的故事(4)"
  },
  {
    "path": "http://media.feearadio.net/downloads/others/Drama/Mendel/05.mp3",
    "title": "第5章-第6章(上)",
    "duration": 900,
    "size": "7M",
    "albumName": "生命科學大師-遺傳學之父-孟德爾的故事",
    "id": 6014000005,
    "albumId": 6014,
    "albumtitle": "生命科學大師-遺傳學之父-孟德爾的故事(5)"
  },
  {
    "path": "http://media.feearadio.net/downloads/others/Drama/Mendel/06.mp3",
    "title": "第6章(下)-第7章",
    "duration": 900,
    "size": "7M",
    "albumName": "生命科學大師-遺傳學之父-孟德爾的故事",
    "id": 6014000006,
    "albumId": 6014,
    "albumtitle": "生命科學大師-遺傳學之父-孟德爾的故事(6)"
  },
  {
    "path": "http://media.feearadio.net/downloads/others/Drama/Mendel/07.mp3",
    "title": "第8章",
    "duration": 900,
    "size": "7M",
    "albumName": "生命科學大師-遺傳學之父-孟德爾的故事",
    "id": 6014000007,
    "albumId": 6014,
    "albumtitle": "生命科學大師-遺傳學之父-孟德爾的故事(7)"
  },
  {
    "path": "http://media.feearadio.net/downloads/others/Drama/Mendel/08.mp3",
    "title": "第9章-第10章(上)",
    "duration": 900,
    "size": "7M",
    "albumName": "生命科學大師-遺傳學之父-孟德爾的故事",
    "id": 6014000008,
    "albumId": 6014,
    "albumtitle": "生命科學大師-遺傳學之父-孟德爾的故事(8)"
  },
  {
    "path": "http://media.feearadio.net/downloads/others/Drama/Mendel/09.mp3",
    "title": "第10章(下)",
    "duration": 900,
    "size": "7M",
    "albumName": "生命科學大師-遺傳學之父-孟德爾的故事",
    "id": 6014000009,
    "albumId": 6014,
    "albumtitle": "生命科學大師-遺傳學之父-孟德爾的故事(9)"
  },
  {
    "path": "http://media.feearadio.net/downloads/others/Drama/Mendel/10.mp3",
    "title": "第11章-第12章(上)",
    "duration": 900,
    "size": "7M",
    "albumName": "生命科學大師-遺傳學之父-孟德爾的故事",
    "id": 6014000010,
    "albumId": 6014,
    "albumtitle": "生命科學大師-遺傳學之父-孟德爾的故事(10)"
  },
  {
    "path": "http://media.feearadio.net/downloads/others/Drama/Mendel/11.mp3",
    "title": "第12章(下)",
    "duration": 900,
    "size": "7M",
    "albumName": "生命科學大師-遺傳學之父-孟德爾的故事",
    "id": 6014000011,
    "albumId": 6014,
    "albumtitle": "生命科學大師-遺傳學之父-孟德爾的故事(11)"
  },
  {
    "path": "http://media.feearadio.net/downloads/others/Drama/Mendel/12.mp3",
    "title": "第13章",
    "duration": 900,
    "size": "7M",
    "albumName": "生命科學大師-遺傳學之父-孟德爾的故事",
    "id": 6014000012,
    "albumId": 6014,
    "albumtitle": "生命科學大師-遺傳學之父-孟德爾的故事(12)"
  },
  {
    "path": "http://media.feearadio.net/downloads/others/Drama/Mendel/13.mp3",
    "title": "第14章",
    "duration": 900,
    "size": "7M",
    "albumName": "生命科學大師-遺傳學之父-孟德爾的故事",
    "id": 6014000013,
    "albumId": 6014,
    "albumtitle": "生命科學大師-遺傳學之父-孟德爾的故事(13)"
  },
  {
    "path": "http://media.feearadio.net/downloads/others/Drama/Mendel/14.mp3",
    "title": "第15章",
    "duration": 900,
    "size": "7M",
    "albumName": "生命科學大師-遺傳學之父-孟德爾的故事",
    "id": 6014000014,
    "albumId": 6014,
    "albumtitle": "生命科學大師-遺傳學之父-孟德爾的故事(14)"
  },
  {
    "path": "http://media.feearadio.net/downloads/others/Drama/Mendel/15.mp3",
    "title": "第16章",
    "duration": 900,
    "size": "7M",
    "albumName": "生命科學大師-遺傳學之父-孟德爾的故事",
    "id": 6014000015,
    "albumId": 6014,
    "albumtitle": "生命科學大師-遺傳學之父-孟德爾的故事(15)"
  },
  {
    "path": "http://media.feearadio.net/downloads/others/Drama/Mendel/16.mp3",
    "title": "第17章",
    "duration": 900,
    "size": "7M",
    "albumName": "生命科學大師-遺傳學之父-孟德爾的故事",
    "id": 6014000016,
    "albumId": 6014,
    "albumtitle": "生命科學大師-遺傳學之父-孟德爾的故事(16)"
  },
  {
    "path": "http://media.feearadio.net/downloads/others/Drama/Mendel/17.mp3",
    "title": "第18章-第19章",
    "duration": 900,
    "size": "7M",
    "albumName": "生命科學大師-遺傳學之父-孟德爾的故事",
    "id": 6014000017,
    "albumId": 6014,
    "albumtitle": "生命科學大師-遺傳學之父-孟德爾的故事(17)"
  },
  {
    "path": "http://media.feearadio.net/downloads/others/Drama/Mendel/18.mp3",
    "title": "第20章-第21章",
    "duration": 900,
    "size": "7M",
    "albumName": "生命科學大師-遺傳學之父-孟德爾的故事",
    "id": 6014000018,
    "albumId": 6014,
    "albumtitle": "生命科學大師-遺傳學之父-孟德爾的故事(18)"
  },
  {
    "path": "http://media.feearadio.net/downloads/others/Drama/Mendel/19.mp3",
    "title": "第22章",
    "duration": 900,
    "size": "7M",
    "albumName": "生命科學大師-遺傳學之父-孟德爾的故事",
    "id": 6014000019,
    "albumId": 6014,
    "albumtitle": "生命科學大師-遺傳學之父-孟德爾的故事(19)"
  }
]