[{
        "path": "http://media.feearadio.net/downloads/others/Drama/Hero/01.mp3",
        "title": "第一集",
        "duration": 600,
        "size": "5M",
        "albumName": "侠风长流",
        "id": 6022000001,
        "albumId": 6022,
        "albumtitle": "侠风长流(1)"
    },
    {
        "path": "http://media.feearadio.net/downloads/others/Drama/Hero/02.mp3",
        "title": "第二集",
        "duration": 600,
        "size": "5M",
        "albumName": "侠风长流",
        "id": 6022000002,
        "albumId": 6022,
        "albumtitle": "侠风长流(2)"
    },
    {
        "path": "http://media.feearadio.net/downloads/others/Drama/Hero/03.mp3",
        "title": "第三集",
        "duration": 600,
        "size": "5M",
        "albumName": "侠风长流",
        "id": 6022000003,
        "albumId": 6022,
        "albumtitle": "侠风长流(3)"
    },
    {
        "path": "http://media.feearadio.net/downloads/others/Drama/Hero/04.mp3",
        "title": "第四集",
        "duration": 600,
        "size": "5M",
        "albumName": "侠风长流",
        "id": 6022000004,
        "albumId": 6022,
        "albumtitle": "侠风长流(4)"
    },
    {
        "path": "http://media.feearadio.net/downloads/others/Drama/Hero/05.mp3",
        "title": "第五集",
        "duration": 600,
        "size": "5M",
        "albumName": "侠风长流",
        "id": 6022000005,
        "albumId": 6022,
        "albumtitle": "侠风长流(5)"
    },
    {
        "path": "http://media.feearadio.net/downloads/others/Drama/Hero/06.mp3",
        "title": "第六集",
        "duration": 600,
        "size": "5M",
        "albumName": "侠风长流",
        "id": 6022000006,
        "albumId": 6022,
        "albumtitle": "侠风长流(6)"
    },
    {
        "path": "http://media.feearadio.net/downloads/others/Drama/Hero/07.mp3",
        "title": "第七集",
        "duration": 600,
        "size": "5M",
        "albumName": "侠风长流",
        "id": 6022000007,
        "albumId": 6022,
        "albumtitle": "侠风长流(7)"
    },
    {
        "path": "http://media.feearadio.net/downloads/others/Drama/Hero/08.mp3",
        "title": "第八集",
        "duration": 600,
        "size": "5M",
        "albumName": "侠风长流",
        "id": 6022000008,
        "albumId": 6022,
        "albumtitle": "侠风长流(8)"
    },
    {
        "path": "http://media.feearadio.net/downloads/others/Drama/Hero/09.mp3",
        "title": "第九集",
        "duration": 600,
        "size": "5M",
        "albumName": "侠风长流",
        "id": 6022000009,
        "albumId": 6022,
        "albumtitle": "侠风长流(9)"
    },
    {
        "path": "http://media.feearadio.net/downloads/others/Drama/Hero/10.mp3",
        "title": "第十集",
        "duration": 600,
        "size": "5M",
        "albumName": "侠风长流",
        "id": 6022000010,
        "albumId": 6022,
        "albumtitle": "侠风长流(10)"
    }
]