[
  {
    "path": "http://media.feearadio.net/downloads/others/Drama/OMF/mabm0001.mp3",
    "title": "戴德生（一）",
    "duration": 1760,
    "size": "14.1M",
    "albumName": "内地会宣教士的故事",
    "id": 6009000001,
    "albumId": 6009,
    "albumtitle": "内地会宣教士的故事(1)"
  },
  {
    "path": "http://media.feearadio.net/downloads/others/Drama/OMF/mabm0002.mp3",
    "title": "戴德生（二）",
    "duration": 1760,
    "size": "14.1M",
    "albumName": "内地会宣教士的故事",
    "id": 6009000002,
    "albumId": 6009,
    "albumtitle": "内地会宣教士的故事(2)"
  },
  {
    "path": "http://media.feearadio.net/downloads/others/Drama/OMF/mabm0003.mp3",
    "title": "戴德生（三）",
    "duration": 1760,
    "size": "14.1M",
    "albumName": "内地会宣教士的故事",
    "id": 6009000003,
    "albumId": 6009,
    "albumtitle": "内地会宣教士的故事(3)"
  },
  {
    "path": "http://media.feearadio.net/downloads/others/Drama/OMF/mabm0004.mp3",
    "title": "戴德生（四）",
    "duration": 1760,
    "size": "14.1M",
    "albumName": "内地会宣教士的故事",
    "id": 6009000004,
    "albumId": 6009,
    "albumtitle": "内地会宣教士的故事(4)"
  },
  {
    "path": "http://media.feearadio.net/downloads/others/Drama/OMF/mabm0005.mp3",
    "title": "戴德生（五）",
    "duration": 1760,
    "size": "14.1M",
    "albumName": "内地会宣教士的故事",
    "id": 6009000005,
    "albumId": 6009,
    "albumtitle": "内地会宣教士的故事(5)"
  },
  {
    "path": "http://media.feearadio.net/downloads/others/Drama/OMF/mabm0006.mp3",
    "title": "路惠理/貝瑪麗（一）",
    "duration": 1760,
    "size": "14.1M",
    "albumName": "内地会宣教士的故事",
    "id": 6009000006,
    "albumId": 6009,
    "albumtitle": "内地会宣教士的故事(6)"
  },
  {
    "path": "http://media.feearadio.net/downloads/others/Drama/OMF/mabm0007.mp3",
    "title": "路惠理/貝瑪麗（二）",
    "duration": 1760,
    "size": "14.1M",
    "albumName": "内地会宣教士的故事",
    "id": 6009000007,
    "albumId": 6009,
    "albumtitle": "内地会宣教士的故事(7)"
  },
  {
    "path": "http://media.feearadio.net/downloads/others/Drama/OMF/mabm0008.mp3",
    "title": "曹雅直夫婦（一）",
    "duration": 1760,
    "size": "14.1M",
    "albumName": "内地会宣教士的故事",
    "id": 6009000008,
    "albumId": 6009,
    "albumtitle": "内地会宣教士的故事(8)"
  },
  {
    "path": "http://media.feearadio.net/downloads/others/Drama/OMF/mabm0009.mp3",
    "title": "曹雅直夫婦（二）",
    "duration": 1760,
    "size": "14.1M",
    "albumName": "内地会宣教士的故事",
    "id": 6009000009,
    "albumId": 6009,
    "albumtitle": "内地会宣教士的故事(9)"
  },
  {
    "path": "http://media.feearadio.net/downloads/others/Drama/OMF/mabm0010.mp3",
    "title": "海班明/戴賀美（一）",
    "duration": 1760,
    "size": "14.1M",
    "albumName": "内地会宣教士的故事",
    "id": 6009000010,
    "albumId": 6009,
    "albumtitle": "内地会宣教士的故事(10)"
  },
  {
    "path": "http://media.feearadio.net/downloads/others/Drama/OMF/mabm0011.mp3",
    "title": "海班明/戴賀美（二）",
    "duration": 1760,
    "size": "14.1M",
    "albumName": "内地会宣教士的故事",
    "id": 6009000011,
    "albumId": 6009,
    "albumtitle": "内地会宣教士的故事(11)"
  },
  {
    "path": "http://media.feearadio.net/downloads/others/Drama/OMF/mabm0012.mp3",
    "title": "何斯德/司米德（一）",
    "duration": 1760,
    "size": "14.1M",
    "albumName": "内地会宣教士的故事",
    "id": 6009000012,
    "albumId": 6009,
    "albumtitle": "内地会宣教士的故事(12)"
  },
  {
    "path": "http://media.feearadio.net/downloads/others/Drama/OMF/mabm0013.mp3",
    "title": "何斯德/司米德（二）",
    "duration": 1760,
    "size": "14.1M",
    "albumName": "内地会宣教士的故事",
    "id": 6009000013,
    "albumId": 6009,
    "albumtitle": "内地会宣教士的故事(13)"
  },
  {
    "path": "http://media.feearadio.net/downloads/others/Drama/OMF/mabm0014.mp3",
    "title": "施達德（一）",
    "duration": 1760,
    "size": "14.1M",
    "albumName": "内地会宣教士的故事",
    "id": 6009000014,
    "albumId": 6009,
    "albumtitle": "内地会宣教士的故事(14)"
  },
  {
    "path": "http://media.feearadio.net/downloads/others/Drama/OMF/mabm0015.mp3",
    "title": "施達德（二）",
    "duration": 1760,
    "size": "14.1M",
    "albumName": "内地会宣教士的故事",
    "id": 6009000015,
    "albumId": 6009,
    "albumtitle": "内地会宣教士的故事(15)"
  },
  {
    "path": "http://media.feearadio.net/downloads/others/Drama/OMF/mabm0016.mp3",
    "title": "童教士",
    "duration": 1760,
    "size": "14.1M",
    "albumName": "内地会宣教士的故事",
    "id": 6009000016,
    "albumId": 6009,
    "albumtitle": "内地会宣教士的故事(16)"
  },
  {
    "path": "http://media.feearadio.net/downloads/others/Drama/OMF/mabm0017.mp3",
    "title": "蓋洛漥",
    "duration": 1760,
    "size": "14.1M",
    "albumName": "内地会宣教士的故事",
    "id": 6009000017,
    "albumId": 6009,
    "albumtitle": "内地会宣教士的故事(17)"
  },
  {
    "path": "http://media.feearadio.net/downloads/others/Drama/OMF/mabm0018.mp3",
    "title": "金純仁/高金城",
    "duration": 1760,
    "size": "14.1M",
    "albumName": "内地会宣教士的故事",
    "id": 6009000018,
    "albumId": 6009,
    "albumtitle": "内地会宣教士的故事(18)"
  },
  {
    "path": "http://media.feearadio.net/downloads/others/Drama/OMF/mabm0019.mp3",
    "title": "金品三（一）",
    "duration": 1760,
    "size": "14.1M",
    "albumName": "内地会宣教士的故事",
    "id": 6009000019,
    "albumId": 6009,
    "albumtitle": "内地会宣教士的故事(19)"
  },
  {
    "path": "http://media.feearadio.net/downloads/others/Drama/OMF/mabm0020.mp3",
    "title": "金品三（二）",
    "duration": 1760,
    "size": "14.1M",
    "albumName": "内地会宣教士的故事",
    "id": 6009000020,
    "albumId": 6009,
    "albumtitle": "内地会宣教士的故事(20)"
  },
  {
    "path": "http://media.feearadio.net/downloads/others/Drama/OMF/mabm0021.mp3",
    "title": "李春雷（一）",
    "duration": 1760,
    "size": "14.1M",
    "albumName": "内地会宣教士的故事",
    "id": 6009000021,
    "albumId": 6009,
    "albumtitle": "内地会宣教士的故事(21)"
  },
  {
    "path": "http://media.feearadio.net/downloads/others/Drama/OMF/mabm0022.mp3",
    "title": "李春雷（二）",
    "duration": 1760,
    "size": "14.1M",
    "albumName": "内地会宣教士的故事",
    "id": 6009000022,
    "albumId": 6009,
    "albumtitle": "内地会宣教士的故事(22)"
  },
  {
    "path": "http://media.feearadio.net/downloads/others/Drama/OMF/mabm0023.mp3",
    "title": "賈蘭珍/賈素珍",
    "duration": 1760,
    "size": "14.1M",
    "albumName": "内地会宣教士的故事",
    "id": 6009000023,
    "albumId": 6009,
    "albumtitle": "内地会宣教士的故事(23)"
  },
  {
    "path": "http://media.feearadio.net/downloads/others/Drama/OMF/mabm0024.mp3",
    "title": "博德恩",
    "duration": 1760,
    "size": "14.1M",
    "albumName": "内地会宣教士的故事",
    "id": 6009000024,
    "albumId": 6009,
    "albumtitle": "内地会宣教士的故事(24)"
  },
  {
    "path": "http://media.feearadio.net/downloads/others/Drama/OMF/mabm0025.mp3",
    "title": "海春深（一）",
    "duration": 1760,
    "size": "14.1M",
    "albumName": "内地会宣教士的故事",
    "id": 6009000025,
    "albumId": 6009,
    "albumtitle": "内地会宣教士的故事(25)"
  },
  {
    "path": "http://media.feearadio.net/downloads/others/Drama/OMF/mabm0026.mp3",
    "title": "海春深（二）",
    "duration": 1760,
    "size": "14.1M",
    "albumName": "内地会宣教士的故事",
    "id": 6009000026,
    "albumId": 6009,
    "albumtitle": "内地会宣教士的故事(26)"
  },
  {
    "path": "http://media.feearadio.net/downloads/others/Drama/OMF/mabm0027.mp3",
    "title": "吳立誠",
    "duration": 1760,
    "size": "14.1M",
    "albumName": "内地会宣教士的故事",
    "id": 6009000027,
    "albumId": 6009,
    "albumtitle": "内地会宣教士的故事(27)"
  },
  {
    "path": "http://media.feearadio.net/downloads/others/Drama/OMF/mabm0028.mp3",
    "title": "葛蔭華",
    "duration": 1760,
    "size": "14.1M",
    "albumName": "内地会宣教士的故事",
    "id": 6009000028,
    "albumId": 6009,
    "albumtitle": "内地会宣教士的故事(28)"
  },
  {
    "path": "http://media.feearadio.net/downloads/others/Drama/OMF/mabm0029.mp3",
    "title": "薛牧師",
    "duration": 1760,
    "size": "14.1M",
    "albumName": "内地会宣教士的故事",
    "id": 6009000029,
    "albumId": 6009,
    "albumtitle": "内地会宣教士的故事(29)"
  },
  {
    "path": "http://media.feearadio.net/downloads/others/Drama/OMF/mabm0030.mp3",
    "title": "傈僳使徒─富能仁",
    "duration": 1760,
    "size": "14.1M",
    "albumName": "内地会宣教士的故事",
    "id": 6009000030,
    "albumId": 6009,
    "albumtitle": "内地会宣教士的故事(30)"
  },
  {
    "path": "http://media.feearadio.net/downloads/others/Drama/OMF/mabm0031.mp3",
    "title": "傈僳使徒─楊思慧/宋大成",
    "duration": 1760,
    "size": "14.1M",
    "albumName": "内地会宣教士的故事",
    "id": 6009000031,
    "albumId": 6009,
    "albumtitle": "内地会宣教士的故事(31)"
  },
  {
    "path": "http://media.feearadio.net/downloads/others/Drama/OMF/mabm0032.mp3",
    "title": "傈僳使徒─楊志英/宓貴靈",
    "duration": 1760,
    "size": "14.1M",
    "albumName": "内地会宣教士的故事",
    "id": 6009000032,
    "albumId": 6009,
    "albumtitle": "内地会宣教士的故事(32)"
  },
  {
    "path": "http://media.feearadio.net/downloads/others/Drama/OMF/mabm0033.mp3",
    "title": "傈僳使徒─薪火相傳",
    "duration": 1760,
    "size": "14.1M",
    "albumName": "内地会宣教士的故事",
    "id": 6009000033,
    "albumId": 6009,
    "albumtitle": "内地会宣教士的故事(33)"
  },
  {
    "path": "http://media.feearadio.net/downloads/others/Drama/OMF/mabm0034.mp3",
    "title": "馬道康/高雅琴（上）",
    "duration": 1760,
    "size": "14.1M",
    "albumName": "内地会宣教士的故事",
    "id": 6009000034,
    "albumId": 6009,
    "albumtitle": "内地会宣教士的故事(34)"
  },
  {
    "path": "http://media.feearadio.net/downloads/others/Drama/OMF/mabm0035.mp3",
    "title": "馬道康/高雅琴（下）",
    "duration": 1760,
    "size": "14.1M",
    "albumName": "内地会宣教士的故事",
    "id": 6009000035,
    "albumId": 6009,
    "albumtitle": "内地会宣教士的故事(35)"
  },
  {
    "path": "http://media.feearadio.net/downloads/others/Drama/OMF/mabm0036.mp3",
    "title": "賈立克醫生",
    "duration": 1760,
    "size": "14.1M",
    "albumName": "内地会宣教士的故事",
    "id": 6009000036,
    "albumId": 6009,
    "albumtitle": "内地会宣教士的故事(36)"
  },
  {
    "path": "http://media.feearadio.net/downloads/others/Drama/OMF/mabm0037.mp3",
    "title": "柯維則/柯維忠",
    "duration": 1760,
    "size": "14.1M",
    "albumName": "内地会宣教士的故事",
    "id": 6009000037,
    "albumId": 6009,
    "albumtitle": "内地会宣教士的故事(37)"
  },
  {
    "path": "http://media.feearadio.net/downloads/others/Drama/OMF/mabm0038.mp3",
    "title": "巴富羲醫生",
    "duration": 1760,
    "size": "14.1M",
    "albumName": "内地会宣教士的故事",
    "id": 6009000038,
    "albumId": 6009,
    "albumtitle": "内地会宣教士的故事(38)"
  },
  {
    "path": "http://media.feearadio.net/downloads/others/Drama/OMF/mabm0039.mp3",
    "title": "金寶恩",
    "duration": 1760,
    "size": "14.1M",
    "albumName": "内地会宣教士的故事",
    "id": 6009000039,
    "albumId": 6009,
    "albumtitle": "内地会宣教士的故事(39)"
  },
  {
    "path": "http://media.feearadio.net/downloads/others/Drama/OMF/mabm0042.mp3",
    "title": "賈貴安/青季連夫婦（上）",
    "duration": 1760,
    "size": "14.1M",
    "albumName": "内地会宣教士的故事",
    "id": 6009000040,
    "albumId": 6009,
    "albumtitle": "内地会宣教士的故事(40)"
  },
  {
    "path": "http://media.feearadio.net/downloads/others/Drama/OMF/mabm0043.mp3",
    "title": "賈貴安/青季連夫婦（下）",
    "duration": 1760,
    "size": "14.1M",
    "albumName": "内地会宣教士的故事",
    "id": 6009000041,
    "albumId": 6009,
    "albumtitle": "内地会宣教士的故事(41)"
  },
  {
    "path": "http://media.feearadio.net/downloads/others/Drama/OMF/mabm0040.mp3",
    "title": "美德純（上）",
    "duration": 1760,
    "size": "14.1M",
    "albumName": "内地会宣教士的故事",
    "id": 6009000042,
    "albumId": 6009,
    "albumtitle": "内地会宣教士的故事(42)"
  },
  {
    "path": "http://media.feearadio.net/downloads/others/Drama/OMF/mabm0041.mp3",
    "title": "美德純（下）",
    "duration": 1760,
    "size": "14.1M",
    "albumName": "内地会宣教士的故事",
    "id": 6009000043,
    "albumId": 6009,
    "albumtitle": "内地会宣教士的故事(43)"
  },
  {
    "path": "http://media.feearadio.net/downloads/others/Drama/OMF/mabm0044.mp3",
    "title": "三女俠：馮貴珠/馮貴石/蓋群英（上）",
    "duration": 1760,
    "size": "14.1M",
    "albumName": "内地会宣教士的故事",
    "id": 6009000044,
    "albumId": 6009,
    "albumtitle": "内地会宣教士的故事(44)"
  },
  {
    "path": "http://media.feearadio.net/downloads/others/Drama/OMF/mabm0045.mp3",
    "title": "三女俠：馮貴珠/馮貴石/蓋群英（下）",
    "duration": 1760,
    "size": "14.1M",
    "albumName": "内地会宣教士的故事",
    "id": 6009000045,
    "albumId": 6009,
    "albumtitle": "内地会宣教士的故事(45)"
  },
  {
    "path": "http://media.feearadio.net/downloads/others/Drama/OMF/mabm0046.mp3",
    "title": "葉永青",
    "duration": 1760,
    "size": "14.1M",
    "albumName": "内地会宣教士的故事",
    "id": 6009000046,
    "albumId": 6009,
    "albumtitle": "内地会宣教士的故事(46)"
  },
  {
    "path": "http://media.feearadio.net/downloads/others/Drama/OMF/mabm0047.mp3",
    "title": "米生普",
    "duration": 1760,
    "size": "14.1M",
    "albumName": "内地会宣教士的故事",
    "id": 6009000047,
    "albumId": 6009,
    "albumtitle": "内地会宣教士的故事(47)"
  },
  {
    "path": "http://media.feearadio.net/downloads/others/Drama/OMF/mabm0048.mp3",
    "title": "高惟義/祝美柏",
    "duration": 1760,
    "size": "14.1M",
    "albumName": "内地会宣教士的故事",
    "id": 6009000048,
    "albumId": 6009,
    "albumtitle": "内地会宣教士的故事(48)"
  },
  {
    "path": "http://media.feearadio.net/downloads/others/Drama/OMF/mabm0049.mp3",
    "title": "艾得理",
    "duration": 1760,
    "size": "14.1M",
    "albumName": "内地会宣教士的故事",
    "id": 6009000049,
    "albumId": 6009,
    "albumtitle": "内地会宣教士的故事(49)"
  },
  {
    "path": "http://media.feearadio.net/downloads/others/Drama/OMF/mabm0050.mp3",
    "title": "永桂英",
    "duration": 1760,
    "size": "14.1M",
    "albumName": "内地会宣教士的故事",
    "id": 6009000050,
    "albumId": 6009,
    "albumtitle": "内地会宣教士的故事(50)"
  },
  {
    "path": "http://media.feearadio.net/downloads/others/Drama/OMF/mabm0051.mp3",
    "title": "楊崇恩",
    "duration": 1760,
    "size": "14.1M",
    "albumName": "内地会宣教士的故事",
    "id": 6009000051,
    "albumId": 6009,
    "albumtitle": "内地会宣教士的故事(51)"
  },
  {
    "path": "http://media.feearadio.net/downloads/others/Drama/OMF/mabm0052.mp3",
    "title": "戴存義師母",
    "duration": 1760,
    "size": "14.1M",
    "albumName": "内地会宣教士的故事",
    "id": 6009000052,
    "albumId": 6009,
    "albumtitle": "内地会宣教士的故事(52)"
  }
]