[
  {
    "path": "http://media.feearadio.net/downloads/others/Drama/christmas stories/01.mp3",
    "title": "1.平安夜",
    "duration": 650,
    "size": "5M",
    "albumName": "圣诞故事",
    "id": 6016000001,
    "albumId": 6016,
    "albumtitle": "圣诞故事(1)"
  },
  {
    "path": "http://media.feearadio.net/downloads/others/Drama/christmas stories/02.mp3",
    "title": "2.第一份聖誕禮物",
    "duration": 650,
    "size": "5M",
    "albumName": "圣诞故事",
    "id": 6016000002,
    "albumId": 6016,
    "albumtitle": "圣诞故事(2)"
  },
  {
    "path": "http://media.feearadio.net/downloads/others/Drama/christmas stories/03.mp3",
    "title": "3.聖誕奇蹟",
    "duration": 650,
    "size": "5M",
    "albumName": "圣诞故事",
    "id": 6016000003,
    "albumId": 6016,
    "albumtitle": "圣诞故事(3)"
  },
  {
    "path": "http://media.feearadio.net/downloads/others/Drama/christmas stories/04.mp3",
    "title": "4.聖誕的驚喜",
    "duration": 650,
    "size": "5M",
    "albumName": "圣诞故事",
    "id": 6016000004,
    "albumId": 6016,
    "albumtitle": "圣诞故事(4)"
  },
  {
    "path": "http://media.feearadio.net/downloads/others/Drama/christmas stories/05.mp3",
    "title": "5.聖誕老人度假去",
    "duration": 650,
    "size": "5M",
    "albumName": "圣诞故事",
    "id": 6016000005,
    "albumId": 6016,
    "albumtitle": "圣诞故事(5)"
  },
  {
    "path": "http://media.feearadio.net/downloads/others/Drama/christmas stories/06.mp3",
    "title": "6.最美好的聖誕禮物",
    "duration": 650,
    "size": "5M",
    "albumName": "圣诞故事",
    "id": 6016000006,
    "albumId": 6016,
    "albumtitle": "圣诞故事(6)"
  }
]