[
	{
		"path": "http://pod.kaolafm.com/1000000888099.mp3?appid=10003&eventcode=100000&devicetype=2&channel=podcast&audioid=1000000888099&url=http%3A%2F%2Fimage2.kaolafm.net%2Fwizzardaudio1%2F201301%2Fe877ef51-220d-4903-a2be-6772257ca674.mp3",
		"title": "以琳：知恩图报",
		"duration": 1760,
		"size": "14.1M",
		"albumName": "《生活无国界》今天我主播",
		"albumId": 196,
		"id": 196888180,
		"albumtitle": "今天我主播(1)"
	},
	{
		"path": "http://pod.kaolafm.com/1000000888783.mp3?appid=10003&eventcode=100000&devicetype=2&channel=podcast&audioid=1000000888783&url=http%3A%2F%2Fimage2.kaolafm.net%2Fwizzardaudio1%2F201301%2Ff3167c40-66b8-49f7-9052-3e57790860e3.mp3",
		"title": "度过家庭风暴",
		"duration": 1760,
		"size": "14.1M",
		"albumName": "《生活无国界》今天我主播",
		"albumId": 196,
		"id": 196888181,
		"albumtitle": "今天我主播(2)"
	},
	{
		"path": "http://pod.kaolafm.com/1000000889144.mp3?appid=10003&eventcode=100000&devicetype=2&channel=podcast&audioid=1000000889144&url=http%3A%2F%2Fimage2.kaolafm.net%2Fwizzardaudio1%2F201302%2F1888001e-b89e-4773-95a7-aa3bb1ac4c1a.mp3",
		"title": "丁丁（1）：重回父家",
		"duration": 1760,
		"size": "14.1M",
		"albumName": "《生活无国界》今天我主播",
		"albumId": 196,
		"id": 196888182,
		"albumtitle": "今天我主播(3)"
	},
	{
		"path": "http://pod.kaolafm.com/1000000884327.mp3?appid=10003&eventcode=100000&devicetype=2&channel=podcast&audioid=1000000884327&url=http%3A%2F%2Fimage2.kaolafm.net%2Fwizzardaudio1%2F201302%2F29a3f32e-76a5-4df6-a3f3-6ca27d3d4e66.mp3",
		"title": "书拉密女：过年的纠结",
		"duration": 1760,
		"size": "14.1M",
		"albumName": "《生活无国界》今天我主播",
		"albumId": 196,
		"id": 196888183,
		"albumtitle": "今天我主播(4)"
	},
	{
		"path": "http://pod.kaolafm.com/1000000885192.mp3?appid=10003&eventcode=100000&devicetype=2&channel=podcast&audioid=1000000885192&url=http%3A%2F%2Fimage2.kaolafm.net%2Fwizzardaudio1%2F201303%2F3b06542f-d3a3-4978-ab0f-eb438b7abb42.mp3",
		"title": "思源：刁蛮妞如何变乖乖女",
		"duration": 1760,
		"size": "14.1M",
		"albumName": "《生活无国界》今天我主播",
		"albumId": 196,
		"id": 196888184,
		"albumtitle": "今天我主播(5)"
	},
	{
		"path": "http://pod.kaolafm.com/1000000885626.mp3?appid=10003&eventcode=100000&devicetype=2&channel=podcast&audioid=1000000885626&url=http%3A%2F%2Fimage2.kaolafm.net%2Fwizzardaudio1%2F201303%2F146f9f81-148f-4e7d-b2b1-f7d11d3895d1.mp3",
		"title": "荣天：恩典之路",
		"duration": 1760,
		"size": "14.1M",
		"albumName": "《生活无国界》今天我主播",
		"albumId": 196,
		"id": 196888185,
		"albumtitle": "今天我主播(6)"
	},
	{
		"path": "http://pod.kaolafm.com/1000000881958.mp3?appid=10003&eventcode=100000&devicetype=2&channel=podcast&audioid=1000000881958&url=http%3A%2F%2Fimage2.kaolafm.net%2Fwizzardaudio1%2F201303%2Fb2190844-cb05-481c-8872-225eb5883b58.mp3",
		"title": "萍萍：步步引领",
		"duration": 1760,
		"size": "14.1M",
		"albumName": "《生活无国界》今天我主播",
		"albumId": 196,
		"id": 196888186,
		"albumtitle": "今天我主播(7)"
	},
	{
		"path": "http://pod.kaolafm.com/1000000882586.mp3?appid=10003&eventcode=100000&devicetype=2&channel=podcast&audioid=1000000882586&url=http%3A%2F%2Fimage2.kaolafm.net%2Fwizzardaudio1%2F201303%2Fb3603679-c72f-4cd8-826d-e9784836fcbb.mp3",
		"title": "我们是顶得住的一代",
		"duration": 1760,
		"size": "14.1M",
		"albumName": "《生活无国界》今天我主播",
		"albumId": 196,
		"id": 196888187,
		"albumtitle": "今天我主播(8)"
	},
	{
		"path": "http://pod.kaolafm.com/1000000882994.mp3?appid=10003&eventcode=100000&devicetype=2&channel=podcast&audioid=1000000882994&url=http%3A%2F%2Fimage2.kaolafm.net%2Fwizzardaudio1%2F201304%2F42b1e722-ace9-4a6b-9388-1c0825d36416.mp3",
		"title": "悠悠我心",
		"duration": 1760,
		"size": "14.1M",
		"albumName": "《生活无国界》今天我主播",
		"albumId": 196,
		"id": 196888188,
		"albumtitle": "今天我主播(9)"
	},
	{
		"path": "http://pod.kaolafm.com/1000000883231.mp3?appid=10003&eventcode=100000&devicetype=2&channel=podcast&audioid=1000000883231&url=http%3A%2F%2Fimage2.kaolafm.net%2Fwizzardaudio1%2F201304%2F6e04cd78-5e35-49fb-98fe-2a3ab9053365.mp3",
		"title": "又生：寻找就寻见",
		"duration": 1760,
		"size": "14.1M",
		"albumName": "《生活无国界》今天我主播",
		"albumId": 196,
		"id": 196888189,
		"albumtitle": "今天我主播(10)"
	},
	{
		"path": "http://pod.kaolafm.com/1000000878959.mp3?appid=10003&eventcode=100000&devicetype=2&channel=podcast&audioid=1000000878959&url=http%3A%2F%2Fimage2.kaolafm.net%2Fwizzardaudio1%2F201304%2Ff36e0514-d4cf-4c3d-861e-a2abc98cf0aa.mp3",
		"title": "又生见证（二）：又生",
		"duration": 1760,
		"size": "14.1M",
		"albumName": "《生活无国界》今天我主播",
		"albumId": 196,
		"id": 196888190,
		"albumtitle": "今天我主播(11)"
	},
	{
		"path": "http://pod.kaolafm.com/1000000879217.mp3?appid=10003&eventcode=100000&devicetype=2&channel=podcast&audioid=1000000879217&url=http%3A%2F%2Fimage2.kaolafm.net%2Fwizzardaudio1%2F201304%2Fdbc2fe0b-5b66-4b49-a294-f9ef440d9803.mp3",
		"title": "???????????????",
		"duration": 1760,
		"size": "14.1M",
		"albumName": "《生活无国界》今天我主播",
		"albumId": 196,
		"id": 196888191,
		"albumtitle": "今天我主播(12)"
	},
	{
		"path": "http://pod.kaolafm.com/1000000879564.mp3?appid=10003&eventcode=100000&devicetype=2&channel=podcast&audioid=1000000879564&url=http%3A%2F%2Fimage2.kaolafm.net%2Fwizzardaudio1%2F201305%2F496492d0-b4b2-47e9-8c21-ae52f4b97c1e.mp3",
		"title": "【今天我主播】拥抱单身季节",
		"duration": 1760,
		"size": "14.1M",
		"albumName": "《生活无国界》今天我主播",
		"albumId": 196,
		"id": 196888192,
		"albumtitle": "今天我主播(13)"
	},
	{
		"path": "http://pod.kaolafm.com/1000000880138.mp3?appid=10003&eventcode=100000&devicetype=2&channel=podcast&audioid=1000000880138&url=http%3A%2F%2Fimage2.kaolafm.net%2Fwizzardaudio1%2F201305%2F6d0639b4-c198-43c7-a68a-f127125607f1.mp3",
		"title": "超时空礼物：祸不单行",
		"duration": 1760,
		"size": "14.1M",
		"albumName": "《生活无国界》今天我主播",
		"albumId": 196,
		"id": 196888193,
		"albumtitle": "今天我主播(14)"
	},
	{
		"path": "http://pod.kaolafm.com/1000000880417.mp3?appid=10003&eventcode=100000&devicetype=2&channel=podcast&audioid=1000000880417&url=http%3A%2F%2Fimage2.kaolafm.net%2Fwizzardaudio1%2F201305%2Fed3f059b-262d-4ae3-b705-6260ba471a3c.mp3",
		"title": "超时空礼物（二）：为什么是我？",
		"duration": 1760,
		"size": "14.1M",
		"albumName": "《生活无国界》今天我主播",
		"albumId": 196,
		"id": 196888194,
		"albumtitle": "今天我主播(15)"
	},
	{
		"path": "http://pod.kaolafm.com/1000000880658.mp3?appid=10003&eventcode=100000&devicetype=2&channel=podcast&audioid=1000000880658&url=http%3A%2F%2Fimage2.kaolafm.net%2Fwizzardaudio1%2F201305%2F407aaf97-b80d-47e3-b5d4-0bda4a9b60e6.mp3",
		"title": "超时空礼物（三）：遇见杜鲁门",
		"duration": 1760,
		"size": "14.1M",
		"albumName": "《生活无国界》今天我主播",
		"albumId": 196,
		"id": 196888195,
		"albumtitle": "今天我主播(16)"
	},
	{
		"path": "http://pod.kaolafm.com/1000000880943.mp3?appid=10003&eventcode=100000&devicetype=2&channel=podcast&audioid=1000000880943&url=http%3A%2F%2Fimage2.kaolafm.net%2Fwizzardaudio1%2F201306%2F58061ab7-de2e-4a0c-995c-25d3265700e5.mp3",
		"title": "锦囊妙计（一）：怨愤止于此",
		"duration": 1760,
		"size": "14.1M",
		"albumName": "《生活无国界》今天我主播",
		"albumId": 196,
		"id": 196888196,
		"albumtitle": "今天我主播(17)"
	},
	{
		"path": "http://pod.kaolafm.com/1000000881189.mp3?appid=10003&eventcode=100000&devicetype=2&channel=podcast&audioid=1000000881189&url=http%3A%2F%2Fimage2.kaolafm.net%2Fwizzardaudio1%2F201306%2F51583993-208e-4ea9-8462-6a9387663adb.mp3",
		"title": "超时空礼物（五）：大卫遇见所罗门",
		"duration": 1760,
		"size": "14.1M",
		"albumName": "《生活无国界》今天我主播",
		"albumId": 196,
		"id": 196888197,
		"albumtitle": "今天我主播(18)"
	},
	{
		"path": "http://pod.kaolafm.com/1000000876365.mp3?appid=10003&eventcode=100000&devicetype=2&channel=podcast&audioid=1000000876365&url=http%3A%2F%2Fimage2.kaolafm.net%2Fwizzardaudio1%2F201306%2Ff013e633-4cb4-490e-b971-a0f7475924f3.mp3",
		"title": "超时空礼物（6）：寻求智慧",
		"duration": 1760,
		"size": "14.1M",
		"albumName": "《生活无国界》今天我主播",
		"albumId": 196,
		"id": 196888198,
		"albumtitle": "今天我主播(19)"
	},
	{
		"path": "http://pod.kaolafm.com/1000000876610.mp3?appid=10003&eventcode=100000&devicetype=2&channel=podcast&audioid=1000000876610&url=http%3A%2F%2Fimage2.kaolafm.net%2Fwizzardaudio1%2F201306%2F1719849e-34f1-4aa3-8c22-33b37d908dad.mp3",
		"title": "【多马说故事】灭绝便雅悯人",
		"duration": 1760,
		"size": "14.1M",
		"albumName": "《生活无国界》今天我主播",
		"albumId": 196,
		"id": 196888199,
		"albumtitle": "今天我主播(20)"
	},
	{
		"path": "http://pod.kaolafm.com/1000000876875.mp3?appid=10003&eventcode=100000&devicetype=2&channel=podcast&audioid=1000000876875&url=http%3A%2F%2Fimage2.kaolafm.net%2Fwizzardaudio1%2F201307%2Fdc0e372d-4d30-4363-8507-35c53340a25e.mp3",
		"title": "超时空礼物（7）：战场奇遇张伯伦",
		"duration": 1760,
		"size": "14.1M",
		"albumName": "《生活无国界》今天我主播",
		"albumId": 196,
		"id": 196888200,
		"albumtitle": "今天我主播(21)"
	},
	{
		"path": "http://pod.kaolafm.com/1000000877148.mp3?appid=10003&eventcode=100000&devicetype=2&channel=podcast&audioid=1000000877148&url=http%3A%2F%2Fimage2.kaolafm.net%2Fwizzardaudio1%2F201307%2F73dce2e2-1352-42ec-821b-061cef4a3da0.mp3",
		"title": "超时空礼物（8）：采取行动",
		"duration": 1760,
		"size": "14.1M",
		"albumName": "《生活无国界》今天我主播",
		"albumId": 196,
		"id": 196888201,
		"albumtitle": "今天我主播(22)"
	},
	{
		"path": "http://pod.kaolafm.com/1000000877405.mp3?appid=10003&eventcode=100000&devicetype=2&channel=podcast&audioid=1000000877405&url=http%3A%2F%2Fimage2.kaolafm.net%2Fwizzardaudio1%2F201307%2F6d25d97c-af0d-4c3f-aead-1de546f98dea.mp3",
		"title": "超时空礼物（9）：遇见哥伦布",
		"duration": 1760,
		"size": "14.1M",
		"albumName": "《生活无国界》今天我主播",
		"albumId": 196,
		"id": 196888202,
		"albumtitle": "今天我主播(23)"
	},
	{
		"path": "http://pod.kaolafm.com/1000000877680.mp3?appid=10003&eventcode=100000&devicetype=2&channel=podcast&audioid=1000000877680&url=http%3A%2F%2Fimage2.kaolafm.net%2Fwizzardaudio1%2F201307%2Fbef462e3-bc52-472b-81c6-2158b1ccaf88.mp3",
		"title": "超时空礼物（10）：坚定的心",
		"duration": 1760,
		"size": "14.1M",
		"albumName": "《生活无国界》今天我主播",
		"albumId": 196,
		"id": 196888203,
		"albumtitle": "今天我主播(24)"
	},
	{
		"path": "http://pod.kaolafm.com/1000000878000.mp3?appid=10003&eventcode=100000&devicetype=2&channel=podcast&audioid=1000000878000&url=http%3A%2F%2Fimage2.kaolafm.net%2Fwizzardaudio1%2F201307%2Fc1790b2e-554f-4e5f-aa57-8fcd97a68518.mp3",
		"title": "超时空礼物（11）：遇到安妮法兰克",
		"duration": 1760,
		"size": "14.1M",
		"albumName": "《生活无国界》今天我主播",
		"albumId": 196,
		"id": 196888204,
		"albumtitle": "今天我主播(25)"
	},
	{
		"path": "http://pod.kaolafm.com/1000000878278.mp3?appid=10003&eventcode=100000&devicetype=2&channel=podcast&audioid=1000000878278&url=http%3A%2F%2Fimage2.kaolafm.net%2Fwizzardaudio1%2F201308%2Ffd0e10e7-1c42-400e-90b7-9121a015681e.mp3",
		"title": "快乐是一个选择",
		"duration": 1760,
		"size": "14.1M",
		"albumName": "《生活无国界》今天我主播",
		"albumId": 196,
		"id": 196888205,
		"albumtitle": "今天我主播(26)"
	},
	{
		"path": "http://pod.kaolafm.com/1000000878506.mp3?appid=10003&eventcode=100000&devicetype=2&channel=podcast&audioid=1000000878506&url=http%3A%2F%2Fimage2.kaolafm.net%2Fwizzardaudio1%2F201308%2F2bcd2f5d-0e67-4d5b-896b-675439b77d26.mp3",
		"title": "超时空礼物（13）：遇见林肯",
		"duration": 1760,
		"size": "14.1M",
		"albumName": "《生活无国界》今天我主播",
		"albumId": 196,
		"id": 196888206,
		"albumtitle": "今天我主播(27)"
	},
	{
		"path": "http://pod.kaolafm.com/1000000874997.mp3?appid=10003&eventcode=100000&devicetype=2&channel=podcast&audioid=1000000874997&url=http%3A%2F%2Fimage2.kaolafm.net%2Fwizzardaudio1%2F201308%2F2a5a7c29-7cab-420a-975e-68b70aaa05cc.mp3",
		"title": "超时空礼物（14）：林肯总统讲饶恕",
		"duration": 1760,
		"size": "14.1M",
		"albumName": "《生活无国界》今天我主播",
		"albumId": 196,
		"id": 196888207,
		"albumtitle": "今天我主播(28)"
	},
	{
		"path": "http://pod.kaolafm.com/1000000875272.mp3?appid=10003&eventcode=100000&devicetype=2&channel=podcast&audioid=1000000875272&url=http%3A%2F%2Fimage2.kaolafm.net%2Fwizzardaudio1%2F201308%2Fa51ef77a-347b-49ad-816e-1e13a2aa3939.mp3",
		"title": "【多马说故事】一犯再犯",
		"duration": 1760,
		"size": "14.1M",
		"albumName": "《生活无国界》今天我主播",
		"albumId": 196,
		"id": 196888208,
		"albumtitle": "今天我主播(29)"
	},
	{
		"path": "http://pod.kaolafm.com/1000000875560.mp3?appid=10003&eventcode=100000&devicetype=2&channel=podcast&audioid=1000000875560&url=http%3A%2F%2Fimage2.kaolafm.net%2Fwizzardaudio1%2F201309%2F261195e0-3ace-4f3c-86bc-e50e7f1331bc.mp3",
		"title": "你们不能这样惊扰她！",
		"duration": 1760,
		"size": "14.1M",
		"albumName": "《生活无国界》今天我主播",
		"albumId": 196,
		"id": 196888209,
		"albumtitle": "今天我主播(30)"
	},
	{
		"path": "http://pod.kaolafm.com/1000000875806.mp3?appid=10003&eventcode=100000&devicetype=2&channel=podcast&audioid=1000000875806&url=http%3A%2F%2Fimage2.kaolafm.net%2Fwizzardaudio1%2F201309%2F7b3a9612-a447-48fb-a350-1f11b0188909.mp3",
		"title": "超时空礼物（16）：惊遇天使加百列",
		"duration": 1760,
		"size": "14.1M",
		"albumName": "《生活无国界》今天我主播",
		"albumId": 196,
		"id": 196888210,
		"albumtitle": "今天我主播(31)"
	},
	{
		"path": "http://pod.kaolafm.com/1000000873896.mp3?appid=10003&eventcode=100000&devicetype=2&channel=podcast&audioid=1000000873896&url=http%3A%2F%2Fimage2.kaolafm.net%2Fwizzardaudio1%2F201309%2F7f5b2f11-5230-48c0-b4ec-57e00b5a7c9b.mp3",
		"title": "超时空礼物（17）：信心无界限",
		"duration": 1760,
		"size": "14.1M",
		"albumName": "《生活无国界》今天我主播",
		"albumId": 196,
		"id": 196888211,
		"albumtitle": "今天我主播(32)"
	},
	{
		"path": "http://pod.kaolafm.com/1000000873933.mp3?appid=10003&eventcode=100000&devicetype=2&channel=podcast&audioid=1000000873933&url=http%3A%2F%2Fimage2.kaolafm.net%2Fwizzardaudio1%2F201309%2F1fdb0e42-0ebd-4896-95de-e6294b7934f1.mp3",
		"title": "超时空礼物（18）：坚持和信心",
		"duration": 1760,
		"size": "14.1M",
		"albumName": "《生活无国界》今天我主播",
		"albumId": 196,
		"id": 196888212,
		"albumtitle": "今天我主播(33)"
	},
	{
		"path": "http://pod.kaolafm.com/1000000874360.mp3?appid=10003&eventcode=100000&devicetype=2&channel=podcast&audioid=1000000874360&url=http%3A%2F%2Fimage2.kaolafm.net%2Fwizzardaudio1%2F201310%2F6569ed95-40a6-4a1a-8168-c312707e3496.mp3",
		"title": "超时空礼物（19）：进入未来",
		"duration": 1760,
		"size": "14.1M",
		"albumName": "《生活无国界》今天我主播",
		"albumId": 196,
		"id": 196888213,
		"albumtitle": "今天我主播(34)"
	},
	{
		"path": "http://pod.kaolafm.com/1000000874353.mp3?appid=10003&eventcode=100000&devicetype=2&channel=podcast&audioid=1000000874353&url=http%3A%2F%2Fimage2.kaolafm.net%2Fwizzardaudio1%2F201310%2F29f3ad45-6c7d-43f7-81be-c54d13afbadb.mp3",
		"title": "超时空礼物（20）：改变世界的决定",
		"duration": 1760,
		"size": "14.1M",
		"albumName": "《生活无国界》今天我主播",
		"albumId": 196,
		"id": 196888214,
		"albumtitle": "今天我主播(35)"
	},
	{
		"path": "http://pod.kaolafm.com/1000000872083.mp3?appid=10003&eventcode=100000&devicetype=2&channel=podcast&audioid=1000000872083&url=http%3A%2F%2Fimage2.kaolafm.net%2Fwizzardaudio1%2F201310%2F5c7b7831-31a3-4445-b30c-807995571dc2.mp3",
		"title": "超时空礼物（21）：七张小纸条",
		"duration": 1760,
		"size": "14.1M",
		"albumName": "《生活无国界》今天我主播",
		"albumId": 196,
		"id": 196888215,
		"albumtitle": "今天我主播(36)"
	},
	{
		"path": "http://pod.kaolafm.com/1000000872445.mp3?appid=10003&eventcode=100000&devicetype=2&channel=podcast&audioid=1000000872445&url=http%3A%2F%2Fimage2.kaolafm.net%2Fwizzardaudio1%2F201310%2F198b6485-9f2c-4e37-b918-161fbbe073c3.mp3",
		"title": "超时空礼物（22）：杜鲁门的爱情故",
		"duration": 1760,
		"size": "14.1M",
		"albumName": "《生活无国界》今天我主播",
		"albumId": 196,
		"id": 196888216,
		"albumtitle": "今天我主播(37)"
	},
	{
		"path": "http://pod.kaolafm.com/1000000872764.mp3?appid=10003&eventcode=100000&devicetype=2&channel=podcast&audioid=1000000872764&url=http%3A%2F%2Fimage2.kaolafm.net%2Fwizzardaudio1%2F201310%2F086ccfbc-4f0f-45be-b713-ad073e21611b.mp3",
		"title": "超时空礼物（23）：寒冰听后感",
		"duration": 1760,
		"size": "14.1M",
		"albumName": "《生活无国界》今天我主播",
		"albumId": 196,
		"id": 196888217,
		"albumtitle": "今天我主播(38)"
	},
	{
		"path": "http://pod.kaolafm.com/1000000873095.mp3?appid=10003&eventcode=100000&devicetype=2&channel=podcast&audioid=1000000873095&url=http%3A%2F%2Fimage2.kaolafm.net%2Fwizzardaudio1%2F201311%2F7fe5d6f8-313d-428f-b409-af99e6f88789.mp3",
		"title": "超时空礼物（24）：寒冰听后感（二",
		"duration": 1760,
		"size": "14.1M",
		"albumName": "《生活无国界》今天我主播",
		"albumId": 196,
		"id": 196888218,
		"albumtitle": "今天我主播(39)"
	},
	{
		"path": "http://pod.kaolafm.com/1000000873337.mp3?appid=10003&eventcode=100000&devicetype=2&channel=podcast&audioid=1000000873337&url=http%3A%2F%2Fimage2.kaolafm.net%2Fwizzardaudio1%2F201311%2F67ee29eb-d941-471e-967a-0a7f3abdad12.mp3",
		"title": "用信心去面对",
		"duration": 1760,
		"size": "14.1M",
		"albumName": "《生活无国界》今天我主播",
		"albumId": 196,
		"id": 196888219,
		"albumtitle": "今天我主播(40)"
	},
	{
		"path": "http://pod.kaolafm.com/1000000870932.mp3?appid=10003&eventcode=100000&devicetype=2&channel=podcast&audioid=1000000870932&url=http%3A%2F%2Fimage2.kaolafm.net%2Fwizzardaudio1%2F201311%2F4f300e5b-7b28-43b7-8e89-08f23633a109.mp3",
		"title": "患难是人生盛宴",
		"duration": 1760,
		"size": "14.1M",
		"albumName": "《生活无国界》今天我主播",
		"albumId": 196,
		"id": 196888220,
		"albumtitle": "今天我主播(41)"
	},
	{
		"path": "http://pod.kaolafm.com/1000000871212.mp3?appid=10003&eventcode=100000&devicetype=2&channel=podcast&audioid=1000000871212&url=http%3A%2F%2Fimage2.kaolafm.net%2Fwizzardaudio1%2F201311%2Fc0f60262-f33e-4b29-b0d5-72b6e068fe3d.mp3",
		"title": "音乐人陈艾美分享（二）",
		"duration": 1760,
		"size": "14.1M",
		"albumName": "《生活无国界》今天我主播",
		"albumId": 196,
		"id": 196888221,
		"albumtitle": "今天我主播(42)"
	},
	{
		"path": "http://pod.kaolafm.com/1000000871463.mp3?appid=10003&eventcode=100000&devicetype=2&channel=podcast&audioid=1000000871463&url=http%3A%2F%2Fimage2.kaolafm.net%2Fwizzardaudio1%2F201312%2F3ed0e60d-3dde-45bf-a24d-fee578d30838.mp3",
		"title": "清心等候",
		"duration": 1760,
		"size": "14.1M",
		"albumName": "《生活无国界》今天我主播",
		"albumId": 196,
		"id": 196888222,
		"albumtitle": "今天我主播(43)"
	},
	{
		"path": "http://pod.kaolafm.com/1000000871746.mp3?appid=10003&eventcode=100000&devicetype=2&channel=podcast&audioid=1000000871746&url=http%3A%2F%2Fimage2.kaolafm.net%2Fwizzardaudio1%2F201312%2F2519dfa5-bdad-456d-b69f-d974f1b17b9f.mp3",
		"title": "耐心寻求",
		"duration": 1760,
		"size": "14.1M",
		"albumName": "《生活无国界》今天我主播",
		"albumId": 196,
		"id": 196888223,
		"albumtitle": "今天我主播(44)"
	},
	{
		"path": "http://pod.kaolafm.com/1000000869448.mp3?appid=10003&eventcode=100000&devicetype=2&channel=podcast&audioid=1000000869448&url=http%3A%2F%2Fimage2.kaolafm.net%2Fwizzardaudio1%2F201312%2F9e6000fd-bb94-43c8-afd7-c0b61effecd1.mp3",
		"title": "春媛：人在职场",
		"duration": 1760,
		"size": "14.1M",
		"albumName": "《生活无国界》今天我主播",
		"albumId": 196,
		"id": 196888224,
		"albumtitle": "今天我主播(45)"
	},
	{
		"path": "http://pod.kaolafm.com/1000000869742.mp3?appid=10003&eventcode=100000&devicetype=2&channel=podcast&audioid=1000000869742&url=http%3A%2F%2Fimage2.kaolafm.net%2Fwizzardaudio1%2F201312%2F8a1dec09-47bd-49ce-a2e2-7678a9baea16.mp3",
		"title": "圣诞报佳音（2）：耶稣的家谱",
		"duration": 1760,
		"size": "14.1M",
		"albumName": "《生活无国界》今天我主播",
		"albumId": 196,
		"id": 196888225,
		"albumtitle": "今天我主播(46)"
	},
	{
		"path": "http://pod.kaolafm.com/1000000870030.mp3?appid=10003&eventcode=100000&devicetype=2&channel=podcast&audioid=1000000870030&url=http%3A%2F%2Fimage2.kaolafm.net%2Fwizzardaudio1%2F201312%2F4b1370e2-83fb-4a39-8c17-1a914baa9f97.mp3",
		"title": "爱能改变一切（刘沙伦）",
		"duration": 1760,
		"size": "14.1M",
		"albumName": "《生活无国界》今天我主播",
		"albumId": 196,
		"id": 196888226,
		"albumtitle": "今天我主播(47)"
	},
	{
		"path": "http://pod.kaolafm.com/1000000870322.mp3?appid=10003&eventcode=100000&devicetype=2&channel=podcast&audioid=1000000870322&url=http%3A%2F%2Fimage2.kaolafm.net%2Fwizzardaudio1%2F201401%2F4e4e0156-7c11-4d7e-ab1a-37afc4eb5f0b.mp3",
		"title": "春儿成长记",
		"duration": 1760,
		"size": "14.1M",
		"albumName": "《生活无国界》今天我主播",
		"albumId": 196,
		"id": 196888227,
		"albumtitle": "今天我主播(48)"
	},
	{
		"path": "http://pod.kaolafm.com/1000000863644.mp3?appid=10003&eventcode=100000&devicetype=2&channel=podcast&audioid=1000000863644&url=http%3A%2F%2Fimage2.kaolafm.net%2Fwizzardaudio1%2F201401%2F3b9cab9e-224d-4936-b708-593f3cd09b8a.mp3",
		"title": "天堂存在吗？",
		"duration": 1760,
		"size": "14.1M",
		"albumName": "《生活无国界》今天我主播",
		"albumId": 196,
		"id": 196888228,
		"albumtitle": "今天我主播(49)"
	},
	{
		"path": "http://pod.kaolafm.com/1000000863924.mp3?appid=10003&eventcode=100000&devicetype=2&channel=podcast&audioid=1000000863924&url=http%3A%2F%2Fimage2.kaolafm.net%2Fwizzardaudio1%2F201401%2F1923e9e2-b671-49a6-aa6b-ea9280d81431.mp3",
		"title": "主爱牵引",
		"duration": 1760,
		"size": "14.1M",
		"albumName": "《生活无国界》今天我主播",
		"albumId": 196,
		"id": 196888229,
		"albumtitle": "今天我主播(50)"
	},
	{
		"path": "http://pod.kaolafm.com/1000000864250.mp3?appid=10003&eventcode=100000&devicetype=2&channel=podcast&audioid=1000000864250&url=http%3A%2F%2Fimage2.kaolafm.net%2Fwizzardaudio1%2F201401%2F15470bc2-23bc-4152-9d2a-4c4cc4512505.mp3",
		"title": "多少次感动",
		"duration": 1760,
		"size": "14.1M",
		"albumName": "《生活无国界》今天我主播",
		"albumId": 196,
		"id": 196888230,
		"albumtitle": "今天我主播(51)"
	},
	{
		"path": "http://pod.kaolafm.com/1000000864532.mp3?appid=10003&eventcode=100000&devicetype=2&channel=podcast&audioid=1000000864532&url=http%3A%2F%2Fimage2.kaolafm.net%2Fwizzardaudio1%2F201402%2F6b0c92b4-f9a1-49d2-ab4c-965d50c3055c.mp3",
		"title": "春晓分享（一）：偶遇怪人？(",
		"duration": 1760,
		"size": "14.1M",
		"albumName": "《生活无国界》今天我主播",
		"albumId": 196,
		"id": 196888231,
		"albumtitle": "今天我主播(52)"
	},
	{
		"path": "http://pod.kaolafm.com/1000000864707.mp3?appid=10003&eventcode=100000&devicetype=2&channel=podcast&audioid=1000000864707&url=http%3A%2F%2Fimage2.kaolafm.net%2Fwizzardaudio1%2F201402%2F39aafa58-d6e6-443e-8284-5294f447ac4b.mp3",
		"title": "成就爱（五）：爱到永远",
		"duration": 1760,
		"size": "14.1M",
		"albumName": "《生活无国界》今天我主播",
		"albumId": 196,
		"id": 196888232,
		"albumtitle": "今天我主播(53)"
	},
	{
		"path": "http://pod.kaolafm.com/1000000865066.mp3?appid=10003&eventcode=100000&devicetype=2&channel=podcast&audioid=1000000865066&url=http%3A%2F%2Fimage2.kaolafm.net%2Fwizzardaudio1%2F201402%2Fbae43a38-7e48-4f18-9e6b-56a0af593ac6.mp3",
		"title": "春晓分享2：爱从天降",
		"duration": 1760,
		"size": "14.1M",
		"albumName": "《生活无国界》今天我主播",
		"albumId": 196,
		"id": 196888233,
		"albumtitle": "今天我主播(54)"
	},
	{
		"path": "http://pod.kaolafm.com/1000000865348.mp3?appid=10003&eventcode=100000&devicetype=2&channel=podcast&audioid=1000000865348&url=http%3A%2F%2Fimage2.kaolafm.net%2Fwizzardaudio1%2F201402%2F73f59b18-5cd3-499c-8875-b8fb5da86c94.mp3",
		"title": "春晓分享（三）：与主同行",
		"duration": 1760,
		"size": "14.1M",
		"albumName": "《生活无国界》今天我主播",
		"albumId": 196,
		"id": 196888234,
		"albumtitle": "今天我主播(55)"
	},
	{
		"path": "http://pod.kaolafm.com/1000000865638.mp3?appid=10003&eventcode=100000&devicetype=2&channel=podcast&audioid=1000000865638&url=http%3A%2F%2Fimage2.kaolafm.net%2Fwizzardaudio1%2F201403%2F3be20f91-c7ef-4091-8776-6cc90d8e51e8.mp3",
		"title": "芬达鱼的故事（上）",
		"duration": 1760,
		"size": "14.1M",
		"albumName": "《生活无国界》今天我主播",
		"albumId": 196,
		"id": 196888235,
		"albumtitle": "今天我主播(56)"
	},
	{
		"path": "http://pod.kaolafm.com/1000000865951.mp3?appid=10003&eventcode=100000&devicetype=2&channel=podcast&audioid=1000000865951&url=http%3A%2F%2Fimage2.kaolafm.net%2Fwizzardaudio1%2F201403%2Fe36feaab-4ddb-4c61-abce-fa5688255b99.mp3",
		"title": "芬达鱼的故事（二）：初入职场",
		"duration": 1760,
		"size": "14.1M",
		"albumName": "《生活无国界》今天我主播",
		"albumId": 196,
		"id": 196888236,
		"albumtitle": "今天我主播(57)"
	},
	{
		"path": "http://pod.kaolafm.com/1000000866267.mp3?appid=10003&eventcode=100000&devicetype=2&channel=podcast&audioid=1000000866267&url=http%3A%2F%2Fimage2.kaolafm.net%2Fwizzardaudio1%2F201403%2F45300e6e-4587-4fca-a2d4-1f79e13274bf.mp3",
		"title": "芬达鱼的故事（三）：最重要的决定",
		"duration": 1760,
		"size": "14.1M",
		"albumName": "《生活无国界》今天我主播",
		"albumId": 196,
		"id": 196888237,
		"albumtitle": "今天我主播(58)"
	},
	{
		"path": "http://pod.kaolafm.com/1000000866575.mp3?appid=10003&eventcode=100000&devicetype=2&channel=podcast&audioid=1000000866575&url=http%3A%2F%2Fimage2.kaolafm.net%2Fwizzardaudio1%2F201403%2F8a7afbf2-d536-438d-9073-5d4eb0d2afd5.mp3",
		"title": "祈祷的手",
		"duration": 1760,
		"size": "14.1M",
		"albumName": "《生活无国界》今天我主播",
		"albumId": 196,
		"id": 196888238,
		"albumtitle": "今天我主播(59)"
	},
	{
		"path": "http://pod.kaolafm.com/1000000866834.mp3?appid=10003&eventcode=100000&devicetype=2&channel=podcast&audioid=1000000866834&url=http%3A%2F%2Fimage2.kaolafm.net%2Fwizzardaudio1%2F201404%2Ffc068713-9b2c-44ee-8ffb-e4ed9797c6d3.mp3",
		"title": "胜男分享（一）：难里藏恩",
		"duration": 1760,
		"size": "14.1M",
		"albumName": "《生活无国界》今天我主播",
		"albumId": 196,
		"id": 196888239,
		"albumtitle": "今天我主播(60)"
	},
	{
		"path": "http://pod.kaolafm.com/1000000867341.mp3?appid=10003&eventcode=100000&devicetype=2&channel=podcast&audioid=1000000867341&url=http%3A%2F%2Fimage2.kaolafm.net%2Fwizzardaudio1%2F201404%2F5321ee26-b1d1-4ae7-9d7e-b16997a431da.mp3",
		"title": "胜男分享（二）∶工作与侍奉",
		"duration": 1760,
		"size": "14.1M",
		"albumName": "《生活无国界》今天我主播",
		"albumId": 196,
		"id": 196888240,
		"albumtitle": "今天我主播(61)"
	},
	{
		"path": "http://pod.kaolafm.com/1000000867633.mp3?appid=10003&eventcode=100000&devicetype=2&channel=podcast&audioid=1000000867633&url=http%3A%2F%2Fimage2.kaolafm.net%2Fwizzardaudio1%2F201404%2F02eaa884-f55c-49ad-9b26-30677707f7db.mp3",
		"title": "从文法看圣经",
		"duration": 1760,
		"size": "14.1M",
		"albumName": "《生活无国界》今天我主播",
		"albumId": 196,
		"id": 196888241,
		"albumtitle": "今天我主播(62)"
	},
	{
		"path": "http://pod.kaolafm.com/1000000867998.mp3?appid=10003&eventcode=100000&devicetype=2&channel=podcast&audioid=1000000867998&url=http%3A%2F%2Fimage2.kaolafm.net%2Fwizzardaudio1%2F201404%2F65e584e1-040a-471f-bda9-6dfaa9b59ee5.mp3",
		"title": "青苹果的故事（上）家庭暴力",
		"duration": 1760,
		"size": "14.1M",
		"albumName": "《生活无国界》今天我主播",
		"albumId": 196,
		"id": 196888242,
		"albumtitle": "今天我主播(63)"
	},
	{
		"path": "http://pod.kaolafm.com/1000000868263.mp3?appid=10003&eventcode=100000&devicetype=2&channel=podcast&audioid=1000000868263&url=http%3A%2F%2Fimage2.kaolafm.net%2Fwizzardaudio1%2F201404%2Fea9cfa92-f156-4148-81ad-6eedd62cb9b7.mp3",
		"title": "青苹果的故事（二）：学业上倚靠神",
		"duration": 1760,
		"size": "14.1M",
		"albumName": "《生活无国界》今天我主播",
		"albumId": 196,
		"id": 196888243,
		"albumtitle": "今天我主播(64)"
	},
	{
		"path": "http://pod.kaolafm.com/1000000868520.mp3?appid=10003&eventcode=100000&devicetype=2&channel=podcast&audioid=1000000868520&url=http%3A%2F%2Fimage2.kaolafm.net%2Fwizzardaudio1%2F201405%2Ff13d21f8-c562-475a-9771-44d8356c7286.mp3",
		"title": "青苹果的故事（三）信仰的悖逆期",
		"duration": 1760,
		"size": "14.1M",
		"albumName": "《生活无国界》今天我主播",
		"albumId": 196,
		"id": 196888244,
		"albumtitle": "今天我主播(65)"
	},
	{
		"path": "http://pod.kaolafm.com/1000000868801.mp3?appid=10003&eventcode=100000&devicetype=2&channel=podcast&audioid=1000000868801&url=http%3A%2F%2Fimage2.kaolafm.net%2Fwizzardaudio1%2F201405%2Fb2fe670d-6b8a-4556-8abd-a69e6aed6f52.mp3",
		"title": "青苹果的故事（四）更深认识神",
		"duration": 1760,
		"size": "14.1M",
		"albumName": "《生活无国界》今天我主播",
		"albumId": 196,
		"id": 196888245,
		"albumtitle": "今天我主播(66)"
	},
	{
		"path": "http://pod.kaolafm.com/1000000859322.mp3?appid=10003&eventcode=100000&devicetype=2&channel=podcast&audioid=1000000859322&url=http%3A%2F%2Fimage2.kaolafm.net%2Fwizzardaudio1%2F201405%2F64b30fd7-a646-4446-b81e-8b83ea250833.mp3",
		"title": "青苹果的故事（五）：遇到良友",
		"duration": 1760,
		"size": "14.1M",
		"albumName": "《生活无国界》今天我主播",
		"albumId": 196,
		"id": 196888246,
		"albumtitle": "今天我主播(67)"
	},
	{
		"path": "http://pod.kaolafm.com/1000000859676.mp3?appid=10003&eventcode=100000&devicetype=2&channel=podcast&audioid=1000000859676&url=http%3A%2F%2Fimage2.kaolafm.net%2Fwizzardaudio1%2F201405%2Fa1309754-ca7c-4d23-8633-3b1eb9d121a2.mp3",
		"title": "青苹果的故事（六）：优先次序",
		"duration": 1760,
		"size": "14.1M",
		"albumName": "《生活无国界》今天我主播",
		"albumId": 196,
		"id": 196888247,
		"albumtitle": "今天我主播(68)"
	},
	{
		"path": "http://pod.kaolafm.com/1000000860075.mp3?appid=10003&eventcode=100000&devicetype=2&channel=podcast&audioid=1000000860075&url=http%3A%2F%2Fimage2.kaolafm.net%2Fwizzardaudio1%2F201406%2F74e4b2bb-20bf-4ac5-b574-5d8f95b7060b.mp3",
		"title": "青苹果的故事（七）：走过困难",
		"duration": 1760,
		"size": "14.1M",
		"albumName": "《生活无国界》今天我主播",
		"albumId": 196,
		"id": 196888248,
		"albumtitle": "今天我主播(69)"
	},
	{
		"path": "http://pod.kaolafm.com/1000000860370.mp3?appid=10003&eventcode=100000&devicetype=2&channel=podcast&audioid=1000000860370&url=http%3A%2F%2Fimage2.kaolafm.net%2Fwizzardaudio1%2F201406%2F25512944-4b7a-46fc-a092-b0c6bae527ce.mp3",
		"title": "出黑暗，入光明",
		"duration": 1760,
		"size": "14.1M",
		"albumName": "《生活无国界》今天我主播",
		"albumId": 196,
		"id": 196888249,
		"albumtitle": "今天我主播(70)"
	},
	{
		"path": "http://pod.kaolafm.com/1000000860671.mp3?appid=10003&eventcode=100000&devicetype=2&channel=podcast&audioid=1000000860671&url=http%3A%2F%2Fimage2.kaolafm.net%2Fwizzardaudio1%2F201406%2Fe9d81b2a-4f8a-4731-be8b-4f97829050f3.mp3",
		"title": "春天姐妹：拨开云雾见月明",
		"duration": 1760,
		"size": "14.1M",
		"albumName": "《生活无国界》今天我主播",
		"albumId": 196,
		"id": 196888250,
		"albumtitle": "今天我主播(71)"
	},
	{
		"path": "http://pod.kaolafm.com/1000000860943.mp3?appid=10003&eventcode=100000&devicetype=2&channel=podcast&audioid=1000000860943&url=http%3A%2F%2Fimage2.kaolafm.net%2Fwizzardaudio1%2F201406%2F381c77c2-97ac-4b91-8ed4-8493a1c84f41.mp3",
		"title": "小马的信主见证",
		"duration": 1760,
		"size": "14.1M",
		"albumName": "《生活无国界》今天我主播",
		"albumId": 196,
		"id": 196888251,
		"albumtitle": "今天我主播(72)"
	},
	{
		"path": "http://pod.kaolafm.com/1000000861249.mp3?appid=10003&eventcode=100000&devicetype=2&channel=podcast&audioid=1000000861249&url=http%3A%2F%2Fimage2.kaolafm.net%2Fwizzardaudio1%2F201407%2Ff2615c71-09af-4d0d-9668-78a52e9125a3.mp3",
		"title": "一生的呼召",
		"duration": 1760,
		"size": "14.1M",
		"albumName": "《生活无国界》今天我主播",
		"albumId": 196,
		"id": 196888252,
		"albumtitle": "今天我主播(73)"
	},
	{
		"path": "http://pod.kaolafm.com/1000000861595.mp3?appid=10003&eventcode=100000&devicetype=2&channel=podcast&audioid=1000000861595&url=http%3A%2F%2Fimage2.kaolafm.net%2Fwizzardaudio1%2F201407%2F3c395586-2eb1-4c40-b7a6-f4135d8c4c01.mp3",
		"title": "英语夏令营（三）",
		"duration": 1760,
		"size": "14.1M",
		"albumName": "《生活无国界》今天我主播",
		"albumId": 196,
		"id": 196888253,
		"albumtitle": "今天我主播(74)"
	},
	{
		"path": "http://pod.kaolafm.com/1000000861858.mp3?appid=10003&eventcode=100000&devicetype=2&channel=podcast&audioid=1000000861858&url=http%3A%2F%2Fimage2.kaolafm.net%2Fwizzardaudio1%2F201407%2F8fb4af8c-3c22-4fed-914f-e2c851d71a6a.mp3",
		"title": "英语夏令营（十）：mares eat oats",
		"duration": 1760,
		"size": "14.1M",
		"albumName": "《生活无国界》今天我主播",
		"albumId": 196,
		"id": 196888254,
		"albumtitle": "今天我主播(75)"
	},
	{
		"path": "http://pod.kaolafm.com/1000000862124.mp3?appid=10003&eventcode=100000&devicetype=2&channel=podcast&audioid=1000000862124&url=http%3A%2F%2Fimage2.kaolafm.net%2Fwizzardaudio1%2F201407%2F2b0ff0dc-2353-4d3a-8685-456a0c5fd410.mp3",
		"title": "步入服事之路",
		"duration": 1760,
		"size": "14.1M",
		"albumName": "《生活无国界》今天我主播",
		"albumId": 196,
		"id": 196888255,
		"albumtitle": "今天我主播(76)"
	},
	{
		"path": "http://pod.kaolafm.com/1000000862375.mp3?appid=10003&eventcode=100000&devicetype=2&channel=podcast&audioid=1000000862375&url=http%3A%2F%2Fimage2.kaolafm.net%2Fwizzardaudio1%2F201407%2Faef46ba9-39ac-4f10-8534-10d30f248e59.mp3",
		"title": "小马爱上春天",
		"duration": 1760,
		"size": "14.1M",
		"albumName": "《生活无国界》今天我主播",
		"albumId": 196,
		"id": 196888256,
		"albumtitle": "今天我主播(77)"
	},
	{
		"path": "http://pod.kaolafm.com/1000000862695.mp3?appid=10003&eventcode=100000&devicetype=2&channel=podcast&audioid=1000000862695&url=http%3A%2F%2Fimage2.kaolafm.net%2Fwizzardaudio1%2F201408%2Fae035c1e-3288-44c1-9bfb-8031d7ba54a8.mp3",
		"title": "英语夏令营（十七）：Marathon",
		"duration": 1760,
		"size": "14.1M",
		"albumName": "《生活无国界》今天我主播",
		"albumId": 196,
		"id": 196888257,
		"albumtitle": "今天我主播(78)"
	},
	{
		"path": "http://pod.kaolafm.com/1000000862947.mp3?appid=10003&eventcode=100000&devicetype=2&channel=podcast&audioid=1000000862947&url=http%3A%2F%2Fimage2.kaolafm.net%2Fwizzardaudio1%2F201408%2Fbb56b2df-a8a0-4fef-9821-5b929498ebbd.mp3",
		"title": "Vacation Bible School",
		"duration": 1760,
		"size": "14.1M",
		"albumName": "《生活无国界》今天我主播",
		"albumId": 196,
		"id": 196888258,
		"albumtitle": "今天我主播(79)"
	},
	{
		"path": "http://pod.kaolafm.com/1000000856822.mp3?appid=10003&eventcode=100000&devicetype=2&channel=podcast&audioid=1000000856822&url=http%3A%2F%2Fimage2.kaolafm.net%2Fwizzardaudio1%2F201408%2Fb90592cd-88f9-4449-acca-4eb115e61399.mp3",
		"title": "春天和小马的爱情与婚姻",
		"duration": 1760,
		"size": "14.1M",
		"albumName": "《生活无国界》今天我主播",
		"albumId": 196,
		"id": 196888259,
		"albumtitle": "今天我主播(80)"
	},
	{
		"path": "http://pod.kaolafm.com/1000000857136.mp3?appid=10003&eventcode=100000&devicetype=2&channel=podcast&audioid=1000000857136&url=http%3A%2F%2Fimage2.kaolafm.net%2Fwizzardaudio1%2F201408%2F1503f947-9385-4f3d-b277-8c41191c6c7a.mp3",
		"title": "恩典之路",
		"duration": 1760,
		"size": "14.1M",
		"albumName": "《生活无国界》今天我主播",
		"albumId": 196,
		"id": 196888260,
		"albumtitle": "今天我主播(81)"
	},
	{
		"path": "http://pod.kaolafm.com/1000000857440.mp3?appid=10003&eventcode=100000&devicetype=2&channel=podcast&audioid=1000000857440&url=http%3A%2F%2Fimage2.kaolafm.net%2Fwizzardaudio1%2F201409%2F26574c35-40bb-47bb-83a5-184cddc38366.mp3",
		"title": "短宣中的见闻",
		"duration": 1760,
		"size": "14.1M",
		"albumName": "《生活无国界》今天我主播",
		"albumId": 196,
		"id": 196888261,
		"albumtitle": "今天我主播(82)"
	},
	{
		"path": "http://pod.kaolafm.com/1000000857726.mp3?appid=10003&eventcode=100000&devicetype=2&channel=podcast&audioid=1000000857726&url=http%3A%2F%2Fimage2.kaolafm.net%2Fwizzardaudio1%2F201409%2Ffd82895a-a4a8-4804-b034-417fa79daf67.mp3",
		"title": "雨后彩虹分享（一）：爸爸遇见妈妈",
		"duration": 1760,
		"size": "14.1M",
		"albumName": "《生活无国界》今天我主播",
		"albumId": 196,
		"id": 196888262,
		"albumtitle": "今天我主播(83)"
	},
	{
		"path": "http://pod.kaolafm.com/1000000855408.mp3?appid=10003&eventcode=100000&devicetype=2&channel=podcast&audioid=1000000855408&url=http%3A%2F%2Fimage2.kaolafm.net%2Fwizzardaudio1%2F201409%2F83a1e82b-bb43-42e7-a965-58aadb9fc561.mp3",
		"title": "蒲公英分享：拣选",
		"duration": 1760,
		"size": "14.1M",
		"albumName": "《生活无国界》今天我主播",
		"albumId": 196,
		"id": 196888263,
		"albumtitle": "今天我主播(84)"
	},
	{
		"path": "http://pod.kaolafm.com/1000000855689.mp3?appid=10003&eventcode=100000&devicetype=2&channel=podcast&audioid=1000000855689&url=http%3A%2F%2Fimage2.kaolafm.net%2Fwizzardaudio1%2F201409%2F9906cf38-87e2-42a4-8e23-5ea7bb68786d.mp3",
		"title": "依琢短宣分享1：体验无家可归",
		"duration": 1760,
		"size": "14.1M",
		"albumName": "《生活无国界》今天我主播",
		"albumId": 196,
		"id": 196888264,
		"albumtitle": "今天我主播(85)"
	},
	{
		"path": "http://pod.kaolafm.com/1000000856042.mp3?appid=10003&eventcode=100000&devicetype=2&channel=podcast&audioid=1000000856042&url=http%3A%2F%2Fimage2.kaolafm.net%2Fwizzardaudio1%2F201409%2Fb2e56ff4-5476-49d8-b59a-cd73ca147247.mp3",
		"title": "依琢短宣分享（二）：生命的突破",
		"duration": 1760,
		"size": "14.1M",
		"albumName": "《生活无国界》今天我主播",
		"albumId": 196,
		"id": 196888265,
		"albumtitle": "今天我主播(86)"
	},
	{
		"path": "http://pod.kaolafm.com/1000000856390.mp3?appid=10003&eventcode=100000&devicetype=2&channel=podcast&audioid=1000000856390&url=http%3A%2F%2Fimage2.kaolafm.net%2Fwizzardaudio1%2F201410%2Fda79a4e0-001a-4b77-ae01-5172d45edeff.mp3",
		"title": "“渐冻人”的不冻人生",
		"duration": 1760,
		"size": "14.1M",
		"albumName": "《生活无国界》今天我主播",
		"albumId": 196,
		"id": 196888266,
		"albumtitle": "今天我主播(87)"
	},
	{
		"path": "http://pod.kaolafm.com/1000000852067.mp3?appid=10003&eventcode=100000&devicetype=2&channel=podcast&audioid=1000000852067&url=http%3A%2F%2Fimage2.kaolafm.net%2Fwizzardaudio1%2F201410%2F19a43eac-e91f-4c31-a5ea-d7763a305368.mp3",
		"title": "走进监狱（1）：走进监狱，传递爱",
		"duration": 1760,
		"size": "14.1M",
		"albumName": "《生活无国界》今天我主播",
		"albumId": 196,
		"id": 196888267,
		"albumtitle": "今天我主播(88)"
	},
	{
		"path": "http://pod.kaolafm.com/1000000852465.mp3?appid=10003&eventcode=100000&devicetype=2&channel=podcast&audioid=1000000852465&url=http%3A%2F%2Fimage2.kaolafm.net%2Fwizzardaudio1%2F201410%2Fb40790f8-1e08-47f2-bf96-093771ff11ea.mp3",
		"title": "走进监狱2：尽心尽力活出爱",
		"duration": 1760,
		"size": "14.1M",
		"albumName": "《生活无国界》今天我主播",
		"albumId": 196,
		"id": 196888268,
		"albumtitle": "今天我主播(89)"
	},
	{
		"path": "http://pod.kaolafm.com/1000000852713.mp3?appid=10003&eventcode=100000&devicetype=2&channel=podcast&audioid=1000000852713&url=http%3A%2F%2Fimage2.kaolafm.net%2Fwizzardaudio1%2F201410%2F2ced39a5-6070-4652-81b5-c1d7eba527d4.mp3",
		"title": "走进监狱3：主爱伴随",
		"duration": 1760,
		"size": "14.1M",
		"albumName": "《生活无国界》今天我主播",
		"albumId": 196,
		"id": 196888269,
		"albumtitle": "今天我主播(90)"
	},
	{
		"path": "http://pod.kaolafm.com/1000000853025.mp3?appid=10003&eventcode=100000&devicetype=2&channel=podcast&audioid=1000000853025&url=http%3A%2F%2Fimage2.kaolafm.net%2Fwizzardaudio1%2F201411%2Fd60f322d-fcba-4044-8500-9540764014ea.mp3",
		"title": "走进监狱（4）：奇异恩典",
		"duration": 1760,
		"size": "14.1M",
		"albumName": "《生活无国界》今天我主播",
		"albumId": 196,
		"id": 196888270,
		"albumtitle": "今天我主播(91)"
	},
	{
		"path": "http://pod.kaolafm.com/1000000853303.mp3?appid=10003&eventcode=100000&devicetype=2&channel=podcast&audioid=1000000853303&url=http%3A%2F%2Fimage2.kaolafm.net%2Fwizzardaudio1%2F201411%2F34bc7948-bdac-4931-ab09-8b243fad18ec.mp3",
		"title": "走进监狱（5）：活水江河",
		"duration": 1760,
		"size": "14.1M",
		"albumName": "《生活无国界》今天我主播",
		"albumId": 196,
		"id": 196888271,
		"albumtitle": "今天我主播(92)"
	},
	{
		"path": "http://pod.kaolafm.com/1000000851149.mp3?appid=10003&eventcode=100000&devicetype=2&channel=podcast&audioid=1000000851149&url=http%3A%2F%2Fimage2.kaolafm.net%2Fwizzardaudio1%2F201411%2F3d35f912-589d-4d60-8d9f-ae8c96c5a3f1.mp3",
		"title": "走进监狱7：给杯凉水吧?!",
		"duration": 1760,
		"size": "14.1M",
		"albumName": "《生活无国界》今天我主播",
		"albumId": 196,
		"id": 196888272,
		"albumtitle": "今天我主播(93)"
	},
	{
		"path": "http://pod.kaolafm.com/1000000851765.mp3?appid=10003&eventcode=100000&devicetype=2&channel=podcast&audioid=1000000851765&url=http%3A%2F%2Fimage2.kaolafm.net%2Fwizzardaudio1%2F201412%2F71c7b22d-07c0-4a39-9db8-739d95fb0b81.mp3",
		"title": "走进监狱（9）：他使心灵安舒",
		"duration": 1760,
		"size": "14.1M",
		"albumName": "《生活无国界》今天我主播",
		"albumId": 196,
		"id": 196888273,
		"albumtitle": "今天我主播(94)"
	},
	{
		"path": "http://pod.kaolafm.com/1000000849468.mp3?appid=10003&eventcode=100000&devicetype=2&channel=podcast&audioid=1000000849468&url=http%3A%2F%2Fimage2.kaolafm.net%2Fwizzardaudio1%2F201412%2Fb28faad5-427d-4c6b-a787-aa2cbafc41be.mp3",
		"title": "走进监狱（10）：从心碎到喜乐",
		"duration": 1760,
		"size": "14.1M",
		"albumName": "《生活无国界》今天我主播",
		"albumId": 196,
		"id": 196888274,
		"albumtitle": "今天我主播(95)"
	},
	{
		"path": "http://pod.kaolafm.com/1000000849720.mp3?appid=10003&eventcode=100000&devicetype=2&channel=podcast&audioid=1000000849720&url=http%3A%2F%2Fimage2.kaolafm.net%2Fwizzardaudio1%2F201412%2F66d2587e-7a20-4691-9e06-0bbf97b7cd9f.mp3",
		"title": "【特别节目】爱的牵引",
		"duration": 1760,
		"size": "14.1M",
		"albumName": "《生活无国界》今天我主播",
		"albumId": 196,
		"id": 196888275,
		"albumtitle": "今天我主播(96)"
	},
	{
		"path": "http://pod.kaolafm.com/1000000849928.mp3?appid=10003&eventcode=100000&devicetype=2&channel=podcast&audioid=1000000849928&url=http%3A%2F%2Fimage2.kaolafm.net%2Fwizzardaudio1%2F201412%2Fd2045989-f875-4da9-99d2-f6ca991d30f4.mp3",
		"title": "依琢：耶稣是我们的盼望",
		"duration": 1760,
		"size": "14.1M",
		"albumName": "《生活无国界》今天我主播",
		"albumId": 196,
		"id": 196888276,
		"albumtitle": "今天我主播(97)"
	},
	{
		"path": "http://pod.kaolafm.com/1000000849966.mp3?appid=10003&eventcode=100000&devicetype=2&channel=podcast&audioid=1000000849966&url=http%3A%2F%2Fimage2.kaolafm.net%2Fwizzardaudio1%2F201412%2F83110127-14a0-4169-88f8-0a6c524485b7.mp3",
		"title": "耶稣的自我介绍（二）",
		"duration": 1760,
		"size": "14.1M",
		"albumName": "《生活无国界》今天我主播",
		"albumId": 196,
		"id": 196888277,
		"albumtitle": "今天我主播(98)"
	},
	{
		"path": "http://pod.kaolafm.com/1000000850306.mp3?appid=10003&eventcode=100000&devicetype=2&channel=podcast&audioid=1000000850306&url=http%3A%2F%2Fimage2.kaolafm.net%2Fwizzardaudio1%2F201501%2F09f7644f-8373-4d5d-82be-1fbd789fb545.mp3",
		"title": "超级礼物",
		"duration": 1760,
		"size": "14.1M",
		"albumName": "《生活无国界》今天我主播",
		"albumId": 196,
		"id": 196888278,
		"albumtitle": "今天我主播(99)"
	},
	{
		"path": "http://pod.kaolafm.com/1000000850522.mp3?appid=10003&eventcode=100000&devicetype=2&channel=podcast&audioid=1000000850522&url=http%3A%2F%2Fimage2.kaolafm.net%2Fwizzardaudio1%2F201501%2F28eb3eb7-4ec5-4d63-9682-049289e7ca00.mp3",
		"title": "超级礼物（2）：最特别的遗产",
		"duration": 1760,
		"size": "14.1M",
		"albumName": "《生活无国界》今天我主播",
		"albumId": 196,
		"id": 196888279,
		"albumtitle": "今天我主播(100)"
	},
	{
		"path": "http://pod.kaolafm.com/1000000847781.mp3?appid=10003&eventcode=100000&devicetype=2&channel=podcast&audioid=1000000847781&url=http%3A%2F%2Fimage2.kaolafm.net%2Fwizzardaudio1%2F201501%2Fc32b7fd4-5488-45d3-bc60-94a7ff8e5851.mp3",
		"title": "恩典之路",
		"duration": 1760,
		"size": "14.1M",
		"albumName": "《生活无国界》今天我主播",
		"albumId": 196,
		"id": 196888280,
		"albumtitle": "今天我主播(101)"
	},
	{
		"path": "http://pod.kaolafm.com/1000000847976.mp3?appid=10003&eventcode=100000&devicetype=2&channel=podcast&audioid=1000000847976&url=http%3A%2F%2Fimage2.kaolafm.net%2Fwizzardaudio1%2F201501%2F64a2ef2a-bee5-4576-bb4a-996f405263ac.mp3",
		"title": "活水姐妹分享（二）：惟有依靠神",
		"duration": 1760,
		"size": "14.1M",
		"albumName": "《生活无国界》今天我主播",
		"albumId": 196,
		"id": 196888281,
		"albumtitle": "今天我主播(102)"
	},
	{
		"path": "http://pod.kaolafm.com/1000000848249.mp3?appid=10003&eventcode=100000&devicetype=2&channel=podcast&audioid=1000000848249&url=http%3A%2F%2Fimage2.kaolafm.net%2Fwizzardaudio1%2F201502%2F574d034a-7be1-494b-a353-66aef7e486d6.mp3",
		"title": "找巫师却遇见基督徒",
		"duration": 1760,
		"size": "14.1M",
		"albumName": "《生活无国界》今天我主播",
		"albumId": 196,
		"id": 196888282,
		"albumtitle": "今天我主播(103)"
	},
	{
		"path": "http://pod.kaolafm.com/1000000845727.mp3?appid=10003&eventcode=100000&devicetype=2&channel=podcast&audioid=1000000845727&url=http%3A%2F%2Fimage2.kaolafm.net%2Fwizzardaudio1%2F201502%2F4cb20d38-5ef8-4927-baf9-8917a1f2a322.mp3",
		"title": "完全交托仰望",
		"duration": 1760,
		"size": "14.1M",
		"albumName": "《生活无国界》今天我主播",
		"albumId": 196,
		"id": 196888283,
		"albumtitle": "今天我主播(104)"
	},
	{
		"path": "http://pod.kaolafm.com/1000000903016.mp3?appid=10003&eventcode=100000&devicetype=2&channel=podcast&audioid=1000000903016&url=http%3A%2F%2Fimage2.kaolafm.net%2Fwizzardaudio1%2F201502%2F76cc418f-7e85-4a1f-845e-6dc8b0e9e6ba.mp3",
		"title": "新春特别节目（一）：罗文裕分享",
		"duration": 1760,
		"size": "14.1M",
		"albumName": "《生活无国界》今天我主播",
		"albumId": 196,
		"id": 196888284,
		"albumtitle": "今天我主播(105)"
	},
	{
		"path": "http://pod.kaolafm.com/1000000905439.mp3?appid=10003&eventcode=100000&devicetype=2&channel=podcast&audioid=1000000905439&url=http%3A%2F%2Fimage2.kaolafm.net%2Fwizzardaudio1%2F201502%2F3b09437c-8621-4658-a036-f555ba23775d.mp3",
		"title": "拒绝诱惑",
		"duration": 1760,
		"size": "14.1M",
		"albumName": "《生活无国界》今天我主播",
		"albumId": 196,
		"id": 196888285,
		"albumtitle": "今天我主播(106)"
	},
	{
		"path": "http://pod.kaolafm.com/1000000911666.mp3?appid=10003&eventcode=100000&devicetype=2&channel=podcast&audioid=1000000911666&url=http%3A%2F%2Fimage2.kaolafm.net%2Fwizzardaudio1%2F201503%2Fd713d9b1-1e91-4da7-9c85-c32ca81bba57.mp3",
		"title": "如何看单身？又如何过单身生活？",
		"duration": 1760,
		"size": "14.1M",
		"albumName": "《生活无国界》今天我主播",
		"albumId": 196,
		"id": 196888286,
		"albumtitle": "今天我主播(107)"
	},
	{
		"path": "http://pod.kaolafm.com/1000000919482.mp3?appid=10003&eventcode=100000&devicetype=2&channel=podcast&audioid=1000000919482&url=http%3A%2F%2Fimage2.kaolafm.net%2Fwizzardaudio1%2F201503%2Ff3f74d23-3a3d-4b99-9581-9439d025df33.mp3",
		"title": "音乐人感恩分享：尧尧（一）",
		"duration": 1760,
		"size": "14.1M",
		"albumName": "《生活无国界》今天我主播",
		"albumId": 196,
		"id": 196888287,
		"albumtitle": "今天我主播(108)"
	},
	{
		"path": "http://pod.kaolafm.com/1000000937014.mp3?appid=10003&eventcode=100000&devicetype=2&channel=podcast&audioid=1000000937014&url=http%3A%2F%2Fimage2.kaolafm.net%2Fwizzardaudio1%2F201503%2Ffc81fa77-90ff-4753-b69e-9663a8d905d1.mp3",
		"title": "音乐人感恩分享：尧尧（二）",
		"duration": 1760,
		"size": "14.1M",
		"albumName": "《生活无国界》今天我主播",
		"albumId": 196,
		"id": 196888288,
		"albumtitle": "今天我主播(109)"
	},
	{
		"path": "http://pod.kaolafm.com/1000000945808.mp3?appid=10003&eventcode=100000&devicetype=2&channel=podcast&audioid=1000000945808&url=http%3A%2F%2Fimage2.kaolafm.net%2Fwizzardaudio1%2F201503%2F2b8f0fda-a89c-4a86-ae5a-d87694588f90.mp3",
		"title": "音乐人感恩分享：尧尧（三）",
		"duration": 1760,
		"size": "14.1M",
		"albumName": "《生活无国界》今天我主播",
		"albumId": 196,
		"id": 196888289,
		"albumtitle": "今天我主播(110)"
	},
	{
		"path": "http://pod.kaolafm.com/1000000955869.mp3?appid=10003&eventcode=100000&devicetype=2&channel=podcast&audioid=1000000955869&url=http%3A%2F%2Fimage2.kaolafm.net%2Fwizzardaudio1%2F201503%2Ffdc2fb03-2764-4815-a918-b973a3833ed9.mp3",
		"title": "音乐人感恩分享：尧尧（四）",
		"duration": 1760,
		"size": "14.1M",
		"albumName": "《生活无国界》今天我主播",
		"albumId": 196,
		"id": 196888290,
		"albumtitle": "今天我主播(111)"
	},
	{
		"path": "http://pod.kaolafm.com/1000000969026.mp3?appid=10003&eventcode=100000&devicetype=2&channel=podcast&audioid=1000000969026&url=http%3A%2F%2Fimage2.kaolafm.net%2Fwizzardaudio1%2F201504%2Fbae76a9e-bf0a-436f-96f3-8b84f060f6bc.mp3",
		"title": "雨泽分享（1）：什么时候可以恋爱",
		"duration": 1760,
		"size": "14.1M",
		"albumName": "《生活无国界》今天我主播",
		"albumId": 196,
		"id": 196888291,
		"albumtitle": "今天我主播(112)"
	},
	{
		"path": "http://pod.kaolafm.com/1000000977478.mp3?appid=10003&eventcode=100000&devicetype=2&channel=podcast&audioid=1000000977478&url=http%3A%2F%2Fimage2.kaolafm.net%2Fwizzardaudio1%2F201504%2F3596ed3f-954c-439e-b666-14c18e7969e5.mp3",
		"title": "人生的目标需要放在神那里",
		"duration": 1760,
		"size": "14.1M",
		"albumName": "《生活无国界》今天我主播",
		"albumId": 196,
		"id": 196888292,
		"albumtitle": "今天我主播(113)"
	},
	{
		"path": "http://pod.kaolafm.com/1000000987023.mp3?appid=10003&eventcode=100000&devicetype=2&channel=podcast&audioid=1000000987023&url=http%3A%2F%2Fimage2.kaolafm.net%2Fwizzardaudio1%2F201504%2F1a986df7-47f4-4285-8576-0b7b7a91b0f1.mp3",
		"title": "单身可怕吗？",
		"duration": 1760,
		"size": "14.1M",
		"albumName": "《生活无国界》今天我主播",
		"albumId": 196,
		"id": 196888293,
		"albumtitle": "今天我主播(114)"
	},
	{
		"path": "http://pod.kaolafm.com/1000000996761.mp3?appid=10003&eventcode=100000&devicetype=2&channel=podcast&audioid=1000000996761&url=http%3A%2F%2Fimage.kaolafm.net%2Fmz%2Faudios%2F201504%2F6b6152cf-b03b-4556-8eca-c35bbd417744.mp3",
		"title": "Angel:电台主播之梦",
		"duration": 1760,
		"size": "14.1M",
		"albumName": "《生活无国界》今天我主播",
		"albumId": 196,
		"id": 196888294,
		"albumtitle": "今天我主播(115)"
	},
	{
		"path": "http://pod.kaolafm.com/1000001003597.mp3?appid=10003&eventcode=100000&devicetype=2&channel=podcast&audioid=1000001003597&url=http%3A%2F%2Fimage.kaolafm.net%2Fmz%2Faudios%2F201505%2F8cd845a0-081e-4a8d-bc97-19db4e0e9ec7.mp3",
		"title": "干草叔分享（一）：人生的意义！",
		"duration": 1760,
		"size": "14.1M",
		"albumName": "《生活无国界》今天我主播",
		"albumId": 196,
		"id": 196888295,
		"albumtitle": "今天我主播(116)"
	},
	{
		"path": "http://pod.kaolafm.com/1000001013102.mp3?appid=10003&eventcode=100000&devicetype=2&channel=podcast&audioid=1000001013102&url=http%3A%2F%2Fimage.kaolafm.net%2Fmz%2Faudios%2F201505%2F101a6b26-be8d-4a25-8b49-479e02c1c13f.mp3",
		"title": "干草叔分享（二）：用生命来影响生命",
		"duration": 1760,
		"size": "14.1M",
		"albumName": "《生活无国界》今天我主播",
		"albumId": 196,
		"id": 196888296,
		"albumtitle": "今天我主播(117)"
	},
	{
		"path": "http://pod.kaolafm.com/1000001037333.mp3?appid=10003&eventcode=100000&devicetype=2&channel=podcast&audioid=1000001037333&url=http%3A%2F%2Fimage.kaolafm.net%2Fmz%2Faudios%2F201505%2F5a5e572f-db90-4d02-9a96-1a8895789053.mp3",
		"title": "Tina分享（1）",
		"duration": 1760,
		"size": "14.1M",
		"albumName": "《生活无国界》今天我主播",
		"albumId": 196,
		"id": 196888297,
		"albumtitle": "今天我主播(118)"
	},
	{
		"path": "http://pod.kaolafm.com/1000001045091.mp3?appid=10003&eventcode=100000&devicetype=2&channel=podcast&audioid=1000001045091&url=http%3A%2F%2Fimage.kaolafm.net%2Fmz%2Faudios%2F201505%2F44aa4a01-01d5-4b26-b0a7-3dfcc1d70d17.mp3",
		"title": "Tina分享（2）",
		"duration": 1760,
		"size": "14.1M",
		"albumName": "《生活无国界》今天我主播",
		"albumId": 196,
		"id": 196888298,
		"albumtitle": "今天我主播(119)"
	},
	{
		"path": "http://pod.kaolafm.com/1000001052654.mp3?appid=10003&eventcode=100000&devicetype=2&channel=podcast&audioid=1000001052654&url=http%3A%2F%2Fimage.kaolafm.net%2Fmz%2Faudios%2F201506%2Fc989c4c6-a510-4702-bb43-26cf852c1f0c.mp3",
		"title": "留学前的分享",
		"duration": 1760,
		"size": "14.1M",
		"albumName": "《生活无国界》今天我主播",
		"albumId": 196,
		"id": 196888299,
		"albumtitle": "今天我主播(120)"
	},
	{
		"path": "http://pod.kaolafm.com/1000001077294.mp3?appid=10003&eventcode=100000&devicetype=2&channel=podcast&audioid=1000001077294&url=http%3A%2F%2Fimage.kaolafm.net%2Fmz%2Faudios%2F201506%2F74449bdf-3893-4d39-b0fe-3320f0ae5fae.mp3",
		"title": "Tina分享（4）",
		"duration": 1760,
		"size": "14.1M",
		"albumName": "《生活无国界》今天我主播",
		"albumId": 196,
		"id": 196888300,
		"albumtitle": "今天我主播(121)"
	},
	{
		"path": "http://pod.kaolafm.com/1000001085138.mp3?appid=10003&eventcode=100000&devicetype=2&channel=podcast&audioid=1000001085138&url=http%3A%2F%2Fimage.kaolafm.net%2Fmz%2Faudios%2F201506%2F2c34194c-da54-4263-9292-a2bebd8a13bc.mp3",
		"title": "Alice、冰雪、海棠的分享",
		"duration": 1760,
		"size": "14.1M",
		"albumName": "《生活无国界》今天我主播",
		"albumId": 196,
		"id": 196888301,
		"albumtitle": "今天我主播(122)"
	},
	{
		"path": "http://pod.kaolafm.com/1000001343519.mp3?appid=10003&eventcode=100000&devicetype=2&channel=podcast&audioid=1000001343519&url=http%3A%2F%2Fimage.kaolafm.net%2Fmz%2Faudios%2F201506%2F0038eb36-e211-498a-b4f6-1942cea2fe35.mp3",
		"title": "Amy的分享",
		"duration": 1760,
		"size": "14.1M",
		"albumName": "《生活无国界》今天我主播",
		"albumId": 196,
		"id": 196888302,
		"albumtitle": "今天我主播(123)"
	},
	{
		"path": "http://pod.kaolafm.com/1000001535070.mp3?appid=10003&eventcode=100000&devicetype=2&channel=podcast&audioid=1000001535070&url=http%3A%2F%2Fimage.kaolafm.net%2Fmz%2Faudios%2F201507%2F6d56ac15-27d2-4570-80b3-9d840b5edeec.mp3",
		"title": "超级礼物（三）：凭信心不是凭眼见",
		"duration": 1760,
		"size": "14.1M",
		"albumName": "《生活无国界》今天我主播",
		"albumId": 196,
		"id": 196888303,
		"albumtitle": "今天我主播(124)"
	},
	{
		"path": "http://pod.kaolafm.com/1000001704496.mp3?appid=10003&eventcode=100000&devicetype=2&channel=podcast&audioid=1000001704496&url=http%3A%2F%2Fimage.kaolafm.net%2Fmz%2Faudios%2F201507%2Fe73dadcf-0095-4a12-b37b-1533d53c9688.mp3",
		"title": "超级礼物（二）：分开遗嘱",
		"duration": 1760,
		"size": "14.1M",
		"albumName": "《生活无国界》今天我主播",
		"albumId": 196,
		"id": 196888304,
		"albumtitle": "今天我主播(125)"
	},
	{
		"path": "http://pod.kaolafm.com/1000001732862.mp3?appid=10003&eventcode=100000&devicetype=2&channel=podcast&audioid=1000001732862&url=http%3A%2F%2Fimage.kaolafm.net%2Fmz%2Faudios%2F201507%2Fa295a87b-c70d-4b86-bcc6-dcb8866ae766.mp3",
		"title": "小叮当分享",
		"duration": 1760,
		"size": "14.1M",
		"albumName": "《生活无国界》今天我主播",
		"albumId": 196,
		"id": 196888305,
		"albumtitle": "今天我主播(126)"
	},
	{
		"path": "http://pod.kaolafm.com/1000001748633.mp3?appid=10003&eventcode=100000&devicetype=2&channel=podcast&audioid=1000001748633&url=http%3A%2F%2Fimage.kaolafm.net%2Fmz%2Faudios%2F201508%2Ff7cddfad-3da2-464d-94bf-d98475874c4d.mp3",
		"title": "超级礼物（四）：啥样的工作态度?",
		"duration": 1760,
		"size": "14.1M",
		"albumName": "《生活无国界》今天我主播",
		"albumId": 196,
		"id": 196888306,
		"albumtitle": "今天我主播(127)"
	},
	{
		"path": "http://pod.kaolafm.com/1000001760731.mp3?appid=10003&eventcode=100000&devicetype=2&channel=podcast&audioid=1000001760731&url=http%3A%2F%2Fimage.kaolafm.net%2Fmz%2Faudios%2F201508%2F5d365011-3235-407e-9a1f-e96c57b6cb82.mp3",
		"title": "超级礼物（五）： 钱不够用? 都花到哪了?",
		"duration": 1760,
		"size": "14.1M",
		"albumName": "《生活无国界》今天我主播",
		"albumId": 196,
		"id": 196888307,
		"albumtitle": "今天我主播(128)"
	},
	{
		"path": "http://pod.kaolafm.com/1000001814808.mp3?appid=10003&eventcode=100000&devicetype=2&channel=podcast&audioid=1000001814808&url=http%3A%2F%2Fimage.kaolafm.net%2Fmz%2Faudios%2F201508%2F60f33289-5238-430b-a691-21b58fb78417.mp3",
		"title": "超级礼物（六）：不缺朋友却仍孤独",
		"duration": 1760,
		"size": "14.1M",
		"albumName": "《生活无国界》今天我主播",
		"albumId": 196,
		"id": 196888308,
		"albumtitle": "今天我主播(129)"
	},
	{
		"path": "http://pod.kaolafm.com/1000001823489.mp3?appid=10003&eventcode=100000&devicetype=2&channel=podcast&audioid=1000001823489&url=http%3A%2F%2Fimage.kaolafm.net%2Fmz%2Faudios%2F201509%2F502da23b-da79-4b22-98cf-824d9a34319d.mp3",
		"title": "超级礼物（七）：学习的四个误区",
		"duration": 1760,
		"size": "14.1M",
		"albumName": "《生活无国界》今天我主播",
		"albumId": 196,
		"id": 196888309,
		"albumtitle": "今天我主播(130)"
	},
	{
		"path": "http://pod.kaolafm.com/1000001831772.mp3?appid=10003&eventcode=100000&devicetype=2&channel=podcast&audioid=1000001831772&url=http%3A%2F%2Fimage.kaolafm.net%2Fmz%2Faudios%2F201509%2F3b1f7757-8e77-4cab-b48e-6d7a4f46b457.mp3",
		"title": "超级礼物（八）：如何应对困境",
		"duration": 1760,
		"size": "14.1M",
		"albumName": "《生活无国界》今天我主播",
		"albumId": 196,
		"id": 196888310,
		"albumtitle": "今天我主播(131)"
	},
	{
		"path": "http://pod.kaolafm.com/1000001841502.mp3?appid=10003&eventcode=100000&devicetype=2&channel=podcast&audioid=1000001841502&url=http%3A%2F%2Fimage.kaolafm.net%2Fmz%2Faudios%2F201509%2F0b89ad38-bcf6-42da-abf3-696eb468567c.mp3",
		"title": "特警大队长的信仰人生（三）",
		"duration": 1760,
		"size": "14.1M",
		"albumName": "《生活无国界》今天我主播",
		"albumId": 196,
		"id": 196888311,
		"albumtitle": "今天我主播(132)"
	},
	{
		"path": "http://pod.kaolafm.com/1000001850227.mp3?appid=10003&eventcode=100000&devicetype=2&channel=podcast&audioid=1000001850227&url=http%3A%2F%2Fimage.kaolafm.net%2Fmz%2Faudios%2F201509%2Fe40ff3ee-1fc0-43c5-af8f-83a4a8f1a67d.mp3",
		"title": "超级礼物（九）：困境在人内心",
		"duration": 1760,
		"size": "14.1M",
		"albumName": "《生活无国界》今天我主播",
		"albumId": 196,
		"id": 196888312,
		"albumtitle": "今天我主播(133)"
	},
	{
		"path": "http://pod.kaolafm.com/1000001923960.mp3?appid=10003&eventcode=100000&devicetype=2&channel=podcast&audioid=1000001923960&url=http%3A%2F%2Fimage.kaolafm.net%2Fmz%2Faudios%2F201509%2F204da7d9-2ae5-4ada-8258-cb28f23c02d2.mp3",
		"title": "超级礼物(十): 爱是家庭的基石",
		"duration": 1760,
		"size": "14.1M",
		"albumName": "《生活无国界》今天我主播",
		"albumId": 196,
		"id": 196888313,
		"albumtitle": "今天我主播(134)"
	},
	{
		"path": "http://pod.kaolafm.com/1000001934243.mp3?appid=10003&eventcode=100000&devicetype=2&channel=podcast&audioid=1000001934243&url=http%3A%2F%2Fimage.kaolafm.net%2Fmz%2Faudios%2F201510%2F92a13b5c-4ad0-420e-ae24-9cb4b6f2b47b.mp3",
		"title": "超级礼物(十一):在困境中仍能欢笑",
		"duration": 1760,
		"size": "14.1M",
		"albumName": "《生活无国界》今天我主播",
		"albumId": 196,
		"id": 196888314,
		"albumtitle": "今天我主播(135)"
	},
	{
		"path": "http://pod.kaolafm.com/1000001944234.mp3?appid=10003&eventcode=100000&devicetype=2&channel=podcast&audioid=1000001944234&url=http%3A%2F%2Fimage.kaolafm.net%2Fmz%2Faudios%2F201510%2F980b77e1-8e73-4d5c-a781-da7b622f6fb8.mp3",
		"title": "超级礼物(十二):梦想",
		"duration": 1760,
		"size": "14.1M",
		"albumName": "《生活无国界》今天我主播",
		"albumId": 196,
		"id": 196888315,
		"albumtitle": "今天我主播(136)"
	},
	{
		"path": "http://pod.kaolafm.com/1000001955076.mp3?appid=10003&eventcode=100000&devicetype=2&channel=podcast&audioid=1000001955076&url=http%3A%2F%2Fimage.kaolafm.net%2Fmz%2Faudios%2F201510%2F26a45627-ade8-44b0-8d58-299bd5e88968.mp3",
		"title": "超级礼物(十三)：舒:舍和予",
		"duration": 1760,
		"size": "14.1M",
		"albumName": "《生活无国界》今天我主播",
		"albumId": 196,
		"id": 196888316,
		"albumtitle": "今天我主播(137)"
	},
	{
		"path": "http://pod.kaolafm.com/1000001974369.mp3?appid=10003&eventcode=100000&devicetype=2&channel=podcast&audioid=1000001974369&url=http%3A%2F%2Fimage.kaolafm.net%2Fmz%2Faudios%2F201510%2F709c6612-fcb9-4a27-89fe-8e1ddcb40281.mp3",
		"title": "超级礼物(十四)：感恩!",
		"duration": 1760,
		"size": "14.1M",
		"albumName": "《生活无国界》今天我主播",
		"albumId": 196,
		"id": 196888317,
		"albumtitle": "今天我主播(138)"
	},
	{
		"path": "http://pod.kaolafm.com/1000001985522.mp3?appid=10003&eventcode=100000&devicetype=2&channel=podcast&audioid=1000001985522&url=http%3A%2F%2Fimage.kaolafm.net%2Fmz%2Faudios%2F201511%2F80bf470a-c285-4f52-ab45-977324934cc0.mp3",
		"title": "超级礼物(十五)：最后的一天",
		"duration": 1760,
		"size": "14.1M",
		"albumName": "《生活无国界》今天我主播",
		"albumId": 196,
		"id": 196888318,
		"albumtitle": "今天我主播(139)"
	},
	{
		"path": "http://pod.kaolafm.com/1000001999486.mp3?appid=10003&eventcode=100000&devicetype=2&channel=podcast&audioid=1000001999486&url=http%3A%2F%2Fimage.kaolafm.net%2Fmz%2Faudios%2F201511%2F61890c27-070b-421a-8959-1cc70b7d54fa.mp3",
		"title": "超级礼物（十六）：真爱",
		"duration": 1760,
		"size": "14.1M",
		"albumName": "《生活无国界》今天我主播",
		"albumId": 196,
		"id": 196888319,
		"albumtitle": "今天我主播(140)"
	},
	{
		"path": "http://pod.kaolafm.com/1000002029199.mp3?appid=10003&eventcode=100000&devicetype=2&channel=podcast&audioid=1000002029199&url=http%3A%2F%2Fimage.kaolafm.net%2Fmz%2Faudios%2F201511%2Fadea66b8-66b6-43b1-9f8f-d36eeefa7b31.mp3",
		"title": "音乐人感恩分享（二）:林世传（2）",
		"duration": 1760,
		"size": "14.1M",
		"albumName": "《生活无国界》今天我主播",
		"albumId": 196,
		"id": 196888320,
		"albumtitle": "今天我主播(141)"
	},
	{
		"path": "http://pod.kaolafm.com/1000002043360.mp3?appid=10003&eventcode=100000&devicetype=2&channel=podcast&audioid=1000002043360&url=http%3A%2F%2Fimage.kaolafm.net%2Fmz%2Faudios%2F201512%2F2e8d29d8-da50-47ce-8740-3f8af703d6db.mp3",
		"title": "宮弟兄分享：经历神的恩典",
		"duration": 1760,
		"size": "14.1M",
		"albumName": "《生活无国界》今天我主播",
		"albumId": 196,
		"id": 196888321,
		"albumtitle": "今天我主播(142)"
	},
	{
		"path": "http://pod.kaolafm.com/1000002064419.mp3?appid=10003&eventcode=100000&devicetype=2&channel=podcast&audioid=1000002064419&url=http%3A%2F%2Fimage.kaolafm.net%2Fmz%2Faudios%2F201512%2Ff34550e7-ad11-4db6-ab90-c953ef18af74.mp3",
		"title": "宫弟兄分享（2）：为何成为传道人?",
		"duration": 1760,
		"size": "14.1M",
		"albumName": "《生活无国界》今天我主播",
		"albumId": 196,
		"id": 196888322,
		"albumtitle": "今天我主播(143)"
	},
	{
		"path": "http://pod.kaolafm.com/1000002083182.mp3?appid=10003&eventcode=100000&devicetype=2&channel=podcast&audioid=1000002083182&url=http%3A%2F%2Fimage.kaolafm.net%2Fmz%2Faudios%2F201512%2F2ef89043-ac4d-4b87-9d8e-5f7b8db34779.mp3",
		"title": "Ann分享（1）：赞美改变心境！",
		"duration": 1760,
		"size": "14.1M",
		"albumName": "《生活无国界》今天我主播",
		"albumId": 196,
		"id": 196888323,
		"albumtitle": "今天我主播(144)"
	},
	{
		"path": "http://pod.kaolafm.com/1000002104268.mp3?appid=10003&eventcode=100000&devicetype=2&channel=podcast&audioid=1000002104268&url=http%3A%2F%2Fimage.kaolafm.net%2Fmz%2Faudios%2F201512%2Fb4acfb1c-22ce-4dbe-8d1e-9354d24ae8df.mp3",
		"title": "Ann分享（2）：人生就像跑马拉松",
		"duration": 1760,
		"size": "14.1M",
		"albumName": "《生活无国界》今天我主播",
		"albumId": 196,
		"id": 196888324,
		"albumtitle": "今天我主播(145)"
	},
	{
		"path": "http://pod.kaolafm.com/1000002125760.mp3?appid=10003&eventcode=100000&devicetype=2&channel=podcast&audioid=1000002125760&url=http%3A%2F%2Fimage.kaolafm.net%2Fmz%2Faudios%2F201512%2F667ffc66-66ac-4a59-8eb6-bfbc40bc2b70.mp3",
		"title": "耶稣与我（2）：求恩和报恩",
		"duration": 1760,
		"size": "14.1M",
		"albumName": "《生活无国界》今天我主播",
		"albumId": 196,
		"id": 196888325,
		"albumtitle": "今天我主播(146)"
	},
	{
		"path": "http://pod.kaolafm.com/1000002143700.mp3?appid=10003&eventcode=100000&devicetype=2&channel=podcast&audioid=1000002143700&url=http%3A%2F%2Fimage.kaolafm.net%2Fmz%2Faudios%2F201601%2F6e4c865d-adc3-46a2-b570-d08307a96153.mp3",
		"title": "云彩常围绕(1):程枫&世界观的故事1",
		"duration": 1760,
		"size": "14.1M",
		"albumName": "《生活无国界》今天我主播",
		"albumId": 196,
		"id": 196888326,
		"albumtitle": "今天我主播(147)"
	},
	{
		"path": "http://pod.kaolafm.com/1000002169701.mp3?appid=10003&eventcode=100000&devicetype=2&channel=podcast&audioid=1000002169701&url=http%3A%2F%2Fimage.kaolafm.net%2Fmz%2Faudios%2F201601%2Fdf7f1cae-2616-4285-9f07-938180050e1c.mp3",
		"title": "云彩常围绕(2): 妈妈的故事",
		"duration": 1760,
		"size": "14.1M",
		"albumName": "《生活无国界》今天我主播",
		"albumId": 196,
		"id": 196888327,
		"albumtitle": "今天我主播(148)"
	},
	{
		"path": "http://pod.kaolafm.com/1000002190260.mp3?appid=10003&eventcode=100000&devicetype=2&channel=podcast&audioid=1000002190260&url=http%3A%2F%2Fimage.kaolafm.net%2Fmz%2Faudios%2F201601%2F263d07ad-6540-4de2-947b-259120ddb5d8.mp3",
		"title": "云彩常围绕（3）：神与我有什么切实的关系吗?",
		"duration": 1760,
		"size": "14.1M",
		"albumName": "《生活无国界》今天我主播",
		"albumId": 196,
		"id": 196888328,
		"albumtitle": "今天我主播(149)"
	},
	{
		"path": "http://pod.kaolafm.com/1000002208377.mp3?appid=10003&eventcode=100000&devicetype=2&channel=podcast&audioid=1000002208377&url=http%3A%2F%2Fimage.kaolafm.net%2Fmz%2Faudios%2F201601%2F458e9024-e43c-41d1-bdb9-4e6e71f21b3f.mp3",
		"title": "世界观的故事（4）: 宇宙有终极起源吗？",
		"duration": 1760,
		"size": "14.1M",
		"albumName": "《生活无国界》今天我主播",
		"albumId": 196,
		"id": 196888329,
		"albumtitle": "今天我主播(150)"
	},
	{
		"path": "http://pod.kaolafm.com/1000002227179.mp3?appid=10003&eventcode=100000&devicetype=2&channel=podcast&audioid=1000002227179&url=http%3A%2F%2Fimage.kaolafm.net%2Fmz%2Faudios%2F201602%2F3aa27f82-c325-4181-b66c-18d67eb9adcf.mp3",
		"title": "云彩常围绕（5）： 推销培训材料反助自己得医治",
		"duration": 1760,
		"size": "14.1M",
		"albumName": "《生活无国界》今天我主播",
		"albumId": 196,
		"id": 196888330,
		"albumtitle": "今天我主播(151)"
	},
	{
		"path": "http://pod.kaolafm.com/1000002248497.mp3?appid=10003&eventcode=100000&devicetype=2&channel=podcast&audioid=1000002248497&url=http%3A%2F%2Fimage.kaolafm.net%2Fmz%2Faudios%2F201602%2F7818ab18-eab0-4694-a54e-1a098fdae8e2.mp3",
		"title": "云彩常围绕（6）：不同方式的经历!",
		"duration": 1760,
		"size": "14.1M",
		"albumName": "《生活无国界》今天我主播",
		"albumId": 196,
		"id": 196888331,
		"albumtitle": "今天我主播(152)"
	},
	{
		"path": "http://pod.kaolafm.com/1000002262088.mp3?appid=10003&eventcode=100000&devicetype=2&channel=podcast&audioid=1000002262088&url=http%3A%2F%2Fimage.kaolafm.net%2Fmz%2Faudios%2F201602%2F9e630ada-02c2-4a28-a03a-082e00f584f2.mp3",
		"title": "云彩常围绕（7）：共同面对婚姻的困难",
		"duration": 1760,
		"size": "14.1M",
		"albumName": "《生活无国界》今天我主播",
		"albumId": 196,
		"id": 196888332,
		"albumtitle": "今天我主播(153)"
	},
	{
		"path": "http://pod.kaolafm.com/1000002275591.mp3?appid=10003&eventcode=100000&devicetype=2&channel=podcast&audioid=1000002275591&url=http%3A%2F%2Fimage.kaolafm.net%2Fmz%2Faudios%2F201603%2F4e0ebe71-d98d-4544-ba2e-b4e2562e661e.mp3",
		"title": "云彩常围绕(8): 乐媛留守儿童的心情",
		"duration": 1760,
		"size": "14.1M",
		"albumName": "《生活无国界》今天我主播",
		"albumId": 196,
		"id": 196888333,
		"albumtitle": "今天我主播(154)"
	},
	{
		"path": "http://pod.kaolafm.com/1000002287267.mp3?appid=10003&eventcode=100000&devicetype=2&channel=podcast&audioid=1000002287267&url=http%3A%2F%2Fimage.kaolafm.net%2Fmz%2Faudios%2F201603%2Fdb96a056-0db8-46bd-be94-16e29b64d388.mp3",
		"title": "世界观的故事（9）：科学以何立场面对生命???",
		"duration": 1760,
		"size": "14.1M",
		"albumName": "《生活无国界》今天我主播",
		"albumId": 196,
		"id": 196888334,
		"albumtitle": "今天我主播(155)"
	},
	{
		"path": "http://pod.kaolafm.com/1000002302852.mp3?appid=10003&eventcode=100000&devicetype=2&channel=podcast&audioid=1000002302852&url=http%3A%2F%2Fimage.kaolafm.net%2Fmz%2Faudios%2F201603%2F490a4033-bf5b-44a1-8e61-a21ef4c3b27d.mp3",
		"title": "世界观的故事(10):推论只是推论、不是事实!",
		"duration": 1760,
		"size": "14.1M",
		"albumName": "《生活无国界》今天我主播",
		"albumId": 196,
		"id": 196888335,
		"albumtitle": "今天我主播(156)"
	},
	{
		"path": "http://pod.kaolafm.com/1000002327527.mp3?appid=10003&eventcode=100000&devicetype=2&channel=podcast&audioid=1000002327527&url=http%3A%2F%2Fimage.kaolafm.net%2Fmz%2Faudios%2F201603%2Fc9d06b9c-0455-4f65-b888-081c70f9c3fd.mp3",
		"title": "云彩常围绕(11)：高山低谷是人生~ 万峰",
		"duration": 1760,
		"size": "14.1M",
		"albumName": "《生活无国界》今天我主播",
		"albumId": 196,
		"id": 196888336,
		"albumtitle": "今天我主播(157)"
	},
	{
		"path": "http://pod.kaolafm.com/1000002343599.mp3?appid=10003&eventcode=100000&devicetype=2&channel=podcast&audioid=1000002343599&url=http%3A%2F%2Fimage.kaolafm.net%2Fmz%2Faudios%2F201603%2F50f39bf4-3c7f-4122-924c-3aee6b95b0e0.mp3",
		"title": "云彩常围绕(12)：孝敬老人、教养孩子",
		"duration": 1760,
		"size": "14.1M",
		"albumName": "《生活无国界》今天我主播",
		"albumId": 196,
		"id": 196888337,
		"albumtitle": "今天我主播(158)"
	},
	{
		"path": "http://pod.kaolafm.com/1000002371466.mp3?appid=10003&eventcode=100000&devicetype=2&channel=podcast&audioid=1000002371466&url=http%3A%2F%2Fimage.kaolafm.net%2Fmz%2Faudios%2F201604%2F034275f7-465c-408d-bd1c-6c552150151a.mp3",
		"title": "创造的世界观",
		"duration": 1760,
		"size": "14.1M",
		"albumName": "《生活无国界》今天我主播",
		"albumId": 196,
		"id": 196888338,
		"albumtitle": "今天我主播(159)"
	},
	{
		"path": "http://pod.kaolafm.com/1000002388973.mp3?appid=10003&eventcode=100000&devicetype=2&channel=podcast&audioid=1000002388973&url=http%3A%2F%2Fimage.kaolafm.net%2Fmz%2Faudios%2F201604%2F20db21c7-74bb-49ca-962b-cbedb6e5188a.mp3",
		"title": "云彩常围绕（14）:什么是饶恕",
		"duration": 1760,
		"size": "14.1M",
		"albumName": "《生活无国界》今天我主播",
		"albumId": 196,
		"id": 196888339,
		"albumtitle": "今天我主播(160)"
	},
	{
		"path": "http://pod.kaolafm.com/1000002403345.mp3?appid=10003&eventcode=100000&devicetype=2&channel=podcast&audioid=1000002403345&url=http%3A%2F%2Fimage.kaolafm.net%2Fmz%2Faudios%2F201604%2Fba15b270-14e3-4bea-9ee7-2e6606999b1e.mp3",
		"title": "云彩常围绕（15）：何处找真爱?",
		"duration": 1760,
		"size": "14.1M",
		"albumName": "《生活无国界》今天我主播",
		"albumId": 196,
		"id": 196888340,
		"albumtitle": "今天我主播(161)"
	},
	{
		"path": "http://pod.kaolafm.com/1000002418115.mp3?appid=10003&eventcode=100000&devicetype=2&channel=podcast&audioid=1000002418115&url=http%3A%2F%2Fimage.kaolafm.net%2Fmz%2Faudios%2F201604%2F0ab7c557-84cc-4d0a-863d-94646d541994.mp3",
		"title": "云彩常围绕（16）：改善与父母的关系",
		"duration": 1760,
		"size": "14.1M",
		"albumName": "《生活无国界》今天我主播",
		"albumId": 196,
		"id": 196888341,
		"albumtitle": "今天我主播(162)"
	},
	{
		"path": "http://pod.kaolafm.com/1000002444760.mp3?appid=10003&eventcode=100000&devicetype=2&channel=podcast&audioid=1000002444760&url=http%3A%2F%2Fimage.kaolafm.net%2Fmz%2Faudios%2F201605%2Fc27013ce-3a81-48ca-92d0-7a9a157fdc07.mp3",
		"title": "解读真爱密码（二）: 怎么样叫真爱?",
		"duration": 1760,
		"size": "14.1M",
		"albumName": "《生活无国界》今天我主播",
		"albumId": 196,
		"id": 196888342,
		"albumtitle": "今天我主播(163)"
	},
	{
		"path": "http://pod.kaolafm.com/1000002466404.mp3?appid=10003&eventcode=100000&devicetype=2&channel=podcast&audioid=1000002466404&url=http%3A%2F%2Fimage.kaolafm.net%2Fmz%2Faudios%2F201605%2Faf99de30-1b49-477c-8baf-b5b8f2ade50a.mp3",
		"title": "加入帮派、曾经贩毒~心尹",
		"duration": 1760,
		"size": "14.1M",
		"albumName": "《生活无国界》今天我主播",
		"albumId": 196,
		"id": 196888343,
		"albumtitle": "今天我主播(164)"
	}
]