[
	{
		"albumtitle": "基督教來華史 之一(01)",
		"title": "",
		"duration": 1760,
        "size": "6.5M",
		"albumId": 210,
		"albumName": "基督教來華史 之一",
		"path": "https://rawcdn.githack.com/quiet324/Media4JAlbum/17060910/H01HOCTCI/H01HOCTCI01.mp3",
		"id": 210888180
	},
	{
		"albumtitle": "基督教來華史 之一(02)",
		"title": "",
		"duration": 1760,
        "size": "6.5M",
		"albumId": 210,
		"albumName": "基督教來華史 之一",
		"path": "https://rawcdn.githack.com/quiet324/Media4JAlbum/17060910/H01HOCTCI/H01HOCTCI02.mp3",
		"id": 210888181
	},
	{
		"albumtitle": "基督教來華史 之一(03)",
		"title": "",
		"duration": 1760,
        "size": "6.5M",
		"albumId": 210,
		"albumName": "基督教來華史 之一",
		"path": "https://rawcdn.githack.com/quiet324/Media4JAlbum/17060910/H01HOCTCI/H01HOCTCI03.mp3",
		"id": 210888182
	},
	{
		"albumtitle": "基督教來華史 之一(04)",
		"title": "",
		"duration": 1760,
        "size": "6.5M",
		"albumId": 210,
		"albumName": "基督教來華史 之一",
		"path": "https://rawcdn.githack.com/quiet324/Media4JAlbum/17060910/H01HOCTCI/H01HOCTCI04.mp3",
		"id": 210888183
	},

	{
		"albumtitle": "基督教來華史 之一(05)",
		"title": "",
		"duration": 1760,
		"size": "6.5M",
		"albumId": 210,
		"albumName": "基督教來華史 之一",
		"path": "https://rawcdn.githack.com/quiet324/Media4JAlbum/17060910/H01HOCTCI/H01HOCTCI05.mp3",
		"id": 210888184
	},
	{
		"albumtitle": "基督教來華史 之一(06)",
		"title": "",
		"duration": 1760,
		"size": "6.5M",
		"albumId": 210,
		"albumName": "基督教來華史 之一",
		"path": "https://rawcdn.githack.com/quiet324/Media4JAlbum/17060910/H01HOCTCI/H01HOCTCI06.mp3",
		"id": 210888185
	},
	{
		"albumtitle": "基督教來華史 之一(07)",
		"title": "",
		"duration": 1760,
		"size": "6.5M",
		"albumId": 210,
		"albumName": "基督教來華史 之一",
		"path": "https://rawcdn.githack.com/quiet324/Media4JAlbum/17060910/H01HOCTCI/H01HOCTCI07.mp3",
		"id": 210888186
	}

,

	{
		"albumtitle": "基督教來華史 之一(08)",
		"title": "",
		"duration": 1760,
		"size": "6.5M",
		"albumId": 210,
		"albumName": "基督教來華史 之一",
		"path": "https://rawcdn.githack.com/quiet324/Media4JAlbum/17060910/H01HOCTCI/H01HOCTCI08.mp3",
		"id": 210888187
	},
	{
		"albumtitle": "基督教來華史 之一(09)",
		"title": "",
		"duration": 1760,
		"size": "6.5M",
		"albumId": 210,
		"albumName": "基督教來華史 之一",
		"path": "https://rawcdn.githack.com/quiet324/Media4JAlbum/17060910/H01HOCTCI/H01HOCTCI09.mp3",
		"id": 210888188
	},
	{
		"albumtitle": "基督教來華史 之一(10)",
		"title": "",
		"duration": 1760,
		"size": "6.5M",
		"albumId": 210,
		"albumName": "基督教來華史 之一",
		"path": "https://rawcdn.githack.com/quiet324/Media4JAlbum/17060910/H01HOCTCI/H01HOCTCI10.mp3",
		"id": 210888189
	}

]