[
	{
		"albumtitle": "信仰傳承責無旁貸(01)",
		"title": "",
		"duration": 2660,
        "size": "20M",
		"albumId": 205,
		"albumName": "信仰傳承責無旁貸",
		"path": "https://rawcdn.githack.com/quiet324/Media4JAlbum/1706095/HeritageoftheFaith/HeritageoftheFaith01.mp3",
		"id": 205888180
	},
	{
		"albumtitle": "信仰傳承責無旁貸(02)",
		"title": "",
		"duration": 2660,
        "size": "20M",
		"albumId": 205,
		"albumName": "信仰傳承責無旁貸",
		"path": "https://rawcdn.githack.com/quiet324/Media4JAlbum/1706095/HeritageoftheFaith/HeritageoftheFaith02.mp3",
		"id": 205888181
	},
	{
		"albumtitle": "信仰傳承責無旁貸(03)",
		"title": "",
		"duration": 2660,
        "size": "20M",
		"albumId": 205,
		"albumName": "信仰傳承責無旁貸",
		"path": "https://rawcdn.githack.com/quiet324/Media4JAlbum/1706095/HeritageoftheFaith/HeritageoftheFaith03.mp3",
		"id": 205888182
	},
	{
		"albumtitle": "信仰傳承責無旁貸(04)",
		"title": "",
		"duration": 2660,
        "size": "20M",
		"albumId": 205,
		"albumName": "信仰傳承責無旁貸",
		"path": "https://rawcdn.githack.com/quiet324/Media4JAlbum/1706095/HeritageoftheFaith/HeritageoftheFaith04.mp3",
		"id": 205888183
	},

	{
		"albumtitle": "信仰傳承責無旁貸(05)",
		"title": "",
		"duration": 2660,
		"size": "20M",
		"albumId": 205,
		"albumName": "信仰傳承責無旁貸",
		"path": "https://rawcdn.githack.com/quiet324/Media4JAlbum/1706095/HeritageoftheFaith/HeritageoftheFaith05.mp3",
		"id": 205888184
	},
	{
		"albumtitle": "信仰傳承責無旁貸(06)",
		"title": "",
		"duration": 2660,
		"size": "20M",
		"albumId": 205,
		"albumName": "信仰傳承責無旁貸",
		"path": "https://rawcdn.githack.com/quiet324/Media4JAlbum/1706095/HeritageoftheFaith/HeritageoftheFaith06.mp3",
		"id": 205888185
	},
	{
		"albumtitle": "信仰傳承責無旁貸(07)",
		"title": "",
		"duration": 2660,
		"size": "20M",
		"albumId": 205,
		"albumName": "信仰傳承責無旁貸",
		"path": "https://rawcdn.githack.com/quiet324/Media4JAlbum/1706095/HeritageoftheFaith/HeritageoftheFaith07.mp3",
		"id": 205888186
	},
	{
		"albumtitle": "信仰傳承責無旁貸(08)",
		"title": "",
		"duration": 2660,
		"size": "20M",
		"albumId": 205,
		"albumName": "信仰傳承責無旁貸",
		"path": "https://rawcdn.githack.com/quiet324/Media4JAlbum/1706095/HeritageoftheFaith/HeritageoftheFaith08.mp3",
		"id": 205888187
	}

]