[
	{
		"albumtitle": "《无限飞行号》受难复活节特辑：苦难中的主耶稣(01)",
		"title": "同走主耶稣为人受难之路（第1、2站）",
		"downUrl": "http://txly2.net/ly/audio/ib_SufferingOfJesus/ib_SufferingOfJesus01.mp3",
		"duration": 1760,
		"size": "14.1M",
		"albumId": 19,
		"albumName": "《无限飞行号》受难复活节特辑：苦难中的主耶稣",
		"path": "https://rawcdn.githack.com/quiet324/LiangyouAlbums/1705203/node/ib_SufferingOfJesus/ib_SufferingOfJesus01.mp3",
		"id": 19888956
	},
	{
		"albumtitle": "《无限飞行号》受难复活节特辑：苦难中的主耶稣(02)",
		"title": "同走主耶稣为人受难之路（第3、4、5站）",
		"downUrl": "http://txly2.net/ly/audio/ib_SufferingOfJesus/ib_SufferingOfJesus02.mp3",
		"duration": 1760,
		"size": "14.1M",
		"albumId": 19,
		"albumName": "《无限飞行号》受难复活节特辑：苦难中的主耶稣",
		"path": "https://rawcdn.githack.com/quiet324/LiangyouAlbums/1705203/node/ib_SufferingOfJesus/ib_SufferingOfJesus02.mp3",
		"id": 19888957
	},
	{
		"albumtitle": "《无限飞行号》受难复活节特辑：苦难中的主耶稣(03)",
		"title": "同走主耶稣为人受难之路（第6、7站）",
		"downUrl": "http://txly2.net/ly/audio/ib_SufferingOfJesus/ib_SufferingOfJesus03.mp3",
		"duration": 1760,
		"size": "14.1M",
		"albumId": 19,
		"albumName": "《无限飞行号》受难复活节特辑：苦难中的主耶稣",
		"path": "https://rawcdn.githack.com/quiet324/LiangyouAlbums/1705203/node/ib_SufferingOfJesus/ib_SufferingOfJesus03.mp3",
		"id": 19888958
	},
	{
		"albumtitle": "《无限飞行号》受难复活节特辑：苦难中的主耶稣(04)",
		"title": "同走主耶稣为人受难之路（第8、9站）",
		"downUrl": "http://txly2.net/ly/audio/ib_SufferingOfJesus/ib_SufferingOfJesus04.mp3",
		"duration": 1760,
		"size": "14.1M",
		"albumId": 19,
		"albumName": "《无限飞行号》受难复活节特辑：苦难中的主耶稣",
		"path": "https://rawcdn.githack.com/quiet324/LiangyouAlbums/1705203/node/ib_SufferingOfJesus/ib_SufferingOfJesus04.mp3",
		"id": 19888959
	},
	{
		"albumtitle": "《无限飞行号》受难复活节特辑：苦难中的主耶稣(05)",
		"title": "同走主耶稣为人受难之路（第10、11、12、13站）及受难节布道会：你今天就可以决定──跟随复活救主耶稣！",
		"downUrl": "http://txly2.net/ly/audio/ib_SufferingOfJesus/ib_SufferingOfJesus05.mp3",
		"duration": 1760,
		"size": "14.1M",
		"albumId": 19,
		"albumName": "《无限飞行号》受难复活节特辑：苦难中的主耶稣",
		"path": "https://rawcdn.githack.com/quiet324/LiangyouAlbums/1705203/node/ib_SufferingOfJesus/ib_SufferingOfJesus05.mp3",
		"id": 19888960
	},
	{
		"albumtitle": "《无限飞行号》受难复活节特辑：苦难中的主耶稣(06)",
		"title": "救主为我们舍命──共默哀",
		"downUrl": "http://txly2.net/ly/audio/ib_SufferingOfJesus/ib_SufferingOfJesus06.mp3",
		"duration": 1760,
		"size": "14.1M",
		"albumId": 19,
		"albumName": "《无限飞行号》受难复活节特辑：苦难中的主耶稣",
		"path": "https://rawcdn.githack.com/quiet324/LiangyouAlbums/1705203/node/ib_SufferingOfJesus/ib_SufferingOfJesus06.mp3",
		"id": 19888961
	},
	{
		"albumtitle": "《无限飞行号》受难复活节特辑：苦难中的主耶稣(07)",
		"title": "救主耶稣复活了！──复活节共融敬拜",
		"downUrl": "http://txly2.net/ly/audio/ib_SufferingOfJesus/ib_SufferingOfJesus07.mp3",
		"duration": 1760,
		"size": "14.1M",
		"albumId": 19,
		"albumName": "《无限飞行号》受难复活节特辑：苦难中的主耶稣",
		"path": "https://rawcdn.githack.com/quiet324/LiangyouAlbums/1705203/node/ib_SufferingOfJesus/ib_SufferingOfJesus07.mp3",
		"id": 19888962
	}
]