[
	{
		"albumtitle": "《i关怀心磁场》职场应知的概念性常识（2）(01)",
		"title": "基本职业素质之一：渴望工作",
		"downUrl": "http://txly2.net/ly/audio/im_KnowledgeOfWorkplaceII/im_KnowledgeOfWorkplaceII01.mp3",
		"duration": 1760,
		"size": "14.1M",
		"albumId": 52,
		"albumName": "《i关怀心磁场》职场应知的概念性常识（2）",
		"path": "https://rawcdn.githack.com/quiet324/LiangyouAlbums/1705203/node/im_KnowledgeOfWorkplaceII/im_KnowledgeOfWorkplaceII01.mp3",
		"id": 52889053
	},
	{
		"albumtitle": "《i关怀心磁场》职场应知的概念性常识（2）(02)",
		"title": "基本职业素质之二：学习能力",
		"downUrl": "http://txly2.net/ly/audio/im_KnowledgeOfWorkplaceII/im_KnowledgeOfWorkplaceII02.mp3",
		"duration": 1760,
		"size": "14.1M",
		"albumId": 52,
		"albumName": "《i关怀心磁场》职场应知的概念性常识（2）",
		"path": "https://rawcdn.githack.com/quiet324/LiangyouAlbums/1705203/node/im_KnowledgeOfWorkplaceII/im_KnowledgeOfWorkplaceII02.mp3",
		"id": 52889054
	},
	{
		"albumtitle": "《i关怀心磁场》职场应知的概念性常识（2）(03)",
		"title": "基本职业素质之三：遵守纪律",
		"downUrl": "http://txly2.net/ly/audio/im_KnowledgeOfWorkplaceII/im_KnowledgeOfWorkplaceII03.mp3",
		"duration": 1760,
		"size": "14.1M",
		"albumId": 52,
		"albumName": "《i关怀心磁场》职场应知的概念性常识（2）",
		"path": "https://rawcdn.githack.com/quiet324/LiangyouAlbums/1705203/node/im_KnowledgeOfWorkplaceII/im_KnowledgeOfWorkplaceII03.mp3",
		"id": 52889055
	},
	{
		"albumtitle": "《i关怀心磁场》职场应知的概念性常识（2）(04)",
		"title": "职场动力来源：热情的培养",
		"downUrl": "http://txly2.net/ly/audio/im_KnowledgeOfWorkplaceII/im_KnowledgeOfWorkplaceII04.mp3",
		"duration": 1760,
		"size": "14.1M",
		"albumId": 52,
		"albumName": "《i关怀心磁场》职场应知的概念性常识（2）",
		"path": "https://rawcdn.githack.com/quiet324/LiangyouAlbums/1705203/node/im_KnowledgeOfWorkplaceII/im_KnowledgeOfWorkplaceII04.mp3",
		"id": 52889056
	},
	{
		"albumtitle": "《i关怀心磁场》职场应知的概念性常识（2）(05)",
		"title": "职场商务技能：练就工作本领",
		"downUrl": "http://txly2.net/ly/audio/im_KnowledgeOfWorkplaceII/im_KnowledgeOfWorkplaceII05.mp3",
		"duration": 1760,
		"size": "14.1M",
		"albumId": 52,
		"albumName": "《i关怀心磁场》职场应知的概念性常识（2）",
		"path": "https://rawcdn.githack.com/quiet324/LiangyouAlbums/1705203/node/im_KnowledgeOfWorkplaceII/im_KnowledgeOfWorkplaceII05.mp3",
		"id": 52889057
	}
]