[{
  "duration": 860,
  "size": "6.9M",
  "path": "http://media.febcchinese.org/Streaming/ir/ir161001.mp3",
  "id": 6244000001,
  "albumId": 6244,
  "albumName": "《i-Radio爱广播》2016年冬季合集",
  "albumtitle": "《i-Radio爱广播》2016年冬季合集(1)",
  "title": "i-Radio爱广播-20161001"
},
  {
    "duration": 860,
    "size": "6.9M",
    "path": "http://media.febcchinese.org/Streaming/ir/ir161002.mp3",
    "id": 6244000002,
    "albumId": 6244,
    "albumName": "《i-Radio爱广播》2016年冬季合集",
    "albumtitle": "《i-Radio爱广播》2016年冬季合集(2)",
    "title": "i-Radio爱广播-20161002"
  },
  {
    "duration": 860,
    "size": "6.9M",
    "path": "http://media.febcchinese.org/Streaming/ir/ir161003.mp3",
    "id": 6244000003,
    "albumId": 6244,
    "albumName": "《i-Radio爱广播》2016年冬季合集",
    "albumtitle": "《i-Radio爱广播》2016年冬季合集(3)",
    "title": "i-Radio爱广播-20161003"
  },
  {
    "duration": 860,
    "size": "6.9M",
    "path": "http://media.febcchinese.org/Streaming/ir/ir161004.mp3",
    "id": 6244000004,
    "albumId": 6244,
    "albumName": "《i-Radio爱广播》2016年冬季合集",
    "albumtitle": "《i-Radio爱广播》2016年冬季合集(4)",
    "title": "i-Radio爱广播-20161004"
  },
  {
    "duration": 860,
    "size": "6.9M",
    "path": "http://media.febcchinese.org/Streaming/ir/ir161005.mp3",
    "id": 6244000005,
    "albumId": 6244,
    "albumName": "《i-Radio爱广播》2016年冬季合集",
    "albumtitle": "《i-Radio爱广播》2016年冬季合集(5)",
    "title": "i-Radio爱广播-20161005"
  },
  {
    "duration": 860,
    "size": "6.9M",
    "path": "http://media.febcchinese.org/Streaming/ir/ir161006.mp3",
    "id": 6244000006,
    "albumId": 6244,
    "albumName": "《i-Radio爱广播》2016年冬季合集",
    "albumtitle": "《i-Radio爱广播》2016年冬季合集(6)",
    "title": "i-Radio爱广播-20161006"
  },
  {
    "duration": 860,
    "size": "6.9M",
    "path": "http://media.febcchinese.org/Streaming/ir/ir161007.mp3",
    "id": 6244000007,
    "albumId": 6244,
    "albumName": "《i-Radio爱广播》2016年冬季合集",
    "albumtitle": "《i-Radio爱广播》2016年冬季合集(7)",
    "title": "i-Radio爱广播-20161007"
  },
  {
    "duration": 860,
    "size": "6.9M",
    "path": "http://media.febcchinese.org/Streaming/ir/ir161008.mp3",
    "id": 6244000008,
    "albumId": 6244,
    "albumName": "《i-Radio爱广播》2016年冬季合集",
    "albumtitle": "《i-Radio爱广播》2016年冬季合集(8)",
    "title": "i-Radio爱广播-20161008"
  },
  {
    "duration": 860,
    "size": "6.9M",
    "path": "http://media.febcchinese.org/Streaming/ir/ir161009.mp3",
    "id": 6244000009,
    "albumId": 6244,
    "albumName": "《i-Radio爱广播》2016年冬季合集",
    "albumtitle": "《i-Radio爱广播》2016年冬季合集(9)",
    "title": "i-Radio爱广播-20161009"
  },
  {
    "duration": 860,
    "size": "6.9M",
    "path": "http://media.febcchinese.org/Streaming/ir/ir161010.mp3",
    "id": 6244000010,
    "albumId": 6244,
    "albumName": "《i-Radio爱广播》2016年冬季合集",
    "albumtitle": "《i-Radio爱广播》2016年冬季合集(10)",
    "title": "i-Radio爱广播-20161010"
  },
  {
    "duration": 860,
    "size": "6.9M",
    "path": "http://media.febcchinese.org/Streaming/ir/ir161011.mp3",
    "id": 6244000011,
    "albumId": 6244,
    "albumName": "《i-Radio爱广播》2016年冬季合集",
    "albumtitle": "《i-Radio爱广播》2016年冬季合集(11)",
    "title": "i-Radio爱广播-20161011"
  },
  {
    "duration": 860,
    "size": "6.9M",
    "path": "http://media.febcchinese.org/Streaming/ir/ir161012.mp3",
    "id": 6244000012,
    "albumId": 6244,
    "albumName": "《i-Radio爱广播》2016年冬季合集",
    "albumtitle": "《i-Radio爱广播》2016年冬季合集(12)",
    "title": "i-Radio爱广播-20161012"
  },
  {
    "duration": 860,
    "size": "6.9M",
    "path": "http://media.febcchinese.org/Streaming/ir/ir161013.mp3",
    "id": 6244000013,
    "albumId": 6244,
    "albumName": "《i-Radio爱广播》2016年冬季合集",
    "albumtitle": "《i-Radio爱广播》2016年冬季合集(13)",
    "title": "i-Radio爱广播-20161013"
  },
  {
    "duration": 860,
    "size": "6.9M",
    "path": "http://media.febcchinese.org/Streaming/ir/ir161014.mp3",
    "id": 6244000014,
    "albumId": 6244,
    "albumName": "《i-Radio爱广播》2016年冬季合集",
    "albumtitle": "《i-Radio爱广播》2016年冬季合集(14)",
    "title": "i-Radio爱广播-20161014"
  },
  {
    "duration": 860,
    "size": "6.9M",
    "path": "http://media.febcchinese.org/Streaming/ir/ir161015.mp3",
    "id": 6244000015,
    "albumId": 6244,
    "albumName": "《i-Radio爱广播》2016年冬季合集",
    "albumtitle": "《i-Radio爱广播》2016年冬季合集(15)",
    "title": "i-Radio爱广播-20161015"
  },
  {
    "duration": 860,
    "size": "6.9M",
    "path": "http://media.febcchinese.org/Streaming/ir/ir161016.mp3",
    "id": 6244000016,
    "albumId": 6244,
    "albumName": "《i-Radio爱广播》2016年冬季合集",
    "albumtitle": "《i-Radio爱广播》2016年冬季合集(16)",
    "title": "i-Radio爱广播-20161016"
  },
  {
    "duration": 860,
    "size": "6.9M",
    "path": "http://media.febcchinese.org/Streaming/ir/ir161017.mp3",
    "id": 6244000017,
    "albumId": 6244,
    "albumName": "《i-Radio爱广播》2016年冬季合集",
    "albumtitle": "《i-Radio爱广播》2016年冬季合集(17)",
    "title": "i-Radio爱广播-20161017"
  },
  {
    "duration": 860,
    "size": "6.9M",
    "path": "http://media.febcchinese.org/Streaming/ir/ir161018.mp3",
    "id": 6244000018,
    "albumId": 6244,
    "albumName": "《i-Radio爱广播》2016年冬季合集",
    "albumtitle": "《i-Radio爱广播》2016年冬季合集(18)",
    "title": "i-Radio爱广播-20161018"
  },
  {
    "duration": 860,
    "size": "6.9M",
    "path": "http://media.febcchinese.org/Streaming/ir/ir161019.mp3",
    "id": 6244000019,
    "albumId": 6244,
    "albumName": "《i-Radio爱广播》2016年冬季合集",
    "albumtitle": "《i-Radio爱广播》2016年冬季合集(19)",
    "title": "i-Radio爱广播-20161019"
  },
  {
    "duration": 860,
    "size": "6.9M",
    "path": "http://media.febcchinese.org/Streaming/ir/ir161020.mp3",
    "id": 6244000020,
    "albumId": 6244,
    "albumName": "《i-Radio爱广播》2016年冬季合集",
    "albumtitle": "《i-Radio爱广播》2016年冬季合集(20)",
    "title": "i-Radio爱广播-20161020"
  },
  {
    "duration": 860,
    "size": "6.9M",
    "path": "http://media.febcchinese.org/Streaming/ir/ir161021.mp3",
    "id": 6244000021,
    "albumId": 6244,
    "albumName": "《i-Radio爱广播》2016年冬季合集",
    "albumtitle": "《i-Radio爱广播》2016年冬季合集(21)",
    "title": "i-Radio爱广播-20161021"
  },
  {
    "duration": 860,
    "size": "6.9M",
    "path": "http://media.febcchinese.org/Streaming/ir/ir161022.mp3",
    "id": 6244000022,
    "albumId": 6244,
    "albumName": "《i-Radio爱广播》2016年冬季合集",
    "albumtitle": "《i-Radio爱广播》2016年冬季合集(22)",
    "title": "i-Radio爱广播-20161022"
  },
  {
    "duration": 860,
    "size": "6.9M",
    "path": "http://media.febcchinese.org/Streaming/ir/ir161023.mp3",
    "id": 6244000023,
    "albumId": 6244,
    "albumName": "《i-Radio爱广播》2016年冬季合集",
    "albumtitle": "《i-Radio爱广播》2016年冬季合集(23)",
    "title": "i-Radio爱广播-20161023"
  },
  {
    "duration": 860,
    "size": "6.9M",
    "path": "http://media.febcchinese.org/Streaming/ir/ir161024.mp3",
    "id": 6244000024,
    "albumId": 6244,
    "albumName": "《i-Radio爱广播》2016年冬季合集",
    "albumtitle": "《i-Radio爱广播》2016年冬季合集(24)",
    "title": "i-Radio爱广播-20161024"
  },
  {
    "duration": 860,
    "size": "6.9M",
    "path": "http://media.febcchinese.org/Streaming/ir/ir161025.mp3",
    "id": 6244000025,
    "albumId": 6244,
    "albumName": "《i-Radio爱广播》2016年冬季合集",
    "albumtitle": "《i-Radio爱广播》2016年冬季合集(25)",
    "title": "i-Radio爱广播-20161025"
  },
  {
    "duration": 860,
    "size": "6.9M",
    "path": "http://media.febcchinese.org/Streaming/ir/ir161026.mp3",
    "id": 6244000026,
    "albumId": 6244,
    "albumName": "《i-Radio爱广播》2016年冬季合集",
    "albumtitle": "《i-Radio爱广播》2016年冬季合集(26)",
    "title": "i-Radio爱广播-20161026"
  },
  {
    "duration": 860,
    "size": "6.9M",
    "path": "http://media.febcchinese.org/Streaming/ir/ir161027.mp3",
    "id": 6244000027,
    "albumId": 6244,
    "albumName": "《i-Radio爱广播》2016年冬季合集",
    "albumtitle": "《i-Radio爱广播》2016年冬季合集(27)",
    "title": "i-Radio爱广播-20161027"
  },
  {
    "duration": 860,
    "size": "6.9M",
    "path": "http://media.febcchinese.org/Streaming/ir/ir161028.mp3",
    "id": 6244000028,
    "albumId": 6244,
    "albumName": "《i-Radio爱广播》2016年冬季合集",
    "albumtitle": "《i-Radio爱广播》2016年冬季合集(28)",
    "title": "i-Radio爱广播-20161028"
  },
  {
    "duration": 860,
    "size": "6.9M",
    "path": "http://media.febcchinese.org/Streaming/ir/ir161029.mp3",
    "id": 6244000029,
    "albumId": 6244,
    "albumName": "《i-Radio爱广播》2016年冬季合集",
    "albumtitle": "《i-Radio爱广播》2016年冬季合集(29)",
    "title": "i-Radio爱广播-20161029"
  },
  {
    "duration": 860,
    "size": "6.9M",
    "path": "http://media.febcchinese.org/Streaming/ir/ir161030.mp3",
    "id": 6244000030,
    "albumId": 6244,
    "albumName": "《i-Radio爱广播》2016年冬季合集",
    "albumtitle": "《i-Radio爱广播》2016年冬季合集(30)",
    "title": "i-Radio爱广播-20161030"
  },
  {
    "duration": 860,
    "size": "6.9M",
    "path": "http://media.febcchinese.org/Streaming/ir/ir161031.mp3",
    "id": 6244000031,
    "albumId": 6244,
    "albumName": "《i-Radio爱广播》2016年冬季合集",
    "albumtitle": "《i-Radio爱广播》2016年冬季合集(31)",
    "title": "i-Radio爱广播-20161031"
  },
  {
    "duration": 860,
    "size": "6.9M",
    "path": "http://media.febcchinese.org/Streaming/ir/ir161101.mp3",
    "id": 6244000032,
    "albumId": 6244,
    "albumName": "《i-Radio爱广播》2016年冬季合集",
    "albumtitle": "《i-Radio爱广播》2016年冬季合集(32)",
    "title": "i-Radio爱广播-20161101"
  },
  {
    "duration": 860,
    "size": "6.9M",
    "path": "http://media.febcchinese.org/Streaming/ir/ir161102.mp3",
    "id": 6244000033,
    "albumId": 6244,
    "albumName": "《i-Radio爱广播》2016年冬季合集",
    "albumtitle": "《i-Radio爱广播》2016年冬季合集(33)",
    "title": "i-Radio爱广播-20161102"
  },
  {
    "duration": 860,
    "size": "6.9M",
    "path": "http://media.febcchinese.org/Streaming/ir/ir161103.mp3",
    "id": 6244000034,
    "albumId": 6244,
    "albumName": "《i-Radio爱广播》2016年冬季合集",
    "albumtitle": "《i-Radio爱广播》2016年冬季合集(34)",
    "title": "i-Radio爱广播-20161103"
  },
  {
    "duration": 860,
    "size": "6.9M",
    "path": "http://media.febcchinese.org/Streaming/ir/ir161104.mp3",
    "id": 6244000035,
    "albumId": 6244,
    "albumName": "《i-Radio爱广播》2016年冬季合集",
    "albumtitle": "《i-Radio爱广播》2016年冬季合集(35)",
    "title": "i-Radio爱广播-20161104"
  },
  {
    "duration": 860,
    "size": "6.9M",
    "path": "http://media.febcchinese.org/Streaming/ir/ir161105.mp3",
    "id": 6244000036,
    "albumId": 6244,
    "albumName": "《i-Radio爱广播》2016年冬季合集",
    "albumtitle": "《i-Radio爱广播》2016年冬季合集(36)",
    "title": "i-Radio爱广播-20161105"
  },
  {
    "duration": 860,
    "size": "6.9M",
    "path": "http://media.febcchinese.org/Streaming/ir/ir161106.mp3",
    "id": 6244000037,
    "albumId": 6244,
    "albumName": "《i-Radio爱广播》2016年冬季合集",
    "albumtitle": "《i-Radio爱广播》2016年冬季合集(37)",
    "title": "i-Radio爱广播-20161106"
  },
  {
    "duration": 860,
    "size": "6.9M",
    "path": "http://media.febcchinese.org/Streaming/ir/ir161107.mp3",
    "id": 6244000038,
    "albumId": 6244,
    "albumName": "《i-Radio爱广播》2016年冬季合集",
    "albumtitle": "《i-Radio爱广播》2016年冬季合集(38)",
    "title": "i-Radio爱广播-20161107"
  },
  {
    "duration": 860,
    "size": "6.9M",
    "path": "http://media.febcchinese.org/Streaming/ir/ir161108.mp3",
    "id": 6244000039,
    "albumId": 6244,
    "albumName": "《i-Radio爱广播》2016年冬季合集",
    "albumtitle": "《i-Radio爱广播》2016年冬季合集(39)",
    "title": "i-Radio爱广播-20161108"
  },
  {
    "duration": 860,
    "size": "6.9M",
    "path": "http://media.febcchinese.org/Streaming/ir/ir161109.mp3",
    "id": 6244000040,
    "albumId": 6244,
    "albumName": "《i-Radio爱广播》2016年冬季合集",
    "albumtitle": "《i-Radio爱广播》2016年冬季合集(40)",
    "title": "i-Radio爱广播-20161109"
  },
  {
    "duration": 860,
    "size": "6.9M",
    "path": "http://media.febcchinese.org/Streaming/ir/ir161110.mp3",
    "id": 6244000041,
    "albumId": 6244,
    "albumName": "《i-Radio爱广播》2016年冬季合集",
    "albumtitle": "《i-Radio爱广播》2016年冬季合集(41)",
    "title": "i-Radio爱广播-20161110"
  },
  {
    "duration": 860,
    "size": "6.9M",
    "path": "http://media.febcchinese.org/Streaming/ir/ir161111.mp3",
    "id": 6244000042,
    "albumId": 6244,
    "albumName": "《i-Radio爱广播》2016年冬季合集",
    "albumtitle": "《i-Radio爱广播》2016年冬季合集(42)",
    "title": "i-Radio爱广播-20161111"
  },
  {
    "duration": 860,
    "size": "6.9M",
    "path": "http://media.febcchinese.org/Streaming/ir/ir161112.mp3",
    "id": 6244000043,
    "albumId": 6244,
    "albumName": "《i-Radio爱广播》2016年冬季合集",
    "albumtitle": "《i-Radio爱广播》2016年冬季合集(43)",
    "title": "i-Radio爱广播-20161112"
  },
  {
    "duration": 860,
    "size": "6.9M",
    "path": "http://media.febcchinese.org/Streaming/ir/ir161113.mp3",
    "id": 6244000044,
    "albumId": 6244,
    "albumName": "《i-Radio爱广播》2016年冬季合集",
    "albumtitle": "《i-Radio爱广播》2016年冬季合集(44)",
    "title": "i-Radio爱广播-20161113"
  },
  {
    "duration": 860,
    "size": "6.9M",
    "path": "http://media.febcchinese.org/Streaming/ir/ir161114.mp3",
    "id": 6244000045,
    "albumId": 6244,
    "albumName": "《i-Radio爱广播》2016年冬季合集",
    "albumtitle": "《i-Radio爱广播》2016年冬季合集(45)",
    "title": "i-Radio爱广播-20161114"
  },
  {
    "duration": 860,
    "size": "6.9M",
    "path": "http://media.febcchinese.org/Streaming/ir/ir161115.mp3",
    "id": 6244000046,
    "albumId": 6244,
    "albumName": "《i-Radio爱广播》2016年冬季合集",
    "albumtitle": "《i-Radio爱广播》2016年冬季合集(46)",
    "title": "i-Radio爱广播-20161115"
  },
  {
    "duration": 860,
    "size": "6.9M",
    "path": "http://media.febcchinese.org/Streaming/ir/ir161116.mp3",
    "id": 6244000047,
    "albumId": 6244,
    "albumName": "《i-Radio爱广播》2016年冬季合集",
    "albumtitle": "《i-Radio爱广播》2016年冬季合集(47)",
    "title": "i-Radio爱广播-20161116"
  },
  {
    "duration": 860,
    "size": "6.9M",
    "path": "http://media.febcchinese.org/Streaming/ir/ir161117.mp3",
    "id": 6244000048,
    "albumId": 6244,
    "albumName": "《i-Radio爱广播》2016年冬季合集",
    "albumtitle": "《i-Radio爱广播》2016年冬季合集(48)",
    "title": "i-Radio爱广播-20161117"
  },
  {
    "duration": 860,
    "size": "6.9M",
    "path": "http://media.febcchinese.org/Streaming/ir/ir161118.mp3",
    "id": 6244000049,
    "albumId": 6244,
    "albumName": "《i-Radio爱广播》2016年冬季合集",
    "albumtitle": "《i-Radio爱广播》2016年冬季合集(49)",
    "title": "i-Radio爱广播-20161118"
  },
  {
    "duration": 860,
    "size": "6.9M",
    "path": "http://media.febcchinese.org/Streaming/ir/ir161119.mp3",
    "id": 6244000050,
    "albumId": 6244,
    "albumName": "《i-Radio爱广播》2016年冬季合集",
    "albumtitle": "《i-Radio爱广播》2016年冬季合集(50)",
    "title": "i-Radio爱广播-20161119"
  },
  {
    "duration": 860,
    "size": "6.9M",
    "path": "http://media.febcchinese.org/Streaming/ir/ir161120.mp3",
    "id": 6244000051,
    "albumId": 6244,
    "albumName": "《i-Radio爱广播》2016年冬季合集",
    "albumtitle": "《i-Radio爱广播》2016年冬季合集(51)",
    "title": "i-Radio爱广播-20161120"
  },
  {
    "duration": 860,
    "size": "6.9M",
    "path": "http://media.febcchinese.org/Streaming/ir/ir161121.mp3",
    "id": 6244000052,
    "albumId": 6244,
    "albumName": "《i-Radio爱广播》2016年冬季合集",
    "albumtitle": "《i-Radio爱广播》2016年冬季合集(52)",
    "title": "i-Radio爱广播-20161121"
  },
  {
    "duration": 860,
    "size": "6.9M",
    "path": "http://media.febcchinese.org/Streaming/ir/ir161122.mp3",
    "id": 6244000053,
    "albumId": 6244,
    "albumName": "《i-Radio爱广播》2016年冬季合集",
    "albumtitle": "《i-Radio爱广播》2016年冬季合集(53)",
    "title": "i-Radio爱广播-20161122"
  },
  {
    "duration": 860,
    "size": "6.9M",
    "path": "http://media.febcchinese.org/Streaming/ir/ir161123.mp3",
    "id": 6244000054,
    "albumId": 6244,
    "albumName": "《i-Radio爱广播》2016年冬季合集",
    "albumtitle": "《i-Radio爱广播》2016年冬季合集(54)",
    "title": "i-Radio爱广播-20161123"
  },
  {
    "duration": 860,
    "size": "6.9M",
    "path": "http://media.febcchinese.org/Streaming/ir/ir161124.mp3",
    "id": 6244000055,
    "albumId": 6244,
    "albumName": "《i-Radio爱广播》2016年冬季合集",
    "albumtitle": "《i-Radio爱广播》2016年冬季合集(55)",
    "title": "i-Radio爱广播-20161124"
  },
  {
    "duration": 860,
    "size": "6.9M",
    "path": "http://media.febcchinese.org/Streaming/ir/ir161125.mp3",
    "id": 6244000056,
    "albumId": 6244,
    "albumName": "《i-Radio爱广播》2016年冬季合集",
    "albumtitle": "《i-Radio爱广播》2016年冬季合集(56)",
    "title": "i-Radio爱广播-20161125"
  },
  {
    "duration": 860,
    "size": "6.9M",
    "path": "http://media.febcchinese.org/Streaming/ir/ir161126.mp3",
    "id": 6244000057,
    "albumId": 6244,
    "albumName": "《i-Radio爱广播》2016年冬季合集",
    "albumtitle": "《i-Radio爱广播》2016年冬季合集(57)",
    "title": "i-Radio爱广播-20161126"
  },
  {
    "duration": 860,
    "size": "6.9M",
    "path": "http://media.febcchinese.org/Streaming/ir/ir161127.mp3",
    "id": 6244000058,
    "albumId": 6244,
    "albumName": "《i-Radio爱广播》2016年冬季合集",
    "albumtitle": "《i-Radio爱广播》2016年冬季合集(58)",
    "title": "i-Radio爱广播-20161127"
  },
  {
    "duration": 860,
    "size": "6.9M",
    "path": "http://media.febcchinese.org/Streaming/ir/ir161128.mp3",
    "id": 6244000059,
    "albumId": 6244,
    "albumName": "《i-Radio爱广播》2016年冬季合集",
    "albumtitle": "《i-Radio爱广播》2016年冬季合集(59)",
    "title": "i-Radio爱广播-20161128"
  },
  {
    "duration": 860,
    "size": "6.9M",
    "path": "http://media.febcchinese.org/Streaming/ir/ir161129.mp3",
    "id": 6244000060,
    "albumId": 6244,
    "albumName": "《i-Radio爱广播》2016年冬季合集",
    "albumtitle": "《i-Radio爱广播》2016年冬季合集(60)",
    "title": "i-Radio爱广播-20161129"
  },
  {
    "duration": 860,
    "size": "6.9M",
    "path": "http://media.febcchinese.org/Streaming/ir/ir161130.mp3",
    "id": 6244000061,
    "albumId": 6244,
    "albumName": "《i-Radio爱广播》2016年冬季合集",
    "albumtitle": "《i-Radio爱广播》2016年冬季合集(61)",
    "title": "i-Radio爱广播-20161130"
  },
  {
    "duration": 860,
    "size": "6.9M",
    "path": "http://media.febcchinese.org/Streaming/ir/ir161201.mp3",
    "id": 6244000062,
    "albumId": 6244,
    "albumName": "《i-Radio爱广播》2016年冬季合集",
    "albumtitle": "《i-Radio爱广播》2016年冬季合集(62)",
    "title": "i-Radio爱广播-20161201"
  },
  {
    "duration": 860,
    "size": "6.9M",
    "path": "http://media.febcchinese.org/Streaming/ir/ir161202.mp3",
    "id": 6244000063,
    "albumId": 6244,
    "albumName": "《i-Radio爱广播》2016年冬季合集",
    "albumtitle": "《i-Radio爱广播》2016年冬季合集(63)",
    "title": "i-Radio爱广播-20161202"
  },
  {
    "duration": 860,
    "size": "6.9M",
    "path": "http://media.febcchinese.org/Streaming/ir/ir161203.mp3",
    "id": 6244000064,
    "albumId": 6244,
    "albumName": "《i-Radio爱广播》2016年冬季合集",
    "albumtitle": "《i-Radio爱广播》2016年冬季合集(64)",
    "title": "i-Radio爱广播-20161203"
  },
  {
    "duration": 860,
    "size": "6.9M",
    "path": "http://media.febcchinese.org/Streaming/ir/ir161204.mp3",
    "id": 6244000065,
    "albumId": 6244,
    "albumName": "《i-Radio爱广播》2016年冬季合集",
    "albumtitle": "《i-Radio爱广播》2016年冬季合集(65)",
    "title": "i-Radio爱广播-20161204"
  },
  {
    "duration": 860,
    "size": "6.9M",
    "path": "http://media.febcchinese.org/Streaming/ir/ir161205.mp3",
    "id": 6244000066,
    "albumId": 6244,
    "albumName": "《i-Radio爱广播》2016年冬季合集",
    "albumtitle": "《i-Radio爱广播》2016年冬季合集(66)",
    "title": "i-Radio爱广播-20161205"
  },
  {
    "duration": 860,
    "size": "6.9M",
    "path": "http://media.febcchinese.org/Streaming/ir/ir161206.mp3",
    "id": 6244000067,
    "albumId": 6244,
    "albumName": "《i-Radio爱广播》2016年冬季合集",
    "albumtitle": "《i-Radio爱广播》2016年冬季合集(67)",
    "title": "i-Radio爱广播-20161206"
  },
  {
    "duration": 860,
    "size": "6.9M",
    "path": "http://media.febcchinese.org/Streaming/ir/ir161207.mp3",
    "id": 6244000068,
    "albumId": 6244,
    "albumName": "《i-Radio爱广播》2016年冬季合集",
    "albumtitle": "《i-Radio爱广播》2016年冬季合集(68)",
    "title": "i-Radio爱广播-20161207"
  },
  {
    "duration": 860,
    "size": "6.9M",
    "path": "http://media.febcchinese.org/Streaming/ir/ir161208.mp3",
    "id": 6244000069,
    "albumId": 6244,
    "albumName": "《i-Radio爱广播》2016年冬季合集",
    "albumtitle": "《i-Radio爱广播》2016年冬季合集(69)",
    "title": "i-Radio爱广播-20161208"
  },
  {
    "duration": 860,
    "size": "6.9M",
    "path": "http://media.febcchinese.org/Streaming/ir/ir161209.mp3",
    "id": 6244000070,
    "albumId": 6244,
    "albumName": "《i-Radio爱广播》2016年冬季合集",
    "albumtitle": "《i-Radio爱广播》2016年冬季合集(70)",
    "title": "i-Radio爱广播-20161209"
  },
  {
    "duration": 860,
    "size": "6.9M",
    "path": "http://media.febcchinese.org/Streaming/ir/ir161210.mp3",
    "id": 6244000071,
    "albumId": 6244,
    "albumName": "《i-Radio爱广播》2016年冬季合集",
    "albumtitle": "《i-Radio爱广播》2016年冬季合集(71)",
    "title": "i-Radio爱广播-20161210"
  },
  {
    "duration": 860,
    "size": "6.9M",
    "path": "http://media.febcchinese.org/Streaming/ir/ir161211.mp3",
    "id": 6244000072,
    "albumId": 6244,
    "albumName": "《i-Radio爱广播》2016年冬季合集",
    "albumtitle": "《i-Radio爱广播》2016年冬季合集(72)",
    "title": "i-Radio爱广播-20161211"
  },
  {
    "duration": 860,
    "size": "6.9M",
    "path": "http://media.febcchinese.org/Streaming/ir/ir161212.mp3",
    "id": 6244000073,
    "albumId": 6244,
    "albumName": "《i-Radio爱广播》2016年冬季合集",
    "albumtitle": "《i-Radio爱广播》2016年冬季合集(73)",
    "title": "i-Radio爱广播-20161212"
  },
  {
    "duration": 860,
    "size": "6.9M",
    "path": "http://media.febcchinese.org/Streaming/ir/ir161213.mp3",
    "id": 6244000074,
    "albumId": 6244,
    "albumName": "《i-Radio爱广播》2016年冬季合集",
    "albumtitle": "《i-Radio爱广播》2016年冬季合集(74)",
    "title": "i-Radio爱广播-20161213"
  },
  {
    "duration": 860,
    "size": "6.9M",
    "path": "http://media.febcchinese.org/Streaming/ir/ir161214.mp3",
    "id": 6244000075,
    "albumId": 6244,
    "albumName": "《i-Radio爱广播》2016年冬季合集",
    "albumtitle": "《i-Radio爱广播》2016年冬季合集(75)",
    "title": "i-Radio爱广播-20161214"
  },
  {
    "duration": 860,
    "size": "6.9M",
    "path": "http://media.febcchinese.org/Streaming/ir/ir161215.mp3",
    "id": 6244000076,
    "albumId": 6244,
    "albumName": "《i-Radio爱广播》2016年冬季合集",
    "albumtitle": "《i-Radio爱广播》2016年冬季合集(76)",
    "title": "i-Radio爱广播-20161215"
  },
  {
    "duration": 860,
    "size": "6.9M",
    "path": "http://media.febcchinese.org/Streaming/ir/ir161216.mp3",
    "id": 6244000077,
    "albumId": 6244,
    "albumName": "《i-Radio爱广播》2016年冬季合集",
    "albumtitle": "《i-Radio爱广播》2016年冬季合集(77)",
    "title": "i-Radio爱广播-20161216"
  },
  {
    "duration": 860,
    "size": "6.9M",
    "path": "http://media.febcchinese.org/Streaming/ir/ir161217.mp3",
    "id": 6244000078,
    "albumId": 6244,
    "albumName": "《i-Radio爱广播》2016年冬季合集",
    "albumtitle": "《i-Radio爱广播》2016年冬季合集(78)",
    "title": "i-Radio爱广播-20161217"
  },
  {
    "duration": 860,
    "size": "6.9M",
    "path": "http://media.febcchinese.org/Streaming/ir/ir161218.mp3",
    "id": 6244000079,
    "albumId": 6244,
    "albumName": "《i-Radio爱广播》2016年冬季合集",
    "albumtitle": "《i-Radio爱广播》2016年冬季合集(79)",
    "title": "i-Radio爱广播-20161218"
  },
  {
    "duration": 860,
    "size": "6.9M",
    "path": "http://media.febcchinese.org/Streaming/ir/ir161219.mp3",
    "id": 6244000080,
    "albumId": 6244,
    "albumName": "《i-Radio爱广播》2016年冬季合集",
    "albumtitle": "《i-Radio爱广播》2016年冬季合集(80)",
    "title": "i-Radio爱广播-20161219"
  },
  {
    "duration": 860,
    "size": "6.9M",
    "path": "http://media.febcchinese.org/Streaming/ir/ir161220.mp3",
    "id": 6244000081,
    "albumId": 6244,
    "albumName": "《i-Radio爱广播》2016年冬季合集",
    "albumtitle": "《i-Radio爱广播》2016年冬季合集(81)",
    "title": "i-Radio爱广播-20161220"
  },
  {
    "duration": 860,
    "size": "6.9M",
    "path": "http://media.febcchinese.org/Streaming/ir/ir161221.mp3",
    "id": 6244000082,
    "albumId": 6244,
    "albumName": "《i-Radio爱广播》2016年冬季合集",
    "albumtitle": "《i-Radio爱广播》2016年冬季合集(82)",
    "title": "i-Radio爱广播-20161221"
  },
  {
    "duration": 860,
    "size": "6.9M",
    "path": "http://media.febcchinese.org/Streaming/ir/ir161222.mp3",
    "id": 6244000083,
    "albumId": 6244,
    "albumName": "《i-Radio爱广播》2016年冬季合集",
    "albumtitle": "《i-Radio爱广播》2016年冬季合集(83)",
    "title": "i-Radio爱广播-20161222"
  },
  {
    "duration": 860,
    "size": "6.9M",
    "path": "http://media.febcchinese.org/Streaming/ir/ir161223.mp3",
    "id": 6244000084,
    "albumId": 6244,
    "albumName": "《i-Radio爱广播》2016年冬季合集",
    "albumtitle": "《i-Radio爱广播》2016年冬季合集(84)",
    "title": "i-Radio爱广播-20161223"
  },
  {
    "duration": 860,
    "size": "6.9M",
    "path": "http://media.febcchinese.org/Streaming/ir/ir161224.mp3",
    "id": 6244000085,
    "albumId": 6244,
    "albumName": "《i-Radio爱广播》2016年冬季合集",
    "albumtitle": "《i-Radio爱广播》2016年冬季合集(85)",
    "title": "i-Radio爱广播-20161224"
  },
  {
    "duration": 860,
    "size": "6.9M",
    "path": "http://media.febcchinese.org/Streaming/ir/ir161225.mp3",
    "id": 6244000086,
    "albumId": 6244,
    "albumName": "《i-Radio爱广播》2016年冬季合集",
    "albumtitle": "《i-Radio爱广播》2016年冬季合集(86)",
    "title": "i-Radio爱广播-20161225"
  },
  {
    "duration": 860,
    "size": "6.9M",
    "path": "http://media.febcchinese.org/Streaming/ir/ir161226.mp3",
    "id": 6244000087,
    "albumId": 6244,
    "albumName": "《i-Radio爱广播》2016年冬季合集",
    "albumtitle": "《i-Radio爱广播》2016年冬季合集(87)",
    "title": "i-Radio爱广播-20161226"
  },
  {
    "duration": 860,
    "size": "6.9M",
    "path": "http://media.febcchinese.org/Streaming/ir/ir161227.mp3",
    "id": 6244000088,
    "albumId": 6244,
    "albumName": "《i-Radio爱广播》2016年冬季合集",
    "albumtitle": "《i-Radio爱广播》2016年冬季合集(88)",
    "title": "i-Radio爱广播-20161227"
  },
  {
    "duration": 860,
    "size": "6.9M",
    "path": "http://media.febcchinese.org/Streaming/ir/ir161228.mp3",
    "id": 6244000089,
    "albumId": 6244,
    "albumName": "《i-Radio爱广播》2016年冬季合集",
    "albumtitle": "《i-Radio爱广播》2016年冬季合集(89)",
    "title": "i-Radio爱广播-20161228"
  },
  {
    "duration": 860,
    "size": "6.9M",
    "path": "http://media.febcchinese.org/Streaming/ir/ir161229.mp3",
    "id": 6244000090,
    "albumId": 6244,
    "albumName": "《i-Radio爱广播》2016年冬季合集",
    "albumtitle": "《i-Radio爱广播》2016年冬季合集(90)",
    "title": "i-Radio爱广播-20161229"
  },
  {
    "duration": 860,
    "size": "6.9M",
    "path": "http://media.febcchinese.org/Streaming/ir/ir161230.mp3",
    "id": 6244000091,
    "albumId": 6244,
    "albumName": "《i-Radio爱广播》2016年冬季合集",
    "albumtitle": "《i-Radio爱广播》2016年冬季合集(91)",
    "title": "i-Radio爱广播-20161230"
  },
  {
    "duration": 860,
    "size": "6.9M",
    "path": "http://media.febcchinese.org/Streaming/ir/ir161231.mp3",
    "id": 6244000092,
    "albumId": 6244,
    "albumName": "《i-Radio爱广播》2016年冬季合集",
    "albumtitle": "《i-Radio爱广播》2016年冬季合集(92)",
    "title": "i-Radio爱广播-20161231"
  }
]