[{
  "duration": 860,
  "size": "6.9M",
  "path": "http://media.febcchinese.org/Streaming/ir/ir150701.mp3",
  "id": 6239000001,
  "albumId": 6239,
  "albumName": "《i-Radio爱广播》2015年秋季合集",
  "albumtitle": "《i-Radio爱广播》2015年秋季合集(1)",
  "title": "i-Radio爱广播-20150701"
},
  {
    "duration": 860,
    "size": "6.9M",
    "path": "http://media.febcchinese.org/Streaming/ir/ir150702.mp3",
    "id": 6239000002,
    "albumId": 6239,
    "albumName": "《i-Radio爱广播》2015年秋季合集",
    "albumtitle": "《i-Radio爱广播》2015年秋季合集(2)",
    "title": "i-Radio爱广播-20150702"
  },
  {
    "duration": 860,
    "size": "6.9M",
    "path": "http://media.febcchinese.org/Streaming/ir/ir150703.mp3",
    "id": 6239000003,
    "albumId": 6239,
    "albumName": "《i-Radio爱广播》2015年秋季合集",
    "albumtitle": "《i-Radio爱广播》2015年秋季合集(3)",
    "title": "i-Radio爱广播-20150703"
  },
  {
    "duration": 860,
    "size": "6.9M",
    "path": "http://media.febcchinese.org/Streaming/ir/ir150704.mp3",
    "id": 6239000004,
    "albumId": 6239,
    "albumName": "《i-Radio爱广播》2015年秋季合集",
    "albumtitle": "《i-Radio爱广播》2015年秋季合集(4)",
    "title": "i-Radio爱广播-20150704"
  },
  {
    "duration": 860,
    "size": "6.9M",
    "path": "http://media.febcchinese.org/Streaming/ir/ir150705.mp3",
    "id": 6239000005,
    "albumId": 6239,
    "albumName": "《i-Radio爱广播》2015年秋季合集",
    "albumtitle": "《i-Radio爱广播》2015年秋季合集(5)",
    "title": "i-Radio爱广播-20150705"
  },
  {
    "duration": 860,
    "size": "6.9M",
    "path": "http://media.febcchinese.org/Streaming/ir/ir150706.mp3",
    "id": 6239000006,
    "albumId": 6239,
    "albumName": "《i-Radio爱广播》2015年秋季合集",
    "albumtitle": "《i-Radio爱广播》2015年秋季合集(6)",
    "title": "i-Radio爱广播-20150706"
  },
  {
    "duration": 860,
    "size": "6.9M",
    "path": "http://media.febcchinese.org/Streaming/ir/ir150707.mp3",
    "id": 6239000007,
    "albumId": 6239,
    "albumName": "《i-Radio爱广播》2015年秋季合集",
    "albumtitle": "《i-Radio爱广播》2015年秋季合集(7)",
    "title": "i-Radio爱广播-20150707"
  },
  {
    "duration": 860,
    "size": "6.9M",
    "path": "http://media.febcchinese.org/Streaming/ir/ir150708.mp3",
    "id": 6239000008,
    "albumId": 6239,
    "albumName": "《i-Radio爱广播》2015年秋季合集",
    "albumtitle": "《i-Radio爱广播》2015年秋季合集(8)",
    "title": "i-Radio爱广播-20150708"
  },
  {
    "duration": 860,
    "size": "6.9M",
    "path": "http://media.febcchinese.org/Streaming/ir/ir150709.mp3",
    "id": 6239000009,
    "albumId": 6239,
    "albumName": "《i-Radio爱广播》2015年秋季合集",
    "albumtitle": "《i-Radio爱广播》2015年秋季合集(9)",
    "title": "i-Radio爱广播-20150709"
  },
  {
    "duration": 860,
    "size": "6.9M",
    "path": "http://media.febcchinese.org/Streaming/ir/ir150710.mp3",
    "id": 6239000010,
    "albumId": 6239,
    "albumName": "《i-Radio爱广播》2015年秋季合集",
    "albumtitle": "《i-Radio爱广播》2015年秋季合集(10)",
    "title": "i-Radio爱广播-20150710"
  },
  {
    "duration": 860,
    "size": "6.9M",
    "path": "http://media.febcchinese.org/Streaming/ir/ir150711.mp3",
    "id": 6239000011,
    "albumId": 6239,
    "albumName": "《i-Radio爱广播》2015年秋季合集",
    "albumtitle": "《i-Radio爱广播》2015年秋季合集(11)",
    "title": "i-Radio爱广播-20150711"
  },
  {
    "duration": 860,
    "size": "6.9M",
    "path": "http://media.febcchinese.org/Streaming/ir/ir150712.mp3",
    "id": 6239000012,
    "albumId": 6239,
    "albumName": "《i-Radio爱广播》2015年秋季合集",
    "albumtitle": "《i-Radio爱广播》2015年秋季合集(12)",
    "title": "i-Radio爱广播-20150712"
  },
  {
    "duration": 860,
    "size": "6.9M",
    "path": "http://media.febcchinese.org/Streaming/ir/ir150713.mp3",
    "id": 6239000013,
    "albumId": 6239,
    "albumName": "《i-Radio爱广播》2015年秋季合集",
    "albumtitle": "《i-Radio爱广播》2015年秋季合集(13)",
    "title": "i-Radio爱广播-20150713"
  },
  {
    "duration": 860,
    "size": "6.9M",
    "path": "http://media.febcchinese.org/Streaming/ir/ir150714.mp3",
    "id": 6239000014,
    "albumId": 6239,
    "albumName": "《i-Radio爱广播》2015年秋季合集",
    "albumtitle": "《i-Radio爱广播》2015年秋季合集(14)",
    "title": "i-Radio爱广播-20150714"
  },
  {
    "duration": 860,
    "size": "6.9M",
    "path": "http://media.febcchinese.org/Streaming/ir/ir150715.mp3",
    "id": 6239000015,
    "albumId": 6239,
    "albumName": "《i-Radio爱广播》2015年秋季合集",
    "albumtitle": "《i-Radio爱广播》2015年秋季合集(15)",
    "title": "i-Radio爱广播-20150715"
  },
  {
    "duration": 860,
    "size": "6.9M",
    "path": "http://media.febcchinese.org/Streaming/ir/ir150716.mp3",
    "id": 6239000016,
    "albumId": 6239,
    "albumName": "《i-Radio爱广播》2015年秋季合集",
    "albumtitle": "《i-Radio爱广播》2015年秋季合集(16)",
    "title": "i-Radio爱广播-20150716"
  },
  {
    "duration": 860,
    "size": "6.9M",
    "path": "http://media.febcchinese.org/Streaming/ir/ir150717.mp3",
    "id": 6239000017,
    "albumId": 6239,
    "albumName": "《i-Radio爱广播》2015年秋季合集",
    "albumtitle": "《i-Radio爱广播》2015年秋季合集(17)",
    "title": "i-Radio爱广播-20150717"
  },
  {
    "duration": 860,
    "size": "6.9M",
    "path": "http://media.febcchinese.org/Streaming/ir/ir150718.mp3",
    "id": 6239000018,
    "albumId": 6239,
    "albumName": "《i-Radio爱广播》2015年秋季合集",
    "albumtitle": "《i-Radio爱广播》2015年秋季合集(18)",
    "title": "i-Radio爱广播-20150718"
  },
  {
    "duration": 860,
    "size": "6.9M",
    "path": "http://media.febcchinese.org/Streaming/ir/ir150719.mp3",
    "id": 6239000019,
    "albumId": 6239,
    "albumName": "《i-Radio爱广播》2015年秋季合集",
    "albumtitle": "《i-Radio爱广播》2015年秋季合集(19)",
    "title": "i-Radio爱广播-20150719"
  },
  {
    "duration": 860,
    "size": "6.9M",
    "path": "http://media.febcchinese.org/Streaming/ir/ir150720.mp3",
    "id": 6239000020,
    "albumId": 6239,
    "albumName": "《i-Radio爱广播》2015年秋季合集",
    "albumtitle": "《i-Radio爱广播》2015年秋季合集(20)",
    "title": "i-Radio爱广播-20150720"
  },
  {
    "duration": 860,
    "size": "6.9M",
    "path": "http://media.febcchinese.org/Streaming/ir/ir150721.mp3",
    "id": 6239000021,
    "albumId": 6239,
    "albumName": "《i-Radio爱广播》2015年秋季合集",
    "albumtitle": "《i-Radio爱广播》2015年秋季合集(21)",
    "title": "i-Radio爱广播-20150721"
  },
  {
    "duration": 860,
    "size": "6.9M",
    "path": "http://media.febcchinese.org/Streaming/ir/ir150722.mp3",
    "id": 6239000022,
    "albumId": 6239,
    "albumName": "《i-Radio爱广播》2015年秋季合集",
    "albumtitle": "《i-Radio爱广播》2015年秋季合集(22)",
    "title": "i-Radio爱广播-20150722"
  },
  {
    "duration": 860,
    "size": "6.9M",
    "path": "http://media.febcchinese.org/Streaming/ir/ir150723.mp3",
    "id": 6239000023,
    "albumId": 6239,
    "albumName": "《i-Radio爱广播》2015年秋季合集",
    "albumtitle": "《i-Radio爱广播》2015年秋季合集(23)",
    "title": "i-Radio爱广播-20150723"
  },
  {
    "duration": 860,
    "size": "6.9M",
    "path": "http://media.febcchinese.org/Streaming/ir/ir150724.mp3",
    "id": 6239000024,
    "albumId": 6239,
    "albumName": "《i-Radio爱广播》2015年秋季合集",
    "albumtitle": "《i-Radio爱广播》2015年秋季合集(24)",
    "title": "i-Radio爱广播-20150724"
  },
  {
    "duration": 860,
    "size": "6.9M",
    "path": "http://media.febcchinese.org/Streaming/ir/ir150725.mp3",
    "id": 6239000025,
    "albumId": 6239,
    "albumName": "《i-Radio爱广播》2015年秋季合集",
    "albumtitle": "《i-Radio爱广播》2015年秋季合集(25)",
    "title": "i-Radio爱广播-20150725"
  },
  {
    "duration": 860,
    "size": "6.9M",
    "path": "http://media.febcchinese.org/Streaming/ir/ir150726.mp3",
    "id": 6239000026,
    "albumId": 6239,
    "albumName": "《i-Radio爱广播》2015年秋季合集",
    "albumtitle": "《i-Radio爱广播》2015年秋季合集(26)",
    "title": "i-Radio爱广播-20150726"
  },
  {
    "duration": 860,
    "size": "6.9M",
    "path": "http://media.febcchinese.org/Streaming/ir/ir150727.mp3",
    "id": 6239000027,
    "albumId": 6239,
    "albumName": "《i-Radio爱广播》2015年秋季合集",
    "albumtitle": "《i-Radio爱广播》2015年秋季合集(27)",
    "title": "i-Radio爱广播-20150727"
  },
  {
    "duration": 860,
    "size": "6.9M",
    "path": "http://media.febcchinese.org/Streaming/ir/ir150728.mp3",
    "id": 6239000028,
    "albumId": 6239,
    "albumName": "《i-Radio爱广播》2015年秋季合集",
    "albumtitle": "《i-Radio爱广播》2015年秋季合集(28)",
    "title": "i-Radio爱广播-20150728"
  },
  {
    "duration": 860,
    "size": "6.9M",
    "path": "http://media.febcchinese.org/Streaming/ir/ir150729.mp3",
    "id": 6239000029,
    "albumId": 6239,
    "albumName": "《i-Radio爱广播》2015年秋季合集",
    "albumtitle": "《i-Radio爱广播》2015年秋季合集(29)",
    "title": "i-Radio爱广播-20150729"
  },
  {
    "duration": 860,
    "size": "6.9M",
    "path": "http://media.febcchinese.org/Streaming/ir/ir150730.mp3",
    "id": 6239000030,
    "albumId": 6239,
    "albumName": "《i-Radio爱广播》2015年秋季合集",
    "albumtitle": "《i-Radio爱广播》2015年秋季合集(30)",
    "title": "i-Radio爱广播-20150730"
  },
  {
    "duration": 860,
    "size": "6.9M",
    "path": "http://media.febcchinese.org/Streaming/ir/ir150731.mp3",
    "id": 6239000031,
    "albumId": 6239,
    "albumName": "《i-Radio爱广播》2015年秋季合集",
    "albumtitle": "《i-Radio爱广播》2015年秋季合集(31)",
    "title": "i-Radio爱广播-20150731"
  },
  {
    "duration": 860,
    "size": "6.9M",
    "path": "http://media.febcchinese.org/Streaming/ir/ir150801.mp3",
    "id": 6239000032,
    "albumId": 6239,
    "albumName": "《i-Radio爱广播》2015年秋季合集",
    "albumtitle": "《i-Radio爱广播》2015年秋季合集(32)",
    "title": "i-Radio爱广播-20150801"
  },
  {
    "duration": 860,
    "size": "6.9M",
    "path": "http://media.febcchinese.org/Streaming/ir/ir150802.mp3",
    "id": 6239000033,
    "albumId": 6239,
    "albumName": "《i-Radio爱广播》2015年秋季合集",
    "albumtitle": "《i-Radio爱广播》2015年秋季合集(33)",
    "title": "i-Radio爱广播-20150802"
  },
  {
    "duration": 860,
    "size": "6.9M",
    "path": "http://media.febcchinese.org/Streaming/ir/ir150803.mp3",
    "id": 6239000034,
    "albumId": 6239,
    "albumName": "《i-Radio爱广播》2015年秋季合集",
    "albumtitle": "《i-Radio爱广播》2015年秋季合集(34)",
    "title": "i-Radio爱广播-20150803"
  },
  {
    "duration": 860,
    "size": "6.9M",
    "path": "http://media.febcchinese.org/Streaming/ir/ir150804.mp3",
    "id": 6239000035,
    "albumId": 6239,
    "albumName": "《i-Radio爱广播》2015年秋季合集",
    "albumtitle": "《i-Radio爱广播》2015年秋季合集(35)",
    "title": "i-Radio爱广播-20150804"
  },
  {
    "duration": 860,
    "size": "6.9M",
    "path": "http://media.febcchinese.org/Streaming/ir/ir150805.mp3",
    "id": 6239000036,
    "albumId": 6239,
    "albumName": "《i-Radio爱广播》2015年秋季合集",
    "albumtitle": "《i-Radio爱广播》2015年秋季合集(36)",
    "title": "i-Radio爱广播-20150805"
  },
  {
    "duration": 860,
    "size": "6.9M",
    "path": "http://media.febcchinese.org/Streaming/ir/ir150806.mp3",
    "id": 6239000037,
    "albumId": 6239,
    "albumName": "《i-Radio爱广播》2015年秋季合集",
    "albumtitle": "《i-Radio爱广播》2015年秋季合集(37)",
    "title": "i-Radio爱广播-20150806"
  },
  {
    "duration": 860,
    "size": "6.9M",
    "path": "http://media.febcchinese.org/Streaming/ir/ir150807.mp3",
    "id": 6239000038,
    "albumId": 6239,
    "albumName": "《i-Radio爱广播》2015年秋季合集",
    "albumtitle": "《i-Radio爱广播》2015年秋季合集(38)",
    "title": "i-Radio爱广播-20150807"
  },
  {
    "duration": 860,
    "size": "6.9M",
    "path": "http://media.febcchinese.org/Streaming/ir/ir150808.mp3",
    "id": 6239000039,
    "albumId": 6239,
    "albumName": "《i-Radio爱广播》2015年秋季合集",
    "albumtitle": "《i-Radio爱广播》2015年秋季合集(39)",
    "title": "i-Radio爱广播-20150808"
  },
  {
    "duration": 860,
    "size": "6.9M",
    "path": "http://media.febcchinese.org/Streaming/ir/ir150809.mp3",
    "id": 6239000040,
    "albumId": 6239,
    "albumName": "《i-Radio爱广播》2015年秋季合集",
    "albumtitle": "《i-Radio爱广播》2015年秋季合集(40)",
    "title": "i-Radio爱广播-20150809"
  },
  {
    "duration": 860,
    "size": "6.9M",
    "path": "http://media.febcchinese.org/Streaming/ir/ir150810.mp3",
    "id": 6239000041,
    "albumId": 6239,
    "albumName": "《i-Radio爱广播》2015年秋季合集",
    "albumtitle": "《i-Radio爱广播》2015年秋季合集(41)",
    "title": "i-Radio爱广播-20150810"
  },
  {
    "duration": 860,
    "size": "6.9M",
    "path": "http://media.febcchinese.org/Streaming/ir/ir150811.mp3",
    "id": 6239000042,
    "albumId": 6239,
    "albumName": "《i-Radio爱广播》2015年秋季合集",
    "albumtitle": "《i-Radio爱广播》2015年秋季合集(42)",
    "title": "i-Radio爱广播-20150811"
  },
  {
    "duration": 860,
    "size": "6.9M",
    "path": "http://media.febcchinese.org/Streaming/ir/ir150812.mp3",
    "id": 6239000043,
    "albumId": 6239,
    "albumName": "《i-Radio爱广播》2015年秋季合集",
    "albumtitle": "《i-Radio爱广播》2015年秋季合集(43)",
    "title": "i-Radio爱广播-20150812"
  },
  {
    "duration": 860,
    "size": "6.9M",
    "path": "http://media.febcchinese.org/Streaming/ir/ir150813.mp3",
    "id": 6239000044,
    "albumId": 6239,
    "albumName": "《i-Radio爱广播》2015年秋季合集",
    "albumtitle": "《i-Radio爱广播》2015年秋季合集(44)",
    "title": "i-Radio爱广播-20150813"
  },
  {
    "duration": 860,
    "size": "6.9M",
    "path": "http://media.febcchinese.org/Streaming/ir/ir150814.mp3",
    "id": 6239000045,
    "albumId": 6239,
    "albumName": "《i-Radio爱广播》2015年秋季合集",
    "albumtitle": "《i-Radio爱广播》2015年秋季合集(45)",
    "title": "i-Radio爱广播-20150814"
  },
  {
    "duration": 860,
    "size": "6.9M",
    "path": "http://media.febcchinese.org/Streaming/ir/ir150815.mp3",
    "id": 6239000046,
    "albumId": 6239,
    "albumName": "《i-Radio爱广播》2015年秋季合集",
    "albumtitle": "《i-Radio爱广播》2015年秋季合集(46)",
    "title": "i-Radio爱广播-20150815"
  },
  {
    "duration": 860,
    "size": "6.9M",
    "path": "http://media.febcchinese.org/Streaming/ir/ir150816.mp3",
    "id": 6239000047,
    "albumId": 6239,
    "albumName": "《i-Radio爱广播》2015年秋季合集",
    "albumtitle": "《i-Radio爱广播》2015年秋季合集(47)",
    "title": "i-Radio爱广播-20150816"
  },
  {
    "duration": 860,
    "size": "6.9M",
    "path": "http://media.febcchinese.org/Streaming/ir/ir150817.mp3",
    "id": 6239000048,
    "albumId": 6239,
    "albumName": "《i-Radio爱广播》2015年秋季合集",
    "albumtitle": "《i-Radio爱广播》2015年秋季合集(48)",
    "title": "i-Radio爱广播-20150817"
  },
  {
    "duration": 860,
    "size": "6.9M",
    "path": "http://media.febcchinese.org/Streaming/ir/ir150818.mp3",
    "id": 6239000049,
    "albumId": 6239,
    "albumName": "《i-Radio爱广播》2015年秋季合集",
    "albumtitle": "《i-Radio爱广播》2015年秋季合集(49)",
    "title": "i-Radio爱广播-20150818"
  },
  {
    "duration": 860,
    "size": "6.9M",
    "path": "http://media.febcchinese.org/Streaming/ir/ir150819.mp3",
    "id": 6239000050,
    "albumId": 6239,
    "albumName": "《i-Radio爱广播》2015年秋季合集",
    "albumtitle": "《i-Radio爱广播》2015年秋季合集(50)",
    "title": "i-Radio爱广播-20150819"
  },
  {
    "duration": 860,
    "size": "6.9M",
    "path": "http://media.febcchinese.org/Streaming/ir/ir150820.mp3",
    "id": 6239000051,
    "albumId": 6239,
    "albumName": "《i-Radio爱广播》2015年秋季合集",
    "albumtitle": "《i-Radio爱广播》2015年秋季合集(51)",
    "title": "i-Radio爱广播-20150820"
  },
  {
    "duration": 860,
    "size": "6.9M",
    "path": "http://media.febcchinese.org/Streaming/ir/ir150821.mp3",
    "id": 6239000052,
    "albumId": 6239,
    "albumName": "《i-Radio爱广播》2015年秋季合集",
    "albumtitle": "《i-Radio爱广播》2015年秋季合集(52)",
    "title": "i-Radio爱广播-20150821"
  },
  {
    "duration": 860,
    "size": "6.9M",
    "path": "http://media.febcchinese.org/Streaming/ir/ir150822.mp3",
    "id": 6239000053,
    "albumId": 6239,
    "albumName": "《i-Radio爱广播》2015年秋季合集",
    "albumtitle": "《i-Radio爱广播》2015年秋季合集(53)",
    "title": "i-Radio爱广播-20150822"
  },
  {
    "duration": 860,
    "size": "6.9M",
    "path": "http://media.febcchinese.org/Streaming/ir/ir150823.mp3",
    "id": 6239000054,
    "albumId": 6239,
    "albumName": "《i-Radio爱广播》2015年秋季合集",
    "albumtitle": "《i-Radio爱广播》2015年秋季合集(54)",
    "title": "i-Radio爱广播-20150823"
  },
  {
    "duration": 860,
    "size": "6.9M",
    "path": "http://media.febcchinese.org/Streaming/ir/ir150824.mp3",
    "id": 6239000055,
    "albumId": 6239,
    "albumName": "《i-Radio爱广播》2015年秋季合集",
    "albumtitle": "《i-Radio爱广播》2015年秋季合集(55)",
    "title": "i-Radio爱广播-20150824"
  },
  {
    "duration": 860,
    "size": "6.9M",
    "path": "http://media.febcchinese.org/Streaming/ir/ir150825.mp3",
    "id": 6239000056,
    "albumId": 6239,
    "albumName": "《i-Radio爱广播》2015年秋季合集",
    "albumtitle": "《i-Radio爱广播》2015年秋季合集(56)",
    "title": "i-Radio爱广播-20150825"
  },
  {
    "duration": 860,
    "size": "6.9M",
    "path": "http://media.febcchinese.org/Streaming/ir/ir150826.mp3",
    "id": 6239000057,
    "albumId": 6239,
    "albumName": "《i-Radio爱广播》2015年秋季合集",
    "albumtitle": "《i-Radio爱广播》2015年秋季合集(57)",
    "title": "i-Radio爱广播-20150826"
  },
  {
    "duration": 860,
    "size": "6.9M",
    "path": "http://media.febcchinese.org/Streaming/ir/ir150827.mp3",
    "id": 6239000058,
    "albumId": 6239,
    "albumName": "《i-Radio爱广播》2015年秋季合集",
    "albumtitle": "《i-Radio爱广播》2015年秋季合集(58)",
    "title": "i-Radio爱广播-20150827"
  },
  {
    "duration": 860,
    "size": "6.9M",
    "path": "http://media.febcchinese.org/Streaming/ir/ir150828.mp3",
    "id": 6239000059,
    "albumId": 6239,
    "albumName": "《i-Radio爱广播》2015年秋季合集",
    "albumtitle": "《i-Radio爱广播》2015年秋季合集(59)",
    "title": "i-Radio爱广播-20150828"
  },
  {
    "duration": 860,
    "size": "6.9M",
    "path": "http://media.febcchinese.org/Streaming/ir/ir150829.mp3",
    "id": 6239000060,
    "albumId": 6239,
    "albumName": "《i-Radio爱广播》2015年秋季合集",
    "albumtitle": "《i-Radio爱广播》2015年秋季合集(60)",
    "title": "i-Radio爱广播-20150829"
  },
  {
    "duration": 860,
    "size": "6.9M",
    "path": "http://media.febcchinese.org/Streaming/ir/ir150830.mp3",
    "id": 6239000061,
    "albumId": 6239,
    "albumName": "《i-Radio爱广播》2015年秋季合集",
    "albumtitle": "《i-Radio爱广播》2015年秋季合集(61)",
    "title": "i-Radio爱广播-20150830"
  },
  {
    "duration": 860,
    "size": "6.9M",
    "path": "http://media.febcchinese.org/Streaming/ir/ir150831.mp3",
    "id": 6239000062,
    "albumId": 6239,
    "albumName": "《i-Radio爱广播》2015年秋季合集",
    "albumtitle": "《i-Radio爱广播》2015年秋季合集(62)",
    "title": "i-Radio爱广播-20150831"
  },
  {
    "duration": 860,
    "size": "6.9M",
    "path": "http://media.febcchinese.org/Streaming/ir/ir150901.mp3",
    "id": 6239000063,
    "albumId": 6239,
    "albumName": "《i-Radio爱广播》2015年秋季合集",
    "albumtitle": "《i-Radio爱广播》2015年秋季合集(63)",
    "title": "i-Radio爱广播-20150901"
  },
  {
    "duration": 860,
    "size": "6.9M",
    "path": "http://media.febcchinese.org/Streaming/ir/ir150902.mp3",
    "id": 6239000064,
    "albumId": 6239,
    "albumName": "《i-Radio爱广播》2015年秋季合集",
    "albumtitle": "《i-Radio爱广播》2015年秋季合集(64)",
    "title": "i-Radio爱广播-20150902"
  },
  {
    "duration": 860,
    "size": "6.9M",
    "path": "http://media.febcchinese.org/Streaming/ir/ir150903.mp3",
    "id": 6239000065,
    "albumId": 6239,
    "albumName": "《i-Radio爱广播》2015年秋季合集",
    "albumtitle": "《i-Radio爱广播》2015年秋季合集(65)",
    "title": "i-Radio爱广播-20150903"
  },
  {
    "duration": 860,
    "size": "6.9M",
    "path": "http://media.febcchinese.org/Streaming/ir/ir150904.mp3",
    "id": 6239000066,
    "albumId": 6239,
    "albumName": "《i-Radio爱广播》2015年秋季合集",
    "albumtitle": "《i-Radio爱广播》2015年秋季合集(66)",
    "title": "i-Radio爱广播-20150904"
  },
  {
    "duration": 860,
    "size": "6.9M",
    "path": "http://media.febcchinese.org/Streaming/ir/ir150905.mp3",
    "id": 6239000067,
    "albumId": 6239,
    "albumName": "《i-Radio爱广播》2015年秋季合集",
    "albumtitle": "《i-Radio爱广播》2015年秋季合集(67)",
    "title": "i-Radio爱广播-20150905"
  },
  {
    "duration": 860,
    "size": "6.9M",
    "path": "http://media.febcchinese.org/Streaming/ir/ir150906.mp3",
    "id": 6239000068,
    "albumId": 6239,
    "albumName": "《i-Radio爱广播》2015年秋季合集",
    "albumtitle": "《i-Radio爱广播》2015年秋季合集(68)",
    "title": "i-Radio爱广播-20150906"
  },
  {
    "duration": 860,
    "size": "6.9M",
    "path": "http://media.febcchinese.org/Streaming/ir/ir150907.mp3",
    "id": 6239000069,
    "albumId": 6239,
    "albumName": "《i-Radio爱广播》2015年秋季合集",
    "albumtitle": "《i-Radio爱广播》2015年秋季合集(69)",
    "title": "i-Radio爱广播-20150907"
  },
  {
    "duration": 860,
    "size": "6.9M",
    "path": "http://media.febcchinese.org/Streaming/ir/ir150908.mp3",
    "id": 6239000070,
    "albumId": 6239,
    "albumName": "《i-Radio爱广播》2015年秋季合集",
    "albumtitle": "《i-Radio爱广播》2015年秋季合集(70)",
    "title": "i-Radio爱广播-20150908"
  },
  {
    "duration": 860,
    "size": "6.9M",
    "path": "http://media.febcchinese.org/Streaming/ir/ir150909.mp3",
    "id": 6239000071,
    "albumId": 6239,
    "albumName": "《i-Radio爱广播》2015年秋季合集",
    "albumtitle": "《i-Radio爱广播》2015年秋季合集(71)",
    "title": "i-Radio爱广播-20150909"
  },
  {
    "duration": 860,
    "size": "6.9M",
    "path": "http://media.febcchinese.org/Streaming/ir/ir150910.mp3",
    "id": 6239000072,
    "albumId": 6239,
    "albumName": "《i-Radio爱广播》2015年秋季合集",
    "albumtitle": "《i-Radio爱广播》2015年秋季合集(72)",
    "title": "i-Radio爱广播-20150910"
  },
  {
    "duration": 860,
    "size": "6.9M",
    "path": "http://media.febcchinese.org/Streaming/ir/ir150911.mp3",
    "id": 6239000073,
    "albumId": 6239,
    "albumName": "《i-Radio爱广播》2015年秋季合集",
    "albumtitle": "《i-Radio爱广播》2015年秋季合集(73)",
    "title": "i-Radio爱广播-20150911"
  },
  {
    "duration": 860,
    "size": "6.9M",
    "path": "http://media.febcchinese.org/Streaming/ir/ir150912.mp3",
    "id": 6239000074,
    "albumId": 6239,
    "albumName": "《i-Radio爱广播》2015年秋季合集",
    "albumtitle": "《i-Radio爱广播》2015年秋季合集(74)",
    "title": "i-Radio爱广播-20150912"
  },
  {
    "duration": 860,
    "size": "6.9M",
    "path": "http://media.febcchinese.org/Streaming/ir/ir150913.mp3",
    "id": 6239000075,
    "albumId": 6239,
    "albumName": "《i-Radio爱广播》2015年秋季合集",
    "albumtitle": "《i-Radio爱广播》2015年秋季合集(75)",
    "title": "i-Radio爱广播-20150913"
  },
  {
    "duration": 860,
    "size": "6.9M",
    "path": "http://media.febcchinese.org/Streaming/ir/ir150914.mp3",
    "id": 6239000076,
    "albumId": 6239,
    "albumName": "《i-Radio爱广播》2015年秋季合集",
    "albumtitle": "《i-Radio爱广播》2015年秋季合集(76)",
    "title": "i-Radio爱广播-20150914"
  },
  {
    "duration": 860,
    "size": "6.9M",
    "path": "http://media.febcchinese.org/Streaming/ir/ir150915.mp3",
    "id": 6239000077,
    "albumId": 6239,
    "albumName": "《i-Radio爱广播》2015年秋季合集",
    "albumtitle": "《i-Radio爱广播》2015年秋季合集(77)",
    "title": "i-Radio爱广播-20150915"
  },
  {
    "duration": 860,
    "size": "6.9M",
    "path": "http://media.febcchinese.org/Streaming/ir/ir150916.mp3",
    "id": 6239000078,
    "albumId": 6239,
    "albumName": "《i-Radio爱广播》2015年秋季合集",
    "albumtitle": "《i-Radio爱广播》2015年秋季合集(78)",
    "title": "i-Radio爱广播-20150916"
  },
  {
    "duration": 860,
    "size": "6.9M",
    "path": "http://media.febcchinese.org/Streaming/ir/ir150917.mp3",
    "id": 6239000079,
    "albumId": 6239,
    "albumName": "《i-Radio爱广播》2015年秋季合集",
    "albumtitle": "《i-Radio爱广播》2015年秋季合集(79)",
    "title": "i-Radio爱广播-20150917"
  },
  {
    "duration": 860,
    "size": "6.9M",
    "path": "http://media.febcchinese.org/Streaming/ir/ir150918.mp3",
    "id": 6239000080,
    "albumId": 6239,
    "albumName": "《i-Radio爱广播》2015年秋季合集",
    "albumtitle": "《i-Radio爱广播》2015年秋季合集(80)",
    "title": "i-Radio爱广播-20150918"
  },
  {
    "duration": 860,
    "size": "6.9M",
    "path": "http://media.febcchinese.org/Streaming/ir/ir150919.mp3",
    "id": 6239000081,
    "albumId": 6239,
    "albumName": "《i-Radio爱广播》2015年秋季合集",
    "albumtitle": "《i-Radio爱广播》2015年秋季合集(81)",
    "title": "i-Radio爱广播-20150919"
  },
  {
    "duration": 860,
    "size": "6.9M",
    "path": "http://media.febcchinese.org/Streaming/ir/ir150920.mp3",
    "id": 6239000082,
    "albumId": 6239,
    "albumName": "《i-Radio爱广播》2015年秋季合集",
    "albumtitle": "《i-Radio爱广播》2015年秋季合集(82)",
    "title": "i-Radio爱广播-20150920"
  },
  {
    "duration": 860,
    "size": "6.9M",
    "path": "http://media.febcchinese.org/Streaming/ir/ir150921.mp3",
    "id": 6239000083,
    "albumId": 6239,
    "albumName": "《i-Radio爱广播》2015年秋季合集",
    "albumtitle": "《i-Radio爱广播》2015年秋季合集(83)",
    "title": "i-Radio爱广播-20150921"
  },
  {
    "duration": 860,
    "size": "6.9M",
    "path": "http://media.febcchinese.org/Streaming/ir/ir150922.mp3",
    "id": 6239000084,
    "albumId": 6239,
    "albumName": "《i-Radio爱广播》2015年秋季合集",
    "albumtitle": "《i-Radio爱广播》2015年秋季合集(84)",
    "title": "i-Radio爱广播-20150922"
  },
  {
    "duration": 860,
    "size": "6.9M",
    "path": "http://media.febcchinese.org/Streaming/ir/ir150923.mp3",
    "id": 6239000085,
    "albumId": 6239,
    "albumName": "《i-Radio爱广播》2015年秋季合集",
    "albumtitle": "《i-Radio爱广播》2015年秋季合集(85)",
    "title": "i-Radio爱广播-20150923"
  },
  {
    "duration": 860,
    "size": "6.9M",
    "path": "http://media.febcchinese.org/Streaming/ir/ir150924.mp3",
    "id": 6239000086,
    "albumId": 6239,
    "albumName": "《i-Radio爱广播》2015年秋季合集",
    "albumtitle": "《i-Radio爱广播》2015年秋季合集(86)",
    "title": "i-Radio爱广播-20150924"
  },
  {
    "duration": 860,
    "size": "6.9M",
    "path": "http://media.febcchinese.org/Streaming/ir/ir150925.mp3",
    "id": 6239000087,
    "albumId": 6239,
    "albumName": "《i-Radio爱广播》2015年秋季合集",
    "albumtitle": "《i-Radio爱广播》2015年秋季合集(87)",
    "title": "i-Radio爱广播-20150925"
  },
  {
    "duration": 860,
    "size": "6.9M",
    "path": "http://media.febcchinese.org/Streaming/ir/ir150926.mp3",
    "id": 6239000088,
    "albumId": 6239,
    "albumName": "《i-Radio爱广播》2015年秋季合集",
    "albumtitle": "《i-Radio爱广播》2015年秋季合集(88)",
    "title": "i-Radio爱广播-20150926"
  },
  {
    "duration": 860,
    "size": "6.9M",
    "path": "http://media.febcchinese.org/Streaming/ir/ir150927.mp3",
    "id": 6239000089,
    "albumId": 6239,
    "albumName": "《i-Radio爱广播》2015年秋季合集",
    "albumtitle": "《i-Radio爱广播》2015年秋季合集(89)",
    "title": "i-Radio爱广播-20150927"
  },
  {
    "duration": 860,
    "size": "6.9M",
    "path": "http://media.febcchinese.org/Streaming/ir/ir150928.mp3",
    "id": 6239000090,
    "albumId": 6239,
    "albumName": "《i-Radio爱广播》2015年秋季合集",
    "albumtitle": "《i-Radio爱广播》2015年秋季合集(90)",
    "title": "i-Radio爱广播-20150928"
  },
  {
    "duration": 860,
    "size": "6.9M",
    "path": "http://media.febcchinese.org/Streaming/ir/ir150929.mp3",
    "id": 6239000091,
    "albumId": 6239,
    "albumName": "《i-Radio爱广播》2015年秋季合集",
    "albumtitle": "《i-Radio爱广播》2015年秋季合集(91)",
    "title": "i-Radio爱广播-20150929"
  },
  {
    "duration": 860,
    "size": "6.9M",
    "path": "http://media.febcchinese.org/Streaming/ir/ir150930.mp3",
    "id": 6239000092,
    "albumId": 6239,
    "albumName": "《i-Radio爱广播》2015年秋季合集",
    "albumtitle": "《i-Radio爱广播》2015年秋季合集(92)",
    "title": "i-Radio爱广播-20150930"
  }
]