[{
  "duration": 860,
  "size": "6.9M",
  "path": "http://media.febcchinese.org/Streaming/ir/ir170101.mp3",
  "id": 6245000001,
  "albumId": 6245,
  "albumName": "《i-Radio爱广播》2017年春季合集",
  "albumtitle": "《i-Radio爱广播》2017年春季合集(1)",
  "title": "i-Radio爱广播-20170101"
},
  {
    "duration": 860,
    "size": "6.9M",
    "path": "http://media.febcchinese.org/Streaming/ir/ir170102.mp3",
    "id": 6245000002,
    "albumId": 6245,
    "albumName": "《i-Radio爱广播》2017年春季合集",
    "albumtitle": "《i-Radio爱广播》2017年春季合集(2)",
    "title": "i-Radio爱广播-20170102"
  },
  {
    "duration": 860,
    "size": "6.9M",
    "path": "http://media.febcchinese.org/Streaming/ir/ir170103.mp3",
    "id": 6245000003,
    "albumId": 6245,
    "albumName": "《i-Radio爱广播》2017年春季合集",
    "albumtitle": "《i-Radio爱广播》2017年春季合集(3)",
    "title": "i-Radio爱广播-20170103"
  },
  {
    "duration": 860,
    "size": "6.9M",
    "path": "http://media.febcchinese.org/Streaming/ir/ir170104.mp3",
    "id": 6245000004,
    "albumId": 6245,
    "albumName": "《i-Radio爱广播》2017年春季合集",
    "albumtitle": "《i-Radio爱广播》2017年春季合集(4)",
    "title": "i-Radio爱广播-20170104"
  },
  {
    "duration": 860,
    "size": "6.9M",
    "path": "http://media.febcchinese.org/Streaming/ir/ir170105.mp3",
    "id": 6245000005,
    "albumId": 6245,
    "albumName": "《i-Radio爱广播》2017年春季合集",
    "albumtitle": "《i-Radio爱广播》2017年春季合集(5)",
    "title": "i-Radio爱广播-20170105"
  },
  {
    "duration": 860,
    "size": "6.9M",
    "path": "http://media.febcchinese.org/Streaming/ir/ir170106.mp3",
    "id": 6245000006,
    "albumId": 6245,
    "albumName": "《i-Radio爱广播》2017年春季合集",
    "albumtitle": "《i-Radio爱广播》2017年春季合集(6)",
    "title": "i-Radio爱广播-20170106"
  },
  {
    "duration": 860,
    "size": "6.9M",
    "path": "http://media.febcchinese.org/Streaming/ir/ir170107.mp3",
    "id": 6245000007,
    "albumId": 6245,
    "albumName": "《i-Radio爱广播》2017年春季合集",
    "albumtitle": "《i-Radio爱广播》2017年春季合集(7)",
    "title": "i-Radio爱广播-20170107"
  },
  {
    "duration": 860,
    "size": "6.9M",
    "path": "http://media.febcchinese.org/Streaming/ir/ir170108.mp3",
    "id": 6245000008,
    "albumId": 6245,
    "albumName": "《i-Radio爱广播》2017年春季合集",
    "albumtitle": "《i-Radio爱广播》2017年春季合集(8)",
    "title": "i-Radio爱广播-20170108"
  },
  {
    "duration": 860,
    "size": "6.9M",
    "path": "http://media.febcchinese.org/Streaming/ir/ir170109.mp3",
    "id": 6245000009,
    "albumId": 6245,
    "albumName": "《i-Radio爱广播》2017年春季合集",
    "albumtitle": "《i-Radio爱广播》2017年春季合集(9)",
    "title": "i-Radio爱广播-20170109"
  },
  {
    "duration": 860,
    "size": "6.9M",
    "path": "http://media.febcchinese.org/Streaming/ir/ir170110.mp3",
    "id": 6245000010,
    "albumId": 6245,
    "albumName": "《i-Radio爱广播》2017年春季合集",
    "albumtitle": "《i-Radio爱广播》2017年春季合集(10)",
    "title": "i-Radio爱广播-20170110"
  },
  {
    "duration": 860,
    "size": "6.9M",
    "path": "http://media.febcchinese.org/Streaming/ir/ir170111.mp3",
    "id": 6245000011,
    "albumId": 6245,
    "albumName": "《i-Radio爱广播》2017年春季合集",
    "albumtitle": "《i-Radio爱广播》2017年春季合集(11)",
    "title": "i-Radio爱广播-20170111"
  },
  {
    "duration": 860,
    "size": "6.9M",
    "path": "http://media.febcchinese.org/Streaming/ir/ir170112.mp3",
    "id": 6245000012,
    "albumId": 6245,
    "albumName": "《i-Radio爱广播》2017年春季合集",
    "albumtitle": "《i-Radio爱广播》2017年春季合集(12)",
    "title": "i-Radio爱广播-20170112"
  },
  {
    "duration": 860,
    "size": "6.9M",
    "path": "http://media.febcchinese.org/Streaming/ir/ir170113.mp3",
    "id": 6245000013,
    "albumId": 6245,
    "albumName": "《i-Radio爱广播》2017年春季合集",
    "albumtitle": "《i-Radio爱广播》2017年春季合集(13)",
    "title": "i-Radio爱广播-20170113"
  },
  {
    "duration": 860,
    "size": "6.9M",
    "path": "http://media.febcchinese.org/Streaming/ir/ir170114.mp3",
    "id": 6245000014,
    "albumId": 6245,
    "albumName": "《i-Radio爱广播》2017年春季合集",
    "albumtitle": "《i-Radio爱广播》2017年春季合集(14)",
    "title": "i-Radio爱广播-20170114"
  },
  {
    "duration": 860,
    "size": "6.9M",
    "path": "http://media.febcchinese.org/Streaming/ir/ir170115.mp3",
    "id": 6245000015,
    "albumId": 6245,
    "albumName": "《i-Radio爱广播》2017年春季合集",
    "albumtitle": "《i-Radio爱广播》2017年春季合集(15)",
    "title": "i-Radio爱广播-20170115"
  },
  {
    "duration": 860,
    "size": "6.9M",
    "path": "http://media.febcchinese.org/Streaming/ir/ir170116.mp3",
    "id": 6245000016,
    "albumId": 6245,
    "albumName": "《i-Radio爱广播》2017年春季合集",
    "albumtitle": "《i-Radio爱广播》2017年春季合集(16)",
    "title": "i-Radio爱广播-20170116"
  },
  {
    "duration": 860,
    "size": "6.9M",
    "path": "http://media.febcchinese.org/Streaming/ir/ir170117.mp3",
    "id": 6245000017,
    "albumId": 6245,
    "albumName": "《i-Radio爱广播》2017年春季合集",
    "albumtitle": "《i-Radio爱广播》2017年春季合集(17)",
    "title": "i-Radio爱广播-20170117"
  },
  {
    "duration": 860,
    "size": "6.9M",
    "path": "http://media.febcchinese.org/Streaming/ir/ir170118.mp3",
    "id": 6245000018,
    "albumId": 6245,
    "albumName": "《i-Radio爱广播》2017年春季合集",
    "albumtitle": "《i-Radio爱广播》2017年春季合集(18)",
    "title": "i-Radio爱广播-20170118"
  },
  {
    "duration": 860,
    "size": "6.9M",
    "path": "http://media.febcchinese.org/Streaming/ir/ir170119.mp3",
    "id": 6245000019,
    "albumId": 6245,
    "albumName": "《i-Radio爱广播》2017年春季合集",
    "albumtitle": "《i-Radio爱广播》2017年春季合集(19)",
    "title": "i-Radio爱广播-20170119"
  },
  {
    "duration": 860,
    "size": "6.9M",
    "path": "http://media.febcchinese.org/Streaming/ir/ir170120.mp3",
    "id": 6245000020,
    "albumId": 6245,
    "albumName": "《i-Radio爱广播》2017年春季合集",
    "albumtitle": "《i-Radio爱广播》2017年春季合集(20)",
    "title": "i-Radio爱广播-20170120"
  },
  {
    "duration": 860,
    "size": "6.9M",
    "path": "http://media.febcchinese.org/Streaming/ir/ir170121.mp3",
    "id": 6245000021,
    "albumId": 6245,
    "albumName": "《i-Radio爱广播》2017年春季合集",
    "albumtitle": "《i-Radio爱广播》2017年春季合集(21)",
    "title": "i-Radio爱广播-20170121"
  },
  {
    "duration": 860,
    "size": "6.9M",
    "path": "http://media.febcchinese.org/Streaming/ir/ir170122.mp3",
    "id": 6245000022,
    "albumId": 6245,
    "albumName": "《i-Radio爱广播》2017年春季合集",
    "albumtitle": "《i-Radio爱广播》2017年春季合集(22)",
    "title": "i-Radio爱广播-20170122"
  },
  {
    "duration": 860,
    "size": "6.9M",
    "path": "http://media.febcchinese.org/Streaming/ir/ir170123.mp3",
    "id": 6245000023,
    "albumId": 6245,
    "albumName": "《i-Radio爱广播》2017年春季合集",
    "albumtitle": "《i-Radio爱广播》2017年春季合集(23)",
    "title": "i-Radio爱广播-20170123"
  },
  {
    "duration": 860,
    "size": "6.9M",
    "path": "http://media.febcchinese.org/Streaming/ir/ir170124.mp3",
    "id": 6245000024,
    "albumId": 6245,
    "albumName": "《i-Radio爱广播》2017年春季合集",
    "albumtitle": "《i-Radio爱广播》2017年春季合集(24)",
    "title": "i-Radio爱广播-20170124"
  },
  {
    "duration": 860,
    "size": "6.9M",
    "path": "http://media.febcchinese.org/Streaming/ir/ir170125.mp3",
    "id": 6245000025,
    "albumId": 6245,
    "albumName": "《i-Radio爱广播》2017年春季合集",
    "albumtitle": "《i-Radio爱广播》2017年春季合集(25)",
    "title": "i-Radio爱广播-20170125"
  },
  {
    "duration": 860,
    "size": "6.9M",
    "path": "http://media.febcchinese.org/Streaming/ir/ir170126.mp3",
    "id": 6245000026,
    "albumId": 6245,
    "albumName": "《i-Radio爱广播》2017年春季合集",
    "albumtitle": "《i-Radio爱广播》2017年春季合集(26)",
    "title": "i-Radio爱广播-20170126"
  },
  {
    "duration": 860,
    "size": "6.9M",
    "path": "http://media.febcchinese.org/Streaming/ir/ir170127.mp3",
    "id": 6245000027,
    "albumId": 6245,
    "albumName": "《i-Radio爱广播》2017年春季合集",
    "albumtitle": "《i-Radio爱广播》2017年春季合集(27)",
    "title": "i-Radio爱广播-20170127"
  },
  {
    "duration": 860,
    "size": "6.9M",
    "path": "http://media.febcchinese.org/Streaming/ir/ir170128.mp3",
    "id": 6245000028,
    "albumId": 6245,
    "albumName": "《i-Radio爱广播》2017年春季合集",
    "albumtitle": "《i-Radio爱广播》2017年春季合集(28)",
    "title": "i-Radio爱广播-20170128"
  },
  {
    "duration": 860,
    "size": "6.9M",
    "path": "http://media.febcchinese.org/Streaming/ir/ir170129.mp3",
    "id": 6245000029,
    "albumId": 6245,
    "albumName": "《i-Radio爱广播》2017年春季合集",
    "albumtitle": "《i-Radio爱广播》2017年春季合集(29)",
    "title": "i-Radio爱广播-20170129"
  },
  {
    "duration": 860,
    "size": "6.9M",
    "path": "http://media.febcchinese.org/Streaming/ir/ir170130.mp3",
    "id": 6245000030,
    "albumId": 6245,
    "albumName": "《i-Radio爱广播》2017年春季合集",
    "albumtitle": "《i-Radio爱广播》2017年春季合集(30)",
    "title": "i-Radio爱广播-20170130"
  },
  {
    "duration": 860,
    "size": "6.9M",
    "path": "http://media.febcchinese.org/Streaming/ir/ir170131.mp3",
    "id": 6245000031,
    "albumId": 6245,
    "albumName": "《i-Radio爱广播》2017年春季合集",
    "albumtitle": "《i-Radio爱广播》2017年春季合集(31)",
    "title": "i-Radio爱广播-20170131"
  },
  {
    "duration": 860,
    "size": "6.9M",
    "path": "http://media.febcchinese.org/Streaming/ir/ir170201.mp3",
    "id": 6245000032,
    "albumId": 6245,
    "albumName": "《i-Radio爱广播》2017年春季合集",
    "albumtitle": "《i-Radio爱广播》2017年春季合集(32)",
    "title": "i-Radio爱广播-20170201"
  },
  {
    "duration": 860,
    "size": "6.9M",
    "path": "http://media.febcchinese.org/Streaming/ir/ir170202.mp3",
    "id": 6245000033,
    "albumId": 6245,
    "albumName": "《i-Radio爱广播》2017年春季合集",
    "albumtitle": "《i-Radio爱广播》2017年春季合集(33)",
    "title": "i-Radio爱广播-20170202"
  },
  {
    "duration": 860,
    "size": "6.9M",
    "path": "http://media.febcchinese.org/Streaming/ir/ir170203.mp3",
    "id": 6245000034,
    "albumId": 6245,
    "albumName": "《i-Radio爱广播》2017年春季合集",
    "albumtitle": "《i-Radio爱广播》2017年春季合集(34)",
    "title": "i-Radio爱广播-20170203"
  },
  {
    "duration": 860,
    "size": "6.9M",
    "path": "http://media.febcchinese.org/Streaming/ir/ir170204.mp3",
    "id": 6245000035,
    "albumId": 6245,
    "albumName": "《i-Radio爱广播》2017年春季合集",
    "albumtitle": "《i-Radio爱广播》2017年春季合集(35)",
    "title": "i-Radio爱广播-20170204"
  },
  {
    "duration": 860,
    "size": "6.9M",
    "path": "http://media.febcchinese.org/Streaming/ir/ir170205.mp3",
    "id": 6245000036,
    "albumId": 6245,
    "albumName": "《i-Radio爱广播》2017年春季合集",
    "albumtitle": "《i-Radio爱广播》2017年春季合集(36)",
    "title": "i-Radio爱广播-20170205"
  },
  {
    "duration": 860,
    "size": "6.9M",
    "path": "http://media.febcchinese.org/Streaming/ir/ir170206.mp3",
    "id": 6245000037,
    "albumId": 6245,
    "albumName": "《i-Radio爱广播》2017年春季合集",
    "albumtitle": "《i-Radio爱广播》2017年春季合集(37)",
    "title": "i-Radio爱广播-20170206"
  },
  {
    "duration": 860,
    "size": "6.9M",
    "path": "http://media.febcchinese.org/Streaming/ir/ir170207.mp3",
    "id": 6245000038,
    "albumId": 6245,
    "albumName": "《i-Radio爱广播》2017年春季合集",
    "albumtitle": "《i-Radio爱广播》2017年春季合集(38)",
    "title": "i-Radio爱广播-20170207"
  },
  {
    "duration": 860,
    "size": "6.9M",
    "path": "http://media.febcchinese.org/Streaming/ir/ir170208.mp3",
    "id": 6245000039,
    "albumId": 6245,
    "albumName": "《i-Radio爱广播》2017年春季合集",
    "albumtitle": "《i-Radio爱广播》2017年春季合集(39)",
    "title": "i-Radio爱广播-20170208"
  },
  {
    "duration": 860,
    "size": "6.9M",
    "path": "http://media.febcchinese.org/Streaming/ir/ir170209.mp3",
    "id": 6245000040,
    "albumId": 6245,
    "albumName": "《i-Radio爱广播》2017年春季合集",
    "albumtitle": "《i-Radio爱广播》2017年春季合集(40)",
    "title": "i-Radio爱广播-20170209"
  },
  {
    "duration": 860,
    "size": "6.9M",
    "path": "http://media.febcchinese.org/Streaming/ir/ir170210.mp3",
    "id": 6245000041,
    "albumId": 6245,
    "albumName": "《i-Radio爱广播》2017年春季合集",
    "albumtitle": "《i-Radio爱广播》2017年春季合集(41)",
    "title": "i-Radio爱广播-20170210"
  },
  {
    "duration": 860,
    "size": "6.9M",
    "path": "http://media.febcchinese.org/Streaming/ir/ir170211.mp3",
    "id": 6245000042,
    "albumId": 6245,
    "albumName": "《i-Radio爱广播》2017年春季合集",
    "albumtitle": "《i-Radio爱广播》2017年春季合集(42)",
    "title": "i-Radio爱广播-20170211"
  },
  {
    "duration": 860,
    "size": "6.9M",
    "path": "http://media.febcchinese.org/Streaming/ir/ir170212.mp3",
    "id": 6245000043,
    "albumId": 6245,
    "albumName": "《i-Radio爱广播》2017年春季合集",
    "albumtitle": "《i-Radio爱广播》2017年春季合集(43)",
    "title": "i-Radio爱广播-20170212"
  },
  {
    "duration": 860,
    "size": "6.9M",
    "path": "http://media.febcchinese.org/Streaming/ir/ir170213.mp3",
    "id": 6245000044,
    "albumId": 6245,
    "albumName": "《i-Radio爱广播》2017年春季合集",
    "albumtitle": "《i-Radio爱广播》2017年春季合集(44)",
    "title": "i-Radio爱广播-20170213"
  },
  {
    "duration": 860,
    "size": "6.9M",
    "path": "http://media.febcchinese.org/Streaming/ir/ir170214.mp3",
    "id": 6245000045,
    "albumId": 6245,
    "albumName": "《i-Radio爱广播》2017年春季合集",
    "albumtitle": "《i-Radio爱广播》2017年春季合集(45)",
    "title": "i-Radio爱广播-20170214"
  },
  {
    "duration": 860,
    "size": "6.9M",
    "path": "http://media.febcchinese.org/Streaming/ir/ir170215.mp3",
    "id": 6245000046,
    "albumId": 6245,
    "albumName": "《i-Radio爱广播》2017年春季合集",
    "albumtitle": "《i-Radio爱广播》2017年春季合集(46)",
    "title": "i-Radio爱广播-20170215"
  },
  {
    "duration": 860,
    "size": "6.9M",
    "path": "http://media.febcchinese.org/Streaming/ir/ir170216.mp3",
    "id": 6245000047,
    "albumId": 6245,
    "albumName": "《i-Radio爱广播》2017年春季合集",
    "albumtitle": "《i-Radio爱广播》2017年春季合集(47)",
    "title": "i-Radio爱广播-20170216"
  },
  {
    "duration": 860,
    "size": "6.9M",
    "path": "http://media.febcchinese.org/Streaming/ir/ir170217.mp3",
    "id": 6245000048,
    "albumId": 6245,
    "albumName": "《i-Radio爱广播》2017年春季合集",
    "albumtitle": "《i-Radio爱广播》2017年春季合集(48)",
    "title": "i-Radio爱广播-20170217"
  },
  {
    "duration": 860,
    "size": "6.9M",
    "path": "http://media.febcchinese.org/Streaming/ir/ir170218.mp3",
    "id": 6245000049,
    "albumId": 6245,
    "albumName": "《i-Radio爱广播》2017年春季合集",
    "albumtitle": "《i-Radio爱广播》2017年春季合集(49)",
    "title": "i-Radio爱广播-20170218"
  },
  {
    "duration": 860,
    "size": "6.9M",
    "path": "http://media.febcchinese.org/Streaming/ir/ir170219.mp3",
    "id": 6245000050,
    "albumId": 6245,
    "albumName": "《i-Radio爱广播》2017年春季合集",
    "albumtitle": "《i-Radio爱广播》2017年春季合集(50)",
    "title": "i-Radio爱广播-20170219"
  },
  {
    "duration": 860,
    "size": "6.9M",
    "path": "http://media.febcchinese.org/Streaming/ir/ir170220.mp3",
    "id": 6245000051,
    "albumId": 6245,
    "albumName": "《i-Radio爱广播》2017年春季合集",
    "albumtitle": "《i-Radio爱广播》2017年春季合集(51)",
    "title": "i-Radio爱广播-20170220"
  },
  {
    "duration": 860,
    "size": "6.9M",
    "path": "http://media.febcchinese.org/Streaming/ir/ir170221.mp3",
    "id": 6245000052,
    "albumId": 6245,
    "albumName": "《i-Radio爱广播》2017年春季合集",
    "albumtitle": "《i-Radio爱广播》2017年春季合集(52)",
    "title": "i-Radio爱广播-20170221"
  },
  {
    "duration": 860,
    "size": "6.9M",
    "path": "http://media.febcchinese.org/Streaming/ir/ir170222.mp3",
    "id": 6245000053,
    "albumId": 6245,
    "albumName": "《i-Radio爱广播》2017年春季合集",
    "albumtitle": "《i-Radio爱广播》2017年春季合集(53)",
    "title": "i-Radio爱广播-20170222"
  },
  {
    "duration": 860,
    "size": "6.9M",
    "path": "http://media.febcchinese.org/Streaming/ir/ir170223.mp3",
    "id": 6245000054,
    "albumId": 6245,
    "albumName": "《i-Radio爱广播》2017年春季合集",
    "albumtitle": "《i-Radio爱广播》2017年春季合集(54)",
    "title": "i-Radio爱广播-20170223"
  },
  {
    "duration": 860,
    "size": "6.9M",
    "path": "http://media.febcchinese.org/Streaming/ir/ir170224.mp3",
    "id": 6245000055,
    "albumId": 6245,
    "albumName": "《i-Radio爱广播》2017年春季合集",
    "albumtitle": "《i-Radio爱广播》2017年春季合集(55)",
    "title": "i-Radio爱广播-20170224"
  },
  {
    "duration": 860,
    "size": "6.9M",
    "path": "http://media.febcchinese.org/Streaming/ir/ir170225.mp3",
    "id": 6245000056,
    "albumId": 6245,
    "albumName": "《i-Radio爱广播》2017年春季合集",
    "albumtitle": "《i-Radio爱广播》2017年春季合集(56)",
    "title": "i-Radio爱广播-20170225"
  },
  {
    "duration": 860,
    "size": "6.9M",
    "path": "http://media.febcchinese.org/Streaming/ir/ir170226.mp3",
    "id": 6245000057,
    "albumId": 6245,
    "albumName": "《i-Radio爱广播》2017年春季合集",
    "albumtitle": "《i-Radio爱广播》2017年春季合集(57)",
    "title": "i-Radio爱广播-20170226"
  },
  {
    "duration": 860,
    "size": "6.9M",
    "path": "http://media.febcchinese.org/Streaming/ir/ir170227.mp3",
    "id": 6245000058,
    "albumId": 6245,
    "albumName": "《i-Radio爱广播》2017年春季合集",
    "albumtitle": "《i-Radio爱广播》2017年春季合集(58)",
    "title": "i-Radio爱广播-20170227"
  },
  {
    "duration": 860,
    "size": "6.9M",
    "path": "http://media.febcchinese.org/Streaming/ir/ir170228.mp3",
    "id": 6245000059,
    "albumId": 6245,
    "albumName": "《i-Radio爱广播》2017年春季合集",
    "albumtitle": "《i-Radio爱广播》2017年春季合集(59)",
    "title": "i-Radio爱广播-20170228"
  },
  {
    "duration": 860,
    "size": "6.9M",
    "path": "http://media.febcchinese.org/Streaming/ir/ir170301.mp3",
    "id": 6245000060,
    "albumId": 6245,
    "albumName": "《i-Radio爱广播》2017年春季合集",
    "albumtitle": "《i-Radio爱广播》2017年春季合集(60)",
    "title": "i-Radio爱广播-20170301"
  },
  {
    "duration": 860,
    "size": "6.9M",
    "path": "http://media.febcchinese.org/Streaming/ir/ir170302.mp3",
    "id": 6245000061,
    "albumId": 6245,
    "albumName": "《i-Radio爱广播》2017年春季合集",
    "albumtitle": "《i-Radio爱广播》2017年春季合集(61)",
    "title": "i-Radio爱广播-20170302"
  },
  {
    "duration": 860,
    "size": "6.9M",
    "path": "http://media.febcchinese.org/Streaming/ir/ir170303.mp3",
    "id": 6245000062,
    "albumId": 6245,
    "albumName": "《i-Radio爱广播》2017年春季合集",
    "albumtitle": "《i-Radio爱广播》2017年春季合集(62)",
    "title": "i-Radio爱广播-20170303"
  },
  {
    "duration": 860,
    "size": "6.9M",
    "path": "http://media.febcchinese.org/Streaming/ir/ir170304.mp3",
    "id": 6245000063,
    "albumId": 6245,
    "albumName": "《i-Radio爱广播》2017年春季合集",
    "albumtitle": "《i-Radio爱广播》2017年春季合集(63)",
    "title": "i-Radio爱广播-20170304"
  },
  {
    "duration": 860,
    "size": "6.9M",
    "path": "http://media.febcchinese.org/Streaming/ir/ir170305.mp3",
    "id": 6245000064,
    "albumId": 6245,
    "albumName": "《i-Radio爱广播》2017年春季合集",
    "albumtitle": "《i-Radio爱广播》2017年春季合集(64)",
    "title": "i-Radio爱广播-20170305"
  },
  {
    "duration": 860,
    "size": "6.9M",
    "path": "http://media.febcchinese.org/Streaming/ir/ir170306.mp3",
    "id": 6245000065,
    "albumId": 6245,
    "albumName": "《i-Radio爱广播》2017年春季合集",
    "albumtitle": "《i-Radio爱广播》2017年春季合集(65)",
    "title": "i-Radio爱广播-20170306"
  },
  {
    "duration": 860,
    "size": "6.9M",
    "path": "http://media.febcchinese.org/Streaming/ir/ir170307.mp3",
    "id": 6245000066,
    "albumId": 6245,
    "albumName": "《i-Radio爱广播》2017年春季合集",
    "albumtitle": "《i-Radio爱广播》2017年春季合集(66)",
    "title": "i-Radio爱广播-20170307"
  },
  {
    "duration": 860,
    "size": "6.9M",
    "path": "http://media.febcchinese.org/Streaming/ir/ir170308.mp3",
    "id": 6245000067,
    "albumId": 6245,
    "albumName": "《i-Radio爱广播》2017年春季合集",
    "albumtitle": "《i-Radio爱广播》2017年春季合集(67)",
    "title": "i-Radio爱广播-20170308"
  },
  {
    "duration": 860,
    "size": "6.9M",
    "path": "http://media.febcchinese.org/Streaming/ir/ir170309.mp3",
    "id": 6245000068,
    "albumId": 6245,
    "albumName": "《i-Radio爱广播》2017年春季合集",
    "albumtitle": "《i-Radio爱广播》2017年春季合集(68)",
    "title": "i-Radio爱广播-20170309"
  },
  {
    "duration": 860,
    "size": "6.9M",
    "path": "http://media.febcchinese.org/Streaming/ir/ir170310.mp3",
    "id": 6245000069,
    "albumId": 6245,
    "albumName": "《i-Radio爱广播》2017年春季合集",
    "albumtitle": "《i-Radio爱广播》2017年春季合集(69)",
    "title": "i-Radio爱广播-20170310"
  },
  {
    "duration": 860,
    "size": "6.9M",
    "path": "http://media.febcchinese.org/Streaming/ir/ir170311.mp3",
    "id": 6245000070,
    "albumId": 6245,
    "albumName": "《i-Radio爱广播》2017年春季合集",
    "albumtitle": "《i-Radio爱广播》2017年春季合集(70)",
    "title": "i-Radio爱广播-20170311"
  },
  {
    "duration": 860,
    "size": "6.9M",
    "path": "http://media.febcchinese.org/Streaming/ir/ir170312.mp3",
    "id": 6245000071,
    "albumId": 6245,
    "albumName": "《i-Radio爱广播》2017年春季合集",
    "albumtitle": "《i-Radio爱广播》2017年春季合集(71)",
    "title": "i-Radio爱广播-20170312"
  },
  {
    "duration": 860,
    "size": "6.9M",
    "path": "http://media.febcchinese.org/Streaming/ir/ir170313.mp3",
    "id": 6245000072,
    "albumId": 6245,
    "albumName": "《i-Radio爱广播》2017年春季合集",
    "albumtitle": "《i-Radio爱广播》2017年春季合集(72)",
    "title": "i-Radio爱广播-20170313"
  },
  {
    "duration": 860,
    "size": "6.9M",
    "path": "http://media.febcchinese.org/Streaming/ir/ir170314.mp3",
    "id": 6245000073,
    "albumId": 6245,
    "albumName": "《i-Radio爱广播》2017年春季合集",
    "albumtitle": "《i-Radio爱广播》2017年春季合集(73)",
    "title": "i-Radio爱广播-20170314"
  },
  {
    "duration": 860,
    "size": "6.9M",
    "path": "http://media.febcchinese.org/Streaming/ir/ir170315.mp3",
    "id": 6245000074,
    "albumId": 6245,
    "albumName": "《i-Radio爱广播》2017年春季合集",
    "albumtitle": "《i-Radio爱广播》2017年春季合集(74)",
    "title": "i-Radio爱广播-20170315"
  },
  {
    "duration": 860,
    "size": "6.9M",
    "path": "http://media.febcchinese.org/Streaming/ir/ir170316.mp3",
    "id": 6245000075,
    "albumId": 6245,
    "albumName": "《i-Radio爱广播》2017年春季合集",
    "albumtitle": "《i-Radio爱广播》2017年春季合集(75)",
    "title": "i-Radio爱广播-20170316"
  },
  {
    "duration": 860,
    "size": "6.9M",
    "path": "http://media.febcchinese.org/Streaming/ir/ir170317.mp3",
    "id": 6245000076,
    "albumId": 6245,
    "albumName": "《i-Radio爱广播》2017年春季合集",
    "albumtitle": "《i-Radio爱广播》2017年春季合集(76)",
    "title": "i-Radio爱广播-20170317"
  },
  {
    "duration": 860,
    "size": "6.9M",
    "path": "http://media.febcchinese.org/Streaming/ir/ir170318.mp3",
    "id": 6245000077,
    "albumId": 6245,
    "albumName": "《i-Radio爱广播》2017年春季合集",
    "albumtitle": "《i-Radio爱广播》2017年春季合集(77)",
    "title": "i-Radio爱广播-20170318"
  },
  {
    "duration": 860,
    "size": "6.9M",
    "path": "http://media.febcchinese.org/Streaming/ir/ir170319.mp3",
    "id": 6245000078,
    "albumId": 6245,
    "albumName": "《i-Radio爱广播》2017年春季合集",
    "albumtitle": "《i-Radio爱广播》2017年春季合集(78)",
    "title": "i-Radio爱广播-20170319"
  },
  {
    "duration": 860,
    "size": "6.9M",
    "path": "http://media.febcchinese.org/Streaming/ir/ir170320.mp3",
    "id": 6245000079,
    "albumId": 6245,
    "albumName": "《i-Radio爱广播》2017年春季合集",
    "albumtitle": "《i-Radio爱广播》2017年春季合集(79)",
    "title": "i-Radio爱广播-20170320"
  },
  {
    "duration": 860,
    "size": "6.9M",
    "path": "http://media.febcchinese.org/Streaming/ir/ir170321.mp3",
    "id": 6245000080,
    "albumId": 6245,
    "albumName": "《i-Radio爱广播》2017年春季合集",
    "albumtitle": "《i-Radio爱广播》2017年春季合集(80)",
    "title": "i-Radio爱广播-20170321"
  },
  {
    "duration": 860,
    "size": "6.9M",
    "path": "http://media.febcchinese.org/Streaming/ir/ir170322.mp3",
    "id": 6245000081,
    "albumId": 6245,
    "albumName": "《i-Radio爱广播》2017年春季合集",
    "albumtitle": "《i-Radio爱广播》2017年春季合集(81)",
    "title": "i-Radio爱广播-20170322"
  },
  {
    "duration": 860,
    "size": "6.9M",
    "path": "http://media.febcchinese.org/Streaming/ir/ir170323.mp3",
    "id": 6245000082,
    "albumId": 6245,
    "albumName": "《i-Radio爱广播》2017年春季合集",
    "albumtitle": "《i-Radio爱广播》2017年春季合集(82)",
    "title": "i-Radio爱广播-20170323"
  },
  {
    "duration": 860,
    "size": "6.9M",
    "path": "http://media.febcchinese.org/Streaming/ir/ir170324.mp3",
    "id": 6245000083,
    "albumId": 6245,
    "albumName": "《i-Radio爱广播》2017年春季合集",
    "albumtitle": "《i-Radio爱广播》2017年春季合集(83)",
    "title": "i-Radio爱广播-20170324"
  },
  {
    "duration": 860,
    "size": "6.9M",
    "path": "http://media.febcchinese.org/Streaming/ir/ir170325.mp3",
    "id": 6245000084,
    "albumId": 6245,
    "albumName": "《i-Radio爱广播》2017年春季合集",
    "albumtitle": "《i-Radio爱广播》2017年春季合集(84)",
    "title": "i-Radio爱广播-20170325"
  },
  {
    "duration": 860,
    "size": "6.9M",
    "path": "http://media.febcchinese.org/Streaming/ir/ir170326.mp3",
    "id": 6245000085,
    "albumId": 6245,
    "albumName": "《i-Radio爱广播》2017年春季合集",
    "albumtitle": "《i-Radio爱广播》2017年春季合集(85)",
    "title": "i-Radio爱广播-20170326"
  },
  {
    "duration": 860,
    "size": "6.9M",
    "path": "http://media.febcchinese.org/Streaming/ir/ir170327.mp3",
    "id": 6245000086,
    "albumId": 6245,
    "albumName": "《i-Radio爱广播》2017年春季合集",
    "albumtitle": "《i-Radio爱广播》2017年春季合集(86)",
    "title": "i-Radio爱广播-20170327"
  },
  {
    "duration": 860,
    "size": "6.9M",
    "path": "http://media.febcchinese.org/Streaming/ir/ir170328.mp3",
    "id": 6245000087,
    "albumId": 6245,
    "albumName": "《i-Radio爱广播》2017年春季合集",
    "albumtitle": "《i-Radio爱广播》2017年春季合集(87)",
    "title": "i-Radio爱广播-20170328"
  },
  {
    "duration": 860,
    "size": "6.9M",
    "path": "http://media.febcchinese.org/Streaming/ir/ir170329.mp3",
    "id": 6245000088,
    "albumId": 6245,
    "albumName": "《i-Radio爱广播》2017年春季合集",
    "albumtitle": "《i-Radio爱广播》2017年春季合集(88)",
    "title": "i-Radio爱广播-20170329"
  },
  {
    "duration": 860,
    "size": "6.9M",
    "path": "http://media.febcchinese.org/Streaming/ir/ir170330.mp3",
    "id": 6245000089,
    "albumId": 6245,
    "albumName": "《i-Radio爱广播》2017年春季合集",
    "albumtitle": "《i-Radio爱广播》2017年春季合集(89)",
    "title": "i-Radio爱广播-20170330"
  },
  {
    "duration": 860,
    "size": "6.9M",
    "path": "http://media.febcchinese.org/Streaming/ir/ir170331.mp3",
    "id": 6245000090,
    "albumId": 6245,
    "albumName": "《i-Radio爱广播》2017年春季合集",
    "albumtitle": "《i-Radio爱广播》2017年春季合集(90)",
    "title": "i-Radio爱广播-20170331"
  }
]