[{
  "duration": 860,
  "size": "6.9M",
  "path": "http://media.febcchinese.org/Streaming/ir/ir160701.mp3",
  "id": 6243000001,
  "albumId": 6243,
  "albumName": "《i-Radio爱广播》2016年秋季合集",
  "albumtitle": "《i-Radio爱广播》2016年秋季合集(1)",
  "title": "i-Radio爱广播-20160701"
},
  {
    "duration": 860,
    "size": "6.9M",
    "path": "http://media.febcchinese.org/Streaming/ir/ir160702.mp3",
    "id": 6243000002,
    "albumId": 6243,
    "albumName": "《i-Radio爱广播》2016年秋季合集",
    "albumtitle": "《i-Radio爱广播》2016年秋季合集(2)",
    "title": "i-Radio爱广播-20160702"
  },
  {
    "duration": 860,
    "size": "6.9M",
    "path": "http://media.febcchinese.org/Streaming/ir/ir160703.mp3",
    "id": 6243000003,
    "albumId": 6243,
    "albumName": "《i-Radio爱广播》2016年秋季合集",
    "albumtitle": "《i-Radio爱广播》2016年秋季合集(3)",
    "title": "i-Radio爱广播-20160703"
  },
  {
    "duration": 860,
    "size": "6.9M",
    "path": "http://media.febcchinese.org/Streaming/ir/ir160704.mp3",
    "id": 6243000004,
    "albumId": 6243,
    "albumName": "《i-Radio爱广播》2016年秋季合集",
    "albumtitle": "《i-Radio爱广播》2016年秋季合集(4)",
    "title": "i-Radio爱广播-20160704"
  },
  {
    "duration": 860,
    "size": "6.9M",
    "path": "http://media.febcchinese.org/Streaming/ir/ir160705.mp3",
    "id": 6243000005,
    "albumId": 6243,
    "albumName": "《i-Radio爱广播》2016年秋季合集",
    "albumtitle": "《i-Radio爱广播》2016年秋季合集(5)",
    "title": "i-Radio爱广播-20160705"
  },
  {
    "duration": 860,
    "size": "6.9M",
    "path": "http://media.febcchinese.org/Streaming/ir/ir160706.mp3",
    "id": 6243000006,
    "albumId": 6243,
    "albumName": "《i-Radio爱广播》2016年秋季合集",
    "albumtitle": "《i-Radio爱广播》2016年秋季合集(6)",
    "title": "i-Radio爱广播-20160706"
  },
  {
    "duration": 860,
    "size": "6.9M",
    "path": "http://media.febcchinese.org/Streaming/ir/ir160707.mp3",
    "id": 6243000007,
    "albumId": 6243,
    "albumName": "《i-Radio爱广播》2016年秋季合集",
    "albumtitle": "《i-Radio爱广播》2016年秋季合集(7)",
    "title": "i-Radio爱广播-20160707"
  },
  {
    "duration": 860,
    "size": "6.9M",
    "path": "http://media.febcchinese.org/Streaming/ir/ir160708.mp3",
    "id": 6243000008,
    "albumId": 6243,
    "albumName": "《i-Radio爱广播》2016年秋季合集",
    "albumtitle": "《i-Radio爱广播》2016年秋季合集(8)",
    "title": "i-Radio爱广播-20160708"
  },
  {
    "duration": 860,
    "size": "6.9M",
    "path": "http://media.febcchinese.org/Streaming/ir/ir160709.mp3",
    "id": 6243000009,
    "albumId": 6243,
    "albumName": "《i-Radio爱广播》2016年秋季合集",
    "albumtitle": "《i-Radio爱广播》2016年秋季合集(9)",
    "title": "i-Radio爱广播-20160709"
  },
  {
    "duration": 860,
    "size": "6.9M",
    "path": "http://media.febcchinese.org/Streaming/ir/ir160710.mp3",
    "id": 6243000010,
    "albumId": 6243,
    "albumName": "《i-Radio爱广播》2016年秋季合集",
    "albumtitle": "《i-Radio爱广播》2016年秋季合集(10)",
    "title": "i-Radio爱广播-20160710"
  },
  {
    "duration": 860,
    "size": "6.9M",
    "path": "http://media.febcchinese.org/Streaming/ir/ir160711.mp3",
    "id": 6243000011,
    "albumId": 6243,
    "albumName": "《i-Radio爱广播》2016年秋季合集",
    "albumtitle": "《i-Radio爱广播》2016年秋季合集(11)",
    "title": "i-Radio爱广播-20160711"
  },
  {
    "duration": 860,
    "size": "6.9M",
    "path": "http://media.febcchinese.org/Streaming/ir/ir160712.mp3",
    "id": 6243000012,
    "albumId": 6243,
    "albumName": "《i-Radio爱广播》2016年秋季合集",
    "albumtitle": "《i-Radio爱广播》2016年秋季合集(12)",
    "title": "i-Radio爱广播-20160712"
  },
  {
    "duration": 860,
    "size": "6.9M",
    "path": "http://media.febcchinese.org/Streaming/ir/ir160713.mp3",
    "id": 6243000013,
    "albumId": 6243,
    "albumName": "《i-Radio爱广播》2016年秋季合集",
    "albumtitle": "《i-Radio爱广播》2016年秋季合集(13)",
    "title": "i-Radio爱广播-20160713"
  },
  {
    "duration": 860,
    "size": "6.9M",
    "path": "http://media.febcchinese.org/Streaming/ir/ir160714.mp3",
    "id": 6243000014,
    "albumId": 6243,
    "albumName": "《i-Radio爱广播》2016年秋季合集",
    "albumtitle": "《i-Radio爱广播》2016年秋季合集(14)",
    "title": "i-Radio爱广播-20160714"
  },
  {
    "duration": 860,
    "size": "6.9M",
    "path": "http://media.febcchinese.org/Streaming/ir/ir160715.mp3",
    "id": 6243000015,
    "albumId": 6243,
    "albumName": "《i-Radio爱广播》2016年秋季合集",
    "albumtitle": "《i-Radio爱广播》2016年秋季合集(15)",
    "title": "i-Radio爱广播-20160715"
  },
  {
    "duration": 860,
    "size": "6.9M",
    "path": "http://media.febcchinese.org/Streaming/ir/ir160716.mp3",
    "id": 6243000016,
    "albumId": 6243,
    "albumName": "《i-Radio爱广播》2016年秋季合集",
    "albumtitle": "《i-Radio爱广播》2016年秋季合集(16)",
    "title": "i-Radio爱广播-20160716"
  },
  {
    "duration": 860,
    "size": "6.9M",
    "path": "http://media.febcchinese.org/Streaming/ir/ir160717.mp3",
    "id": 6243000017,
    "albumId": 6243,
    "albumName": "《i-Radio爱广播》2016年秋季合集",
    "albumtitle": "《i-Radio爱广播》2016年秋季合集(17)",
    "title": "i-Radio爱广播-20160717"
  },
  {
    "duration": 860,
    "size": "6.9M",
    "path": "http://media.febcchinese.org/Streaming/ir/ir160718.mp3",
    "id": 6243000018,
    "albumId": 6243,
    "albumName": "《i-Radio爱广播》2016年秋季合集",
    "albumtitle": "《i-Radio爱广播》2016年秋季合集(18)",
    "title": "i-Radio爱广播-20160718"
  },
  {
    "duration": 860,
    "size": "6.9M",
    "path": "http://media.febcchinese.org/Streaming/ir/ir160719.mp3",
    "id": 6243000019,
    "albumId": 6243,
    "albumName": "《i-Radio爱广播》2016年秋季合集",
    "albumtitle": "《i-Radio爱广播》2016年秋季合集(19)",
    "title": "i-Radio爱广播-20160719"
  },
  {
    "duration": 860,
    "size": "6.9M",
    "path": "http://media.febcchinese.org/Streaming/ir/ir160720.mp3",
    "id": 6243000020,
    "albumId": 6243,
    "albumName": "《i-Radio爱广播》2016年秋季合集",
    "albumtitle": "《i-Radio爱广播》2016年秋季合集(20)",
    "title": "i-Radio爱广播-20160720"
  },
  {
    "duration": 860,
    "size": "6.9M",
    "path": "http://media.febcchinese.org/Streaming/ir/ir160721.mp3",
    "id": 6243000021,
    "albumId": 6243,
    "albumName": "《i-Radio爱广播》2016年秋季合集",
    "albumtitle": "《i-Radio爱广播》2016年秋季合集(21)",
    "title": "i-Radio爱广播-20160721"
  },
  {
    "duration": 860,
    "size": "6.9M",
    "path": "http://media.febcchinese.org/Streaming/ir/ir160722.mp3",
    "id": 6243000022,
    "albumId": 6243,
    "albumName": "《i-Radio爱广播》2016年秋季合集",
    "albumtitle": "《i-Radio爱广播》2016年秋季合集(22)",
    "title": "i-Radio爱广播-20160722"
  },
  {
    "duration": 860,
    "size": "6.9M",
    "path": "http://media.febcchinese.org/Streaming/ir/ir160723.mp3",
    "id": 6243000023,
    "albumId": 6243,
    "albumName": "《i-Radio爱广播》2016年秋季合集",
    "albumtitle": "《i-Radio爱广播》2016年秋季合集(23)",
    "title": "i-Radio爱广播-20160723"
  },
  {
    "duration": 860,
    "size": "6.9M",
    "path": "http://media.febcchinese.org/Streaming/ir/ir160724.mp3",
    "id": 6243000024,
    "albumId": 6243,
    "albumName": "《i-Radio爱广播》2016年秋季合集",
    "albumtitle": "《i-Radio爱广播》2016年秋季合集(24)",
    "title": "i-Radio爱广播-20160724"
  },
  {
    "duration": 860,
    "size": "6.9M",
    "path": "http://media.febcchinese.org/Streaming/ir/ir160725.mp3",
    "id": 6243000025,
    "albumId": 6243,
    "albumName": "《i-Radio爱广播》2016年秋季合集",
    "albumtitle": "《i-Radio爱广播》2016年秋季合集(25)",
    "title": "i-Radio爱广播-20160725"
  },
  {
    "duration": 860,
    "size": "6.9M",
    "path": "http://media.febcchinese.org/Streaming/ir/ir160726.mp3",
    "id": 6243000026,
    "albumId": 6243,
    "albumName": "《i-Radio爱广播》2016年秋季合集",
    "albumtitle": "《i-Radio爱广播》2016年秋季合集(26)",
    "title": "i-Radio爱广播-20160726"
  },
  {
    "duration": 860,
    "size": "6.9M",
    "path": "http://media.febcchinese.org/Streaming/ir/ir160727.mp3",
    "id": 6243000027,
    "albumId": 6243,
    "albumName": "《i-Radio爱广播》2016年秋季合集",
    "albumtitle": "《i-Radio爱广播》2016年秋季合集(27)",
    "title": "i-Radio爱广播-20160727"
  },
  {
    "duration": 860,
    "size": "6.9M",
    "path": "http://media.febcchinese.org/Streaming/ir/ir160728.mp3",
    "id": 6243000028,
    "albumId": 6243,
    "albumName": "《i-Radio爱广播》2016年秋季合集",
    "albumtitle": "《i-Radio爱广播》2016年秋季合集(28)",
    "title": "i-Radio爱广播-20160728"
  },
  {
    "duration": 860,
    "size": "6.9M",
    "path": "http://media.febcchinese.org/Streaming/ir/ir160729.mp3",
    "id": 6243000029,
    "albumId": 6243,
    "albumName": "《i-Radio爱广播》2016年秋季合集",
    "albumtitle": "《i-Radio爱广播》2016年秋季合集(29)",
    "title": "i-Radio爱广播-20160729"
  },
  {
    "duration": 860,
    "size": "6.9M",
    "path": "http://media.febcchinese.org/Streaming/ir/ir160730.mp3",
    "id": 6243000030,
    "albumId": 6243,
    "albumName": "《i-Radio爱广播》2016年秋季合集",
    "albumtitle": "《i-Radio爱广播》2016年秋季合集(30)",
    "title": "i-Radio爱广播-20160730"
  },
  {
    "duration": 860,
    "size": "6.9M",
    "path": "http://media.febcchinese.org/Streaming/ir/ir160731.mp3",
    "id": 6243000031,
    "albumId": 6243,
    "albumName": "《i-Radio爱广播》2016年秋季合集",
    "albumtitle": "《i-Radio爱广播》2016年秋季合集(31)",
    "title": "i-Radio爱广播-20160731"
  },
  {
    "duration": 860,
    "size": "6.9M",
    "path": "http://media.febcchinese.org/Streaming/ir/ir160801.mp3",
    "id": 6243000032,
    "albumId": 6243,
    "albumName": "《i-Radio爱广播》2016年秋季合集",
    "albumtitle": "《i-Radio爱广播》2016年秋季合集(32)",
    "title": "i-Radio爱广播-20160801"
  },
  {
    "duration": 860,
    "size": "6.9M",
    "path": "http://media.febcchinese.org/Streaming/ir/ir160802.mp3",
    "id": 6243000033,
    "albumId": 6243,
    "albumName": "《i-Radio爱广播》2016年秋季合集",
    "albumtitle": "《i-Radio爱广播》2016年秋季合集(33)",
    "title": "i-Radio爱广播-20160802"
  },
  {
    "duration": 860,
    "size": "6.9M",
    "path": "http://media.febcchinese.org/Streaming/ir/ir160803.mp3",
    "id": 6243000034,
    "albumId": 6243,
    "albumName": "《i-Radio爱广播》2016年秋季合集",
    "albumtitle": "《i-Radio爱广播》2016年秋季合集(34)",
    "title": "i-Radio爱广播-20160803"
  },
  {
    "duration": 860,
    "size": "6.9M",
    "path": "http://media.febcchinese.org/Streaming/ir/ir160804.mp3",
    "id": 6243000035,
    "albumId": 6243,
    "albumName": "《i-Radio爱广播》2016年秋季合集",
    "albumtitle": "《i-Radio爱广播》2016年秋季合集(35)",
    "title": "i-Radio爱广播-20160804"
  },
  {
    "duration": 860,
    "size": "6.9M",
    "path": "http://media.febcchinese.org/Streaming/ir/ir160805.mp3",
    "id": 6243000036,
    "albumId": 6243,
    "albumName": "《i-Radio爱广播》2016年秋季合集",
    "albumtitle": "《i-Radio爱广播》2016年秋季合集(36)",
    "title": "i-Radio爱广播-20160805"
  },
  {
    "duration": 860,
    "size": "6.9M",
    "path": "http://media.febcchinese.org/Streaming/ir/ir160806.mp3",
    "id": 6243000037,
    "albumId": 6243,
    "albumName": "《i-Radio爱广播》2016年秋季合集",
    "albumtitle": "《i-Radio爱广播》2016年秋季合集(37)",
    "title": "i-Radio爱广播-20160806"
  },
  {
    "duration": 860,
    "size": "6.9M",
    "path": "http://media.febcchinese.org/Streaming/ir/ir160807.mp3",
    "id": 6243000038,
    "albumId": 6243,
    "albumName": "《i-Radio爱广播》2016年秋季合集",
    "albumtitle": "《i-Radio爱广播》2016年秋季合集(38)",
    "title": "i-Radio爱广播-20160807"
  },
  {
    "duration": 860,
    "size": "6.9M",
    "path": "http://media.febcchinese.org/Streaming/ir/ir160808.mp3",
    "id": 6243000039,
    "albumId": 6243,
    "albumName": "《i-Radio爱广播》2016年秋季合集",
    "albumtitle": "《i-Radio爱广播》2016年秋季合集(39)",
    "title": "i-Radio爱广播-20160808"
  },
  {
    "duration": 860,
    "size": "6.9M",
    "path": "http://media.febcchinese.org/Streaming/ir/ir160809.mp3",
    "id": 6243000040,
    "albumId": 6243,
    "albumName": "《i-Radio爱广播》2016年秋季合集",
    "albumtitle": "《i-Radio爱广播》2016年秋季合集(40)",
    "title": "i-Radio爱广播-20160809"
  },
  {
    "duration": 860,
    "size": "6.9M",
    "path": "http://media.febcchinese.org/Streaming/ir/ir160810.mp3",
    "id": 6243000041,
    "albumId": 6243,
    "albumName": "《i-Radio爱广播》2016年秋季合集",
    "albumtitle": "《i-Radio爱广播》2016年秋季合集(41)",
    "title": "i-Radio爱广播-20160810"
  },
  {
    "duration": 860,
    "size": "6.9M",
    "path": "http://media.febcchinese.org/Streaming/ir/ir160811.mp3",
    "id": 6243000042,
    "albumId": 6243,
    "albumName": "《i-Radio爱广播》2016年秋季合集",
    "albumtitle": "《i-Radio爱广播》2016年秋季合集(42)",
    "title": "i-Radio爱广播-20160811"
  },
  {
    "duration": 860,
    "size": "6.9M",
    "path": "http://media.febcchinese.org/Streaming/ir/ir160812.mp3",
    "id": 6243000043,
    "albumId": 6243,
    "albumName": "《i-Radio爱广播》2016年秋季合集",
    "albumtitle": "《i-Radio爱广播》2016年秋季合集(43)",
    "title": "i-Radio爱广播-20160812"
  },
  {
    "duration": 860,
    "size": "6.9M",
    "path": "http://media.febcchinese.org/Streaming/ir/ir160813.mp3",
    "id": 6243000044,
    "albumId": 6243,
    "albumName": "《i-Radio爱广播》2016年秋季合集",
    "albumtitle": "《i-Radio爱广播》2016年秋季合集(44)",
    "title": "i-Radio爱广播-20160813"
  },
  {
    "duration": 860,
    "size": "6.9M",
    "path": "http://media.febcchinese.org/Streaming/ir/ir160814.mp3",
    "id": 6243000045,
    "albumId": 6243,
    "albumName": "《i-Radio爱广播》2016年秋季合集",
    "albumtitle": "《i-Radio爱广播》2016年秋季合集(45)",
    "title": "i-Radio爱广播-20160814"
  },
  {
    "duration": 860,
    "size": "6.9M",
    "path": "http://media.febcchinese.org/Streaming/ir/ir160815.mp3",
    "id": 6243000046,
    "albumId": 6243,
    "albumName": "《i-Radio爱广播》2016年秋季合集",
    "albumtitle": "《i-Radio爱广播》2016年秋季合集(46)",
    "title": "i-Radio爱广播-20160815"
  },
  {
    "duration": 860,
    "size": "6.9M",
    "path": "http://media.febcchinese.org/Streaming/ir/ir160816.mp3",
    "id": 6243000047,
    "albumId": 6243,
    "albumName": "《i-Radio爱广播》2016年秋季合集",
    "albumtitle": "《i-Radio爱广播》2016年秋季合集(47)",
    "title": "i-Radio爱广播-20160816"
  },
  {
    "duration": 860,
    "size": "6.9M",
    "path": "http://media.febcchinese.org/Streaming/ir/ir160817.mp3",
    "id": 6243000048,
    "albumId": 6243,
    "albumName": "《i-Radio爱广播》2016年秋季合集",
    "albumtitle": "《i-Radio爱广播》2016年秋季合集(48)",
    "title": "i-Radio爱广播-20160817"
  },
  {
    "duration": 860,
    "size": "6.9M",
    "path": "http://media.febcchinese.org/Streaming/ir/ir160818.mp3",
    "id": 6243000049,
    "albumId": 6243,
    "albumName": "《i-Radio爱广播》2016年秋季合集",
    "albumtitle": "《i-Radio爱广播》2016年秋季合集(49)",
    "title": "i-Radio爱广播-20160818"
  },
  {
    "duration": 860,
    "size": "6.9M",
    "path": "http://media.febcchinese.org/Streaming/ir/ir160819.mp3",
    "id": 6243000050,
    "albumId": 6243,
    "albumName": "《i-Radio爱广播》2016年秋季合集",
    "albumtitle": "《i-Radio爱广播》2016年秋季合集(50)",
    "title": "i-Radio爱广播-20160819"
  },
  {
    "duration": 860,
    "size": "6.9M",
    "path": "http://media.febcchinese.org/Streaming/ir/ir160820.mp3",
    "id": 6243000051,
    "albumId": 6243,
    "albumName": "《i-Radio爱广播》2016年秋季合集",
    "albumtitle": "《i-Radio爱广播》2016年秋季合集(51)",
    "title": "i-Radio爱广播-20160820"
  },
  {
    "duration": 860,
    "size": "6.9M",
    "path": "http://media.febcchinese.org/Streaming/ir/ir160821.mp3",
    "id": 6243000052,
    "albumId": 6243,
    "albumName": "《i-Radio爱广播》2016年秋季合集",
    "albumtitle": "《i-Radio爱广播》2016年秋季合集(52)",
    "title": "i-Radio爱广播-20160821"
  },
  {
    "duration": 860,
    "size": "6.9M",
    "path": "http://media.febcchinese.org/Streaming/ir/ir160822.mp3",
    "id": 6243000053,
    "albumId": 6243,
    "albumName": "《i-Radio爱广播》2016年秋季合集",
    "albumtitle": "《i-Radio爱广播》2016年秋季合集(53)",
    "title": "i-Radio爱广播-20160822"
  },
  {
    "duration": 860,
    "size": "6.9M",
    "path": "http://media.febcchinese.org/Streaming/ir/ir160823.mp3",
    "id": 6243000054,
    "albumId": 6243,
    "albumName": "《i-Radio爱广播》2016年秋季合集",
    "albumtitle": "《i-Radio爱广播》2016年秋季合集(54)",
    "title": "i-Radio爱广播-20160823"
  },
  {
    "duration": 860,
    "size": "6.9M",
    "path": "http://media.febcchinese.org/Streaming/ir/ir160824.mp3",
    "id": 6243000055,
    "albumId": 6243,
    "albumName": "《i-Radio爱广播》2016年秋季合集",
    "albumtitle": "《i-Radio爱广播》2016年秋季合集(55)",
    "title": "i-Radio爱广播-20160824"
  },
  {
    "duration": 860,
    "size": "6.9M",
    "path": "http://media.febcchinese.org/Streaming/ir/ir160825.mp3",
    "id": 6243000056,
    "albumId": 6243,
    "albumName": "《i-Radio爱广播》2016年秋季合集",
    "albumtitle": "《i-Radio爱广播》2016年秋季合集(56)",
    "title": "i-Radio爱广播-20160825"
  },
  {
    "duration": 860,
    "size": "6.9M",
    "path": "http://media.febcchinese.org/Streaming/ir/ir160826.mp3",
    "id": 6243000057,
    "albumId": 6243,
    "albumName": "《i-Radio爱广播》2016年秋季合集",
    "albumtitle": "《i-Radio爱广播》2016年秋季合集(57)",
    "title": "i-Radio爱广播-20160826"
  },
  {
    "duration": 860,
    "size": "6.9M",
    "path": "http://media.febcchinese.org/Streaming/ir/ir160827.mp3",
    "id": 6243000058,
    "albumId": 6243,
    "albumName": "《i-Radio爱广播》2016年秋季合集",
    "albumtitle": "《i-Radio爱广播》2016年秋季合集(58)",
    "title": "i-Radio爱广播-20160827"
  },
  {
    "duration": 860,
    "size": "6.9M",
    "path": "http://media.febcchinese.org/Streaming/ir/ir160828.mp3",
    "id": 6243000059,
    "albumId": 6243,
    "albumName": "《i-Radio爱广播》2016年秋季合集",
    "albumtitle": "《i-Radio爱广播》2016年秋季合集(59)",
    "title": "i-Radio爱广播-20160828"
  },
  {
    "duration": 860,
    "size": "6.9M",
    "path": "http://media.febcchinese.org/Streaming/ir/ir160829.mp3",
    "id": 6243000060,
    "albumId": 6243,
    "albumName": "《i-Radio爱广播》2016年秋季合集",
    "albumtitle": "《i-Radio爱广播》2016年秋季合集(60)",
    "title": "i-Radio爱广播-20160829"
  },
  {
    "duration": 860,
    "size": "6.9M",
    "path": "http://media.febcchinese.org/Streaming/ir/ir160830.mp3",
    "id": 6243000061,
    "albumId": 6243,
    "albumName": "《i-Radio爱广播》2016年秋季合集",
    "albumtitle": "《i-Radio爱广播》2016年秋季合集(61)",
    "title": "i-Radio爱广播-20160830"
  },
  {
    "duration": 860,
    "size": "6.9M",
    "path": "http://media.febcchinese.org/Streaming/ir/ir160831.mp3",
    "id": 6243000062,
    "albumId": 6243,
    "albumName": "《i-Radio爱广播》2016年秋季合集",
    "albumtitle": "《i-Radio爱广播》2016年秋季合集(62)",
    "title": "i-Radio爱广播-20160831"
  },
  {
    "duration": 860,
    "size": "6.9M",
    "path": "http://media.febcchinese.org/Streaming/ir/ir160901.mp3",
    "id": 6243000063,
    "albumId": 6243,
    "albumName": "《i-Radio爱广播》2016年秋季合集",
    "albumtitle": "《i-Radio爱广播》2016年秋季合集(63)",
    "title": "i-Radio爱广播-20160901"
  },
  {
    "duration": 860,
    "size": "6.9M",
    "path": "http://media.febcchinese.org/Streaming/ir/ir160902.mp3",
    "id": 6243000064,
    "albumId": 6243,
    "albumName": "《i-Radio爱广播》2016年秋季合集",
    "albumtitle": "《i-Radio爱广播》2016年秋季合集(64)",
    "title": "i-Radio爱广播-20160902"
  },
  {
    "duration": 860,
    "size": "6.9M",
    "path": "http://media.febcchinese.org/Streaming/ir/ir160903.mp3",
    "id": 6243000065,
    "albumId": 6243,
    "albumName": "《i-Radio爱广播》2016年秋季合集",
    "albumtitle": "《i-Radio爱广播》2016年秋季合集(65)",
    "title": "i-Radio爱广播-20160903"
  },
  {
    "duration": 860,
    "size": "6.9M",
    "path": "http://media.febcchinese.org/Streaming/ir/ir160904.mp3",
    "id": 6243000066,
    "albumId": 6243,
    "albumName": "《i-Radio爱广播》2016年秋季合集",
    "albumtitle": "《i-Radio爱广播》2016年秋季合集(66)",
    "title": "i-Radio爱广播-20160904"
  },
  {
    "duration": 860,
    "size": "6.9M",
    "path": "http://media.febcchinese.org/Streaming/ir/ir160905.mp3",
    "id": 6243000067,
    "albumId": 6243,
    "albumName": "《i-Radio爱广播》2016年秋季合集",
    "albumtitle": "《i-Radio爱广播》2016年秋季合集(67)",
    "title": "i-Radio爱广播-20160905"
  },
  {
    "duration": 860,
    "size": "6.9M",
    "path": "http://media.febcchinese.org/Streaming/ir/ir160906.mp3",
    "id": 6243000068,
    "albumId": 6243,
    "albumName": "《i-Radio爱广播》2016年秋季合集",
    "albumtitle": "《i-Radio爱广播》2016年秋季合集(68)",
    "title": "i-Radio爱广播-20160906"
  },
  {
    "duration": 860,
    "size": "6.9M",
    "path": "http://media.febcchinese.org/Streaming/ir/ir160907.mp3",
    "id": 6243000069,
    "albumId": 6243,
    "albumName": "《i-Radio爱广播》2016年秋季合集",
    "albumtitle": "《i-Radio爱广播》2016年秋季合集(69)",
    "title": "i-Radio爱广播-20160907"
  },
  {
    "duration": 860,
    "size": "6.9M",
    "path": "http://media.febcchinese.org/Streaming/ir/ir160908.mp3",
    "id": 6243000070,
    "albumId": 6243,
    "albumName": "《i-Radio爱广播》2016年秋季合集",
    "albumtitle": "《i-Radio爱广播》2016年秋季合集(70)",
    "title": "i-Radio爱广播-20160908"
  },
  {
    "duration": 860,
    "size": "6.9M",
    "path": "http://media.febcchinese.org/Streaming/ir/ir160909.mp3",
    "id": 6243000071,
    "albumId": 6243,
    "albumName": "《i-Radio爱广播》2016年秋季合集",
    "albumtitle": "《i-Radio爱广播》2016年秋季合集(71)",
    "title": "i-Radio爱广播-20160909"
  },
  {
    "duration": 860,
    "size": "6.9M",
    "path": "http://media.febcchinese.org/Streaming/ir/ir160910.mp3",
    "id": 6243000072,
    "albumId": 6243,
    "albumName": "《i-Radio爱广播》2016年秋季合集",
    "albumtitle": "《i-Radio爱广播》2016年秋季合集(72)",
    "title": "i-Radio爱广播-20160910"
  },
  {
    "duration": 860,
    "size": "6.9M",
    "path": "http://media.febcchinese.org/Streaming/ir/ir160911.mp3",
    "id": 6243000073,
    "albumId": 6243,
    "albumName": "《i-Radio爱广播》2016年秋季合集",
    "albumtitle": "《i-Radio爱广播》2016年秋季合集(73)",
    "title": "i-Radio爱广播-20160911"
  },
  {
    "duration": 860,
    "size": "6.9M",
    "path": "http://media.febcchinese.org/Streaming/ir/ir160912.mp3",
    "id": 6243000074,
    "albumId": 6243,
    "albumName": "《i-Radio爱广播》2016年秋季合集",
    "albumtitle": "《i-Radio爱广播》2016年秋季合集(74)",
    "title": "i-Radio爱广播-20160912"
  },
  {
    "duration": 860,
    "size": "6.9M",
    "path": "http://media.febcchinese.org/Streaming/ir/ir160913.mp3",
    "id": 6243000075,
    "albumId": 6243,
    "albumName": "《i-Radio爱广播》2016年秋季合集",
    "albumtitle": "《i-Radio爱广播》2016年秋季合集(75)",
    "title": "i-Radio爱广播-20160913"
  },
  {
    "duration": 860,
    "size": "6.9M",
    "path": "http://media.febcchinese.org/Streaming/ir/ir160914.mp3",
    "id": 6243000076,
    "albumId": 6243,
    "albumName": "《i-Radio爱广播》2016年秋季合集",
    "albumtitle": "《i-Radio爱广播》2016年秋季合集(76)",
    "title": "i-Radio爱广播-20160914"
  },
  {
    "duration": 860,
    "size": "6.9M",
    "path": "http://media.febcchinese.org/Streaming/ir/ir160915.mp3",
    "id": 6243000077,
    "albumId": 6243,
    "albumName": "《i-Radio爱广播》2016年秋季合集",
    "albumtitle": "《i-Radio爱广播》2016年秋季合集(77)",
    "title": "i-Radio爱广播-20160915"
  },
  {
    "duration": 860,
    "size": "6.9M",
    "path": "http://media.febcchinese.org/Streaming/ir/ir160916.mp3",
    "id": 6243000078,
    "albumId": 6243,
    "albumName": "《i-Radio爱广播》2016年秋季合集",
    "albumtitle": "《i-Radio爱广播》2016年秋季合集(78)",
    "title": "i-Radio爱广播-20160916"
  },
  {
    "duration": 860,
    "size": "6.9M",
    "path": "http://media.febcchinese.org/Streaming/ir/ir160917.mp3",
    "id": 6243000079,
    "albumId": 6243,
    "albumName": "《i-Radio爱广播》2016年秋季合集",
    "albumtitle": "《i-Radio爱广播》2016年秋季合集(79)",
    "title": "i-Radio爱广播-20160917"
  },
  {
    "duration": 860,
    "size": "6.9M",
    "path": "http://media.febcchinese.org/Streaming/ir/ir160918.mp3",
    "id": 6243000080,
    "albumId": 6243,
    "albumName": "《i-Radio爱广播》2016年秋季合集",
    "albumtitle": "《i-Radio爱广播》2016年秋季合集(80)",
    "title": "i-Radio爱广播-20160918"
  },
  {
    "duration": 860,
    "size": "6.9M",
    "path": "http://media.febcchinese.org/Streaming/ir/ir160919.mp3",
    "id": 6243000081,
    "albumId": 6243,
    "albumName": "《i-Radio爱广播》2016年秋季合集",
    "albumtitle": "《i-Radio爱广播》2016年秋季合集(81)",
    "title": "i-Radio爱广播-20160919"
  },
  {
    "duration": 860,
    "size": "6.9M",
    "path": "http://media.febcchinese.org/Streaming/ir/ir160920.mp3",
    "id": 6243000082,
    "albumId": 6243,
    "albumName": "《i-Radio爱广播》2016年秋季合集",
    "albumtitle": "《i-Radio爱广播》2016年秋季合集(82)",
    "title": "i-Radio爱广播-20160920"
  },
  {
    "duration": 860,
    "size": "6.9M",
    "path": "http://media.febcchinese.org/Streaming/ir/ir160921.mp3",
    "id": 6243000083,
    "albumId": 6243,
    "albumName": "《i-Radio爱广播》2016年秋季合集",
    "albumtitle": "《i-Radio爱广播》2016年秋季合集(83)",
    "title": "i-Radio爱广播-20160921"
  },
  {
    "duration": 860,
    "size": "6.9M",
    "path": "http://media.febcchinese.org/Streaming/ir/ir160922.mp3",
    "id": 6243000084,
    "albumId": 6243,
    "albumName": "《i-Radio爱广播》2016年秋季合集",
    "albumtitle": "《i-Radio爱广播》2016年秋季合集(84)",
    "title": "i-Radio爱广播-20160922"
  },
  {
    "duration": 860,
    "size": "6.9M",
    "path": "http://media.febcchinese.org/Streaming/ir/ir160923.mp3",
    "id": 6243000085,
    "albumId": 6243,
    "albumName": "《i-Radio爱广播》2016年秋季合集",
    "albumtitle": "《i-Radio爱广播》2016年秋季合集(85)",
    "title": "i-Radio爱广播-20160923"
  },
  {
    "duration": 860,
    "size": "6.9M",
    "path": "http://media.febcchinese.org/Streaming/ir/ir160924.mp3",
    "id": 6243000086,
    "albumId": 6243,
    "albumName": "《i-Radio爱广播》2016年秋季合集",
    "albumtitle": "《i-Radio爱广播》2016年秋季合集(86)",
    "title": "i-Radio爱广播-20160924"
  },
  {
    "duration": 860,
    "size": "6.9M",
    "path": "http://media.febcchinese.org/Streaming/ir/ir160925.mp3",
    "id": 6243000087,
    "albumId": 6243,
    "albumName": "《i-Radio爱广播》2016年秋季合集",
    "albumtitle": "《i-Radio爱广播》2016年秋季合集(87)",
    "title": "i-Radio爱广播-20160925"
  },
  {
    "duration": 860,
    "size": "6.9M",
    "path": "http://media.febcchinese.org/Streaming/ir/ir160926.mp3",
    "id": 6243000088,
    "albumId": 6243,
    "albumName": "《i-Radio爱广播》2016年秋季合集",
    "albumtitle": "《i-Radio爱广播》2016年秋季合集(88)",
    "title": "i-Radio爱广播-20160926"
  },
  {
    "duration": 860,
    "size": "6.9M",
    "path": "http://media.febcchinese.org/Streaming/ir/ir160927.mp3",
    "id": 6243000089,
    "albumId": 6243,
    "albumName": "《i-Radio爱广播》2016年秋季合集",
    "albumtitle": "《i-Radio爱广播》2016年秋季合集(89)",
    "title": "i-Radio爱广播-20160927"
  },
  {
    "duration": 860,
    "size": "6.9M",
    "path": "http://media.febcchinese.org/Streaming/ir/ir160928.mp3",
    "id": 6243000090,
    "albumId": 6243,
    "albumName": "《i-Radio爱广播》2016年秋季合集",
    "albumtitle": "《i-Radio爱广播》2016年秋季合集(90)",
    "title": "i-Radio爱广播-20160928"
  },
  {
    "duration": 860,
    "size": "6.9M",
    "path": "http://media.febcchinese.org/Streaming/ir/ir160929.mp3",
    "id": 6243000091,
    "albumId": 6243,
    "albumName": "《i-Radio爱广播》2016年秋季合集",
    "albumtitle": "《i-Radio爱广播》2016年秋季合集(91)",
    "title": "i-Radio爱广播-20160929"
  },
  {
    "duration": 860,
    "size": "6.9M",
    "path": "http://media.febcchinese.org/Streaming/ir/ir160930.mp3",
    "id": 6243000092,
    "albumId": 6243,
    "albumName": "《i-Radio爱广播》2016年秋季合集",
    "albumtitle": "《i-Radio爱广播》2016年秋季合集(92)",
    "title": "i-Radio爱广播-20160930"
  }
]