[{
  "duration": 860,
  "size": "6.9M",
  "path": "http://media.febcchinese.org/Streaming/ir/ir170401.mp3",
  "id": 6246000001,
  "albumId": 6246,
  "albumName": "《i-Radio爱广播》2017年夏季合集",
  "albumtitle": "《i-Radio爱广播》2017年夏季合集(1)",
  "title": "i-Radio爱广播-20170401"
},
  {
    "duration": 860,
    "size": "6.9M",
    "path": "http://media.febcchinese.org/Streaming/ir/ir170402.mp3",
    "id": 6246000002,
    "albumId": 6246,
    "albumName": "《i-Radio爱广播》2017年夏季合集",
    "albumtitle": "《i-Radio爱广播》2017年夏季合集(2)",
    "title": "i-Radio爱广播-20170402"
  },
  {
    "duration": 860,
    "size": "6.9M",
    "path": "http://media.febcchinese.org/Streaming/ir/ir170403.mp3",
    "id": 6246000003,
    "albumId": 6246,
    "albumName": "《i-Radio爱广播》2017年夏季合集",
    "albumtitle": "《i-Radio爱广播》2017年夏季合集(3)",
    "title": "i-Radio爱广播-20170403"
  },
  {
    "duration": 860,
    "size": "6.9M",
    "path": "http://media.febcchinese.org/Streaming/ir/ir170404.mp3",
    "id": 6246000004,
    "albumId": 6246,
    "albumName": "《i-Radio爱广播》2017年夏季合集",
    "albumtitle": "《i-Radio爱广播》2017年夏季合集(4)",
    "title": "i-Radio爱广播-20170404"
  },
  {
    "duration": 860,
    "size": "6.9M",
    "path": "http://media.febcchinese.org/Streaming/ir/ir170405.mp3",
    "id": 6246000005,
    "albumId": 6246,
    "albumName": "《i-Radio爱广播》2017年夏季合集",
    "albumtitle": "《i-Radio爱广播》2017年夏季合集(5)",
    "title": "i-Radio爱广播-20170405"
  },
  {
    "duration": 860,
    "size": "6.9M",
    "path": "http://media.febcchinese.org/Streaming/ir/ir170406.mp3",
    "id": 6246000006,
    "albumId": 6246,
    "albumName": "《i-Radio爱广播》2017年夏季合集",
    "albumtitle": "《i-Radio爱广播》2017年夏季合集(6)",
    "title": "i-Radio爱广播-20170406"
  },
  {
    "duration": 860,
    "size": "6.9M",
    "path": "http://media.febcchinese.org/Streaming/ir/ir170407.mp3",
    "id": 6246000007,
    "albumId": 6246,
    "albumName": "《i-Radio爱广播》2017年夏季合集",
    "albumtitle": "《i-Radio爱广播》2017年夏季合集(7)",
    "title": "i-Radio爱广播-20170407"
  },
  {
    "duration": 860,
    "size": "6.9M",
    "path": "http://media.febcchinese.org/Streaming/ir/ir170408.mp3",
    "id": 6246000008,
    "albumId": 6246,
    "albumName": "《i-Radio爱广播》2017年夏季合集",
    "albumtitle": "《i-Radio爱广播》2017年夏季合集(8)",
    "title": "i-Radio爱广播-20170408"
  },
  {
    "duration": 860,
    "size": "6.9M",
    "path": "http://media.febcchinese.org/Streaming/ir/ir170409.mp3",
    "id": 6246000009,
    "albumId": 6246,
    "albumName": "《i-Radio爱广播》2017年夏季合集",
    "albumtitle": "《i-Radio爱广播》2017年夏季合集(9)",
    "title": "i-Radio爱广播-20170409"
  },
  {
    "duration": 860,
    "size": "6.9M",
    "path": "http://media.febcchinese.org/Streaming/ir/ir170410.mp3",
    "id": 6246000010,
    "albumId": 6246,
    "albumName": "《i-Radio爱广播》2017年夏季合集",
    "albumtitle": "《i-Radio爱广播》2017年夏季合集(10)",
    "title": "i-Radio爱广播-20170410"
  },
  {
    "duration": 860,
    "size": "6.9M",
    "path": "http://media.febcchinese.org/Streaming/ir/ir170411.mp3",
    "id": 6246000011,
    "albumId": 6246,
    "albumName": "《i-Radio爱广播》2017年夏季合集",
    "albumtitle": "《i-Radio爱广播》2017年夏季合集(11)",
    "title": "i-Radio爱广播-20170411"
  },
  {
    "duration": 860,
    "size": "6.9M",
    "path": "http://media.febcchinese.org/Streaming/ir/ir170412.mp3",
    "id": 6246000012,
    "albumId": 6246,
    "albumName": "《i-Radio爱广播》2017年夏季合集",
    "albumtitle": "《i-Radio爱广播》2017年夏季合集(12)",
    "title": "i-Radio爱广播-20170412"
  },
  {
    "duration": 860,
    "size": "6.9M",
    "path": "http://media.febcchinese.org/Streaming/ir/ir170413.mp3",
    "id": 6246000013,
    "albumId": 6246,
    "albumName": "《i-Radio爱广播》2017年夏季合集",
    "albumtitle": "《i-Radio爱广播》2017年夏季合集(13)",
    "title": "i-Radio爱广播-20170413"
  },
  {
    "duration": 860,
    "size": "6.9M",
    "path": "http://media.febcchinese.org/Streaming/ir/ir170414.mp3",
    "id": 6246000014,
    "albumId": 6246,
    "albumName": "《i-Radio爱广播》2017年夏季合集",
    "albumtitle": "《i-Radio爱广播》2017年夏季合集(14)",
    "title": "i-Radio爱广播-20170414"
  },
  {
    "duration": 860,
    "size": "6.9M",
    "path": "http://media.febcchinese.org/Streaming/ir/ir170415.mp3",
    "id": 6246000015,
    "albumId": 6246,
    "albumName": "《i-Radio爱广播》2017年夏季合集",
    "albumtitle": "《i-Radio爱广播》2017年夏季合集(15)",
    "title": "i-Radio爱广播-20170415"
  },
  {
    "duration": 860,
    "size": "6.9M",
    "path": "http://media.febcchinese.org/Streaming/ir/ir170416.mp3",
    "id": 6246000016,
    "albumId": 6246,
    "albumName": "《i-Radio爱广播》2017年夏季合集",
    "albumtitle": "《i-Radio爱广播》2017年夏季合集(16)",
    "title": "i-Radio爱广播-20170416"
  },
  {
    "duration": 860,
    "size": "6.9M",
    "path": "http://media.febcchinese.org/Streaming/ir/ir170417.mp3",
    "id": 6246000017,
    "albumId": 6246,
    "albumName": "《i-Radio爱广播》2017年夏季合集",
    "albumtitle": "《i-Radio爱广播》2017年夏季合集(17)",
    "title": "i-Radio爱广播-20170417"
  },
  {
    "duration": 860,
    "size": "6.9M",
    "path": "http://media.febcchinese.org/Streaming/ir/ir170418.mp3",
    "id": 6246000018,
    "albumId": 6246,
    "albumName": "《i-Radio爱广播》2017年夏季合集",
    "albumtitle": "《i-Radio爱广播》2017年夏季合集(18)",
    "title": "i-Radio爱广播-20170418"
  },
  {
    "duration": 860,
    "size": "6.9M",
    "path": "http://media.febcchinese.org/Streaming/ir/ir170419.mp3",
    "id": 6246000019,
    "albumId": 6246,
    "albumName": "《i-Radio爱广播》2017年夏季合集",
    "albumtitle": "《i-Radio爱广播》2017年夏季合集(19)",
    "title": "i-Radio爱广播-20170419"
  },
  {
    "duration": 860,
    "size": "6.9M",
    "path": "http://media.febcchinese.org/Streaming/ir/ir170420.mp3",
    "id": 6246000020,
    "albumId": 6246,
    "albumName": "《i-Radio爱广播》2017年夏季合集",
    "albumtitle": "《i-Radio爱广播》2017年夏季合集(20)",
    "title": "i-Radio爱广播-20170420"
  },
  {
    "duration": 860,
    "size": "6.9M",
    "path": "http://media.febcchinese.org/Streaming/ir/ir170421.mp3",
    "id": 6246000021,
    "albumId": 6246,
    "albumName": "《i-Radio爱广播》2017年夏季合集",
    "albumtitle": "《i-Radio爱广播》2017年夏季合集(21)",
    "title": "i-Radio爱广播-20170421"
  },
  {
    "duration": 860,
    "size": "6.9M",
    "path": "http://media.febcchinese.org/Streaming/ir/ir170422.mp3",
    "id": 6246000022,
    "albumId": 6246,
    "albumName": "《i-Radio爱广播》2017年夏季合集",
    "albumtitle": "《i-Radio爱广播》2017年夏季合集(22)",
    "title": "i-Radio爱广播-20170422"
  },
  {
    "duration": 860,
    "size": "6.9M",
    "path": "http://media.febcchinese.org/Streaming/ir/ir170423.mp3",
    "id": 6246000023,
    "albumId": 6246,
    "albumName": "《i-Radio爱广播》2017年夏季合集",
    "albumtitle": "《i-Radio爱广播》2017年夏季合集(23)",
    "title": "i-Radio爱广播-20170423"
  },
  {
    "duration": 860,
    "size": "6.9M",
    "path": "http://media.febcchinese.org/Streaming/ir/ir170424.mp3",
    "id": 6246000024,
    "albumId": 6246,
    "albumName": "《i-Radio爱广播》2017年夏季合集",
    "albumtitle": "《i-Radio爱广播》2017年夏季合集(24)",
    "title": "i-Radio爱广播-20170424"
  },
  {
    "duration": 860,
    "size": "6.9M",
    "path": "http://media.febcchinese.org/Streaming/ir/ir170425.mp3",
    "id": 6246000025,
    "albumId": 6246,
    "albumName": "《i-Radio爱广播》2017年夏季合集",
    "albumtitle": "《i-Radio爱广播》2017年夏季合集(25)",
    "title": "i-Radio爱广播-20170425"
  },
  {
    "duration": 860,
    "size": "6.9M",
    "path": "http://media.febcchinese.org/Streaming/ir/ir170426.mp3",
    "id": 6246000026,
    "albumId": 6246,
    "albumName": "《i-Radio爱广播》2017年夏季合集",
    "albumtitle": "《i-Radio爱广播》2017年夏季合集(26)",
    "title": "i-Radio爱广播-20170426"
  },
  {
    "duration": 860,
    "size": "6.9M",
    "path": "http://media.febcchinese.org/Streaming/ir/ir170427.mp3",
    "id": 6246000027,
    "albumId": 6246,
    "albumName": "《i-Radio爱广播》2017年夏季合集",
    "albumtitle": "《i-Radio爱广播》2017年夏季合集(27)",
    "title": "i-Radio爱广播-20170427"
  },
  {
    "duration": 860,
    "size": "6.9M",
    "path": "http://media.febcchinese.org/Streaming/ir/ir170428.mp3",
    "id": 6246000028,
    "albumId": 6246,
    "albumName": "《i-Radio爱广播》2017年夏季合集",
    "albumtitle": "《i-Radio爱广播》2017年夏季合集(28)",
    "title": "i-Radio爱广播-20170428"
  },
  {
    "duration": 860,
    "size": "6.9M",
    "path": "http://media.febcchinese.org/Streaming/ir/ir170429.mp3",
    "id": 6246000029,
    "albumId": 6246,
    "albumName": "《i-Radio爱广播》2017年夏季合集",
    "albumtitle": "《i-Radio爱广播》2017年夏季合集(29)",
    "title": "i-Radio爱广播-20170429"
  },
  {
    "duration": 860,
    "size": "6.9M",
    "path": "http://media.febcchinese.org/Streaming/ir/ir170430.mp3",
    "id": 6246000030,
    "albumId": 6246,
    "albumName": "《i-Radio爱广播》2017年夏季合集",
    "albumtitle": "《i-Radio爱广播》2017年夏季合集(30)",
    "title": "i-Radio爱广播-20170430"
  },
  {
    "duration": 860,
    "size": "6.9M",
    "path": "http://media.febcchinese.org/Streaming/ir/ir170501.mp3",
    "id": 6246000031,
    "albumId": 6246,
    "albumName": "《i-Radio爱广播》2017年夏季合集",
    "albumtitle": "《i-Radio爱广播》2017年夏季合集(31)",
    "title": "i-Radio爱广播-20170501"
  },
  {
    "duration": 860,
    "size": "6.9M",
    "path": "http://media.febcchinese.org/Streaming/ir/ir170502.mp3",
    "id": 6246000032,
    "albumId": 6246,
    "albumName": "《i-Radio爱广播》2017年夏季合集",
    "albumtitle": "《i-Radio爱广播》2017年夏季合集(32)",
    "title": "i-Radio爱广播-20170502"
  },
  {
    "duration": 860,
    "size": "6.9M",
    "path": "http://media.febcchinese.org/Streaming/ir/ir170503.mp3",
    "id": 6246000033,
    "albumId": 6246,
    "albumName": "《i-Radio爱广播》2017年夏季合集",
    "albumtitle": "《i-Radio爱广播》2017年夏季合集(33)",
    "title": "i-Radio爱广播-20170503"
  },
  {
    "duration": 860,
    "size": "6.9M",
    "path": "http://media.febcchinese.org/Streaming/ir/ir170504.mp3",
    "id": 6246000034,
    "albumId": 6246,
    "albumName": "《i-Radio爱广播》2017年夏季合集",
    "albumtitle": "《i-Radio爱广播》2017年夏季合集(34)",
    "title": "i-Radio爱广播-20170504"
  },
  {
    "duration": 860,
    "size": "6.9M",
    "path": "http://media.febcchinese.org/Streaming/ir/ir170505.mp3",
    "id": 6246000035,
    "albumId": 6246,
    "albumName": "《i-Radio爱广播》2017年夏季合集",
    "albumtitle": "《i-Radio爱广播》2017年夏季合集(35)",
    "title": "i-Radio爱广播-20170505"
  },
  {
    "duration": 860,
    "size": "6.9M",
    "path": "http://media.febcchinese.org/Streaming/ir/ir170506.mp3",
    "id": 6246000036,
    "albumId": 6246,
    "albumName": "《i-Radio爱广播》2017年夏季合集",
    "albumtitle": "《i-Radio爱广播》2017年夏季合集(36)",
    "title": "i-Radio爱广播-20170506"
  },
  {
    "duration": 860,
    "size": "6.9M",
    "path": "http://media.febcchinese.org/Streaming/ir/ir170507.mp3",
    "id": 6246000037,
    "albumId": 6246,
    "albumName": "《i-Radio爱广播》2017年夏季合集",
    "albumtitle": "《i-Radio爱广播》2017年夏季合集(37)",
    "title": "i-Radio爱广播-20170507"
  },
  {
    "duration": 860,
    "size": "6.9M",
    "path": "http://media.febcchinese.org/Streaming/ir/ir170508.mp3",
    "id": 6246000038,
    "albumId": 6246,
    "albumName": "《i-Radio爱广播》2017年夏季合集",
    "albumtitle": "《i-Radio爱广播》2017年夏季合集(38)",
    "title": "i-Radio爱广播-20170508"
  },
  {
    "duration": 860,
    "size": "6.9M",
    "path": "http://media.febcchinese.org/Streaming/ir/ir170509.mp3",
    "id": 6246000039,
    "albumId": 6246,
    "albumName": "《i-Radio爱广播》2017年夏季合集",
    "albumtitle": "《i-Radio爱广播》2017年夏季合集(39)",
    "title": "i-Radio爱广播-20170509"
  },
  {
    "duration": 860,
    "size": "6.9M",
    "path": "http://media.febcchinese.org/Streaming/ir/ir170510.mp3",
    "id": 6246000040,
    "albumId": 6246,
    "albumName": "《i-Radio爱广播》2017年夏季合集",
    "albumtitle": "《i-Radio爱广播》2017年夏季合集(40)",
    "title": "i-Radio爱广播-20170510"
  },
  {
    "duration": 860,
    "size": "6.9M",
    "path": "http://media.febcchinese.org/Streaming/ir/ir170511.mp3",
    "id": 6246000041,
    "albumId": 6246,
    "albumName": "《i-Radio爱广播》2017年夏季合集",
    "albumtitle": "《i-Radio爱广播》2017年夏季合集(41)",
    "title": "i-Radio爱广播-20170511"
  },
  {
    "duration": 860,
    "size": "6.9M",
    "path": "http://media.febcchinese.org/Streaming/ir/ir170512.mp3",
    "id": 6246000042,
    "albumId": 6246,
    "albumName": "《i-Radio爱广播》2017年夏季合集",
    "albumtitle": "《i-Radio爱广播》2017年夏季合集(42)",
    "title": "i-Radio爱广播-20170512"
  },
  {
    "duration": 860,
    "size": "6.9M",
    "path": "http://media.febcchinese.org/Streaming/ir/ir170513.mp3",
    "id": 6246000043,
    "albumId": 6246,
    "albumName": "《i-Radio爱广播》2017年夏季合集",
    "albumtitle": "《i-Radio爱广播》2017年夏季合集(43)",
    "title": "i-Radio爱广播-20170513"
  },
  {
    "duration": 860,
    "size": "6.9M",
    "path": "http://media.febcchinese.org/Streaming/ir/ir170514.mp3",
    "id": 6246000044,
    "albumId": 6246,
    "albumName": "《i-Radio爱广播》2017年夏季合集",
    "albumtitle": "《i-Radio爱广播》2017年夏季合集(44)",
    "title": "i-Radio爱广播-20170514"
  },
  {
    "duration": 860,
    "size": "6.9M",
    "path": "http://media.febcchinese.org/Streaming/ir/ir170515.mp3",
    "id": 6246000045,
    "albumId": 6246,
    "albumName": "《i-Radio爱广播》2017年夏季合集",
    "albumtitle": "《i-Radio爱广播》2017年夏季合集(45)",
    "title": "i-Radio爱广播-20170515"
  },
  {
    "duration": 860,
    "size": "6.9M",
    "path": "http://media.febcchinese.org/Streaming/ir/ir170516.mp3",
    "id": 6246000046,
    "albumId": 6246,
    "albumName": "《i-Radio爱广播》2017年夏季合集",
    "albumtitle": "《i-Radio爱广播》2017年夏季合集(46)",
    "title": "i-Radio爱广播-20170516"
  },
  {
    "duration": 860,
    "size": "6.9M",
    "path": "http://media.febcchinese.org/Streaming/ir/ir170517.mp3",
    "id": 6246000047,
    "albumId": 6246,
    "albumName": "《i-Radio爱广播》2017年夏季合集",
    "albumtitle": "《i-Radio爱广播》2017年夏季合集(47)",
    "title": "i-Radio爱广播-20170517"
  },
  {
    "duration": 860,
    "size": "6.9M",
    "path": "http://media.febcchinese.org/Streaming/ir/ir170518.mp3",
    "id": 6246000048,
    "albumId": 6246,
    "albumName": "《i-Radio爱广播》2017年夏季合集",
    "albumtitle": "《i-Radio爱广播》2017年夏季合集(48)",
    "title": "i-Radio爱广播-20170518"
  },
  {
    "duration": 860,
    "size": "6.9M",
    "path": "http://media.febcchinese.org/Streaming/ir/ir170519.mp3",
    "id": 6246000049,
    "albumId": 6246,
    "albumName": "《i-Radio爱广播》2017年夏季合集",
    "albumtitle": "《i-Radio爱广播》2017年夏季合集(49)",
    "title": "i-Radio爱广播-20170519"
  },
  {
    "duration": 860,
    "size": "6.9M",
    "path": "http://media.febcchinese.org/Streaming/ir/ir170520.mp3",
    "id": 6246000050,
    "albumId": 6246,
    "albumName": "《i-Radio爱广播》2017年夏季合集",
    "albumtitle": "《i-Radio爱广播》2017年夏季合集(50)",
    "title": "i-Radio爱广播-20170520"
  },
  {
    "duration": 860,
    "size": "6.9M",
    "path": "http://media.febcchinese.org/Streaming/ir/ir170521.mp3",
    "id": 6246000051,
    "albumId": 6246,
    "albumName": "《i-Radio爱广播》2017年夏季合集",
    "albumtitle": "《i-Radio爱广播》2017年夏季合集(51)",
    "title": "i-Radio爱广播-20170521"
  },
  {
    "duration": 860,
    "size": "6.9M",
    "path": "http://media.febcchinese.org/Streaming/ir/ir170522.mp3",
    "id": 6246000052,
    "albumId": 6246,
    "albumName": "《i-Radio爱广播》2017年夏季合集",
    "albumtitle": "《i-Radio爱广播》2017年夏季合集(52)",
    "title": "i-Radio爱广播-20170522"
  },
  {
    "duration": 860,
    "size": "6.9M",
    "path": "http://media.febcchinese.org/Streaming/ir/ir170523.mp3",
    "id": 6246000053,
    "albumId": 6246,
    "albumName": "《i-Radio爱广播》2017年夏季合集",
    "albumtitle": "《i-Radio爱广播》2017年夏季合集(53)",
    "title": "i-Radio爱广播-20170523"
  },
  {
    "duration": 860,
    "size": "6.9M",
    "path": "http://media.febcchinese.org/Streaming/ir/ir170524.mp3",
    "id": 6246000054,
    "albumId": 6246,
    "albumName": "《i-Radio爱广播》2017年夏季合集",
    "albumtitle": "《i-Radio爱广播》2017年夏季合集(54)",
    "title": "i-Radio爱广播-20170524"
  },
  {
    "duration": 860,
    "size": "6.9M",
    "path": "http://media.febcchinese.org/Streaming/ir/ir170525.mp3",
    "id": 6246000055,
    "albumId": 6246,
    "albumName": "《i-Radio爱广播》2017年夏季合集",
    "albumtitle": "《i-Radio爱广播》2017年夏季合集(55)",
    "title": "i-Radio爱广播-20170525"
  },
  {
    "duration": 860,
    "size": "6.9M",
    "path": "http://media.febcchinese.org/Streaming/ir/ir170526.mp3",
    "id": 6246000056,
    "albumId": 6246,
    "albumName": "《i-Radio爱广播》2017年夏季合集",
    "albumtitle": "《i-Radio爱广播》2017年夏季合集(56)",
    "title": "i-Radio爱广播-20170526"
  },
  {
    "duration": 860,
    "size": "6.9M",
    "path": "http://media.febcchinese.org/Streaming/ir/ir170527.mp3",
    "id": 6246000057,
    "albumId": 6246,
    "albumName": "《i-Radio爱广播》2017年夏季合集",
    "albumtitle": "《i-Radio爱广播》2017年夏季合集(57)",
    "title": "i-Radio爱广播-20170527"
  },
  {
    "duration": 860,
    "size": "6.9M",
    "path": "http://media.febcchinese.org/Streaming/ir/ir170528.mp3",
    "id": 6246000058,
    "albumId": 6246,
    "albumName": "《i-Radio爱广播》2017年夏季合集",
    "albumtitle": "《i-Radio爱广播》2017年夏季合集(58)",
    "title": "i-Radio爱广播-20170528"
  },
  {
    "duration": 860,
    "size": "6.9M",
    "path": "http://media.febcchinese.org/Streaming/ir/ir170529.mp3",
    "id": 6246000059,
    "albumId": 6246,
    "albumName": "《i-Radio爱广播》2017年夏季合集",
    "albumtitle": "《i-Radio爱广播》2017年夏季合集(59)",
    "title": "i-Radio爱广播-20170529"
  },
  {
    "duration": 860,
    "size": "6.9M",
    "path": "http://media.febcchinese.org/Streaming/ir/ir170530.mp3",
    "id": 6246000060,
    "albumId": 6246,
    "albumName": "《i-Radio爱广播》2017年夏季合集",
    "albumtitle": "《i-Radio爱广播》2017年夏季合集(60)",
    "title": "i-Radio爱广播-20170530"
  },
  {
    "duration": 860,
    "size": "6.9M",
    "path": "http://media.febcchinese.org/Streaming/ir/ir170531.mp3",
    "id": 6246000061,
    "albumId": 6246,
    "albumName": "《i-Radio爱广播》2017年夏季合集",
    "albumtitle": "《i-Radio爱广播》2017年夏季合集(61)",
    "title": "i-Radio爱广播-20170531"
  },
  {
    "duration": 860,
    "size": "6.9M",
    "path": "http://media.febcchinese.org/Streaming/ir/ir170601.mp3",
    "id": 6246000062,
    "albumId": 6246,
    "albumName": "《i-Radio爱广播》2017年夏季合集",
    "albumtitle": "《i-Radio爱广播》2017年夏季合集(62)",
    "title": "i-Radio爱广播-20170601"
  },
  {
    "duration": 860,
    "size": "6.9M",
    "path": "http://media.febcchinese.org/Streaming/ir/ir170602.mp3",
    "id": 6246000063,
    "albumId": 6246,
    "albumName": "《i-Radio爱广播》2017年夏季合集",
    "albumtitle": "《i-Radio爱广播》2017年夏季合集(63)",
    "title": "i-Radio爱广播-20170602"
  },
  {
    "duration": 860,
    "size": "6.9M",
    "path": "http://media.febcchinese.org/Streaming/ir/ir170603.mp3",
    "id": 6246000064,
    "albumId": 6246,
    "albumName": "《i-Radio爱广播》2017年夏季合集",
    "albumtitle": "《i-Radio爱广播》2017年夏季合集(64)",
    "title": "i-Radio爱广播-20170603"
  },
  {
    "duration": 860,
    "size": "6.9M",
    "path": "http://media.febcchinese.org/Streaming/ir/ir170604.mp3",
    "id": 6246000065,
    "albumId": 6246,
    "albumName": "《i-Radio爱广播》2017年夏季合集",
    "albumtitle": "《i-Radio爱广播》2017年夏季合集(65)",
    "title": "i-Radio爱广播-20170604"
  },
  {
    "duration": 860,
    "size": "6.9M",
    "path": "http://media.febcchinese.org/Streaming/ir/ir170605.mp3",
    "id": 6246000066,
    "albumId": 6246,
    "albumName": "《i-Radio爱广播》2017年夏季合集",
    "albumtitle": "《i-Radio爱广播》2017年夏季合集(66)",
    "title": "i-Radio爱广播-20170605"
  },
  {
    "duration": 860,
    "size": "6.9M",
    "path": "http://media.febcchinese.org/Streaming/ir/ir170606.mp3",
    "id": 6246000067,
    "albumId": 6246,
    "albumName": "《i-Radio爱广播》2017年夏季合集",
    "albumtitle": "《i-Radio爱广播》2017年夏季合集(67)",
    "title": "i-Radio爱广播-20170606"
  },
  {
    "duration": 860,
    "size": "6.9M",
    "path": "http://media.febcchinese.org/Streaming/ir/ir170607.mp3",
    "id": 6246000068,
    "albumId": 6246,
    "albumName": "《i-Radio爱广播》2017年夏季合集",
    "albumtitle": "《i-Radio爱广播》2017年夏季合集(68)",
    "title": "i-Radio爱广播-20170607"
  },
  {
    "duration": 860,
    "size": "6.9M",
    "path": "http://media.febcchinese.org/Streaming/ir/ir170608.mp3",
    "id": 6246000069,
    "albumId": 6246,
    "albumName": "《i-Radio爱广播》2017年夏季合集",
    "albumtitle": "《i-Radio爱广播》2017年夏季合集(69)",
    "title": "i-Radio爱广播-20170608"
  },
  {
    "duration": 860,
    "size": "6.9M",
    "path": "http://media.febcchinese.org/Streaming/ir/ir170609.mp3",
    "id": 6246000070,
    "albumId": 6246,
    "albumName": "《i-Radio爱广播》2017年夏季合集",
    "albumtitle": "《i-Radio爱广播》2017年夏季合集(70)",
    "title": "i-Radio爱广播-20170609"
  },
  {
    "duration": 860,
    "size": "6.9M",
    "path": "http://media.febcchinese.org/Streaming/ir/ir170610.mp3",
    "id": 6246000071,
    "albumId": 6246,
    "albumName": "《i-Radio爱广播》2017年夏季合集",
    "albumtitle": "《i-Radio爱广播》2017年夏季合集(71)",
    "title": "i-Radio爱广播-20170610"
  },
  {
    "duration": 860,
    "size": "6.9M",
    "path": "http://media.febcchinese.org/Streaming/ir/ir170611.mp3",
    "id": 6246000072,
    "albumId": 6246,
    "albumName": "《i-Radio爱广播》2017年夏季合集",
    "albumtitle": "《i-Radio爱广播》2017年夏季合集(72)",
    "title": "i-Radio爱广播-20170611"
  },
  {
    "duration": 860,
    "size": "6.9M",
    "path": "http://media.febcchinese.org/Streaming/ir/ir170612.mp3",
    "id": 6246000073,
    "albumId": 6246,
    "albumName": "《i-Radio爱广播》2017年夏季合集",
    "albumtitle": "《i-Radio爱广播》2017年夏季合集(73)",
    "title": "i-Radio爱广播-20170612"
  },
  {
    "duration": 860,
    "size": "6.9M",
    "path": "http://media.febcchinese.org/Streaming/ir/ir170613.mp3",
    "id": 6246000074,
    "albumId": 6246,
    "albumName": "《i-Radio爱广播》2017年夏季合集",
    "albumtitle": "《i-Radio爱广播》2017年夏季合集(74)",
    "title": "i-Radio爱广播-20170613"
  },
  {
    "duration": 860,
    "size": "6.9M",
    "path": "http://media.febcchinese.org/Streaming/ir/ir170614.mp3",
    "id": 6246000075,
    "albumId": 6246,
    "albumName": "《i-Radio爱广播》2017年夏季合集",
    "albumtitle": "《i-Radio爱广播》2017年夏季合集(75)",
    "title": "i-Radio爱广播-20170614"
  },
  {
    "duration": 860,
    "size": "6.9M",
    "path": "http://media.febcchinese.org/Streaming/ir/ir170615.mp3",
    "id": 6246000076,
    "albumId": 6246,
    "albumName": "《i-Radio爱广播》2017年夏季合集",
    "albumtitle": "《i-Radio爱广播》2017年夏季合集(76)",
    "title": "i-Radio爱广播-20170615"
  },
  {
    "duration": 860,
    "size": "6.9M",
    "path": "http://media.febcchinese.org/Streaming/ir/ir170616.mp3",
    "id": 6246000077,
    "albumId": 6246,
    "albumName": "《i-Radio爱广播》2017年夏季合集",
    "albumtitle": "《i-Radio爱广播》2017年夏季合集(77)",
    "title": "i-Radio爱广播-20170616"
  },
  {
    "duration": 860,
    "size": "6.9M",
    "path": "http://media.febcchinese.org/Streaming/ir/ir170617.mp3",
    "id": 6246000078,
    "albumId": 6246,
    "albumName": "《i-Radio爱广播》2017年夏季合集",
    "albumtitle": "《i-Radio爱广播》2017年夏季合集(78)",
    "title": "i-Radio爱广播-20170617"
  },
  {
    "duration": 860,
    "size": "6.9M",
    "path": "http://media.febcchinese.org/Streaming/ir/ir170618.mp3",
    "id": 6246000079,
    "albumId": 6246,
    "albumName": "《i-Radio爱广播》2017年夏季合集",
    "albumtitle": "《i-Radio爱广播》2017年夏季合集(79)",
    "title": "i-Radio爱广播-20170618"
  },
  {
    "duration": 860,
    "size": "6.9M",
    "path": "http://media.febcchinese.org/Streaming/ir/ir170619.mp3",
    "id": 6246000080,
    "albumId": 6246,
    "albumName": "《i-Radio爱广播》2017年夏季合集",
    "albumtitle": "《i-Radio爱广播》2017年夏季合集(80)",
    "title": "i-Radio爱广播-20170619"
  },
  {
    "duration": 860,
    "size": "6.9M",
    "path": "http://media.febcchinese.org/Streaming/ir/ir170620.mp3",
    "id": 6246000081,
    "albumId": 6246,
    "albumName": "《i-Radio爱广播》2017年夏季合集",
    "albumtitle": "《i-Radio爱广播》2017年夏季合集(81)",
    "title": "i-Radio爱广播-20170620"
  },
  {
    "duration": 860,
    "size": "6.9M",
    "path": "http://media.febcchinese.org/Streaming/ir/ir170621.mp3",
    "id": 6246000082,
    "albumId": 6246,
    "albumName": "《i-Radio爱广播》2017年夏季合集",
    "albumtitle": "《i-Radio爱广播》2017年夏季合集(82)",
    "title": "i-Radio爱广播-20170621"
  },
  {
    "duration": 860,
    "size": "6.9M",
    "path": "http://media.febcchinese.org/Streaming/ir/ir170622.mp3",
    "id": 6246000083,
    "albumId": 6246,
    "albumName": "《i-Radio爱广播》2017年夏季合集",
    "albumtitle": "《i-Radio爱广播》2017年夏季合集(83)",
    "title": "i-Radio爱广播-20170622"
  },
  {
    "duration": 860,
    "size": "6.9M",
    "path": "http://media.febcchinese.org/Streaming/ir/ir170623.mp3",
    "id": 6246000084,
    "albumId": 6246,
    "albumName": "《i-Radio爱广播》2017年夏季合集",
    "albumtitle": "《i-Radio爱广播》2017年夏季合集(84)",
    "title": "i-Radio爱广播-20170623"
  },
  {
    "duration": 860,
    "size": "6.9M",
    "path": "http://media.febcchinese.org/Streaming/ir/ir170624.mp3",
    "id": 6246000085,
    "albumId": 6246,
    "albumName": "《i-Radio爱广播》2017年夏季合集",
    "albumtitle": "《i-Radio爱广播》2017年夏季合集(85)",
    "title": "i-Radio爱广播-20170624"
  },
  {
    "duration": 860,
    "size": "6.9M",
    "path": "http://media.febcchinese.org/Streaming/ir/ir170625.mp3",
    "id": 6246000086,
    "albumId": 6246,
    "albumName": "《i-Radio爱广播》2017年夏季合集",
    "albumtitle": "《i-Radio爱广播》2017年夏季合集(86)",
    "title": "i-Radio爱广播-20170625"
  },
  {
    "duration": 860,
    "size": "6.9M",
    "path": "http://media.febcchinese.org/Streaming/ir/ir170626.mp3",
    "id": 6246000087,
    "albumId": 6246,
    "albumName": "《i-Radio爱广播》2017年夏季合集",
    "albumtitle": "《i-Radio爱广播》2017年夏季合集(87)",
    "title": "i-Radio爱广播-20170626"
  },
  {
    "duration": 860,
    "size": "6.9M",
    "path": "http://media.febcchinese.org/Streaming/ir/ir170627.mp3",
    "id": 6246000088,
    "albumId": 6246,
    "albumName": "《i-Radio爱广播》2017年夏季合集",
    "albumtitle": "《i-Radio爱广播》2017年夏季合集(88)",
    "title": "i-Radio爱广播-20170627"
  },
  {
    "duration": 860,
    "size": "6.9M",
    "path": "http://media.febcchinese.org/Streaming/ir/ir170628.mp3",
    "id": 6246000089,
    "albumId": 6246,
    "albumName": "《i-Radio爱广播》2017年夏季合集",
    "albumtitle": "《i-Radio爱广播》2017年夏季合集(89)",
    "title": "i-Radio爱广播-20170628"
  },
  {
    "duration": 860,
    "size": "6.9M",
    "path": "http://media.febcchinese.org/Streaming/ir/ir170629.mp3",
    "id": 6246000090,
    "albumId": 6246,
    "albumName": "《i-Radio爱广播》2017年夏季合集",
    "albumtitle": "《i-Radio爱广播》2017年夏季合集(90)",
    "title": "i-Radio爱广播-20170629"
  },
  {
    "duration": 860,
    "size": "6.9M",
    "path": "http://media.febcchinese.org/Streaming/ir/ir170630.mp3",
    "id": 6246000091,
    "albumId": 6246,
    "albumName": "《i-Radio爱广播》2017年夏季合集",
    "albumtitle": "《i-Radio爱广播》2017年夏季合集(91)",
    "title": "i-Radio爱广播-20170630"
  }
]