[
	{
		"duration": 1650,
		"size": "5M",
		"path": "http://media.haomuren.org/Message/BibleTeaching/2015ICo10-01.mp3",
		"id": 4122000001,
		"albumId": 4122,
		"albumName": "哥林多前书(十)",
		"albumtitle": "哥林多前书(十)(1)"
	},
	{
		"duration": 1650,
		"size": "5M",
		"path": "http://media.haomuren.org/Message/BibleTeaching/2015ICo10-02.mp3",
		"id": 4122000002,
		"albumId": 4122,
		"albumName": "哥林多前书(十)",
		"albumtitle": "哥林多前书(十)(2)"
	},
	{
		"duration": 1650,
		"size": "5M",
		"path": "http://media.haomuren.org/Message/BibleTeaching/2015ICo10-03.mp3",
		"id": 4122000003,
		"albumId": 4122,
		"albumName": "哥林多前书(十)",
		"albumtitle": "哥林多前书(十)(3)"
	},
	{
		"duration": 1650,
		"size": "5M",
		"path": "http://media.haomuren.org/Message/BibleTeaching/2015ICo10-04.mp3",
		"id": 4122000004,
		"albumId": 4122,
		"albumName": "哥林多前书(十)",
		"albumtitle": "哥林多前书(十)(4)"
	},
	{
		"duration": 1650,
		"size": "5M",
		"path": "http://media.haomuren.org/Message/BibleTeaching/2015ICo10-05.mp3",
		"id": 4122000005,
		"albumId": 4122,
		"albumName": "哥林多前书(十)",
		"albumtitle": "哥林多前书(十)(5)"
	},
	{
		"duration": 1650,
		"size": "5M",
		"path": "http://media.haomuren.org/Message/BibleTeaching/2015ICo10-06.mp3",
		"id": 4122000006,
		"albumId": 4122,
		"albumName": "哥林多前书(十)",
		"albumtitle": "哥林多前书(十)(6)"
	},
	{
		"duration": 1650,
		"size": "5M",
		"path": "http://media.haomuren.org/Message/BibleTeaching/2015ICo10-07.mp3",
		"id": 4122000007,
		"albumId": 4122,
		"albumName": "哥林多前书(十)",
		"albumtitle": "哥林多前书(十)(7)"
	},
	{
		"duration": 1650,
		"size": "5M",
		"path": "http://media.haomuren.org/Message/BibleTeaching/2015ICo10-08.mp3",
		"id": 4122000008,
		"albumId": 4122,
		"albumName": "哥林多前书(十)",
		"albumtitle": "哥林多前书(十)(8)"
	},
	{
		"duration": 1650,
		"size": "5M",
		"path": "http://media.haomuren.org/Message/BibleTeaching/2015ICo10-09.mp3",
		"id": 4122000009,
		"albumId": 4122,
		"albumName": "哥林多前书(十)",
		"albumtitle": "哥林多前书(十)(9)"
	},
	{
		"duration": 1650,
		"size": "5M",
		"path": "http://media.haomuren.org/Message/BibleTeaching/2015ICo10-10.mp3",
		"id": 4122000010,
		"albumId": 4122,
		"albumName": "哥林多前书(十)",
		"albumtitle": "哥林多前书(十)(10)"
	},
	{
		"duration": 1650,
		"size": "5M",
		"path": "http://media.haomuren.org/Message/BibleTeaching/2015ICo10-11.mp3",
		"id": 4122000011,
		"albumId": 4122,
		"albumName": "哥林多前书(十)",
		"albumtitle": "哥林多前书(十)(11)"
	},
	{
		"duration": 1650,
		"size": "5M",
		"path": "http://media.haomuren.org/Message/BibleTeaching/2015ICo10-12.mp3",
		"id": 4122000012,
		"albumId": 4122,
		"albumName": "哥林多前书(十)",
		"albumtitle": "哥林多前书(十)(12)"
	}
]