[
	{
		"duration": 1650,
		"size": "5M",
		"path": "http://media.haomuren.org/message/bibleteaching/2013Hos03-01.mp3",
		"id": 4058000001,
		"albumId": 4058,
		"albumName": "何西阿书系列(三)",
		"albumtitle": "何西阿书系列(三)(1)"
	},
	{
		"duration": 1650,
		"size": "5M",
		"path": "http://media.haomuren.org/message/bibleteaching/2013Hos03-02.mp3",
		"id": 4058000002,
		"albumId": 4058,
		"albumName": "何西阿书系列(三)",
		"albumtitle": "何西阿书系列(三)(2)"
	},
	{
		"duration": 1650,
		"size": "5M",
		"path": "http://media.haomuren.org/message/bibleteaching/2013Hos03-03.mp3",
		"id": 4058000003,
		"albumId": 4058,
		"albumName": "何西阿书系列(三)",
		"albumtitle": "何西阿书系列(三)(3)"
	},
	{
		"duration": 1650,
		"size": "5M",
		"path": "http://media.haomuren.org/message/bibleteaching/2013Hos03-04.mp3",
		"id": 4058000004,
		"albumId": 4058,
		"albumName": "何西阿书系列(三)",
		"albumtitle": "何西阿书系列(三)(4)"
	},
	{
		"duration": 1650,
		"size": "5M",
		"path": "http://media.haomuren.org/message/bibleteaching/2013Hos03-05.mp3",
		"id": 4058000005,
		"albumId": 4058,
		"albumName": "何西阿书系列(三)",
		"albumtitle": "何西阿书系列(三)(5)"
	},
	{
		"duration": 1650,
		"size": "5M",
		"path": "http://media.haomuren.org/message/bibleteaching/2013Hos03-06.mp3",
		"id": 4058000006,
		"albumId": 4058,
		"albumName": "何西阿书系列(三)",
		"albumtitle": "何西阿书系列(三)(6)"
	},
	{
		"duration": 1650,
		"size": "5M",
		"path": "http://media.haomuren.org/message/bibleteaching/2013Hos03-07.mp3",
		"id": 4058000007,
		"albumId": 4058,
		"albumName": "何西阿书系列(三)",
		"albumtitle": "何西阿书系列(三)(7)"
	},
	{
		"duration": 1650,
		"size": "5M",
		"path": "http://media.haomuren.org/message/bibleteaching/2013Hos03-08.mp3",
		"id": 4058000008,
		"albumId": 4058,
		"albumName": "何西阿书系列(三)",
		"albumtitle": "何西阿书系列(三)(8)"
	},
	{
		"duration": 1650,
		"size": "5M",
		"path": "http://media.haomuren.org/message/bibleteaching/2013Hos03-09.mp3",
		"id": 4058000009,
		"albumId": 4058,
		"albumName": "何西阿书系列(三)",
		"albumtitle": "何西阿书系列(三)(9)"
	},
	{
		"duration": 1650,
		"size": "5M",
		"path": "http://media.haomuren.org/message/bibleteaching/2013Hos03-10.mp3",
		"id": 4058000010,
		"albumId": 4058,
		"albumName": "何西阿书系列(三)",
		"albumtitle": "何西阿书系列(三)(10)"
	}
]