[
	{
		"duration": 1650,
		"size": "5M",
		"path": "http://media.haomuren.org/Message/BibleTeaching/2013Pr04-01.mp3",
		"id": 4024000001,
		"albumId": 4024,
		"albumName": "箴言系列(四)",
		"albumtitle": "箴言系列(四)(1)"
	},
	{
		"duration": 1650,
		"size": "5M",
		"path": "http://media.haomuren.org/Message/BibleTeaching/2013Pr04-02.mp3",
		"id": 4024000002,
		"albumId": 4024,
		"albumName": "箴言系列(四)",
		"albumtitle": "箴言系列(四)(2)"
	},
	{
		"duration": 1650,
		"size": "5M",
		"path": "http://media.haomuren.org/Message/BibleTeaching/2013Pr04-03.mp3",
		"id": 4024000003,
		"albumId": 4024,
		"albumName": "箴言系列(四)",
		"albumtitle": "箴言系列(四)(3)"
	},
	{
		"duration": 1650,
		"size": "5M",
		"path": "http://media.haomuren.org/Message/BibleTeaching/2013Pr04-04.mp3",
		"id": 4024000004,
		"albumId": 4024,
		"albumName": "箴言系列(四)",
		"albumtitle": "箴言系列(四)(4)"
	},
	{
		"duration": 1650,
		"size": "5M",
		"path": "http://media.haomuren.org/Message/BibleTeaching/2013Pr04-05.mp3",
		"id": 4024000005,
		"albumId": 4024,
		"albumName": "箴言系列(四)",
		"albumtitle": "箴言系列(四)(5)"
	},
	{
		"duration": 1650,
		"size": "5M",
		"path": "http://media.haomuren.org/Message/BibleTeaching/2013Pr04-06.mp3",
		"id": 4024000006,
		"albumId": 4024,
		"albumName": "箴言系列(四)",
		"albumtitle": "箴言系列(四)(6)"
	},
	{
		"duration": 1650,
		"size": "5M",
		"path": "http://media.haomuren.org/Message/BibleTeaching/2013Pr04-07.mp3",
		"id": 4024000007,
		"albumId": 4024,
		"albumName": "箴言系列(四)",
		"albumtitle": "箴言系列(四)(7)"
	},
	{
		"duration": 1650,
		"size": "5M",
		"path": "http://media.haomuren.org/Message/BibleTeaching/2013Pr04-08.mp3",
		"id": 4024000008,
		"albumId": 4024,
		"albumName": "箴言系列(四)",
		"albumtitle": "箴言系列(四)(8)"
	},
	{
		"duration": 1650,
		"size": "5M",
		"path": "http://media.haomuren.org/Message/BibleTeaching/2013Pr04-09.mp3",
		"id": 4024000009,
		"albumId": 4024,
		"albumName": "箴言系列(四)",
		"albumtitle": "箴言系列(四)(9)"
	},
	{
		"duration": 1650,
		"size": "5M",
		"path": "http://media.haomuren.org/Message/BibleTeaching/2013Pr04-10.mp3",
		"id": 4024000010,
		"albumId": 4024,
		"albumName": "箴言系列(四)",
		"albumtitle": "箴言系列(四)(10)"
	},
	{
		"duration": 1650,
		"size": "5M",
		"path": "http://media.haomuren.org/Message/BibleTeaching/2013Pr04-11.mp3",
		"id": 4024000011,
		"albumId": 4024,
		"albumName": "箴言系列(四)",
		"albumtitle": "箴言系列(四)(11)"
	},
	{
		"duration": 1650,
		"size": "5M",
		"path": "http://media.haomuren.org/Message/BibleTeaching/2013Pr04-12.mp3",
		"id": 4024000012,
		"albumId": 4024,
		"albumName": "箴言系列(四)",
		"albumtitle": "箴言系列(四)(12)"
	}
]