[
	{
		"duration": 1650,
		"size": "5M",
		"path": "http://media.haomuren.org/Message/BibleTeaching/20141Co02-01.mp3",
		"id": 4114000001,
		"albumId": 4114,
		"albumName": "哥林多前书(二)",
		"albumtitle": "哥林多前书(二)(1)"
	},
	{
		"duration": 1650,
		"size": "5M",
		"path": "http://media.haomuren.org/Message/BibleTeaching/20141Co02-02.mp3",
		"id": 4114000002,
		"albumId": 4114,
		"albumName": "哥林多前书(二)",
		"albumtitle": "哥林多前书(二)(2)"
	},
	{
		"duration": 1650,
		"size": "5M",
		"path": "http://media.haomuren.org/Message/BibleTeaching/20141Co02-03.mp3",
		"id": 4114000003,
		"albumId": 4114,
		"albumName": "哥林多前书(二)",
		"albumtitle": "哥林多前书(二)(3)"
	},
	{
		"duration": 1650,
		"size": "5M",
		"path": "http://media.haomuren.org/Message/BibleTeaching/20141Co02-04.mp3",
		"id": 4114000004,
		"albumId": 4114,
		"albumName": "哥林多前书(二)",
		"albumtitle": "哥林多前书(二)(4)"
	},
	{
		"duration": 1650,
		"size": "5M",
		"path": "http://media.haomuren.org/Message/BibleTeaching/20141Co02-05.mp3",
		"id": 4114000005,
		"albumId": 4114,
		"albumName": "哥林多前书(二)",
		"albumtitle": "哥林多前书(二)(5)"
	},
	{
		"duration": 1650,
		"size": "5M",
		"path": "http://media.haomuren.org/Message/BibleTeaching/20141Co02-06.mp3",
		"id": 4114000006,
		"albumId": 4114,
		"albumName": "哥林多前书(二)",
		"albumtitle": "哥林多前书(二)(6)"
	},
	{
		"duration": 1650,
		"size": "5M",
		"path": "http://media.haomuren.org/Message/BibleTeaching/20141Co02-07.mp3",
		"id": 4114000007,
		"albumId": 4114,
		"albumName": "哥林多前书(二)",
		"albumtitle": "哥林多前书(二)(7)"
	},
	{
		"duration": 1650,
		"size": "5M",
		"path": "http://media.haomuren.org/Message/BibleTeaching/20141Co02-08.mp3",
		"id": 4114000008,
		"albumId": 4114,
		"albumName": "哥林多前书(二)",
		"albumtitle": "哥林多前书(二)(8)"
	},
	{
		"duration": 1650,
		"size": "5M",
		"path": "http://media.haomuren.org/Message/BibleTeaching/20141Co02-09.mp3",
		"id": 4114000009,
		"albumId": 4114,
		"albumName": "哥林多前书(二)",
		"albumtitle": "哥林多前书(二)(9)"
	},
	{
		"duration": 1650,
		"size": "5M",
		"path": "http://media.haomuren.org/Message/BibleTeaching/20141Co02-10.mp3",
		"id": 4114000010,
		"albumId": 4114,
		"albumName": "哥林多前书(二)",
		"albumtitle": "哥林多前书(二)(10)"
	},
	{
		"duration": 1650,
		"size": "5M",
		"path": "http://media.haomuren.org/Message/BibleTeaching/20141Co02-11.mp3",
		"id": 4114000011,
		"albumId": 4114,
		"albumName": "哥林多前书(二)",
		"albumtitle": "哥林多前书(二)(11)"
	},
	{
		"duration": 1650,
		"size": "5M",
		"path": "http://media.haomuren.org/Message/BibleTeaching/20141Co02-12.mp3",
		"id": 4114000012,
		"albumId": 4114,
		"albumName": "哥林多前书(二)",
		"albumtitle": "哥林多前书(二)(12)"
	}
]