[
	{
		"duration": 1650,
		"size": "5M",
		"path": "http://media.haomuren.org/message/bibleteaching/2013Hos02-01.mp3",
		"id": 4057000001,
		"albumId": 4057,
		"albumName": "何西阿书系列(二)",
		"albumtitle": "何西阿书系列(二)(1)"
	},
	{
		"duration": 1650,
		"size": "5M",
		"path": "http://media.haomuren.org/message/bibleteaching/2013Hos02-02.mp3",
		"id": 4057000002,
		"albumId": 4057,
		"albumName": "何西阿书系列(二)",
		"albumtitle": "何西阿书系列(二)(2)"
	},
	{
		"duration": 1650,
		"size": "5M",
		"path": "http://media.haomuren.org/message/bibleteaching/2013Hos02-03.mp3",
		"id": 4057000003,
		"albumId": 4057,
		"albumName": "何西阿书系列(二)",
		"albumtitle": "何西阿书系列(二)(3)"
	},
	{
		"duration": 1650,
		"size": "5M",
		"path": "http://media.haomuren.org/message/bibleteaching/2013Hos02-04.mp3",
		"id": 4057000004,
		"albumId": 4057,
		"albumName": "何西阿书系列(二)",
		"albumtitle": "何西阿书系列(二)(4)"
	},
	{
		"duration": 1650,
		"size": "5M",
		"path": "http://media.haomuren.org/message/bibleteaching/2013Hos02-05.mp3",
		"id": 4057000005,
		"albumId": 4057,
		"albumName": "何西阿书系列(二)",
		"albumtitle": "何西阿书系列(二)(5)"
	},
	{
		"duration": 1650,
		"size": "5M",
		"path": "http://media.haomuren.org/message/bibleteaching/2013Hos02-06.mp3",
		"id": 4057000006,
		"albumId": 4057,
		"albumName": "何西阿书系列(二)",
		"albumtitle": "何西阿书系列(二)(6)"
	},
	{
		"duration": 1650,
		"size": "5M",
		"path": "http://media.haomuren.org/message/bibleteaching/2013Hos02-07.mp3",
		"id": 4057000007,
		"albumId": 4057,
		"albumName": "何西阿书系列(二)",
		"albumtitle": "何西阿书系列(二)(7)"
	},
	{
		"duration": 1650,
		"size": "5M",
		"path": "http://media.haomuren.org/message/bibleteaching/2013Hos02-08.mp3",
		"id": 4057000008,
		"albumId": 4057,
		"albumName": "何西阿书系列(二)",
		"albumtitle": "何西阿书系列(二)(8)"
	},
	{
		"duration": 1650,
		"size": "5M",
		"path": "http://media.haomuren.org/message/bibleteaching/2013Hos02-09.mp3",
		"id": 4057000009,
		"albumId": 4057,
		"albumName": "何西阿书系列(二)",
		"albumtitle": "何西阿书系列(二)(9)"
	},
	{
		"duration": 1650,
		"size": "5M",
		"path": "http://media.haomuren.org/message/bibleteaching/2013Hos02-10.mp3",
		"id": 4057000010,
		"albumId": 4057,
		"albumName": "何西阿书系列(二)",
		"albumtitle": "何西阿书系列(二)(10)"
	}
]