[
	{
		"duration": 1650,
		"size": "5M",
		"path": "http://media.haomuren.org/Message/BibleTeaching/2017eph01-01.mp3",
		"id": 4133000001,
		"albumId": 4133,
		"albumName": "以弗所书系列一",
		"albumtitle": "以弗所书系列一(1)"
	},
	{
		"duration": 1650,
		"size": "5M",
		"path": "http://media.haomuren.org/Message/BibleTeaching/2017eph01-02.mp3",
		"id": 4133000002,
		"albumId": 4133,
		"albumName": "以弗所书系列一",
		"albumtitle": "以弗所书系列一(2)"
	},
	{
		"duration": 1650,
		"size": "5M",
		"path": "http://media.haomuren.org/Message/BibleTeaching/2017eph01-03.mp3",
		"id": 4133000003,
		"albumId": 4133,
		"albumName": "以弗所书系列一",
		"albumtitle": "以弗所书系列一(3)"
	},
	{
		"duration": 1650,
		"size": "5M",
		"path": "http://media.haomuren.org/Message/BibleTeaching/2017eph01-04.mp3",
		"id": 4133000004,
		"albumId": 4133,
		"albumName": "以弗所书系列一",
		"albumtitle": "以弗所书系列一(4)"
	},
	{
		"duration": 1650,
		"size": "5M",
		"path": "http://media.haomuren.org/Message/BibleTeaching/2017eph01-05.mp3",
		"id": 4133000005,
		"albumId": 4133,
		"albumName": "以弗所书系列一",
		"albumtitle": "以弗所书系列一(5)"
	},
	{
		"duration": 1650,
		"size": "5M",
		"path": "http://media.haomuren.org/Message/BibleTeaching/2017eph01-06.mp3",
		"id": 4133000006,
		"albumId": 4133,
		"albumName": "以弗所书系列一",
		"albumtitle": "以弗所书系列一(6)"
	},
	{
		"duration": 1650,
		"size": "5M",
		"path": "http://media.haomuren.org/Message/BibleTeaching/2017eph01-07.mp3",
		"id": 4133000007,
		"albumId": 4133,
		"albumName": "以弗所书系列一",
		"albumtitle": "以弗所书系列一(7)"
	},
	{
		"duration": 1650,
		"size": "5M",
		"path": "http://media.haomuren.org/Message/BibleTeaching/2017eph01-08.mp3",
		"id": 4133000008,
		"albumId": 4133,
		"albumName": "以弗所书系列一",
		"albumtitle": "以弗所书系列一(8)"
	},
	{
		"duration": 1650,
		"size": "5M",
		"path": "http://media.haomuren.org/Message/BibleTeaching/2017eph01-09.mp3",
		"id": 4133000009,
		"albumId": 4133,
		"albumName": "以弗所书系列一",
		"albumtitle": "以弗所书系列一(9)"
	}
]