[{
	"duration": 1650,
	"size": "5M",
	"path": "http://media.haomuren.org/Message/BibleTeaching/081123PMark4-01.mp3",
	"id": 4069000001,
	"albumId": 4069,
	"albumName": "马可福音(四)",
	"albumtitle": "马可福音(四)(1)"
},
	{
		"duration": 1650,
		"size": "5M",
		"path": "http://media.haomuren.org/Message/BibleTeaching/081125PMark4-02.mp3",
		"id": 4069000002,
		"albumId": 4069,
		"albumName": "马可福音(四)",
		"albumtitle": "马可福音(四)(2)"
	},
	{
		"duration": 1650,
		"size": "5M",
		"path": "http://media.haomuren.org/Message/BibleTeaching/081127PMark4-03.mp3",
		"id": 4069000003,
		"albumId": 4069,
		"albumName": "马可福音(四)",
		"albumtitle": "马可福音(四)(3)"
	},
	{
		"duration": 1650,
		"size": "5M",
		"path": "http://media.haomuren.org/Message/BibleTeaching/081129PMark4-04.mp3",
		"id": 4069000004,
		"albumId": 4069,
		"albumName": "马可福音(四)",
		"albumtitle": "马可福音(四)(4)"
	},
	{
		"duration": 1650,
		"size": "5M",
		"path": "http://media.haomuren.org/Message/BibleTeaching/081201PMark4-05.mp3",
		"id": 4069000005,
		"albumId": 4069,
		"albumName": "马可福音(四)",
		"albumtitle": "马可福音(四)(5)"
	},
	{
		"duration": 1650,
		"size": "5M",
		"path": "http://media.haomuren.org/Message/BibleTeaching/081203PMark4-06.mp3",
		"id": 4069000006,
		"albumId": 4069,
		"albumName": "马可福音(四)",
		"albumtitle": "马可福音(四)(6)"
	},
	{
		"duration": 1650,
		"size": "5M",
		"path": "http://media.haomuren.org/Message/BibleTeaching/081205PMark4-07.mp3",
		"id": 4069000007,
		"albumId": 4069,
		"albumName": "马可福音(四)",
		"albumtitle": "马可福音(四)(7)"
	},
	{
		"duration": 1650,
		"size": "5M",
		"path": "http://media.haomuren.org/Message/BibleTeaching/081207PMark4-08.mp3",
		"id": 4069000008,
		"albumId": 4069,
		"albumName": "马可福音(四)",
		"albumtitle": "马可福音(四)(8)"
	},
	{
		"duration": 1650,
		"size": "5M",
		"path": "http://media.haomuren.org/Message/BibleTeaching/081209PMark4-09.mp3",
		"id": 4069000009,
		"albumId": 4069,
		"albumName": "马可福音(四)",
		"albumtitle": "马可福音(四)(9)"
	},
	{
		"duration": 1650,
		"size": "5M",
		"path": "http://media.haomuren.org/Message/BibleTeaching/081211PMark4-10.mp3",
		"id": 4069000010,
		"albumId": 4069,
		"albumName": "马可福音(四)",
		"albumtitle": "马可福音(四)(10)"
	},
	{
		"duration": 1650,
		"size": "5M",
		"path": "http://media.haomuren.org/Message/BibleTeaching/081213PMark4-11.mp3",
		"id": 4069000011,
		"albumId": 4069,
		"albumName": "马可福音(四)",
		"albumtitle": "马可福音(四)(11)"
	},
	{
		"duration": 1650,
		"size": "5M",
		"path": "http://media.haomuren.org/Message/BibleTeaching/081215PMark4-12.mp3",
		"id": 4069000012,
		"albumId": 4069,
		"albumName": "马可福音(四)",
		"albumtitle": "马可福音(四)(12)"
	},
	{
		"duration": 1650,
		"size": "5M",
		"path": "http://media.haomuren.org/Message/BibleTeaching/081217PMark4-13.mp3",
		"id": 4069000013,
		"albumId": 4069,
		"albumName": "马可福音(四)",
		"albumtitle": "马可福音(四)(13)"
	},
	{
		"duration": 1650,
		"size": "5M",
		"path": "http://media.haomuren.org/Message/BibleTeaching/081219PMark4-14.mp3",
		"id": 4069000014,
		"albumId": 4069,
		"albumName": "马可福音(四)",
		"albumtitle": "马可福音(四)(14)"
	},
	{
		"duration": 1650,
		"size": "5M",
		"path": "http://media.haomuren.org/Message/BibleTeaching/081221PMark4-15.mp3",
		"id": 4069000015,
		"albumId": 4069,
		"albumName": "马可福音(四)",
		"albumtitle": "马可福音(四)(15)"
	},
	{
		"duration": 1650,
		"size": "5M",
		"path": "http://media.haomuren.org/Message/BibleTeaching/081223PMark4-16.mp3",
		"id": 4069000016,
		"albumId": 4069,
		"albumName": "马可福音(四)",
		"albumtitle": "马可福音(四)(16)"
	},
	{
		"duration": 1650,
		"size": "5M",
		"path": "http://media.haomuren.org/Message/BibleTeaching/081225PMark4-17.mp3",
		"id": 4069000017,
		"albumId": 4069,
		"albumName": "马可福音(四)",
		"albumtitle": "马可福音(四)(17)"
	},
	{
		"duration": 1650,
		"size": "5M",
		"path": "http://media.haomuren.org/Message/BibleTeaching/081227PMark4-18.mp3",
		"id": 4069000018,
		"albumId": 4069,
		"albumName": "马可福音(四)",
		"albumtitle": "马可福音(四)(18)"
	},
	{
		"duration": 1650,
		"size": "5M",
		"path": "http://media.haomuren.org/Message/BibleTeaching/081229PMark4-19.mp3",
		"id": 4069000019,
		"albumId": 4069,
		"albumName": "马可福音(四)",
		"albumtitle": "马可福音(四)(19)"
	},
	{
		"duration": 1650,
		"size": "5M",
		"path": "http://media.haomuren.org/Message/BibleTeaching/081231PMark4-20.mp3",
		"id": 4069000020,
		"albumId": 4069,
		"albumName": "马可福音(四)",
		"albumtitle": "马可福音(四)(20)"
	},
	{
		"duration": 1650,
		"size": "5M",
		"path": "http://media.haomuren.org/Message/BibleTeaching/090102PMark4-21.mp3",
		"id": 4069000021,
		"albumId": 4069,
		"albumName": "马可福音(四)",
		"albumtitle": "马可福音(四)(21)"
	},
	{
		"duration": 1650,
		"size": "5M",
		"path": "http://media.haomuren.org/Message/BibleTeaching/090104PMark4-22.mp3",
		"id": 4069000022,
		"albumId": 4069,
		"albumName": "马可福音(四)",
		"albumtitle": "马可福音(四)(22)"
	}
]