[
	{
		"duration": 1650,
		"size": "5M",
		"path": "http://media.haomuren.org/message/bibleteaching/2013BibChr06-01.mp3",
		"id": 4005000001,
		"albumId": 4005,
		"albumName": "创世记人物(六)",
		"albumtitle": "创世记人物(六)(1)"
	},
	{
		"duration": 1650,
		"size": "5M",
		"path": "http://media.haomuren.org/message/bibleteaching/2013BibChr06-02.mp3",
		"id": 4005000002,
		"albumId": 4005,
		"albumName": "创世记人物(六)",
		"albumtitle": "创世记人物(六)(2)"
	},
	{
		"duration": 1650,
		"size": "5M",
		"path": "http://media.haomuren.org/message/bibleteaching/2013BibChr06-03.mp3",
		"id": 4005000003,
		"albumId": 4005,
		"albumName": "创世记人物(六)",
		"albumtitle": "创世记人物(六)(3)"
	},
	{
		"duration": 1650,
		"size": "5M",
		"path": "http://media.haomuren.org/message/bibleteaching/2013BibChr06-04.mp3",
		"id": 4005000004,
		"albumId": 4005,
		"albumName": "创世记人物(六)",
		"albumtitle": "创世记人物(六)(4)"
	},
	{
		"duration": 1650,
		"size": "5M",
		"path": "http://media.haomuren.org/message/bibleteaching/2013BibChr06-05.mp3",
		"id": 4005000005,
		"albumId": 4005,
		"albumName": "创世记人物(六)",
		"albumtitle": "创世记人物(六)(5)"
	},
	{
		"duration": 1650,
		"size": "5M",
		"path": "http://media.haomuren.org/message/bibleteaching/2013BibChr06-06.mp3",
		"id": 4005000006,
		"albumId": 4005,
		"albumName": "创世记人物(六)",
		"albumtitle": "创世记人物(六)(6)"
	},
	{
		"duration": 1650,
		"size": "5M",
		"path": "http://media.haomuren.org/message/bibleteaching/2013BibChr06-07.mp3",
		"id": 4005000007,
		"albumId": 4005,
		"albumName": "创世记人物(六)",
		"albumtitle": "创世记人物(六)(7)"
	},
	{
		"duration": 1650,
		"size": "5M",
		"path": "http://media.haomuren.org/message/bibleteaching/2013BibChr06-08.mp3",
		"id": 4005000008,
		"albumId": 4005,
		"albumName": "创世记人物(六)",
		"albumtitle": "创世记人物(六)(8)"
	},
	{
		"duration": 1650,
		"size": "5M",
		"path": "http://media.haomuren.org/message/bibleteaching/2013BibChr06-09.mp3",
		"id": 4005000009,
		"albumId": 4005,
		"albumName": "创世记人物(六)",
		"albumtitle": "创世记人物(六)(9)"
	},
	{
		"duration": 1650,
		"size": "5M",
		"path": "http://media.haomuren.org/message/bibleteaching/2013BibChr06-10.mp3",
		"id": 4005000010,
		"albumId": 4005,
		"albumName": "创世记人物(六)",
		"albumtitle": "创世记人物(六)(10)"
	},
	{
		"duration": 1650,
		"size": "5M",
		"path": "http://media.haomuren.org/message/bibleteaching/2013BibChr06-11.mp3",
		"id": 4005000011,
		"albumId": 4005,
		"albumName": "创世记人物(六)",
		"albumtitle": "创世记人物(六)(11)"
	},
	{
		"duration": 1650,
		"size": "5M",
		"path": "http://media.haomuren.org/message/bibleteaching/2013BibChr06-12.mp3",
		"id": 4005000012,
		"albumId": 4005,
		"albumName": "创世记人物(六)",
		"albumtitle": "创世记人物(六)(12)"
	}
]