[
	{
		"duration": 1650,
		"size": "5M",
		"path": "http://media.haomuren.org/Message/BibleTeaching/2016Jn05-01.mp3",
		"id": 4090000001,
		"albumId": 4090,
		"albumName": "约翰福音系列(五)",
		"albumtitle": "约翰福音系列(五)(1)"
	},
	{
		"duration": 1650,
		"size": "5M",
		"path": "http://media.haomuren.org/Message/BibleTeaching/2016Jn05-02.mp3",
		"id": 4090000002,
		"albumId": 4090,
		"albumName": "约翰福音系列(五)",
		"albumtitle": "约翰福音系列(五)(2)"
	},
	{
		"duration": 1650,
		"size": "5M",
		"path": "http://media.haomuren.org/Message/BibleTeaching/2016Jn05-03.mp3",
		"id": 4090000003,
		"albumId": 4090,
		"albumName": "约翰福音系列(五)",
		"albumtitle": "约翰福音系列(五)(3)"
	},
	{
		"duration": 1650,
		"size": "5M",
		"path": "http://media.haomuren.org/Message/BibleTeaching/2016Jn05-04.mp3",
		"id": 4090000004,
		"albumId": 4090,
		"albumName": "约翰福音系列(五)",
		"albumtitle": "约翰福音系列(五)(4)"
	},
	{
		"duration": 1650,
		"size": "5M",
		"path": "http://media.haomuren.org/Message/BibleTeaching/2016Jn05-05.mp3",
		"id": 4090000005,
		"albumId": 4090,
		"albumName": "约翰福音系列(五)",
		"albumtitle": "约翰福音系列(五)(5)"
	},
	{
		"duration": 1650,
		"size": "5M",
		"path": "http://media.haomuren.org/Message/BibleTeaching/2016Jn05-06.mp3",
		"id": 4090000006,
		"albumId": 4090,
		"albumName": "约翰福音系列(五)",
		"albumtitle": "约翰福音系列(五)(6)"
	},
	{
		"duration": 1650,
		"size": "5M",
		"path": "http://media.haomuren.org/Message/BibleTeaching/2016Jn05-07.mp3",
		"id": 4090000007,
		"albumId": 4090,
		"albumName": "约翰福音系列(五)",
		"albumtitle": "约翰福音系列(五)(7)"
	},
	{
		"duration": 1650,
		"size": "5M",
		"path": "http://media.haomuren.org/Message/BibleTeaching/2016Jn05-08.mp3",
		"id": 4090000008,
		"albumId": 4090,
		"albumName": "约翰福音系列(五)",
		"albumtitle": "约翰福音系列(五)(8)"
	},
	{
		"duration": 1650,
		"size": "5M",
		"path": "http://media.haomuren.org/Message/BibleTeaching/2016Jn05-09.mp3",
		"id": 4090000009,
		"albumId": 4090,
		"albumName": "约翰福音系列(五)",
		"albumtitle": "约翰福音系列(五)(9)"
	},
	{
		"duration": 1650,
		"size": "5M",
		"path": "http://media.haomuren.org/Message/BibleTeaching/2016Jn05-10.mp3",
		"id": 4090000010,
		"albumId": 4090,
		"albumName": "约翰福音系列(五)",
		"albumtitle": "约翰福音系列(五)(10)"
	},
	{
		"duration": 1650,
		"size": "5M",
		"path": "http://media.haomuren.org/Message/BibleTeaching/2016Jn05-11.mp3",
		"id": 4090000011,
		"albumId": 4090,
		"albumName": "约翰福音系列(五)",
		"albumtitle": "约翰福音系列(五)(11)"
	}
]