[
	{
		"duration": 1650,
		"size": "5M",
		"path": "http://media.haomuren.org/Message/BibleTeaching/2014Eph03-01.mp3",
		"id": 4129000001,
		"albumId": 4129,
		"albumName": "以弗所书(三)",
		"albumtitle": "以弗所书(三)(1)"
	},
	{
		"duration": 1650,
		"size": "5M",
		"path": "http://media.haomuren.org/Message/BibleTeaching/2014Eph03-02.mp3",
		"id": 4129000002,
		"albumId": 4129,
		"albumName": "以弗所书(三)",
		"albumtitle": "以弗所书(三)(2)"
	},
	{
		"duration": 1650,
		"size": "5M",
		"path": "http://media.haomuren.org/Message/BibleTeaching/2014Eph03-03.mp3",
		"id": 4129000003,
		"albumId": 4129,
		"albumName": "以弗所书(三)",
		"albumtitle": "以弗所书(三)(3)"
	},
	{
		"duration": 1650,
		"size": "5M",
		"path": "http://media.haomuren.org/Message/BibleTeaching/2014Eph03-04.mp3",
		"id": 4129000004,
		"albumId": 4129,
		"albumName": "以弗所书(三)",
		"albumtitle": "以弗所书(三)(4)"
	},
	{
		"duration": 1650,
		"size": "5M",
		"path": "http://media.haomuren.org/Message/BibleTeaching/2014Eph03-05.mp3",
		"id": 4129000005,
		"albumId": 4129,
		"albumName": "以弗所书(三)",
		"albumtitle": "以弗所书(三)(5)"
	},
	{
		"duration": 1650,
		"size": "5M",
		"path": "http://media.haomuren.org/Message/BibleTeaching/2014Eph03-06.mp3",
		"id": 4129000006,
		"albumId": 4129,
		"albumName": "以弗所书(三)",
		"albumtitle": "以弗所书(三)(6)"
	},
	{
		"duration": 1650,
		"size": "5M",
		"path": "http://media.haomuren.org/Message/BibleTeaching/2014Eph03-07.mp3",
		"id": 4129000007,
		"albumId": 4129,
		"albumName": "以弗所书(三)",
		"albumtitle": "以弗所书(三)(7)"
	},
	{
		"duration": 1650,
		"size": "5M",
		"path": "http://media.haomuren.org/Message/BibleTeaching/2014Eph03-08.mp3",
		"id": 4129000008,
		"albumId": 4129,
		"albumName": "以弗所书(三)",
		"albumtitle": "以弗所书(三)(8)"
	},
	{
		"duration": 1650,
		"size": "5M",
		"path": "http://media.haomuren.org/Message/BibleTeaching/2014Eph03-09.mp3",
		"id": 4129000009,
		"albumId": 4129,
		"albumName": "以弗所书(三)",
		"albumtitle": "以弗所书(三)(9)"
	},
	{
		"duration": 1650,
		"size": "5M",
		"path": "http://media.haomuren.org/Message/BibleTeaching/2014Eph03-10.mp3",
		"id": 4129000010,
		"albumId": 4129,
		"albumName": "以弗所书(三)",
		"albumtitle": "以弗所书(三)(10)"
	},
	{
		"duration": 1650,
		"size": "5M",
		"path": "http://media.haomuren.org/Message/BibleTeaching/2014Eph03-11.mp3",
		"id": 4129000011,
		"albumId": 4129,
		"albumName": "以弗所书(三)",
		"albumtitle": "以弗所书(三)(11)"
	},
	{
		"duration": 1650,
		"size": "5M",
		"path": "http://media.haomuren.org/Message/BibleTeaching/2014Eph03-12.mp3",
		"id": 4129000012,
		"albumId": 4129,
		"albumName": "以弗所书(三)",
		"albumtitle": "以弗所书(三)(12)"
	}
]