[{
	"duration": 1650,
	"size": "5M",
	"path": "http://www.haomuren.org/Upload/NewsAttach/070327P.mp3",
	"id": 4126000001,
	"albumId": 4126,
	"albumName": "以弗所书系列",
	"albumtitle": "以弗所书系列(1)"
},
	{
		"duration": 1650,
		"size": "5M",
		"path": "http://www.haomuren.org/Upload/NewsAttach/070328P.mp3",
		"id": 4126000002,
		"albumId": 4126,
		"albumName": "以弗所书系列",
		"albumtitle": "以弗所书系列(2)"
	},
	{
		"duration": 1650,
		"size": "5M",
		"path": "http://www.haomuren.org/Upload/NewsAttach/070329P.mp3",
		"id": 4126000003,
		"albumId": 4126,
		"albumName": "以弗所书系列",
		"albumtitle": "以弗所书系列(3)"
	},
	{
		"duration": 1650,
		"size": "5M",
		"path": "http://www.haomuren.org/Upload/NewsAttach/070330P.mp3",
		"id": 4126000004,
		"albumId": 4126,
		"albumName": "以弗所书系列",
		"albumtitle": "以弗所书系列(4)"
	},
	{
		"duration": 1650,
		"size": "5M",
		"path": "http://www.haomuren.org/Upload/NewsAttach/070331P.mp3",
		"id": 4126000005,
		"albumId": 4126,
		"albumName": "以弗所书系列",
		"albumtitle": "以弗所书系列(5)"
	},
	{
		"duration": 1650,
		"size": "5M",
		"path": "http://www.haomuren.org/Upload/NewsAttach/070401P.mp3",
		"id": 4126000006,
		"albumId": 4126,
		"albumName": "以弗所书系列",
		"albumtitle": "以弗所书系列(6)"
	},
	{
		"duration": 1650,
		"size": "5M",
		"path": "http://www.haomuren.org/Upload/NewsAttach/070402P.mp3",
		"id": 4126000007,
		"albumId": 4126,
		"albumName": "以弗所书系列",
		"albumtitle": "以弗所书系列(7)"
	},
	{
		"duration": 1650,
		"size": "5M",
		"path": "http://www.haomuren.org/Upload/NewsAttach/070403P.mp3",
		"id": 4126000008,
		"albumId": 4126,
		"albumName": "以弗所书系列",
		"albumtitle": "以弗所书系列(8)"
	},
	{
		"duration": 1650,
		"size": "5M",
		"path": "http://www.haomuren.org/Upload/NewsAttach/070404P.mp3",
		"id": 4126000009,
		"albumId": 4126,
		"albumName": "以弗所书系列",
		"albumtitle": "以弗所书系列(9)"
	},
	{
		"duration": 1650,
		"size": "5M",
		"path": "http://www.haomuren.org/Upload/NewsAttach/070405P.mp3",
		"id": 4126000010,
		"albumId": 4126,
		"albumName": "以弗所书系列",
		"albumtitle": "以弗所书系列(10)"
	},
	{
		"duration": 1650,
		"size": "5M",
		"path": "http://www.haomuren.org/Upload/NewsAttach/070406P.mp3",
		"id": 4126000011,
		"albumId": 4126,
		"albumName": "以弗所书系列",
		"albumtitle": "以弗所书系列(11)"
	},
	{
		"duration": 1650,
		"size": "5M",
		"path": "http://www.haomuren.org/Upload/NewsAttach/070407P.mp3",
		"id": 4126000012,
		"albumId": 4126,
		"albumName": "以弗所书系列",
		"albumtitle": "以弗所书系列(12)"
	},
	{
		"duration": 1650,
		"size": "5M",
		"path": "http://www.haomuren.org/Upload/NewsAttach/070408P.mp3",
		"id": 4126000013,
		"albumId": 4126,
		"albumName": "以弗所书系列",
		"albumtitle": "以弗所书系列(13)"
	},
	{
		"duration": 1650,
		"size": "5M",
		"path": "http://www.haomuren.org/Upload/NewsAttach/070409P.mp3",
		"id": 4126000014,
		"albumId": 4126,
		"albumName": "以弗所书系列",
		"albumtitle": "以弗所书系列(14)"
	},
	{
		"duration": 1650,
		"size": "5M",
		"path": "http://www.haomuren.org/Upload/NewsAttach/070410P.mp3",
		"id": 4126000015,
		"albumId": 4126,
		"albumName": "以弗所书系列",
		"albumtitle": "以弗所书系列(15)"
	}
]