[
  {
    "duration": 1650,
    "size": "5M",
    "path": "http://www.w4j.org/m/HaoMuRen/Upload/NewsAttach/060725L.mp3",
    "id": 4155000001,
    "albumId": 4155,
    "albumName": "聖所建造系列",
    "albumtitle": "聖所建造系列(1)"
  },
  {
    "duration": 1650,
    "size": "5M",
    "path": "http://www.w4j.org/m/HaoMuRen/Upload/NewsAttach/060726L.mp3",
    "id": 4155000002,
    "albumId": 4155,
    "albumName": "聖所建造系列",
    "albumtitle": "聖所建造系列(2)"
  },
  {
    "duration": 1650,
    "size": "5M",
    "path": "http://www.w4j.org/m/HaoMuRen/Upload/NewsAttach/060727L.mp3",
    "id": 4155000003,
    "albumId": 4155,
    "albumName": "聖所建造系列",
    "albumtitle": "聖所建造系列(3)"
  },
  {
    "duration": 1650,
    "size": "5M",
    "path": "http://www.w4j.org/m/HaoMuRen/Upload/NewsAttach/060728L.mp3",
    "id": 4155000004,
    "albumId": 4155,
    "albumName": "聖所建造系列",
    "albumtitle": "聖所建造系列(4)"
  },
  {
    "duration": 1650,
    "size": "5M",
    "path": "http://www.w4j.org/m/HaoMuRen/Upload/NewsAttach/060729L.mp3",
    "id": 4155000005,
    "albumId": 4155,
    "albumName": "聖所建造系列",
    "albumtitle": "聖所建造系列(5)"
  },
  {
    "duration": 1650,
    "size": "5M",
    "path": "http://www.w4j.org/m/HaoMuRen/Upload/NewsAttach/060730L.mp3",
    "id": 4155000006,
    "albumId": 4155,
    "albumName": "聖所建造系列",
    "albumtitle": "聖所建造系列(6)"
  },
  {
    "duration": 1650,
    "size": "5M",
    "path": "http://www.w4j.org/m/HaoMuRen/Upload/NewsAttach/060731L.mp3",
    "id": 4155000007,
    "albumId": 4155,
    "albumName": "聖所建造系列",
    "albumtitle": "聖所建造系列(7)"
  },
  {
    "duration": 1650,
    "size": "5M",
    "path": "http://www.w4j.org/m/HaoMuRen/Upload/NewsAttach/060801PC.mp3",
    "id": 4155000008,
    "albumId": 4155,
    "albumName": "聖所建造系列",
    "albumtitle": "聖所建造系列(8)"
  },
  {
    "duration": 1650,
    "size": "5M",
    "path": "http://www.w4j.org/m/HaoMuRen/Upload/NewsAttach/060802PC.mp3",
    "id": 4155000009,
    "albumId": 4155,
    "albumName": "聖所建造系列",
    "albumtitle": "聖所建造系列(9)"
  },
  {
    "duration": 1650,
    "size": "5M",
    "path": "http://www.w4j.org/m/HaoMuRen/Upload/NewsAttach/060803PC.mp3",
    "id": 4155000010,
    "albumId": 4155,
    "albumName": "聖所建造系列",
    "albumtitle": "聖所建造系列(10)"
  },
  {
    "duration": 1650,
    "size": "5M",
    "path": "http://www.w4j.org/m/HaoMuRen/Upload/NewsAttach/060804PC.mp3",
    "id": 4155000011,
    "albumId": 4155,
    "albumName": "聖所建造系列",
    "albumtitle": "聖所建造系列(11)"
  },
  {
    "duration": 1650,
    "size": "5M",
    "path": "http://www.w4j.org/m/HaoMuRen/Upload/NewsAttach/060805PC.mp3",
    "id": 4155000012,
    "albumId": 4155,
    "albumName": "聖所建造系列",
    "albumtitle": "聖所建造系列(12)"
  },
  {
    "duration": 1650,
    "size": "5M",
    "path": "http://www.w4j.org/m/HaoMuRen/Upload/NewsAttach/060806PC.mp3",
    "id": 4155000013,
    "albumId": 4155,
    "albumName": "聖所建造系列",
    "albumtitle": "聖所建造系列(13)"
  },
  {
    "duration": 1650,
    "size": "5M",
    "path": "http://www.w4j.org/m/HaoMuRen/Upload/NewsAttach/060807PC.mp3",
    "id": 4155000014,
    "albumId": 4155,
    "albumName": "聖所建造系列",
    "albumtitle": "聖所建造系列(14)"
  },
  {
    "duration": 1650,
    "size": "5M",
    "path": "http://www.w4j.org/m/HaoMuRen/Upload/NewsAttach/060808PC.mp3",
    "id": 4155000015,
    "albumId": 4155,
    "albumName": "聖所建造系列",
    "albumtitle": "聖所建造系列(15)"
  },
  {
    "duration": 1650,
    "size": "5M",
    "path": "http://www.w4j.org/m/HaoMuRen/Upload/NewsAttach/060809PC.mp3",
    "id": 4155000016,
    "albumId": 4155,
    "albumName": "聖所建造系列",
    "albumtitle": "聖所建造系列(16)"
  }
]