[
	{
		"duration": 1650,
		"size": "5M",
		"path": "http://media.haomuren.org/Message/BibleTeaching/2013Isa14-01.mp3",
		"id": 4042000001,
		"albumId": 4042,
		"albumName": "以赛亚书系列(十四)",
		"albumtitle": "以赛亚书系列(十四)(1)"
	},
	{
		"duration": 1650,
		"size": "5M",
		"path": "http://media.haomuren.org/Message/BibleTeaching/2013Isa14-02.mp3",
		"id": 4042000002,
		"albumId": 4042,
		"albumName": "以赛亚书系列(十四)",
		"albumtitle": "以赛亚书系列(十四)(2)"
	},
	{
		"duration": 1650,
		"size": "5M",
		"path": "http://media.haomuren.org/Message/BibleTeaching/2013Isa14-03.mp3",
		"id": 4042000003,
		"albumId": 4042,
		"albumName": "以赛亚书系列(十四)",
		"albumtitle": "以赛亚书系列(十四)(3)"
	},
	{
		"duration": 1650,
		"size": "5M",
		"path": "http://media.haomuren.org/Message/BibleTeaching/2013Isa14-04.mp3",
		"id": 4042000004,
		"albumId": 4042,
		"albumName": "以赛亚书系列(十四)",
		"albumtitle": "以赛亚书系列(十四)(4)"
	},
	{
		"duration": 1650,
		"size": "5M",
		"path": "http://media.haomuren.org/Message/BibleTeaching/2013Isa14-05.mp3",
		"id": 4042000005,
		"albumId": 4042,
		"albumName": "以赛亚书系列(十四)",
		"albumtitle": "以赛亚书系列(十四)(5)"
	},
	{
		"duration": 1650,
		"size": "5M",
		"path": "http://media.haomuren.org/Message/BibleTeaching/2013Isa14-06.mp3",
		"id": 4042000006,
		"albumId": 4042,
		"albumName": "以赛亚书系列(十四)",
		"albumtitle": "以赛亚书系列(十四)(6)"
	},
	{
		"duration": 1650,
		"size": "5M",
		"path": "http://media.haomuren.org/Message/BibleTeaching/2013Isa14-07.mp3",
		"id": 4042000007,
		"albumId": 4042,
		"albumName": "以赛亚书系列(十四)",
		"albumtitle": "以赛亚书系列(十四)(7)"
	},
	{
		"duration": 1650,
		"size": "5M",
		"path": "http://media.haomuren.org/Message/BibleTeaching/2013Isa14-08.mp3",
		"id": 4042000008,
		"albumId": 4042,
		"albumName": "以赛亚书系列(十四)",
		"albumtitle": "以赛亚书系列(十四)(8)"
	},
	{
		"duration": 1650,
		"size": "5M",
		"path": "http://media.haomuren.org/Message/BibleTeaching/2013Isa14-09.mp3",
		"id": 4042000009,
		"albumId": 4042,
		"albumName": "以赛亚书系列(十四)",
		"albumtitle": "以赛亚书系列(十四)(9)"
	},
	{
		"duration": 1650,
		"size": "5M",
		"path": "http://media.haomuren.org/Message/BibleTeaching/2013Isa14-10.mp3",
		"id": 4042000010,
		"albumId": 4042,
		"albumName": "以赛亚书系列(十四)",
		"albumtitle": "以赛亚书系列(十四)(10)"
	},
	{
		"duration": 1650,
		"size": "5M",
		"path": "http://media.haomuren.org/Message/BibleTeaching/2013Isa14-11.mp3",
		"id": 4042000011,
		"albumId": 4042,
		"albumName": "以赛亚书系列(十四)",
		"albumtitle": "以赛亚书系列(十四)(11)"
	},
	{
		"duration": 1650,
		"size": "5M",
		"path": "http://media.haomuren.org/Message/BibleTeaching/2013Isa14-12.mp3",
		"id": 4042000012,
		"albumId": 4042,
		"albumName": "以赛亚书系列(十四)",
		"albumtitle": "以赛亚书系列(十四)(12)"
	},
	{
		"duration": 1650,
		"size": "5M",
		"path": "http://media.haomuren.org/Message/BibleTeaching/2013Isa14-13.mp3",
		"id": 4042000013,
		"albumId": 4042,
		"albumName": "以赛亚书系列(十四)",
		"albumtitle": "以赛亚书系列(十四)(13)"
	},
	{
		"duration": 1650,
		"size": "5M",
		"path": "http://media.haomuren.org/Message/BibleTeaching/2013Isa14-14.mp3",
		"id": 4042000014,
		"albumId": 4042,
		"albumName": "以赛亚书系列(十四)",
		"albumtitle": "以赛亚书系列(十四)(14)"
	},
	{
		"duration": 1650,
		"size": "5M",
		"path": "http://media.haomuren.org/Message/BibleTeaching/2013Isa14-15.mp3",
		"id": 4042000015,
		"albumId": 4042,
		"albumName": "以赛亚书系列(十四)",
		"albumtitle": "以赛亚书系列(十四)(15)"
	},
	{
		"duration": 1650,
		"size": "5M",
		"path": "http://media.haomuren.org/Message/BibleTeaching/2013Isa14-16.mp3",
		"id": 4042000016,
		"albumId": 4042,
		"albumName": "以赛亚书系列(十四)",
		"albumtitle": "以赛亚书系列(十四)(16)"
	},
	{
		"duration": 1650,
		"size": "5M",
		"path": "http://media.haomuren.org/Message/BibleTeaching/2013Isa14-17.mp3",
		"id": 4042000017,
		"albumId": 4042,
		"albumName": "以赛亚书系列(十四)",
		"albumtitle": "以赛亚书系列(十四)(17)"
	},
	{
		"duration": 1650,
		"size": "5M",
		"path": "http://media.haomuren.org/Message/BibleTeaching/2013Isa14-18.mp3",
		"id": 4042000018,
		"albumId": 4042,
		"albumName": "以赛亚书系列(十四)",
		"albumtitle": "以赛亚书系列(十四)(18)"
	},
	{
		"duration": 1650,
		"size": "5M",
		"path": "http://media.haomuren.org/Message/BibleTeaching/2013Isa14-19.mp3",
		"id": 4042000019,
		"albumId": 4042,
		"albumName": "以赛亚书系列(十四)",
		"albumtitle": "以赛亚书系列(十四)(19)"
	},
	{
		"duration": 1650,
		"size": "5M",
		"path": "http://media.haomuren.org/Message/BibleTeaching/2013Isa14-20.mp3",
		"id": 4042000020,
		"albumId": 4042,
		"albumName": "以赛亚书系列(十四)",
		"albumtitle": "以赛亚书系列(十四)(20)"
	}
]