[
	{
		"duration": 1650,
		"size": "5M",
		"path": "http://media.haomuren.org/Message/BibleTeaching/2012Jer02-01.mp3",
		"id": 4044000001,
		"albumId": 4044,
		"albumName": "耶利米书系列(二)",
		"albumtitle": "耶利米书系列(二)(1)"
	},
	{
		"duration": 1650,
		"size": "5M",
		"path": "http://media.haomuren.org/Message/BibleTeaching/2012Jer02-02.mp3",
		"id": 4044000002,
		"albumId": 4044,
		"albumName": "耶利米书系列(二)",
		"albumtitle": "耶利米书系列(二)(2)"
	},
	{
		"duration": 1650,
		"size": "5M",
		"path": "http://media.haomuren.org/Message/BibleTeaching/2012Jer02-03.mp3",
		"id": 4044000003,
		"albumId": 4044,
		"albumName": "耶利米书系列(二)",
		"albumtitle": "耶利米书系列(二)(3)"
	},
	{
		"duration": 1650,
		"size": "5M",
		"path": "http://media.haomuren.org/Message/BibleTeaching/2012Jer02-04.mp3",
		"id": 4044000004,
		"albumId": 4044,
		"albumName": "耶利米书系列(二)",
		"albumtitle": "耶利米书系列(二)(4)"
	},
	{
		"duration": 1650,
		"size": "5M",
		"path": "http://media.haomuren.org/Message/BibleTeaching/2012Jer02-05.mp3",
		"id": 4044000005,
		"albumId": 4044,
		"albumName": "耶利米书系列(二)",
		"albumtitle": "耶利米书系列(二)(5)"
	},
	{
		"duration": 1650,
		"size": "5M",
		"path": "http://media.haomuren.org/Message/BibleTeaching/2012Jer02-06.mp3",
		"id": 4044000006,
		"albumId": 4044,
		"albumName": "耶利米书系列(二)",
		"albumtitle": "耶利米书系列(二)(6)"
	},
	{
		"duration": 1650,
		"size": "5M",
		"path": "http://media.haomuren.org/Message/BibleTeaching/2012Jer02-07.mp3",
		"id": 4044000007,
		"albumId": 4044,
		"albumName": "耶利米书系列(二)",
		"albumtitle": "耶利米书系列(二)(7)"
	},
	{
		"duration": 1650,
		"size": "5M",
		"path": "http://media.haomuren.org/Message/BibleTeaching/2012Jer02-08.mp3",
		"id": 4044000008,
		"albumId": 4044,
		"albumName": "耶利米书系列(二)",
		"albumtitle": "耶利米书系列(二)(8)"
	},
	{
		"duration": 1650,
		"size": "5M",
		"path": "http://media.haomuren.org/Message/BibleTeaching/2012Jer02-09.mp3",
		"id": 4044000009,
		"albumId": 4044,
		"albumName": "耶利米书系列(二)",
		"albumtitle": "耶利米书系列(二)(9)"
	},
	{
		"duration": 1650,
		"size": "5M",
		"path": "http://media.haomuren.org/Message/BibleTeaching/2012Jer02-10.mp3",
		"id": 4044000010,
		"albumId": 4044,
		"albumName": "耶利米书系列(二)",
		"albumtitle": "耶利米书系列(二)(10)"
	}
]