[
	{
		"duration": 1650,
		"size": "5M",
		"path": "http://media.haomuren.org/Message/BibleTeaching/2015JsLf03-01.mp3",
		"id": 4094000001,
		"albumId": 4094,
		"albumName": "耶稣生平(三)",
		"albumtitle": "耶稣生平(三)(1)"
	},
	{
		"duration": 1650,
		"size": "5M",
		"path": "http://media.haomuren.org/Message/BibleTeaching/2015JsLf03-02.mp3",
		"id": 4094000002,
		"albumId": 4094,
		"albumName": "耶稣生平(三)",
		"albumtitle": "耶稣生平(三)(2)"
	},
	{
		"duration": 1650,
		"size": "5M",
		"path": "http://media.haomuren.org/Message/BibleTeaching/2015JsLf03-03.mp3",
		"id": 4094000003,
		"albumId": 4094,
		"albumName": "耶稣生平(三)",
		"albumtitle": "耶稣生平(三)(3)"
	},
	{
		"duration": 1650,
		"size": "5M",
		"path": "http://media.haomuren.org/Message/BibleTeaching/2015JsLf03-04.mp3",
		"id": 4094000004,
		"albumId": 4094,
		"albumName": "耶稣生平(三)",
		"albumtitle": "耶稣生平(三)(4)"
	},
	{
		"duration": 1650,
		"size": "5M",
		"path": "http://media.haomuren.org/Message/BibleTeaching/2015JsLf03-05.mp3",
		"id": 4094000005,
		"albumId": 4094,
		"albumName": "耶稣生平(三)",
		"albumtitle": "耶稣生平(三)(5)"
	},
	{
		"duration": 1650,
		"size": "5M",
		"path": "http://media.haomuren.org/Message/BibleTeaching/2015JsLf03-06.mp3",
		"id": 4094000006,
		"albumId": 4094,
		"albumName": "耶稣生平(三)",
		"albumtitle": "耶稣生平(三)(6)"
	},
	{
		"duration": 1650,
		"size": "5M",
		"path": "http://media.haomuren.org/Message/BibleTeaching/2015JsLf03-07.mp3",
		"id": 4094000007,
		"albumId": 4094,
		"albumName": "耶稣生平(三)",
		"albumtitle": "耶稣生平(三)(7)"
	},
	{
		"duration": 1650,
		"size": "5M",
		"path": "http://media.haomuren.org/Message/BibleTeaching/2015JsLf03-08.mp3",
		"id": 4094000008,
		"albumId": 4094,
		"albumName": "耶稣生平(三)",
		"albumtitle": "耶稣生平(三)(8)"
	},
	{
		"duration": 1650,
		"size": "5M",
		"path": "http://media.haomuren.org/Message/BibleTeaching/2015JsLf03-09.mp3",
		"id": 4094000009,
		"albumId": 4094,
		"albumName": "耶稣生平(三)",
		"albumtitle": "耶稣生平(三)(9)"
	},
	{
		"duration": 1650,
		"size": "5M",
		"path": "http://media.haomuren.org/Message/BibleTeaching/2015JsLf03-10.mp3",
		"id": 4094000010,
		"albumId": 4094,
		"albumName": "耶稣生平(三)",
		"albumtitle": "耶稣生平(三)(10)"
	},
	{
		"duration": 1650,
		"size": "5M",
		"path": "http://media.haomuren.org/Message/BibleTeaching/2015JsLf03-11.mp3",
		"id": 4094000011,
		"albumId": 4094,
		"albumName": "耶稣生平(三)",
		"albumtitle": "耶稣生平(三)(11)"
	},
	{
		"duration": 1650,
		"size": "5M",
		"path": "http://media.haomuren.org/Message/BibleTeaching/2015JsLf03-12.mp3",
		"id": 4094000012,
		"albumId": 4094,
		"albumName": "耶稣生平(三)",
		"albumtitle": "耶稣生平(三)(12)"
	}
]