[
	{
		"duration": 1650,
		"size": "5M",
		"path": "http://media.haomuren.org/Message/BibleTeaching/2015ICo09-01.mp3",
		"id": 4121000001,
		"albumId": 4121,
		"albumName": "哥林多前书(九)",
		"albumtitle": "哥林多前书(九)(1)"
	},
	{
		"duration": 1650,
		"size": "5M",
		"path": "http://media.haomuren.org/Message/BibleTeaching/2015ICo09-02.mp3",
		"id": 4121000002,
		"albumId": 4121,
		"albumName": "哥林多前书(九)",
		"albumtitle": "哥林多前书(九)(2)"
	},
	{
		"duration": 1650,
		"size": "5M",
		"path": "http://media.haomuren.org/Message/BibleTeaching/2015ICo09-03.mp3",
		"id": 4121000003,
		"albumId": 4121,
		"albumName": "哥林多前书(九)",
		"albumtitle": "哥林多前书(九)(3)"
	},
	{
		"duration": 1650,
		"size": "5M",
		"path": "http://media.haomuren.org/Message/BibleTeaching/2015ICo09-04.mp3",
		"id": 4121000004,
		"albumId": 4121,
		"albumName": "哥林多前书(九)",
		"albumtitle": "哥林多前书(九)(4)"
	},
	{
		"duration": 1650,
		"size": "5M",
		"path": "http://media.haomuren.org/Message/BibleTeaching/2015ICo09-05.mp3",
		"id": 4121000005,
		"albumId": 4121,
		"albumName": "哥林多前书(九)",
		"albumtitle": "哥林多前书(九)(5)"
	},
	{
		"duration": 1650,
		"size": "5M",
		"path": "http://media.haomuren.org/Message/BibleTeaching/2015ICo09-06.mp3",
		"id": 4121000006,
		"albumId": 4121,
		"albumName": "哥林多前书(九)",
		"albumtitle": "哥林多前书(九)(6)"
	},
	{
		"duration": 1650,
		"size": "5M",
		"path": "http://media.haomuren.org/Message/BibleTeaching/2015ICo09-07.mp3",
		"id": 4121000007,
		"albumId": 4121,
		"albumName": "哥林多前书(九)",
		"albumtitle": "哥林多前书(九)(7)"
	},
	{
		"duration": 1650,
		"size": "5M",
		"path": "http://media.haomuren.org/Message/BibleTeaching/2015ICo09-08.mp3",
		"id": 4121000008,
		"albumId": 4121,
		"albumName": "哥林多前书(九)",
		"albumtitle": "哥林多前书(九)(8)"
	},
	{
		"duration": 1650,
		"size": "5M",
		"path": "http://media.haomuren.org/Message/BibleTeaching/2015ICo09-09.mp3",
		"id": 4121000009,
		"albumId": 4121,
		"albumName": "哥林多前书(九)",
		"albumtitle": "哥林多前书(九)(9)"
	},
	{
		"duration": 1650,
		"size": "5M",
		"path": "http://media.haomuren.org/Message/BibleTeaching/2015ICo09-10.mp3",
		"id": 4121000010,
		"albumId": 4121,
		"albumName": "哥林多前书(九)",
		"albumtitle": "哥林多前书(九)(10)"
	},
	{
		"duration": 1650,
		"size": "5M",
		"path": "http://media.haomuren.org/Message/BibleTeaching/2015ICo09-11.mp3",
		"id": 4121000011,
		"albumId": 4121,
		"albumName": "哥林多前书(九)",
		"albumtitle": "哥林多前书(九)(11)"
	},
	{
		"duration": 1650,
		"size": "5M",
		"path": "http://media.haomuren.org/Message/BibleTeaching/2015ICo09-12.mp3",
		"id": 4121000012,
		"albumId": 4121,
		"albumName": "哥林多前书(九)",
		"albumtitle": "哥林多前书(九)(12)"
	}
]