[
	{
		"duration": 1650,
		"size": "5M",
		"path": "http://media.haomuren.org/message/bibleteaching/2015Col02-01.mp3",
		"id": 4138000001,
		"albumId": 4138,
		"albumName": "歌罗西书系列(二)",
		"albumtitle": "歌罗西书系列(二)(1)"
	},
	{
		"duration": 1650,
		"size": "5M",
		"path": "http://media.haomuren.org/message/bibleteaching/2015Col02-02.mp3",
		"id": 4138000002,
		"albumId": 4138,
		"albumName": "歌罗西书系列(二)",
		"albumtitle": "歌罗西书系列(二)(2)"
	},
	{
		"duration": 1650,
		"size": "5M",
		"path": "http://media.haomuren.org/message/bibleteaching/2015Col02-03.mp3",
		"id": 4138000003,
		"albumId": 4138,
		"albumName": "歌罗西书系列(二)",
		"albumtitle": "歌罗西书系列(二)(3)"
	},
	{
		"duration": 1650,
		"size": "5M",
		"path": "http://media.haomuren.org/message/bibleteaching/2015Col02-04.mp3",
		"id": 4138000004,
		"albumId": 4138,
		"albumName": "歌罗西书系列(二)",
		"albumtitle": "歌罗西书系列(二)(4)"
	},
	{
		"duration": 1650,
		"size": "5M",
		"path": "http://media.haomuren.org/message/bibleteaching/2015Col02-05.mp3",
		"id": 4138000005,
		"albumId": 4138,
		"albumName": "歌罗西书系列(二)",
		"albumtitle": "歌罗西书系列(二)(5)"
	},
	{
		"duration": 1650,
		"size": "5M",
		"path": "http://media.haomuren.org/message/bibleteaching/2015Col02-06.mp3",
		"id": 4138000006,
		"albumId": 4138,
		"albumName": "歌罗西书系列(二)",
		"albumtitle": "歌罗西书系列(二)(6)"
	},
	{
		"duration": 1650,
		"size": "5M",
		"path": "http://media.haomuren.org/message/bibleteaching/2015Col02-07.mp3",
		"id": 4138000007,
		"albumId": 4138,
		"albumName": "歌罗西书系列(二)",
		"albumtitle": "歌罗西书系列(二)(7)"
	},
	{
		"duration": 1650,
		"size": "5M",
		"path": "http://media.haomuren.org/message/bibleteaching/2015Col02-08.mp3",
		"id": 4138000008,
		"albumId": 4138,
		"albumName": "歌罗西书系列(二)",
		"albumtitle": "歌罗西书系列(二)(8)"
	},
	{
		"duration": 1650,
		"size": "5M",
		"path": "http://media.haomuren.org/message/bibleteaching/2015Col02-09.mp3",
		"id": 4138000009,
		"albumId": 4138,
		"albumName": "歌罗西书系列(二)",
		"albumtitle": "歌罗西书系列(二)(9)"
	},
	{
		"duration": 1650,
		"size": "5M",
		"path": "http://media.haomuren.org/message/bibleteaching/2015Col02-10.mp3",
		"id": 4138000010,
		"albumId": 4138,
		"albumName": "歌罗西书系列(二)",
		"albumtitle": "歌罗西书系列(二)(10)"
	},
	{
		"duration": 1650,
		"size": "5M",
		"path": "http://media.haomuren.org/message/bibleteaching/2015Col02-11.mp3",
		"id": 4138000011,
		"albumId": 4138,
		"albumName": "歌罗西书系列(二)",
		"albumtitle": "歌罗西书系列(二)(11)"
	}
]