[
	{
		"duration": 1650,
		"size": "5M",
		"path": "http://media.haomuren.org/message/bibleteaching/2012Dt02-01.mp3",
		"id": 4013000001,
		"albumId": 4013,
		"albumName": "申命记系列(二)",
		"albumtitle": "申命记系列(二)(1)"
	},
	{
		"duration": 1650,
		"size": "5M",
		"path": "http://media.haomuren.org/message/bibleteaching/2012Dt02-02.mp3",
		"id": 4013000002,
		"albumId": 4013,
		"albumName": "申命记系列(二)",
		"albumtitle": "申命记系列(二)(2)"
	},
	{
		"duration": 1650,
		"size": "5M",
		"path": "http://media.haomuren.org/message/bibleteaching/2012Dt02-03.mp3",
		"id": 4013000003,
		"albumId": 4013,
		"albumName": "申命记系列(二)",
		"albumtitle": "申命记系列(二)(3)"
	},
	{
		"duration": 1650,
		"size": "5M",
		"path": "http://media.haomuren.org/message/bibleteaching/2012Dt02-04.mp3",
		"id": 4013000004,
		"albumId": 4013,
		"albumName": "申命记系列(二)",
		"albumtitle": "申命记系列(二)(4)"
	},
	{
		"duration": 1650,
		"size": "5M",
		"path": "http://media.haomuren.org/message/bibleteaching/2012Dt02-05.mp3",
		"id": 4013000005,
		"albumId": 4013,
		"albumName": "申命记系列(二)",
		"albumtitle": "申命记系列(二)(5)"
	},
	{
		"duration": 1650,
		"size": "5M",
		"path": "http://media.haomuren.org/message/bibleteaching/2012Dt02-06.mp3",
		"id": 4013000006,
		"albumId": 4013,
		"albumName": "申命记系列(二)",
		"albumtitle": "申命记系列(二)(6)"
	},
	{
		"duration": 1650,
		"size": "5M",
		"path": "http://media.haomuren.org/message/bibleteaching/2012Dt02-07.mp3",
		"id": 4013000007,
		"albumId": 4013,
		"albumName": "申命记系列(二)",
		"albumtitle": "申命记系列(二)(7)"
	},
	{
		"duration": 1650,
		"size": "5M",
		"path": "http://media.haomuren.org/message/bibleteaching/2012Dt02-08.mp3",
		"id": 4013000008,
		"albumId": 4013,
		"albumName": "申命记系列(二)",
		"albumtitle": "申命记系列(二)(8)"
	},
	{
		"duration": 1650,
		"size": "5M",
		"path": "http://media.haomuren.org/message/bibleteaching/2012Dt02-09.mp3",
		"id": 4013000009,
		"albumId": 4013,
		"albumName": "申命记系列(二)",
		"albumtitle": "申命记系列(二)(9)"
	},
	{
		"duration": 1650,
		"size": "5M",
		"path": "http://media.haomuren.org/message/bibleteaching/2012Dt02-10.mp3",
		"id": 4013000010,
		"albumId": 4013,
		"albumName": "申命记系列(二)",
		"albumtitle": "申命记系列(二)(10)"
	}
]