[
	{
		"duration": 1650,
		"size": "5M",
		"path": "http://media.haomuren.org/Message/BibleTeaching/2012Isa13-01.mp3",
		"id": 4041000001,
		"albumId": 4041,
		"albumName": "以赛亚书系列(十三)",
		"albumtitle": "以赛亚书系列(十三)(1)"
	},
	{
		"duration": 1650,
		"size": "5M",
		"path": "http://media.haomuren.org/Message/BibleTeaching/2012Isa13-02.mp3",
		"id": 4041000002,
		"albumId": 4041,
		"albumName": "以赛亚书系列(十三)",
		"albumtitle": "以赛亚书系列(十三)(2)"
	},
	{
		"duration": 1650,
		"size": "5M",
		"path": "http://media.haomuren.org/Message/BibleTeaching/2012Isa13-03.mp3",
		"id": 4041000003,
		"albumId": 4041,
		"albumName": "以赛亚书系列(十三)",
		"albumtitle": "以赛亚书系列(十三)(3)"
	},
	{
		"duration": 1650,
		"size": "5M",
		"path": "http://media.haomuren.org/Message/BibleTeaching/2012Isa13-04.mp3",
		"id": 4041000004,
		"albumId": 4041,
		"albumName": "以赛亚书系列(十三)",
		"albumtitle": "以赛亚书系列(十三)(4)"
	},
	{
		"duration": 1650,
		"size": "5M",
		"path": "http://media.haomuren.org/Message/BibleTeaching/2012Isa13-05.mp3",
		"id": 4041000005,
		"albumId": 4041,
		"albumName": "以赛亚书系列(十三)",
		"albumtitle": "以赛亚书系列(十三)(5)"
	},
	{
		"duration": 1650,
		"size": "5M",
		"path": "http://media.haomuren.org/Message/BibleTeaching/2012Isa13-06.mp3",
		"id": 4041000006,
		"albumId": 4041,
		"albumName": "以赛亚书系列(十三)",
		"albumtitle": "以赛亚书系列(十三)(6)"
	},
	{
		"duration": 1650,
		"size": "5M",
		"path": "http://media.haomuren.org/Message/BibleTeaching/2012Isa13-07.mp3",
		"id": 4041000007,
		"albumId": 4041,
		"albumName": "以赛亚书系列(十三)",
		"albumtitle": "以赛亚书系列(十三)(7)"
	},
	{
		"duration": 1650,
		"size": "5M",
		"path": "http://media.haomuren.org/Message/BibleTeaching/2012Isa13-08.mp3",
		"id": 4041000008,
		"albumId": 4041,
		"albumName": "以赛亚书系列(十三)",
		"albumtitle": "以赛亚书系列(十三)(8)"
	},
	{
		"duration": 1650,
		"size": "5M",
		"path": "http://media.haomuren.org/Message/BibleTeaching/2012Isa13-09.mp3",
		"id": 4041000009,
		"albumId": 4041,
		"albumName": "以赛亚书系列(十三)",
		"albumtitle": "以赛亚书系列(十三)(9)"
	},
	{
		"duration": 1650,
		"size": "5M",
		"path": "http://media.haomuren.org/Message/BibleTeaching/2012Isa13-10.mp3",
		"id": 4041000010,
		"albumId": 4041,
		"albumName": "以赛亚书系列(十三)",
		"albumtitle": "以赛亚书系列(十三)(10)"
	},
	{
		"duration": 1650,
		"size": "5M",
		"path": "http://media.haomuren.org/Message/BibleTeaching/2012Isa13-11.mp3",
		"id": 4041000011,
		"albumId": 4041,
		"albumName": "以赛亚书系列(十三)",
		"albumtitle": "以赛亚书系列(十三)(11)"
	},
	{
		"duration": 1650,
		"size": "5M",
		"path": "http://media.haomuren.org/Message/BibleTeaching/2012Isa13-12.mp3",
		"id": 4041000012,
		"albumId": 4041,
		"albumName": "以赛亚书系列(十三)",
		"albumtitle": "以赛亚书系列(十三)(12)"
	},
	{
		"duration": 1650,
		"size": "5M",
		"path": "http://media.haomuren.org/Message/BibleTeaching/2012Isa13-13.mp3",
		"id": 4041000013,
		"albumId": 4041,
		"albumName": "以赛亚书系列(十三)",
		"albumtitle": "以赛亚书系列(十三)(13)"
	}
]