[
	{
		"duration": 1650,
		"size": "5M",
		"path": "http://media.haomuren.org/Message/BibleTeaching/2014Eph01-01.mp3",
		"id": 4127000001,
		"albumId": 4127,
		"albumName": "以弗所书(一)",
		"albumtitle": "以弗所书(一)(1)"
	},
	{
		"duration": 1650,
		"size": "5M",
		"path": "http://media.haomuren.org/Message/BibleTeaching/2014Eph01-02.mp3",
		"id": 4127000002,
		"albumId": 4127,
		"albumName": "以弗所书(一)",
		"albumtitle": "以弗所书(一)(2)"
	},
	{
		"duration": 1650,
		"size": "5M",
		"path": "http://media.haomuren.org/Message/BibleTeaching/2014Eph01-03.mp3",
		"id": 4127000003,
		"albumId": 4127,
		"albumName": "以弗所书(一)",
		"albumtitle": "以弗所书(一)(3)"
	},
	{
		"duration": 1650,
		"size": "5M",
		"path": "http://media.haomuren.org/Message/BibleTeaching/2014Eph01-04.mp3",
		"id": 4127000004,
		"albumId": 4127,
		"albumName": "以弗所书(一)",
		"albumtitle": "以弗所书(一)(4)"
	},
	{
		"duration": 1650,
		"size": "5M",
		"path": "http://media.haomuren.org/Message/BibleTeaching/2014Eph01-05.mp3",
		"id": 4127000005,
		"albumId": 4127,
		"albumName": "以弗所书(一)",
		"albumtitle": "以弗所书(一)(5)"
	},
	{
		"duration": 1650,
		"size": "5M",
		"path": "http://media.haomuren.org/Message/BibleTeaching/2014Eph01-06.mp3",
		"id": 4127000006,
		"albumId": 4127,
		"albumName": "以弗所书(一)",
		"albumtitle": "以弗所书(一)(6)"
	},
	{
		"duration": 1650,
		"size": "5M",
		"path": "http://media.haomuren.org/Message/BibleTeaching/2014Eph01-07.mp3",
		"id": 4127000007,
		"albumId": 4127,
		"albumName": "以弗所书(一)",
		"albumtitle": "以弗所书(一)(7)"
	},
	{
		"duration": 1650,
		"size": "5M",
		"path": "http://media.haomuren.org/Message/BibleTeaching/2014Eph01-08.mp3",
		"id": 4127000008,
		"albumId": 4127,
		"albumName": "以弗所书(一)",
		"albumtitle": "以弗所书(一)(8)"
	},
	{
		"duration": 1650,
		"size": "5M",
		"path": "http://media.haomuren.org/Message/BibleTeaching/2014Eph01-09.mp3",
		"id": 4127000009,
		"albumId": 4127,
		"albumName": "以弗所书(一)",
		"albumtitle": "以弗所书(一)(9)"
	},
	{
		"duration": 1650,
		"size": "5M",
		"path": "http://media.haomuren.org/Message/BibleTeaching/2014Eph01-10.mp3",
		"id": 4127000010,
		"albumId": 4127,
		"albumName": "以弗所书(一)",
		"albumtitle": "以弗所书(一)(10)"
	},
	{
		"duration": 1650,
		"size": "5M",
		"path": "http://media.haomuren.org/Message/BibleTeaching/2014Eph01-11.mp3",
		"id": 4127000011,
		"albumId": 4127,
		"albumName": "以弗所书(一)",
		"albumtitle": "以弗所书(一)(11)"
	},
	{
		"duration": 1650,
		"size": "5M",
		"path": "http://media.haomuren.org/Message/BibleTeaching/2014Eph01-12.mp3",
		"id": 4127000012,
		"albumId": 4127,
		"albumName": "以弗所书(一)",
		"albumtitle": "以弗所书(一)(12)"
	}
]