[
	{
		"duration": 1650,
		"size": "5M",
		"path": "http://media.haomuren.org/Message/BibleTeaching/2017eze07-01.mp3",
		"id": 4052000001,
		"albumId": 4052,
		"albumName": "以西结书系列(七)",
		"albumtitle": "以西结书系列(七)(1)"
	},
	{
		"duration": 1650,
		"size": "5M",
		"path": "http://media.haomuren.org/Message/BibleTeaching/2017eze07-02.mp3",
		"id": 4052000002,
		"albumId": 4052,
		"albumName": "以西结书系列(七)",
		"albumtitle": "以西结书系列(七)(2)"
	},
	{
		"duration": 1650,
		"size": "5M",
		"path": "http://media.haomuren.org/Message/BibleTeaching/2017eze07-03.mp3",
		"id": 4052000003,
		"albumId": 4052,
		"albumName": "以西结书系列(七)",
		"albumtitle": "以西结书系列(七)(3)"
	},
	{
		"duration": 1650,
		"size": "5M",
		"path": "http://media.haomuren.org/Message/BibleTeaching/2017eze07-04.mp3",
		"id": 4052000004,
		"albumId": 4052,
		"albumName": "以西结书系列(七)",
		"albumtitle": "以西结书系列(七)(4)"
	},
	{
		"duration": 1650,
		"size": "5M",
		"path": "http://media.haomuren.org/Message/BibleTeaching/2017eze07-05.mp3",
		"id": 4052000005,
		"albumId": 4052,
		"albumName": "以西结书系列(七)",
		"albumtitle": "以西结书系列(七)(5)"
	},
	{
		"duration": 1650,
		"size": "5M",
		"path": "http://media.haomuren.org/Message/BibleTeaching/2017eze07-06.mp3",
		"id": 4052000006,
		"albumId": 4052,
		"albumName": "以西结书系列(七)",
		"albumtitle": "以西结书系列(七)(6)"
	},
	{
		"duration": 1650,
		"size": "5M",
		"path": "http://media.haomuren.org/Message/BibleTeaching/2017eze07-07.mp3",
		"id": 4052000007,
		"albumId": 4052,
		"albumName": "以西结书系列(七)",
		"albumtitle": "以西结书系列(七)(7)"
	},
	{
		"duration": 1650,
		"size": "5M",
		"path": "http://media.haomuren.org/Message/BibleTeaching/2017eze07-08.mp3",
		"id": 4052000008,
		"albumId": 4052,
		"albumName": "以西结书系列(七)",
		"albumtitle": "以西结书系列(七)(8)"
	}
]