[{
	"duration": 1650,
	"size": "5M",
	"path": "http://media.haomuren.org/Message/BibleTeaching/080419Pmark3-01.mp3",
	"id": 4068000001,
	"albumId": 4068,
	"albumName": "马可福音(三)",
	"albumtitle": "马可福音(三)(1)"
},
	{
		"duration": 1650,
		"size": "5M",
		"path": "http://media.haomuren.org/Message/BibleTeaching/080421Pmark3-02.mp3",
		"id": 4068000002,
		"albumId": 4068,
		"albumName": "马可福音(三)",
		"albumtitle": "马可福音(三)(2)"
	},
	{
		"duration": 1650,
		"size": "5M",
		"path": "http://media.haomuren.org/Message/BibleTeaching/080423Pmark3-03.mp3",
		"id": 4068000003,
		"albumId": 4068,
		"albumName": "马可福音(三)",
		"albumtitle": "马可福音(三)(3)"
	},
	{
		"duration": 1650,
		"size": "5M",
		"path": "http://media.haomuren.org/Message/BibleTeaching/080425Pmark3-04.mp3",
		"id": 4068000004,
		"albumId": 4068,
		"albumName": "马可福音(三)",
		"albumtitle": "马可福音(三)(4)"
	},
	{
		"duration": 1650,
		"size": "5M",
		"path": "http://media.haomuren.org/Message/BibleTeaching/080427Pmark3-05.mp3",
		"id": 4068000005,
		"albumId": 4068,
		"albumName": "马可福音(三)",
		"albumtitle": "马可福音(三)(5)"
	},
	{
		"duration": 1650,
		"size": "5M",
		"path": "http://media.haomuren.org/Message/BibleTeaching/080429Pmark3-06.mp3",
		"id": 4068000006,
		"albumId": 4068,
		"albumName": "马可福音(三)",
		"albumtitle": "马可福音(三)(6)"
	},
	{
		"duration": 1650,
		"size": "5M",
		"path": "http://media.haomuren.org/Message/BibleTeaching/080501Pmark3-07.mp3",
		"id": 4068000007,
		"albumId": 4068,
		"albumName": "马可福音(三)",
		"albumtitle": "马可福音(三)(7)"
	},
	{
		"duration": 1650,
		"size": "5M",
		"path": "http://media.haomuren.org/Message/BibleTeaching/080503Pmark3-08.mp3",
		"id": 4068000008,
		"albumId": 4068,
		"albumName": "马可福音(三)",
		"albumtitle": "马可福音(三)(8)"
	},
	{
		"duration": 1650,
		"size": "5M",
		"path": "http://media.haomuren.org/Message/BibleTeaching/080505Pmark3-09.mp3",
		"id": 4068000009,
		"albumId": 4068,
		"albumName": "马可福音(三)",
		"albumtitle": "马可福音(三)(9)"
	},
	{
		"duration": 1650,
		"size": "5M",
		"path": "http://media.haomuren.org/Message/BibleTeaching/080507Pmark3-10.mp3",
		"id": 4068000010,
		"albumId": 4068,
		"albumName": "马可福音(三)",
		"albumtitle": "马可福音(三)(10)"
	},
	{
		"duration": 1650,
		"size": "5M",
		"path": "http://media.haomuren.org/Message/BibleTeaching/080509Pmark3-11.mp3",
		"id": 4068000011,
		"albumId": 4068,
		"albumName": "马可福音(三)",
		"albumtitle": "马可福音(三)(11)"
	},
	{
		"duration": 1650,
		"size": "5M",
		"path": "http://media.haomuren.org/Message/BibleTeaching/080511Pmark3-12.mp3",
		"id": 4068000012,
		"albumId": 4068,
		"albumName": "马可福音(三)",
		"albumtitle": "马可福音(三)(12)"
	},
	{
		"duration": 1650,
		"size": "5M",
		"path": "http://media.haomuren.org/Message/BibleTeaching/080513Pmark3-13.mp3",
		"id": 4068000013,
		"albumId": 4068,
		"albumName": "马可福音(三)",
		"albumtitle": "马可福音(三)(13)"
	},
	{
		"duration": 1650,
		"size": "5M",
		"path": "http://media.haomuren.org/Message/BibleTeaching/080515Pmark3-14.mp3",
		"id": 4068000014,
		"albumId": 4068,
		"albumName": "马可福音(三)",
		"albumtitle": "马可福音(三)(14)"
	},
	{
		"duration": 1650,
		"size": "5M",
		"path": "http://media.haomuren.org/Message/BibleTeaching/080517Pmark3-15.mp3",
		"id": 4068000015,
		"albumId": 4068,
		"albumName": "马可福音(三)",
		"albumtitle": "马可福音(三)(15)"
	},
	{
		"duration": 1650,
		"size": "5M",
		"path": "http://media.haomuren.org/Message/BibleTeaching/080519Pmark3-16.mp3",
		"id": 4068000016,
		"albumId": 4068,
		"albumName": "马可福音(三)",
		"albumtitle": "马可福音(三)(16)"
	},
	{
		"duration": 1650,
		"size": "5M",
		"path": "http://media.haomuren.org/Message/BibleTeaching/080521Pmark3-17.mp3",
		"id": 4068000017,
		"albumId": 4068,
		"albumName": "马可福音(三)",
		"albumtitle": "马可福音(三)(17)"
	},
	{
		"duration": 1650,
		"size": "5M",
		"path": "http://media.haomuren.org/Message/BibleTeaching/080523Pmark3-18.mp3",
		"id": 4068000018,
		"albumId": 4068,
		"albumName": "马可福音(三)",
		"albumtitle": "马可福音(三)(18)"
	}
]