[
	{
		"duration": 1650,
		"size": "5M",
		"path": "http://media.haomuren.org/Message/BibleTeaching/2011Isa12-01.mp3",
		"id": 4040000001,
		"albumId": 4040,
		"albumName": "以赛亚书系列(十二)",
		"albumtitle": "以赛亚书系列(十二)(1)"
	},
	{
		"duration": 1650,
		"size": "5M",
		"path": "http://media.haomuren.org/Message/BibleTeaching/2011Isa12-02.mp3",
		"id": 4040000002,
		"albumId": 4040,
		"albumName": "以赛亚书系列(十二)",
		"albumtitle": "以赛亚书系列(十二)(2)"
	},
	{
		"duration": 1650,
		"size": "5M",
		"path": "http://media.haomuren.org/Message/BibleTeaching/2011Isa12-03.mp3",
		"id": 4040000003,
		"albumId": 4040,
		"albumName": "以赛亚书系列(十二)",
		"albumtitle": "以赛亚书系列(十二)(3)"
	},
	{
		"duration": 1650,
		"size": "5M",
		"path": "http://media.haomuren.org/Message/BibleTeaching/2011Isa12-04.mp3",
		"id": 4040000004,
		"albumId": 4040,
		"albumName": "以赛亚书系列(十二)",
		"albumtitle": "以赛亚书系列(十二)(4)"
	},
	{
		"duration": 1650,
		"size": "5M",
		"path": "http://media.haomuren.org/Message/BibleTeaching/2011Isa12-05.mp3",
		"id": 4040000005,
		"albumId": 4040,
		"albumName": "以赛亚书系列(十二)",
		"albumtitle": "以赛亚书系列(十二)(5)"
	},
	{
		"duration": 1650,
		"size": "5M",
		"path": "http://media.haomuren.org/Message/BibleTeaching/2011Isa12-06.mp3",
		"id": 4040000006,
		"albumId": 4040,
		"albumName": "以赛亚书系列(十二)",
		"albumtitle": "以赛亚书系列(十二)(6)"
	},
	{
		"duration": 1650,
		"size": "5M",
		"path": "http://media.haomuren.org/Message/BibleTeaching/2011Isa12-07.mp3",
		"id": 4040000007,
		"albumId": 4040,
		"albumName": "以赛亚书系列(十二)",
		"albumtitle": "以赛亚书系列(十二)(7)"
	},
	{
		"duration": 1650,
		"size": "5M",
		"path": "http://media.haomuren.org/Message/BibleTeaching/2011Isa12-08.mp3",
		"id": 4040000008,
		"albumId": 4040,
		"albumName": "以赛亚书系列(十二)",
		"albumtitle": "以赛亚书系列(十二)(8)"
	},
	{
		"duration": 1650,
		"size": "5M",
		"path": "http://media.haomuren.org/Message/BibleTeaching/2011Isa12-09.mp3",
		"id": 4040000009,
		"albumId": 4040,
		"albumName": "以赛亚书系列(十二)",
		"albumtitle": "以赛亚书系列(十二)(9)"
	},
	{
		"duration": 1650,
		"size": "5M",
		"path": "http://media.haomuren.org/Message/BibleTeaching/2011Isa12-10.mp3",
		"id": 4040000010,
		"albumId": 4040,
		"albumName": "以赛亚书系列(十二)",
		"albumtitle": "以赛亚书系列(十二)(10)"
	},
	{
		"duration": 1650,
		"size": "5M",
		"path": "http://media.haomuren.org/Message/BibleTeaching/2011Isa12-11.mp3",
		"id": 4040000011,
		"albumId": 4040,
		"albumName": "以赛亚书系列(十二)",
		"albumtitle": "以赛亚书系列(十二)(11)"
	},
	{
		"duration": 1650,
		"size": "5M",
		"path": "http://media.haomuren.org/Message/BibleTeaching/2011Isa12-12.mp3",
		"id": 4040000012,
		"albumId": 4040,
		"albumName": "以赛亚书系列(十二)",
		"albumtitle": "以赛亚书系列(十二)(12)"
	}
]