[
	{
		"duration": 1650,
		"size": "5M",
		"path": "http://media.haomuren.org/Message/BibleTeaching/2011John6-01.mp3",
		"id": 4084000001,
		"albumId": 4084,
		"albumName": "约翰福音(六)",
		"albumtitle": "约翰福音(六)(1)"
	},
	{
		"duration": 1650,
		"size": "5M",
		"path": "http://media.haomuren.org/Message/BibleTeaching/2011John6-02.mp3",
		"id": 4084000002,
		"albumId": 4084,
		"albumName": "约翰福音(六)",
		"albumtitle": "约翰福音(六)(2)"
	},
	{
		"duration": 1650,
		"size": "5M",
		"path": "http://media.haomuren.org/Message/BibleTeaching/2011John6-03.mp3",
		"id": 4084000003,
		"albumId": 4084,
		"albumName": "约翰福音(六)",
		"albumtitle": "约翰福音(六)(3)"
	},
	{
		"duration": 1650,
		"size": "5M",
		"path": "http://media.haomuren.org/Message/BibleTeaching/2011John6-04.mp3",
		"id": 4084000004,
		"albumId": 4084,
		"albumName": "约翰福音(六)",
		"albumtitle": "约翰福音(六)(4)"
	},
	{
		"duration": 1650,
		"size": "5M",
		"path": "http://media.haomuren.org/Message/BibleTeaching/2011John6-05.mp3",
		"id": 4084000005,
		"albumId": 4084,
		"albumName": "约翰福音(六)",
		"albumtitle": "约翰福音(六)(5)"
	},
	{
		"duration": 1650,
		"size": "5M",
		"path": "http://media.haomuren.org/Message/BibleTeaching/2011John6-06.mp3",
		"id": 4084000006,
		"albumId": 4084,
		"albumName": "约翰福音(六)",
		"albumtitle": "约翰福音(六)(6)"
	},
	{
		"duration": 1650,
		"size": "5M",
		"path": "http://media.haomuren.org/Message/BibleTeaching/2011John6-07.mp3",
		"id": 4084000007,
		"albumId": 4084,
		"albumName": "约翰福音(六)",
		"albumtitle": "约翰福音(六)(7)"
	},
	{
		"duration": 1650,
		"size": "5M",
		"path": "http://media.haomuren.org/Message/BibleTeaching/2011John6-08.mp3",
		"id": 4084000008,
		"albumId": 4084,
		"albumName": "约翰福音(六)",
		"albumtitle": "约翰福音(六)(8)"
	},
	{
		"duration": 1650,
		"size": "5M",
		"path": "http://media.haomuren.org/Message/BibleTeaching/2011John6-09.mp3",
		"id": 4084000009,
		"albumId": 4084,
		"albumName": "约翰福音(六)",
		"albumtitle": "约翰福音(六)(9)"
	},
	{
		"duration": 1650,
		"size": "5M",
		"path": "http://media.haomuren.org/Message/BibleTeaching/2011John6-10.mp3",
		"id": 4084000010,
		"albumId": 4084,
		"albumName": "约翰福音(六)",
		"albumtitle": "约翰福音(六)(10)"
	},
	{
		"duration": 1650,
		"size": "5M",
		"path": "http://media.haomuren.org/Message/BibleTeaching/2011John6-11.mp3",
		"id": 4084000011,
		"albumId": 4084,
		"albumName": "约翰福音(六)",
		"albumtitle": "约翰福音(六)(11)"
	},
	{
		"duration": 1650,
		"size": "5M",
		"path": "http://media.haomuren.org/Message/BibleTeaching/2011John6-12.mp3",
		"id": 4084000012,
		"albumId": 4084,
		"albumName": "约翰福音(六)",
		"albumtitle": "约翰福音(六)(12)"
	},
	{
		"duration": 1650,
		"size": "5M",
		"path": "http://media.haomuren.org/Message/BibleTeaching/2011John6-13.mp3",
		"id": 4084000013,
		"albumId": 4084,
		"albumName": "约翰福音(六)",
		"albumtitle": "约翰福音(六)(13)"
	},
	{
		"duration": 1650,
		"size": "5M",
		"path": "http://media.haomuren.org/Message/BibleTeaching/2011John6-14.mp3",
		"id": 4084000014,
		"albumId": 4084,
		"albumName": "约翰福音(六)",
		"albumtitle": "约翰福音(六)(14)"
	},
	{
		"duration": 1650,
		"size": "5M",
		"path": "http://media.haomuren.org/Message/BibleTeaching/2011John6-15.mp3",
		"id": 4084000015,
		"albumId": 4084,
		"albumName": "约翰福音(六)",
		"albumtitle": "约翰福音(六)(15)"
	}
]