[
	{
		"duration": 1650,
		"size": "5M",
		"path": "http://media.haomuren.org/Message/BibleTeaching/2014Luke01-01.mp3",
		"id": 4071000001,
		"albumId": 4071,
		"albumName": "路加福音系列(一)",
		"albumtitle": "路加福音系列(一)(1)"
	},
	{
		"duration": 1650,
		"size": "5M",
		"path": "http://media.haomuren.org/Message/BibleTeaching/2014Luke01-02.mp3",
		"id": 4071000002,
		"albumId": 4071,
		"albumName": "路加福音系列(一)",
		"albumtitle": "路加福音系列(一)(2)"
	},
	{
		"duration": 1650,
		"size": "5M",
		"path": "http://media.haomuren.org/Message/BibleTeaching/2014Luke01-03.mp3",
		"id": 4071000003,
		"albumId": 4071,
		"albumName": "路加福音系列(一)",
		"albumtitle": "路加福音系列(一)(3)"
	},
	{
		"duration": 1650,
		"size": "5M",
		"path": "http://media.haomuren.org/Message/BibleTeaching/2014Luke01-04.mp3",
		"id": 4071000004,
		"albumId": 4071,
		"albumName": "路加福音系列(一)",
		"albumtitle": "路加福音系列(一)(4)"
	},
	{
		"duration": 1650,
		"size": "5M",
		"path": "http://media.haomuren.org/Message/BibleTeaching/2014Luke01-05.mp3",
		"id": 4071000005,
		"albumId": 4071,
		"albumName": "路加福音系列(一)",
		"albumtitle": "路加福音系列(一)(5)"
	},
	{
		"duration": 1650,
		"size": "5M",
		"path": "http://media.haomuren.org/Message/BibleTeaching/2014Luke01-06.mp3",
		"id": 4071000006,
		"albumId": 4071,
		"albumName": "路加福音系列(一)",
		"albumtitle": "路加福音系列(一)(6)"
	},
	{
		"duration": 1650,
		"size": "5M",
		"path": "http://media.haomuren.org/Message/BibleTeaching/2014Luke01-07.mp3",
		"id": 4071000007,
		"albumId": 4071,
		"albumName": "路加福音系列(一)",
		"albumtitle": "路加福音系列(一)(7)"
	},
	{
		"duration": 1650,
		"size": "5M",
		"path": "http://media.haomuren.org/Message/BibleTeaching/2014Luke01-08.mp3",
		"id": 4071000008,
		"albumId": 4071,
		"albumName": "路加福音系列(一)",
		"albumtitle": "路加福音系列(一)(8)"
	},
	{
		"duration": 1650,
		"size": "5M",
		"path": "http://media.haomuren.org/Message/BibleTeaching/2014Luke01-09.mp3",
		"id": 4071000009,
		"albumId": 4071,
		"albumName": "路加福音系列(一)",
		"albumtitle": "路加福音系列(一)(9)"
	},
	{
		"duration": 1650,
		"size": "5M",
		"path": "http://media.haomuren.org/Message/BibleTeaching/2014Luke01-10.mp3",
		"id": 4071000010,
		"albumId": 4071,
		"albumName": "路加福音系列(一)",
		"albumtitle": "路加福音系列(一)(10)"
	},
	{
		"duration": 1650,
		"size": "5M",
		"path": "http://media.haomuren.org/Message/BibleTeaching/2014Luke01-11.mp3",
		"id": 4071000011,
		"albumId": 4071,
		"albumName": "路加福音系列(一)",
		"albumtitle": "路加福音系列(一)(11)"
	},
	{
		"duration": 1650,
		"size": "5M",
		"path": "http://media.haomuren.org/Message/BibleTeaching/2014Luke01-12.mp3",
		"id": 4071000012,
		"albumId": 4071,
		"albumName": "路加福音系列(一)",
		"albumtitle": "路加福音系列(一)(12)"
	}
]