[{
  "duration": 1650,
  "size": "5M",
  "path": "http://www.w4j.org/m/HaoMuRen/Upload/NewsAttach/060709L.mp3",
  "id": 4154000001,
  "albumId": 4154,
  "albumName": "真理與異端的分辨",
  "albumtitle": "真理與異端的分辨(1)"
},
  {
    "duration": 1650,
    "size": "5M",
    "path": "http://www.w4j.org/m/HaoMuRen/Upload/NewsAttach/060710L.mp3",
    "id": 4154000002,
    "albumId": 4154,
    "albumName": "真理與異端的分辨",
    "albumtitle": "真理與異端的分辨(2)"
  },
  {
    "duration": 1650,
    "size": "5M",
    "path": "http://www.w4j.org/m/HaoMuRen/Upload/NewsAttach/060711L.mp3",
    "id": 4154000003,
    "albumId": 4154,
    "albumName": "真理與異端的分辨",
    "albumtitle": "真理與異端的分辨(3)"
  },
  {
    "duration": 1650,
    "size": "5M",
    "path": "http://www.w4j.org/m/HaoMuRen/Upload/NewsAttach/060712L.mp3",
    "id": 4154000004,
    "albumId": 4154,
    "albumName": "真理與異端的分辨",
    "albumtitle": "真理與異端的分辨(4)"
  },
  {
    "duration": 1650,
    "size": "5M",
    "path": "http://www.w4j.org/m/HaoMuRen/Upload/NewsAttach/060713L.mp3",
    "id": 4154000005,
    "albumId": 4154,
    "albumName": "真理與異端的分辨",
    "albumtitle": "真理與異端的分辨(5)"
  },
  {
    "duration": 1650,
    "size": "5M",
    "path": "http://www.w4j.org/m/HaoMuRen/Upload/NewsAttach/060714L.mp3",
    "id": 4154000006,
    "albumId": 4154,
    "albumName": "真理與異端的分辨",
    "albumtitle": "真理與異端的分辨(6)"
  },
  {
    "duration": 1650,
    "size": "5M",
    "path": "http://www.w4j.org/m/HaoMuRen/Upload/NewsAttach/060715L.mp3",
    "id": 4154000007,
    "albumId": 4154,
    "albumName": "真理與異端的分辨",
    "albumtitle": "真理與異端的分辨(7)"
  },
  {
    "duration": 1650,
    "size": "5M",
    "path": "http://www.w4j.org/m/HaoMuRen/Upload/NewsAttach/060716L.mp3",
    "id": 4154000008,
    "albumId": 4154,
    "albumName": "真理與異端的分辨",
    "albumtitle": "真理與異端的分辨(8)"
  },
  {
    "duration": 1650,
    "size": "5M",
    "path": "http://www.w4j.org/m/HaoMuRen/Upload/NewsAttach/060717L.mp3",
    "id": 4154000009,
    "albumId": 4154,
    "albumName": "真理與異端的分辨",
    "albumtitle": "真理與異端的分辨(9)"
  },
  {
    "duration": 1650,
    "size": "5M",
    "path": "http://www.w4j.org/m/HaoMuRen/Upload/NewsAttach/060718L.mp3",
    "id": 4154000010,
    "albumId": 4154,
    "albumName": "真理與異端的分辨",
    "albumtitle": "真理與異端的分辨(10)"
  },
  {
    "duration": 1650,
    "size": "5M",
    "path": "http://www.w4j.org/m/HaoMuRen/Upload/NewsAttach/060719L.mp3",
    "id": 4154000011,
    "albumId": 4154,
    "albumName": "真理與異端的分辨",
    "albumtitle": "真理與異端的分辨(11)"
  },
  {
    "duration": 1650,
    "size": "5M",
    "path": "http://www.w4j.org/m/HaoMuRen/Upload/NewsAttach/060720L.mp3",
    "id": 4154000012,
    "albumId": 4154,
    "albumName": "真理與異端的分辨",
    "albumtitle": "真理與異端的分辨(12)"
  },
  {
    "duration": 1650,
    "size": "5M",
    "path": "http://www.w4j.org/m/HaoMuRen/Upload/NewsAttach/060721L.mp3",
    "id": 4154000013,
    "albumId": 4154,
    "albumName": "真理與異端的分辨",
    "albumtitle": "真理與異端的分辨(13)"
  },
  {
    "duration": 1650,
    "size": "5M",
    "path": "http://www.w4j.org/m/HaoMuRen/Upload/NewsAttach/060722L.mp3",
    "id": 4154000014,
    "albumId": 4154,
    "albumName": "真理與異端的分辨",
    "albumtitle": "真理與異端的分辨(14)"
  },
  {
    "duration": 1650,
    "size": "5M",
    "path": "http://www.w4j.org/m/HaoMuRen/Upload/NewsAttach/060723L.mp3",
    "id": 4154000015,
    "albumId": 4154,
    "albumName": "真理與異端的分辨",
    "albumtitle": "真理與異端的分辨(15)"
  },
  {
    "duration": 1650,
    "size": "5M",
    "path": "http://www.w4j.org/m/HaoMuRen/Upload/NewsAttach/060724L.mp3",
    "id": 4154000016,
    "albumId": 4154,
    "albumName": "真理與異端的分辨",
    "albumtitle": "真理與異端的分辨(16)"
  }
]