[
	{
		"duration": 1650,
		"size": "5M",
		"path": "http://media.haomuren.org/Message/BibleTeaching/2014Eph02-01.mp3",
		"id": 4128000001,
		"albumId": 4128,
		"albumName": "以弗所书(二)",
		"albumtitle": "以弗所书(二)(1)"
	},
	{
		"duration": 1650,
		"size": "5M",
		"path": "http://media.haomuren.org/Message/BibleTeaching/2014Eph02-02.mp3",
		"id": 4128000002,
		"albumId": 4128,
		"albumName": "以弗所书(二)",
		"albumtitle": "以弗所书(二)(2)"
	},
	{
		"duration": 1650,
		"size": "5M",
		"path": "http://media.haomuren.org/Message/BibleTeaching/2014Eph02-03.mp3",
		"id": 4128000003,
		"albumId": 4128,
		"albumName": "以弗所书(二)",
		"albumtitle": "以弗所书(二)(3)"
	},
	{
		"duration": 1650,
		"size": "5M",
		"path": "http://media.haomuren.org/Message/BibleTeaching/2014Eph02-04.mp3",
		"id": 4128000004,
		"albumId": 4128,
		"albumName": "以弗所书(二)",
		"albumtitle": "以弗所书(二)(4)"
	},
	{
		"duration": 1650,
		"size": "5M",
		"path": "http://media.haomuren.org/Message/BibleTeaching/2014Eph02-05.mp3",
		"id": 4128000005,
		"albumId": 4128,
		"albumName": "以弗所书(二)",
		"albumtitle": "以弗所书(二)(5)"
	},
	{
		"duration": 1650,
		"size": "5M",
		"path": "http://media.haomuren.org/Message/BibleTeaching/2014Eph02-06.mp3",
		"id": 4128000006,
		"albumId": 4128,
		"albumName": "以弗所书(二)",
		"albumtitle": "以弗所书(二)(6)"
	},
	{
		"duration": 1650,
		"size": "5M",
		"path": "http://media.haomuren.org/Message/BibleTeaching/2014Eph02-07.mp3",
		"id": 4128000007,
		"albumId": 4128,
		"albumName": "以弗所书(二)",
		"albumtitle": "以弗所书(二)(7)"
	},
	{
		"duration": 1650,
		"size": "5M",
		"path": "http://media.haomuren.org/Message/BibleTeaching/2014Eph02-08.mp3",
		"id": 4128000008,
		"albumId": 4128,
		"albumName": "以弗所书(二)",
		"albumtitle": "以弗所书(二)(8)"
	},
	{
		"duration": 1650,
		"size": "5M",
		"path": "http://media.haomuren.org/Message/BibleTeaching/2014Eph02-09.mp3",
		"id": 4128000009,
		"albumId": 4128,
		"albumName": "以弗所书(二)",
		"albumtitle": "以弗所书(二)(9)"
	},
	{
		"duration": 1650,
		"size": "5M",
		"path": "http://media.haomuren.org/Message/BibleTeaching/2014Eph02-10.mp3",
		"id": 4128000010,
		"albumId": 4128,
		"albumName": "以弗所书(二)",
		"albumtitle": "以弗所书(二)(10)"
	},
	{
		"duration": 1650,
		"size": "5M",
		"path": "http://media.haomuren.org/Message/BibleTeaching/2014Eph02-11.mp3",
		"id": 4128000011,
		"albumId": 4128,
		"albumName": "以弗所书(二)",
		"albumtitle": "以弗所书(二)(11)"
	},
	{
		"duration": 1650,
		"size": "5M",
		"path": "http://media.haomuren.org/Message/BibleTeaching/2014Eph02-12.mp3",
		"id": 4128000012,
		"albumId": 4128,
		"albumName": "以弗所书(二)",
		"albumtitle": "以弗所书(二)(12)"
	}
]