[
	{
		"duration": 1650,
		"size": "5M",
		"path": "http://media.haomuren.org/message/bibleteaching/2013Pe03-01.mp3",
		"id": 4147000001,
		"albumId": 4147,
		"albumName": "彼得书信系列(三)",
		"albumtitle": "彼得书信系列(三)(1)"
	},
	{
		"duration": 1650,
		"size": "5M",
		"path": "http://media.haomuren.org/message/bibleteaching/2013Pe03-02.mp3",
		"id": 4147000002,
		"albumId": 4147,
		"albumName": "彼得书信系列(三)",
		"albumtitle": "彼得书信系列(三)(2)"
	},
	{
		"duration": 1650,
		"size": "5M",
		"path": "http://media.haomuren.org/message/bibleteaching/2013Pe03-03.mp3",
		"id": 4147000003,
		"albumId": 4147,
		"albumName": "彼得书信系列(三)",
		"albumtitle": "彼得书信系列(三)(3)"
	},
	{
		"duration": 1650,
		"size": "5M",
		"path": "http://media.haomuren.org/message/bibleteaching/2013Pe03-04.mp3",
		"id": 4147000004,
		"albumId": 4147,
		"albumName": "彼得书信系列(三)",
		"albumtitle": "彼得书信系列(三)(4)"
	},
	{
		"duration": 1650,
		"size": "5M",
		"path": "http://media.haomuren.org/message/bibleteaching/2013Pe03-05.mp3",
		"id": 4147000005,
		"albumId": 4147,
		"albumName": "彼得书信系列(三)",
		"albumtitle": "彼得书信系列(三)(5)"
	},
	{
		"duration": 1650,
		"size": "5M",
		"path": "http://media.haomuren.org/message/bibleteaching/2013Pe03-06.mp3",
		"id": 4147000006,
		"albumId": 4147,
		"albumName": "彼得书信系列(三)",
		"albumtitle": "彼得书信系列(三)(6)"
	},
	{
		"duration": 1650,
		"size": "5M",
		"path": "http://media.haomuren.org/message/bibleteaching/2013Pe03-07.mp3",
		"id": 4147000007,
		"albumId": 4147,
		"albumName": "彼得书信系列(三)",
		"albumtitle": "彼得书信系列(三)(7)"
	},
	{
		"duration": 1650,
		"size": "5M",
		"path": "http://media.haomuren.org/message/bibleteaching/2013Pe03-08.mp3",
		"id": 4147000008,
		"albumId": 4147,
		"albumName": "彼得书信系列(三)",
		"albumtitle": "彼得书信系列(三)(8)"
	},
	{
		"duration": 1650,
		"size": "5M",
		"path": "http://media.haomuren.org/message/bibleteaching/2013Pe03-09.mp3",
		"id": 4147000009,
		"albumId": 4147,
		"albumName": "彼得书信系列(三)",
		"albumtitle": "彼得书信系列(三)(9)"
	},
	{
		"duration": 1650,
		"size": "5M",
		"path": "http://media.haomuren.org/message/bibleteaching/2013Pe03-10.mp3",
		"id": 4147000010,
		"albumId": 4147,
		"albumName": "彼得书信系列(三)",
		"albumtitle": "彼得书信系列(三)(10)"
	}
]