[
	{
		"duration": 1650,
		"size": "5M",
		"path": "http://media.haomuren.org/Message/BibleTeaching/2016JsLf11-01.mp3",
		"id": 4102000001,
		"albumId": 4102,
		"albumName": "耶稣生平(十一)",
		"albumtitle": "耶稣生平(十一)(1)"
	},
	{
		"duration": 1650,
		"size": "5M",
		"path": "http://media.haomuren.org/Message/BibleTeaching/2016JsLf11-02.mp3",
		"id": 4102000002,
		"albumId": 4102,
		"albumName": "耶稣生平(十一)",
		"albumtitle": "耶稣生平(十一)(2)"
	},
	{
		"duration": 1650,
		"size": "5M",
		"path": "http://media.haomuren.org/Message/BibleTeaching/2016JsLf11-03.mp3",
		"id": 4102000003,
		"albumId": 4102,
		"albumName": "耶稣生平(十一)",
		"albumtitle": "耶稣生平(十一)(3)"
	},
	{
		"duration": 1650,
		"size": "5M",
		"path": "http://media.haomuren.org/Message/BibleTeaching/2016JsLf11-04.mp3",
		"id": 4102000004,
		"albumId": 4102,
		"albumName": "耶稣生平(十一)",
		"albumtitle": "耶稣生平(十一)(4)"
	},
	{
		"duration": 1650,
		"size": "5M",
		"path": "http://media.haomuren.org/Message/BibleTeaching/2016JsLf11-05.mp3",
		"id": 4102000005,
		"albumId": 4102,
		"albumName": "耶稣生平(十一)",
		"albumtitle": "耶稣生平(十一)(5)"
	},
	{
		"duration": 1650,
		"size": "5M",
		"path": "http://media.haomuren.org/Message/BibleTeaching/2016JsLf11-06.mp3",
		"id": 4102000006,
		"albumId": 4102,
		"albumName": "耶稣生平(十一)",
		"albumtitle": "耶稣生平(十一)(6)"
	},
	{
		"duration": 1650,
		"size": "5M",
		"path": "http://media.haomuren.org/Message/BibleTeaching/2016JsLf11-07.mp3",
		"id": 4102000007,
		"albumId": 4102,
		"albumName": "耶稣生平(十一)",
		"albumtitle": "耶稣生平(十一)(7)"
	},
	{
		"duration": 1650,
		"size": "5M",
		"path": "http://media.haomuren.org/Message/BibleTeaching/2016JsLf11-08.mp3",
		"id": 4102000008,
		"albumId": 4102,
		"albumName": "耶稣生平(十一)",
		"albumtitle": "耶稣生平(十一)(8)"
	},
	{
		"duration": 1650,
		"size": "5M",
		"path": "http://media.haomuren.org/Message/BibleTeaching/2016JsLf11-09.mp3",
		"id": 4102000009,
		"albumId": 4102,
		"albumName": "耶稣生平(十一)",
		"albumtitle": "耶稣生平(十一)(9)"
	},
	{
		"duration": 1650,
		"size": "5M",
		"path": "http://media.haomuren.org/Message/BibleTeaching/2016JsLf11-10.mp3",
		"id": 4102000010,
		"albumId": 4102,
		"albumName": "耶稣生平(十一)",
		"albumtitle": "耶稣生平(十一)(10)"
	},
	{
		"duration": 1650,
		"size": "5M",
		"path": "http://media.haomuren.org/Message/BibleTeaching/2016JsLf11-11.mp3",
		"id": 4102000011,
		"albumId": 4102,
		"albumName": "耶稣生平(十一)",
		"albumtitle": "耶稣生平(十一)(11)"
	},
	{
		"duration": 1650,
		"size": "5M",
		"path": "http://media.haomuren.org/Message/BibleTeaching/2016JsLf11-12.mp3",
		"id": 4102000012,
		"albumId": 4102,
		"albumName": "耶稣生平(十一)",
		"albumtitle": "耶稣生平(十一)(12)"
	}
]