[
	{
		"duration": 1650,
		"size": "5M",
		"path": "http://media.haomuren.org/message/bibleteaching/2012Mt03-01.mp3",
		"id": 4061000001,
		"albumId": 4061,
		"albumName": "马太福音系列(三)",
		"albumtitle": "马太福音系列(三)(1)"
	},
	{
		"duration": 1650,
		"size": "5M",
		"path": "http://media.haomuren.org/message/bibleteaching/2012Mt03-02.mp3",
		"id": 4061000002,
		"albumId": 4061,
		"albumName": "马太福音系列(三)",
		"albumtitle": "马太福音系列(三)(2)"
	},
	{
		"duration": 1650,
		"size": "5M",
		"path": "http://media.haomuren.org/message/bibleteaching/2012Mt03-03.mp3",
		"id": 4061000003,
		"albumId": 4061,
		"albumName": "马太福音系列(三)",
		"albumtitle": "马太福音系列(三)(3)"
	},
	{
		"duration": 1650,
		"size": "5M",
		"path": "http://media.haomuren.org/message/bibleteaching/2012Mt03-04.mp3",
		"id": 4061000004,
		"albumId": 4061,
		"albumName": "马太福音系列(三)",
		"albumtitle": "马太福音系列(三)(4)"
	},
	{
		"duration": 1650,
		"size": "5M",
		"path": "http://media.haomuren.org/message/bibleteaching/2012Mt03-05.mp3",
		"id": 4061000005,
		"albumId": 4061,
		"albumName": "马太福音系列(三)",
		"albumtitle": "马太福音系列(三)(5)"
	},
	{
		"duration": 1650,
		"size": "5M",
		"path": "http://media.haomuren.org/message/bibleteaching/2012Mt03-06.mp3",
		"id": 4061000006,
		"albumId": 4061,
		"albumName": "马太福音系列(三)",
		"albumtitle": "马太福音系列(三)(6)"
	},
	{
		"duration": 1650,
		"size": "5M",
		"path": "http://media.haomuren.org/message/bibleteaching/2012Mt03-07.mp3",
		"id": 4061000007,
		"albumId": 4061,
		"albumName": "马太福音系列(三)",
		"albumtitle": "马太福音系列(三)(7)"
	},
	{
		"duration": 1650,
		"size": "5M",
		"path": "http://media.haomuren.org/message/bibleteaching/2012Mt03-08.mp3",
		"id": 4061000008,
		"albumId": 4061,
		"albumName": "马太福音系列(三)",
		"albumtitle": "马太福音系列(三)(8)"
	},
	{
		"duration": 1650,
		"size": "5M",
		"path": "http://media.haomuren.org/message/bibleteaching/2012Mt03-09.mp3",
		"id": 4061000009,
		"albumId": 4061,
		"albumName": "马太福音系列(三)",
		"albumtitle": "马太福音系列(三)(9)"
	},
	{
		"duration": 1650,
		"size": "5M",
		"path": "http://media.haomuren.org/message/bibleteaching/2012Mt03-10.mp3",
		"id": 4061000010,
		"albumId": 4061,
		"albumName": "马太福音系列(三)",
		"albumtitle": "马太福音系列(三)(10)"
	},
	{
		"duration": 1650,
		"size": "5M",
		"path": "http://media.haomuren.org/message/bibleteaching/2012Mt03-11.mp3",
		"id": 4061000011,
		"albumId": 4061,
		"albumName": "马太福音系列(三)",
		"albumtitle": "马太福音系列(三)(11)"
	},
	{
		"duration": 1650,
		"size": "5M",
		"path": "http://media.haomuren.org/message/bibleteaching/2012Mt03-12.mp3",
		"id": 4061000012,
		"albumId": 4061,
		"albumName": "马太福音系列(三)",
		"albumtitle": "马太福音系列(三)(12)"
	}
]