[
  {
    "duration": 1650,
    "size": "5M",
    "path": "http://www.w4j.org/m/HaoMuRen/Upload/NewsAttach/060921C.mp3",
    "id": 4156000001,
    "albumId": 4156,
    "albumName": "教會合一系列",
    "albumtitle": "教會合一系列(1)"
  },
  {
    "duration": 1650,
    "size": "5M",
    "path": "http://www.w4j.org/m/HaoMuRen/Upload/NewsAttach/060922C.mp3",
    "id": 4156000002,
    "albumId": 4156,
    "albumName": "教會合一系列",
    "albumtitle": "教會合一系列(2)"
  },
  {
    "duration": 1650,
    "size": "5M",
    "path": "http://www.w4j.org/m/HaoMuRen/Upload/NewsAttach/060923C.mp3",
    "id": 4156000003,
    "albumId": 4156,
    "albumName": "教會合一系列",
    "albumtitle": "教會合一系列(3)"
  },
  {
    "duration": 1650,
    "size": "5M",
    "path": "http://www.w4j.org/m/HaoMuRen/Upload/NewsAttach/060924C.mp3",
    "id": 4156000004,
    "albumId": 4156,
    "albumName": "教會合一系列",
    "albumtitle": "教會合一系列(4)"
  },
  {
    "duration": 1650,
    "size": "5M",
    "path": "http://www.w4j.org/m/HaoMuRen/Upload/NewsAttach/060925C.mp3",
    "id": 4156000005,
    "albumId": 4156,
    "albumName": "教會合一系列",
    "albumtitle": "教會合一系列(5)"
  },
  {
    "duration": 1650,
    "size": "5M",
    "path": "http://www.w4j.org/m/HaoMuRen/Upload/NewsAttach/060926C.mp3",
    "id": 4156000006,
    "albumId": 4156,
    "albumName": "教會合一系列",
    "albumtitle": "教會合一系列(6)"
  },
  {
    "duration": 1650,
    "size": "5M",
    "path": "http://www.w4j.org/m/HaoMuRen/Upload/NewsAttach/060927C.mp3",
    "id": 4156000007,
    "albumId": 4156,
    "albumName": "教會合一系列",
    "albumtitle": "教會合一系列(7)"
  },
  {
    "duration": 1650,
    "size": "5M",
    "path": "http://www.w4j.org/m/HaoMuRen/Upload/NewsAttach/060928C.mp3",
    "id": 4156000008,
    "albumId": 4156,
    "albumName": "教會合一系列",
    "albumtitle": "教會合一系列(8)"
  },
  {
    "duration": 1650,
    "size": "5M",
    "path": "http://www.w4j.org/m/HaoMuRen/Upload/NewsAttach/060929C.mp3",
    "id": 4156000009,
    "albumId": 4156,
    "albumName": "教會合一系列",
    "albumtitle": "教會合一系列(9)"
  },
  {
    "duration": 1650,
    "size": "5M",
    "path": "http://www.w4j.org/m/HaoMuRen/Upload/NewsAttach/060930C.mp3",
    "id": 4156000010,
    "albumId": 4156,
    "albumName": "教會合一系列",
    "albumtitle": "教會合一系列(10)"
  },
  {
    "duration": 1650,
    "size": "5M",
    "path": "http://www.w4j.org/m/HaoMuRen/Upload/NewsAttach/061001C.mp3",
    "id": 4156000011,
    "albumId": 4156,
    "albumName": "教會合一系列",
    "albumtitle": "教會合一系列(11)"
  },
  {
    "duration": 1650,
    "size": "5M",
    "path": "http://www.w4j.org/m/HaoMuRen/Upload/NewsAttach/061002C.mp3",
    "id": 4156000012,
    "albumId": 4156,
    "albumName": "教會合一系列",
    "albumtitle": "教會合一系列(12)"
  }
]