[
	{
		"duration": 1650,
		"size": "5M",
		"path": "http://media.haomuren.org/Message/BibleTeaching/20141Co03-01.mp3",
		"id": 4115000001,
		"albumId": 4115,
		"albumName": "哥林多前书(三)",
		"albumtitle": "哥林多前书(三)(1)"
	},
	{
		"duration": 1650,
		"size": "5M",
		"path": "http://media.haomuren.org/Message/BibleTeaching/20141Co03-02.mp3",
		"id": 4115000002,
		"albumId": 4115,
		"albumName": "哥林多前书(三)",
		"albumtitle": "哥林多前书(三)(2)"
	},
	{
		"duration": 1650,
		"size": "5M",
		"path": "http://media.haomuren.org/Message/BibleTeaching/20141Co03-03.mp3",
		"id": 4115000003,
		"albumId": 4115,
		"albumName": "哥林多前书(三)",
		"albumtitle": "哥林多前书(三)(3)"
	},
	{
		"duration": 1650,
		"size": "5M",
		"path": "http://media.haomuren.org/Message/BibleTeaching/20141Co03-04.mp3",
		"id": 4115000004,
		"albumId": 4115,
		"albumName": "哥林多前书(三)",
		"albumtitle": "哥林多前书(三)(4)"
	},
	{
		"duration": 1650,
		"size": "5M",
		"path": "http://media.haomuren.org/Message/BibleTeaching/20141Co03-05.mp3",
		"id": 4115000005,
		"albumId": 4115,
		"albumName": "哥林多前书(三)",
		"albumtitle": "哥林多前书(三)(5)"
	},
	{
		"duration": 1650,
		"size": "5M",
		"path": "http://media.haomuren.org/Message/BibleTeaching/20141Co03-06.mp3",
		"id": 4115000006,
		"albumId": 4115,
		"albumName": "哥林多前书(三)",
		"albumtitle": "哥林多前书(三)(6)"
	},
	{
		"duration": 1650,
		"size": "5M",
		"path": "http://media.haomuren.org/Message/BibleTeaching/20141Co03-07.mp3",
		"id": 4115000007,
		"albumId": 4115,
		"albumName": "哥林多前书(三)",
		"albumtitle": "哥林多前书(三)(7)"
	},
	{
		"duration": 1650,
		"size": "5M",
		"path": "http://media.haomuren.org/Message/BibleTeaching/20141Co03-08.mp3",
		"id": 4115000008,
		"albumId": 4115,
		"albumName": "哥林多前书(三)",
		"albumtitle": "哥林多前书(三)(8)"
	},
	{
		"duration": 1650,
		"size": "5M",
		"path": "http://media.haomuren.org/Message/BibleTeaching/20141Co03-09.mp3",
		"id": 4115000009,
		"albumId": 4115,
		"albumName": "哥林多前书(三)",
		"albumtitle": "哥林多前书(三)(9)"
	},
	{
		"duration": 1650,
		"size": "5M",
		"path": "http://media.haomuren.org/Message/BibleTeaching/20141Co03-10.mp3",
		"id": 4115000010,
		"albumId": 4115,
		"albumName": "哥林多前书(三)",
		"albumtitle": "哥林多前书(三)(10)"
	},
	{
		"duration": 1650,
		"size": "5M",
		"path": "http://media.haomuren.org/Message/BibleTeaching/20141Co03-11.mp3",
		"id": 4115000011,
		"albumId": 4115,
		"albumName": "哥林多前书(三)",
		"albumtitle": "哥林多前书(三)(11)"
	},
	{
		"duration": 1650,
		"size": "5M",
		"path": "http://media.haomuren.org/Message/BibleTeaching/20141Co03-12.mp3",
		"id": 4115000012,
		"albumId": 4115,
		"albumName": "哥林多前书(三)",
		"albumtitle": "哥林多前书(三)(12)"
	}
]