[{
	"duration": 1650,
	"size": "5M",
	"path": "http://media.haomuren.org/message/bibleteaching/110128PHeb02-01.mp3",
	"id": 4143000001,
	"albumId": 4143,
	"albumName": "希伯来书(二)",
	"albumtitle": "希伯来书(二)(1)"
},
	{
		"duration": 1650,
		"size": "5M",
		"path": "http://media.haomuren.org/message/bibleteaching/110201PHeb02-02.mp3",
		"id": 4143000002,
		"albumId": 4143,
		"albumName": "希伯来书(二)",
		"albumtitle": "希伯来书(二)(2)"
	},
	{
		"duration": 1650,
		"size": "5M",
		"path": "http://media.haomuren.org/message/bibleteaching/110205PHeb02-03.mp3",
		"id": 4143000003,
		"albumId": 4143,
		"albumName": "希伯来书(二)",
		"albumtitle": "希伯来书(二)(3)"
	},
	{
		"duration": 1650,
		"size": "5M",
		"path": "http://media.haomuren.org/message/bibleteaching/110209PHeb02-04.mp3",
		"id": 4143000004,
		"albumId": 4143,
		"albumName": "希伯来书(二)",
		"albumtitle": "希伯来书(二)(4)"
	},
	{
		"duration": 1650,
		"size": "5M",
		"path": "http://media.haomuren.org/message/bibleteaching/110213PHeb02-05.mp3",
		"id": 4143000005,
		"albumId": 4143,
		"albumName": "希伯来书(二)",
		"albumtitle": "希伯来书(二)(5)"
	},
	{
		"duration": 1650,
		"size": "5M",
		"path": "http://media.haomuren.org/message/bibleteaching/110217PHeb02-06.mp3",
		"id": 4143000006,
		"albumId": 4143,
		"albumName": "希伯来书(二)",
		"albumtitle": "希伯来书(二)(6)"
	},
	{
		"duration": 1650,
		"size": "5M",
		"path": "http://media.haomuren.org/message/bibleteaching/110221PHeb02-07.mp3",
		"id": 4143000007,
		"albumId": 4143,
		"albumName": "希伯来书(二)",
		"albumtitle": "希伯来书(二)(7)"
	},
	{
		"duration": 1650,
		"size": "5M",
		"path": "http://media.haomuren.org/message/bibleteaching/110225PHeb02-08.mp3",
		"id": 4143000008,
		"albumId": 4143,
		"albumName": "希伯来书(二)",
		"albumtitle": "希伯来书(二)(8)"
	},
	{
		"duration": 1650,
		"size": "5M",
		"path": "http://media.haomuren.org/message/bibleteaching/110301PHeb02-09.mp3",
		"id": 4143000009,
		"albumId": 4143,
		"albumName": "希伯来书(二)",
		"albumtitle": "希伯来书(二)(9)"
	},
	{
		"duration": 1650,
		"size": "5M",
		"path": "http://media.haomuren.org/message/bibleteaching/110305PHeb02-10.mp3",
		"id": 4143000010,
		"albumId": 4143,
		"albumName": "希伯来书(二)",
		"albumtitle": "希伯来书(二)(10)"
	},
	{
		"duration": 1650,
		"size": "5M",
		"path": "http://media.haomuren.org/message/bibleteaching/110309PHeb02-11.mp3",
		"id": 4143000011,
		"albumId": 4143,
		"albumName": "希伯来书(二)",
		"albumtitle": "希伯来书(二)(11)"
	},
	{
		"duration": 1650,
		"size": "5M",
		"path": "http://media.haomuren.org/message/bibleteaching/110313PHeb02-12.mp3",
		"id": 4143000012,
		"albumId": 4143,
		"albumName": "希伯来书(二)",
		"albumtitle": "希伯来书(二)(12)"
	},
	{
		"duration": 1650,
		"size": "5M",
		"path": "http://media.haomuren.org/message/bibleteaching/110317PHeb02-13.mp3",
		"id": 4143000013,
		"albumId": 4143,
		"albumName": "希伯来书(二)",
		"albumtitle": "希伯来书(二)(13)"
	},
	{
		"duration": 1650,
		"size": "5M",
		"path": "http://media.haomuren.org/message/bibleteaching/110321PHeb02-14.mp3",
		"id": 4143000014,
		"albumId": 4143,
		"albumName": "希伯来书(二)",
		"albumtitle": "希伯来书(二)(14)"
	},
	{
		"duration": 1650,
		"size": "5M",
		"path": "http://media.haomuren.org/message/bibleteaching/110325PHeb02-15.mp3",
		"id": 4143000015,
		"albumId": 4143,
		"albumName": "希伯来书(二)",
		"albumtitle": "希伯来书(二)(15)"
	},
	{
		"duration": 1650,
		"size": "5M",
		"path": "http://media.haomuren.org/message/bibleteaching/110329PHeb02-16.mp3",
		"id": 4143000016,
		"albumId": 4143,
		"albumName": "希伯来书(二)",
		"albumtitle": "希伯来书(二)(16)"
	},
	{
		"duration": 1650,
		"size": "5M",
		"path": "http://media.haomuren.org/message/bibleteaching/110402PHeb02-17.mp3",
		"id": 4143000017,
		"albumId": 4143,
		"albumName": "希伯来书(二)",
		"albumtitle": "希伯来书(二)(17)"
	},
	{
		"duration": 1650,
		"size": "5M",
		"path": "http://media.haomuren.org/message/bibleteaching/110406PHeb02-18.mp3",
		"id": 4143000018,
		"albumId": 4143,
		"albumName": "希伯来书(二)",
		"albumtitle": "希伯来书(二)(18)"
	}
]