[{
	"duration": 1650,
	"size": "5M",
	"path": "http://media.haomuren.org/Message/BibleTeaching/100407PIsa08-01.mp3",
	"id": 4036000001,
	"albumId": 4036,
	"albumName": "以赛亚书系列(八)",
	"albumtitle": "以赛亚书系列(八)(1)"
},
	{
		"duration": 1650,
		"size": "5M",
		"path": "http://media.haomuren.org/Message/BibleTeaching/100410PIsa08-02.mp3",
		"id": 4036000002,
		"albumId": 4036,
		"albumName": "以赛亚书系列(八)",
		"albumtitle": "以赛亚书系列(八)(2)"
	},
	{
		"duration": 1650,
		"size": "5M",
		"path": "http://media.haomuren.org/Message/BibleTeaching/100413PIsa08-03.mp3",
		"id": 4036000003,
		"albumId": 4036,
		"albumName": "以赛亚书系列(八)",
		"albumtitle": "以赛亚书系列(八)(3)"
	},
	{
		"duration": 1650,
		"size": "5M",
		"path": "http://media.haomuren.org/Message/BibleTeaching/100416PIsa08-04.mp3",
		"id": 4036000004,
		"albumId": 4036,
		"albumName": "以赛亚书系列(八)",
		"albumtitle": "以赛亚书系列(八)(4)"
	},
	{
		"duration": 1650,
		"size": "5M",
		"path": "http://media.haomuren.org/Message/BibleTeaching/100419PIsa08-05.mp3",
		"id": 4036000005,
		"albumId": 4036,
		"albumName": "以赛亚书系列(八)",
		"albumtitle": "以赛亚书系列(八)(5)"
	},
	{
		"duration": 1650,
		"size": "5M",
		"path": "http://media.haomuren.org/Message/BibleTeaching/100422PIsa08-06.mp3",
		"id": 4036000006,
		"albumId": 4036,
		"albumName": "以赛亚书系列(八)",
		"albumtitle": "以赛亚书系列(八)(6)"
	},
	{
		"duration": 1650,
		"size": "5M",
		"path": "http://media.haomuren.org/Message/BibleTeaching/100425PIsa08-07.mp3",
		"id": 4036000007,
		"albumId": 4036,
		"albumName": "以赛亚书系列(八)",
		"albumtitle": "以赛亚书系列(八)(7)"
	},
	{
		"duration": 1650,
		"size": "5M",
		"path": "http://media.haomuren.org/Message/BibleTeaching/100428PIsa08-08.mp3",
		"id": 4036000008,
		"albumId": 4036,
		"albumName": "以赛亚书系列(八)",
		"albumtitle": "以赛亚书系列(八)(8)"
	},
	{
		"duration": 1650,
		"size": "5M",
		"path": "http://media.haomuren.org/Message/BibleTeaching/100501PIsa08-09.mp3",
		"id": 4036000009,
		"albumId": 4036,
		"albumName": "以赛亚书系列(八)",
		"albumtitle": "以赛亚书系列(八)(9)"
	},
	{
		"duration": 1650,
		"size": "5M",
		"path": "http://media.haomuren.org/Message/BibleTeaching/100504PIsa08-10.mp3",
		"id": 4036000010,
		"albumId": 4036,
		"albumName": "以赛亚书系列(八)",
		"albumtitle": "以赛亚书系列(八)(10)"
	},
	{
		"duration": 1650,
		"size": "5M",
		"path": "http://media.haomuren.org/Message/BibleTeaching/100507PIsa08-11.mp3",
		"id": 4036000011,
		"albumId": 4036,
		"albumName": "以赛亚书系列(八)",
		"albumtitle": "以赛亚书系列(八)(11)"
	},
	{
		"duration": 1650,
		"size": "5M",
		"path": "http://media.haomuren.org/Message/BibleTeaching/100510PIsa08-12.mp3",
		"id": 4036000012,
		"albumId": 4036,
		"albumName": "以赛亚书系列(八)",
		"albumtitle": "以赛亚书系列(八)(12)"
	},
	{
		"duration": 1650,
		"size": "5M",
		"path": "http://media.haomuren.org/Message/BibleTeaching/100513PIsa08-13.mp3",
		"id": 4036000013,
		"albumId": 4036,
		"albumName": "以赛亚书系列(八)",
		"albumtitle": "以赛亚书系列(八)(13)"
	},
	{
		"duration": 1650,
		"size": "5M",
		"path": "http://media.haomuren.org/Message/BibleTeaching/100516PIsa08-14.mp3",
		"id": 4036000014,
		"albumId": 4036,
		"albumName": "以赛亚书系列(八)",
		"albumtitle": "以赛亚书系列(八)(14)"
	},
	{
		"duration": 1650,
		"size": "5M",
		"path": "http://media.haomuren.org/Message/BibleTeaching/100519PIsa08-15.mp3",
		"id": 4036000015,
		"albumId": 4036,
		"albumName": "以赛亚书系列(八)",
		"albumtitle": "以赛亚书系列(八)(15)"
	},
	{
		"duration": 1650,
		"size": "5M",
		"path": "http://media.haomuren.org/Message/BibleTeaching/100522PIsa08-16.mp3",
		"id": 4036000016,
		"albumId": 4036,
		"albumName": "以赛亚书系列(八)",
		"albumtitle": "以赛亚书系列(八)(16)"
	},
	{
		"duration": 1650,
		"size": "5M",
		"path": "http://media.haomuren.org/Message/BibleTeaching/100525PIsa08-17.mp3",
		"id": 4036000017,
		"albumId": 4036,
		"albumName": "以赛亚书系列(八)",
		"albumtitle": "以赛亚书系列(八)(17)"
	},
	{
		"duration": 1650,
		"size": "5M",
		"path": "http://media.haomuren.org/Message/BibleTeaching/100528PIsa08-18.mp3",
		"id": 4036000018,
		"albumId": 4036,
		"albumName": "以赛亚书系列(八)",
		"albumtitle": "以赛亚书系列(八)(18)"
	},
	{
		"duration": 1650,
		"size": "5M",
		"path": "http://media.haomuren.org/Message/BibleTeaching/100531PIsa08-19.mp3",
		"id": 4036000019,
		"albumId": 4036,
		"albumName": "以赛亚书系列(八)",
		"albumtitle": "以赛亚书系列(八)(19)"
	},
	{
		"duration": 1650,
		"size": "5M",
		"path": "http://media.haomuren.org/Message/BibleTeaching/100603PIsa08-20.mp3",
		"id": 4036000020,
		"albumId": 4036,
		"albumName": "以赛亚书系列(八)",
		"albumtitle": "以赛亚书系列(八)(20)"
	},
	{
		"duration": 1650,
		"size": "5M",
		"path": "http://media.haomuren.org/Message/BibleTeaching/100606PIsa08-21.mp3",
		"id": 4036000021,
		"albumId": 4036,
		"albumName": "以赛亚书系列(八)",
		"albumtitle": "以赛亚书系列(八)(21)"
	},
	{
		"duration": 1650,
		"size": "5M",
		"path": "http://media.haomuren.org/Message/BibleTeaching/100609PIsa08-22.mp3",
		"id": 4036000022,
		"albumId": 4036,
		"albumName": "以赛亚书系列(八)",
		"albumtitle": "以赛亚书系列(八)(22)"
	},
	{
		"duration": 1650,
		"size": "5M",
		"path": "http://media.haomuren.org/Message/BibleTeaching/100612PIsa08-23.mp3",
		"id": 4036000023,
		"albumId": 4036,
		"albumName": "以赛亚书系列(八)",
		"albumtitle": "以赛亚书系列(八)(23)"
	},
	{
		"duration": 1650,
		"size": "5M",
		"path": "http://media.haomuren.org/Message/BibleTeaching/100615PIsa08-24.mp3",
		"id": 4036000024,
		"albumId": 4036,
		"albumName": "以赛亚书系列(八)",
		"albumtitle": "以赛亚书系列(八)(24)"
	},
	{
		"duration": 1650,
		"size": "5M",
		"path": "http://media.haomuren.org/Message/BibleTeaching/100618PIsa08-25.mp3",
		"id": 4036000025,
		"albumId": 4036,
		"albumName": "以赛亚书系列(八)",
		"albumtitle": "以赛亚书系列(八)(25)"
	},
	{
		"duration": 1650,
		"size": "5M",
		"path": "http://media.haomuren.org/Message/BibleTeaching/100621PIsa08-26.mp3",
		"id": 4036000026,
		"albumId": 4036,
		"albumName": "以赛亚书系列(八)",
		"albumtitle": "以赛亚书系列(八)(26)"
	},
	{
		"duration": 1650,
		"size": "5M",
		"path": "http://media.haomuren.org/Message/BibleTeaching/100624PIsa08-27.mp3",
		"id": 4036000027,
		"albumId": 4036,
		"albumName": "以赛亚书系列(八)",
		"albumtitle": "以赛亚书系列(八)(27)"
	},
	{
		"duration": 1650,
		"size": "5M",
		"path": "http://media.haomuren.org/Message/BibleTeaching/100627PIsa08-28.mp3",
		"id": 4036000028,
		"albumId": 4036,
		"albumName": "以赛亚书系列(八)",
		"albumtitle": "以赛亚书系列(八)(28)"
	}
]