[
	{
		"duration": 1650,
		"size": "5M",
		"path": "http://media.haomuren.org/Message/BibleTeaching/2015JsLf04-01.mp3",
		"id": 4095000001,
		"albumId": 4095,
		"albumName": "耶稣生平(四)",
		"albumtitle": "耶稣生平(四)(1)"
	},
	{
		"duration": 1650,
		"size": "5M",
		"path": "http://media.haomuren.org/Message/BibleTeaching/2015JsLf04-02.mp3",
		"id": 4095000002,
		"albumId": 4095,
		"albumName": "耶稣生平(四)",
		"albumtitle": "耶稣生平(四)(2)"
	},
	{
		"duration": 1650,
		"size": "5M",
		"path": "http://media.haomuren.org/Message/BibleTeaching/2015JsLf04-03.mp3",
		"id": 4095000003,
		"albumId": 4095,
		"albumName": "耶稣生平(四)",
		"albumtitle": "耶稣生平(四)(3)"
	},
	{
		"duration": 1650,
		"size": "5M",
		"path": "http://media.haomuren.org/Message/BibleTeaching/2015JsLf04-04.mp3",
		"id": 4095000004,
		"albumId": 4095,
		"albumName": "耶稣生平(四)",
		"albumtitle": "耶稣生平(四)(4)"
	},
	{
		"duration": 1650,
		"size": "5M",
		"path": "http://media.haomuren.org/Message/BibleTeaching/2015JsLf04-05.mp3",
		"id": 4095000005,
		"albumId": 4095,
		"albumName": "耶稣生平(四)",
		"albumtitle": "耶稣生平(四)(5)"
	},
	{
		"duration": 1650,
		"size": "5M",
		"path": "http://media.haomuren.org/Message/BibleTeaching/2015JsLf04-06.mp3",
		"id": 4095000006,
		"albumId": 4095,
		"albumName": "耶稣生平(四)",
		"albumtitle": "耶稣生平(四)(6)"
	},
	{
		"duration": 1650,
		"size": "5M",
		"path": "http://media.haomuren.org/Message/BibleTeaching/2015JsLf04-07.mp3",
		"id": 4095000007,
		"albumId": 4095,
		"albumName": "耶稣生平(四)",
		"albumtitle": "耶稣生平(四)(7)"
	},
	{
		"duration": 1650,
		"size": "5M",
		"path": "http://media.haomuren.org/Message/BibleTeaching/2015JsLf04-08.mp3",
		"id": 4095000008,
		"albumId": 4095,
		"albumName": "耶稣生平(四)",
		"albumtitle": "耶稣生平(四)(8)"
	},
	{
		"duration": 1650,
		"size": "5M",
		"path": "http://media.haomuren.org/Message/BibleTeaching/2015JsLf04-09.mp3",
		"id": 4095000009,
		"albumId": 4095,
		"albumName": "耶稣生平(四)",
		"albumtitle": "耶稣生平(四)(9)"
	},
	{
		"duration": 1650,
		"size": "5M",
		"path": "http://media.haomuren.org/Message/BibleTeaching/2015JsLf04-10.mp3",
		"id": 4095000010,
		"albumId": 4095,
		"albumName": "耶稣生平(四)",
		"albumtitle": "耶稣生平(四)(10)"
	},
	{
		"duration": 1650,
		"size": "5M",
		"path": "http://media.haomuren.org/Message/BibleTeaching/2015JsLf04-11.mp3",
		"id": 4095000011,
		"albumId": 4095,
		"albumName": "耶稣生平(四)",
		"albumtitle": "耶稣生平(四)(11)"
	},
	{
		"duration": 1650,
		"size": "5M",
		"path": "http://media.haomuren.org/Message/BibleTeaching/2015JsLf04-12.mp3",
		"id": 4095000012,
		"albumId": 4095,
		"albumName": "耶稣生平(四)",
		"albumtitle": "耶稣生平(四)(12)"
	}
]