[{
	"duration": 1650,
	"size": "5M",
	"path": "http://media.haomuren.org/Message/BibleTeaching/080525PICor0-01.mp3",
	"id": 4112000001,
	"albumId": 4112,
	"albumName": "哥林多前书系列",
	"albumtitle": "哥林多前书系列(1)"
},
	{
		"duration": 1650,
		"size": "5M",
		"path": "http://media.haomuren.org/Message/BibleTeaching/080527PICor0-02.mp3",
		"id": 4112000002,
		"albumId": 4112,
		"albumName": "哥林多前书系列",
		"albumtitle": "哥林多前书系列(2)"
	},
	{
		"duration": 1650,
		"size": "5M",
		"path": "http://media.haomuren.org/Message/BibleTeaching/080529PICor0-03.mp3",
		"id": 4112000003,
		"albumId": 4112,
		"albumName": "哥林多前书系列",
		"albumtitle": "哥林多前书系列(3)"
	},
	{
		"duration": 1650,
		"size": "5M",
		"path": "http://media.haomuren.org/Message/BibleTeaching/080531PICor0-04.mp3",
		"id": 4112000004,
		"albumId": 4112,
		"albumName": "哥林多前书系列",
		"albumtitle": "哥林多前书系列(4)"
	},
	{
		"duration": 1650,
		"size": "5M",
		"path": "http://media.haomuren.org/Message/BibleTeaching/080602PICor0-05.mp3",
		"id": 4112000005,
		"albumId": 4112,
		"albumName": "哥林多前书系列",
		"albumtitle": "哥林多前书系列(5)"
	},
	{
		"duration": 1650,
		"size": "5M",
		"path": "http://media.haomuren.org/Message/BibleTeaching/080604PICor0-06.mp3",
		"id": 4112000006,
		"albumId": 4112,
		"albumName": "哥林多前书系列",
		"albumtitle": "哥林多前书系列(6)"
	},
	{
		"duration": 1650,
		"size": "5M",
		"path": "http://media.haomuren.org/Message/BibleTeaching/080606PICor0-07.mp3",
		"id": 4112000007,
		"albumId": 4112,
		"albumName": "哥林多前书系列",
		"albumtitle": "哥林多前书系列(7)"
	},
	{
		"duration": 1650,
		"size": "5M",
		"path": "http://media.haomuren.org/Message/BibleTeaching/080608PICor0-08.mp3",
		"id": 4112000008,
		"albumId": 4112,
		"albumName": "哥林多前书系列",
		"albumtitle": "哥林多前书系列(8)"
	},
	{
		"duration": 1650,
		"size": "5M",
		"path": "http://media.haomuren.org/Message/BibleTeaching/080610PICor0-09.mp3",
		"id": 4112000009,
		"albumId": 4112,
		"albumName": "哥林多前书系列",
		"albumtitle": "哥林多前书系列(9)"
	},
	{
		"duration": 1650,
		"size": "5M",
		"path": "http://media.haomuren.org/Message/BibleTeaching/080612PICor0-10.mp3",
		"id": 4112000010,
		"albumId": 4112,
		"albumName": "哥林多前书系列",
		"albumtitle": "哥林多前书系列(10)"
	},
	{
		"duration": 1650,
		"size": "5M",
		"path": "http://media.haomuren.org/Message/BibleTeaching/080614PICor0-11.mp3",
		"id": 4112000011,
		"albumId": 4112,
		"albumName": "哥林多前书系列",
		"albumtitle": "哥林多前书系列(11)"
	},
	{
		"duration": 1650,
		"size": "5M",
		"path": "http://media.haomuren.org/Message/BibleTeaching/080616PICor0-12.mp3",
		"id": 4112000012,
		"albumId": 4112,
		"albumName": "哥林多前书系列",
		"albumtitle": "哥林多前书系列(12)"
	},
	{
		"duration": 1650,
		"size": "5M",
		"path": "http://media.haomuren.org/Message/BibleTeaching/080618PICor0-13.mp3",
		"id": 4112000013,
		"albumId": 4112,
		"albumName": "哥林多前书系列",
		"albumtitle": "哥林多前书系列(13)"
	},
	{
		"duration": 1650,
		"size": "5M",
		"path": "http://media.haomuren.org/Message/BibleTeaching/080620PICor0-14.mp3",
		"id": 4112000014,
		"albumId": 4112,
		"albumName": "哥林多前书系列",
		"albumtitle": "哥林多前书系列(14)"
	},
	{
		"duration": 1650,
		"size": "5M",
		"path": "http://media.haomuren.org/Message/BibleTeaching/080622PICor0-15.mp3",
		"id": 4112000015,
		"albumId": 4112,
		"albumName": "哥林多前书系列",
		"albumtitle": "哥林多前书系列(15)"
	}
]