[
	{
		"duration": 1650,
		"size": "5M",
		"path": "http://media.haomuren.org/Message/BibleTeaching/2016JsLf09-01.mp3",
		"id": 4100000001,
		"albumId": 4100,
		"albumName": "耶稣生平(九)",
		"albumtitle": "耶稣生平(九)(1)"
	},
	{
		"duration": 1650,
		"size": "5M",
		"path": "http://media.haomuren.org/Message/BibleTeaching/2016JsLf09-02.mp3",
		"id": 4100000002,
		"albumId": 4100,
		"albumName": "耶稣生平(九)",
		"albumtitle": "耶稣生平(九)(2)"
	},
	{
		"duration": 1650,
		"size": "5M",
		"path": "http://media.haomuren.org/Message/BibleTeaching/2016JsLf09-03.mp3",
		"id": 4100000003,
		"albumId": 4100,
		"albumName": "耶稣生平(九)",
		"albumtitle": "耶稣生平(九)(3)"
	},
	{
		"duration": 1650,
		"size": "5M",
		"path": "http://media.haomuren.org/Message/BibleTeaching/2016JsLf09-04.mp3",
		"id": 4100000004,
		"albumId": 4100,
		"albumName": "耶稣生平(九)",
		"albumtitle": "耶稣生平(九)(4)"
	},
	{
		"duration": 1650,
		"size": "5M",
		"path": "http://media.haomuren.org/Message/BibleTeaching/2016JsLf09-05.mp3",
		"id": 4100000005,
		"albumId": 4100,
		"albumName": "耶稣生平(九)",
		"albumtitle": "耶稣生平(九)(5)"
	},
	{
		"duration": 1650,
		"size": "5M",
		"path": "http://media.haomuren.org/Message/BibleTeaching/2016JsLf09-06.mp3",
		"id": 4100000006,
		"albumId": 4100,
		"albumName": "耶稣生平(九)",
		"albumtitle": "耶稣生平(九)(6)"
	},
	{
		"duration": 1650,
		"size": "5M",
		"path": "http://media.haomuren.org/Message/BibleTeaching/2016JsLf09-07.mp3",
		"id": 4100000007,
		"albumId": 4100,
		"albumName": "耶稣生平(九)",
		"albumtitle": "耶稣生平(九)(7)"
	},
	{
		"duration": 1650,
		"size": "5M",
		"path": "http://media.haomuren.org/Message/BibleTeaching/2016JsLf09-08.mp3",
		"id": 4100000008,
		"albumId": 4100,
		"albumName": "耶稣生平(九)",
		"albumtitle": "耶稣生平(九)(8)"
	},
	{
		"duration": 1650,
		"size": "5M",
		"path": "http://media.haomuren.org/Message/BibleTeaching/2016JsLf09-09.mp3",
		"id": 4100000009,
		"albumId": 4100,
		"albumName": "耶稣生平(九)",
		"albumtitle": "耶稣生平(九)(9)"
	},
	{
		"duration": 1650,
		"size": "5M",
		"path": "http://media.haomuren.org/Message/BibleTeaching/2016JsLf09-10.mp3",
		"id": 4100000010,
		"albumId": 4100,
		"albumName": "耶稣生平(九)",
		"albumtitle": "耶稣生平(九)(10)"
	},
	{
		"duration": 1650,
		"size": "5M",
		"path": "http://media.haomuren.org/Message/BibleTeaching/2016JsLf09-11.mp3",
		"id": 4100000011,
		"albumId": 4100,
		"albumName": "耶稣生平(九)",
		"albumtitle": "耶稣生平(九)(11)"
	},
	{
		"duration": 1650,
		"size": "5M",
		"path": "http://media.haomuren.org/Message/BibleTeaching/2016JsLf09-12.mp3",
		"id": 4100000012,
		"albumId": 4100,
		"albumName": "耶稣生平(九)",
		"albumtitle": "耶稣生平(九)(12)"
	}
]