[{
	"duration": 1650,
	"size": "5M",
	"path": "http://media.haomuren.org/Message/BibleTeaching/110410PIsa09-01.mp3",
	"id": 4037000001,
	"albumId": 4037,
	"albumName": "以赛亚书系列(九)",
	"albumtitle": "以赛亚书系列(九)(1)"
},
	{
		"duration": 1650,
		"size": "5M",
		"path": "http://media.haomuren.org/Message/BibleTeaching/110414PIsa09-02.mp3",
		"id": 4037000002,
		"albumId": 4037,
		"albumName": "以赛亚书系列(九)",
		"albumtitle": "以赛亚书系列(九)(2)"
	},
	{
		"duration": 1650,
		"size": "5M",
		"path": "http://media.haomuren.org/Message/BibleTeaching/110418PIsa09-03.mp3",
		"id": 4037000003,
		"albumId": 4037,
		"albumName": "以赛亚书系列(九)",
		"albumtitle": "以赛亚书系列(九)(3)"
	},
	{
		"duration": 1650,
		"size": "5M",
		"path": "http://media.haomuren.org/Message/BibleTeaching/110422PIsa09-04.mp3",
		"id": 4037000004,
		"albumId": 4037,
		"albumName": "以赛亚书系列(九)",
		"albumtitle": "以赛亚书系列(九)(4)"
	},
	{
		"duration": 1650,
		"size": "5M",
		"path": "http://media.haomuren.org/Message/BibleTeaching/110426PIsa09-05.mp3",
		"id": 4037000005,
		"albumId": 4037,
		"albumName": "以赛亚书系列(九)",
		"albumtitle": "以赛亚书系列(九)(5)"
	},
	{
		"duration": 1650,
		"size": "5M",
		"path": "http://media.haomuren.org/Message/BibleTeaching/110430PIsa09-06.mp3",
		"id": 4037000006,
		"albumId": 4037,
		"albumName": "以赛亚书系列(九)",
		"albumtitle": "以赛亚书系列(九)(6)"
	},
	{
		"duration": 1650,
		"size": "5M",
		"path": "http://media.haomuren.org/Message/BibleTeaching/110504PIsa09-07.mp3",
		"id": 4037000007,
		"albumId": 4037,
		"albumName": "以赛亚书系列(九)",
		"albumtitle": "以赛亚书系列(九)(7)"
	},
	{
		"duration": 1650,
		"size": "5M",
		"path": "http://media.haomuren.org/Message/BibleTeaching/110508PIsa09-08.mp3",
		"id": 4037000008,
		"albumId": 4037,
		"albumName": "以赛亚书系列(九)",
		"albumtitle": "以赛亚书系列(九)(8)"
	},
	{
		"duration": 1650,
		"size": "5M",
		"path": "http://media.haomuren.org/Message/BibleTeaching/110512PIsa09-09.mp3",
		"id": 4037000009,
		"albumId": 4037,
		"albumName": "以赛亚书系列(九)",
		"albumtitle": "以赛亚书系列(九)(9)"
	},
	{
		"duration": 1650,
		"size": "5M",
		"path": "http://media.haomuren.org/Message/BibleTeaching/110516PIsa09-10.mp3",
		"id": 4037000010,
		"albumId": 4037,
		"albumName": "以赛亚书系列(九)",
		"albumtitle": "以赛亚书系列(九)(10)"
	},
	{
		"duration": 1650,
		"size": "5M",
		"path": "http://media.haomuren.org/Message/BibleTeaching/110520PIsa09-11.mp3",
		"id": 4037000011,
		"albumId": 4037,
		"albumName": "以赛亚书系列(九)",
		"albumtitle": "以赛亚书系列(九)(11)"
	},
	{
		"duration": 1650,
		"size": "5M",
		"path": "http://media.haomuren.org/Message/BibleTeaching/110524PIsa09-12.mp3",
		"id": 4037000012,
		"albumId": 4037,
		"albumName": "以赛亚书系列(九)",
		"albumtitle": "以赛亚书系列(九)(12)"
	},
	{
		"duration": 1650,
		"size": "5M",
		"path": "http://media.haomuren.org/Message/BibleTeaching/110528PIsa09-13.mp3",
		"id": 4037000013,
		"albumId": 4037,
		"albumName": "以赛亚书系列(九)",
		"albumtitle": "以赛亚书系列(九)(13)"
	},
	{
		"duration": 1650,
		"size": "5M",
		"path": "http://media.haomuren.org/Message/BibleTeaching/110601PIsa09-14.mp3",
		"id": 4037000014,
		"albumId": 4037,
		"albumName": "以赛亚书系列(九)",
		"albumtitle": "以赛亚书系列(九)(14)"
	},
	{
		"duration": 1650,
		"size": "5M",
		"path": "http://media.haomuren.org/Message/BibleTeaching/110605PIsa09-15.mp3",
		"id": 4037000015,
		"albumId": 4037,
		"albumName": "以赛亚书系列(九)",
		"albumtitle": "以赛亚书系列(九)(15)"
	},
	{
		"duration": 1650,
		"size": "5M",
		"path": "http://media.haomuren.org/Message/BibleTeaching/110609PIsa09-16.mp3",
		"id": 4037000016,
		"albumId": 4037,
		"albumName": "以赛亚书系列(九)",
		"albumtitle": "以赛亚书系列(九)(16)"
	},
	{
		"duration": 1650,
		"size": "5M",
		"path": "http://media.haomuren.org/Message/BibleTeaching/110613PIsa09-17.mp3",
		"id": 4037000017,
		"albumId": 4037,
		"albumName": "以赛亚书系列(九)",
		"albumtitle": "以赛亚书系列(九)(17)"
	},
	{
		"duration": 1650,
		"size": "5M",
		"path": "http://media.haomuren.org/Message/BibleTeaching/110617PIsa09-18.mp3",
		"id": 4037000018,
		"albumId": 4037,
		"albumName": "以赛亚书系列(九)",
		"albumtitle": "以赛亚书系列(九)(18)"
	},
	{
		"duration": 1650,
		"size": "5M",
		"path": "http://media.haomuren.org/Message/BibleTeaching/110621PIsa09-19.mp3",
		"id": 4037000019,
		"albumId": 4037,
		"albumName": "以赛亚书系列(九)",
		"albumtitle": "以赛亚书系列(九)(19)"
	},
	{
		"duration": 1650,
		"size": "5M",
		"path": "http://media.haomuren.org/Message/BibleTeaching/110625PIsa09-20.mp3",
		"id": 4037000020,
		"albumId": 4037,
		"albumName": "以赛亚书系列(九)",
		"albumtitle": "以赛亚书系列(九)(20)"
	},
	{
		"duration": 1650,
		"size": "5M",
		"path": "http://media.haomuren.org/Message/BibleTeaching/110629PIsa09-21.mp3",
		"id": 4037000021,
		"albumId": 4037,
		"albumName": "以赛亚书系列(九)",
		"albumtitle": "以赛亚书系列(九)(21)"
	}
]