[
	{
		"duration": 1650,
		"size": "5M",
		"path": "http://media.haomuren.org/message/bibleteaching/2014BibChr10-01.mp3",
		"id": 4009000001,
		"albumId": 4009,
		"albumName": "创世记人物(十)",
		"albumtitle": "创世记人物(十)(1)"
	},
	{
		"duration": 1650,
		"size": "5M",
		"path": "http://media.haomuren.org/message/bibleteaching/2014BibChr10-02.mp3",
		"id": 4009000002,
		"albumId": 4009,
		"albumName": "创世记人物(十)",
		"albumtitle": "创世记人物(十)(2)"
	},
	{
		"duration": 1650,
		"size": "5M",
		"path": "http://media.haomuren.org/message/bibleteaching/2014BibChr10-03.mp3",
		"id": 4009000003,
		"albumId": 4009,
		"albumName": "创世记人物(十)",
		"albumtitle": "创世记人物(十)(3)"
	},
	{
		"duration": 1650,
		"size": "5M",
		"path": "http://media.haomuren.org/message/bibleteaching/2014BibChr10-04.mp3",
		"id": 4009000004,
		"albumId": 4009,
		"albumName": "创世记人物(十)",
		"albumtitle": "创世记人物(十)(4)"
	},
	{
		"duration": 1650,
		"size": "5M",
		"path": "http://media.haomuren.org/message/bibleteaching/2014BibChr10-05.mp3",
		"id": 4009000005,
		"albumId": 4009,
		"albumName": "创世记人物(十)",
		"albumtitle": "创世记人物(十)(5)"
	},
	{
		"duration": 1650,
		"size": "5M",
		"path": "http://media.haomuren.org/message/bibleteaching/2014BibChr10-06.mp3",
		"id": 4009000006,
		"albumId": 4009,
		"albumName": "创世记人物(十)",
		"albumtitle": "创世记人物(十)(6)"
	},
	{
		"duration": 1650,
		"size": "5M",
		"path": "http://media.haomuren.org/message/bibleteaching/2014BibChr10-07.mp3",
		"id": 4009000007,
		"albumId": 4009,
		"albumName": "创世记人物(十)",
		"albumtitle": "创世记人物(十)(7)"
	},
	{
		"duration": 1650,
		"size": "5M",
		"path": "http://media.haomuren.org/message/bibleteaching/2014BibChr10-08.mp3",
		"id": 4009000008,
		"albumId": 4009,
		"albumName": "创世记人物(十)",
		"albumtitle": "创世记人物(十)(8)"
	},
	{
		"duration": 1650,
		"size": "5M",
		"path": "http://media.haomuren.org/message/bibleteaching/2014BibChr10-09.mp3",
		"id": 4009000009,
		"albumId": 4009,
		"albumName": "创世记人物(十)",
		"albumtitle": "创世记人物(十)(9)"
	}
]