[
	{
		"duration": 1650,
		"size": "5M",
		"path": "http://media.haomuren.org/message/bibleteaching/2013Ge02-01.mp3",
		"id": 4001000001,
		"albumId": 4001,
		"albumName": "创世记人物(二)",
		"albumtitle": "创世记人物(二)(1)"
	},
	{
		"duration": 1650,
		"size": "5M",
		"path": "http://media.haomuren.org/message/bibleteaching/2013Ge02-02.mp3",
		"id": 4001000002,
		"albumId": 4001,
		"albumName": "创世记人物(二)",
		"albumtitle": "创世记人物(二)(2)"
	},
	{
		"duration": 1650,
		"size": "5M",
		"path": "http://media.haomuren.org/message/bibleteaching/2013Ge02-03.mp3",
		"id": 4001000003,
		"albumId": 4001,
		"albumName": "创世记人物(二)",
		"albumtitle": "创世记人物(二)(3)"
	},
	{
		"duration": 1650,
		"size": "5M",
		"path": "http://media.haomuren.org/message/bibleteaching/2013Ge02-04.mp3",
		"id": 4001000004,
		"albumId": 4001,
		"albumName": "创世记人物(二)",
		"albumtitle": "创世记人物(二)(4)"
	},
	{
		"duration": 1650,
		"size": "5M",
		"path": "http://media.haomuren.org/message/bibleteaching/2013Ge02-05.mp3",
		"id": 4001000005,
		"albumId": 4001,
		"albumName": "创世记人物(二)",
		"albumtitle": "创世记人物(二)(5)"
	},
	{
		"duration": 1650,
		"size": "5M",
		"path": "http://media.haomuren.org/message/bibleteaching/2013Ge02-06.mp3",
		"id": 4001000006,
		"albumId": 4001,
		"albumName": "创世记人物(二)",
		"albumtitle": "创世记人物(二)(6)"
	},
	{
		"duration": 1650,
		"size": "5M",
		"path": "http://media.haomuren.org/message/bibleteaching/2013Ge02-07.mp3",
		"id": 4001000007,
		"albumId": 4001,
		"albumName": "创世记人物(二)",
		"albumtitle": "创世记人物(二)(7)"
	},
	{
		"duration": 1650,
		"size": "5M",
		"path": "http://media.haomuren.org/message/bibleteaching/2013Ge02-08.mp3",
		"id": 4001000008,
		"albumId": 4001,
		"albumName": "创世记人物(二)",
		"albumtitle": "创世记人物(二)(8)"
	},
	{
		"duration": 1650,
		"size": "5M",
		"path": "http://media.haomuren.org/message/bibleteaching/2013Ge02-09.mp3",
		"id": 4001000009,
		"albumId": 4001,
		"albumName": "创世记人物(二)",
		"albumtitle": "创世记人物(二)(9)"
	},
	{
		"duration": 1650,
		"size": "5M",
		"path": "http://media.haomuren.org/message/bibleteaching/2013Ge02-10.mp3",
		"id": 4001000010,
		"albumId": 4001,
		"albumName": "创世记人物(二)",
		"albumtitle": "创世记人物(二)(10)"
	},
	{
		"duration": 1650,
		"size": "5M",
		"path": "http://media.haomuren.org/message/bibleteaching/2013Ge02-11.mp3",
		"id": 4001000011,
		"albumId": 4001,
		"albumName": "创世记人物(二)",
		"albumtitle": "创世记人物(二)(11)"
	},
	{
		"duration": 1650,
		"size": "5M",
		"path": "http://media.haomuren.org/message/bibleteaching/2013Ge02-12.mp3",
		"id": 4001000012,
		"albumId": 4001,
		"albumName": "创世记人物(二)",
		"albumtitle": "创世记人物(二)(12)"
	}
]