[
	{
		"duration": 1650,
		"size": "5M",
		"path": "http://media.haomuren.org/message/bibleteaching/2015Jdg01-01.mp3",
		"id": 4015000001,
		"albumId": 4015,
		"albumName": "士师记系列(一)",
		"albumtitle": "士师记系列(一)(1)"
	},
	{
		"duration": 1650,
		"size": "5M",
		"path": "http://media.haomuren.org/message/bibleteaching/2015Jdg01-02.mp3",
		"id": 4015000002,
		"albumId": 4015,
		"albumName": "士师记系列(一)",
		"albumtitle": "士师记系列(一)(2)"
	},
	{
		"duration": 1650,
		"size": "5M",
		"path": "http://media.haomuren.org/message/bibleteaching/2015Jdg01-03.mp3",
		"id": 4015000003,
		"albumId": 4015,
		"albumName": "士师记系列(一)",
		"albumtitle": "士师记系列(一)(3)"
	},
	{
		"duration": 1650,
		"size": "5M",
		"path": "http://media.haomuren.org/message/bibleteaching/2015Jdg01-04.mp3",
		"id": 4015000004,
		"albumId": 4015,
		"albumName": "士师记系列(一)",
		"albumtitle": "士师记系列(一)(4)"
	},
	{
		"duration": 1650,
		"size": "5M",
		"path": "http://media.haomuren.org/message/bibleteaching/2015Jdg01-05.mp3",
		"id": 4015000005,
		"albumId": 4015,
		"albumName": "士师记系列(一)",
		"albumtitle": "士师记系列(一)(5)"
	},
	{
		"duration": 1650,
		"size": "5M",
		"path": "http://media.haomuren.org/message/bibleteaching/2015Jdg01-06.mp3",
		"id": 4015000006,
		"albumId": 4015,
		"albumName": "士师记系列(一)",
		"albumtitle": "士师记系列(一)(6)"
	},
	{
		"duration": 1650,
		"size": "5M",
		"path": "http://media.haomuren.org/message/bibleteaching/2015Jdg01-07.mp3",
		"id": 4015000007,
		"albumId": 4015,
		"albumName": "士师记系列(一)",
		"albumtitle": "士师记系列(一)(7)"
	},
	{
		"duration": 1650,
		"size": "5M",
		"path": "http://media.haomuren.org/message/bibleteaching/2015Jdg01-08.mp3",
		"id": 4015000008,
		"albumId": 4015,
		"albumName": "士师记系列(一)",
		"albumtitle": "士师记系列(一)(8)"
	},
	{
		"duration": 1650,
		"size": "5M",
		"path": "http://media.haomuren.org/message/bibleteaching/2015Jdg01-09.mp3",
		"id": 4015000009,
		"albumId": 4015,
		"albumName": "士师记系列(一)",
		"albumtitle": "士师记系列(一)(9)"
	},
	{
		"duration": 1650,
		"size": "5M",
		"path": "http://media.haomuren.org/message/bibleteaching/2015Jdg01-10.mp3",
		"id": 4015000010,
		"albumId": 4015,
		"albumName": "士师记系列(一)",
		"albumtitle": "士师记系列(一)(10)"
	}
]