[
	{
		"duration": 1650,
		"size": "5M",
		"path": "http://media.haomuren.org/Message/BibleTeaching/2013Pr05-01.mp3",
		"id": 4025000001,
		"albumId": 4025,
		"albumName": "箴言系列(五)",
		"albumtitle": "箴言系列(五)(1)"
	},
	{
		"duration": 1650,
		"size": "5M",
		"path": "http://media.haomuren.org/Message/BibleTeaching/2013Pr05-02.mp3",
		"id": 4025000002,
		"albumId": 4025,
		"albumName": "箴言系列(五)",
		"albumtitle": "箴言系列(五)(2)"
	},
	{
		"duration": 1650,
		"size": "5M",
		"path": "http://media.haomuren.org/Message/BibleTeaching/2013Pr05-03.mp3",
		"id": 4025000003,
		"albumId": 4025,
		"albumName": "箴言系列(五)",
		"albumtitle": "箴言系列(五)(3)"
	},
	{
		"duration": 1650,
		"size": "5M",
		"path": "http://media.haomuren.org/Message/BibleTeaching/2013Pr05-04.mp3",
		"id": 4025000004,
		"albumId": 4025,
		"albumName": "箴言系列(五)",
		"albumtitle": "箴言系列(五)(4)"
	},
	{
		"duration": 1650,
		"size": "5M",
		"path": "http://media.haomuren.org/Message/BibleTeaching/2013Pr05-05.mp3",
		"id": 4025000005,
		"albumId": 4025,
		"albumName": "箴言系列(五)",
		"albumtitle": "箴言系列(五)(5)"
	},
	{
		"duration": 1650,
		"size": "5M",
		"path": "http://media.haomuren.org/Message/BibleTeaching/2013Pr05-06.mp3",
		"id": 4025000006,
		"albumId": 4025,
		"albumName": "箴言系列(五)",
		"albumtitle": "箴言系列(五)(6)"
	},
	{
		"duration": 1650,
		"size": "5M",
		"path": "http://media.haomuren.org/Message/BibleTeaching/2013Pr05-07.mp3",
		"id": 4025000007,
		"albumId": 4025,
		"albumName": "箴言系列(五)",
		"albumtitle": "箴言系列(五)(7)"
	},
	{
		"duration": 1650,
		"size": "5M",
		"path": "http://media.haomuren.org/Message/BibleTeaching/2013Pr05-08.mp3",
		"id": 4025000008,
		"albumId": 4025,
		"albumName": "箴言系列(五)",
		"albumtitle": "箴言系列(五)(8)"
	},
	{
		"duration": 1650,
		"size": "5M",
		"path": "http://media.haomuren.org/Message/BibleTeaching/2013Pr05-09.mp3",
		"id": 4025000009,
		"albumId": 4025,
		"albumName": "箴言系列(五)",
		"albumtitle": "箴言系列(五)(9)"
	},
	{
		"duration": 1650,
		"size": "5M",
		"path": "http://media.haomuren.org/Message/BibleTeaching/2013Pr05-10.mp3",
		"id": 4025000010,
		"albumId": 4025,
		"albumName": "箴言系列(五)",
		"albumtitle": "箴言系列(五)(10)"
	},
	{
		"duration": 1650,
		"size": "5M",
		"path": "http://media.haomuren.org/Message/BibleTeaching/2013Pr05-11.mp3",
		"id": 4025000011,
		"albumId": 4025,
		"albumName": "箴言系列(五)",
		"albumtitle": "箴言系列(五)(11)"
	},
	{
		"duration": 1650,
		"size": "5M",
		"path": "http://media.haomuren.org/Message/BibleTeaching/2013Pr05-12.mp3",
		"id": 4025000012,
		"albumId": 4025,
		"albumName": "箴言系列(五)",
		"albumtitle": "箴言系列(五)(12)"
	},
	{
		"duration": 1650,
		"size": "5M",
		"path": "http://media.haomuren.org/Message/BibleTeaching/2013Pr05-13.mp3",
		"id": 4025000013,
		"albumId": 4025,
		"albumName": "箴言系列(五)",
		"albumtitle": "箴言系列(五)(13)"
	}
]