[
	{
		"duration": 1650,
		"size": "5M",
		"path": "http://media.haomuren.org/message/bibleteaching/2015Tit02-01.mp3",
		"id": 4141000001,
		"albumId": 4141,
		"albumName": "提多书系列(二)",
		"albumtitle": "提多书系列(二)(1)"
	},
	{
		"duration": 1650,
		"size": "5M",
		"path": "http://media.haomuren.org/message/bibleteaching/2015Tit02-02.mp3",
		"id": 4141000002,
		"albumId": 4141,
		"albumName": "提多书系列(二)",
		"albumtitle": "提多书系列(二)(2)"
	},
	{
		"duration": 1650,
		"size": "5M",
		"path": "http://media.haomuren.org/message/bibleteaching/2015Tit02-03.mp3",
		"id": 4141000003,
		"albumId": 4141,
		"albumName": "提多书系列(二)",
		"albumtitle": "提多书系列(二)(3)"
	},
	{
		"duration": 1650,
		"size": "5M",
		"path": "http://media.haomuren.org/message/bibleteaching/2015Tit02-04.mp3",
		"id": 4141000004,
		"albumId": 4141,
		"albumName": "提多书系列(二)",
		"albumtitle": "提多书系列(二)(4)"
	},
	{
		"duration": 1650,
		"size": "5M",
		"path": "http://media.haomuren.org/message/bibleteaching/2015Tit02-05.mp3",
		"id": 4141000005,
		"albumId": 4141,
		"albumName": "提多书系列(二)",
		"albumtitle": "提多书系列(二)(5)"
	},
	{
		"duration": 1650,
		"size": "5M",
		"path": "http://media.haomuren.org/message/bibleteaching/2015Tit02-06.mp3",
		"id": 4141000006,
		"albumId": 4141,
		"albumName": "提多书系列(二)",
		"albumtitle": "提多书系列(二)(6)"
	},
	{
		"duration": 1650,
		"size": "5M",
		"path": "http://media.haomuren.org/message/bibleteaching/2015Tit02-07.mp3",
		"id": 4141000007,
		"albumId": 4141,
		"albumName": "提多书系列(二)",
		"albumtitle": "提多书系列(二)(7)"
	},
	{
		"duration": 1650,
		"size": "5M",
		"path": "http://media.haomuren.org/message/bibleteaching/2015Tit02-08.mp3",
		"id": 4141000008,
		"albumId": 4141,
		"albumName": "提多书系列(二)",
		"albumtitle": "提多书系列(二)(8)"
	},
	{
		"duration": 1650,
		"size": "5M",
		"path": "http://media.haomuren.org/message/bibleteaching/2015Tit02-09.mp3",
		"id": 4141000009,
		"albumId": 4141,
		"albumName": "提多书系列(二)",
		"albumtitle": "提多书系列(二)(9)"
	}
]