[
	{
		"duration": 1650,
		"size": "5M",
		"path": "http://media.haomuren.org/Message/BibleTeaching/2015Gal2-01.mp3",
		"id": 4125000001,
		"albumId": 4125,
		"albumName": "加拉太书系列(二)",
		"albumtitle": "加拉太书系列(二)(1)"
	},
	{
		"duration": 1650,
		"size": "5M",
		"path": "http://media.haomuren.org/Message/BibleTeaching/2015Gal2-02.mp3",
		"id": 4125000002,
		"albumId": 4125,
		"albumName": "加拉太书系列(二)",
		"albumtitle": "加拉太书系列(二)(2)"
	},
	{
		"duration": 1650,
		"size": "5M",
		"path": "http://media.haomuren.org/Message/BibleTeaching/2015Gal2-03.mp3",
		"id": 4125000003,
		"albumId": 4125,
		"albumName": "加拉太书系列(二)",
		"albumtitle": "加拉太书系列(二)(3)"
	},
	{
		"duration": 1650,
		"size": "5M",
		"path": "http://media.haomuren.org/Message/BibleTeaching/2015Gal2-04.mp3",
		"id": 4125000004,
		"albumId": 4125,
		"albumName": "加拉太书系列(二)",
		"albumtitle": "加拉太书系列(二)(4)"
	},
	{
		"duration": 1650,
		"size": "5M",
		"path": "http://media.haomuren.org/Message/BibleTeaching/2015Gal2-05.mp3",
		"id": 4125000005,
		"albumId": 4125,
		"albumName": "加拉太书系列(二)",
		"albumtitle": "加拉太书系列(二)(5)"
	},
	{
		"duration": 1650,
		"size": "5M",
		"path": "http://media.haomuren.org/Message/BibleTeaching/2015Gal2-06.mp3",
		"id": 4125000006,
		"albumId": 4125,
		"albumName": "加拉太书系列(二)",
		"albumtitle": "加拉太书系列(二)(6)"
	},
	{
		"duration": 1650,
		"size": "5M",
		"path": "http://media.haomuren.org/Message/BibleTeaching/2015Gal2-07.mp3",
		"id": 4125000007,
		"albumId": 4125,
		"albumName": "加拉太书系列(二)",
		"albumtitle": "加拉太书系列(二)(7)"
	},
	{
		"duration": 1650,
		"size": "5M",
		"path": "http://media.haomuren.org/Message/BibleTeaching/2015Gal2-08.mp3",
		"id": 4125000008,
		"albumId": 4125,
		"albumName": "加拉太书系列(二)",
		"albumtitle": "加拉太书系列(二)(8)"
	},
	{
		"duration": 1650,
		"size": "5M",
		"path": "http://media.haomuren.org/Message/BibleTeaching/2015Gal2-09.mp3",
		"id": 4125000009,
		"albumId": 4125,
		"albumName": "加拉太书系列(二)",
		"albumtitle": "加拉太书系列(二)(9)"
	},
	{
		"duration": 1650,
		"size": "5M",
		"path": "http://media.haomuren.org/Message/BibleTeaching/2015Gal2-10.mp3",
		"id": 4125000010,
		"albumId": 4125,
		"albumName": "加拉太书系列(二)",
		"albumtitle": "加拉太书系列(二)(10)"
	},
	{
		"duration": 1650,
		"size": "5M",
		"path": "http://media.haomuren.org/Message/BibleTeaching/2015Gal2-11.mp3",
		"id": 4125000011,
		"albumId": 4125,
		"albumName": "加拉太书系列(二)",
		"albumtitle": "加拉太书系列(二)(11)"
	},
	{
		"duration": 1650,
		"size": "5M",
		"path": "http://media.haomuren.org/Message/BibleTeaching/2015Gal2-12.mp3",
		"id": 4125000012,
		"albumId": 4125,
		"albumName": "加拉太书系列(二)",
		"albumtitle": "加拉太书系列(二)(12)"
	}
]