[
	{
		"duration": 1650,
		"size": "5M",
		"path": "http://media.haomuren.org/message/bibleteaching/2014BibChr11-01.mp3",
		"id": 4010000001,
		"albumId": 4010,
		"albumName": "创世记人物(十一)",
		"albumtitle": "创世记人物(十一)(1)"
	},
	{
		"duration": 1650,
		"size": "5M",
		"path": "http://media.haomuren.org/message/bibleteaching/2014BibChr11-02.mp3",
		"id": 4010000002,
		"albumId": 4010,
		"albumName": "创世记人物(十一)",
		"albumtitle": "创世记人物(十一)(2)"
	},
	{
		"duration": 1650,
		"size": "5M",
		"path": "http://media.haomuren.org/message/bibleteaching/2014BibChr11-03.mp3",
		"id": 4010000003,
		"albumId": 4010,
		"albumName": "创世记人物(十一)",
		"albumtitle": "创世记人物(十一)(3)"
	},
	{
		"duration": 1650,
		"size": "5M",
		"path": "http://media.haomuren.org/message/bibleteaching/2014BibChr11-04.mp3",
		"id": 4010000004,
		"albumId": 4010,
		"albumName": "创世记人物(十一)",
		"albumtitle": "创世记人物(十一)(4)"
	},
	{
		"duration": 1650,
		"size": "5M",
		"path": "http://media.haomuren.org/message/bibleteaching/2014BibChr11-05.mp3",
		"id": 4010000005,
		"albumId": 4010,
		"albumName": "创世记人物(十一)",
		"albumtitle": "创世记人物(十一)(5)"
	},
	{
		"duration": 1650,
		"size": "5M",
		"path": "http://media.haomuren.org/message/bibleteaching/2014BibChr11-06.mp3",
		"id": 4010000006,
		"albumId": 4010,
		"albumName": "创世记人物(十一)",
		"albumtitle": "创世记人物(十一)(6)"
	},
	{
		"duration": 1650,
		"size": "5M",
		"path": "http://media.haomuren.org/message/bibleteaching/2014BibChr11-07.mp3",
		"id": 4010000007,
		"albumId": 4010,
		"albumName": "创世记人物(十一)",
		"albumtitle": "创世记人物(十一)(7)"
	},
	{
		"duration": 1650,
		"size": "5M",
		"path": "http://media.haomuren.org/message/bibleteaching/2014BibChr11-08.mp3",
		"id": 4010000008,
		"albumId": 4010,
		"albumName": "创世记人物(十一)",
		"albumtitle": "创世记人物(十一)(8)"
	},
	{
		"duration": 1650,
		"size": "5M",
		"path": "http://media.haomuren.org/message/bibleteaching/2014BibChr11-09.mp3",
		"id": 4010000009,
		"albumId": 4010,
		"albumName": "创世记人物(十一)",
		"albumtitle": "创世记人物(十一)(9)"
	}
]