[{
	"duration": 1650,
	"size": "5M",
	"path": "http://media.haomuren.org/Message/BibleTeaching/090217PIsa05-01.mp3",
	"id": 4033000001,
	"albumId": 4033,
	"albumName": "以赛亚书系列(五)",
	"albumtitle": "以赛亚书系列(五)(1)"
},
	{
		"duration": 1650,
		"size": "5M",
		"path": "http://media.haomuren.org/Message/BibleTeaching/090219PIsa05-02.mp3",
		"id": 4033000002,
		"albumId": 4033,
		"albumName": "以赛亚书系列(五)",
		"albumtitle": "以赛亚书系列(五)(2)"
	},
	{
		"duration": 1650,
		"size": "5M",
		"path": "http://media.haomuren.org/Message/BibleTeaching/090221PIsa05-03.mp3",
		"id": 4033000003,
		"albumId": 4033,
		"albumName": "以赛亚书系列(五)",
		"albumtitle": "以赛亚书系列(五)(3)"
	},
	{
		"duration": 1650,
		"size": "5M",
		"path": "http://media.haomuren.org/Message/BibleTeaching/090223PIsa05-04.mp3",
		"id": 4033000004,
		"albumId": 4033,
		"albumName": "以赛亚书系列(五)",
		"albumtitle": "以赛亚书系列(五)(4)"
	},
	{
		"duration": 1650,
		"size": "5M",
		"path": "http://media.haomuren.org/Message/BibleTeaching/090225PIsa05-05.mp3",
		"id": 4033000005,
		"albumId": 4033,
		"albumName": "以赛亚书系列(五)",
		"albumtitle": "以赛亚书系列(五)(5)"
	},
	{
		"duration": 1650,
		"size": "5M",
		"path": "http://media.haomuren.org/Message/BibleTeaching/090227PIsa05-06.mp3",
		"id": 4033000006,
		"albumId": 4033,
		"albumName": "以赛亚书系列(五)",
		"albumtitle": "以赛亚书系列(五)(6)"
	},
	{
		"duration": 1650,
		"size": "5M",
		"path": "http://media.haomuren.org/Message/BibleTeaching/090301PIsa05-07.mp3",
		"id": 4033000007,
		"albumId": 4033,
		"albumName": "以赛亚书系列(五)",
		"albumtitle": "以赛亚书系列(五)(7)"
	},
	{
		"duration": 1650,
		"size": "5M",
		"path": "http://media.haomuren.org/Message/BibleTeaching/090303PIsa05-08.mp3",
		"id": 4033000008,
		"albumId": 4033,
		"albumName": "以赛亚书系列(五)",
		"albumtitle": "以赛亚书系列(五)(8)"
	},
	{
		"duration": 1650,
		"size": "5M",
		"path": "http://media.haomuren.org/Message/BibleTeaching/090305PIsa05-09.mp3",
		"id": 4033000009,
		"albumId": 4033,
		"albumName": "以赛亚书系列(五)",
		"albumtitle": "以赛亚书系列(五)(9)"
	},
	{
		"duration": 1650,
		"size": "5M",
		"path": "http://media.haomuren.org/Message/BibleTeaching/090307PIsa05-10.mp3",
		"id": 4033000010,
		"albumId": 4033,
		"albumName": "以赛亚书系列(五)",
		"albumtitle": "以赛亚书系列(五)(10)"
	},
	{
		"duration": 1650,
		"size": "5M",
		"path": "http://media.haomuren.org/Message/BibleTeaching/090309PIsa05-11.mp3",
		"id": 4033000011,
		"albumId": 4033,
		"albumName": "以赛亚书系列(五)",
		"albumtitle": "以赛亚书系列(五)(11)"
	},
	{
		"duration": 1650,
		"size": "5M",
		"path": "http://media.haomuren.org/Message/BibleTeaching/090311PIsa05-12.mp3",
		"id": 4033000012,
		"albumId": 4033,
		"albumName": "以赛亚书系列(五)",
		"albumtitle": "以赛亚书系列(五)(12)"
	},
	{
		"duration": 1650,
		"size": "5M",
		"path": "http://media.haomuren.org/Message/BibleTeaching/090313PIsa05-13.mp3",
		"id": 4033000013,
		"albumId": 4033,
		"albumName": "以赛亚书系列(五)",
		"albumtitle": "以赛亚书系列(五)(13)"
	},
	{
		"duration": 1650,
		"size": "5M",
		"path": "http://media.haomuren.org/Message/BibleTeaching/090315PIsa05-14.mp3",
		"id": 4033000014,
		"albumId": 4033,
		"albumName": "以赛亚书系列(五)",
		"albumtitle": "以赛亚书系列(五)(14)"
	},
	{
		"duration": 1650,
		"size": "5M",
		"path": "http://media.haomuren.org/Message/BibleTeaching/090317PIsa05-15.mp3",
		"id": 4033000015,
		"albumId": 4033,
		"albumName": "以赛亚书系列(五)",
		"albumtitle": "以赛亚书系列(五)(15)"
	},
	{
		"duration": 1650,
		"size": "5M",
		"path": "http://media.haomuren.org/Message/BibleTeaching/090319PIsa05-16.mp3",
		"id": 4033000016,
		"albumId": 4033,
		"albumName": "以赛亚书系列(五)",
		"albumtitle": "以赛亚书系列(五)(16)"
	},
	{
		"duration": 1650,
		"size": "5M",
		"path": "http://media.haomuren.org/Message/BibleTeaching/090321PIsa05-17.mp3",
		"id": 4033000017,
		"albumId": 4033,
		"albumName": "以赛亚书系列(五)",
		"albumtitle": "以赛亚书系列(五)(17)"
	},
	{
		"duration": 1650,
		"size": "5M",
		"path": "http://media.haomuren.org/Message/BibleTeaching/090323PIsa05-18.mp3",
		"id": 4033000018,
		"albumId": 4033,
		"albumName": "以赛亚书系列(五)",
		"albumtitle": "以赛亚书系列(五)(18)"
	}
]