[
	{
		"duration": 1650,
		"size": "5M",
		"path": "http://media.haomuren.org/message/bibleteaching/2013EzrNeEst01-01.mp3",
		"id": 4017000001,
		"albumId": 4017,
		"albumName": "以斯拉尼希米以斯帖(一)",
		"albumtitle": "以斯拉尼希米以斯帖(一)(1)"
	},
	{
		"duration": 1650,
		"size": "5M",
		"path": "http://media.haomuren.org/message/bibleteaching/2013EzrNeEst01-02.mp3",
		"id": 4017000002,
		"albumId": 4017,
		"albumName": "以斯拉尼希米以斯帖(一)",
		"albumtitle": "以斯拉尼希米以斯帖(一)(2)"
	},
	{
		"duration": 1650,
		"size": "5M",
		"path": "http://media.haomuren.org/message/bibleteaching/2013EzrNeEst01-03.mp3",
		"id": 4017000003,
		"albumId": 4017,
		"albumName": "以斯拉尼希米以斯帖(一)",
		"albumtitle": "以斯拉尼希米以斯帖(一)(3)"
	},
	{
		"duration": 1650,
		"size": "5M",
		"path": "http://media.haomuren.org/message/bibleteaching/2013EzrNeEst01-04.mp3",
		"id": 4017000004,
		"albumId": 4017,
		"albumName": "以斯拉尼希米以斯帖(一)",
		"albumtitle": "以斯拉尼希米以斯帖(一)(4)"
	},
	{
		"duration": 1650,
		"size": "5M",
		"path": "http://media.haomuren.org/message/bibleteaching/2013EzrNeEst01-05.mp3",
		"id": 4017000005,
		"albumId": 4017,
		"albumName": "以斯拉尼希米以斯帖(一)",
		"albumtitle": "以斯拉尼希米以斯帖(一)(5)"
	},
	{
		"duration": 1650,
		"size": "5M",
		"path": "http://media.haomuren.org/message/bibleteaching/2013EzrNeEst01-06.mp3",
		"id": 4017000006,
		"albumId": 4017,
		"albumName": "以斯拉尼希米以斯帖(一)",
		"albumtitle": "以斯拉尼希米以斯帖(一)(6)"
	},
	{
		"duration": 1650,
		"size": "5M",
		"path": "http://media.haomuren.org/message/bibleteaching/2013EzrNeEst01-07.mp3",
		"id": 4017000007,
		"albumId": 4017,
		"albumName": "以斯拉尼希米以斯帖(一)",
		"albumtitle": "以斯拉尼希米以斯帖(一)(7)"
	},
	{
		"duration": 1650,
		"size": "5M",
		"path": "http://media.haomuren.org/message/bibleteaching/2013EzrNeEst01-08.mp3",
		"id": 4017000008,
		"albumId": 4017,
		"albumName": "以斯拉尼希米以斯帖(一)",
		"albumtitle": "以斯拉尼希米以斯帖(一)(8)"
	},
	{
		"duration": 1650,
		"size": "5M",
		"path": "http://media.haomuren.org/message/bibleteaching/2013EzrNeEst01-09.mp3",
		"id": 4017000009,
		"albumId": 4017,
		"albumName": "以斯拉尼希米以斯帖(一)",
		"albumtitle": "以斯拉尼希米以斯帖(一)(9)"
	},
	{
		"duration": 1650,
		"size": "5M",
		"path": "http://media.haomuren.org/message/bibleteaching/2013EzrNeEst01-10.mp3",
		"id": 4017000010,
		"albumId": 4017,
		"albumName": "以斯拉尼希米以斯帖(一)",
		"albumtitle": "以斯拉尼希米以斯帖(一)(10)"
	}
]