[
	{
		"duration": 1650,
		"size": "5M",
		"path": "http://media.haomuren.org/Message/BibleTeaching/2012Pr03-01.mp3",
		"id": 4023000001,
		"albumId": 4023,
		"albumName": "箴言系列(三)",
		"albumtitle": "箴言系列(三)(1)"
	},
	{
		"duration": 1650,
		"size": "5M",
		"path": "http://media.haomuren.org/Message/BibleTeaching/2012Pr03-02.mp3",
		"id": 4023000002,
		"albumId": 4023,
		"albumName": "箴言系列(三)",
		"albumtitle": "箴言系列(三)(2)"
	},
	{
		"duration": 1650,
		"size": "5M",
		"path": "http://media.haomuren.org/Message/BibleTeaching/2012Pr03-03.mp3",
		"id": 4023000003,
		"albumId": 4023,
		"albumName": "箴言系列(三)",
		"albumtitle": "箴言系列(三)(3)"
	},
	{
		"duration": 1650,
		"size": "5M",
		"path": "http://media.haomuren.org/Message/BibleTeaching/2012Pr03-04.mp3",
		"id": 4023000004,
		"albumId": 4023,
		"albumName": "箴言系列(三)",
		"albumtitle": "箴言系列(三)(4)"
	},
	{
		"duration": 1650,
		"size": "5M",
		"path": "http://media.haomuren.org/Message/BibleTeaching/2012Pr03-05.mp3",
		"id": 4023000005,
		"albumId": 4023,
		"albumName": "箴言系列(三)",
		"albumtitle": "箴言系列(三)(5)"
	},
	{
		"duration": 1650,
		"size": "5M",
		"path": "http://media.haomuren.org/Message/BibleTeaching/2012Pr03-06.mp3",
		"id": 4023000006,
		"albumId": 4023,
		"albumName": "箴言系列(三)",
		"albumtitle": "箴言系列(三)(6)"
	},
	{
		"duration": 1650,
		"size": "5M",
		"path": "http://media.haomuren.org/Message/BibleTeaching/2012Pr03-07.mp3",
		"id": 4023000007,
		"albumId": 4023,
		"albumName": "箴言系列(三)",
		"albumtitle": "箴言系列(三)(7)"
	},
	{
		"duration": 1650,
		"size": "5M",
		"path": "http://media.haomuren.org/Message/BibleTeaching/2012Pr03-08.mp3",
		"id": 4023000008,
		"albumId": 4023,
		"albumName": "箴言系列(三)",
		"albumtitle": "箴言系列(三)(8)"
	},
	{
		"duration": 1650,
		"size": "5M",
		"path": "http://media.haomuren.org/Message/BibleTeaching/2012Pr03-09.mp3",
		"id": 4023000009,
		"albumId": 4023,
		"albumName": "箴言系列(三)",
		"albumtitle": "箴言系列(三)(9)"
	},
	{
		"duration": 1650,
		"size": "5M",
		"path": "http://media.haomuren.org/Message/BibleTeaching/2012Pr03-10.mp3",
		"id": 4023000010,
		"albumId": 4023,
		"albumName": "箴言系列(三)",
		"albumtitle": "箴言系列(三)(10)"
	},
	{
		"duration": 1650,
		"size": "5M",
		"path": "http://media.haomuren.org/Message/BibleTeaching/2012Pr03-11.mp3",
		"id": 4023000011,
		"albumId": 4023,
		"albumName": "箴言系列(三)",
		"albumtitle": "箴言系列(三)(11)"
	},
	{
		"duration": 1650,
		"size": "5M",
		"path": "http://media.haomuren.org/Message/BibleTeaching/2012Pr03-12.mp3",
		"id": 4023000012,
		"albumId": 4023,
		"albumName": "箴言系列(三)",
		"albumtitle": "箴言系列(三)(12)"
	}
]