[
	{
		"duration": 1650,
		"size": "5M",
		"path": "http://media.haomuren.org/Message/BibleTeaching/2012John7-01.mp3",
		"id": 4085000001,
		"albumId": 4085,
		"albumName": "约翰福音(七)",
		"albumtitle": "约翰福音(七)(1)"
	},
	{
		"duration": 1650,
		"size": "5M",
		"path": "http://media.haomuren.org/Message/BibleTeaching/2012John7-02.mp3",
		"id": 4085000002,
		"albumId": 4085,
		"albumName": "约翰福音(七)",
		"albumtitle": "约翰福音(七)(2)"
	},
	{
		"duration": 1650,
		"size": "5M",
		"path": "http://media.haomuren.org/Message/BibleTeaching/2012John7-03.mp3",
		"id": 4085000003,
		"albumId": 4085,
		"albumName": "约翰福音(七)",
		"albumtitle": "约翰福音(七)(3)"
	},
	{
		"duration": 1650,
		"size": "5M",
		"path": "http://media.haomuren.org/Message/BibleTeaching/2012John7-04.mp3",
		"id": 4085000004,
		"albumId": 4085,
		"albumName": "约翰福音(七)",
		"albumtitle": "约翰福音(七)(4)"
	},
	{
		"duration": 1650,
		"size": "5M",
		"path": "http://media.haomuren.org/Message/BibleTeaching/2012John7-05.mp3",
		"id": 4085000005,
		"albumId": 4085,
		"albumName": "约翰福音(七)",
		"albumtitle": "约翰福音(七)(5)"
	},
	{
		"duration": 1650,
		"size": "5M",
		"path": "http://media.haomuren.org/Message/BibleTeaching/2012John7-06.mp3",
		"id": 4085000006,
		"albumId": 4085,
		"albumName": "约翰福音(七)",
		"albumtitle": "约翰福音(七)(6)"
	},
	{
		"duration": 1650,
		"size": "5M",
		"path": "http://media.haomuren.org/Message/BibleTeaching/2012John7-07.mp3",
		"id": 4085000007,
		"albumId": 4085,
		"albumName": "约翰福音(七)",
		"albumtitle": "约翰福音(七)(7)"
	},
	{
		"duration": 1650,
		"size": "5M",
		"path": "http://media.haomuren.org/Message/BibleTeaching/2012John7-08.mp3",
		"id": 4085000008,
		"albumId": 4085,
		"albumName": "约翰福音(七)",
		"albumtitle": "约翰福音(七)(8)"
	},
	{
		"duration": 1650,
		"size": "5M",
		"path": "http://media.haomuren.org/Message/BibleTeaching/2012John7-09.mp3",
		"id": 4085000009,
		"albumId": 4085,
		"albumName": "约翰福音(七)",
		"albumtitle": "约翰福音(七)(9)"
	},
	{
		"duration": 1650,
		"size": "5M",
		"path": "http://media.haomuren.org/Message/BibleTeaching/2012John7-10.mp3",
		"id": 4085000010,
		"albumId": 4085,
		"albumName": "约翰福音(七)",
		"albumtitle": "约翰福音(七)(10)"
	},
	{
		"duration": 1650,
		"size": "5M",
		"path": "http://media.haomuren.org/Message/BibleTeaching/2012John7-11.mp3",
		"id": 4085000011,
		"albumId": 4085,
		"albumName": "约翰福音(七)",
		"albumtitle": "约翰福音(七)(11)"
	},
	{
		"duration": 1650,
		"size": "5M",
		"path": "http://media.haomuren.org/Message/BibleTeaching/2012John7-12.mp3",
		"id": 4085000012,
		"albumId": 4085,
		"albumName": "约翰福音(七)",
		"albumtitle": "约翰福音(七)(12)"
	},
	{
		"duration": 1650,
		"size": "5M",
		"path": "http://media.haomuren.org/Message/BibleTeaching/2012John7-13.mp3",
		"id": 4085000013,
		"albumId": 4085,
		"albumName": "约翰福音(七)",
		"albumtitle": "约翰福音(七)(13)"
	},
	{
		"duration": 1650,
		"size": "5M",
		"path": "http://media.haomuren.org/Message/BibleTeaching/2012John7-14.mp3",
		"id": 4085000014,
		"albumId": 4085,
		"albumName": "约翰福音(七)",
		"albumtitle": "约翰福音(七)(14)"
	}
]