[
	{
		"duration": 1650,
		"size": "5M",
		"path": "http://media.haomuren.org/Message/BibleTeaching/2015ICo08-01.mp3",
		"id": 4120000001,
		"albumId": 4120,
		"albumName": "哥林多前书(八)",
		"albumtitle": "哥林多前书(八)(1)"
	},
	{
		"duration": 1650,
		"size": "5M",
		"path": "http://media.haomuren.org/Message/BibleTeaching/2015ICo08-02.mp3",
		"id": 4120000002,
		"albumId": 4120,
		"albumName": "哥林多前书(八)",
		"albumtitle": "哥林多前书(八)(2)"
	},
	{
		"duration": 1650,
		"size": "5M",
		"path": "http://media.haomuren.org/Message/BibleTeaching/2015ICo08-03.mp3",
		"id": 4120000003,
		"albumId": 4120,
		"albumName": "哥林多前书(八)",
		"albumtitle": "哥林多前书(八)(3)"
	},
	{
		"duration": 1650,
		"size": "5M",
		"path": "http://media.haomuren.org/Message/BibleTeaching/2015ICo08-04.mp3",
		"id": 4120000004,
		"albumId": 4120,
		"albumName": "哥林多前书(八)",
		"albumtitle": "哥林多前书(八)(4)"
	},
	{
		"duration": 1650,
		"size": "5M",
		"path": "http://media.haomuren.org/Message/BibleTeaching/2015ICo08-05.mp3",
		"id": 4120000005,
		"albumId": 4120,
		"albumName": "哥林多前书(八)",
		"albumtitle": "哥林多前书(八)(5)"
	},
	{
		"duration": 1650,
		"size": "5M",
		"path": "http://media.haomuren.org/Message/BibleTeaching/2015ICo08-06.mp3",
		"id": 4120000006,
		"albumId": 4120,
		"albumName": "哥林多前书(八)",
		"albumtitle": "哥林多前书(八)(6)"
	},
	{
		"duration": 1650,
		"size": "5M",
		"path": "http://media.haomuren.org/Message/BibleTeaching/2015ICo08-07.mp3",
		"id": 4120000007,
		"albumId": 4120,
		"albumName": "哥林多前书(八)",
		"albumtitle": "哥林多前书(八)(7)"
	},
	{
		"duration": 1650,
		"size": "5M",
		"path": "http://media.haomuren.org/Message/BibleTeaching/2015ICo08-08.mp3",
		"id": 4120000008,
		"albumId": 4120,
		"albumName": "哥林多前书(八)",
		"albumtitle": "哥林多前书(八)(8)"
	},
	{
		"duration": 1650,
		"size": "5M",
		"path": "http://media.haomuren.org/Message/BibleTeaching/2015ICo08-09.mp3",
		"id": 4120000009,
		"albumId": 4120,
		"albumName": "哥林多前书(八)",
		"albumtitle": "哥林多前书(八)(9)"
	},
	{
		"duration": 1650,
		"size": "5M",
		"path": "http://media.haomuren.org/Message/BibleTeaching/2015ICo08-10.mp3",
		"id": 4120000010,
		"albumId": 4120,
		"albumName": "哥林多前书(八)",
		"albumtitle": "哥林多前书(八)(10)"
	},
	{
		"duration": 1650,
		"size": "5M",
		"path": "http://media.haomuren.org/Message/BibleTeaching/2015ICo08-11.mp3",
		"id": 4120000011,
		"albumId": 4120,
		"albumName": "哥林多前书(八)",
		"albumtitle": "哥林多前书(八)(11)"
	},
	{
		"duration": 1650,
		"size": "5M",
		"path": "http://media.haomuren.org/Message/BibleTeaching/2015ICo08-12.mp3",
		"id": 4120000012,
		"albumId": 4120,
		"albumName": "哥林多前书(八)",
		"albumtitle": "哥林多前书(八)(12)"
	}
]