[
	{
		"duration": 1650,
		"size": "5M",
		"path": "http://media.haomuren.org/message/bibleteaching/2012MT02-01.mp3",
		"id": 4060000001,
		"albumId": 4060,
		"albumName": "马太福音系列(二)",
		"albumtitle": "马太福音系列(二)(1)"
	},
	{
		"duration": 1650,
		"size": "5M",
		"path": "http://media.haomuren.org/message/bibleteaching/2012MT02-02.mp3",
		"id": 4060000002,
		"albumId": 4060,
		"albumName": "马太福音系列(二)",
		"albumtitle": "马太福音系列(二)(2)"
	},
	{
		"duration": 1650,
		"size": "5M",
		"path": "http://media.haomuren.org/message/bibleteaching/2012MT02-03.mp3",
		"id": 4060000003,
		"albumId": 4060,
		"albumName": "马太福音系列(二)",
		"albumtitle": "马太福音系列(二)(3)"
	},
	{
		"duration": 1650,
		"size": "5M",
		"path": "http://media.haomuren.org/message/bibleteaching/2012MT02-04.mp3",
		"id": 4060000004,
		"albumId": 4060,
		"albumName": "马太福音系列(二)",
		"albumtitle": "马太福音系列(二)(4)"
	},
	{
		"duration": 1650,
		"size": "5M",
		"path": "http://media.haomuren.org/message/bibleteaching/2012MT02-05.mp3",
		"id": 4060000005,
		"albumId": 4060,
		"albumName": "马太福音系列(二)",
		"albumtitle": "马太福音系列(二)(5)"
	},
	{
		"duration": 1650,
		"size": "5M",
		"path": "http://media.haomuren.org/message/bibleteaching/2012MT02-06.mp3",
		"id": 4060000006,
		"albumId": 4060,
		"albumName": "马太福音系列(二)",
		"albumtitle": "马太福音系列(二)(6)"
	},
	{
		"duration": 1650,
		"size": "5M",
		"path": "http://media.haomuren.org/message/bibleteaching/2012MT02-07.mp3",
		"id": 4060000007,
		"albumId": 4060,
		"albumName": "马太福音系列(二)",
		"albumtitle": "马太福音系列(二)(7)"
	},
	{
		"duration": 1650,
		"size": "5M",
		"path": "http://media.haomuren.org/message/bibleteaching/2012MT02-08.mp3",
		"id": 4060000008,
		"albumId": 4060,
		"albumName": "马太福音系列(二)",
		"albumtitle": "马太福音系列(二)(8)"
	},
	{
		"duration": 1650,
		"size": "5M",
		"path": "http://media.haomuren.org/message/bibleteaching/2012MT02-09.mp3",
		"id": 4060000009,
		"albumId": 4060,
		"albumName": "马太福音系列(二)",
		"albumtitle": "马太福音系列(二)(9)"
	},
	{
		"duration": 1650,
		"size": "5M",
		"path": "http://media.haomuren.org/message/bibleteaching/2012MT02-10.mp3",
		"id": 4060000010,
		"albumId": 4060,
		"albumName": "马太福音系列(二)",
		"albumtitle": "马太福音系列(二)(10)"
	},
	{
		"duration": 1650,
		"size": "5M",
		"path": "http://media.haomuren.org/message/bibleteaching/2012MT02-11.mp3",
		"id": 4060000011,
		"albumId": 4060,
		"albumName": "马太福音系列(二)",
		"albumtitle": "马太福音系列(二)(11)"
	},
	{
		"duration": 1650,
		"size": "5M",
		"path": "http://media.haomuren.org/message/bibleteaching/2012MT02-12.mp3",
		"id": 4060000012,
		"albumId": 4060,
		"albumName": "马太福音系列(二)",
		"albumtitle": "马太福音系列(二)(12)"
	}
]