[
	{
		"duration": 1650,
		"size": "5M",
		"path": "http://media.haomuren.org/Message/BibleTeaching/2014Eph04-01.mp3",
		"id": 4130000001,
		"albumId": 4130,
		"albumName": "以弗所书(四)",
		"albumtitle": "以弗所书(四)(1)"
	},
	{
		"duration": 1650,
		"size": "5M",
		"path": "http://media.haomuren.org/Message/BibleTeaching/2014Eph04-02.mp3",
		"id": 4130000002,
		"albumId": 4130,
		"albumName": "以弗所书(四)",
		"albumtitle": "以弗所书(四)(2)"
	},
	{
		"duration": 1650,
		"size": "5M",
		"path": "http://media.haomuren.org/Message/BibleTeaching/2014Eph04-03.mp3",
		"id": 4130000003,
		"albumId": 4130,
		"albumName": "以弗所书(四)",
		"albumtitle": "以弗所书(四)(3)"
	},
	{
		"duration": 1650,
		"size": "5M",
		"path": "http://media.haomuren.org/Message/BibleTeaching/2014Eph04-04.mp3",
		"id": 4130000004,
		"albumId": 4130,
		"albumName": "以弗所书(四)",
		"albumtitle": "以弗所书(四)(4)"
	},
	{
		"duration": 1650,
		"size": "5M",
		"path": "http://media.haomuren.org/Message/BibleTeaching/2014Eph04-05.mp3",
		"id": 4130000005,
		"albumId": 4130,
		"albumName": "以弗所书(四)",
		"albumtitle": "以弗所书(四)(5)"
	},
	{
		"duration": 1650,
		"size": "5M",
		"path": "http://media.haomuren.org/Message/BibleTeaching/2014Eph04-06.mp3",
		"id": 4130000006,
		"albumId": 4130,
		"albumName": "以弗所书(四)",
		"albumtitle": "以弗所书(四)(6)"
	},
	{
		"duration": 1650,
		"size": "5M",
		"path": "http://media.haomuren.org/Message/BibleTeaching/2014Eph04-07.mp3",
		"id": 4130000007,
		"albumId": 4130,
		"albumName": "以弗所书(四)",
		"albumtitle": "以弗所书(四)(7)"
	},
	{
		"duration": 1650,
		"size": "5M",
		"path": "http://media.haomuren.org/Message/BibleTeaching/2014Eph04-08.mp3",
		"id": 4130000008,
		"albumId": 4130,
		"albumName": "以弗所书(四)",
		"albumtitle": "以弗所书(四)(8)"
	},
	{
		"duration": 1650,
		"size": "5M",
		"path": "http://media.haomuren.org/Message/BibleTeaching/2014Eph04-09.mp3",
		"id": 4130000009,
		"albumId": 4130,
		"albumName": "以弗所书(四)",
		"albumtitle": "以弗所书(四)(9)"
	},
	{
		"duration": 1650,
		"size": "5M",
		"path": "http://media.haomuren.org/Message/BibleTeaching/2014Eph04-10.mp3",
		"id": 4130000010,
		"albumId": 4130,
		"albumName": "以弗所书(四)",
		"albumtitle": "以弗所书(四)(10)"
	},
	{
		"duration": 1650,
		"size": "5M",
		"path": "http://media.haomuren.org/Message/BibleTeaching/2014Eph04-11.mp3",
		"id": 4130000011,
		"albumId": 4130,
		"albumName": "以弗所书(四)",
		"albumtitle": "以弗所书(四)(11)"
	},
	{
		"duration": 1650,
		"size": "5M",
		"path": "http://media.haomuren.org/Message/BibleTeaching/2014Eph04-12.mp3",
		"id": 4130000012,
		"albumId": 4130,
		"albumName": "以弗所书(四)",
		"albumtitle": "以弗所书(四)(12)"
	}
]