[{
	"duration": 1650,
	"size": "5M",
	"path": "http://media.haomuren.org/Message/BibleTeaching/090721P2Co01-01.mp3",
	"id": 4123000001,
	"albumId": 4123,
	"albumName": "哥林多后书系列",
	"albumtitle": "哥林多后书系列(1)"
},
	{
		"duration": 1650,
		"size": "5M",
		"path": "http://media.haomuren.org/Message/BibleTeaching/090725P2Co01-02.mp3",
		"id": 4123000002,
		"albumId": 4123,
		"albumName": "哥林多后书系列",
		"albumtitle": "哥林多后书系列(2)"
	},
	{
		"duration": 1650,
		"size": "5M",
		"path": "http://media.haomuren.org/Message/BibleTeaching/090729P2Co01-03.mp3",
		"id": 4123000003,
		"albumId": 4123,
		"albumName": "哥林多后书系列",
		"albumtitle": "哥林多后书系列(3)"
	},
	{
		"duration": 1650,
		"size": "5M",
		"path": "http://media.haomuren.org/Message/BibleTeaching/090802P2Co01-04.mp3",
		"id": 4123000004,
		"albumId": 4123,
		"albumName": "哥林多后书系列",
		"albumtitle": "哥林多后书系列(4)"
	},
	{
		"duration": 1650,
		"size": "5M",
		"path": "http://media.haomuren.org/Message/BibleTeaching/090806P2Co01-05.mp3",
		"id": 4123000005,
		"albumId": 4123,
		"albumName": "哥林多后书系列",
		"albumtitle": "哥林多后书系列(5)"
	},
	{
		"duration": 1650,
		"size": "5M",
		"path": "http://media.haomuren.org/Message/BibleTeaching/090810P2Co01-06.mp3",
		"id": 4123000006,
		"albumId": 4123,
		"albumName": "哥林多后书系列",
		"albumtitle": "哥林多后书系列(6)"
	},
	{
		"duration": 1650,
		"size": "5M",
		"path": "http://media.haomuren.org/Message/BibleTeaching/090814P2Co01-07.mp3",
		"id": 4123000007,
		"albumId": 4123,
		"albumName": "哥林多后书系列",
		"albumtitle": "哥林多后书系列(7)"
	},
	{
		"duration": 1650,
		"size": "5M",
		"path": "http://media.haomuren.org/Message/BibleTeaching/090818P2Co01-08.mp3",
		"id": 4123000008,
		"albumId": 4123,
		"albumName": "哥林多后书系列",
		"albumtitle": "哥林多后书系列(8)"
	},
	{
		"duration": 1650,
		"size": "5M",
		"path": "http://media.haomuren.org/Message/BibleTeaching/090822P2Co01-09.mp3",
		"id": 4123000009,
		"albumId": 4123,
		"albumName": "哥林多后书系列",
		"albumtitle": "哥林多后书系列(9)"
	}
]