[
	{
		"duration": 1650,
		"size": "5M",
		"path": "http://media.haomuren.org/Message/BibleTeaching/2016JsLf08-01.mp3",
		"id": 4099000001,
		"albumId": 4099,
		"albumName": "耶稣生平(八)",
		"albumtitle": "耶稣生平(八)(1)"
	},
	{
		"duration": 1650,
		"size": "5M",
		"path": "http://media.haomuren.org/Message/BibleTeaching/2016JsLf08-02.mp3",
		"id": 4099000002,
		"albumId": 4099,
		"albumName": "耶稣生平(八)",
		"albumtitle": "耶稣生平(八)(2)"
	},
	{
		"duration": 1650,
		"size": "5M",
		"path": "http://media.haomuren.org/Message/BibleTeaching/2016JsLf08-03.mp3",
		"id": 4099000003,
		"albumId": 4099,
		"albumName": "耶稣生平(八)",
		"albumtitle": "耶稣生平(八)(3)"
	},
	{
		"duration": 1650,
		"size": "5M",
		"path": "http://media.haomuren.org/Message/BibleTeaching/2016JsLf08-04.mp3",
		"id": 4099000004,
		"albumId": 4099,
		"albumName": "耶稣生平(八)",
		"albumtitle": "耶稣生平(八)(4)"
	},
	{
		"duration": 1650,
		"size": "5M",
		"path": "http://media.haomuren.org/Message/BibleTeaching/2016JsLf08-05.mp3",
		"id": 4099000005,
		"albumId": 4099,
		"albumName": "耶稣生平(八)",
		"albumtitle": "耶稣生平(八)(5)"
	},
	{
		"duration": 1650,
		"size": "5M",
		"path": "http://media.haomuren.org/Message/BibleTeaching/2016JsLf08-06.mp3",
		"id": 4099000006,
		"albumId": 4099,
		"albumName": "耶稣生平(八)",
		"albumtitle": "耶稣生平(八)(6)"
	},
	{
		"duration": 1650,
		"size": "5M",
		"path": "http://media.haomuren.org/Message/BibleTeaching/2016JsLf08-07.mp3",
		"id": 4099000007,
		"albumId": 4099,
		"albumName": "耶稣生平(八)",
		"albumtitle": "耶稣生平(八)(7)"
	},
	{
		"duration": 1650,
		"size": "5M",
		"path": "http://media.haomuren.org/Message/BibleTeaching/2016JsLf08-08.mp3",
		"id": 4099000008,
		"albumId": 4099,
		"albumName": "耶稣生平(八)",
		"albumtitle": "耶稣生平(八)(8)"
	},
	{
		"duration": 1650,
		"size": "5M",
		"path": "http://media.haomuren.org/Message/BibleTeaching/2016JsLf08-09.mp3",
		"id": 4099000009,
		"albumId": 4099,
		"albumName": "耶稣生平(八)",
		"albumtitle": "耶稣生平(八)(9)"
	},
	{
		"duration": 1650,
		"size": "5M",
		"path": "http://media.haomuren.org/Message/BibleTeaching/2016JsLf08-10.mp3",
		"id": 4099000010,
		"albumId": 4099,
		"albumName": "耶稣生平(八)",
		"albumtitle": "耶稣生平(八)(10)"
	},
	{
		"duration": 1650,
		"size": "5M",
		"path": "http://media.haomuren.org/Message/BibleTeaching/2016JsLf08-11.mp3",
		"id": 4099000011,
		"albumId": 4099,
		"albumName": "耶稣生平(八)",
		"albumtitle": "耶稣生平(八)(11)"
	},
	{
		"duration": 1650,
		"size": "5M",
		"path": "http://media.haomuren.org/Message/BibleTeaching/2016JsLf08-12.mp3",
		"id": 4099000012,
		"albumId": 4099,
		"albumName": "耶稣生平(八)",
		"albumtitle": "耶稣生平(八)(12)"
	}
]