[
	{
		"duration": 1650,
		"size": "5M",
		"path": "http://media.haomuren.org/Message/BibleTeaching/2012Pr02-01.mp3",
		"id": 4022000001,
		"albumId": 4022,
		"albumName": "箴言系列(二)",
		"albumtitle": "箴言系列(二)(1)"
	},
	{
		"duration": 1650,
		"size": "5M",
		"path": "http://media.haomuren.org/Message/BibleTeaching/2012Pr02-02.mp3",
		"id": 4022000002,
		"albumId": 4022,
		"albumName": "箴言系列(二)",
		"albumtitle": "箴言系列(二)(2)"
	},
	{
		"duration": 1650,
		"size": "5M",
		"path": "http://media.haomuren.org/Message/BibleTeaching/2012Pr02-03.mp3",
		"id": 4022000003,
		"albumId": 4022,
		"albumName": "箴言系列(二)",
		"albumtitle": "箴言系列(二)(3)"
	},
	{
		"duration": 1650,
		"size": "5M",
		"path": "http://media.haomuren.org/Message/BibleTeaching/2012Pr02-04.mp3",
		"id": 4022000004,
		"albumId": 4022,
		"albumName": "箴言系列(二)",
		"albumtitle": "箴言系列(二)(4)"
	},
	{
		"duration": 1650,
		"size": "5M",
		"path": "http://media.haomuren.org/Message/BibleTeaching/2012Pr02-05.mp3",
		"id": 4022000005,
		"albumId": 4022,
		"albumName": "箴言系列(二)",
		"albumtitle": "箴言系列(二)(5)"
	},
	{
		"duration": 1650,
		"size": "5M",
		"path": "http://media.haomuren.org/Message/BibleTeaching/2012Pr02-06.mp3",
		"id": 4022000006,
		"albumId": 4022,
		"albumName": "箴言系列(二)",
		"albumtitle": "箴言系列(二)(6)"
	},
	{
		"duration": 1650,
		"size": "5M",
		"path": "http://media.haomuren.org/Message/BibleTeaching/2012Pr02-07.mp3",
		"id": 4022000007,
		"albumId": 4022,
		"albumName": "箴言系列(二)",
		"albumtitle": "箴言系列(二)(7)"
	},
	{
		"duration": 1650,
		"size": "5M",
		"path": "http://media.haomuren.org/Message/BibleTeaching/2012Pr02-08.mp3",
		"id": 4022000008,
		"albumId": 4022,
		"albumName": "箴言系列(二)",
		"albumtitle": "箴言系列(二)(8)"
	},
	{
		"duration": 1650,
		"size": "5M",
		"path": "http://media.haomuren.org/Message/BibleTeaching/2012Pr02-09.mp3",
		"id": 4022000009,
		"albumId": 4022,
		"albumName": "箴言系列(二)",
		"albumtitle": "箴言系列(二)(9)"
	},
	{
		"duration": 1650,
		"size": "5M",
		"path": "http://media.haomuren.org/Message/BibleTeaching/2012Pr02-10.mp3",
		"id": 4022000010,
		"albumId": 4022,
		"albumName": "箴言系列(二)",
		"albumtitle": "箴言系列(二)(10)"
	},
	{
		"duration": 1650,
		"size": "5M",
		"path": "http://media.haomuren.org/Message/BibleTeaching/2012Pr02-11.mp3",
		"id": 4022000011,
		"albumId": 4022,
		"albumName": "箴言系列(二)",
		"albumtitle": "箴言系列(二)(11)"
	},
	{
		"duration": 1650,
		"size": "5M",
		"path": "http://media.haomuren.org/Message/BibleTeaching/2012Pr02-12.mp3",
		"id": 4022000012,
		"albumId": 4022,
		"albumName": "箴言系列(二)",
		"albumtitle": "箴言系列(二)(12)"
	}
]