[{
	"duration": 1650,
	"size": "5M",
	"path": "http://media.haomuren.org/Message/BibleTeaching/080302PIsa3-01.mp3",
	"id": 4031000001,
	"albumId": 4031,
	"albumName": "以赛亚书系列(三)",
	"albumtitle": "以赛亚书系列(三)(1)"
},
	{
		"duration": 1650,
		"size": "5M",
		"path": "http://media.haomuren.org/Message/BibleTeaching/080304PIsa3-02.mp3",
		"id": 4031000002,
		"albumId": 4031,
		"albumName": "以赛亚书系列(三)",
		"albumtitle": "以赛亚书系列(三)(2)"
	},
	{
		"duration": 1650,
		"size": "5M",
		"path": "http://media.haomuren.org/Message/BibleTeaching/080306PIsa3-03.mp3",
		"id": 4031000003,
		"albumId": 4031,
		"albumName": "以赛亚书系列(三)",
		"albumtitle": "以赛亚书系列(三)(3)"
	},
	{
		"duration": 1650,
		"size": "5M",
		"path": "http://media.haomuren.org/Message/BibleTeaching/080308PIsa3-04.mp3",
		"id": 4031000004,
		"albumId": 4031,
		"albumName": "以赛亚书系列(三)",
		"albumtitle": "以赛亚书系列(三)(4)"
	},
	{
		"duration": 1650,
		"size": "5M",
		"path": "http://media.haomuren.org/Message/BibleTeaching/080310PIsa3-05.mp3",
		"id": 4031000005,
		"albumId": 4031,
		"albumName": "以赛亚书系列(三)",
		"albumtitle": "以赛亚书系列(三)(5)"
	},
	{
		"duration": 1650,
		"size": "5M",
		"path": "http://media.haomuren.org/Message/BibleTeaching/080312PIsa3-06.mp3",
		"id": 4031000006,
		"albumId": 4031,
		"albumName": "以赛亚书系列(三)",
		"albumtitle": "以赛亚书系列(三)(6)"
	},
	{
		"duration": 1650,
		"size": "5M",
		"path": "http://media.haomuren.org/Message/BibleTeaching/080314PIsa3-07.mp3",
		"id": 4031000007,
		"albumId": 4031,
		"albumName": "以赛亚书系列(三)",
		"albumtitle": "以赛亚书系列(三)(7)"
	},
	{
		"duration": 1650,
		"size": "5M",
		"path": "http://media.haomuren.org/Message/BibleTeaching/080316PIsa3-08.mp3",
		"id": 4031000008,
		"albumId": 4031,
		"albumName": "以赛亚书系列(三)",
		"albumtitle": "以赛亚书系列(三)(8)"
	},
	{
		"duration": 1650,
		"size": "5M",
		"path": "http://media.haomuren.org/Message/BibleTeaching/080318PIsa3-09.mp3",
		"id": 4031000009,
		"albumId": 4031,
		"albumName": "以赛亚书系列(三)",
		"albumtitle": "以赛亚书系列(三)(9)"
	},
	{
		"duration": 1650,
		"size": "5M",
		"path": "http://media.haomuren.org/Message/BibleTeaching/080320PIsa3-10.mp3",
		"id": 4031000010,
		"albumId": 4031,
		"albumName": "以赛亚书系列(三)",
		"albumtitle": "以赛亚书系列(三)(10)"
	},
	{
		"duration": 1650,
		"size": "5M",
		"path": "http://media.haomuren.org/Message/BibleTeaching/080322PIsa3-11.mp3",
		"id": 4031000011,
		"albumId": 4031,
		"albumName": "以赛亚书系列(三)",
		"albumtitle": "以赛亚书系列(三)(11)"
	},
	{
		"duration": 1650,
		"size": "5M",
		"path": "http://media.haomuren.org/Message/BibleTeaching/080324PIsa3-12.mp3",
		"id": 4031000012,
		"albumId": 4031,
		"albumName": "以赛亚书系列(三)",
		"albumtitle": "以赛亚书系列(三)(12)"
	},
	{
		"duration": 1650,
		"size": "5M",
		"path": "http://media.haomuren.org/Message/BibleTeaching/080326PIsa3-13.mp3",
		"id": 4031000013,
		"albumId": 4031,
		"albumName": "以赛亚书系列(三)",
		"albumtitle": "以赛亚书系列(三)(13)"
	},
	{
		"duration": 1650,
		"size": "5M",
		"path": "http://media.haomuren.org/Message/BibleTeaching/080328PIsa3-14.mp3",
		"id": 4031000014,
		"albumId": 4031,
		"albumName": "以赛亚书系列(三)",
		"albumtitle": "以赛亚书系列(三)(14)"
	},
	{
		"duration": 1650,
		"size": "5M",
		"path": "http://media.haomuren.org/Message/BibleTeaching/080330PIsa3-15.mp3",
		"id": 4031000015,
		"albumId": 4031,
		"albumName": "以赛亚书系列(三)",
		"albumtitle": "以赛亚书系列(三)(15)"
	},
	{
		"duration": 1650,
		"size": "5M",
		"path": "http://media.haomuren.org/Message/BibleTeaching/080401PIsa3-16.mp3",
		"id": 4031000016,
		"albumId": 4031,
		"albumName": "以赛亚书系列(三)",
		"albumtitle": "以赛亚书系列(三)(16)"
	},
	{
		"duration": 1650,
		"size": "5M",
		"path": "http://media.haomuren.org/Message/BibleTeaching/080403PIsa3-17.mp3",
		"id": 4031000017,
		"albumId": 4031,
		"albumName": "以赛亚书系列(三)",
		"albumtitle": "以赛亚书系列(三)(17)"
	},
	{
		"duration": 1650,
		"size": "5M",
		"path": "http://media.haomuren.org/Message/BibleTeaching/080405PIsa3-18.mp3",
		"id": 4031000018,
		"albumId": 4031,
		"albumName": "以赛亚书系列(三)",
		"albumtitle": "以赛亚书系列(三)(18)"
	},
	{
		"duration": 1650,
		"size": "5M",
		"path": "http://media.haomuren.org/Message/BibleTeaching/080407PIsa3-19.mp3",
		"id": 4031000019,
		"albumId": 4031,
		"albumName": "以赛亚书系列(三)",
		"albumtitle": "以赛亚书系列(三)(19)"
	},
	{
		"duration": 1650,
		"size": "5M",
		"path": "http://media.haomuren.org/Message/BibleTeaching/080409PIsa3-20.mp3",
		"id": 4031000020,
		"albumId": 4031,
		"albumName": "以赛亚书系列(三)",
		"albumtitle": "以赛亚书系列(三)(20)"
	},
	{
		"duration": 1650,
		"size": "5M",
		"path": "http://media.haomuren.org/Message/BibleTeaching/080411PIsa3-21.mp3",
		"id": 4031000021,
		"albumId": 4031,
		"albumName": "以赛亚书系列(三)",
		"albumtitle": "以赛亚书系列(三)(21)"
	},
	{
		"duration": 1650,
		"size": "5M",
		"path": "http://media.haomuren.org/Message/BibleTeaching/080413PIsa3-22.mp3",
		"id": 4031000022,
		"albumId": 4031,
		"albumName": "以赛亚书系列(三)",
		"albumtitle": "以赛亚书系列(三)(22)"
	},
	{
		"duration": 1650,
		"size": "5M",
		"path": "http://media.haomuren.org/Message/BibleTeaching/080415PIsa3-23.mp3",
		"id": 4031000023,
		"albumId": 4031,
		"albumName": "以赛亚书系列(三)",
		"albumtitle": "以赛亚书系列(三)(23)"
	},
	{
		"duration": 1650,
		"size": "5M",
		"path": "http://media.haomuren.org/Message/BibleTeaching/080417PIsa3-24.mp3",
		"id": 4031000024,
		"albumId": 4031,
		"albumName": "以赛亚书系列(三)",
		"albumtitle": "以赛亚书系列(三)(24)"
	}
]