[
	{
		"duration": 1650,
		"size": "5M",
		"path": "http://media.haomuren.org/Message/BibleTeaching/2016JsLf05-01.mp3",
		"id": 4096000001,
		"albumId": 4096,
		"albumName": "耶稣生平(五)",
		"albumtitle": "耶稣生平(五)(1)"
	},
	{
		"duration": 1650,
		"size": "5M",
		"path": "http://media.haomuren.org/Message/BibleTeaching/2016JsLf05-02.mp3",
		"id": 4096000002,
		"albumId": 4096,
		"albumName": "耶稣生平(五)",
		"albumtitle": "耶稣生平(五)(2)"
	},
	{
		"duration": 1650,
		"size": "5M",
		"path": "http://media.haomuren.org/Message/BibleTeaching/2016JsLf05-03.mp3",
		"id": 4096000003,
		"albumId": 4096,
		"albumName": "耶稣生平(五)",
		"albumtitle": "耶稣生平(五)(3)"
	},
	{
		"duration": 1650,
		"size": "5M",
		"path": "http://media.haomuren.org/Message/BibleTeaching/2016JsLf05-04.mp3",
		"id": 4096000004,
		"albumId": 4096,
		"albumName": "耶稣生平(五)",
		"albumtitle": "耶稣生平(五)(4)"
	},
	{
		"duration": 1650,
		"size": "5M",
		"path": "http://media.haomuren.org/Message/BibleTeaching/2016JsLf05-05.mp3",
		"id": 4096000005,
		"albumId": 4096,
		"albumName": "耶稣生平(五)",
		"albumtitle": "耶稣生平(五)(5)"
	},
	{
		"duration": 1650,
		"size": "5M",
		"path": "http://media.haomuren.org/Message/BibleTeaching/2016JsLf05-06.mp3",
		"id": 4096000006,
		"albumId": 4096,
		"albumName": "耶稣生平(五)",
		"albumtitle": "耶稣生平(五)(6)"
	},
	{
		"duration": 1650,
		"size": "5M",
		"path": "http://media.haomuren.org/Message/BibleTeaching/2016JsLf05-07.mp3",
		"id": 4096000007,
		"albumId": 4096,
		"albumName": "耶稣生平(五)",
		"albumtitle": "耶稣生平(五)(7)"
	},
	{
		"duration": 1650,
		"size": "5M",
		"path": "http://media.haomuren.org/Message/BibleTeaching/2016JsLf05-08.mp3",
		"id": 4096000008,
		"albumId": 4096,
		"albumName": "耶稣生平(五)",
		"albumtitle": "耶稣生平(五)(8)"
	},
	{
		"duration": 1650,
		"size": "5M",
		"path": "http://media.haomuren.org/Message/BibleTeaching/2016JsLf05-09.mp3",
		"id": 4096000009,
		"albumId": 4096,
		"albumName": "耶稣生平(五)",
		"albumtitle": "耶稣生平(五)(9)"
	},
	{
		"duration": 1650,
		"size": "5M",
		"path": "http://media.haomuren.org/Message/BibleTeaching/2016JsLf05-10.mp3",
		"id": 4096000010,
		"albumId": 4096,
		"albumName": "耶稣生平(五)",
		"albumtitle": "耶稣生平(五)(10)"
	},
	{
		"duration": 1650,
		"size": "5M",
		"path": "http://media.haomuren.org/Message/BibleTeaching/2016JsLf05-11.mp3",
		"id": 4096000011,
		"albumId": 4096,
		"albumName": "耶稣生平(五)",
		"albumtitle": "耶稣生平(五)(11)"
	},
	{
		"duration": 1650,
		"size": "5M",
		"path": "http://media.haomuren.org/Message/BibleTeaching/2016JsLf05-12.mp3",
		"id": 4096000012,
		"albumId": 4096,
		"albumName": "耶稣生平(五)",
		"albumtitle": "耶稣生平(五)(12)"
	}
]