[
	{
		"duration": 1650,
		"size": "5M",
		"path": "http://www.w4j.org/m/HaoMuRen/Upload/NewsAttach/061206PL.mp3",
		"id": 4106000001,
		"albumId": 4106,
		"albumName": "罗马书系列",
		"albumtitle": "罗马书系列(1)"
	},
	{
		"duration": 1650,
		"size": "5M",
		"path": "http://www.w4j.org/m/HaoMuRen/Upload/NewsAttach/061207PL.mp3",
		"id": 4106000002,
		"albumId": 4106,
		"albumName": "罗马书系列",
		"albumtitle": "罗马书系列(2)"
	},
	{
		"duration": 1650,
		"size": "5M",
		"path": "http://www.w4j.org/m/HaoMuRen/Upload/NewsAttach/061208PL.mp3",
		"id": 4106000003,
		"albumId": 4106,
		"albumName": "罗马书系列",
		"albumtitle": "罗马书系列(3)"
	},
	{
		"duration": 1650,
		"size": "5M",
		"path": "http://www.w4j.org/m/HaoMuRen/Upload/NewsAttach/061209PL.mp3",
		"id": 4106000004,
		"albumId": 4106,
		"albumName": "罗马书系列",
		"albumtitle": "罗马书系列(4)"
	},
	{
		"duration": 1650,
		"size": "5M",
		"path": "http://www.w4j.org/m/HaoMuRen/Upload/NewsAttach/061210PL.mp3",
		"id": 4106000005,
		"albumId": 4106,
		"albumName": "罗马书系列",
		"albumtitle": "罗马书系列(5)"
	},
	{
		"duration": 1650,
		"size": "5M",
		"path": "http://www.w4j.org/m/HaoMuRen/Upload/NewsAttach/061211PL.mp3",
		"id": 4106000006,
		"albumId": 4106,
		"albumName": "罗马书系列",
		"albumtitle": "罗马书系列(6)"
	},
	{
		"duration": 1650,
		"size": "5M",
		"path": "http://www.w4j.org/m/HaoMuRen/Upload/NewsAttach/061212PL.mp3",
		"id": 4106000007,
		"albumId": 4106,
		"albumName": "罗马书系列",
		"albumtitle": "罗马书系列(7)"
	},
	{
		"duration": 1650,
		"size": "5M",
		"path": "http://www.w4j.org/m/HaoMuRen/Upload/NewsAttach/061213PL.mp3",
		"id": 4106000008,
		"albumId": 4106,
		"albumName": "罗马书系列",
		"albumtitle": "罗马书系列(8)"
	},
	{
		"duration": 1650,
		"size": "5M",
		"path": "http://www.w4j.org/m/HaoMuRen/Upload/NewsAttach/061214PL.mp3",
		"id": 4106000009,
		"albumId": 4106,
		"albumName": "罗马书系列",
		"albumtitle": "罗马书系列(9)"
	},
	{
		"duration": 1650,
		"size": "5M",
		"path": "http://www.w4j.org/m/HaoMuRen/Upload/NewsAttach/061215PL.mp3",
		"id": 4106000010,
		"albumId": 4106,
		"albumName": "罗马书系列",
		"albumtitle": "罗马书系列(10)"
	},
	{
		"duration": 1650,
		"size": "5M",
		"path": "http://www.w4j.org/m/HaoMuRen/Upload/NewsAttach/061216PL.mp3",
		"id": 4106000011,
		"albumId": 4106,
		"albumName": "罗马书系列",
		"albumtitle": "罗马书系列(11)"
	},
	{
		"duration": 1650,
		"size": "5M",
		"path": "http://www.w4j.org/m/HaoMuRen/Upload/NewsAttach/061217PL.mp3",
		"id": 4106000012,
		"albumId": 4106,
		"albumName": "罗马书系列",
		"albumtitle": "罗马书系列(12)"
	}
]