[{
  "duration": 1650,
  "size": "5M",
  "path": "http://www.w4j.org/m/HaoMuRen/Upload/NewsAttach/060818PL.mp3",
  "id": 4151000001,
  "albumId": 4151,
  "albumName": "灵命塑造系列",
  "albumtitle": "灵命塑造系列(1)"
},
  {
    "duration": 1650,
    "size": "5M",
    "path": "http://www.w4j.org/m/HaoMuRen/Upload/NewsAttach/060819PL.mp3",
    "id": 4151000002,
    "albumId": 4151,
    "albumName": "灵命塑造系列",
    "albumtitle": "灵命塑造系列(2)"
  },
  {
    "duration": 1650,
    "size": "5M",
    "path": "http://www.w4j.org/m/HaoMuRen/Upload/NewsAttach/060820PL.mp3",
    "id": 4151000003,
    "albumId": 4151,
    "albumName": "灵命塑造系列",
    "albumtitle": "灵命塑造系列(3)"
  },
  {
    "duration": 1650,
    "size": "5M",
    "path": "http://www.w4j.org/m/HaoMuRen/Upload/NewsAttach/060821PL.mp3",
    "id": 4151000004,
    "albumId": 4151,
    "albumName": "灵命塑造系列",
    "albumtitle": "灵命塑造系列(4)"
  },
  {
    "duration": 1650,
    "size": "5M",
    "path": "http://www.w4j.org/m/HaoMuRen/Upload/NewsAttach/060822PL.mp3",
    "id": 4151000005,
    "albumId": 4151,
    "albumName": "灵命塑造系列",
    "albumtitle": "灵命塑造系列(5)"
  },
  {
    "duration": 1650,
    "size": "5M",
    "path": "http://www.w4j.org/m/HaoMuRen/Upload/NewsAttach/060823PL.mp3",
    "id": 4151000006,
    "albumId": 4151,
    "albumName": "灵命塑造系列",
    "albumtitle": "灵命塑造系列(6)"
  },
  {
    "duration": 1650,
    "size": "5M",
    "path": "http://www.w4j.org/m/HaoMuRen/Upload/NewsAttach/060824PL.mp3",
    "id": 4151000007,
    "albumId": 4151,
    "albumName": "灵命塑造系列",
    "albumtitle": "灵命塑造系列(7)"
  },
  {
    "duration": 1650,
    "size": "5M",
    "path": "http://www.w4j.org/m/HaoMuRen/Upload/NewsAttach/060825PL.mp3",
    "id": 4151000008,
    "albumId": 4151,
    "albumName": "灵命塑造系列",
    "albumtitle": "灵命塑造系列(8)"
  },
  {
    "duration": 1650,
    "size": "5M",
    "path": "http://www.w4j.org/m/HaoMuRen/Upload/NewsAttach/060826PL.mp3",
    "id": 4151000009,
    "albumId": 4151,
    "albumName": "灵命塑造系列",
    "albumtitle": "灵命塑造系列(9)"
  },
  {
    "duration": 1650,
    "size": "5M",
    "path": "http://www.w4j.org/m/HaoMuRen/Upload/NewsAttach/060827PL.mp3",
    "id": 4151000010,
    "albumId": 4151,
    "albumName": "灵命塑造系列",
    "albumtitle": "灵命塑造系列(10)"
  },
  {
    "duration": 1650,
    "size": "5M",
    "path": "http://www.w4j.org/m/HaoMuRen/Upload/NewsAttach/060828PL.mp3",
    "id": 4151000011,
    "albumId": 4151,
    "albumName": "灵命塑造系列",
    "albumtitle": "灵命塑造系列(11)"
  },
  {
    "duration": 1650,
    "size": "5M",
    "path": "http://www.w4j.org/m/HaoMuRen/Upload/NewsAttach/060829PL.mp3",
    "id": 4151000012,
    "albumId": 4151,
    "albumName": "灵命塑造系列",
    "albumtitle": "灵命塑造系列(12)"
  },
  {
    "duration": 1650,
    "size": "5M",
    "path": "http://www.w4j.org/m/HaoMuRen/Upload/NewsAttach/060830PL.mp3",
    "id": 4151000013,
    "albumId": 4151,
    "albumName": "灵命塑造系列",
    "albumtitle": "灵命塑造系列(13)"
  },
  {
    "duration": 1650,
    "size": "5M",
    "path": "http://www.w4j.org/m/HaoMuRen/Upload/NewsAttach/060831PL.mp3",
    "id": 4151000014,
    "albumId": 4151,
    "albumName": "灵命塑造系列",
    "albumtitle": "灵命塑造系列(14)"
  },
  {
    "duration": 1650,
    "size": "5M",
    "path": "http://www.w4j.org/m/HaoMuRen/Upload/NewsAttach/060901PL.mp3",
    "id": 4151000015,
    "albumId": 4151,
    "albumName": "灵命塑造系列",
    "albumtitle": "灵命塑造系列(15)"
  }
]