[
	{
		"duration": 1650,
		"size": "5M",
		"path": "http://media.haomuren.org/Message/BibleTeaching/2014Luke06-01.mp3",
		"id": 4076000001,
		"albumId": 4076,
		"albumName": "路加福音系列(六)",
		"albumtitle": "路加福音系列(六)(1)"
	},
	{
		"duration": 1650,
		"size": "5M",
		"path": "http://media.haomuren.org/Message/BibleTeaching/2014Luke06-02.mp3",
		"id": 4076000002,
		"albumId": 4076,
		"albumName": "路加福音系列(六)",
		"albumtitle": "路加福音系列(六)(2)"
	},
	{
		"duration": 1650,
		"size": "5M",
		"path": "http://media.haomuren.org/Message/BibleTeaching/2014Luke06-03.mp3",
		"id": 4076000003,
		"albumId": 4076,
		"albumName": "路加福音系列(六)",
		"albumtitle": "路加福音系列(六)(3)"
	},
	{
		"duration": 1650,
		"size": "5M",
		"path": "http://media.haomuren.org/Message/BibleTeaching/2014Luke06-04.mp3",
		"id": 4076000004,
		"albumId": 4076,
		"albumName": "路加福音系列(六)",
		"albumtitle": "路加福音系列(六)(4)"
	},
	{
		"duration": 1650,
		"size": "5M",
		"path": "http://media.haomuren.org/Message/BibleTeaching/2014Luke06-05.mp3",
		"id": 4076000005,
		"albumId": 4076,
		"albumName": "路加福音系列(六)",
		"albumtitle": "路加福音系列(六)(5)"
	},
	{
		"duration": 1650,
		"size": "5M",
		"path": "http://media.haomuren.org/Message/BibleTeaching/2014Luke06-06.mp3",
		"id": 4076000006,
		"albumId": 4076,
		"albumName": "路加福音系列(六)",
		"albumtitle": "路加福音系列(六)(6)"
	},
	{
		"duration": 1650,
		"size": "5M",
		"path": "http://media.haomuren.org/Message/BibleTeaching/2014Luke06-07.mp3",
		"id": 4076000007,
		"albumId": 4076,
		"albumName": "路加福音系列(六)",
		"albumtitle": "路加福音系列(六)(7)"
	},
	{
		"duration": 1650,
		"size": "5M",
		"path": "http://media.haomuren.org/Message/BibleTeaching/2014Luke06-08.mp3",
		"id": 4076000008,
		"albumId": 4076,
		"albumName": "路加福音系列(六)",
		"albumtitle": "路加福音系列(六)(8)"
	},
	{
		"duration": 1650,
		"size": "5M",
		"path": "http://media.haomuren.org/Message/BibleTeaching/2014Luke06-09.mp3",
		"id": 4076000009,
		"albumId": 4076,
		"albumName": "路加福音系列(六)",
		"albumtitle": "路加福音系列(六)(9)"
	},
	{
		"duration": 1650,
		"size": "5M",
		"path": "http://media.haomuren.org/Message/BibleTeaching/2014Luke06-10.mp3",
		"id": 4076000010,
		"albumId": 4076,
		"albumName": "路加福音系列(六)",
		"albumtitle": "路加福音系列(六)(10)"
	},
	{
		"duration": 1650,
		"size": "5M",
		"path": "http://media.haomuren.org/Message/BibleTeaching/2014Luke06-11.mp3",
		"id": 4076000011,
		"albumId": 4076,
		"albumName": "路加福音系列(六)",
		"albumtitle": "路加福音系列(六)(11)"
	},
	{
		"duration": 1650,
		"size": "5M",
		"path": "http://media.haomuren.org/Message/BibleTeaching/2014Luke06-12.mp3",
		"id": 4076000012,
		"albumId": 4076,
		"albumName": "路加福音系列(六)",
		"albumtitle": "路加福音系列(六)(12)"
	}
]