[
	{
		"duration": 1650,
		"size": "5M",
		"path": "http://media.haomuren.org/Message/BibleTeaching/2015JsLf02-01.mp3",
		"id": 4093000001,
		"albumId": 4093,
		"albumName": "耶稣生平(二)",
		"albumtitle": "耶稣生平(二)(1)"
	},
	{
		"duration": 1650,
		"size": "5M",
		"path": "http://media.haomuren.org/Message/BibleTeaching/2015JsLf02-02.mp3",
		"id": 4093000002,
		"albumId": 4093,
		"albumName": "耶稣生平(二)",
		"albumtitle": "耶稣生平(二)(2)"
	},
	{
		"duration": 1650,
		"size": "5M",
		"path": "http://media.haomuren.org/Message/BibleTeaching/2015JsLf02-03.mp3",
		"id": 4093000003,
		"albumId": 4093,
		"albumName": "耶稣生平(二)",
		"albumtitle": "耶稣生平(二)(3)"
	},
	{
		"duration": 1650,
		"size": "5M",
		"path": "http://media.haomuren.org/Message/BibleTeaching/2015JsLf02-04.mp3",
		"id": 4093000004,
		"albumId": 4093,
		"albumName": "耶稣生平(二)",
		"albumtitle": "耶稣生平(二)(4)"
	},
	{
		"duration": 1650,
		"size": "5M",
		"path": "http://media.haomuren.org/Message/BibleTeaching/2015JsLf02-05.mp3",
		"id": 4093000005,
		"albumId": 4093,
		"albumName": "耶稣生平(二)",
		"albumtitle": "耶稣生平(二)(5)"
	},
	{
		"duration": 1650,
		"size": "5M",
		"path": "http://media.haomuren.org/Message/BibleTeaching/2015JsLf02-06.mp3",
		"id": 4093000006,
		"albumId": 4093,
		"albumName": "耶稣生平(二)",
		"albumtitle": "耶稣生平(二)(6)"
	},
	{
		"duration": 1650,
		"size": "5M",
		"path": "http://media.haomuren.org/Message/BibleTeaching/2015JsLf02-07.mp3",
		"id": 4093000007,
		"albumId": 4093,
		"albumName": "耶稣生平(二)",
		"albumtitle": "耶稣生平(二)(7)"
	},
	{
		"duration": 1650,
		"size": "5M",
		"path": "http://media.haomuren.org/Message/BibleTeaching/2015JsLf02-08.mp3",
		"id": 4093000008,
		"albumId": 4093,
		"albumName": "耶稣生平(二)",
		"albumtitle": "耶稣生平(二)(8)"
	},
	{
		"duration": 1650,
		"size": "5M",
		"path": "http://media.haomuren.org/Message/BibleTeaching/2015JsLf02-09.mp3",
		"id": 4093000009,
		"albumId": 4093,
		"albumName": "耶稣生平(二)",
		"albumtitle": "耶稣生平(二)(9)"
	},
	{
		"duration": 1650,
		"size": "5M",
		"path": "http://media.haomuren.org/Message/BibleTeaching/2015JsLf02-10.mp3",
		"id": 4093000010,
		"albumId": 4093,
		"albumName": "耶稣生平(二)",
		"albumtitle": "耶稣生平(二)(10)"
	},
	{
		"duration": 1650,
		"size": "5M",
		"path": "http://media.haomuren.org/Message/BibleTeaching/2015JsLf02-11.mp3",
		"id": 4093000011,
		"albumId": 4093,
		"albumName": "耶稣生平(二)",
		"albumtitle": "耶稣生平(二)(11)"
	},
	{
		"duration": 1650,
		"size": "5M",
		"path": "http://media.haomuren.org/Message/BibleTeaching/2015JsLf02-12.mp3",
		"id": 4093000012,
		"albumId": 4093,
		"albumName": "耶稣生平(二)",
		"albumtitle": "耶稣生平(二)(12)"
	}
]