[
	{
		"duration": 1650,
		"size": "5M",
		"path": "http://media.haomuren.org/Message/BibleTeaching/20141Co04-01.mp3",
		"id": 4116000001,
		"albumId": 4116,
		"albumName": "哥林多前书(四)",
		"albumtitle": "哥林多前书(四)(1)"
	},
	{
		"duration": 1650,
		"size": "5M",
		"path": "http://media.haomuren.org/Message/BibleTeaching/20141Co04-02.mp3",
		"id": 4116000002,
		"albumId": 4116,
		"albumName": "哥林多前书(四)",
		"albumtitle": "哥林多前书(四)(2)"
	},
	{
		"duration": 1650,
		"size": "5M",
		"path": "http://media.haomuren.org/Message/BibleTeaching/20141Co04-03.mp3",
		"id": 4116000003,
		"albumId": 4116,
		"albumName": "哥林多前书(四)",
		"albumtitle": "哥林多前书(四)(3)"
	},
	{
		"duration": 1650,
		"size": "5M",
		"path": "http://media.haomuren.org/Message/BibleTeaching/20141Co04-04.mp3",
		"id": 4116000004,
		"albumId": 4116,
		"albumName": "哥林多前书(四)",
		"albumtitle": "哥林多前书(四)(4)"
	},
	{
		"duration": 1650,
		"size": "5M",
		"path": "http://media.haomuren.org/Message/BibleTeaching/20141Co04-05.mp3",
		"id": 4116000005,
		"albumId": 4116,
		"albumName": "哥林多前书(四)",
		"albumtitle": "哥林多前书(四)(5)"
	},
	{
		"duration": 1650,
		"size": "5M",
		"path": "http://media.haomuren.org/Message/BibleTeaching/20141Co04-06.mp3",
		"id": 4116000006,
		"albumId": 4116,
		"albumName": "哥林多前书(四)",
		"albumtitle": "哥林多前书(四)(6)"
	},
	{
		"duration": 1650,
		"size": "5M",
		"path": "http://media.haomuren.org/Message/BibleTeaching/20141Co04-07.mp3",
		"id": 4116000007,
		"albumId": 4116,
		"albumName": "哥林多前书(四)",
		"albumtitle": "哥林多前书(四)(7)"
	},
	{
		"duration": 1650,
		"size": "5M",
		"path": "http://media.haomuren.org/Message/BibleTeaching/20141Co04-08.mp3",
		"id": 4116000008,
		"albumId": 4116,
		"albumName": "哥林多前书(四)",
		"albumtitle": "哥林多前书(四)(8)"
	},
	{
		"duration": 1650,
		"size": "5M",
		"path": "http://media.haomuren.org/Message/BibleTeaching/20141Co04-09.mp3",
		"id": 4116000009,
		"albumId": 4116,
		"albumName": "哥林多前书(四)",
		"albumtitle": "哥林多前书(四)(9)"
	},
	{
		"duration": 1650,
		"size": "5M",
		"path": "http://media.haomuren.org/Message/BibleTeaching/20141Co04-10.mp3",
		"id": 4116000010,
		"albumId": 4116,
		"albumName": "哥林多前书(四)",
		"albumtitle": "哥林多前书(四)(10)"
	},
	{
		"duration": 1650,
		"size": "5M",
		"path": "http://media.haomuren.org/Message/BibleTeaching/20141Co04-11.mp3",
		"id": 4116000011,
		"albumId": 4116,
		"albumName": "哥林多前书(四)",
		"albumtitle": "哥林多前书(四)(11)"
	},
	{
		"duration": 1650,
		"size": "5M",
		"path": "http://media.haomuren.org/Message/BibleTeaching/20141Co04-12.mp3",
		"id": 4116000012,
		"albumId": 4116,
		"albumName": "哥林多前书(四)",
		"albumtitle": "哥林多前书(四)(12)"
	}
]