[
	{
		"duration": 1650,
		"size": "5M",
		"path": "http://media.haomuren.org/Message/BibleTeaching/2011Acts2-01.mp3",
		"id": 4105000001,
		"albumId": 4105,
		"albumName": "使徒行传系列(二)",
		"albumtitle": "使徒行传系列(二)(1)"
	},
	{
		"duration": 1650,
		"size": "5M",
		"path": "http://media.haomuren.org/Message/BibleTeaching/2011Acts2-02.mp3",
		"id": 4105000002,
		"albumId": 4105,
		"albumName": "使徒行传系列(二)",
		"albumtitle": "使徒行传系列(二)(2)"
	},
	{
		"duration": 1650,
		"size": "5M",
		"path": "http://media.haomuren.org/Message/BibleTeaching/2011Acts2-03.mp3",
		"id": 4105000003,
		"albumId": 4105,
		"albumName": "使徒行传系列(二)",
		"albumtitle": "使徒行传系列(二)(3)"
	},
	{
		"duration": 1650,
		"size": "5M",
		"path": "http://media.haomuren.org/Message/BibleTeaching/2011Acts2-04.mp3",
		"id": 4105000004,
		"albumId": 4105,
		"albumName": "使徒行传系列(二)",
		"albumtitle": "使徒行传系列(二)(4)"
	},
	{
		"duration": 1650,
		"size": "5M",
		"path": "http://media.haomuren.org/Message/BibleTeaching/2011Acts2-05.mp3",
		"id": 4105000005,
		"albumId": 4105,
		"albumName": "使徒行传系列(二)",
		"albumtitle": "使徒行传系列(二)(5)"
	},
	{
		"duration": 1650,
		"size": "5M",
		"path": "http://media.haomuren.org/Message/BibleTeaching/2011Acts2-06.mp3",
		"id": 4105000006,
		"albumId": 4105,
		"albumName": "使徒行传系列(二)",
		"albumtitle": "使徒行传系列(二)(6)"
	},
	{
		"duration": 1650,
		"size": "5M",
		"path": "http://media.haomuren.org/Message/BibleTeaching/2011Acts2-07.mp3",
		"id": 4105000007,
		"albumId": 4105,
		"albumName": "使徒行传系列(二)",
		"albumtitle": "使徒行传系列(二)(7)"
	},
	{
		"duration": 1650,
		"size": "5M",
		"path": "http://media.haomuren.org/Message/BibleTeaching/2011Acts2-08.mp3",
		"id": 4105000008,
		"albumId": 4105,
		"albumName": "使徒行传系列(二)",
		"albumtitle": "使徒行传系列(二)(8)"
	},
	{
		"duration": 1650,
		"size": "5M",
		"path": "http://media.haomuren.org/Message/BibleTeaching/2011Acts2-09.mp3",
		"id": 4105000009,
		"albumId": 4105,
		"albumName": "使徒行传系列(二)",
		"albumtitle": "使徒行传系列(二)(9)"
	},
	{
		"duration": 1650,
		"size": "5M",
		"path": "http://media.haomuren.org/Message/BibleTeaching/2011Acts2-10.mp3",
		"id": 4105000010,
		"albumId": 4105,
		"albumName": "使徒行传系列(二)",
		"albumtitle": "使徒行传系列(二)(10)"
	},
	{
		"duration": 1650,
		"size": "5M",
		"path": "http://media.haomuren.org/Message/BibleTeaching/2011Acts2-11.mp3",
		"id": 4105000011,
		"albumId": 4105,
		"albumName": "使徒行传系列(二)",
		"albumtitle": "使徒行传系列(二)(11)"
	},
	{
		"duration": 1650,
		"size": "5M",
		"path": "http://media.haomuren.org/Message/BibleTeaching/2011Acts2-12.mp3",
		"id": 4105000012,
		"albumId": 4105,
		"albumName": "使徒行传系列(二)",
		"albumtitle": "使徒行传系列(二)(12)"
	},
	{
		"duration": 1650,
		"size": "5M",
		"path": "http://media.haomuren.org/Message/BibleTeaching/2011Acts2-13.mp3",
		"id": 4105000013,
		"albumId": 4105,
		"albumName": "使徒行传系列(二)",
		"albumtitle": "使徒行传系列(二)(13)"
	},
	{
		"duration": 1650,
		"size": "5M",
		"path": "http://media.haomuren.org/Message/BibleTeaching/2011Acts2-14.mp3",
		"id": 4105000014,
		"albumId": 4105,
		"albumName": "使徒行传系列(二)",
		"albumtitle": "使徒行传系列(二)(14)"
	},
	{
		"duration": 1650,
		"size": "5M",
		"path": "http://media.haomuren.org/Message/BibleTeaching/2011Acts2-15.mp3",
		"id": 4105000015,
		"albumId": 4105,
		"albumName": "使徒行传系列(二)",
		"albumtitle": "使徒行传系列(二)(15)"
	},
	{
		"duration": 1650,
		"size": "5M",
		"path": "http://media.haomuren.org/Message/BibleTeaching/2011Acts2-16.mp3",
		"id": 4105000016,
		"albumId": 4105,
		"albumName": "使徒行传系列(二)",
		"albumtitle": "使徒行传系列(二)(16)"
	}
]