[
	{
		"duration": 1650,
		"size": "5M",
		"path": "http://media.haomuren.org/Message/BibleTeaching/20141Co05-01.mp3",
		"id": 4117000001,
		"albumId": 4117,
		"albumName": "哥林多前书(五)",
		"albumtitle": "哥林多前书(五)(1)"
	},
	{
		"duration": 1650,
		"size": "5M",
		"path": "http://media.haomuren.org/Message/BibleTeaching/20141Co05-02.mp3",
		"id": 4117000002,
		"albumId": 4117,
		"albumName": "哥林多前书(五)",
		"albumtitle": "哥林多前书(五)(2)"
	},
	{
		"duration": 1650,
		"size": "5M",
		"path": "http://media.haomuren.org/Message/BibleTeaching/20141Co05-03.mp3",
		"id": 4117000003,
		"albumId": 4117,
		"albumName": "哥林多前书(五)",
		"albumtitle": "哥林多前书(五)(3)"
	},
	{
		"duration": 1650,
		"size": "5M",
		"path": "http://media.haomuren.org/Message/BibleTeaching/20141Co05-04.mp3",
		"id": 4117000004,
		"albumId": 4117,
		"albumName": "哥林多前书(五)",
		"albumtitle": "哥林多前书(五)(4)"
	},
	{
		"duration": 1650,
		"size": "5M",
		"path": "http://media.haomuren.org/Message/BibleTeaching/20141Co05-05.mp3",
		"id": 4117000005,
		"albumId": 4117,
		"albumName": "哥林多前书(五)",
		"albumtitle": "哥林多前书(五)(5)"
	},
	{
		"duration": 1650,
		"size": "5M",
		"path": "http://media.haomuren.org/Message/BibleTeaching/20141Co05-06.mp3",
		"id": 4117000006,
		"albumId": 4117,
		"albumName": "哥林多前书(五)",
		"albumtitle": "哥林多前书(五)(6)"
	},
	{
		"duration": 1650,
		"size": "5M",
		"path": "http://media.haomuren.org/Message/BibleTeaching/20141Co05-07.mp3",
		"id": 4117000007,
		"albumId": 4117,
		"albumName": "哥林多前书(五)",
		"albumtitle": "哥林多前书(五)(7)"
	},
	{
		"duration": 1650,
		"size": "5M",
		"path": "http://media.haomuren.org/Message/BibleTeaching/20141Co05-08.mp3",
		"id": 4117000008,
		"albumId": 4117,
		"albumName": "哥林多前书(五)",
		"albumtitle": "哥林多前书(五)(8)"
	},
	{
		"duration": 1650,
		"size": "5M",
		"path": "http://media.haomuren.org/Message/BibleTeaching/20141Co05-09.mp3",
		"id": 4117000009,
		"albumId": 4117,
		"albumName": "哥林多前书(五)",
		"albumtitle": "哥林多前书(五)(9)"
	},
	{
		"duration": 1650,
		"size": "5M",
		"path": "http://media.haomuren.org/Message/BibleTeaching/20141Co05-10.mp3",
		"id": 4117000010,
		"albumId": 4117,
		"albumName": "哥林多前书(五)",
		"albumtitle": "哥林多前书(五)(10)"
	},
	{
		"duration": 1650,
		"size": "5M",
		"path": "http://media.haomuren.org/Message/BibleTeaching/20141Co05-11.mp3",
		"id": 4117000011,
		"albumId": 4117,
		"albumName": "哥林多前书(五)",
		"albumtitle": "哥林多前书(五)(11)"
	},
	{
		"duration": 1650,
		"size": "5M",
		"path": "http://media.haomuren.org/Message/BibleTeaching/20141Co05-12.mp3",
		"id": 4117000012,
		"albumId": 4117,
		"albumName": "哥林多前书(五)",
		"albumtitle": "哥林多前书(五)(12)"
	}
]