[
	{
		"albumtitle": "教會增長秘訣(01)",
		"duration": 1560,
		"size": "3.6M",
		"albumId": 221,
		"albumName": "教會增長秘訣",
		"path": "https://rawcdn.githack.com/quiet324/Media4JAlbum/17060921/keystochurchgrowth/keystochurchgrowth01.mp3",
		"id": 221888180
	},
	{
		"albumtitle": "教會增長秘訣(02)",
		"duration": 1560,
		"size": "3.6M",
		"albumId": 221,
		"albumName": "教會增長秘訣",
		"path": "https://rawcdn.githack.com/quiet324/Media4JAlbum/17060921/keystochurchgrowth/keystochurchgrowth02.mp3",
		"id": 221888181
	},
	{
		"albumtitle": "教會增長秘訣(03)",
		"duration": 1560,
		"size": "3.6M",
		"albumId": 221,
		"albumName": "教會增長秘訣",
		"path": "https://rawcdn.githack.com/quiet324/Media4JAlbum/17060921/keystochurchgrowth/keystochurchgrowth03.mp3",
		"id": 221888182
	},
	{
		"albumtitle": "教會增長秘訣(04)",
		"duration": 1560,
		"size": "3.6M",
		"albumId": 221,
		"albumName": "教會增長秘訣",
		"path": "https://rawcdn.githack.com/quiet324/Media4JAlbum/17060921/keystochurchgrowth/keystochurchgrowth04.mp3",
		"id": 221888183
	},
	{
		"albumtitle": "教會增長秘訣(05)",
		"duration": 1560,
		"size": "3.6M",
		"albumId": 221,
		"albumName": "教會增長秘訣",
		"path": "https://rawcdn.githack.com/quiet324/Media4JAlbum/17060921/keystochurchgrowth/keystochurchgrowth05.mp3",
		"id": 221888184
	},
	{
		"albumtitle": "教會增長秘訣(06)",
		"duration": 1560,
		"size": "3.6M",
		"albumId": 221,
		"albumName": "教會增長秘訣",
		"path": "https://rawcdn.githack.com/quiet324/Media4JAlbum/17060921/keystochurchgrowth/keystochurchgrowth06.mp3",
		"id": 221888185
	}
,
	{
		"albumtitle": "教會增長秘訣(07)",
		"duration": 1560,
		"size": "3.6M",
		"albumId": 221,
		"albumName": "教會增長秘訣",
		"path": "https://rawcdn.githack.com/quiet324/Media4JAlbum/17060921/keystochurchgrowth/keystochurchgrowth07.mp3",
		"id": 221888186
	}

]