[
	{
		"title": "我是主羊 20160401",
		"path": "http://media.febcchinese.org/streaming/mw/mw160401.mp3",
		"duration": 1760,
		"size": "14.1M",
		"albumName": "旷野吗哪 2016年夏季合集",
		"id": 6214000001,
		"albumId": 6214,
		"albumtitle": "旷野吗哪 2016年夏季合集(1)",
		"textContent": ""
	},
	{
		"title": "仍能结果子 20160402",
		"path": "http://media.febcchinese.org/streaming/mw/mw160402.mp3",
		"duration": 1760,
		"size": "14.1M",
		"albumName": "旷野吗哪 2016年夏季合集",
		"id": 6214000002,
		"albumId": 6214,
		"albumtitle": "旷野吗哪 2016年夏季合集(2)",
		"textContent": ""
	},
	{
		"title": "圣徒 20160403",
		"path": "http://media.febcchinese.org/streaming/mw/mw160403.mp3",
		"duration": 1760,
		"size": "14.1M",
		"albumName": "旷野吗哪 2016年夏季合集",
		"id": 6214000003,
		"albumId": 6214,
		"albumtitle": "旷野吗哪 2016年夏季合集(3)",
		"textContent": ""
	},
	{
		"title": "圣经脸 20160404",
		"path": "http://media.febcchinese.org/streaming/mw/mw160404.mp3",
		"duration": 1760,
		"size": "14.1M",
		"albumName": "旷野吗哪 2016年夏季合集",
		"id": 6214000004,
		"albumId": 6214,
		"albumtitle": "旷野吗哪 2016年夏季合集(4)",
		"textContent": ""
	},
	{
		"title": "黑夜必要转为晨光 20160405",
		"path": "http://media.febcchinese.org/streaming/mw/mw160405.mp3",
		"duration": 1760,
		"size": "14.1M",
		"albumName": "旷野吗哪 2016年夏季合集",
		"id": 6214000005,
		"albumId": 6214,
		"albumtitle": "旷野吗哪 2016年夏季合集(5)",
		"textContent": ""
	},
	{
		"title": "深知所信 20160406",
		"path": "http://media.febcchinese.org/streaming/mw/mw160406.mp3",
		"duration": 1760,
		"size": "14.1M",
		"albumName": "旷野吗哪 2016年夏季合集",
		"id": 6214000006,
		"albumId": 6214,
		"albumtitle": "旷野吗哪 2016年夏季合集(6)",
		"textContent": ""
	},
	{
		"title": "暗中扎根，明处绽放 20160407",
		"path": "http://media.febcchinese.org/streaming/mw/mw160407.mp3",
		"duration": 1760,
		"size": "14.1M",
		"albumName": "旷野吗哪 2016年夏季合集",
		"id": 6214000007,
		"albumId": 6214,
		"albumtitle": "旷野吗哪 2016年夏季合集(7)",
		"textContent": ""
	},
	{
		"title": "祂能 20160408",
		"path": "http://media.febcchinese.org/streaming/mw/mw160408.mp3",
		"duration": 1760,
		"size": "14.1M",
		"albumName": "旷野吗哪 2016年夏季合集",
		"id": 6214000008,
		"albumId": 6214,
		"albumtitle": "旷野吗哪 2016年夏季合集(8)",
		"textContent": ""
	},
	{
		"title": "有救无类 20160409",
		"path": "http://media.febcchinese.org/streaming/mw/mw160409.mp3",
		"duration": 1760,
		"size": "14.1M",
		"albumName": "旷野吗哪 2016年夏季合集",
		"id": 6214000009,
		"albumId": 6214,
		"albumtitle": "旷野吗哪 2016年夏季合集(9)",
		"textContent": ""
	},
	{
		"title": "十字花 20160410",
		"path": "http://media.febcchinese.org/streaming/mw/mw160410.mp3",
		"duration": 1760,
		"size": "14.1M",
		"albumName": "旷野吗哪 2016年夏季合集",
		"id": 6214000010,
		"albumId": 6214,
		"albumtitle": "旷野吗哪 2016年夏季合集(10)",
		"textContent": ""
	},
	{
		"title": "高举主耶稣 20160411",
		"path": "http://media.febcchinese.org/streaming/mw/mw160411.mp3",
		"duration": 1760,
		"size": "14.1M",
		"albumName": "旷野吗哪 2016年夏季合集",
		"id": 6214000011,
		"albumId": 6214,
		"albumtitle": "旷野吗哪 2016年夏季合集(11)",
		"textContent": ""
	},
	{
		"title": "基督的爱 20160412",
		"path": "http://media.febcchinese.org/streaming/mw/mw160412.mp3",
		"duration": 1760,
		"size": "14.1M",
		"albumName": "旷野吗哪 2016年夏季合集",
		"id": 6214000012,
		"albumId": 6214,
		"albumtitle": "旷野吗哪 2016年夏季合集(12)",
		"textContent": ""
	},
	{
		"title": "加冕的日子 20160413",
		"path": "http://media.febcchinese.org/streaming/mw/mw160413.mp3",
		"duration": 1760,
		"size": "14.1M",
		"albumName": "旷野吗哪 2016年夏季合集",
		"id": 6214000013,
		"albumId": 6214,
		"albumtitle": "旷野吗哪 2016年夏季合集(13)",
		"textContent": ""
	},
	{
		"title": "复活节的早晨 20160414",
		"path": "http://media.febcchinese.org/streaming/mw/mw160414.mp3",
		"duration": 1760,
		"size": "14.1M",
		"albumName": "旷野吗哪 2016年夏季合集",
		"id": 6214000014,
		"albumId": 6214,
		"albumtitle": "旷野吗哪 2016年夏季合集(14)",
		"textContent": ""
	},
	{
		"title": "十架永远坚定 20160415",
		"path": "http://media.febcchinese.org/streaming/mw/mw160415.mp3",
		"duration": 1760,
		"size": "14.1M",
		"albumName": "旷野吗哪 2016年夏季合集",
		"id": 6214000015,
		"albumId": 6214,
		"albumtitle": "旷野吗哪 2016年夏季合集(15)",
		"textContent": ""
	},
	{
		"title": "主活着 20160416",
		"path": "http://media.febcchinese.org/streaming/mw/mw160416.mp3",
		"duration": 1760,
		"size": "14.1M",
		"albumName": "旷野吗哪 2016年夏季合集",
		"id": 6214000016,
		"albumId": 6214,
		"albumtitle": "旷野吗哪 2016年夏季合集(16)",
		"textContent": ""
	},
	{
		"title": "从加利利到橄榄山 20160417",
		"path": "http://media.febcchinese.org/streaming/mw/mw160417.mp3",
		"duration": 1760,
		"size": "14.1M",
		"albumName": "旷野吗哪 2016年夏季合集",
		"id": 6214000017,
		"albumId": 6214,
		"albumtitle": "旷野吗哪 2016年夏季合集(17)",
		"textContent": ""
	},
	{
		"title": "基督不改变 20160418",
		"path": "http://media.febcchinese.org/streaming/mw/mw160418.mp3",
		"duration": 1760,
		"size": "14.1M",
		"albumName": "旷野吗哪 2016年夏季合集",
		"id": 6214000018,
		"albumId": 6214,
		"albumtitle": "旷野吗哪 2016年夏季合集(18)",
		"textContent": ""
	},
	{
		"title": "抓住这一天 20160419",
		"path": "http://media.febcchinese.org/streaming/mw/mw160419.mp3",
		"duration": 1760,
		"size": "14.1M",
		"albumName": "旷野吗哪 2016年夏季合集",
		"id": 6214000019,
		"albumId": 6214,
		"albumtitle": "旷野吗哪 2016年夏季合集(19)",
		"textContent": ""
	},
	{
		"title": "暗中的宝物 20160420",
		"path": "http://media.febcchinese.org/streaming/mw/mw160420.mp3",
		"duration": 1760,
		"size": "14.1M",
		"albumName": "旷野吗哪 2016年夏季合集",
		"id": 6214000020,
		"albumId": 6214,
		"albumtitle": "旷野吗哪 2016年夏季合集(20)",
		"textContent": ""
	},
	{
		"title": "永恒天堂 20160421",
		"path": "http://media.febcchinese.org/streaming/mw/mw160421.mp3",
		"duration": 1760,
		"size": "14.1M",
		"albumName": "旷野吗哪 2016年夏季合集",
		"id": 6214000021,
		"albumId": 6214,
		"albumtitle": "旷野吗哪 2016年夏季合集(21)",
		"textContent": ""
	},
	{
		"title": "受造奇妙 20160422",
		"path": "http://media.febcchinese.org/streaming/mw/mw160422.mp3",
		"duration": 1760,
		"size": "14.1M",
		"albumName": "旷野吗哪 2016年夏季合集",
		"id": 6214000022,
		"albumId": 6214,
		"albumtitle": "旷野吗哪 2016年夏季合集(22)",
		"textContent": ""
	},
	{
		"title": "享受信仰 20160423",
		"path": "http://media.febcchinese.org/streaming/mw/mw160423.mp3",
		"duration": 1760,
		"size": "14.1M",
		"albumName": "旷野吗哪 2016年夏季合集",
		"id": 6214000023,
		"albumId": 6214,
		"albumtitle": "旷野吗哪 2016年夏季合集(23)",
		"textContent": ""
	},
	{
		"title": "天籁之音 20160424",
		"path": "http://media.febcchinese.org/streaming/mw/mw160424.mp3",
		"duration": 1760,
		"size": "14.1M",
		"albumName": "旷野吗哪 2016年夏季合集",
		"id": 6214000024,
		"albumId": 6214,
		"albumtitle": "旷野吗哪 2016年夏季合集(24)",
		"textContent": ""
	},
	{
		"title": "活泼的荐信 20160425",
		"path": "http://media.febcchinese.org/streaming/mw/mw160425.mp3",
		"duration": 1760,
		"size": "14.1M",
		"albumName": "旷野吗哪 2016年夏季合集",
		"id": 6214000025,
		"albumId": 6214,
		"albumtitle": "旷野吗哪 2016年夏季合集(25)",
		"textContent": ""
	},
	{
		"title": "总有光明 20160426",
		"path": "http://media.febcchinese.org/streaming/mw/mw160426.mp3",
		"duration": 1760,
		"size": "14.1M",
		"albumName": "旷野吗哪 2016年夏季合集",
		"id": 6214000026,
		"albumId": 6214,
		"albumtitle": "旷野吗哪 2016年夏季合集(26)",
		"textContent": ""
	},
	{
		"title": "神的美意 20160427",
		"path": "http://media.febcchinese.org/streaming/mw/mw160427.mp3",
		"duration": 1760,
		"size": "14.1M",
		"albumName": "旷野吗哪 2016年夏季合集",
		"id": 6214000027,
		"albumId": 6214,
		"albumtitle": "旷野吗哪 2016年夏季合集(27)",
		"textContent": ""
	},
	{
		"title": "喜乐如旗正飘扬 20160428",
		"path": "http://media.febcchinese.org/streaming/mw/mw160428.mp3",
		"duration": 1760,
		"size": "14.1M",
		"albumName": "旷野吗哪 2016年夏季合集",
		"id": 6214000028,
		"albumId": 6214,
		"albumtitle": "旷野吗哪 2016年夏季合集(28)",
		"textContent": ""
	},
	{
		"title": "不用紧张 20160429",
		"path": "http://media.febcchinese.org/streaming/mw/mw160429.mp3",
		"duration": 1760,
		"size": "14.1M",
		"albumName": "旷野吗哪 2016年夏季合集",
		"id": 6214000029,
		"albumId": 6214,
		"albumtitle": "旷野吗哪 2016年夏季合集(29)",
		"textContent": ""
	},
	{
		"title": "全然交托 20160430",
		"path": "http://media.febcchinese.org/streaming/mw/mw160430.mp3",
		"duration": 1760,
		"size": "14.1M",
		"albumName": "旷野吗哪 2016年夏季合集",
		"id": 6214000030,
		"albumId": 6214,
		"albumtitle": "旷野吗哪 2016年夏季合集(30)",
		"textContent": ""
	},
	{
		"title": "春回大地 20160501",
		"path": "http://media.febcchinese.org/streaming/mw/mw160501.mp3",
		"duration": 1760,
		"size": "14.1M",
		"albumName": "旷野吗哪 2016年夏季合集",
		"id": 6214000031,
		"albumId": 6214,
		"albumtitle": "旷野吗哪 2016年夏季合集(31)",
		"textContent": ""
	},
	{
		"title": "今天莅临 20160502",
		"path": "http://media.febcchinese.org/streaming/mw/mw160502.mp3",
		"duration": 1760,
		"size": "14.1M",
		"albumName": "旷野吗哪 2016年夏季合集",
		"id": 6214000032,
		"albumId": 6214,
		"albumtitle": "旷野吗哪 2016年夏季合集(32)",
		"textContent": ""
	},
	{
		"title": "卸下重担 20160503",
		"path": "http://media.febcchinese.org/streaming/mw/mw160503.mp3",
		"duration": 1760,
		"size": "14.1M",
		"albumName": "旷野吗哪 2016年夏季合集",
		"id": 6214000033,
		"albumId": 6214,
		"albumtitle": "旷野吗哪 2016年夏季合集(33)",
		"textContent": ""
	},
	{
		"title": "基督的舍己 20160504",
		"path": "http://media.febcchinese.org/streaming/mw/mw160504.mp3",
		"duration": 1760,
		"size": "14.1M",
		"albumName": "旷野吗哪 2016年夏季合集",
		"id": 6214000034,
		"albumId": 6214,
		"albumtitle": "旷野吗哪 2016年夏季合集(34)",
		"textContent": ""
	},
	{
		"title": "超越的恩典 20160505",
		"path": "http://media.febcchinese.org/streaming/mw/mw160505.mp3",
		"duration": 1760,
		"size": "14.1M",
		"albumName": "旷野吗哪 2016年夏季合集",
		"id": 6214000035,
		"albumId": 6214,
		"albumtitle": "旷野吗哪 2016年夏季合集(35)",
		"textContent": ""
	},
	{
		"title": "世界多美丽 20160506",
		"path": "http://media.febcchinese.org/streaming/mw/mw160506.mp3",
		"duration": 1760,
		"size": "14.1M",
		"albumName": "旷野吗哪 2016年夏季合集",
		"id": 6214000036,
		"albumId": 6214,
		"albumtitle": "旷野吗哪 2016年夏季合集(36)",
		"textContent": ""
	},
	{
		"title": "住在全能者的荫下 20160507",
		"path": "http://media.febcchinese.org/streaming/mw/mw160507.mp3",
		"duration": 1760,
		"size": "14.1M",
		"albumName": "旷野吗哪 2016年夏季合集",
		"id": 6214000037,
		"albumId": 6214,
		"albumtitle": "旷野吗哪 2016年夏季合集(37)",
		"textContent": ""
	},
	{
		"title": "与主为友 20160508",
		"path": "http://media.febcchinese.org/streaming/mw/mw160508.mp3",
		"duration": 1760,
		"size": "14.1M",
		"albumName": "旷野吗哪 2016年夏季合集",
		"id": 6214000038,
		"albumId": 6214,
		"albumtitle": "旷野吗哪 2016年夏季合集(38)",
		"textContent": ""
	},
	{
		"title": "无冕皇后 20160509",
		"path": "http://media.febcchinese.org/streaming/mw/mw160509.mp3",
		"duration": 1760,
		"size": "14.1M",
		"albumName": "旷野吗哪 2016年夏季合集",
		"id": 6214000039,
		"albumId": 6214,
		"albumtitle": "旷野吗哪 2016年夏季合集(39)",
		"textContent": ""
	},
	{
		"title": "母亲的爱 20160510",
		"path": "http://media.febcchinese.org/streaming/mw/mw160510.mp3",
		"duration": 1760,
		"size": "14.1M",
		"albumName": "旷野吗哪 2016年夏季合集",
		"id": 6214000040,
		"albumId": 6214,
		"albumtitle": "旷野吗哪 2016年夏季合集(40)",
		"textContent": ""
	},
	{
		"title": "慈母心 20160511",
		"path": "http://media.febcchinese.org/streaming/mw/mw160511.mp3",
		"duration": 1760,
		"size": "14.1M",
		"albumName": "旷野吗哪 2016年夏季合集",
		"id": 6214000041,
		"albumId": 6214,
		"albumtitle": "旷野吗哪 2016年夏季合集(41)",
		"textContent": ""
	},
	{
		"title": "敬爱母亲 20160512",
		"path": "http://media.febcchinese.org/streaming/mw/mw160512.mp3",
		"duration": 1760,
		"size": "14.1M",
		"albumName": "旷野吗哪 2016年夏季合集",
		"id": 6214000042,
		"albumId": 6214,
		"albumtitle": "旷野吗哪 2016年夏季合集(42)",
		"textContent": ""
	},
	{
		"title": "神的报偿 20160513",
		"path": "http://media.febcchinese.org/streaming/mw/mw160513.mp3",
		"duration": 1760,
		"size": "14.1M",
		"albumName": "旷野吗哪 2016年夏季合集",
		"id": 6214000043,
		"albumId": 6214,
		"albumtitle": "旷野吗哪 2016年夏季合集(43)",
		"textContent": ""
	},
	{
		"title": "随遇而安 20160514",
		"path": "http://media.febcchinese.org/streaming/mw/mw160514.mp3",
		"duration": 1760,
		"size": "14.1M",
		"albumName": "旷野吗哪 2016年夏季合集",
		"id": 6214000044,
		"albumId": 6214,
		"albumtitle": "旷野吗哪 2016年夏季合集(44)",
		"textContent": ""
	},
	{
		"title": "阳光在我心 20160515",
		"path": "http://media.febcchinese.org/streaming/mw/mw160515.mp3",
		"duration": 1760,
		"size": "14.1M",
		"albumName": "旷野吗哪 2016年夏季合集",
		"id": 6214000045,
		"albumId": 6214,
		"albumtitle": "旷野吗哪 2016年夏季合集(45)",
		"textContent": ""
	},
	{
		"title": "始终与神同行 20160516",
		"path": "http://media.febcchinese.org/streaming/mw/mw160516.mp3",
		"duration": 1760,
		"size": "14.1M",
		"albumName": "旷野吗哪 2016年夏季合集",
		"id": 6214000046,
		"albumId": 6214,
		"albumtitle": "旷野吗哪 2016年夏季合集(46)",
		"textContent": ""
	},
	{
		"title": "用心感受 20160517",
		"path": "http://media.febcchinese.org/streaming/mw/mw160517.mp3",
		"duration": 1760,
		"size": "14.1M",
		"albumName": "旷野吗哪 2016年夏季合集",
		"id": 6214000047,
		"albumId": 6214,
		"albumtitle": "旷野吗哪 2016年夏季合集(47)",
		"textContent": ""
	},
	{
		"title": "神掌权 20160518",
		"path": "http://media.febcchinese.org/streaming/mw/mw160518.mp3",
		"duration": 1760,
		"size": "14.1M",
		"albumName": "旷野吗哪 2016年夏季合集",
		"id": 6214000048,
		"albumId": 6214,
		"albumtitle": "旷野吗哪 2016年夏季合集(48)",
		"textContent": ""
	},
	{
		"title": "心灵的安歇 20160519",
		"path": "http://media.febcchinese.org/streaming/mw/mw160519.mp3",
		"duration": 1760,
		"size": "14.1M",
		"albumName": "旷野吗哪 2016年夏季合集",
		"id": 6214000049,
		"albumId": 6214,
		"albumtitle": "旷野吗哪 2016年夏季合集(49)",
		"textContent": ""
	},
	{
		"title": "躺下睡觉 20160520",
		"path": "http://media.febcchinese.org/streaming/mw/mw160520.mp3",
		"duration": 1760,
		"size": "14.1M",
		"albumName": "旷野吗哪 2016年夏季合集",
		"id": 6214000050,
		"albumId": 6214,
		"albumtitle": "旷野吗哪 2016年夏季合集(50)",
		"textContent": ""
	},
	{
		"title": "祷告得力 20160521",
		"path": "http://media.febcchinese.org/streaming/mw/mw160521.mp3",
		"duration": 1760,
		"size": "14.1M",
		"albumName": "旷野吗哪 2016年夏季合集",
		"id": 6214000051,
		"albumId": 6214,
		"albumtitle": "旷野吗哪 2016年夏季合集(51)",
		"textContent": ""
	},
	{
		"title": "像美妙诗歌 20160522",
		"path": "http://media.febcchinese.org/streaming/mw/mw160522.mp3",
		"duration": 1760,
		"size": "14.1M",
		"albumName": "旷野吗哪 2016年夏季合集",
		"id": 6214000052,
		"albumId": 6214,
		"albumtitle": "旷野吗哪 2016年夏季合集(52)",
		"textContent": ""
	},
	{
		"title": "超乎所求 20160523",
		"path": "http://media.febcchinese.org/streaming/mw/mw160523.mp3",
		"duration": 1760,
		"size": "14.1M",
		"albumName": "旷野吗哪 2016年夏季合集",
		"id": 6214000053,
		"albumId": 6214,
		"albumtitle": "旷野吗哪 2016年夏季合集(53)",
		"textContent": ""
	},
	{
		"title": "想念主爱 20160524",
		"path": "http://media.febcchinese.org/streaming/mw/mw160524.mp3",
		"duration": 1760,
		"size": "14.1M",
		"albumName": "旷野吗哪 2016年夏季合集",
		"id": 6214000054,
		"albumId": 6214,
		"albumtitle": "旷野吗哪 2016年夏季合集(54)",
		"textContent": ""
	},
	{
		"title": "向竿而驰 20160525",
		"path": "http://media.febcchinese.org/streaming/mw/mw160525.mp3",
		"duration": 1760,
		"size": "14.1M",
		"albumName": "旷野吗哪 2016年夏季合集",
		"id": 6214000055,
		"albumId": 6214,
		"albumtitle": "旷野吗哪 2016年夏季合集(55)",
		"textContent": ""
	},
	{
		"title": "基督精兵 20160526",
		"path": "http://media.febcchinese.org/streaming/mw/mw160526.mp3",
		"duration": 1760,
		"size": "14.1M",
		"albumName": "旷野吗哪 2016年夏季合集",
		"id": 6214000056,
		"albumId": 6214,
		"albumtitle": "旷野吗哪 2016年夏季合集(56)",
		"textContent": ""
	},
	{
		"title": "义无反顾 20160527",
		"path": "http://media.febcchinese.org/streaming/mw/mw160527.mp3",
		"duration": 1760,
		"size": "14.1M",
		"albumName": "旷野吗哪 2016年夏季合集",
		"id": 6214000057,
		"albumId": 6214,
		"albumtitle": "旷野吗哪 2016年夏季合集(57)",
		"textContent": ""
	},
	{
		"title": "常在主里面 20160528",
		"path": "http://media.febcchinese.org/streaming/mw/mw160528.mp3",
		"duration": 1760,
		"size": "14.1M",
		"albumName": "旷野吗哪 2016年夏季合集",
		"id": 6214000058,
		"albumId": 6214,
		"albumtitle": "旷野吗哪 2016年夏季合集(58)",
		"textContent": ""
	},
	{
		"title": "品格第一 20160529",
		"path": "http://media.febcchinese.org/streaming/mw/mw160529.mp3",
		"duration": 1760,
		"size": "14.1M",
		"albumName": "旷野吗哪 2016年夏季合集",
		"id": 6214000059,
		"albumId": 6214,
		"albumtitle": "旷野吗哪 2016年夏季合集(59)",
		"textContent": ""
	},
	{
		"title": "不要疑惑 20160530",
		"path": "http://media.febcchinese.org/streaming/mw/mw160530.mp3",
		"duration": 1760,
		"size": "14.1M",
		"albumName": "旷野吗哪 2016年夏季合集",
		"id": 6214000060,
		"albumId": 6214,
		"albumtitle": "旷野吗哪 2016年夏季合集(60)",
		"textContent": ""
	},
	{
		"title": "行善的生命 20160531",
		"path": "http://media.febcchinese.org/streaming/mw/mw160531.mp3",
		"duration": 1760,
		"size": "14.1M",
		"albumName": "旷野吗哪 2016年夏季合集",
		"id": 6214000061,
		"albumId": 6214,
		"albumtitle": "旷野吗哪 2016年夏季合集(61)",
		"textContent": ""
	},
	{
		"title": "言语柔和 20160601",
		"path": "http://media.febcchinese.org/streaming/mw/mw160601.mp3",
		"duration": 1760,
		"size": "14.1M",
		"albumName": "旷野吗哪 2016年夏季合集",
		"id": 6214000062,
		"albumId": 6214,
		"albumtitle": "旷野吗哪 2016年夏季合集(62)",
		"textContent": ""
	},
	{
		"title": "怎能闭口不说？ 20160602",
		"path": "http://media.febcchinese.org/streaming/mw/mw160602.mp3",
		"duration": 1760,
		"size": "14.1M",
		"albumName": "旷野吗哪 2016年夏季合集",
		"id": 6214000063,
		"albumId": 6214,
		"albumtitle": "旷野吗哪 2016年夏季合集(63)",
		"textContent": ""
	},
	{
		"title": "弟兄相爱 20160603",
		"path": "http://media.febcchinese.org/streaming/mw/mw160603.mp3",
		"duration": 1760,
		"size": "14.1M",
		"albumName": "旷野吗哪 2016年夏季合集",
		"id": 6214000064,
		"albumId": 6214,
		"albumtitle": "旷野吗哪 2016年夏季合集(64)",
		"textContent": ""
	},
	{
		"title": "破茧而出 20160604",
		"path": "http://media.febcchinese.org/streaming/mw/mw160604.mp3",
		"duration": 1760,
		"size": "14.1M",
		"albumName": "旷野吗哪 2016年夏季合集",
		"id": 6214000065,
		"albumId": 6214,
		"albumtitle": "旷野吗哪 2016年夏季合集(65)",
		"textContent": ""
	},
	{
		"title": "爱的礼物 20160605",
		"path": "http://media.febcchinese.org/streaming/mw/mw160605.mp3",
		"duration": 1760,
		"size": "14.1M",
		"albumName": "旷野吗哪 2016年夏季合集",
		"id": 6214000066,
		"albumId": 6214,
		"albumtitle": "旷野吗哪 2016年夏季合集(66)",
		"textContent": ""
	},
	{
		"title": "祷告 20160606",
		"path": "http://media.febcchinese.org/streaming/mw/mw160606.mp3",
		"duration": 1760,
		"size": "14.1M",
		"albumName": "旷野吗哪 2016年夏季合集",
		"id": 6214000067,
		"albumId": 6214,
		"albumtitle": "旷野吗哪 2016年夏季合集(67)",
		"textContent": ""
	},
	{
		"title": "神的应许 20160607",
		"path": "http://media.febcchinese.org/streaming/mw/mw160607.mp3",
		"duration": 1760,
		"size": "14.1M",
		"albumName": "旷野吗哪 2016年夏季合集",
		"id": 6214000068,
		"albumId": 6214,
		"albumtitle": "旷野吗哪 2016年夏季合集(68)",
		"textContent": ""
	},
	{
		"title": "何不祈求？ 20160608",
		"path": "http://media.febcchinese.org/streaming/mw/mw160608.mp3",
		"duration": 1760,
		"size": "14.1M",
		"albumName": "旷野吗哪 2016年夏季合集",
		"id": 6214000069,
		"albumId": 6214,
		"albumtitle": "旷野吗哪 2016年夏季合集(69)",
		"textContent": ""
	},
	{
		"title": "与主同行 20160609",
		"path": "http://media.febcchinese.org/streaming/mw/mw160609.mp3",
		"duration": 1760,
		"size": "14.1M",
		"albumName": "旷野吗哪 2016年夏季合集",
		"id": 6214000070,
		"albumId": 6214,
		"albumtitle": "旷野吗哪 2016年夏季合集(70)",
		"textContent": ""
	},
	{
		"title": "等候神的指引 20160610",
		"path": "http://media.febcchinese.org/streaming/mw/mw160610.mp3",
		"duration": 1760,
		"size": "14.1M",
		"albumName": "旷野吗哪 2016年夏季合集",
		"id": 6214000071,
		"albumId": 6214,
		"albumtitle": "旷野吗哪 2016年夏季合集(71)",
		"textContent": ""
	},
	{
		"title": "祈求就给你们 20160611",
		"path": "http://media.febcchinese.org/streaming/mw/mw160611.mp3",
		"duration": 1760,
		"size": "14.1M",
		"albumName": "旷野吗哪 2016年夏季合集",
		"id": 6214000072,
		"albumId": 6214,
		"albumtitle": "旷野吗哪 2016年夏季合集(72)",
		"textContent": ""
	},
	{
		"title": "不再心烦 20160612",
		"path": "http://media.febcchinese.org/streaming/mw/mw160612.mp3",
		"duration": 1760,
		"size": "14.1M",
		"albumName": "旷野吗哪 2016年夏季合集",
		"id": 6214000073,
		"albumId": 6214,
		"albumtitle": "旷野吗哪 2016年夏季合集(73)",
		"textContent": ""
	},
	{
		"title": "人的无助与神的救助 20160613",
		"path": "http://media.febcchinese.org/streaming/mw/mw160613.mp3",
		"duration": 1760,
		"size": "14.1M",
		"albumName": "旷野吗哪 2016年夏季合集",
		"id": 6214000074,
		"albumId": 6214,
		"albumtitle": "旷野吗哪 2016年夏季合集(74)",
		"textContent": ""
	},
	{
		"title": "一直陪我 20160614",
		"path": "http://media.febcchinese.org/streaming/mw/mw160614.mp3",
		"duration": 1760,
		"size": "14.1M",
		"albumName": "旷野吗哪 2016年夏季合集",
		"id": 6214000075,
		"albumId": 6214,
		"albumtitle": "旷野吗哪 2016年夏季合集(75)",
		"textContent": ""
	},
	{
		"title": "安静的功课 20160615",
		"path": "http://media.febcchinese.org/streaming/mw/mw160615.mp3",
		"duration": 1760,
		"size": "14.1M",
		"albumName": "旷野吗哪 2016年夏季合集",
		"id": 6214000076,
		"albumId": 6214,
		"albumtitle": "旷野吗哪 2016年夏季合集(76)",
		"textContent": ""
	},
	{
		"title": "向主欢呼 20160616",
		"path": "http://media.febcchinese.org/streaming/mw/mw160616.mp3",
		"duration": 1760,
		"size": "14.1M",
		"albumName": "旷野吗哪 2016年夏季合集",
		"id": 6214000077,
		"albumId": 6214,
		"albumtitle": "旷野吗哪 2016年夏季合集(77)",
		"textContent": ""
	},
	{
		"title": "基督是主 20160617",
		"path": "http://media.febcchinese.org/streaming/mw/mw160617.mp3",
		"duration": 1760,
		"size": "14.1M",
		"albumName": "旷野吗哪 2016年夏季合集",
		"id": 6214000078,
		"albumId": 6214,
		"albumtitle": "旷野吗哪 2016年夏季合集(78)",
		"textContent": ""
	},
	{
		"title": "基督的丰满 20160618",
		"path": "http://media.febcchinese.org/streaming/mw/mw160618.mp3",
		"duration": 1760,
		"size": "14.1M",
		"albumName": "旷野吗哪 2016年夏季合集",
		"id": 6214000079,
		"albumId": 6214,
		"albumtitle": "旷野吗哪 2016年夏季合集(79)",
		"textContent": ""
	},
	{
		"title": "坚持前行 20160619",
		"path": "http://media.febcchinese.org/streaming/mw/mw160619.mp3",
		"duration": 1760,
		"size": "14.1M",
		"albumName": "旷野吗哪 2016年夏季合集",
		"id": 6214000080,
		"albumId": 6214,
		"albumtitle": "旷野吗哪 2016年夏季合集(80)",
		"textContent": ""
	},
	{
		"title": "伟大奇妙神 20160620",
		"path": "http://media.febcchinese.org/streaming/mw/mw160620.mp3",
		"duration": 1760,
		"size": "14.1M",
		"albumName": "旷野吗哪 2016年夏季合集",
		"id": 6214000081,
		"albumId": 6214,
		"albumtitle": "旷野吗哪 2016年夏季合集(81)",
		"textContent": ""
	},
	{
		"title": "勇敢的心 20160621",
		"path": "http://media.febcchinese.org/streaming/mw/mw160621.mp3",
		"duration": 1760,
		"size": "14.1M",
		"albumName": "旷野吗哪 2016年夏季合集",
		"id": 6214000082,
		"albumId": 6214,
		"albumtitle": "旷野吗哪 2016年夏季合集(82)",
		"textContent": ""
	},
	{
		"title": "化忧伤为冠冕 20160622",
		"path": "http://media.febcchinese.org/streaming/mw/mw160622.mp3",
		"duration": 1760,
		"size": "14.1M",
		"albumName": "旷野吗哪 2016年夏季合集",
		"id": 6214000083,
		"albumId": 6214,
		"albumtitle": "旷野吗哪 2016年夏季合集(83)",
		"textContent": ""
	},
	{
		"title": "从天上去找 20160623",
		"path": "http://media.febcchinese.org/streaming/mw/mw160623.mp3",
		"duration": 1760,
		"size": "14.1M",
		"albumName": "旷野吗哪 2016年夏季合集",
		"id": 6214000084,
		"albumId": 6214,
		"albumtitle": "旷野吗哪 2016年夏季合集(84)",
		"textContent": ""
	},
	{
		"title": "向上的拉力 20160624",
		"path": "http://media.febcchinese.org/streaming/mw/mw160624.mp3",
		"duration": 1760,
		"size": "14.1M",
		"albumName": "旷野吗哪 2016年夏季合集",
		"id": 6214000085,
		"albumId": 6214,
		"albumtitle": "旷野吗哪 2016年夏季合集(85)",
		"textContent": ""
	},
	{
		"title": "活水江河 20160625",
		"path": "http://media.febcchinese.org/streaming/mw/mw160625.mp3",
		"duration": 1760,
		"size": "14.1M",
		"albumName": "旷野吗哪 2016年夏季合集",
		"id": 6214000086,
		"albumId": 6214,
		"albumtitle": "旷野吗哪 2016年夏季合集(86)",
		"textContent": ""
	},
	{
		"title": "爱的管教 20160626",
		"path": "http://media.febcchinese.org/streaming/mw/mw160626.mp3",
		"duration": 1760,
		"size": "14.1M",
		"albumName": "旷野吗哪 2016年夏季合集",
		"id": 6214000087,
		"albumId": 6214,
		"albumtitle": "旷野吗哪 2016年夏季合集(87)",
		"textContent": ""
	},
	{
		"title": "主仆 20160627",
		"path": "http://media.febcchinese.org/streaming/mw/mw160627.mp3",
		"duration": 1760,
		"size": "14.1M",
		"albumName": "旷野吗哪 2016年夏季合集",
		"id": 6214000088,
		"albumId": 6214,
		"albumtitle": "旷野吗哪 2016年夏季合集(88)",
		"textContent": ""
	},
	{
		"title": "提醒神？ 20160628",
		"path": "http://media.febcchinese.org/streaming/mw/mw160628.mp3",
		"duration": 1760,
		"size": "14.1M",
		"albumName": "旷野吗哪 2016年夏季合集",
		"id": 6214000089,
		"albumId": 6214,
		"albumtitle": "旷野吗哪 2016年夏季合集(89)",
		"textContent": ""
	},
	{
		"title": "心中得安息 20160629",
		"path": "http://media.febcchinese.org/streaming/mw/mw160629.mp3",
		"duration": 1760,
		"size": "14.1M",
		"albumName": "旷野吗哪 2016年夏季合集",
		"id": 6214000090,
		"albumId": 6214,
		"albumtitle": "旷野吗哪 2016年夏季合集(90)",
		"textContent": ""
	},
	{
		"title": "神圣的俗事 20160630",
		"path": "http://media.febcchinese.org/streaming/mw/mw160630.mp3",
		"duration": 1760,
		"size": "14.1M",
		"albumName": "旷野吗哪 2016年夏季合集",
		"id": 6214000091,
		"albumId": 6214,
		"albumtitle": "旷野吗哪 2016年夏季合集(91)",
		"textContent": ""
	}
]