[
	{
		"title": "匆忙总是得不偿失 20160701",
		"path": "http://media.febcchinese.org/streaming/mw/mw160701.mp3",
		"duration": 1760,
		"size": "14.1M",
		"albumName": "旷野吗哪 2016年秋季合集",
		"id": 6215000001,
		"albumId": 6215,
		"albumtitle": "旷野吗哪 2016年秋季合集(1)",
		"textContent": ""
	},
	{
		"title": "安静的力量 20160702",
		"path": "http://media.febcchinese.org/streaming/mw/mw160702.mp3",
		"duration": 1760,
		"size": "14.1M",
		"albumName": "旷野吗哪 2016年秋季合集",
		"id": 6215000002,
		"albumId": 6215,
		"albumtitle": "旷野吗哪 2016年秋季合集(2)",
		"textContent": ""
	},
	{
		"title": "香柏树 20160703",
		"path": "http://media.febcchinese.org/streaming/mw/mw160703.mp3",
		"duration": 1760,
		"size": "14.1M",
		"albumName": "旷野吗哪 2016年秋季合集",
		"id": 6215000003,
		"albumId": 6215,
		"albumtitle": "旷野吗哪 2016年秋季合集(3)",
		"textContent": ""
	},
	{
		"title": "不用哭求 20160704",
		"path": "http://media.febcchinese.org/streaming/mw/mw160704.mp3",
		"duration": 1760,
		"size": "14.1M",
		"albumName": "旷野吗哪 2016年秋季合集",
		"id": 6215000004,
		"albumId": 6215,
		"albumtitle": "旷野吗哪 2016年秋季合集(4)",
		"textContent": ""
	},
	{
		"title": "喜乐的人生 20160705",
		"path": "http://media.febcchinese.org/streaming/mw/mw160705.mp3",
		"duration": 1760,
		"size": "14.1M",
		"albumName": "旷野吗哪 2016年秋季合集",
		"id": 6215000005,
		"albumId": 6215,
		"albumtitle": "旷野吗哪 2016年秋季合集(5)",
		"textContent": ""
	},
	{
		"title": "无须焦虑 20160706",
		"path": "http://media.febcchinese.org/streaming/mw/mw160706.mp3",
		"duration": 1760,
		"size": "14.1M",
		"albumName": "旷野吗哪 2016年秋季合集",
		"id": 6215000006,
		"albumId": 6215,
		"albumtitle": "旷野吗哪 2016年秋季合集(6)",
		"textContent": ""
	},
	{
		"title": "我们是与神同工的 20160707",
		"path": "http://media.febcchinese.org/streaming/mw/mw160707.mp3",
		"duration": 1760,
		"size": "14.1M",
		"albumName": "旷野吗哪 2016年秋季合集",
		"id": 6215000007,
		"albumId": 6215,
		"albumtitle": "旷野吗哪 2016年秋季合集(7)",
		"textContent": ""
	},
	{
		"title": "憧憬未来 20160708",
		"path": "http://media.febcchinese.org/streaming/mw/mw160708.mp3",
		"duration": 1760,
		"size": "14.1M",
		"albumName": "旷野吗哪 2016年秋季合集",
		"id": 6215000008,
		"albumId": 6215,
		"albumtitle": "旷野吗哪 2016年秋季合集(8)",
		"textContent": ""
	},
	{
		"title": "越上越宽 20160709",
		"path": "http://media.febcchinese.org/streaming/mw/mw160709.mp3",
		"duration": 1760,
		"size": "14.1M",
		"albumName": "旷野吗哪 2016年秋季合集",
		"id": 6215000009,
		"albumId": 6215,
		"albumtitle": "旷野吗哪 2016年秋季合集(9)",
		"textContent": ""
	},
	{
		"title": "雨果的信仰 20160710",
		"path": "http://media.febcchinese.org/streaming/mw/mw160710.mp3",
		"duration": 1760,
		"size": "14.1M",
		"albumName": "旷野吗哪 2016年秋季合集",
		"id": 6215000010,
		"albumId": 6215,
		"albumtitle": "旷野吗哪 2016年秋季合集(10)",
		"textContent": ""
	},
	{
		"title": "日子如何力量如何 20160711",
		"path": "http://media.febcchinese.org/streaming/mw/mw160711.mp3",
		"duration": 1760,
		"size": "14.1M",
		"albumName": "旷野吗哪 2016年秋季合集",
		"id": 6215000011,
		"albumId": 6215,
		"albumtitle": "旷野吗哪 2016年秋季合集(11)",
		"textContent": ""
	},
	{
		"title": "十字架的道路 20160712",
		"path": "http://media.febcchinese.org/streaming/mw/mw160712.mp3",
		"duration": 1760,
		"size": "14.1M",
		"albumName": "旷野吗哪 2016年秋季合集",
		"id": 6215000012,
		"albumId": 6215,
		"albumtitle": "旷野吗哪 2016年秋季合集(12)",
		"textContent": ""
	},
	{
		"title": "没有意外 20160713",
		"path": "http://media.febcchinese.org/streaming/mw/mw160713.mp3",
		"duration": 1760,
		"size": "14.1M",
		"albumName": "旷野吗哪 2016年秋季合集",
		"id": 6215000013,
		"albumId": 6215,
		"albumtitle": "旷野吗哪 2016年秋季合集(13)",
		"textContent": ""
	},
	{
		"title": "圣徒欢唱 20160714",
		"path": "http://media.febcchinese.org/streaming/mw/mw160714.mp3",
		"duration": 1760,
		"size": "14.1M",
		"albumName": "旷野吗哪 2016年秋季合集",
		"id": 6215000014,
		"albumId": 6215,
		"albumtitle": "旷野吗哪 2016年秋季合集(14)",
		"textContent": ""
	},
	{
		"title": "心存盼望 20160715",
		"path": "http://media.febcchinese.org/streaming/mw/mw160715.mp3",
		"duration": 1760,
		"size": "14.1M",
		"albumName": "旷野吗哪 2016年秋季合集",
		"id": 6215000015,
		"albumId": 6215,
		"albumtitle": "旷野吗哪 2016年秋季合集(15)",
		"textContent": ""
	},
	{
		"title": "神的儿子 20160716",
		"path": "http://media.febcchinese.org/streaming/mw/mw160716.mp3",
		"duration": 1760,
		"size": "14.1M",
		"albumName": "旷野吗哪 2016年秋季合集",
		"id": 6215000016,
		"albumId": 6215,
		"albumtitle": "旷野吗哪 2016年秋季合集(16)",
		"textContent": ""
	},
	{
		"title": "灵魂的氧气 20160717",
		"path": "http://media.febcchinese.org/streaming/mw/mw160717.mp3",
		"duration": 1760,
		"size": "14.1M",
		"albumName": "旷野吗哪 2016年秋季合集",
		"id": 6215000017,
		"albumId": 6215,
		"albumtitle": "旷野吗哪 2016年秋季合集(17)",
		"textContent": ""
	},
	{
		"title": "神说话算话 20160718",
		"path": "http://media.febcchinese.org/streaming/mw/mw160718.mp3",
		"duration": 1760,
		"size": "14.1M",
		"albumName": "旷野吗哪 2016年秋季合集",
		"id": 6215000018,
		"albumId": 6215,
		"albumtitle": "旷野吗哪 2016年秋季合集(18)",
		"textContent": ""
	},
	{
		"title": "信心的祷告 20160719",
		"path": "http://media.febcchinese.org/streaming/mw/mw160719.mp3",
		"duration": 1760,
		"size": "14.1M",
		"albumName": "旷野吗哪 2016年秋季合集",
		"id": 6215000019,
		"albumId": 6215,
		"albumtitle": "旷野吗哪 2016年秋季合集(19)",
		"textContent": ""
	},
	{
		"title": "天路 20160720",
		"path": "http://media.febcchinese.org/streaming/mw/mw160720.mp3",
		"duration": 1760,
		"size": "14.1M",
		"albumName": "旷野吗哪 2016年秋季合集",
		"id": 6215000020,
		"albumId": 6215,
		"albumtitle": "旷野吗哪 2016年秋季合集(20)",
		"textContent": ""
	},
	{
		"title": "等候结局 20160721",
		"path": "http://media.febcchinese.org/streaming/mw/mw160721.mp3",
		"duration": 1760,
		"size": "14.1M",
		"albumName": "旷野吗哪 2016年秋季合集",
		"id": 6215000021,
		"albumId": 6215,
		"albumtitle": "旷野吗哪 2016年秋季合集(21)",
		"textContent": ""
	},
	{
		"title": "常在主里面 20160722",
		"path": "http://media.febcchinese.org/streaming/mw/mw160722.mp3",
		"duration": 1760,
		"size": "14.1M",
		"albumName": "旷野吗哪 2016年秋季合集",
		"id": 6215000022,
		"albumId": 6215,
		"albumtitle": "旷野吗哪 2016年秋季合集(22)",
		"textContent": ""
	},
	{
		"title": "树立风范 20160723",
		"path": "http://media.febcchinese.org/streaming/mw/mw160723.mp3",
		"duration": 1760,
		"size": "14.1M",
		"albumName": "旷野吗哪 2016年秋季合集",
		"id": 6215000023,
		"albumId": 6215,
		"albumtitle": "旷野吗哪 2016年秋季合集(23)",
		"textContent": ""
	},
	{
		"title": "与主亲近 20160724",
		"path": "http://media.febcchinese.org/streaming/mw/mw160724.mp3",
		"duration": 1760,
		"size": "14.1M",
		"albumName": "旷野吗哪 2016年秋季合集",
		"id": 6215000024,
		"albumId": 6215,
		"albumtitle": "旷野吗哪 2016年秋季合集(24)",
		"textContent": ""
	},
	{
		"title": "祂救了我 20160725",
		"path": "http://media.febcchinese.org/streaming/mw/mw160725.mp3",
		"duration": 1760,
		"size": "14.1M",
		"albumName": "旷野吗哪 2016年秋季合集",
		"id": 6215000025,
		"albumId": 6215,
		"albumtitle": "旷野吗哪 2016年秋季合集(25)",
		"textContent": ""
	},
	{
		"title": "喜乐欢唱 20160726",
		"path": "http://media.febcchinese.org/streaming/mw/mw160726.mp3",
		"duration": 1760,
		"size": "14.1M",
		"albumName": "旷野吗哪 2016年秋季合集",
		"id": 6215000026,
		"albumId": 6215,
		"albumtitle": "旷野吗哪 2016年秋季合集(26)",
		"textContent": ""
	},
	{
		"title": "在神手中 20160727",
		"path": "http://media.febcchinese.org/streaming/mw/mw160727.mp3",
		"duration": 1760,
		"size": "14.1M",
		"albumName": "旷野吗哪 2016年秋季合集",
		"id": 6215000027,
		"albumId": 6215,
		"albumtitle": "旷野吗哪 2016年秋季合集(27)",
		"textContent": ""
	},
	{
		"title": "有福的确据 20160728",
		"path": "http://media.febcchinese.org/streaming/mw/mw160728.mp3",
		"duration": 1760,
		"size": "14.1M",
		"albumName": "旷野吗哪 2016年秋季合集",
		"id": 6215000028,
		"albumId": 6215,
		"albumtitle": "旷野吗哪 2016年秋季合集(28)",
		"textContent": ""
	},
	{
		"title": "当告诉耶稣 20160729",
		"path": "http://media.febcchinese.org/streaming/mw/mw160729.mp3",
		"duration": 1760,
		"size": "14.1M",
		"albumName": "旷野吗哪 2016年秋季合集",
		"id": 6215000029,
		"albumId": 6215,
		"albumtitle": "旷野吗哪 2016年秋季合集(29)",
		"textContent": ""
	},
	{
		"title": "认清事实 20160730",
		"path": "http://media.febcchinese.org/streaming/mw/mw160730.mp3",
		"duration": 1760,
		"size": "14.1M",
		"albumName": "旷野吗哪 2016年秋季合集",
		"id": 6215000030,
		"albumId": 6215,
		"albumtitle": "旷野吗哪 2016年秋季合集(30)",
		"textContent": ""
	},
	{
		"title": "幽谷曙光 20160731",
		"path": "http://media.febcchinese.org/streaming/mw/mw160731.mp3",
		"duration": 1760,
		"size": "14.1M",
		"albumName": "旷野吗哪 2016年秋季合集",
		"id": 6215000031,
		"albumId": 6215,
		"albumtitle": "旷野吗哪 2016年秋季合集(31)",
		"textContent": ""
	},
	{
		"title": "假日和圣日 20160801",
		"path": "http://media.febcchinese.org/streaming/mw/mw160801.mp3",
		"duration": 1760,
		"size": "14.1M",
		"albumName": "旷野吗哪 2016年秋季合集",
		"id": 6215000032,
		"albumId": 6215,
		"albumtitle": "旷野吗哪 2016年秋季合集(32)",
		"textContent": ""
	},
	{
		"title": "都在掌控中 20160802",
		"path": "http://media.febcchinese.org/streaming/mw/mw160802.mp3",
		"duration": 1760,
		"size": "14.1M",
		"albumName": "旷野吗哪 2016年秋季合集",
		"id": 6215000033,
		"albumId": 6215,
		"albumtitle": "旷野吗哪 2016年秋季合集(33)",
		"textContent": ""
	},
	{
		"title": "流泪谷 20160803",
		"path": "http://media.febcchinese.org/streaming/mw/mw160803.mp3",
		"duration": 1760,
		"size": "14.1M",
		"albumName": "旷野吗哪 2016年秋季合集",
		"id": 6215000034,
		"albumId": 6215,
		"albumtitle": "旷野吗哪 2016年秋季合集(34)",
		"textContent": ""
	},
	{
		"title": "信德 20160804",
		"path": "http://media.febcchinese.org/streaming/mw/mw160804.mp3",
		"duration": 1760,
		"size": "14.1M",
		"albumName": "旷野吗哪 2016年秋季合集",
		"id": 6215000035,
		"albumId": 6215,
		"albumtitle": "旷野吗哪 2016年秋季合集(35)",
		"textContent": ""
	},
	{
		"title": "彰显基督的爱心 20160805",
		"path": "http://media.febcchinese.org/streaming/mw/mw160805.mp3",
		"duration": 1760,
		"size": "14.1M",
		"albumName": "旷野吗哪 2016年秋季合集",
		"id": 6215000036,
		"albumId": 6215,
		"albumtitle": "旷野吗哪 2016年秋季合集(36)",
		"textContent": ""
	},
	{
		"title": "我是主羊 20160806",
		"path": "http://media.febcchinese.org/streaming/mw/mw160806.mp3",
		"duration": 1760,
		"size": "14.1M",
		"albumName": "旷野吗哪 2016年秋季合集",
		"id": 6215000037,
		"albumId": 6215,
		"albumtitle": "旷野吗哪 2016年秋季合集(37)",
		"textContent": ""
	},
	{
		"title": "如同火炬 20160807",
		"path": "http://media.febcchinese.org/streaming/mw/mw160807.mp3",
		"duration": 1760,
		"size": "14.1M",
		"albumName": "旷野吗哪 2016年秋季合集",
		"id": 6215000038,
		"albumId": 6215,
		"albumtitle": "旷野吗哪 2016年秋季合集(38)",
		"textContent": ""
	},
	{
		"title": "或许就在今天 20160808",
		"path": "http://media.febcchinese.org/streaming/mw/mw160808.mp3",
		"duration": 1760,
		"size": "14.1M",
		"albumName": "旷野吗哪 2016年秋季合集",
		"id": 6215000039,
		"albumId": 6215,
		"albumtitle": "旷野吗哪 2016年秋季合集(39)",
		"textContent": ""
	},
	{
		"title": "老人 20160809",
		"path": "http://media.febcchinese.org/streaming/mw/mw160809.mp3",
		"duration": 1760,
		"size": "14.1M",
		"albumName": "旷野吗哪 2016年秋季合集",
		"id": 6215000040,
		"albumId": 6215,
		"albumtitle": "旷野吗哪 2016年秋季合集(40)",
		"textContent": ""
	},
	{
		"title": "献身的秘诀 20160810",
		"path": "http://media.febcchinese.org/streaming/mw/mw160810.mp3",
		"duration": 1760,
		"size": "14.1M",
		"albumName": "旷野吗哪 2016年秋季合集",
		"id": 6215000041,
		"albumId": 6215,
		"albumtitle": "旷野吗哪 2016年秋季合集(41)",
		"textContent": ""
	},
	{
		"title": "最后一程 20160811",
		"path": "http://media.febcchinese.org/streaming/mw/mw160811.mp3",
		"duration": 1760,
		"size": "14.1M",
		"albumName": "旷野吗哪 2016年秋季合集",
		"id": 6215000042,
		"albumId": 6215,
		"albumtitle": "旷野吗哪 2016年秋季合集(42)",
		"textContent": ""
	},
	{
		"title": "听主声音 20160812",
		"path": "http://media.febcchinese.org/streaming/mw/mw160812.mp3",
		"duration": 1760,
		"size": "14.1M",
		"albumName": "旷野吗哪 2016年秋季合集",
		"id": 6215000043,
		"albumId": 6215,
		"albumtitle": "旷野吗哪 2016年秋季合集(43)",
		"textContent": ""
	},
	{
		"title": "守望祷告 20160813",
		"path": "http://media.febcchinese.org/streaming/mw/mw160813.mp3",
		"duration": 1760,
		"size": "14.1M",
		"albumName": "旷野吗哪 2016年秋季合集",
		"id": 6215000044,
		"albumId": 6215,
		"albumtitle": "旷野吗哪 2016年秋季合集(44)",
		"textContent": ""
	},
	{
		"title": "炼我愈精 20160814",
		"path": "http://media.febcchinese.org/streaming/mw/mw160814.mp3",
		"duration": 1760,
		"size": "14.1M",
		"albumName": "旷野吗哪 2016年秋季合集",
		"id": 6215000045,
		"albumId": 6215,
		"albumtitle": "旷野吗哪 2016年秋季合集(45)",
		"textContent": ""
	},
	{
		"title": "恩典之路 20160815",
		"path": "http://media.febcchinese.org/streaming/mw/mw160815.mp3",
		"duration": 1760,
		"size": "14.1M",
		"albumName": "旷野吗哪 2016年秋季合集",
		"id": 6215000046,
		"albumId": 6215,
		"albumtitle": "旷野吗哪 2016年秋季合集(46)",
		"textContent": ""
	},
	{
		"title": "保持属天的高度 20160816",
		"path": "http://media.febcchinese.org/streaming/mw/mw160816.mp3",
		"duration": 1760,
		"size": "14.1M",
		"albumName": "旷野吗哪 2016年秋季合集",
		"id": 6215000047,
		"albumId": 6215,
		"albumtitle": "旷野吗哪 2016年秋季合集(47)",
		"textContent": ""
	},
	{
		"title": "永久的居所 20160817",
		"path": "http://media.febcchinese.org/streaming/mw/mw160817.mp3",
		"duration": 1760,
		"size": "14.1M",
		"albumName": "旷野吗哪 2016年秋季合集",
		"id": 6215000048,
		"albumId": 6215,
		"albumtitle": "旷野吗哪 2016年秋季合集(48)",
		"textContent": ""
	},
	{
		"title": "穷寡妇的信心 20160818",
		"path": "http://media.febcchinese.org/streaming/mw/mw160818.mp3",
		"duration": 1760,
		"size": "14.1M",
		"albumName": "旷野吗哪 2016年秋季合集",
		"id": 6215000049,
		"albumId": 6215,
		"albumtitle": "旷野吗哪 2016年秋季合集(49)",
		"textContent": ""
	},
	{
		"title": "主里安息 20160819",
		"path": "http://media.febcchinese.org/streaming/mw/mw160819.mp3",
		"duration": 1760,
		"size": "14.1M",
		"albumName": "旷野吗哪 2016年秋季合集",
		"id": 6215000050,
		"albumId": 6215,
		"albumtitle": "旷野吗哪 2016年秋季合集(50)",
		"textContent": ""
	},
	{
		"title": "碇泊於永恒 20160820",
		"path": "http://media.febcchinese.org/streaming/mw/mw160820.mp3",
		"duration": 1760,
		"size": "14.1M",
		"albumName": "旷野吗哪 2016年秋季合集",
		"id": 6215000051,
		"albumId": 6215,
		"albumtitle": "旷野吗哪 2016年秋季合集(51)",
		"textContent": ""
	},
	{
		"title": "凭信心而非感觉 20160821",
		"path": "http://media.febcchinese.org/streaming/mw/mw160821.mp3",
		"duration": 1760,
		"size": "14.1M",
		"albumName": "旷野吗哪 2016年秋季合集",
		"id": 6215000052,
		"albumId": 6215,
		"albumtitle": "旷野吗哪 2016年秋季合集(52)",
		"textContent": ""
	},
	{
		"title": "永不动摇 20160822",
		"path": "http://media.febcchinese.org/streaming/mw/mw160822.mp3",
		"duration": 1760,
		"size": "14.1M",
		"albumName": "旷野吗哪 2016年秋季合集",
		"id": 6215000053,
		"albumId": 6215,
		"albumtitle": "旷野吗哪 2016年秋季合集(53)",
		"textContent": ""
	},
	{
		"title": "迫切祷告 20160823",
		"path": "http://media.febcchinese.org/streaming/mw/mw160823.mp3",
		"duration": 1760,
		"size": "14.1M",
		"albumName": "旷野吗哪 2016年秋季合集",
		"id": 6215000054,
		"albumId": 6215,
		"albumtitle": "旷野吗哪 2016年秋季合集(54)",
		"textContent": ""
	},
	{
		"title": "宁可加速前进 20160824",
		"path": "http://media.febcchinese.org/streaming/mw/mw160824.mp3",
		"duration": 1760,
		"size": "14.1M",
		"albumName": "旷野吗哪 2016年秋季合集",
		"id": 6215000055,
		"albumId": 6215,
		"albumtitle": "旷野吗哪 2016年秋季合集(55)",
		"textContent": ""
	},
	{
		"title": "已经看见 20160825",
		"path": "http://media.febcchinese.org/streaming/mw/mw160825.mp3",
		"duration": 1760,
		"size": "14.1M",
		"albumName": "旷野吗哪 2016年秋季合集",
		"id": 6215000056,
		"albumId": 6215,
		"albumtitle": "旷野吗哪 2016年秋季合集(56)",
		"textContent": ""
	},
	{
		"title": "不要怕，只要信！ 20160826",
		"path": "http://media.febcchinese.org/streaming/mw/mw160826.mp3",
		"duration": 1760,
		"size": "14.1M",
		"albumName": "旷野吗哪 2016年秋季合集",
		"id": 6215000057,
		"albumId": 6215,
		"albumtitle": "旷野吗哪 2016年秋季合集(57)",
		"textContent": ""
	},
	{
		"title": "极早醒起 20160827",
		"path": "http://media.febcchinese.org/streaming/mw/mw160827.mp3",
		"duration": 1760,
		"size": "14.1M",
		"albumName": "旷野吗哪 2016年秋季合集",
		"id": 6215000058,
		"albumId": 6215,
		"albumtitle": "旷野吗哪 2016年秋季合集(58)",
		"textContent": ""
	},
	{
		"title": "想象天堂 20160828",
		"path": "http://media.febcchinese.org/streaming/mw/mw160828.mp3",
		"duration": 1760,
		"size": "14.1M",
		"albumName": "旷野吗哪 2016年秋季合集",
		"id": 6215000059,
		"albumId": 6215,
		"albumtitle": "旷野吗哪 2016年秋季合集(59)",
		"textContent": ""
	},
	{
		"title": "享受旅程 20160829",
		"path": "http://media.febcchinese.org/streaming/mw/mw160829.mp3",
		"duration": 1760,
		"size": "14.1M",
		"albumName": "旷野吗哪 2016年秋季合集",
		"id": 6215000060,
		"albumId": 6215,
		"albumtitle": "旷野吗哪 2016年秋季合集(60)",
		"textContent": ""
	},
	{
		"title": "旷野的学习 20160830",
		"path": "http://media.febcchinese.org/streaming/mw/mw160830.mp3",
		"duration": 1760,
		"size": "14.1M",
		"albumName": "旷野吗哪 2016年秋季合集",
		"id": 6215000061,
		"albumId": 6215,
		"albumtitle": "旷野吗哪 2016年秋季合集(61)",
		"textContent": ""
	},
	{
		"title": "神的路 20160831",
		"path": "http://media.febcchinese.org/streaming/mw/mw160831.mp3",
		"duration": 1760,
		"size": "14.1M",
		"albumName": "旷野吗哪 2016年秋季合集",
		"id": 6215000062,
		"albumId": 6215,
		"albumtitle": "旷野吗哪 2016年秋季合集(62)",
		"textContent": ""
	},
	{
		"title": "喜乐的心 20160901",
		"path": "http://media.febcchinese.org/streaming/mw/mw160901.mp3",
		"duration": 1760,
		"size": "14.1M",
		"albumName": "旷野吗哪 2016年秋季合集",
		"id": 6215000063,
		"albumId": 6215,
		"albumtitle": "旷野吗哪 2016年秋季合集(63)",
		"textContent": ""
	},
	{
		"title": "活出美好 20160902",
		"path": "http://media.febcchinese.org/streaming/mw/mw160902.mp3",
		"duration": 1760,
		"size": "14.1M",
		"albumName": "旷野吗哪 2016年秋季合集",
		"id": 6215000064,
		"albumId": 6215,
		"albumtitle": "旷野吗哪 2016年秋季合集(64)",
		"textContent": ""
	},
	{
		"title": "如鹰展翅上腾 20160903",
		"path": "http://media.febcchinese.org/streaming/mw/mw160903.mp3",
		"duration": 1760,
		"size": "14.1M",
		"albumName": "旷野吗哪 2016年秋季合集",
		"id": 6215000065,
		"albumId": 6215,
		"albumtitle": "旷野吗哪 2016年秋季合集(65)",
		"textContent": ""
	},
	{
		"title": "苦难有意义 20160904",
		"path": "http://media.febcchinese.org/streaming/mw/mw160904.mp3",
		"duration": 1760,
		"size": "14.1M",
		"albumName": "旷野吗哪 2016年秋季合集",
		"id": 6215000066,
		"albumId": 6215,
		"albumtitle": "旷野吗哪 2016年秋季合集(66)",
		"textContent": ""
	},
	{
		"title": "我心灵得安宁 20160905",
		"path": "http://media.febcchinese.org/streaming/mw/mw160905.mp3",
		"duration": 1760,
		"size": "14.1M",
		"albumName": "旷野吗哪 2016年秋季合集",
		"id": 6215000067,
		"albumId": 6215,
		"albumtitle": "旷野吗哪 2016年秋季合集(67)",
		"textContent": ""
	},
	{
		"title": "多一些忍耐 20160906",
		"path": "http://media.febcchinese.org/streaming/mw/mw160906.mp3",
		"duration": 1760,
		"size": "14.1M",
		"albumName": "旷野吗哪 2016年秋季合集",
		"id": 6215000068,
		"albumId": 6215,
		"albumtitle": "旷野吗哪 2016年秋季合集(68)",
		"textContent": ""
	},
	{
		"title": "到主这里来 20160907",
		"path": "http://media.febcchinese.org/streaming/mw/mw160907.mp3",
		"duration": 1760,
		"size": "14.1M",
		"albumName": "旷野吗哪 2016年秋季合集",
		"id": 6215000069,
		"albumId": 6215,
		"albumtitle": "旷野吗哪 2016年秋季合集(69)",
		"textContent": ""
	},
	{
		"title": "新的一天 20160908",
		"path": "http://media.febcchinese.org/streaming/mw/mw160908.mp3",
		"duration": 1760,
		"size": "14.1M",
		"albumName": "旷野吗哪 2016年秋季合集",
		"id": 6215000070,
		"albumId": 6215,
		"albumtitle": "旷野吗哪 2016年秋季合集(70)",
		"textContent": ""
	},
	{
		"title": "求主所许 20160909",
		"path": "http://media.febcchinese.org/streaming/mw/mw160909.mp3",
		"duration": 1760,
		"size": "14.1M",
		"albumName": "旷野吗哪 2016年秋季合集",
		"id": 6215000071,
		"albumId": 6215,
		"albumtitle": "旷野吗哪 2016年秋季合集(71)",
		"textContent": ""
	},
	{
		"title": "灵修的果效 20160910",
		"path": "http://media.febcchinese.org/streaming/mw/mw160910.mp3",
		"duration": 1760,
		"size": "14.1M",
		"albumName": "旷野吗哪 2016年秋季合集",
		"id": 6215000072,
		"albumId": 6215,
		"albumtitle": "旷野吗哪 2016年秋季合集(72)",
		"textContent": ""
	},
	{
		"title": "向主呼求 20160911",
		"path": "http://media.febcchinese.org/streaming/mw/mw160911.mp3",
		"duration": 1760,
		"size": "14.1M",
		"albumName": "旷野吗哪 2016年秋季合集",
		"id": 6215000073,
		"albumId": 6215,
		"albumtitle": "旷野吗哪 2016年秋季合集(73)",
		"textContent": ""
	},
	{
		"title": "持续向上 20160912",
		"path": "http://media.febcchinese.org/streaming/mw/mw160912.mp3",
		"duration": 1760,
		"size": "14.1M",
		"albumName": "旷野吗哪 2016年秋季合集",
		"id": 6215000074,
		"albumId": 6215,
		"albumtitle": "旷野吗哪 2016年秋季合集(74)",
		"textContent": ""
	},
	{
		"title": "靠主有福 20160913",
		"path": "http://media.febcchinese.org/streaming/mw/mw160913.mp3",
		"duration": 1760,
		"size": "14.1M",
		"albumName": "旷野吗哪 2016年秋季合集",
		"id": 6215000075,
		"albumId": 6215,
		"albumtitle": "旷野吗哪 2016年秋季合集(75)",
		"textContent": ""
	},
	{
		"title": "与主同行 20160914",
		"path": "http://media.febcchinese.org/streaming/mw/mw160914.mp3",
		"duration": 1760,
		"size": "14.1M",
		"albumName": "旷野吗哪 2016年秋季合集",
		"id": 6215000076,
		"albumId": 6215,
		"albumtitle": "旷野吗哪 2016年秋季合集(76)",
		"textContent": ""
	},
	{
		"title": "枫叶的联想 20160915",
		"path": "http://media.febcchinese.org/streaming/mw/mw160915.mp3",
		"duration": 1760,
		"size": "14.1M",
		"albumName": "旷野吗哪 2016年秋季合集",
		"id": 6215000077,
		"albumId": 6215,
		"albumtitle": "旷野吗哪 2016年秋季合集(77)",
		"textContent": ""
	},
	{
		"title": "为神国效力 20160916",
		"path": "http://media.febcchinese.org/streaming/mw/mw160916.mp3",
		"duration": 1760,
		"size": "14.1M",
		"albumName": "旷野吗哪 2016年秋季合集",
		"id": 6215000078,
		"albumId": 6215,
		"albumtitle": "旷野吗哪 2016年秋季合集(78)",
		"textContent": ""
	},
	{
		"title": "确实的盼望 20160917",
		"path": "http://media.febcchinese.org/streaming/mw/mw160917.mp3",
		"duration": 1760,
		"size": "14.1M",
		"albumName": "旷野吗哪 2016年秋季合集",
		"id": 6215000079,
		"albumId": 6215,
		"albumtitle": "旷野吗哪 2016年秋季合集(79)",
		"textContent": ""
	},
	{
		"title": "活见证 20160918",
		"path": "http://media.febcchinese.org/streaming/mw/mw160918.mp3",
		"duration": 1760,
		"size": "14.1M",
		"albumName": "旷野吗哪 2016年秋季合集",
		"id": 6215000080,
		"albumId": 6215,
		"albumtitle": "旷野吗哪 2016年秋季合集(80)",
		"textContent": ""
	},
	{
		"title": "保持活跃 20160919",
		"path": "http://media.febcchinese.org/streaming/mw/mw160919.mp3",
		"duration": 1760,
		"size": "14.1M",
		"albumName": "旷野吗哪 2016年秋季合集",
		"id": 6215000081,
		"albumId": 6215,
		"albumtitle": "旷野吗哪 2016年秋季合集(81)",
		"textContent": ""
	},
	{
		"title": "作主忠仆 20160920",
		"path": "http://media.febcchinese.org/streaming/mw/mw160920.mp3",
		"duration": 1760,
		"size": "14.1M",
		"albumName": "旷野吗哪 2016年秋季合集",
		"id": 6215000082,
		"albumId": 6215,
		"albumtitle": "旷野吗哪 2016年秋季合集(82)",
		"textContent": ""
	},
	{
		"title": "散发基督的芳香 20160921",
		"path": "http://media.febcchinese.org/streaming/mw/mw160921.mp3",
		"duration": 1760,
		"size": "14.1M",
		"albumName": "旷野吗哪 2016年秋季合集",
		"id": 6215000083,
		"albumId": 6215,
		"albumtitle": "旷野吗哪 2016年秋季合集(83)",
		"textContent": ""
	},
	{
		"title": "深知所信 20160922",
		"path": "http://media.febcchinese.org/streaming/mw/mw160922.mp3",
		"duration": 1760,
		"size": "14.1M",
		"albumName": "旷野吗哪 2016年秋季合集",
		"id": 6215000084,
		"albumId": 6215,
		"albumtitle": "旷野吗哪 2016年秋季合集(84)",
		"textContent": ""
	},
	{
		"title": "平安的秘诀 20160923",
		"path": "http://media.febcchinese.org/streaming/mw/mw160923.mp3",
		"duration": 1760,
		"size": "14.1M",
		"albumName": "旷野吗哪 2016年秋季合集",
		"id": 6215000085,
		"albumId": 6215,
		"albumtitle": "旷野吗哪 2016年秋季合集(85)",
		"textContent": ""
	},
	{
		"title": "后来必明白 20160924",
		"path": "http://media.febcchinese.org/streaming/mw/mw160924.mp3",
		"duration": 1760,
		"size": "14.1M",
		"albumName": "旷野吗哪 2016年秋季合集",
		"id": 6215000086,
		"albumId": 6215,
		"albumtitle": "旷野吗哪 2016年秋季合集(86)",
		"textContent": ""
	},
	{
		"title": "永恒的春天 20160925",
		"path": "http://media.febcchinese.org/streaming/mw/mw160925.mp3",
		"duration": 1760,
		"size": "14.1M",
		"albumName": "旷野吗哪 2016年秋季合集",
		"id": 6215000087,
		"albumId": 6215,
		"albumtitle": "旷野吗哪 2016年秋季合集(87)",
		"textContent": ""
	},
	{
		"title": "好得无比 20160926",
		"path": "http://media.febcchinese.org/streaming/mw/mw160926.mp3",
		"duration": 1760,
		"size": "14.1M",
		"albumName": "旷野吗哪 2016年秋季合集",
		"id": 6215000088,
		"albumId": 6215,
		"albumtitle": "旷野吗哪 2016年秋季合集(88)",
		"textContent": ""
	},
	{
		"title": "点燃的蜡烛 20160927",
		"path": "http://media.febcchinese.org/streaming/mw/mw160927.mp3",
		"duration": 1760,
		"size": "14.1M",
		"albumName": "旷野吗哪 2016年秋季合集",
		"id": 6215000089,
		"albumId": 6215,
		"albumtitle": "旷野吗哪 2016年秋季合集(89)",
		"textContent": ""
	},
	{
		"title": "信心的眼光 20160928",
		"path": "http://media.febcchinese.org/streaming/mw/mw160928.mp3",
		"duration": 1760,
		"size": "14.1M",
		"albumName": "旷野吗哪 2016年秋季合集",
		"id": 6215000090,
		"albumId": 6215,
		"albumtitle": "旷野吗哪 2016年秋季合集(90)",
		"textContent": ""
	},
	{
		"title": "奇妙策士 20160929",
		"path": "http://media.febcchinese.org/streaming/mw/mw160929.mp3",
		"duration": 1760,
		"size": "14.1M",
		"albumName": "旷野吗哪 2016年秋季合集",
		"id": 6215000091,
		"albumId": 6215,
		"albumtitle": "旷野吗哪 2016年秋季合集(91)",
		"textContent": ""
	},
	{
		"title": "日日专心靠救主 20160930",
		"path": "http://media.febcchinese.org/streaming/mw/mw160930.mp3",
		"duration": 1760,
		"size": "14.1M",
		"albumName": "旷野吗哪 2016年秋季合集",
		"id": 6215000092,
		"albumId": 6215,
		"albumtitle": "旷野吗哪 2016年秋季合集(92)",
		"textContent": ""
	}
]