[
	{
		"title": "奔向日出 20160101",
		"path": "http://media.febcchinese.org/streaming/mw/mw160101.mp3",
		"duration": 1760,
		"size": "14.1M",
		"albumName": "旷野吗哪 2016年春季合集",
		"id": 6213000001,
		"albumId": 6213,
		"albumtitle": "旷野吗哪 2016年春季合集(1)",
		"textContent": ""
	},
	{
		"title": "如同云彩 20160102",
		"path": "http://media.febcchinese.org/streaming/mw/mw160102.mp3",
		"duration": 1760,
		"size": "14.1M",
		"albumName": "旷野吗哪 2016年春季合集",
		"id": 6213000002,
		"albumId": 6213,
		"albumtitle": "旷野吗哪 2016年春季合集(2)",
		"textContent": ""
	},
	{
		"title": "我与你同在 20160103",
		"path": "http://media.febcchinese.org/streaming/mw/mw160103.mp3",
		"duration": 1760,
		"size": "14.1M",
		"albumName": "旷野吗哪 2016年春季合集",
		"id": 6213000003,
		"albumId": 6213,
		"albumtitle": "旷野吗哪 2016年春季合集(3)",
		"textContent": ""
	},
	{
		"title": "同心的旅人 20160104",
		"path": "http://media.febcchinese.org/streaming/mw/mw160104.mp3",
		"duration": 1760,
		"size": "14.1M",
		"albumName": "旷野吗哪 2016年春季合集",
		"id": 6213000004,
		"albumId": 6213,
		"albumtitle": "旷野吗哪 2016年春季合集(4)",
		"textContent": ""
	},
	{
		"title": "与神合作 20160105",
		"path": "http://media.febcchinese.org/streaming/mw/mw160105.mp3",
		"duration": 1760,
		"size": "14.1M",
		"albumName": "旷野吗哪 2016年春季合集",
		"id": 6213000005,
		"albumId": 6213,
		"albumtitle": "旷野吗哪 2016年春季合集(5)",
		"textContent": ""
	},
	{
		"title": "无须顾虑 20160106",
		"path": "http://media.febcchinese.org/streaming/mw/mw160106.mp3",
		"duration": 1760,
		"size": "14.1M",
		"albumName": "旷野吗哪 2016年春季合集",
		"id": 6213000006,
		"albumId": 6213,
		"albumtitle": "旷野吗哪 2016年春季合集(6)",
		"textContent": ""
	},
	{
		"title": "快乐歌唱 20160107",
		"path": "http://media.febcchinese.org/streaming/mw/mw160107.mp3",
		"duration": 1760,
		"size": "14.1M",
		"albumName": "旷野吗哪 2016年春季合集",
		"id": 6213000007,
		"albumId": 6213,
		"albumtitle": "旷野吗哪 2016年春季合集(7)",
		"textContent": ""
	},
	{
		"title": "谁的十架？ 20160108",
		"path": "http://media.febcchinese.org/streaming/mw/mw160108.mp3",
		"duration": 1760,
		"size": "14.1M",
		"albumName": "旷野吗哪 2016年春季合集",
		"id": 6213000008,
		"albumId": 6213,
		"albumtitle": "旷野吗哪 2016年春季合集(8)",
		"textContent": ""
	},
	{
		"title": "福上加福 20160109",
		"path": "http://media.febcchinese.org/streaming/mw/mw160109.mp3",
		"duration": 1760,
		"size": "14.1M",
		"albumName": "旷野吗哪 2016年春季合集",
		"id": 6213000009,
		"albumId": 6213,
		"albumtitle": "旷野吗哪 2016年春季合集(9)",
		"textContent": ""
	},
	{
		"title": "万无一失 20160110",
		"path": "http://media.febcchinese.org/streaming/mw/mw160110.mp3",
		"duration": 1760,
		"size": "14.1M",
		"albumName": "旷野吗哪 2016年春季合集",
		"id": 6213000010,
		"albumId": 6213,
		"albumtitle": "旷野吗哪 2016年春季合集(10)",
		"textContent": ""
	},
	{
		"title": "缩短黑夜 20160111",
		"path": "http://media.febcchinese.org/streaming/mw/mw160111.mp3",
		"duration": 1760,
		"size": "14.1M",
		"albumName": "旷野吗哪 2016年春季合集",
		"id": 6213000011,
		"albumId": 6213,
		"albumtitle": "旷野吗哪 2016年春季合集(11)",
		"textContent": ""
	},
	{
		"title": "要进窄门 20160112",
		"path": "http://media.febcchinese.org/streaming/mw/mw160112.mp3",
		"duration": 1760,
		"size": "14.1M",
		"albumName": "旷野吗哪 2016年春季合集",
		"id": 6213000012,
		"albumId": 6213,
		"albumtitle": "旷野吗哪 2016年春季合集(12)",
		"textContent": ""
	},
	{
		"title": "等待与信赖 20160113",
		"path": "http://media.febcchinese.org/streaming/mw/mw160113.mp3",
		"duration": 1760,
		"size": "14.1M",
		"albumName": "旷野吗哪 2016年春季合集",
		"id": 6213000013,
		"albumId": 6213,
		"albumtitle": "旷野吗哪 2016年春季合集(13)",
		"textContent": ""
	},
	{
		"title": "坚持到底 20160114",
		"path": "http://media.febcchinese.org/streaming/mw/mw160114.mp3",
		"duration": 1760,
		"size": "14.1M",
		"albumName": "旷野吗哪 2016年春季合集",
		"id": 6213000014,
		"albumId": 6213,
		"albumtitle": "旷野吗哪 2016年春季合集(14)",
		"textContent": ""
	},
	{
		"title": "放心歇息 20160115",
		"path": "http://media.febcchinese.org/streaming/mw/mw160115.mp3",
		"duration": 1760,
		"size": "14.1M",
		"albumName": "旷野吗哪 2016年春季合集",
		"id": 6213000015,
		"albumId": 6213,
		"albumtitle": "旷野吗哪 2016年春季合集(15)",
		"textContent": ""
	},
	{
		"title": "安静 20160116",
		"path": "http://media.febcchinese.org/streaming/mw/mw160116.mp3",
		"duration": 1760,
		"size": "14.1M",
		"albumName": "旷野吗哪 2016年春季合集",
		"id": 6213000016,
		"albumId": 6213,
		"albumtitle": "旷野吗哪 2016年春季合集(16)",
		"textContent": ""
	},
	{
		"title": "有力的讲坛 20160117",
		"path": "http://media.febcchinese.org/streaming/mw/mw160117.mp3",
		"duration": 1760,
		"size": "14.1M",
		"albumName": "旷野吗哪 2016年春季合集",
		"id": 6213000017,
		"albumId": 6213,
		"albumtitle": "旷野吗哪 2016年春季合集(17)",
		"textContent": ""
	},
	{
		"title": "选民的信心 20160118",
		"path": "http://media.febcchinese.org/streaming/mw/mw160118.mp3",
		"duration": 1760,
		"size": "14.1M",
		"albumName": "旷野吗哪 2016年春季合集",
		"id": 6213000018,
		"albumId": 6213,
		"albumtitle": "旷野吗哪 2016年春季合集(18)",
		"textContent": ""
	},
	{
		"title": "谦卑满足 20160119",
		"path": "http://media.febcchinese.org/streaming/mw/mw160119.mp3",
		"duration": 1760,
		"size": "14.1M",
		"albumName": "旷野吗哪 2016年春季合集",
		"id": 6213000019,
		"albumId": 6213,
		"albumtitle": "旷野吗哪 2016年春季合集(19)",
		"textContent": ""
	},
	{
		"title": "向前看 20160120",
		"path": "http://media.febcchinese.org/streaming/mw/mw160120.mp3",
		"duration": 1760,
		"size": "14.1M",
		"albumName": "旷野吗哪 2016年春季合集",
		"id": 6213000020,
		"albumId": 6213,
		"albumtitle": "旷野吗哪 2016年春季合集(20)",
		"textContent": ""
	},
	{
		"title": "耶稣爱我 20160121",
		"path": "http://media.febcchinese.org/streaming/mw/mw160121.mp3",
		"duration": 1760,
		"size": "14.1M",
		"albumName": "旷野吗哪 2016年春季合集",
		"id": 6213000021,
		"albumId": 6213,
		"albumtitle": "旷野吗哪 2016年春季合集(21)",
		"textContent": ""
	},
	{
		"title": "训言有益 20160122",
		"path": "http://media.febcchinese.org/streaming/mw/mw160122.mp3",
		"duration": 1760,
		"size": "14.1M",
		"albumName": "旷野吗哪 2016年春季合集",
		"id": 6213000022,
		"albumId": 6213,
		"albumtitle": "旷野吗哪 2016年春季合集(22)",
		"textContent": ""
	},
	{
		"title": "不变的爱 20160123",
		"path": "http://media.febcchinese.org/streaming/mw/mw160123.mp3",
		"duration": 1760,
		"size": "14.1M",
		"albumName": "旷野吗哪 2016年春季合集",
		"id": 6213000023,
		"albumId": 6213,
		"albumtitle": "旷野吗哪 2016年春季合集(23)",
		"textContent": ""
	},
	{
		"title": "自从我认识耶稣 20160124",
		"path": "http://media.febcchinese.org/streaming/mw/mw160124.mp3",
		"duration": 1760,
		"size": "14.1M",
		"albumName": "旷野吗哪 2016年春季合集",
		"id": 6213000024,
		"albumId": 6213,
		"albumtitle": "旷野吗哪 2016年春季合集(24)",
		"textContent": ""
	},
	{
		"title": "主内满足 20160125",
		"path": "http://media.febcchinese.org/streaming/mw/mw160125.mp3",
		"duration": 1760,
		"size": "14.1M",
		"albumName": "旷野吗哪 2016年春季合集",
		"id": 6213000025,
		"albumId": 6213,
		"albumtitle": "旷野吗哪 2016年春季合集(25)",
		"textContent": ""
	},
	{
		"title": "安稳在耶稣手中 20160126",
		"path": "http://media.febcchinese.org/streaming/mw/mw160126.mp3",
		"duration": 1760,
		"size": "14.1M",
		"albumName": "旷野吗哪 2016年春季合集",
		"id": 6213000026,
		"albumId": 6213,
		"albumtitle": "旷野吗哪 2016年春季合集(26)",
		"textContent": ""
	},
	{
		"title": "消失与成长 20160127",
		"path": "http://media.febcchinese.org/streaming/mw/mw160127.mp3",
		"duration": 1760,
		"size": "14.1M",
		"albumName": "旷野吗哪 2016年春季合集",
		"id": 6213000027,
		"albumId": 6213,
		"albumtitle": "旷野吗哪 2016年春季合集(27)",
		"textContent": ""
	},
	{
		"title": "严冬过后 20160128",
		"path": "http://media.febcchinese.org/streaming/mw/mw160128.mp3",
		"duration": 1760,
		"size": "14.1M",
		"albumName": "旷野吗哪 2016年春季合集",
		"id": 6213000028,
		"albumId": 6213,
		"albumtitle": "旷野吗哪 2016年春季合集(28)",
		"textContent": ""
	},
	{
		"title": "认清焦虑 20160129",
		"path": "http://media.febcchinese.org/streaming/mw/mw160129.mp3",
		"duration": 1760,
		"size": "14.1M",
		"albumName": "旷野吗哪 2016年春季合集",
		"id": 6213000029,
		"albumId": 6213,
		"albumtitle": "旷野吗哪 2016年春季合集(29)",
		"textContent": ""
	},
	{
		"title": "跟主前行 20160130",
		"path": "http://media.febcchinese.org/streaming/mw/mw160130.mp3",
		"duration": 1760,
		"size": "14.1M",
		"albumName": "旷野吗哪 2016年春季合集",
		"id": 6213000030,
		"albumId": 6213,
		"albumtitle": "旷野吗哪 2016年春季合集(30)",
		"textContent": ""
	},
	{
		"title": "莫回头 20160131",
		"path": "http://media.febcchinese.org/streaming/mw/mw160131.mp3",
		"duration": 1760,
		"size": "14.1M",
		"albumName": "旷野吗哪 2016年春季合集",
		"id": 6213000031,
		"albumId": 6213,
		"albumtitle": "旷野吗哪 2016年春季合集(31)",
		"textContent": ""
	},
	{
		"title": "内心的耕耘 20160201",
		"path": "http://media.febcchinese.org/streaming/mw/mw160201.mp3",
		"duration": 1760,
		"size": "14.1M",
		"albumName": "旷野吗哪 2016年春季合集",
		"id": 6213000032,
		"albumId": 6213,
		"albumtitle": "旷野吗哪 2016年春季合集(32)",
		"textContent": ""
	},
	{
		"title": "在乎原则 20160202",
		"path": "http://media.febcchinese.org/streaming/mw/mw160202.mp3",
		"duration": 1760,
		"size": "14.1M",
		"albumName": "旷野吗哪 2016年春季合集",
		"id": 6213000033,
		"albumId": 6213,
		"albumtitle": "旷野吗哪 2016年春季合集(33)",
		"textContent": ""
	},
	{
		"title": "时候未到 20160203",
		"path": "http://media.febcchinese.org/streaming/mw/mw160203.mp3",
		"duration": 1760,
		"size": "14.1M",
		"albumName": "旷野吗哪 2016年春季合集",
		"id": 6213000034,
		"albumId": 6213,
		"albumtitle": "旷野吗哪 2016年春季合集(34)",
		"textContent": ""
	},
	{
		"title": "老年守则 20160204",
		"path": "http://media.febcchinese.org/streaming/mw/mw160204.mp3",
		"duration": 1760,
		"size": "14.1M",
		"albumName": "旷野吗哪 2016年春季合集",
		"id": 6213000035,
		"albumId": 6213,
		"albumtitle": "旷野吗哪 2016年春季合集(35)",
		"textContent": ""
	},
	{
		"title": "未来规划 20160205",
		"path": "http://media.febcchinese.org/streaming/mw/mw160205.mp3",
		"duration": 1760,
		"size": "14.1M",
		"albumName": "旷野吗哪 2016年春季合集",
		"id": 6213000036,
		"albumId": 6213,
		"albumtitle": "旷野吗哪 2016年春季合集(36)",
		"textContent": ""
	},
	{
		"title": "信心之旅 20160206",
		"path": "http://media.febcchinese.org/streaming/mw/mw160206.mp3",
		"duration": 1760,
		"size": "14.1M",
		"albumName": "旷野吗哪 2016年春季合集",
		"id": 6213000037,
		"albumId": 6213,
		"albumtitle": "旷野吗哪 2016年春季合集(37)",
		"textContent": ""
	},
	{
		"title": "无须害怕 20160207",
		"path": "http://media.febcchinese.org/streaming/mw/mw160207.mp3",
		"duration": 1760,
		"size": "14.1M",
		"albumName": "旷野吗哪 2016年春季合集",
		"id": 6213000038,
		"albumId": 6213,
		"albumtitle": "旷野吗哪 2016年春季合集(38)",
		"textContent": ""
	},
	{
		"title": "吸引力的源头 20160208",
		"path": "http://media.febcchinese.org/streaming/mw/mw160208.mp3",
		"duration": 1760,
		"size": "14.1M",
		"albumName": "旷野吗哪 2016年春季合集",
		"id": 6213000039,
		"albumId": 6213,
		"albumtitle": "旷野吗哪 2016年春季合集(39)",
		"textContent": ""
	},
	{
		"title": "美好安排 20160209",
		"path": "http://media.febcchinese.org/streaming/mw/mw160209.mp3",
		"duration": 1760,
		"size": "14.1M",
		"albumName": "旷野吗哪 2016年春季合集",
		"id": 6213000040,
		"albumId": 6213,
		"albumtitle": "旷野吗哪 2016年春季合集(40)",
		"textContent": ""
	},
	{
		"title": "歌唱不停 20160210",
		"path": "http://media.febcchinese.org/streaming/mw/mw160210.mp3",
		"duration": 1760,
		"size": "14.1M",
		"albumName": "旷野吗哪 2016年春季合集",
		"id": 6213000041,
		"albumId": 6213,
		"albumtitle": "旷野吗哪 2016年春季合集(41)",
		"textContent": ""
	},
	{
		"title": "往下扎根 20160211",
		"path": "http://media.febcchinese.org/streaming/mw/mw160211.mp3",
		"duration": 1760,
		"size": "14.1M",
		"albumName": "旷野吗哪 2016年春季合集",
		"id": 6213000042,
		"albumId": 6213,
		"albumtitle": "旷野吗哪 2016年春季合集(42)",
		"textContent": ""
	},
	{
		"title": "活泼的盼望 20160212",
		"path": "http://media.febcchinese.org/streaming/mw/mw160212.mp3",
		"duration": 1760,
		"size": "14.1M",
		"albumName": "旷野吗哪 2016年春季合集",
		"id": 6213000043,
		"albumId": 6213,
		"albumtitle": "旷野吗哪 2016年春季合集(43)",
		"textContent": ""
	},
	{
		"title": "把握今天 20160213",
		"path": "http://media.febcchinese.org/streaming/mw/mw160213.mp3",
		"duration": 1760,
		"size": "14.1M",
		"albumName": "旷野吗哪 2016年春季合集",
		"id": 6213000044,
		"albumId": 6213,
		"albumtitle": "旷野吗哪 2016年春季合集(44)",
		"textContent": ""
	},
	{
		"title": "最好的还在前面 20160214",
		"path": "http://media.febcchinese.org/streaming/mw/mw160214.mp3",
		"duration": 1760,
		"size": "14.1M",
		"albumName": "旷野吗哪 2016年春季合集",
		"id": 6213000045,
		"albumId": 6213,
		"albumtitle": "旷野吗哪 2016年春季合集(45)",
		"textContent": ""
	},
	{
		"title": "神能扭转 20160215",
		"path": "http://media.febcchinese.org/streaming/mw/mw160215.mp3",
		"duration": 1760,
		"size": "14.1M",
		"albumName": "旷野吗哪 2016年春季合集",
		"id": 6213000046,
		"albumId": 6213,
		"albumtitle": "旷野吗哪 2016年春季合集(46)",
		"textContent": ""
	},
	{
		"title": "心愿 20160216",
		"path": "http://media.febcchinese.org/streaming/mw/mw160216.mp3",
		"duration": 1760,
		"size": "14.1M",
		"albumName": "旷野吗哪 2016年春季合集",
		"id": 6213000047,
		"albumId": 6213,
		"albumtitle": "旷野吗哪 2016年春季合集(47)",
		"textContent": ""
	},
	{
		"title": "沮丧时的祷告 20160217",
		"path": "http://media.febcchinese.org/streaming/mw/mw160217.mp3",
		"duration": 1760,
		"size": "14.1M",
		"albumName": "旷野吗哪 2016年春季合集",
		"id": 6213000048,
		"albumId": 6213,
		"albumtitle": "旷野吗哪 2016年春季合集(48)",
		"textContent": ""
	},
	{
		"title": "面带笑容 20160218",
		"path": "http://media.febcchinese.org/streaming/mw/mw160218.mp3",
		"duration": 1760,
		"size": "14.1M",
		"albumName": "旷野吗哪 2016年春季合集",
		"id": 6213000049,
		"albumId": 6213,
		"albumtitle": "旷野吗哪 2016年春季合集(49)",
		"textContent": ""
	},
	{
		"title": "愚蠢的错误 20160219",
		"path": "http://media.febcchinese.org/streaming/mw/mw160219.mp3",
		"duration": 1760,
		"size": "14.1M",
		"albumName": "旷野吗哪 2016年春季合集",
		"id": 6213000050,
		"albumId": 6213,
		"albumtitle": "旷野吗哪 2016年春季合集(50)",
		"textContent": ""
	},
	{
		"title": "认识牧者 20160220",
		"path": "http://media.febcchinese.org/streaming/mw/mw160220.mp3",
		"duration": 1760,
		"size": "14.1M",
		"albumName": "旷野吗哪 2016年春季合集",
		"id": 6213000051,
		"albumId": 6213,
		"albumtitle": "旷野吗哪 2016年春季合集(51)",
		"textContent": ""
	},
	{
		"title": "让主拉着我的手 20160221",
		"path": "http://media.febcchinese.org/streaming/mw/mw160221.mp3",
		"duration": 1760,
		"size": "14.1M",
		"albumName": "旷野吗哪 2016年春季合集",
		"id": 6213000052,
		"albumId": 6213,
		"albumtitle": "旷野吗哪 2016年春季合集(52)",
		"textContent": ""
	},
	{
		"title": "始终同在 20160222",
		"path": "http://media.febcchinese.org/streaming/mw/mw160222.mp3",
		"duration": 1760,
		"size": "14.1M",
		"albumName": "旷野吗哪 2016年春季合集",
		"id": 6213000053,
		"albumId": 6213,
		"albumtitle": "旷野吗哪 2016年春季合集(53)",
		"textContent": ""
	},
	{
		"title": "无须自欺 20160223",
		"path": "http://media.febcchinese.org/streaming/mw/mw160223.mp3",
		"duration": 1760,
		"size": "14.1M",
		"albumName": "旷野吗哪 2016年春季合集",
		"id": 6213000054,
		"albumId": 6213,
		"albumtitle": "旷野吗哪 2016年春季合集(54)",
		"textContent": ""
	},
	{
		"title": "我信上帝 20160224",
		"path": "http://media.febcchinese.org/streaming/mw/mw160224.mp3",
		"duration": 1760,
		"size": "14.1M",
		"albumName": "旷野吗哪 2016年春季合集",
		"id": 6213000055,
		"albumId": 6213,
		"albumtitle": "旷野吗哪 2016年春季合集(55)",
		"textContent": ""
	},
	{
		"title": "清晨甘露 20160225",
		"path": "http://media.febcchinese.org/streaming/mw/mw160225.mp3",
		"duration": 1760,
		"size": "14.1M",
		"albumName": "旷野吗哪 2016年春季合集",
		"id": 6213000056,
		"albumId": 6213,
		"albumtitle": "旷野吗哪 2016年春季合集(56)",
		"textContent": ""
	},
	{
		"title": "无忧一身轻 20160226",
		"path": "http://media.febcchinese.org/streaming/mw/mw160226.mp3",
		"duration": 1760,
		"size": "14.1M",
		"albumName": "旷野吗哪 2016年春季合集",
		"id": 6213000057,
		"albumId": 6213,
		"albumtitle": "旷野吗哪 2016年春季合集(57)",
		"textContent": ""
	},
	{
		"title": "感觉与信心 20160227",
		"path": "http://media.febcchinese.org/streaming/mw/mw160227.mp3",
		"duration": 1760,
		"size": "14.1M",
		"albumName": "旷野吗哪 2016年春季合集",
		"id": 6213000058,
		"albumId": 6213,
		"albumtitle": "旷野吗哪 2016年春季合集(58)",
		"textContent": ""
	},
	{
		"title": "保持鲜活 20160228",
		"path": "http://media.febcchinese.org/streaming/mw/mw160228.mp3",
		"duration": 1760,
		"size": "14.1M",
		"albumName": "旷野吗哪 2016年春季合集",
		"id": 6213000059,
		"albumId": 6213,
		"albumtitle": "旷野吗哪 2016年春季合集(59)",
		"textContent": ""
	},
	{
		"title": "实在的确信 20160229",
		"path": "http://media.febcchinese.org/streaming/mw/mw160229.mp3",
		"duration": 1760,
		"size": "14.1M",
		"albumName": "旷野吗哪 2016年春季合集",
		"id": 6213000060,
		"albumId": 6213,
		"albumtitle": "旷野吗哪 2016年春季合集(60)",
		"textContent": ""
	},
	{
		"title": "耶稣一来 20160301",
		"path": "http://media.febcchinese.org/streaming/mw/mw160301.mp3",
		"duration": 1760,
		"size": "14.1M",
		"albumName": "旷野吗哪 2016年春季合集",
		"id": 6213000061,
		"albumId": 6213,
		"albumtitle": "旷野吗哪 2016年春季合集(61)",
		"textContent": ""
	},
	{
		"title": "都在乎祂 20160302",
		"path": "http://media.febcchinese.org/streaming/mw/mw160302.mp3",
		"duration": 1760,
		"size": "14.1M",
		"albumName": "旷野吗哪 2016年春季合集",
		"id": 6213000062,
		"albumId": 6213,
		"albumtitle": "旷野吗哪 2016年春季合集(62)",
		"textContent": ""
	},
	{
		"title": "我们的见证 20160303",
		"path": "http://media.febcchinese.org/streaming/mw/mw160303.mp3",
		"duration": 1760,
		"size": "14.1M",
		"albumName": "旷野吗哪 2016年春季合集",
		"id": 6213000063,
		"albumId": 6213,
		"albumtitle": "旷野吗哪 2016年春季合集(63)",
		"textContent": ""
	},
	{
		"title": "看见指标 20160304",
		"path": "http://media.febcchinese.org/streaming/mw/mw160304.mp3",
		"duration": 1760,
		"size": "14.1M",
		"albumName": "旷野吗哪 2016年春季合集",
		"id": 6213000064,
		"albumId": 6213,
		"albumtitle": "旷野吗哪 2016年春季合集(64)",
		"textContent": ""
	},
	{
		"title": "测不透的丰富 20160305",
		"path": "http://media.febcchinese.org/streaming/mw/mw160305.mp3",
		"duration": 1760,
		"size": "14.1M",
		"albumName": "旷野吗哪 2016年春季合集",
		"id": 6213000065,
		"albumId": 6213,
		"albumtitle": "旷野吗哪 2016年春季合集(65)",
		"textContent": ""
	},
	{
		"title": "我身睡卧，我心却醒 20160306",
		"path": "http://media.febcchinese.org/streaming/mw/mw160306.mp3",
		"duration": 1760,
		"size": "14.1M",
		"albumName": "旷野吗哪 2016年春季合集",
		"id": 6213000066,
		"albumId": 6213,
		"albumtitle": "旷野吗哪 2016年春季合集(66)",
		"textContent": ""
	},
	{
		"title": "慷慨的上帝 20160307",
		"path": "http://media.febcchinese.org/streaming/mw/mw160307.mp3",
		"duration": 1760,
		"size": "14.1M",
		"albumName": "旷野吗哪 2016年春季合集",
		"id": 6213000067,
		"albumId": 6213,
		"albumtitle": "旷野吗哪 2016年春季合集(67)",
		"textContent": ""
	},
	{
		"title": "决心喜乐 20160308",
		"path": "http://media.febcchinese.org/streaming/mw/mw160308.mp3",
		"duration": 1760,
		"size": "14.1M",
		"albumName": "旷野吗哪 2016年春季合集",
		"id": 6213000068,
		"albumId": 6213,
		"albumtitle": "旷野吗哪 2016年春季合集(68)",
		"textContent": ""
	},
	{
		"title": "丰盛人生 20160309",
		"path": "http://media.febcchinese.org/streaming/mw/mw160309.mp3",
		"duration": 1760,
		"size": "14.1M",
		"albumName": "旷野吗哪 2016年春季合集",
		"id": 6213000069,
		"albumId": 6213,
		"albumtitle": "旷野吗哪 2016年春季合集(69)",
		"textContent": ""
	},
	{
		"title": "得力的途径 20160310",
		"path": "http://media.febcchinese.org/streaming/mw/mw160310.mp3",
		"duration": 1760,
		"size": "14.1M",
		"albumName": "旷野吗哪 2016年春季合集",
		"id": 6213000070,
		"albumId": 6213,
		"albumtitle": "旷野吗哪 2016年春季合集(70)",
		"textContent": ""
	},
	{
		"title": "必然成就 20160311",
		"path": "http://media.febcchinese.org/streaming/mw/mw160311.mp3",
		"duration": 1760,
		"size": "14.1M",
		"albumName": "旷野吗哪 2016年春季合集",
		"id": 6213000071,
		"albumId": 6213,
		"albumtitle": "旷野吗哪 2016年春季合集(71)",
		"textContent": ""
	},
	{
		"title": "起风的时候 20160312",
		"path": "http://media.febcchinese.org/streaming/mw/mw160312.mp3",
		"duration": 1760,
		"size": "14.1M",
		"albumName": "旷野吗哪 2016年春季合集",
		"id": 6213000072,
		"albumId": 6213,
		"albumtitle": "旷野吗哪 2016年春季合集(72)",
		"textContent": ""
	},
	{
		"title": "至死忠心 20160313",
		"path": "http://media.febcchinese.org/streaming/mw/mw160313.mp3",
		"duration": 1760,
		"size": "14.1M",
		"albumName": "旷野吗哪 2016年春季合集",
		"id": 6213000073,
		"albumId": 6213,
		"albumtitle": "旷野吗哪 2016年春季合集(73)",
		"textContent": ""
	},
	{
		"title": "胜过世界的信心 20160314",
		"path": "http://media.febcchinese.org/streaming/mw/mw160314.mp3",
		"duration": 1760,
		"size": "14.1M",
		"albumName": "旷野吗哪 2016年春季合集",
		"id": 6213000074,
		"albumId": 6213,
		"albumtitle": "旷野吗哪 2016年春季合集(74)",
		"textContent": ""
	},
	{
		"title": "主必再来 20160315",
		"path": "http://media.febcchinese.org/streaming/mw/mw160315.mp3",
		"duration": 1760,
		"size": "14.1M",
		"albumName": "旷野吗哪 2016年春季合集",
		"id": 6213000075,
		"albumId": 6213,
		"albumtitle": "旷野吗哪 2016年春季合集(75)",
		"textContent": ""
	},
	{
		"title": "以利亚的神 20160316",
		"path": "http://media.febcchinese.org/streaming/mw/mw160316.mp3",
		"duration": 1760,
		"size": "14.1M",
		"albumName": "旷野吗哪 2016年春季合集",
		"id": 6213000076,
		"albumId": 6213,
		"albumtitle": "旷野吗哪 2016年春季合集(76)",
		"textContent": ""
	},
	{
		"title": "信心前行 20160317",
		"path": "http://media.febcchinese.org/streaming/mw/mw160317.mp3",
		"duration": 1760,
		"size": "14.1M",
		"albumName": "旷野吗哪 2016年春季合集",
		"id": 6213000077,
		"albumId": 6213,
		"albumtitle": "旷野吗哪 2016年春季合集(77)",
		"textContent": ""
	},
	{
		"title": "智慧人生 20160318",
		"path": "http://media.febcchinese.org/streaming/mw/mw160318.mp3",
		"duration": 1760,
		"size": "14.1M",
		"albumName": "旷野吗哪 2016年春季合集",
		"id": 6213000078,
		"albumId": 6213,
		"albumtitle": "旷野吗哪 2016年春季合集(78)",
		"textContent": ""
	},
	{
		"title": "神完全的平安 20160319",
		"path": "http://media.febcchinese.org/streaming/mw/mw160319.mp3",
		"duration": 1760,
		"size": "14.1M",
		"albumName": "旷野吗哪 2016年春季合集",
		"id": 6213000079,
		"albumId": 6213,
		"albumtitle": "旷野吗哪 2016年春季合集(79)",
		"textContent": ""
	},
	{
		"title": "信靠救主 20160320",
		"path": "http://media.febcchinese.org/streaming/mw/mw160320.mp3",
		"duration": 1760,
		"size": "14.1M",
		"albumName": "旷野吗哪 2016年春季合集",
		"id": 6213000080,
		"albumId": 6213,
		"albumtitle": "旷野吗哪 2016年春季合集(80)",
		"textContent": ""
	},
	{
		"title": "越发舒畅 20160321",
		"path": "http://media.febcchinese.org/streaming/mw/mw160321.mp3",
		"duration": 1760,
		"size": "14.1M",
		"albumName": "旷野吗哪 2016年春季合集",
		"id": 6213000081,
		"albumId": 6213,
		"albumtitle": "旷野吗哪 2016年春季合集(81)",
		"textContent": ""
	},
	{
		"title": "刮风的日子 20160322",
		"path": "http://media.febcchinese.org/streaming/mw/mw160322.mp3",
		"duration": 1760,
		"size": "14.1M",
		"albumName": "旷野吗哪 2016年春季合集",
		"id": 6213000082,
		"albumId": 6213,
		"albumtitle": "旷野吗哪 2016年春季合集(82)",
		"textContent": ""
	},
	{
		"title": "神的应许 20160323",
		"path": "http://media.febcchinese.org/streaming/mw/mw160323.mp3",
		"duration": 1760,
		"size": "14.1M",
		"albumName": "旷野吗哪 2016年春季合集",
		"id": 6213000083,
		"albumId": 6213,
		"albumtitle": "旷野吗哪 2016年春季合集(83)",
		"textContent": ""
	},
	{
		"title": "谁慰主心？ 20160324",
		"path": "http://media.febcchinese.org/streaming/mw/mw160324.mp3",
		"duration": 1760,
		"size": "14.1M",
		"albumName": "旷野吗哪 2016年春季合集",
		"id": 6213000084,
		"albumId": 6213,
		"albumtitle": "旷野吗哪 2016年春季合集(84)",
		"textContent": ""
	},
	{
		"title": "受苦有益 20160325",
		"path": "http://media.febcchinese.org/streaming/mw/mw160325.mp3",
		"duration": 1760,
		"size": "14.1M",
		"albumName": "旷野吗哪 2016年春季合集",
		"id": 6213000085,
		"albumId": 6213,
		"albumtitle": "旷野吗哪 2016年春季合集(85)",
		"textContent": ""
	},
	{
		"title": "坚固保障 20160326",
		"path": "http://media.febcchinese.org/streaming/mw/mw160326.mp3",
		"duration": 1760,
		"size": "14.1M",
		"albumName": "旷野吗哪 2016年春季合集",
		"id": 6213000086,
		"albumId": 6213,
		"albumtitle": "旷野吗哪 2016年春季合集(86)",
		"textContent": ""
	},
	{
		"title": "仍要结果子 20160327",
		"path": "http://media.febcchinese.org/streaming/mw/mw160327.mp3",
		"duration": 1760,
		"size": "14.1M",
		"albumName": "旷野吗哪 2016年春季合集",
		"id": 6213000087,
		"albumId": 6213,
		"albumtitle": "旷野吗哪 2016年春季合集(87)",
		"textContent": ""
	},
	{
		"title": "坚持到底 20160328",
		"path": "http://media.febcchinese.org/streaming/mw/mw160328.mp3",
		"duration": 1760,
		"size": "14.1M",
		"albumName": "旷野吗哪 2016年春季合集",
		"id": 6213000088,
		"albumId": 6213,
		"albumtitle": "旷野吗哪 2016年春季合集(88)",
		"textContent": ""
	},
	{
		"title": "如愿以偿 20160329",
		"path": "http://media.febcchinese.org/streaming/mw/mw160329.mp3",
		"duration": 1760,
		"size": "14.1M",
		"albumName": "旷野吗哪 2016年春季合集",
		"id": 6213000089,
		"albumId": 6213,
		"albumtitle": "旷野吗哪 2016年春季合集(89)",
		"textContent": ""
	},
	{
		"title": "圣民之死 20160330",
		"path": "http://media.febcchinese.org/streaming/mw/mw160330.mp3",
		"duration": 1760,
		"size": "14.1M",
		"albumName": "旷野吗哪 2016年春季合集",
		"id": 6213000090,
		"albumId": 6213,
		"albumtitle": "旷野吗哪 2016年春季合集(90)",
		"textContent": ""
	},
	{
		"title": "直往前行 20160331",
		"path": "http://media.febcchinese.org/streaming/mw/mw160331.mp3",
		"duration": 1760,
		"size": "14.1M",
		"albumName": "旷野吗哪 2016年春季合集",
		"id": 6213000091,
		"albumId": 6213,
		"albumtitle": "旷野吗哪 2016年春季合集(91)",
		"textContent": ""
	}
]