[
	{
		"albumtitle": "改變生命的教導(01)",
		"title": "",
		"duration": 1760,
        "size": "4.5M",
		"albumId": 202,
		"albumName": "改變生命的教導",
		"path": "https://rawcdn.githack.com/quiet324/Media4JAlbum/1706092/LifechangingTeaching/LifechangingTeaching01.mp3",
		"id": 202888180
	},
	{
		"albumtitle": "改變生命的教導(02)",
		"title": "",
		"duration": 1760,
        "size": "4.5M",
		"albumId": 202,
		"albumName": "改變生命的教導",
		"path": "https://rawcdn.githack.com/quiet324/Media4JAlbum/1706092/LifechangingTeaching/LifechangingTeaching02.mp3",
		"id": 202888181
	},
	{
		"albumtitle": "改變生命的教導(03)",
		"title": "",
		"duration": 1760,
        "size": "4.5M",
		"albumId": 202,
		"albumName": "改變生命的教導",
		"path": "https://rawcdn.githack.com/quiet324/Media4JAlbum/1706092/LifechangingTeaching/LifechangingTeaching03.mp3",
		"id": 202888182
	},
	{
		"albumtitle": "改變生命的教導(04)",
		"title": "",
		"duration": 1760,
        "size": "4.5M",
		"albumId": 202,
		"albumName": "改變生命的教導",
		"path": "https://rawcdn.githack.com/quiet324/Media4JAlbum/1706092/LifechangingTeaching/LifechangingTeaching04.mp3",
		"id": 202888183
	}

]