[
	{
		"duration": 1760,
		"size": "14.1M",
		"path": "http://media.febcchinese.org/streaming/bv/bv100401.mp3",
		"id": 6189000001,
		"albumId": 6189,
		"albumName": "灵命日粮 2010年夏季合集",
		"albumtitle": "灵命日粮 2010年夏季合集(1)",
		"title": "灵命日粮-20100401"
	},
	{
		"duration": 1760,
		"size": "14.1M",
		"path": "http://media.febcchinese.org/streaming/bv/bv100402.mp3",
		"id": 6189000002,
		"albumId": 6189,
		"albumName": "灵命日粮 2010年夏季合集",
		"albumtitle": "灵命日粮 2010年夏季合集(2)",
		"title": "灵命日粮-20100402"
	},
	{
		"duration": 1760,
		"size": "14.1M",
		"path": "http://media.febcchinese.org/streaming/bv/bv100403.mp3",
		"id": 6189000003,
		"albumId": 6189,
		"albumName": "灵命日粮 2010年夏季合集",
		"albumtitle": "灵命日粮 2010年夏季合集(3)",
		"title": "灵命日粮-20100403"
	},
	{
		"duration": 1760,
		"size": "14.1M",
		"path": "http://media.febcchinese.org/streaming/bv/bv100404.mp3",
		"id": 6189000004,
		"albumId": 6189,
		"albumName": "灵命日粮 2010年夏季合集",
		"albumtitle": "灵命日粮 2010年夏季合集(4)",
		"title": "灵命日粮-20100404"
	},
	{
		"duration": 1760,
		"size": "14.1M",
		"path": "http://media.febcchinese.org/streaming/bv/bv100405.mp3",
		"id": 6189000005,
		"albumId": 6189,
		"albumName": "灵命日粮 2010年夏季合集",
		"albumtitle": "灵命日粮 2010年夏季合集(5)",
		"title": "灵命日粮-20100405"
	},
	{
		"duration": 1760,
		"size": "14.1M",
		"path": "http://media.febcchinese.org/streaming/bv/bv100406.mp3",
		"id": 6189000006,
		"albumId": 6189,
		"albumName": "灵命日粮 2010年夏季合集",
		"albumtitle": "灵命日粮 2010年夏季合集(6)",
		"title": "灵命日粮-20100406"
	},
	{
		"duration": 1760,
		"size": "14.1M",
		"path": "http://media.febcchinese.org/streaming/bv/bv100407.mp3",
		"id": 6189000007,
		"albumId": 6189,
		"albumName": "灵命日粮 2010年夏季合集",
		"albumtitle": "灵命日粮 2010年夏季合集(7)",
		"title": "灵命日粮-20100407"
	},
	{
		"duration": 1760,
		"size": "14.1M",
		"path": "http://media.febcchinese.org/streaming/bv/bv100408.mp3",
		"id": 6189000008,
		"albumId": 6189,
		"albumName": "灵命日粮 2010年夏季合集",
		"albumtitle": "灵命日粮 2010年夏季合集(8)",
		"title": "灵命日粮-20100408"
	},
	{
		"duration": 1760,
		"size": "14.1M",
		"path": "http://media.febcchinese.org/streaming/bv/bv100409.mp3",
		"id": 6189000009,
		"albumId": 6189,
		"albumName": "灵命日粮 2010年夏季合集",
		"albumtitle": "灵命日粮 2010年夏季合集(9)",
		"title": "灵命日粮-20100409"
	},
	{
		"duration": 1760,
		"size": "14.1M",
		"path": "http://media.febcchinese.org/streaming/bv/bv100410.mp3",
		"id": 6189000010,
		"albumId": 6189,
		"albumName": "灵命日粮 2010年夏季合集",
		"albumtitle": "灵命日粮 2010年夏季合集(10)",
		"title": "灵命日粮-20100410"
	},
	{
		"duration": 1760,
		"size": "14.1M",
		"path": "http://media.febcchinese.org/streaming/bv/bv100411.mp3",
		"id": 6189000011,
		"albumId": 6189,
		"albumName": "灵命日粮 2010年夏季合集",
		"albumtitle": "灵命日粮 2010年夏季合集(11)",
		"title": "灵命日粮-20100411"
	},
	{
		"duration": 1760,
		"size": "14.1M",
		"path": "http://media.febcchinese.org/streaming/bv/bv100412.mp3",
		"id": 6189000012,
		"albumId": 6189,
		"albumName": "灵命日粮 2010年夏季合集",
		"albumtitle": "灵命日粮 2010年夏季合集(12)",
		"title": "灵命日粮-20100412"
	},
	{
		"duration": 1760,
		"size": "14.1M",
		"path": "http://media.febcchinese.org/streaming/bv/bv100413.mp3",
		"id": 6189000013,
		"albumId": 6189,
		"albumName": "灵命日粮 2010年夏季合集",
		"albumtitle": "灵命日粮 2010年夏季合集(13)",
		"title": "灵命日粮-20100413"
	},
	{
		"duration": 1760,
		"size": "14.1M",
		"path": "http://media.febcchinese.org/streaming/bv/bv100414.mp3",
		"id": 6189000014,
		"albumId": 6189,
		"albumName": "灵命日粮 2010年夏季合集",
		"albumtitle": "灵命日粮 2010年夏季合集(14)",
		"title": "灵命日粮-20100414"
	},
	{
		"duration": 1760,
		"size": "14.1M",
		"path": "http://media.febcchinese.org/streaming/bv/bv100415.mp3",
		"id": 6189000015,
		"albumId": 6189,
		"albumName": "灵命日粮 2010年夏季合集",
		"albumtitle": "灵命日粮 2010年夏季合集(15)",
		"title": "灵命日粮-20100415"
	},
	{
		"duration": 1760,
		"size": "14.1M",
		"path": "http://media.febcchinese.org/streaming/bv/bv100416.mp3",
		"id": 6189000016,
		"albumId": 6189,
		"albumName": "灵命日粮 2010年夏季合集",
		"albumtitle": "灵命日粮 2010年夏季合集(16)",
		"title": "灵命日粮-20100416"
	},
	{
		"duration": 1760,
		"size": "14.1M",
		"path": "http://media.febcchinese.org/streaming/bv/bv100417.mp3",
		"id": 6189000017,
		"albumId": 6189,
		"albumName": "灵命日粮 2010年夏季合集",
		"albumtitle": "灵命日粮 2010年夏季合集(17)",
		"title": "灵命日粮-20100417"
	},
	{
		"duration": 1760,
		"size": "14.1M",
		"path": "http://media.febcchinese.org/streaming/bv/bv100418.mp3",
		"id": 6189000018,
		"albumId": 6189,
		"albumName": "灵命日粮 2010年夏季合集",
		"albumtitle": "灵命日粮 2010年夏季合集(18)",
		"title": "灵命日粮-20100418"
	},
	{
		"duration": 1760,
		"size": "14.1M",
		"path": "http://media.febcchinese.org/streaming/bv/bv100419.mp3",
		"id": 6189000019,
		"albumId": 6189,
		"albumName": "灵命日粮 2010年夏季合集",
		"albumtitle": "灵命日粮 2010年夏季合集(19)",
		"title": "灵命日粮-20100419"
	},
	{
		"duration": 1760,
		"size": "14.1M",
		"path": "http://media.febcchinese.org/streaming/bv/bv100420.mp3",
		"id": 6189000020,
		"albumId": 6189,
		"albumName": "灵命日粮 2010年夏季合集",
		"albumtitle": "灵命日粮 2010年夏季合集(20)",
		"title": "灵命日粮-20100420"
	},
	{
		"duration": 1760,
		"size": "14.1M",
		"path": "http://media.febcchinese.org/streaming/bv/bv100421.mp3",
		"id": 6189000021,
		"albumId": 6189,
		"albumName": "灵命日粮 2010年夏季合集",
		"albumtitle": "灵命日粮 2010年夏季合集(21)",
		"title": "灵命日粮-20100421"
	},
	{
		"duration": 1760,
		"size": "14.1M",
		"path": "http://media.febcchinese.org/streaming/bv/bv100422.mp3",
		"id": 6189000022,
		"albumId": 6189,
		"albumName": "灵命日粮 2010年夏季合集",
		"albumtitle": "灵命日粮 2010年夏季合集(22)",
		"title": "灵命日粮-20100422"
	},
	{
		"duration": 1760,
		"size": "14.1M",
		"path": "http://media.febcchinese.org/streaming/bv/bv100423.mp3",
		"id": 6189000023,
		"albumId": 6189,
		"albumName": "灵命日粮 2010年夏季合集",
		"albumtitle": "灵命日粮 2010年夏季合集(23)",
		"title": "灵命日粮-20100423"
	},
	{
		"duration": 1760,
		"size": "14.1M",
		"path": "http://media.febcchinese.org/streaming/bv/bv100424.mp3",
		"id": 6189000024,
		"albumId": 6189,
		"albumName": "灵命日粮 2010年夏季合集",
		"albumtitle": "灵命日粮 2010年夏季合集(24)",
		"title": "灵命日粮-20100424"
	},
	{
		"duration": 1760,
		"size": "14.1M",
		"path": "http://media.febcchinese.org/streaming/bv/bv100425.mp3",
		"id": 6189000025,
		"albumId": 6189,
		"albumName": "灵命日粮 2010年夏季合集",
		"albumtitle": "灵命日粮 2010年夏季合集(25)",
		"title": "灵命日粮-20100425"
	},
	{
		"duration": 1760,
		"size": "14.1M",
		"path": "http://media.febcchinese.org/streaming/bv/bv100426.mp3",
		"id": 6189000026,
		"albumId": 6189,
		"albumName": "灵命日粮 2010年夏季合集",
		"albumtitle": "灵命日粮 2010年夏季合集(26)",
		"title": "灵命日粮-20100426"
	},
	{
		"duration": 1760,
		"size": "14.1M",
		"path": "http://media.febcchinese.org/streaming/bv/bv100427.mp3",
		"id": 6189000027,
		"albumId": 6189,
		"albumName": "灵命日粮 2010年夏季合集",
		"albumtitle": "灵命日粮 2010年夏季合集(27)",
		"title": "灵命日粮-20100427"
	},
	{
		"duration": 1760,
		"size": "14.1M",
		"path": "http://media.febcchinese.org/streaming/bv/bv100428.mp3",
		"id": 6189000028,
		"albumId": 6189,
		"albumName": "灵命日粮 2010年夏季合集",
		"albumtitle": "灵命日粮 2010年夏季合集(28)",
		"title": "灵命日粮-20100428"
	},
	{
		"duration": 1760,
		"size": "14.1M",
		"path": "http://media.febcchinese.org/streaming/bv/bv100429.mp3",
		"id": 6189000029,
		"albumId": 6189,
		"albumName": "灵命日粮 2010年夏季合集",
		"albumtitle": "灵命日粮 2010年夏季合集(29)",
		"title": "灵命日粮-20100429"
	},
	{
		"duration": 1760,
		"size": "14.1M",
		"path": "http://media.febcchinese.org/streaming/bv/bv100430.mp3",
		"id": 6189000030,
		"albumId": 6189,
		"albumName": "灵命日粮 2010年夏季合集",
		"albumtitle": "灵命日粮 2010年夏季合集(30)",
		"title": "灵命日粮-20100430"
	},
	{
		"duration": 1760,
		"size": "14.1M",
		"path": "http://media.febcchinese.org/streaming/bv/bv100501.mp3",
		"id": 6189000031,
		"albumId": 6189,
		"albumName": "灵命日粮 2010年夏季合集",
		"albumtitle": "灵命日粮 2010年夏季合集(31)",
		"title": "灵命日粮-20100501"
	},
	{
		"duration": 1760,
		"size": "14.1M",
		"path": "http://media.febcchinese.org/streaming/bv/bv100502.mp3",
		"id": 6189000032,
		"albumId": 6189,
		"albumName": "灵命日粮 2010年夏季合集",
		"albumtitle": "灵命日粮 2010年夏季合集(32)",
		"title": "灵命日粮-20100502"
	},
	{
		"duration": 1760,
		"size": "14.1M",
		"path": "http://media.febcchinese.org/streaming/bv/bv100503.mp3",
		"id": 6189000033,
		"albumId": 6189,
		"albumName": "灵命日粮 2010年夏季合集",
		"albumtitle": "灵命日粮 2010年夏季合集(33)",
		"title": "灵命日粮-20100503"
	},
	{
		"duration": 1760,
		"size": "14.1M",
		"path": "http://media.febcchinese.org/streaming/bv/bv100504.mp3",
		"id": 6189000034,
		"albumId": 6189,
		"albumName": "灵命日粮 2010年夏季合集",
		"albumtitle": "灵命日粮 2010年夏季合集(34)",
		"title": "灵命日粮-20100504"
	},
	{
		"duration": 1760,
		"size": "14.1M",
		"path": "http://media.febcchinese.org/streaming/bv/bv100505.mp3",
		"id": 6189000035,
		"albumId": 6189,
		"albumName": "灵命日粮 2010年夏季合集",
		"albumtitle": "灵命日粮 2010年夏季合集(35)",
		"title": "灵命日粮-20100505"
	},
	{
		"duration": 1760,
		"size": "14.1M",
		"path": "http://media.febcchinese.org/streaming/bv/bv100506.mp3",
		"id": 6189000036,
		"albumId": 6189,
		"albumName": "灵命日粮 2010年夏季合集",
		"albumtitle": "灵命日粮 2010年夏季合集(36)",
		"title": "灵命日粮-20100506"
	},
	{
		"duration": 1760,
		"size": "14.1M",
		"path": "http://media.febcchinese.org/streaming/bv/bv100507.mp3",
		"id": 6189000037,
		"albumId": 6189,
		"albumName": "灵命日粮 2010年夏季合集",
		"albumtitle": "灵命日粮 2010年夏季合集(37)",
		"title": "灵命日粮-20100507"
	},
	{
		"duration": 1760,
		"size": "14.1M",
		"path": "http://media.febcchinese.org/streaming/bv/bv100508.mp3",
		"id": 6189000038,
		"albumId": 6189,
		"albumName": "灵命日粮 2010年夏季合集",
		"albumtitle": "灵命日粮 2010年夏季合集(38)",
		"title": "灵命日粮-20100508"
	},
	{
		"duration": 1760,
		"size": "14.1M",
		"path": "http://media.febcchinese.org/streaming/bv/bv100509.mp3",
		"id": 6189000039,
		"albumId": 6189,
		"albumName": "灵命日粮 2010年夏季合集",
		"albumtitle": "灵命日粮 2010年夏季合集(39)",
		"title": "灵命日粮-20100509"
	},
	{
		"duration": 1760,
		"size": "14.1M",
		"path": "http://media.febcchinese.org/streaming/bv/bv100510.mp3",
		"id": 6189000040,
		"albumId": 6189,
		"albumName": "灵命日粮 2010年夏季合集",
		"albumtitle": "灵命日粮 2010年夏季合集(40)",
		"title": "灵命日粮-20100510"
	},
	{
		"duration": 1760,
		"size": "14.1M",
		"path": "http://media.febcchinese.org/streaming/bv/bv100511.mp3",
		"id": 6189000041,
		"albumId": 6189,
		"albumName": "灵命日粮 2010年夏季合集",
		"albumtitle": "灵命日粮 2010年夏季合集(41)",
		"title": "灵命日粮-20100511"
	},
	{
		"duration": 1760,
		"size": "14.1M",
		"path": "http://media.febcchinese.org/streaming/bv/bv100512.mp3",
		"id": 6189000042,
		"albumId": 6189,
		"albumName": "灵命日粮 2010年夏季合集",
		"albumtitle": "灵命日粮 2010年夏季合集(42)",
		"title": "灵命日粮-20100512"
	},
	{
		"duration": 1760,
		"size": "14.1M",
		"path": "http://media.febcchinese.org/streaming/bv/bv100513.mp3",
		"id": 6189000043,
		"albumId": 6189,
		"albumName": "灵命日粮 2010年夏季合集",
		"albumtitle": "灵命日粮 2010年夏季合集(43)",
		"title": "灵命日粮-20100513"
	},
	{
		"duration": 1760,
		"size": "14.1M",
		"path": "http://media.febcchinese.org/streaming/bv/bv100514.mp3",
		"id": 6189000044,
		"albumId": 6189,
		"albumName": "灵命日粮 2010年夏季合集",
		"albumtitle": "灵命日粮 2010年夏季合集(44)",
		"title": "灵命日粮-20100514"
	},
	{
		"duration": 1760,
		"size": "14.1M",
		"path": "http://media.febcchinese.org/streaming/bv/bv100515.mp3",
		"id": 6189000045,
		"albumId": 6189,
		"albumName": "灵命日粮 2010年夏季合集",
		"albumtitle": "灵命日粮 2010年夏季合集(45)",
		"title": "灵命日粮-20100515"
	},
	{
		"duration": 1760,
		"size": "14.1M",
		"path": "http://media.febcchinese.org/streaming/bv/bv100516.mp3",
		"id": 6189000046,
		"albumId": 6189,
		"albumName": "灵命日粮 2010年夏季合集",
		"albumtitle": "灵命日粮 2010年夏季合集(46)",
		"title": "灵命日粮-20100516"
	},
	{
		"duration": 1760,
		"size": "14.1M",
		"path": "http://media.febcchinese.org/streaming/bv/bv100517.mp3",
		"id": 6189000047,
		"albumId": 6189,
		"albumName": "灵命日粮 2010年夏季合集",
		"albumtitle": "灵命日粮 2010年夏季合集(47)",
		"title": "灵命日粮-20100517"
	},
	{
		"duration": 1760,
		"size": "14.1M",
		"path": "http://media.febcchinese.org/streaming/bv/bv100518.mp3",
		"id": 6189000048,
		"albumId": 6189,
		"albumName": "灵命日粮 2010年夏季合集",
		"albumtitle": "灵命日粮 2010年夏季合集(48)",
		"title": "灵命日粮-20100518"
	},
	{
		"duration": 1760,
		"size": "14.1M",
		"path": "http://media.febcchinese.org/streaming/bv/bv100519.mp3",
		"id": 6189000049,
		"albumId": 6189,
		"albumName": "灵命日粮 2010年夏季合集",
		"albumtitle": "灵命日粮 2010年夏季合集(49)",
		"title": "灵命日粮-20100519"
	},
	{
		"duration": 1760,
		"size": "14.1M",
		"path": "http://media.febcchinese.org/streaming/bv/bv100520.mp3",
		"id": 6189000050,
		"albumId": 6189,
		"albumName": "灵命日粮 2010年夏季合集",
		"albumtitle": "灵命日粮 2010年夏季合集(50)",
		"title": "灵命日粮-20100520"
	},
	{
		"duration": 1760,
		"size": "14.1M",
		"path": "http://media.febcchinese.org/streaming/bv/bv100521.mp3",
		"id": 6189000051,
		"albumId": 6189,
		"albumName": "灵命日粮 2010年夏季合集",
		"albumtitle": "灵命日粮 2010年夏季合集(51)",
		"title": "灵命日粮-20100521"
	},
	{
		"duration": 1760,
		"size": "14.1M",
		"path": "http://media.febcchinese.org/streaming/bv/bv100522.mp3",
		"id": 6189000052,
		"albumId": 6189,
		"albumName": "灵命日粮 2010年夏季合集",
		"albumtitle": "灵命日粮 2010年夏季合集(52)",
		"title": "灵命日粮-20100522"
	},
	{
		"duration": 1760,
		"size": "14.1M",
		"path": "http://media.febcchinese.org/streaming/bv/bv100523.mp3",
		"id": 6189000053,
		"albumId": 6189,
		"albumName": "灵命日粮 2010年夏季合集",
		"albumtitle": "灵命日粮 2010年夏季合集(53)",
		"title": "灵命日粮-20100523"
	},
	{
		"duration": 1760,
		"size": "14.1M",
		"path": "http://media.febcchinese.org/streaming/bv/bv100524.mp3",
		"id": 6189000054,
		"albumId": 6189,
		"albumName": "灵命日粮 2010年夏季合集",
		"albumtitle": "灵命日粮 2010年夏季合集(54)",
		"title": "灵命日粮-20100524"
	},
	{
		"duration": 1760,
		"size": "14.1M",
		"path": "http://media.febcchinese.org/streaming/bv/bv100525.mp3",
		"id": 6189000055,
		"albumId": 6189,
		"albumName": "灵命日粮 2010年夏季合集",
		"albumtitle": "灵命日粮 2010年夏季合集(55)",
		"title": "灵命日粮-20100525"
	},
	{
		"duration": 1760,
		"size": "14.1M",
		"path": "http://media.febcchinese.org/streaming/bv/bv100526.mp3",
		"id": 6189000056,
		"albumId": 6189,
		"albumName": "灵命日粮 2010年夏季合集",
		"albumtitle": "灵命日粮 2010年夏季合集(56)",
		"title": "灵命日粮-20100526"
	},
	{
		"duration": 1760,
		"size": "14.1M",
		"path": "http://media.febcchinese.org/streaming/bv/bv100527.mp3",
		"id": 6189000057,
		"albumId": 6189,
		"albumName": "灵命日粮 2010年夏季合集",
		"albumtitle": "灵命日粮 2010年夏季合集(57)",
		"title": "灵命日粮-20100527"
	},
	{
		"duration": 1760,
		"size": "14.1M",
		"path": "http://media.febcchinese.org/streaming/bv/bv100528.mp3",
		"id": 6189000058,
		"albumId": 6189,
		"albumName": "灵命日粮 2010年夏季合集",
		"albumtitle": "灵命日粮 2010年夏季合集(58)",
		"title": "灵命日粮-20100528"
	},
	{
		"duration": 1760,
		"size": "14.1M",
		"path": "http://media.febcchinese.org/streaming/bv/bv100529.mp3",
		"id": 6189000059,
		"albumId": 6189,
		"albumName": "灵命日粮 2010年夏季合集",
		"albumtitle": "灵命日粮 2010年夏季合集(59)",
		"title": "灵命日粮-20100529"
	},
	{
		"duration": 1760,
		"size": "14.1M",
		"path": "http://media.febcchinese.org/streaming/bv/bv100530.mp3",
		"id": 6189000060,
		"albumId": 6189,
		"albumName": "灵命日粮 2010年夏季合集",
		"albumtitle": "灵命日粮 2010年夏季合集(60)",
		"title": "灵命日粮-20100530"
	},
	{
		"duration": 1760,
		"size": "14.1M",
		"path": "http://media.febcchinese.org/streaming/bv/bv100531.mp3",
		"id": 6189000061,
		"albumId": 6189,
		"albumName": "灵命日粮 2010年夏季合集",
		"albumtitle": "灵命日粮 2010年夏季合集(61)",
		"title": "灵命日粮-20100531"
	},
	{
		"duration": 1760,
		"size": "14.1M",
		"path": "http://media.febcchinese.org/streaming/bv/bv100601.mp3",
		"id": 6189000062,
		"albumId": 6189,
		"albumName": "灵命日粮 2010年夏季合集",
		"albumtitle": "灵命日粮 2010年夏季合集(62)",
		"title": "灵命日粮-20100601"
	},
	{
		"duration": 1760,
		"size": "14.1M",
		"path": "http://media.febcchinese.org/streaming/bv/bv100602.mp3",
		"id": 6189000063,
		"albumId": 6189,
		"albumName": "灵命日粮 2010年夏季合集",
		"albumtitle": "灵命日粮 2010年夏季合集(63)",
		"title": "灵命日粮-20100602"
	},
	{
		"duration": 1760,
		"size": "14.1M",
		"path": "http://media.febcchinese.org/streaming/bv/bv100603.mp3",
		"id": 6189000064,
		"albumId": 6189,
		"albumName": "灵命日粮 2010年夏季合集",
		"albumtitle": "灵命日粮 2010年夏季合集(64)",
		"title": "灵命日粮-20100603"
	},
	{
		"duration": 1760,
		"size": "14.1M",
		"path": "http://media.febcchinese.org/streaming/bv/bv100604.mp3",
		"id": 6189000065,
		"albumId": 6189,
		"albumName": "灵命日粮 2010年夏季合集",
		"albumtitle": "灵命日粮 2010年夏季合集(65)",
		"title": "灵命日粮-20100604"
	},
	{
		"duration": 1760,
		"size": "14.1M",
		"path": "http://media.febcchinese.org/streaming/bv/bv100605.mp3",
		"id": 6189000066,
		"albumId": 6189,
		"albumName": "灵命日粮 2010年夏季合集",
		"albumtitle": "灵命日粮 2010年夏季合集(66)",
		"title": "灵命日粮-20100605"
	},
	{
		"duration": 1760,
		"size": "14.1M",
		"path": "http://media.febcchinese.org/streaming/bv/bv100606.mp3",
		"id": 6189000067,
		"albumId": 6189,
		"albumName": "灵命日粮 2010年夏季合集",
		"albumtitle": "灵命日粮 2010年夏季合集(67)",
		"title": "灵命日粮-20100606"
	},
	{
		"duration": 1760,
		"size": "14.1M",
		"path": "http://media.febcchinese.org/streaming/bv/bv100607.mp3",
		"id": 6189000068,
		"albumId": 6189,
		"albumName": "灵命日粮 2010年夏季合集",
		"albumtitle": "灵命日粮 2010年夏季合集(68)",
		"title": "灵命日粮-20100607"
	},
	{
		"duration": 1760,
		"size": "14.1M",
		"path": "http://media.febcchinese.org/streaming/bv/bv100608.mp3",
		"id": 6189000069,
		"albumId": 6189,
		"albumName": "灵命日粮 2010年夏季合集",
		"albumtitle": "灵命日粮 2010年夏季合集(69)",
		"title": "灵命日粮-20100608"
	},
	{
		"duration": 1760,
		"size": "14.1M",
		"path": "http://media.febcchinese.org/streaming/bv/bv100609.mp3",
		"id": 6189000070,
		"albumId": 6189,
		"albumName": "灵命日粮 2010年夏季合集",
		"albumtitle": "灵命日粮 2010年夏季合集(70)",
		"title": "灵命日粮-20100609"
	},
	{
		"duration": 1760,
		"size": "14.1M",
		"path": "http://media.febcchinese.org/streaming/bv/bv100610.mp3",
		"id": 6189000071,
		"albumId": 6189,
		"albumName": "灵命日粮 2010年夏季合集",
		"albumtitle": "灵命日粮 2010年夏季合集(71)",
		"title": "灵命日粮-20100610"
	},
	{
		"duration": 1760,
		"size": "14.1M",
		"path": "http://media.febcchinese.org/streaming/bv/bv100611.mp3",
		"id": 6189000072,
		"albumId": 6189,
		"albumName": "灵命日粮 2010年夏季合集",
		"albumtitle": "灵命日粮 2010年夏季合集(72)",
		"title": "灵命日粮-20100611"
	},
	{
		"duration": 1760,
		"size": "14.1M",
		"path": "http://media.febcchinese.org/streaming/bv/bv100612.mp3",
		"id": 6189000073,
		"albumId": 6189,
		"albumName": "灵命日粮 2010年夏季合集",
		"albumtitle": "灵命日粮 2010年夏季合集(73)",
		"title": "灵命日粮-20100612"
	},
	{
		"duration": 1760,
		"size": "14.1M",
		"path": "http://media.febcchinese.org/streaming/bv/bv100613.mp3",
		"id": 6189000074,
		"albumId": 6189,
		"albumName": "灵命日粮 2010年夏季合集",
		"albumtitle": "灵命日粮 2010年夏季合集(74)",
		"title": "灵命日粮-20100613"
	},
	{
		"duration": 1760,
		"size": "14.1M",
		"path": "http://media.febcchinese.org/streaming/bv/bv100614.mp3",
		"id": 6189000075,
		"albumId": 6189,
		"albumName": "灵命日粮 2010年夏季合集",
		"albumtitle": "灵命日粮 2010年夏季合集(75)",
		"title": "灵命日粮-20100614"
	},
	{
		"duration": 1760,
		"size": "14.1M",
		"path": "http://media.febcchinese.org/streaming/bv/bv100615.mp3",
		"id": 6189000076,
		"albumId": 6189,
		"albumName": "灵命日粮 2010年夏季合集",
		"albumtitle": "灵命日粮 2010年夏季合集(76)",
		"title": "灵命日粮-20100615"
	},
	{
		"duration": 1760,
		"size": "14.1M",
		"path": "http://media.febcchinese.org/streaming/bv/bv100616.mp3",
		"id": 6189000077,
		"albumId": 6189,
		"albumName": "灵命日粮 2010年夏季合集",
		"albumtitle": "灵命日粮 2010年夏季合集(77)",
		"title": "灵命日粮-20100616"
	},
	{
		"duration": 1760,
		"size": "14.1M",
		"path": "http://media.febcchinese.org/streaming/bv/bv100617.mp3",
		"id": 6189000078,
		"albumId": 6189,
		"albumName": "灵命日粮 2010年夏季合集",
		"albumtitle": "灵命日粮 2010年夏季合集(78)",
		"title": "灵命日粮-20100617"
	},
	{
		"duration": 1760,
		"size": "14.1M",
		"path": "http://media.febcchinese.org/streaming/bv/bv100618.mp3",
		"id": 6189000079,
		"albumId": 6189,
		"albumName": "灵命日粮 2010年夏季合集",
		"albumtitle": "灵命日粮 2010年夏季合集(79)",
		"title": "灵命日粮-20100618"
	},
	{
		"duration": 1760,
		"size": "14.1M",
		"path": "http://media.febcchinese.org/streaming/bv/bv100619.mp3",
		"id": 6189000080,
		"albumId": 6189,
		"albumName": "灵命日粮 2010年夏季合集",
		"albumtitle": "灵命日粮 2010年夏季合集(80)",
		"title": "灵命日粮-20100619"
	},
	{
		"duration": 1760,
		"size": "14.1M",
		"path": "http://media.febcchinese.org/streaming/bv/bv100620.mp3",
		"id": 6189000081,
		"albumId": 6189,
		"albumName": "灵命日粮 2010年夏季合集",
		"albumtitle": "灵命日粮 2010年夏季合集(81)",
		"title": "灵命日粮-20100620"
	},
	{
		"duration": 1760,
		"size": "14.1M",
		"path": "http://media.febcchinese.org/streaming/bv/bv100621.mp3",
		"id": 6189000082,
		"albumId": 6189,
		"albumName": "灵命日粮 2010年夏季合集",
		"albumtitle": "灵命日粮 2010年夏季合集(82)",
		"title": "灵命日粮-20100621"
	},
	{
		"duration": 1760,
		"size": "14.1M",
		"path": "http://media.febcchinese.org/streaming/bv/bv100622.mp3",
		"id": 6189000083,
		"albumId": 6189,
		"albumName": "灵命日粮 2010年夏季合集",
		"albumtitle": "灵命日粮 2010年夏季合集(83)",
		"title": "灵命日粮-20100622"
	},
	{
		"duration": 1760,
		"size": "14.1M",
		"path": "http://media.febcchinese.org/streaming/bv/bv100623.mp3",
		"id": 6189000084,
		"albumId": 6189,
		"albumName": "灵命日粮 2010年夏季合集",
		"albumtitle": "灵命日粮 2010年夏季合集(84)",
		"title": "灵命日粮-20100623"
	},
	{
		"duration": 1760,
		"size": "14.1M",
		"path": "http://media.febcchinese.org/streaming/bv/bv100624.mp3",
		"id": 6189000085,
		"albumId": 6189,
		"albumName": "灵命日粮 2010年夏季合集",
		"albumtitle": "灵命日粮 2010年夏季合集(85)",
		"title": "灵命日粮-20100624"
	},
	{
		"duration": 1760,
		"size": "14.1M",
		"path": "http://media.febcchinese.org/streaming/bv/bv100625.mp3",
		"id": 6189000086,
		"albumId": 6189,
		"albumName": "灵命日粮 2010年夏季合集",
		"albumtitle": "灵命日粮 2010年夏季合集(86)",
		"title": "灵命日粮-20100625"
	},
	{
		"duration": 1760,
		"size": "14.1M",
		"path": "http://media.febcchinese.org/streaming/bv/bv100626.mp3",
		"id": 6189000087,
		"albumId": 6189,
		"albumName": "灵命日粮 2010年夏季合集",
		"albumtitle": "灵命日粮 2010年夏季合集(87)",
		"title": "灵命日粮-20100626"
	},
	{
		"duration": 1760,
		"size": "14.1M",
		"path": "http://media.febcchinese.org/streaming/bv/bv100627.mp3",
		"id": 6189000088,
		"albumId": 6189,
		"albumName": "灵命日粮 2010年夏季合集",
		"albumtitle": "灵命日粮 2010年夏季合集(88)",
		"title": "灵命日粮-20100627"
	},
	{
		"duration": 1760,
		"size": "14.1M",
		"path": "http://media.febcchinese.org/streaming/bv/bv100628.mp3",
		"id": 6189000089,
		"albumId": 6189,
		"albumName": "灵命日粮 2010年夏季合集",
		"albumtitle": "灵命日粮 2010年夏季合集(89)",
		"title": "灵命日粮-20100628"
	},
	{
		"duration": 1760,
		"size": "14.1M",
		"path": "http://media.febcchinese.org/streaming/bv/bv100629.mp3",
		"id": 6189000090,
		"albumId": 6189,
		"albumName": "灵命日粮 2010年夏季合集",
		"albumtitle": "灵命日粮 2010年夏季合集(90)",
		"title": "灵命日粮-20100629"
	},
	{
		"duration": 1760,
		"size": "14.1M",
		"path": "http://media.febcchinese.org/streaming/bv/bv100630.mp3",
		"id": 6189000091,
		"albumId": 6189,
		"albumName": "灵命日粮 2010年夏季合集",
		"albumtitle": "灵命日粮 2010年夏季合集(91)",
		"title": "灵命日粮-20100630"
	}
]