[
	{
		"title": "我们深知 20151001",
		"path": "http://media.febcchinese.org/streaming/bv/bv151001.mp3",
		"duration": 1760,
		"size": "14.1M",
		"albumName": "灵命日粮 2015年冬季合集",
		"id": 6211000001,
		"albumId": 6211,
		"albumtitle": "灵命日粮 2015年冬季合集(1)",
		"textContent": ""
	},
	{
		"title": "我们好富有！ 20151002",
		"path": "http://media.febcchinese.org/streaming/bv/bv151002.mp3",
		"duration": 1760,
		"size": "14.1M",
		"albumName": "灵命日粮 2015年冬季合集",
		"id": 6211000002,
		"albumId": 6211,
		"albumtitle": "灵命日粮 2015年冬季合集(2)",
		"textContent": ""
	},
	{
		"title": "得蒙宽恕 20151003",
		"path": "http://media.febcchinese.org/streaming/bv/bv151003.mp3",
		"duration": 1760,
		"size": "14.1M",
		"albumName": "灵命日粮 2015年冬季合集",
		"id": 6211000003,
		"albumId": 6211,
		"albumtitle": "灵命日粮 2015年冬季合集(3)",
		"textContent": ""
	},
	{
		"title": "奇迹之雨 20151004",
		"path": "http://media.febcchinese.org/streaming/bv/bv151004.mp3",
		"duration": 1760,
		"size": "14.1M",
		"albumName": "灵命日粮 2015年冬季合集",
		"id": 6211000004,
		"albumId": 6211,
		"albumtitle": "灵命日粮 2015年冬季合集(4)",
		"textContent": ""
	},
	{
		"title": "一刻千金 20151005",
		"path": "http://media.febcchinese.org/streaming/bv/bv151005.mp3",
		"duration": 1760,
		"size": "14.1M",
		"albumName": "灵命日粮 2015年冬季合集",
		"id": 6211000005,
		"albumId": 6211,
		"albumtitle": "灵命日粮 2015年冬季合集(5)",
		"textContent": ""
	},
	{
		"title": "玩火 20151006",
		"path": "http://media.febcchinese.org/streaming/bv/bv151006.mp3",
		"duration": 1760,
		"size": "14.1M",
		"albumName": "灵命日粮 2015年冬季合集",
		"id": 6211000006,
		"albumId": 6211,
		"albumtitle": "灵命日粮 2015年冬季合集(6)",
		"textContent": ""
	},
	{
		"title": "视野模糊 20151007",
		"path": "http://media.febcchinese.org/streaming/bv/bv151007.mp3",
		"duration": 1760,
		"size": "14.1M",
		"albumName": "灵命日粮 2015年冬季合集",
		"id": 6211000007,
		"albumId": 6211,
		"albumtitle": "灵命日粮 2015年冬季合集(7)",
		"textContent": ""
	},
	{
		"title": "出言不慎 20151008",
		"path": "http://media.febcchinese.org/streaming/bv/bv151008.mp3",
		"duration": 1760,
		"size": "14.1M",
		"albumName": "灵命日粮 2015年冬季合集",
		"id": 6211000008,
		"albumId": 6211,
		"albumtitle": "灵命日粮 2015年冬季合集(8)",
		"textContent": ""
	},
	{
		"title": "生命之歌 20151009",
		"path": "http://media.febcchinese.org/streaming/bv/bv151009.mp3",
		"duration": 1760,
		"size": "14.1M",
		"albumName": "灵命日粮 2015年冬季合集",
		"id": 6211000009,
		"albumId": 6211,
		"albumtitle": "灵命日粮 2015年冬季合集(9)",
		"textContent": ""
	},
	{
		"title": "先有爱 20151010",
		"path": "http://media.febcchinese.org/streaming/bv/bv151010.mp3",
		"duration": 1760,
		"size": "14.1M",
		"albumName": "灵命日粮 2015年冬季合集",
		"id": 6211000010,
		"albumId": 6211,
		"albumtitle": "灵命日粮 2015年冬季合集(10)",
		"textContent": ""
	},
	{
		"title": "属灵的健康检查 20151011",
		"path": "http://media.febcchinese.org/streaming/bv/bv151011.mp3",
		"duration": 1760,
		"size": "14.1M",
		"albumName": "灵命日粮 2015年冬季合集",
		"id": 6211000011,
		"albumId": 6211,
		"albumtitle": "灵命日粮 2015年冬季合集(11)",
		"textContent": ""
	},
	{
		"title": "不是我的烦恼 20151012",
		"path": "http://media.febcchinese.org/streaming/bv/bv151012.mp3",
		"duration": 1760,
		"size": "14.1M",
		"albumName": "灵命日粮 2015年冬季合集",
		"id": 6211000012,
		"albumId": 6211,
		"albumtitle": "灵命日粮 2015年冬季合集(12)",
		"textContent": ""
	},
	{
		"title": "随时随在 20151013",
		"path": "http://media.febcchinese.org/streaming/bv/bv151013.mp3",
		"duration": 1760,
		"size": "14.1M",
		"albumName": "灵命日粮 2015年冬季合集",
		"id": 6211000013,
		"albumId": 6211,
		"albumtitle": "灵命日粮 2015年冬季合集(13)",
		"textContent": ""
	},
	{
		"title": "一切安好 20151014",
		"path": "http://media.febcchinese.org/streaming/bv/bv151014.mp3",
		"duration": 1760,
		"size": "14.1M",
		"albumName": "灵命日粮 2015年冬季合集",
		"id": 6211000014,
		"albumId": 6211,
		"albumtitle": "灵命日粮 2015年冬季合集(14)",
		"textContent": ""
	},
	{
		"title": "上帝的指引 20151015",
		"path": "http://media.febcchinese.org/streaming/bv/bv151015.mp3",
		"duration": 1760,
		"size": "14.1M",
		"albumName": "灵命日粮 2015年冬季合集",
		"id": 6211000015,
		"albumId": 6211,
		"albumtitle": "灵命日粮 2015年冬季合集(15)",
		"textContent": ""
	},
	{
		"title": "天上的财宝 20151016",
		"path": "http://media.febcchinese.org/streaming/bv/bv151016.mp3",
		"duration": 1760,
		"size": "14.1M",
		"albumName": "灵命日粮 2015年冬季合集",
		"id": 6211000016,
		"albumId": 6211,
		"albumtitle": "灵命日粮 2015年冬季合集(16)",
		"textContent": ""
	},
	{
		"title": "崎岖路 20151017",
		"path": "http://media.febcchinese.org/streaming/bv/bv151017.mp3",
		"duration": 1760,
		"size": "14.1M",
		"albumName": "灵命日粮 2015年冬季合集",
		"id": 6211000017,
		"albumId": 6211,
		"albumtitle": "灵命日粮 2015年冬季合集(17)",
		"textContent": ""
	},
	{
		"title": "十架与冠冕 20151018",
		"path": "http://media.febcchinese.org/streaming/bv/bv151018.mp3",
		"duration": 1760,
		"size": "14.1M",
		"albumName": "灵命日粮 2015年冬季合集",
		"id": 6211000018,
		"albumId": 6211,
		"albumtitle": "灵命日粮 2015年冬季合集(18)",
		"textContent": ""
	},
	{
		"title": "等待回应 20151019",
		"path": "http://media.febcchinese.org/streaming/bv/bv151019.mp3",
		"duration": 1760,
		"size": "14.1M",
		"albumName": "灵命日粮 2015年冬季合集",
		"id": 6211000019,
		"albumId": 6211,
		"albumtitle": "灵命日粮 2015年冬季合集(19)",
		"textContent": ""
	},
	{
		"title": "内心光景 20151020",
		"path": "http://media.febcchinese.org/streaming/bv/bv151020.mp3",
		"duration": 1760,
		"size": "14.1M",
		"albumName": "灵命日粮 2015年冬季合集",
		"id": 6211000020,
		"albumId": 6211,
		"albumtitle": "灵命日粮 2015年冬季合集(20)",
		"textContent": ""
	},
	{
		"title": "骄傲的本性 20151021",
		"path": "http://media.febcchinese.org/streaming/bv/bv151021.mp3",
		"duration": 1760,
		"size": "14.1M",
		"albumName": "灵命日粮 2015年冬季合集",
		"id": 6211000021,
		"albumId": 6211,
		"albumtitle": "灵命日粮 2015年冬季合集(21)",
		"textContent": ""
	},
	{
		"title": "与你同在的喜乐 20151022",
		"path": "http://media.febcchinese.org/streaming/bv/bv151022.mp3",
		"duration": 1760,
		"size": "14.1M",
		"albumName": "灵命日粮 2015年冬季合集",
		"id": 6211000022,
		"albumId": 6211,
		"albumtitle": "灵命日粮 2015年冬季合集(22)",
		"textContent": ""
	},
	{
		"title": "我有耶稣 20151023",
		"path": "http://media.febcchinese.org/streaming/bv/bv151023.mp3",
		"duration": 1760,
		"size": "14.1M",
		"albumName": "灵命日粮 2015年冬季合集",
		"id": 6211000023,
		"albumId": 6211,
		"albumtitle": "灵命日粮 2015年冬季合集(23)",
		"textContent": ""
	},
	{
		"title": "视而不见 20151024",
		"path": "http://media.febcchinese.org/streaming/bv/bv151024.mp3",
		"duration": 1760,
		"size": "14.1M",
		"albumName": "灵命日粮 2015年冬季合集",
		"id": 6211000024,
		"albumId": 6211,
		"albumtitle": "灵命日粮 2015年冬季合集(24)",
		"textContent": ""
	}
]