[
	{
		"title": "同来赞美 20131001",
		"path": "http://media.febcchinese.org/streaming/bv/bv131001.mp3",
		"duration": 1760,
		"size": "14.1M",
		"albumName": "灵命日粮 2013年冬季合集",
		"id": 6203000001,
		"albumId": 6203,
		"albumtitle": "灵命日粮 2013年冬季合集(1)",
		"textContent": ""
	},
	{
		"title": "皇室婚姻 20131002",
		"path": "http://media.febcchinese.org/streaming/bv/bv131002.mp3",
		"duration": 1760,
		"size": "14.1M",
		"albumName": "灵命日粮 2013年冬季合集",
		"id": 6203000002,
		"albumId": 6203,
		"albumtitle": "灵命日粮 2013年冬季合集(2)",
		"textContent": ""
	},
	{
		"title": "同在的安慰 20131003",
		"path": "http://media.febcchinese.org/streaming/bv/bv131003.mp3",
		"duration": 1760,
		"size": "14.1M",
		"albumName": "灵命日粮 2013年冬季合集",
		"id": 6203000003,
		"albumId": 6203,
		"albumtitle": "灵命日粮 2013年冬季合集(3)",
		"textContent": ""
	},
	{
		"title": "超过所求 20131004",
		"path": "http://media.febcchinese.org/streaming/bv/bv131004.mp3",
		"duration": 1760,
		"size": "14.1M",
		"albumName": "灵命日粮 2013年冬季合集",
		"id": 6203000004,
		"albumId": 6203,
		"albumtitle": "灵命日粮 2013年冬季合集(4)",
		"textContent": ""
	},
	{
		"title": "个人价值 20131005",
		"path": "http://media.febcchinese.org/streaming/bv/bv131005.mp3",
		"duration": 1760,
		"size": "14.1M",
		"albumName": "灵命日粮 2013年冬季合集",
		"id": 6203000005,
		"albumId": 6203,
		"albumtitle": "灵命日粮 2013年冬季合集(5)",
		"textContent": ""
	},
	{
		"title": "危险挑战 20131006",
		"path": "http://media.febcchinese.org/streaming/bv/bv131006.mp3",
		"duration": 1760,
		"size": "14.1M",
		"albumName": "灵命日粮 2013年冬季合集",
		"id": 6203000006,
		"albumId": 6203,
		"albumtitle": "灵命日粮 2013年冬季合集(6)",
		"textContent": ""
	},
	{
		"title": "公开赞美 20131007",
		"path": "http://media.febcchinese.org/streaming/bv/bv131007.mp3",
		"duration": 1760,
		"size": "14.1M",
		"albumName": "灵命日粮 2013年冬季合集",
		"id": 6203000007,
		"albumId": 6203,
		"albumtitle": "灵命日粮 2013年冬季合集(7)",
		"textContent": ""
	},
	{
		"title": "上帝如何供应？ 20131008",
		"path": "http://media.febcchinese.org/streaming/bv/bv131008.mp3",
		"duration": 1760,
		"size": "14.1M",
		"albumName": "灵命日粮 2013年冬季合集",
		"id": 6203000008,
		"albumId": 6203,
		"albumtitle": "灵命日粮 2013年冬季合集(8)",
		"textContent": ""
	},
	{
		"title": "生命的粮 20131009",
		"path": "http://media.febcchinese.org/streaming/bv/bv131009.mp3",
		"duration": 1760,
		"size": "14.1M",
		"albumName": "灵命日粮 2013年冬季合集",
		"id": 6203000009,
		"albumId": 6203,
		"albumtitle": "灵命日粮 2013年冬季合集(9)",
		"textContent": ""
	},
	{
		"title": "见证人 20131010",
		"path": "http://media.febcchinese.org/streaming/bv/bv131010.mp3",
		"duration": 1760,
		"size": "14.1M",
		"albumName": "灵命日粮 2013年冬季合集",
		"id": 6203000010,
		"albumId": 6203,
		"albumtitle": "灵命日粮 2013年冬季合集(10)",
		"textContent": ""
	},
	{
		"title": "内在美 20131011",
		"path": "http://media.febcchinese.org/streaming/bv/bv131011.mp3",
		"duration": 1760,
		"size": "14.1M",
		"albumName": "灵命日粮 2013年冬季合集",
		"id": 6203000011,
		"albumId": 6203,
		"albumtitle": "灵命日粮 2013年冬季合集(11)",
		"textContent": ""
	},
	{
		"title": "被人遗忘 20131012",
		"path": "http://media.febcchinese.org/streaming/bv/bv131012.mp3",
		"duration": 1760,
		"size": "14.1M",
		"albumName": "灵命日粮 2013年冬季合集",
		"id": 6203000012,
		"albumId": 6203,
		"albumtitle": "灵命日粮 2013年冬季合集(12)",
		"textContent": ""
	},
	{
		"title": "面对过去 20131013",
		"path": "http://media.febcchinese.org/streaming/bv/bv131013.mp3",
		"duration": 1760,
		"size": "14.1M",
		"albumName": "灵命日粮 2013年冬季合集",
		"id": 6203000013,
		"albumId": 6203,
		"albumtitle": "灵命日粮 2013年冬季合集(13)",
		"textContent": ""
	},
	{
		"title": "种子与土壤 20131014",
		"path": "http://media.febcchinese.org/streaming/bv/bv131014.mp3",
		"duration": 1760,
		"size": "14.1M",
		"albumName": "灵命日粮 2013年冬季合集",
		"id": 6203000014,
		"albumId": 6203,
		"albumtitle": "灵命日粮 2013年冬季合集(14)",
		"textContent": ""
	},
	{
		"title": "赤子之心 20131015",
		"path": "http://media.febcchinese.org/streaming/bv/bv131015.mp3",
		"duration": 1760,
		"size": "14.1M",
		"albumName": "灵命日粮 2013年冬季合集",
		"id": 6203000015,
		"albumId": 6203,
		"albumtitle": "灵命日粮 2013年冬季合集(15)",
		"textContent": ""
	},
	{
		"title": "寇迪石 20131016",
		"path": "http://media.febcchinese.org/streaming/bv/bv131016.mp3",
		"duration": 1760,
		"size": "14.1M",
		"albumName": "灵命日粮 2013年冬季合集",
		"id": 6203000016,
		"albumId": 6203,
		"albumtitle": "灵命日粮 2013年冬季合集(16)",
		"textContent": ""
	},
	{
		"title": "爱无阻隔 20131017",
		"path": "http://media.febcchinese.org/streaming/bv/bv131017.mp3",
		"duration": 1760,
		"size": "14.1M",
		"albumName": "灵命日粮 2013年冬季合集",
		"id": 6203000017,
		"albumId": 6203,
		"albumtitle": "灵命日粮 2013年冬季合集(17)",
		"textContent": ""
	},
	{
		"title": "结束？ 20131018",
		"path": "http://media.febcchinese.org/streaming/bv/bv131018.mp3",
		"duration": 1760,
		"size": "14.1M",
		"albumName": "灵命日粮 2013年冬季合集",
		"id": 6203000018,
		"albumId": 6203,
		"albumtitle": "灵命日粮 2013年冬季合集(18)",
		"textContent": ""
	},
	{
		"title": "多久？ 20131019",
		"path": "http://media.febcchinese.org/streaming/bv/bv131019.mp3",
		"duration": 1760,
		"size": "14.1M",
		"albumName": "灵命日粮 2013年冬季合集",
		"id": 6203000019,
		"albumId": 6203,
		"albumtitle": "灵命日粮 2013年冬季合集(19)",
		"textContent": ""
	},
	{
		"title": "偏离的心 20131020",
		"path": "http://media.febcchinese.org/streaming/bv/bv131020.mp3",
		"duration": 1760,
		"size": "14.1M",
		"albumName": "灵命日粮 2013年冬季合集",
		"id": 6203000020,
		"albumId": 6203,
		"albumtitle": "灵命日粮 2013年冬季合集(20)",
		"textContent": ""
	},
	{
		"title": "荣耀日 20131021",
		"path": "http://media.febcchinese.org/streaming/bv/bv131021.mp3",
		"duration": 1760,
		"size": "14.1M",
		"albumName": "灵命日粮 2013年冬季合集",
		"id": 6203000021,
		"albumId": 6203,
		"albumtitle": "灵命日粮 2013年冬季合集(21)",
		"textContent": ""
	},
	{
		"title": "彼此相爱 20131022",
		"path": "http://media.febcchinese.org/streaming/bv/bv131022.mp3",
		"duration": 1760,
		"size": "14.1M",
		"albumName": "灵命日粮 2013年冬季合集",
		"id": 6203000022,
		"albumId": 6203,
		"albumtitle": "灵命日粮 2013年冬季合集(22)",
		"textContent": ""
	},
	{
		"title": "得着生命 20131023",
		"path": "http://media.febcchinese.org/streaming/bv/bv131023.mp3",
		"duration": 1760,
		"size": "14.1M",
		"albumName": "灵命日粮 2013年冬季合集",
		"id": 6203000023,
		"albumId": 6203,
		"albumtitle": "灵命日粮 2013年冬季合集(23)",
		"textContent": ""
	},
	{
		"title": "新生命 20131024",
		"path": "http://media.febcchinese.org/streaming/bv/bv131024.mp3",
		"duration": 1760,
		"size": "14.1M",
		"albumName": "灵命日粮 2013年冬季合集",
		"id": 6203000024,
		"albumId": 6203,
		"albumtitle": "灵命日粮 2013年冬季合集(24)",
		"textContent": ""
	},
	{
		"title": "爱与认识 20131025",
		"path": "http://media.febcchinese.org/streaming/bv/bv131025.mp3",
		"duration": 1760,
		"size": "14.1M",
		"albumName": "灵命日粮 2013年冬季合集",
		"id": 6203000025,
		"albumId": 6203,
		"albumtitle": "灵命日粮 2013年冬季合集(25)",
		"textContent": ""
	},
	{
		"title": "内心健康 20131026",
		"path": "http://media.febcchinese.org/streaming/bv/bv131026.mp3",
		"duration": 1760,
		"size": "14.1M",
		"albumName": "灵命日粮 2013年冬季合集",
		"id": 6203000026,
		"albumId": 6203,
		"albumtitle": "灵命日粮 2013年冬季合集(26)",
		"textContent": ""
	},
	{
		"title": "风暴中的上帝 20131027",
		"path": "http://media.febcchinese.org/streaming/bv/bv131027.mp3",
		"duration": 1760,
		"size": "14.1M",
		"albumName": "灵命日粮 2013年冬季合集",
		"id": 6203000027,
		"albumId": 6203,
		"albumtitle": "灵命日粮 2013年冬季合集(27)",
		"textContent": ""
	},
	{
		"title": "耐心等候 20131028",
		"path": "http://media.febcchinese.org/streaming/bv/bv131028.mp3",
		"duration": 1760,
		"size": "14.1M",
		"albumName": "灵命日粮 2013年冬季合集",
		"id": 6203000028,
		"albumId": 6203,
		"albumtitle": "灵命日粮 2013年冬季合集(28)",
		"textContent": ""
	},
	{
		"title": "奇妙美好 20131029",
		"path": "http://media.febcchinese.org/streaming/bv/bv131029.mp3",
		"duration": 1760,
		"size": "14.1M",
		"albumName": "灵命日粮 2013年冬季合集",
		"id": 6203000029,
		"albumId": 6203,
		"albumtitle": "灵命日粮 2013年冬季合集(29)",
		"textContent": ""
	},
	{
		"title": "最后一章 20131030",
		"path": "http://media.febcchinese.org/streaming/bv/bv131030.mp3",
		"duration": 1760,
		"size": "14.1M",
		"albumName": "灵命日粮 2013年冬季合集",
		"id": 6203000030,
		"albumId": 6203,
		"albumtitle": "灵命日粮 2013年冬季合集(30)",
		"textContent": ""
	},
	{
		"title": "爱的眼光 20131031",
		"path": "http://media.febcchinese.org/streaming/bv/bv131031.mp3",
		"duration": 1760,
		"size": "14.1M",
		"albumName": "灵命日粮 2013年冬季合集",
		"id": 6203000031,
		"albumId": 6203,
		"albumtitle": "灵命日粮 2013年冬季合集(31)",
		"textContent": ""
	},
	{
		"title": "爱衪爱人 20131101",
		"path": "http://media.febcchinese.org/streaming/bv/bv131101.mp3",
		"duration": 1760,
		"size": "14.1M",
		"albumName": "灵命日粮 2013年冬季合集",
		"id": 6203000032,
		"albumId": 6203,
		"albumtitle": "灵命日粮 2013年冬季合集(32)",
		"textContent": ""
	},
	{
		"title": "谁说真话 20131102",
		"path": "http://media.febcchinese.org/streaming/bv/bv131102.mp3",
		"duration": 1760,
		"size": "14.1M",
		"albumName": "灵命日粮 2013年冬季合集",
		"id": 6203000033,
		"albumId": 6203,
		"albumtitle": "灵命日粮 2013年冬季合集(33)",
		"textContent": ""
	},
	{
		"title": "安静休息 20131103",
		"path": "http://media.febcchinese.org/streaming/bv/bv131103.mp3",
		"duration": 1760,
		"size": "14.1M",
		"albumName": "灵命日粮 2013年冬季合集",
		"id": 6203000034,
		"albumId": 6203,
		"albumtitle": "灵命日粮 2013年冬季合集(34)",
		"textContent": ""
	},
	{
		"title": "跃过墙垣 20131104",
		"path": "http://media.febcchinese.org/streaming/bv/bv131104.mp3",
		"duration": 1760,
		"size": "14.1M",
		"albumName": "灵命日粮 2013年冬季合集",
		"id": 6203000035,
		"albumId": 6203,
		"albumtitle": "灵命日粮 2013年冬季合集(35)",
		"textContent": ""
	},
	{
		"title": "奖励好行为 20131105",
		"path": "http://media.febcchinese.org/streaming/bv/bv131105.mp3",
		"duration": 1760,
		"size": "14.1M",
		"albumName": "灵命日粮 2013年冬季合集",
		"id": 6203000036,
		"albumId": 6203,
		"albumtitle": "灵命日粮 2013年冬季合集(36)",
		"textContent": ""
	},
	{
		"title": "万物都有定时 20131106",
		"path": "http://media.febcchinese.org/streaming/bv/bv131106.mp3",
		"duration": 1760,
		"size": "14.1M",
		"albumName": "灵命日粮 2013年冬季合集",
		"id": 6203000037,
		"albumId": 6203,
		"albumtitle": "灵命日粮 2013年冬季合集(37)",
		"textContent": ""
	},
	{
		"title": "靠主得胜 20131107",
		"path": "http://media.febcchinese.org/streaming/bv/bv131107.mp3",
		"duration": 1760,
		"size": "14.1M",
		"albumName": "灵命日粮 2013年冬季合集",
		"id": 6203000038,
		"albumId": 6203,
		"albumtitle": "灵命日粮 2013年冬季合集(38)",
		"textContent": ""
	},
	{
		"title": "施予之福 20131108",
		"path": "http://media.febcchinese.org/streaming/bv/bv131108.mp3",
		"duration": 1760,
		"size": "14.1M",
		"albumName": "灵命日粮 2013年冬季合集",
		"id": 6203000039,
		"albumId": 6203,
		"albumtitle": "灵命日粮 2013年冬季合集(39)",
		"textContent": ""
	},
	{
		"title": "坚固磐石 20131109",
		"path": "http://media.febcchinese.org/streaming/bv/bv131109.mp3",
		"duration": 1760,
		"size": "14.1M",
		"albumName": "灵命日粮 2013年冬季合集",
		"id": 6203000040,
		"albumId": 6203,
		"albumtitle": "灵命日粮 2013年冬季合集(40)",
		"textContent": ""
	},
	{
		"title": "父亲的话 20131110",
		"path": "http://media.febcchinese.org/streaming/bv/bv131110.mp3",
		"duration": 1760,
		"size": "14.1M",
		"albumName": "灵命日粮 2013年冬季合集",
		"id": 6203000041,
		"albumId": 6203,
		"albumtitle": "灵命日粮 2013年冬季合集(41)",
		"textContent": ""
	},
	{
		"title": "灾难日记 20131111",
		"path": "http://media.febcchinese.org/streaming/bv/bv131111.mp3",
		"duration": 1760,
		"size": "14.1M",
		"albumName": "灵命日粮 2013年冬季合集",
		"id": 6203000042,
		"albumId": 6203,
		"albumtitle": "灵命日粮 2013年冬季合集(42)",
		"textContent": ""
	},
	{
		"title": "羞愧难堪 20131112",
		"path": "http://media.febcchinese.org/streaming/bv/bv131112.mp3",
		"duration": 1760,
		"size": "14.1M",
		"albumName": "灵命日粮 2013年冬季合集",
		"id": 6203000043,
		"albumId": 6203,
		"albumtitle": "灵命日粮 2013年冬季合集(43)",
		"textContent": ""
	},
	{
		"title": "一片拼图 20131113",
		"path": "http://media.febcchinese.org/streaming/bv/bv131113.mp3",
		"duration": 1760,
		"size": "14.1M",
		"albumName": "灵命日粮 2013年冬季合集",
		"id": 6203000044,
		"albumId": 6203,
		"albumtitle": "灵命日粮 2013年冬季合集(44)",
		"textContent": ""
	},
	{
		"title": "帮助他人 20131114",
		"path": "http://media.febcchinese.org/streaming/bv/bv131114.mp3",
		"duration": 1760,
		"size": "14.1M",
		"albumName": "灵命日粮 2013年冬季合集",
		"id": 6203000045,
		"albumId": 6203,
		"albumtitle": "灵命日粮 2013年冬季合集(45)",
		"textContent": ""
	},
	{
		"title": "为何胆怯 20131115",
		"path": "http://media.febcchinese.org/streaming/bv/bv131115.mp3",
		"duration": 1760,
		"size": "14.1M",
		"albumName": "灵命日粮 2013年冬季合集",
		"id": 6203000046,
		"albumId": 6203,
		"albumtitle": "灵命日粮 2013年冬季合集(46)",
		"textContent": ""
	},
	{
		"title": "归给当得的 20131116",
		"path": "http://media.febcchinese.org/streaming/bv/bv131116.mp3",
		"duration": 1760,
		"size": "14.1M",
		"albumName": "灵命日粮 2013年冬季合集",
		"id": 6203000047,
		"albumId": 6203,
		"albumtitle": "灵命日粮 2013年冬季合集(47)",
		"textContent": ""
	},
	{
		"title": "胜过罪恶 20131117",
		"path": "http://media.febcchinese.org/streaming/bv/bv131117.mp3",
		"duration": 1760,
		"size": "14.1M",
		"albumName": "灵命日粮 2013年冬季合集",
		"id": 6203000048,
		"albumId": 6203,
		"albumtitle": "灵命日粮 2013年冬季合集(48)",
		"textContent": ""
	},
	{
		"title": "欢迎回来 20131118",
		"path": "http://media.febcchinese.org/streaming/bv/bv131118.mp3",
		"duration": 1760,
		"size": "14.1M",
		"albumName": "灵命日粮 2013年冬季合集",
		"id": 6203000049,
		"albumId": 6203,
		"albumtitle": "灵命日粮 2013年冬季合集(49)",
		"textContent": ""
	},
	{
		"title": "客旅 20131119",
		"path": "http://media.febcchinese.org/streaming/bv/bv131119.mp3",
		"duration": 1760,
		"size": "14.1M",
		"albumName": "灵命日粮 2013年冬季合集",
		"id": 6203000050,
		"albumId": 6203,
		"albumtitle": "灵命日粮 2013年冬季合集(50)",
		"textContent": ""
	},
	{
		"title": "关怀他人 20131120",
		"path": "http://media.febcchinese.org/streaming/bv/bv131120.mp3",
		"duration": 1760,
		"size": "14.1M",
		"albumName": "灵命日粮 2013年冬季合集",
		"id": 6203000051,
		"albumId": 6203,
		"albumtitle": "灵命日粮 2013年冬季合集(51)",
		"textContent": ""
	},
	{
		"title": "那个名字 20131121",
		"path": "http://media.febcchinese.org/streaming/bv/bv131121.mp3",
		"duration": 1760,
		"size": "14.1M",
		"albumName": "灵命日粮 2013年冬季合集",
		"id": 6203000052,
		"albumId": 6203,
		"albumtitle": "灵命日粮 2013年冬季合集(52)",
		"textContent": ""
	},
	{
		"title": "受荫庇 20131122",
		"path": "http://media.febcchinese.org/streaming/bv/bv131122.mp3",
		"duration": 1760,
		"size": "14.1M",
		"albumName": "灵命日粮 2013年冬季合集",
		"id": 6203000053,
		"albumId": 6203,
		"albumtitle": "灵命日粮 2013年冬季合集(53)",
		"textContent": ""
	},
	{
		"title": "基督的信 20131123",
		"path": "http://media.febcchinese.org/streaming/bv/bv131123.mp3",
		"duration": 1760,
		"size": "14.1M",
		"albumName": "灵命日粮 2013年冬季合集",
		"id": 6203000054,
		"albumId": 6203,
		"albumtitle": "灵命日粮 2013年冬季合集(54)",
		"textContent": ""
	},
	{
		"title": "适当时机 20131124",
		"path": "http://media.febcchinese.org/streaming/bv/bv131124.mp3",
		"duration": 1760,
		"size": "14.1M",
		"albumName": "灵命日粮 2013年冬季合集",
		"id": 6203000055,
		"albumId": 6203,
		"albumtitle": "灵命日粮 2013年冬季合集(55)",
		"textContent": ""
	},
	{
		"title": "分辨真假 20131125",
		"path": "http://media.febcchinese.org/streaming/bv/bv131125.mp3",
		"duration": 1760,
		"size": "14.1M",
		"albumName": "灵命日粮 2013年冬季合集",
		"id": 6203000056,
		"albumId": 6203,
		"albumtitle": "灵命日粮 2013年冬季合集(56)",
		"textContent": ""
	},
	{
		"title": "真爱 20131126",
		"path": "http://media.febcchinese.org/streaming/bv/bv131126.mp3",
		"duration": 1760,
		"size": "14.1M",
		"albumName": "灵命日粮 2013年冬季合集",
		"id": 6203000057,
		"albumId": 6203,
		"albumtitle": "灵命日粮 2013年冬季合集(57)",
		"textContent": ""
	},
	{
		"title": "泉源之地 20131127",
		"path": "http://media.febcchinese.org/streaming/bv/bv131127.mp3",
		"duration": 1760,
		"size": "14.1M",
		"albumName": "灵命日粮 2013年冬季合集",
		"id": 6203000058,
		"albumId": 6203,
		"albumtitle": "灵命日粮 2013年冬季合集(58)",
		"textContent": ""
	},
	{
		"title": "享受资财 20131128",
		"path": "http://media.febcchinese.org/streaming/bv/bv131128.mp3",
		"duration": 1760,
		"size": "14.1M",
		"albumName": "灵命日粮 2013年冬季合集",
		"id": 6203000059,
		"albumId": 6203,
		"albumtitle": "灵命日粮 2013年冬季合集(59)",
		"textContent": ""
	},
	{
		"title": "第一印象 20131129",
		"path": "http://media.febcchinese.org/streaming/bv/bv131129.mp3",
		"duration": 1760,
		"size": "14.1M",
		"albumName": "灵命日粮 2013年冬季合集",
		"id": 6203000060,
		"albumId": 6203,
		"albumtitle": "灵命日粮 2013年冬季合集(60)",
		"textContent": ""
	},
	{
		"title": "侧耳倾听 20131130",
		"path": "http://media.febcchinese.org/streaming/bv/bv131130.mp3",
		"duration": 1760,
		"size": "14.1M",
		"albumName": "灵命日粮 2013年冬季合集",
		"id": 6203000061,
		"albumId": 6203,
		"albumtitle": "灵命日粮 2013年冬季合集(61)",
		"textContent": ""
	},
	{
		"title": "上帝等待 20131201",
		"path": "http://media.febcchinese.org/streaming/bv/bv131201.mp3",
		"duration": 1760,
		"size": "14.1M",
		"albumName": "灵命日粮 2013年冬季合集",
		"id": 6203000062,
		"albumId": 6203,
		"albumtitle": "灵命日粮 2013年冬季合集(62)",
		"textContent": ""
	},
	{
		"title": "正直联盟 20131202",
		"path": "http://media.febcchinese.org/streaming/bv/bv131202.mp3",
		"duration": 1760,
		"size": "14.1M",
		"albumName": "灵命日粮 2013年冬季合集",
		"id": 6203000063,
		"albumId": 6203,
		"albumtitle": "灵命日粮 2013年冬季合集(63)",
		"textContent": ""
	},
	{
		"title": "简单真理 20131203",
		"path": "http://media.febcchinese.org/streaming/bv/bv131203.mp3",
		"duration": 1760,
		"size": "14.1M",
		"albumName": "灵命日粮 2013年冬季合集",
		"id": 6203000064,
		"albumId": 6203,
		"albumtitle": "灵命日粮 2013年冬季合集(64)",
		"textContent": ""
	},
	{
		"title": "我发现了 20131204",
		"path": "http://media.febcchinese.org/streaming/bv/bv131204.mp3",
		"duration": 1760,
		"size": "14.1M",
		"albumName": "灵命日粮 2013年冬季合集",
		"id": 6203000065,
		"albumId": 6203,
		"albumtitle": "灵命日粮 2013年冬季合集(65)",
		"textContent": ""
	},
	{
		"title": "确定需要 20131205",
		"path": "http://media.febcchinese.org/streaming/bv/bv131205.mp3",
		"duration": 1760,
		"size": "14.1M",
		"albumName": "灵命日粮 2013年冬季合集",
		"id": 6203000066,
		"albumId": 6203,
		"albumtitle": "灵命日粮 2013年冬季合集(66)",
		"textContent": ""
	},
	{
		"title": "充足有余 20131206",
		"path": "http://media.febcchinese.org/streaming/bv/bv131206.mp3",
		"duration": 1760,
		"size": "14.1M",
		"albumName": "灵命日粮 2013年冬季合集",
		"id": 6203000067,
		"albumId": 6203,
		"albumtitle": "灵命日粮 2013年冬季合集(67)",
		"textContent": ""
	},
	{
		"title": "圣诞之光 20131207",
		"path": "http://media.febcchinese.org/streaming/bv/bv131207.mp3",
		"duration": 1760,
		"size": "14.1M",
		"albumName": "灵命日粮 2013年冬季合集",
		"id": 6203000068,
		"albumId": 6203,
		"albumtitle": "灵命日粮 2013年冬季合集(68)",
		"textContent": ""
	},
	{
		"title": "惊慌恐惧 20131208",
		"path": "http://media.febcchinese.org/streaming/bv/bv131208.mp3",
		"duration": 1760,
		"size": "14.1M",
		"albumName": "灵命日粮 2013年冬季合集",
		"id": 6203000069,
		"albumId": 6203,
		"albumtitle": "灵命日粮 2013年冬季合集(69)",
		"textContent": ""
	},
	{
		"title": "好与坏 20131209",
		"path": "http://media.febcchinese.org/streaming/bv/bv131209.mp3",
		"duration": 1760,
		"size": "14.1M",
		"albumName": "灵命日粮 2013年冬季合集",
		"id": 6203000070,
		"albumId": 6203,
		"albumtitle": "灵命日粮 2013年冬季合集(70)",
		"textContent": ""
	},
	{
		"title": "最慷慨 20131210",
		"path": "http://media.febcchinese.org/streaming/bv/bv131210.mp3",
		"duration": 1760,
		"size": "14.1M",
		"albumName": "灵命日粮 2013年冬季合集",
		"id": 6203000071,
		"albumId": 6203,
		"albumtitle": "灵命日粮 2013年冬季合集(71)",
		"textContent": ""
	},
	{
		"title": "怀疑者的盼望 20131211",
		"path": "http://media.febcchinese.org/streaming/bv/bv131211.mp3",
		"duration": 1760,
		"size": "14.1M",
		"albumName": "灵命日粮 2013年冬季合集",
		"id": 6203000072,
		"albumId": 6203,
		"albumtitle": "灵命日粮 2013年冬季合集(72)",
		"textContent": ""
	},
	{
		"title": "戏服或制服？ 20131212",
		"path": "http://media.febcchinese.org/streaming/bv/bv131212.mp3",
		"duration": 1760,
		"size": "14.1M",
		"albumName": "灵命日粮 2013年冬季合集",
		"id": 6203000073,
		"albumId": 6203,
		"albumtitle": "灵命日粮 2013年冬季合集(73)",
		"textContent": ""
	},
	{
		"title": "永恒的奖赏 20131213",
		"path": "http://media.febcchinese.org/streaming/bv/bv131213.mp3",
		"duration": 1760,
		"size": "14.1M",
		"albumName": "灵命日粮 2013年冬季合集",
		"id": 6203000074,
		"albumId": 6203,
		"albumtitle": "灵命日粮 2013年冬季合集(74)",
		"textContent": ""
	},
	{
		"title": "救恩临到 20131214",
		"path": "http://media.febcchinese.org/streaming/bv/bv131214.mp3",
		"duration": 1760,
		"size": "14.1M",
		"albumName": "灵命日粮 2013年冬季合集",
		"id": 6203000075,
		"albumId": 6203,
		"albumtitle": "灵命日粮 2013年冬季合集(75)",
		"textContent": ""
	},
	{
		"title": "欢庆圣诞 20131215",
		"path": "http://media.febcchinese.org/streaming/bv/bv131215.mp3",
		"duration": 1760,
		"size": "14.1M",
		"albumName": "灵命日粮 2013年冬季合集",
		"id": 6203000076,
		"albumId": 6203,
		"albumtitle": "灵命日粮 2013年冬季合集(76)",
		"textContent": ""
	},
	{
		"title": "反向生活 20131216",
		"path": "http://media.febcchinese.org/streaming/bv/bv131216.mp3",
		"duration": 1760,
		"size": "14.1M",
		"albumName": "灵命日粮 2013年冬季合集",
		"id": 6203000077,
		"albumId": 6203,
		"albumtitle": "灵命日粮 2013年冬季合集(77)",
		"textContent": ""
	},
	{
		"title": "爱与支持 20131217",
		"path": "http://media.febcchinese.org/streaming/bv/bv131217.mp3",
		"duration": 1760,
		"size": "14.1M",
		"albumName": "灵命日粮 2013年冬季合集",
		"id": 6203000078,
		"albumId": 6203,
		"albumtitle": "灵命日粮 2013年冬季合集(78)",
		"textContent": ""
	},
	{
		"title": "不会全空 20131218",
		"path": "http://media.febcchinese.org/streaming/bv/bv131218.mp3",
		"duration": 1760,
		"size": "14.1M",
		"albumName": "灵命日粮 2013年冬季合集",
		"id": 6203000079,
		"albumId": 6203,
		"albumtitle": "灵命日粮 2013年冬季合集(79)",
		"textContent": ""
	},
	{
		"title": "赐下儿子 20131219",
		"path": "http://media.febcchinese.org/streaming/bv/bv131219.mp3",
		"duration": 1760,
		"size": "14.1M",
		"albumName": "灵命日粮 2013年冬季合集",
		"id": 6203000080,
		"albumId": 6203,
		"albumtitle": "灵命日粮 2013年冬季合集(80)",
		"textContent": ""
	},
	{
		"title": "到避难所 20131220",
		"path": "http://media.febcchinese.org/streaming/bv/bv131220.mp3",
		"duration": 1760,
		"size": "14.1M",
		"albumName": "灵命日粮 2013年冬季合集",
		"id": 6203000081,
		"albumId": 6203,
		"albumtitle": "灵命日粮 2013年冬季合集(81)",
		"textContent": ""
	},
	{
		"title": "光和影 20131221",
		"path": "http://media.febcchinese.org/streaming/bv/bv131221.mp3",
		"duration": 1760,
		"size": "14.1M",
		"albumName": "灵命日粮 2013年冬季合集",
		"id": 6203000082,
		"albumId": 6203,
		"albumtitle": "灵命日粮 2013年冬季合集(82)",
		"textContent": ""
	},
	{
		"title": "奇妙圣诞 20131222",
		"path": "http://media.febcchinese.org/streaming/bv/bv131222.mp3",
		"duration": 1760,
		"size": "14.1M",
		"albumName": "灵命日粮 2013年冬季合集",
		"id": 6203000083,
		"albumId": 6203,
		"albumtitle": "灵命日粮 2013年冬季合集(83)",
		"textContent": ""
	},
	{
		"title": "上帝同在 20131223",
		"path": "http://media.febcchinese.org/streaming/bv/bv131223.mp3",
		"duration": 1760,
		"size": "14.1M",
		"albumName": "灵命日粮 2013年冬季合集",
		"id": 6203000084,
		"albumId": 6203,
		"albumtitle": "灵命日粮 2013年冬季合集(84)",
		"textContent": ""
	},
	{
		"title": "那平安夜 20131224",
		"path": "http://media.febcchinese.org/streaming/bv/bv131224.mp3",
		"duration": 1760,
		"size": "14.1M",
		"albumName": "灵命日粮 2013年冬季合集",
		"id": 6203000085,
		"albumId": 6203,
		"albumtitle": "灵命日粮 2013年冬季合集(85)",
		"textContent": ""
	},
	{
		"title": "耶稣之光 20131225",
		"path": "http://media.febcchinese.org/streaming/bv/bv131225.mp3",
		"duration": 1760,
		"size": "14.1M",
		"albumName": "灵命日粮 2013年冬季合集",
		"id": 6203000086,
		"albumId": 6203,
		"albumtitle": "灵命日粮 2013年冬季合集(86)",
		"textContent": ""
	},
	{
		"title": "安静陪伴 20131226",
		"path": "http://media.febcchinese.org/streaming/bv/bv131226.mp3",
		"duration": 1760,
		"size": "14.1M",
		"albumName": "灵命日粮 2013年冬季合集",
		"id": 6203000087,
		"albumId": 6203,
		"albumtitle": "灵命日粮 2013年冬季合集(87)",
		"textContent": ""
	},
	{
		"title": "困境中的挑战 20131227",
		"path": "http://media.febcchinese.org/streaming/bv/bv131227.mp3",
		"duration": 1760,
		"size": "14.1M",
		"albumName": "灵命日粮 2013年冬季合集",
		"id": 6203000088,
		"albumId": 6203,
		"albumtitle": "灵命日粮 2013年冬季合集(88)",
		"textContent": ""
	},
	{
		"title": "最佳呈献 20131228",
		"path": "http://media.febcchinese.org/streaming/bv/bv131228.mp3",
		"duration": 1760,
		"size": "14.1M",
		"albumName": "灵命日粮 2013年冬季合集",
		"id": 6203000089,
		"albumId": 6203,
		"albumtitle": "灵命日粮 2013年冬季合集(89)",
		"textContent": ""
	},
	{
		"title": "写给孩童的信 20131229",
		"path": "http://media.febcchinese.org/streaming/bv/bv131229.mp3",
		"duration": 1760,
		"size": "14.1M",
		"albumName": "灵命日粮 2013年冬季合集",
		"id": 6203000090,
		"albumId": 6203,
		"albumtitle": "灵命日粮 2013年冬季合集(90)",
		"textContent": ""
	},
	{
		"title": "忧喜参半 20131230",
		"path": "http://media.febcchinese.org/streaming/bv/bv131230.mp3",
		"duration": 1760,
		"size": "14.1M",
		"albumName": "灵命日粮 2013年冬季合集",
		"id": 6203000091,
		"albumId": 6203,
		"albumtitle": "灵命日粮 2013年冬季合集(91)",
		"textContent": ""
	},
	{
		"title": "祂手紧握 20131231",
		"path": "http://media.febcchinese.org/streaming/bv/bv131231.mp3",
		"duration": 1760,
		"size": "14.1M",
		"albumName": "灵命日粮 2013年冬季合集",
		"id": 6203000092,
		"albumId": 6203,
		"albumtitle": "灵命日粮 2013年冬季合集(92)",
		"textContent": ""
	}
]