[
	{
		"title": "认错 20150701",
		"path": "http://media.febcchinese.org/streaming/bv/bv150701.mp3",
		"duration": 1760,
		"size": "14.1M",
		"albumName": "灵命日粮 2015年秋季合集",
		"id": 6210000001,
		"albumId": 6210,
		"albumtitle": "灵命日粮 2015年秋季合集(1)",
		"textContent": ""
	},
	{
		"title": "煽风点火 20150702",
		"path": "http://media.febcchinese.org/streaming/bv/bv150702.mp3",
		"duration": 1760,
		"size": "14.1M",
		"albumName": "灵命日粮 2015年秋季合集",
		"id": 6210000002,
		"albumId": 6210,
		"albumtitle": "灵命日粮 2015年秋季合集(2)",
		"textContent": ""
	},
	{
		"title": "战场来鸿 20150703",
		"path": "http://media.febcchinese.org/streaming/bv/bv150703.mp3",
		"duration": 1760,
		"size": "14.1M",
		"albumName": "灵命日粮 2015年秋季合集",
		"id": 6210000003,
		"albumId": 6210,
		"albumtitle": "灵命日粮 2015年秋季合集(3)",
		"textContent": ""
	},
	{
		"title": "塞鲁士谕令 20150704",
		"path": "http://media.febcchinese.org/streaming/bv/bv150704.mp3",
		"duration": 1760,
		"size": "14.1M",
		"albumName": "灵命日粮 2015年秋季合集",
		"id": 6210000004,
		"albumId": 6210,
		"albumtitle": "灵命日粮 2015年秋季合集(4)",
		"textContent": ""
	},
	{
		"title": "到我这里来 20150705",
		"path": "http://media.febcchinese.org/streaming/bv/bv150705.mp3",
		"duration": 1760,
		"size": "14.1M",
		"albumName": "灵命日粮 2015年秋季合集",
		"id": 6210000005,
		"albumId": 6210,
		"albumtitle": "灵命日粮 2015年秋季合集(5)",
		"textContent": ""
	},
	{
		"title": "黑暗与光 20150706",
		"path": "http://media.febcchinese.org/streaming/bv/bv150706.mp3",
		"duration": 1760,
		"size": "14.1M",
		"albumName": "灵命日粮 2015年秋季合集",
		"id": 6210000006,
		"albumId": 6210,
		"albumtitle": "灵命日粮 2015年秋季合集(6)",
		"textContent": ""
	},
	{
		"title": "耐心陪伴 20150707",
		"path": "http://media.febcchinese.org/streaming/bv/bv150707.mp3",
		"duration": 1760,
		"size": "14.1M",
		"albumName": "灵命日粮 2015年秋季合集",
		"id": 6210000007,
		"albumId": 6210,
		"albumtitle": "灵命日粮 2015年秋季合集(7)",
		"textContent": ""
	},
	{
		"title": "平凡人 20150708",
		"path": "http://media.febcchinese.org/streaming/bv/bv150708.mp3",
		"duration": 1760,
		"size": "14.1M",
		"albumName": "灵命日粮 2015年秋季合集",
		"id": 6210000008,
		"albumId": 6210,
		"albumtitle": "灵命日粮 2015年秋季合集(8)",
		"textContent": ""
	},
	{
		"title": "恩慈待人 20150709",
		"path": "http://media.febcchinese.org/streaming/bv/bv150709.mp3",
		"duration": 1760,
		"size": "14.1M",
		"albumName": "灵命日粮 2015年秋季合集",
		"id": 6210000009,
		"albumId": 6210,
		"albumtitle": "灵命日粮 2015年秋季合集(9)",
		"textContent": ""
	},
	{
		"title": "同负重担 20150710",
		"path": "http://media.febcchinese.org/streaming/bv/bv150710.mp3",
		"duration": 1760,
		"size": "14.1M",
		"albumName": "灵命日粮 2015年秋季合集",
		"id": 6210000010,
		"albumId": 6210,
		"albumtitle": "灵命日粮 2015年秋季合集(10)",
		"textContent": ""
	},
	{
		"title": "沙漠 20150711",
		"path": "http://media.febcchinese.org/streaming/bv/bv150711.mp3",
		"duration": 1760,
		"size": "14.1M",
		"albumName": "灵命日粮 2015年秋季合集",
		"id": 6210000011,
		"albumId": 6210,
		"albumtitle": "灵命日粮 2015年秋季合集(11)",
		"textContent": ""
	},
	{
		"title": "永存盼望 20150712",
		"path": "http://media.febcchinese.org/streaming/bv/bv150712.mp3",
		"duration": 1760,
		"size": "14.1M",
		"albumName": "灵命日粮 2015年秋季合集",
		"id": 6210000012,
		"albumId": 6210,
		"albumtitle": "灵命日粮 2015年秋季合集(12)",
		"textContent": ""
	},
	{
		"title": "心灵导师 20150713",
		"path": "http://media.febcchinese.org/streaming/bv/bv150713.mp3",
		"duration": 1760,
		"size": "14.1M",
		"albumName": "灵命日粮 2015年秋季合集",
		"id": 6210000013,
		"albumId": 6210,
		"albumtitle": "灵命日粮 2015年秋季合集(13)",
		"textContent": ""
	},
	{
		"title": "像我们这样的人 20150714",
		"path": "http://media.febcchinese.org/streaming/bv/bv150714.mp3",
		"duration": 1760,
		"size": "14.1M",
		"albumName": "灵命日粮 2015年秋季合集",
		"id": 6210000014,
		"albumId": 6210,
		"albumtitle": "灵命日粮 2015年秋季合集(14)",
		"textContent": ""
	},
	{
		"title": "全新的心 20150715",
		"path": "http://media.febcchinese.org/streaming/bv/bv150715.mp3",
		"duration": 1760,
		"size": "14.1M",
		"albumName": "灵命日粮 2015年秋季合集",
		"id": 6210000015,
		"albumId": 6210,
		"albumtitle": "灵命日粮 2015年秋季合集(15)",
		"textContent": ""
	},
	{
		"title": "起名 20150716",
		"path": "http://media.febcchinese.org/streaming/bv/bv150716.mp3",
		"duration": 1760,
		"size": "14.1M",
		"albumName": "灵命日粮 2015年秋季合集",
		"id": 6210000016,
		"albumId": 6210,
		"albumtitle": "灵命日粮 2015年秋季合集(16)",
		"textContent": ""
	},
	{
		"title": "青少年的眼泪 20150717",
		"path": "http://media.febcchinese.org/streaming/bv/bv150717.mp3",
		"duration": 1760,
		"size": "14.1M",
		"albumName": "灵命日粮 2015年秋季合集",
		"id": 6210000017,
		"albumId": 6210,
		"albumtitle": "灵命日粮 2015年秋季合集(17)",
		"textContent": ""
	},
	{
		"title": "我的方式 20150718",
		"path": "http://media.febcchinese.org/streaming/bv/bv150718.mp3",
		"duration": 1760,
		"size": "14.1M",
		"albumName": "灵命日粮 2015年秋季合集",
		"id": 6210000018,
		"albumId": 6210,
		"albumtitle": "灵命日粮 2015年秋季合集(18)",
		"textContent": ""
	},
	{
		"title": "颂赞永活的上帝 20150719",
		"path": "http://media.febcchinese.org/streaming/bv/bv150719.mp3",
		"duration": 1760,
		"size": "14.1M",
		"albumName": "灵命日粮 2015年秋季合集",
		"id": 6210000019,
		"albumId": 6210,
		"albumtitle": "灵命日粮 2015年秋季合集(19)",
		"textContent": ""
	},
	{
		"title": "忠心服事 20150720",
		"path": "http://media.febcchinese.org/streaming/bv/bv150720.mp3",
		"duration": 1760,
		"size": "14.1M",
		"albumName": "灵命日粮 2015年秋季合集",
		"id": 6210000020,
		"albumId": 6210,
		"albumtitle": "灵命日粮 2015年秋季合集(20)",
		"textContent": ""
	},
	{
		"title": "陪伴 20150721",
		"path": "http://media.febcchinese.org/streaming/bv/bv150721.mp3",
		"duration": 1760,
		"size": "14.1M",
		"albumName": "灵命日粮 2015年秋季合集",
		"id": 6210000021,
		"albumId": 6210,
		"albumtitle": "灵命日粮 2015年秋季合集(21)",
		"textContent": ""
	},
	{
		"title": "坦诚 20150722",
		"path": "http://media.febcchinese.org/streaming/bv/bv150722.mp3",
		"duration": 1760,
		"size": "14.1M",
		"albumName": "灵命日粮 2015年秋季合集",
		"id": 6210000022,
		"albumId": 6210,
		"albumtitle": "灵命日粮 2015年秋季合集(22)",
		"textContent": ""
	},
	{
		"title": "神奇物质 20150723",
		"path": "http://media.febcchinese.org/streaming/bv/bv150723.mp3",
		"duration": 1760,
		"size": "14.1M",
		"albumName": "灵命日粮 2015年秋季合集",
		"id": 6210000023,
		"albumId": 6210,
		"albumtitle": "灵命日粮 2015年秋季合集(23)",
		"textContent": ""
	},
	{
		"title": "仗义执言 20150724",
		"path": "http://media.febcchinese.org/streaming/bv/bv150724.mp3",
		"duration": 1760,
		"size": "14.1M",
		"albumName": "灵命日粮 2015年秋季合集",
		"id": 6210000024,
		"albumId": 6210,
		"albumtitle": "灵命日粮 2015年秋季合集(24)",
		"textContent": ""
	},
	{
		"title": "与主同行 20150725",
		"path": "http://media.febcchinese.org/streaming/bv/bv150725.mp3",
		"duration": 1760,
		"size": "14.1M",
		"albumName": "灵命日粮 2015年秋季合集",
		"id": 6210000025,
		"albumId": 6210,
		"albumtitle": "灵命日粮 2015年秋季合集(25)",
		"textContent": ""
	},
	{
		"title": "专一跟随 20150726",
		"path": "http://media.febcchinese.org/streaming/bv/bv150726.mp3",
		"duration": 1760,
		"size": "14.1M",
		"albumName": "灵命日粮 2015年秋季合集",
		"id": 6210000026,
		"albumId": 6210,
		"albumtitle": "灵命日粮 2015年秋季合集(26)",
		"textContent": ""
	},
	{
		"title": "健康检查 20150727",
		"path": "http://media.febcchinese.org/streaming/bv/bv150727.mp3",
		"duration": 1760,
		"size": "14.1M",
		"albumName": "灵命日粮 2015年秋季合集",
		"id": 6210000027,
		"albumId": 6210,
		"albumtitle": "灵命日粮 2015年秋季合集(27)",
		"textContent": ""
	},
	{
		"title": "握笔之争 20150728",
		"path": "http://media.febcchinese.org/streaming/bv/bv150728.mp3",
		"duration": 1760,
		"size": "14.1M",
		"albumName": "灵命日粮 2015年秋季合集",
		"id": 6210000028,
		"albumId": 6210,
		"albumtitle": "灵命日粮 2015年秋季合集(28)",
		"textContent": ""
	},
	{
		"title": "谁的垃圾？ 20150729",
		"path": "http://media.febcchinese.org/streaming/bv/bv150729.mp3",
		"duration": 1760,
		"size": "14.1M",
		"albumName": "灵命日粮 2015年秋季合集",
		"id": 6210000029,
		"albumId": 6210,
		"albumtitle": "灵命日粮 2015年秋季合集(29)",
		"textContent": ""
	},
	{
		"title": "银发活力 20150730",
		"path": "http://media.febcchinese.org/streaming/bv/bv150730.mp3",
		"duration": 1760,
		"size": "14.1M",
		"albumName": "灵命日粮 2015年秋季合集",
		"id": 6210000030,
		"albumId": 6210,
		"albumtitle": "灵命日粮 2015年秋季合集(30)",
		"textContent": ""
	},
	{
		"title": "祂找到我 20150731",
		"path": "http://media.febcchinese.org/streaming/bv/bv150731.mp3",
		"duration": 1760,
		"size": "14.1M",
		"albumName": "灵命日粮 2015年秋季合集",
		"id": 6210000031,
		"albumId": 6210,
		"albumtitle": "灵命日粮 2015年秋季合集(31)",
		"textContent": ""
	},
	{
		"title": "寻求平安 20150801",
		"path": "http://media.febcchinese.org/streaming/bv/bv150801.mp3",
		"duration": 1760,
		"size": "14.1M",
		"albumName": "灵命日粮 2015年秋季合集",
		"id": 6210000032,
		"albumId": 6210,
		"albumtitle": "灵命日粮 2015年秋季合集(32)",
		"textContent": ""
	},
	{
		"title": "上帝的美意 20150802",
		"path": "http://media.febcchinese.org/streaming/bv/bv150802.mp3",
		"duration": 1760,
		"size": "14.1M",
		"albumName": "灵命日粮 2015年秋季合集",
		"id": 6210000033,
		"albumId": 6210,
		"albumtitle": "灵命日粮 2015年秋季合集(33)",
		"textContent": ""
	},
	{
		"title": "徘徊边缘 20150803",
		"path": "http://media.febcchinese.org/streaming/bv/bv150803.mp3",
		"duration": 1760,
		"size": "14.1M",
		"albumName": "灵命日粮 2015年秋季合集",
		"id": 6210000034,
		"albumId": 6210,
		"albumtitle": "灵命日粮 2015年秋季合集(34)",
		"textContent": ""
	},
	{
		"title": "网路智慧 20150804",
		"path": "http://media.febcchinese.org/streaming/bv/bv150804.mp3",
		"duration": 1760,
		"size": "14.1M",
		"albumName": "灵命日粮 2015年秋季合集",
		"id": 6210000035,
		"albumId": 6210,
		"albumtitle": "灵命日粮 2015年秋季合集(35)",
		"textContent": ""
	},
	{
		"title": "棋坛高手 20150805",
		"path": "http://media.febcchinese.org/streaming/bv/bv150805.mp3",
		"duration": 1760,
		"size": "14.1M",
		"albumName": "灵命日粮 2015年秋季合集",
		"id": 6210000036,
		"albumId": 6210,
		"albumtitle": "灵命日粮 2015年秋季合集(36)",
		"textContent": ""
	},
	{
		"title": "家中一员 20150806",
		"path": "http://media.febcchinese.org/streaming/bv/bv150806.mp3",
		"duration": 1760,
		"size": "14.1M",
		"albumName": "灵命日粮 2015年秋季合集",
		"id": 6210000037,
		"albumId": 6210,
		"albumtitle": "灵命日粮 2015年秋季合集(37)",
		"textContent": ""
	},
	{
		"title": "无名纠察队 20150807",
		"path": "http://media.febcchinese.org/streaming/bv/bv150807.mp3",
		"duration": 1760,
		"size": "14.1M",
		"albumName": "灵命日粮 2015年秋季合集",
		"id": 6210000038,
		"albumId": 6210,
		"albumtitle": "灵命日粮 2015年秋季合集(38)",
		"textContent": ""
	},
	{
		"title": "不可预测 20150808",
		"path": "http://media.febcchinese.org/streaming/bv/bv150808.mp3",
		"duration": 1760,
		"size": "14.1M",
		"albumName": "灵命日粮 2015年秋季合集",
		"id": 6210000039,
		"albumId": 6210,
		"albumtitle": "灵命日粮 2015年秋季合集(39)",
		"textContent": ""
	},
	{
		"title": "拾落穗 20150809",
		"path": "http://media.febcchinese.org/streaming/bv/bv150809.mp3",
		"duration": 1760,
		"size": "14.1M",
		"albumName": "灵命日粮 2015年秋季合集",
		"id": 6210000040,
		"albumId": 6210,
		"albumtitle": "灵命日粮 2015年秋季合集(40)",
		"textContent": ""
	},
	{
		"title": "不会袖手旁观 20150810",
		"path": "http://media.febcchinese.org/streaming/bv/bv150810.mp3",
		"duration": 1760,
		"size": "14.1M",
		"albumName": "灵命日粮 2015年秋季合集",
		"id": 6210000041,
		"albumId": 6210,
		"albumtitle": "灵命日粮 2015年秋季合集(41)",
		"textContent": ""
	},
	{
		"title": "别搞错了 20150811",
		"path": "http://media.febcchinese.org/streaming/bv/bv150811.mp3",
		"duration": 1760,
		"size": "14.1M",
		"albumName": "灵命日粮 2015年秋季合集",
		"id": 6210000042,
		"albumId": 6210,
		"albumtitle": "灵命日粮 2015年秋季合集(42)",
		"textContent": ""
	},
	{
		"title": "耶稣的肖像 20150812",
		"path": "http://media.febcchinese.org/streaming/bv/bv150812.mp3",
		"duration": 1760,
		"size": "14.1M",
		"albumName": "灵命日粮 2015年秋季合集",
		"id": 6210000043,
		"albumId": 6210,
		"albumtitle": "灵命日粮 2015年秋季合集(43)",
		"textContent": ""
	},
	{
		"title": "老毛病 20150813",
		"path": "http://media.febcchinese.org/streaming/bv/bv150813.mp3",
		"duration": 1760,
		"size": "14.1M",
		"albumName": "灵命日粮 2015年秋季合集",
		"id": 6210000044,
		"albumId": 6210,
		"albumtitle": "灵命日粮 2015年秋季合集(44)",
		"textContent": ""
	},
	{
		"title": "爱因斯坦与耶稣 20150814",
		"path": "http://media.febcchinese.org/streaming/bv/bv150814.mp3",
		"duration": 1760,
		"size": "14.1M",
		"albumName": "灵命日粮 2015年秋季合集",
		"id": 6210000045,
		"albumId": 6210,
		"albumtitle": "灵命日粮 2015年秋季合集(45)",
		"textContent": ""
	},
	{
		"title": "挥手女孩 20150815",
		"path": "http://media.febcchinese.org/streaming/bv/bv150815.mp3",
		"duration": 1760,
		"size": "14.1M",
		"albumName": "灵命日粮 2015年秋季合集",
		"id": 6210000046,
		"albumId": 6210,
		"albumtitle": "灵命日粮 2015年秋季合集(46)",
		"textContent": ""
	},
	{
		"title": "沉默的功臣 20150816",
		"path": "http://media.febcchinese.org/streaming/bv/bv150816.mp3",
		"duration": 1760,
		"size": "14.1M",
		"albumName": "灵命日粮 2015年秋季合集",
		"id": 6210000047,
		"albumId": 6210,
		"albumtitle": "灵命日粮 2015年秋季合集(47)",
		"textContent": ""
	},
	{
		"title": "食物 20150817",
		"path": "http://media.febcchinese.org/streaming/bv/bv150817.mp3",
		"duration": 1760,
		"size": "14.1M",
		"albumName": "灵命日粮 2015年秋季合集",
		"id": 6210000048,
		"albumId": 6210,
		"albumtitle": "灵命日粮 2015年秋季合集(48)",
		"textContent": ""
	},
	{
		"title": "身处围城 20150818",
		"path": "http://media.febcchinese.org/streaming/bv/bv150818.mp3",
		"duration": 1760,
		"size": "14.1M",
		"albumName": "灵命日粮 2015年秋季合集",
		"id": 6210000049,
		"albumId": 6210,
		"albumtitle": "灵命日粮 2015年秋季合集(49)",
		"textContent": ""
	},
	{
		"title": "反映主荣光 20150819",
		"path": "http://media.febcchinese.org/streaming/bv/bv150819.mp3",
		"duration": 1760,
		"size": "14.1M",
		"albumName": "灵命日粮 2015年秋季合集",
		"id": 6210000050,
		"albumId": 6210,
		"albumtitle": "灵命日粮 2015年秋季合集(50)",
		"textContent": ""
	},
	{
		"title": "谁是我的邻舍？ 20150820",
		"path": "http://media.febcchinese.org/streaming/bv/bv150820.mp3",
		"duration": 1760,
		"size": "14.1M",
		"albumName": "灵命日粮 2015年秋季合集",
		"id": 6210000051,
		"albumId": 6210,
		"albumtitle": "灵命日粮 2015年秋季合集(51)",
		"textContent": ""
	},
	{
		"title": "跟随基督 20150821",
		"path": "http://media.febcchinese.org/streaming/bv/bv150821.mp3",
		"duration": 1760,
		"size": "14.1M",
		"albumName": "灵命日粮 2015年秋季合集",
		"id": 6210000052,
		"albumId": 6210,
		"albumtitle": "灵命日粮 2015年秋季合集(52)",
		"textContent": ""
	},
	{
		"title": "当尽的责任 20150822",
		"path": "http://media.febcchinese.org/streaming/bv/bv150822.mp3",
		"duration": 1760,
		"size": "14.1M",
		"albumName": "灵命日粮 2015年秋季合集",
		"id": 6210000053,
		"albumId": 6210,
		"albumtitle": "灵命日粮 2015年秋季合集(53)",
		"textContent": ""
	},
	{
		"title": "关掉 20150823",
		"path": "http://media.febcchinese.org/streaming/bv/bv150823.mp3",
		"duration": 1760,
		"size": "14.1M",
		"albumName": "灵命日粮 2015年秋季合集",
		"id": 6210000054,
		"albumId": 6210,
		"albumtitle": "灵命日粮 2015年秋季合集(54)",
		"textContent": ""
	},
	{
		"title": "来到身旁 20150824",
		"path": "http://media.febcchinese.org/streaming/bv/bv150824.mp3",
		"duration": 1760,
		"size": "14.1M",
		"albumName": "灵命日粮 2015年秋季合集",
		"id": 6210000055,
		"albumId": 6210,
		"albumtitle": "灵命日粮 2015年秋季合集(55)",
		"textContent": ""
	},
	{
		"title": "遇事不顺时 20150825",
		"path": "http://media.febcchinese.org/streaming/bv/bv150825.mp3",
		"duration": 1760,
		"size": "14.1M",
		"albumName": "灵命日粮 2015年秋季合集",
		"id": 6210000056,
		"albumId": 6210,
		"albumtitle": "灵命日粮 2015年秋季合集(56)",
		"textContent": ""
	},
	{
		"title": "言语的力量 20150826",
		"path": "http://media.febcchinese.org/streaming/bv/bv150826.mp3",
		"duration": 1760,
		"size": "14.1M",
		"albumName": "灵命日粮 2015年秋季合集",
		"id": 6210000057,
		"albumId": 6210,
		"albumtitle": "灵命日粮 2015年秋季合集(57)",
		"textContent": ""
	},
	{
		"title": "有何意义 20150827",
		"path": "http://media.febcchinese.org/streaming/bv/bv150827.mp3",
		"duration": 1760,
		"size": "14.1M",
		"albumName": "灵命日粮 2015年秋季合集",
		"id": 6210000058,
		"albumId": 6210,
		"albumtitle": "灵命日粮 2015年秋季合集(58)",
		"textContent": ""
	},
	{
		"title": "令人失望的英雄 20150828",
		"path": "http://media.febcchinese.org/streaming/bv/bv150828.mp3",
		"duration": 1760,
		"size": "14.1M",
		"albumName": "灵命日粮 2015年秋季合集",
		"id": 6210000059,
		"albumId": 6210,
		"albumtitle": "灵命日粮 2015年秋季合集(59)",
		"textContent": ""
	},
	{
		"title": "宝宝学步 20150829",
		"path": "http://media.febcchinese.org/streaming/bv/bv150829.mp3",
		"duration": 1760,
		"size": "14.1M",
		"albumName": "灵命日粮 2015年秋季合集",
		"id": 6210000060,
		"albumId": 6210,
		"albumtitle": "灵命日粮 2015年秋季合集(60)",
		"textContent": ""
	},
	{
		"title": "验证真理 20150830",
		"path": "http://media.febcchinese.org/streaming/bv/bv150830.mp3",
		"duration": 1760,
		"size": "14.1M",
		"albumName": "灵命日粮 2015年秋季合集",
		"id": 6210000061,
		"albumId": 6210,
		"albumtitle": "灵命日粮 2015年秋季合集(61)",
		"textContent": ""
	},
	{
		"title": "莫迟延 20150831",
		"path": "http://media.febcchinese.org/streaming/bv/bv150831.mp3",
		"duration": 1760,
		"size": "14.1M",
		"albumName": "灵命日粮 2015年秋季合集",
		"id": 6210000062,
		"albumId": 6210,
		"albumtitle": "灵命日粮 2015年秋季合集(62)",
		"textContent": ""
	},
	{
		"title": "无关年龄 20150901",
		"path": "http://media.febcchinese.org/streaming/bv/bv150901.mp3",
		"duration": 1760,
		"size": "14.1M",
		"albumName": "灵命日粮 2015年秋季合集",
		"id": 6210000063,
		"albumId": 6210,
		"albumtitle": "灵命日粮 2015年秋季合集(63)",
		"textContent": ""
	},
	{
		"title": "巴别塔工程 20150902",
		"path": "http://media.febcchinese.org/streaming/bv/bv150902.mp3",
		"duration": 1760,
		"size": "14.1M",
		"albumName": "灵命日粮 2015年秋季合集",
		"id": 6210000064,
		"albumId": 6210,
		"albumtitle": "灵命日粮 2015年秋季合集(64)",
		"textContent": ""
	},
	{
		"title": "完美的压力 20150903",
		"path": "http://media.febcchinese.org/streaming/bv/bv150903.mp3",
		"duration": 1760,
		"size": "14.1M",
		"albumName": "灵命日粮 2015年秋季合集",
		"id": 6210000065,
		"albumId": 6210,
		"albumtitle": "灵命日粮 2015年秋季合集(65)",
		"textContent": ""
	},
	{
		"title": "群众力量 20150904",
		"path": "http://media.febcchinese.org/streaming/bv/bv150904.mp3",
		"duration": 1760,
		"size": "14.1M",
		"albumName": "灵命日粮 2015年秋季合集",
		"id": 6210000066,
		"albumId": 6210,
		"albumtitle": "灵命日粮 2015年秋季合集(66)",
		"textContent": ""
	},
	{
		"title": "爱情锁 20150905",
		"path": "http://media.febcchinese.org/streaming/bv/bv150905.mp3",
		"duration": 1760,
		"size": "14.1M",
		"albumName": "灵命日粮 2015年秋季合集",
		"id": 6210000067,
		"albumId": 6210,
		"albumtitle": "灵命日粮 2015年秋季合集(67)",
		"textContent": ""
	},
	{
		"title": "待续…… 20150906",
		"path": "http://media.febcchinese.org/streaming/bv/bv150906.mp3",
		"duration": 1760,
		"size": "14.1M",
		"albumName": "灵命日粮 2015年秋季合集",
		"id": 6210000068,
		"albumId": 6210,
		"albumtitle": "灵命日粮 2015年秋季合集(68)",
		"textContent": ""
	},
	{
		"title": "希望的涟漪 20150907",
		"path": "http://media.febcchinese.org/streaming/bv/bv150907.mp3",
		"duration": 1760,
		"size": "14.1M",
		"albumName": "灵命日粮 2015年秋季合集",
		"id": 6210000069,
		"albumId": 6210,
		"albumtitle": "灵命日粮 2015年秋季合集(69)",
		"textContent": ""
	},
	{
		"title": "上帝的计划 20150908",
		"path": "http://media.febcchinese.org/streaming/bv/bv150908.mp3",
		"duration": 1760,
		"size": "14.1M",
		"albumName": "灵命日粮 2015年秋季合集",
		"id": 6210000070,
		"albumId": 6210,
		"albumtitle": "灵命日粮 2015年秋季合集(70)",
		"textContent": ""
	},
	{
		"title": "香气和信件 20150909",
		"path": "http://media.febcchinese.org/streaming/bv/bv150909.mp3",
		"duration": 1760,
		"size": "14.1M",
		"albumName": "灵命日粮 2015年秋季合集",
		"id": 6210000071,
		"albumId": 6210,
		"albumtitle": "灵命日粮 2015年秋季合集(71)",
		"textContent": ""
	},
	{
		"title": "托住我 20150910",
		"path": "http://media.febcchinese.org/streaming/bv/bv150910.mp3",
		"duration": 1760,
		"size": "14.1M",
		"albumName": "灵命日粮 2015年秋季合集",
		"id": 6210000072,
		"albumId": 6210,
		"albumtitle": "灵命日粮 2015年秋季合集(72)",
		"textContent": ""
	},
	{
		"title": "在园子里 20150911",
		"path": "http://media.febcchinese.org/streaming/bv/bv150911.mp3",
		"duration": 1760,
		"size": "14.1M",
		"albumName": "灵命日粮 2015年秋季合集",
		"id": 6210000073,
		"albumId": 6210,
		"albumtitle": "灵命日粮 2015年秋季合集(73)",
		"textContent": ""
	},
	{
		"title": "两只熊 20150912",
		"path": "http://media.febcchinese.org/streaming/bv/bv150912.mp3",
		"duration": 1760,
		"size": "14.1M",
		"albumName": "灵命日粮 2015年秋季合集",
		"id": 6210000074,
		"albumId": 6210,
		"albumtitle": "灵命日粮 2015年秋季合集(74)",
		"textContent": ""
	},
	{
		"title": "祂爱我至深 20150913",
		"path": "http://media.febcchinese.org/streaming/bv/bv150913.mp3",
		"duration": 1760,
		"size": "14.1M",
		"albumName": "灵命日粮 2015年秋季合集",
		"id": 6210000075,
		"albumId": 6210,
		"albumtitle": "灵命日粮 2015年秋季合集(75)",
		"textContent": ""
	},
	{
		"title": "言语和行为 20150914",
		"path": "http://media.febcchinese.org/streaming/bv/bv150914.mp3",
		"duration": 1760,
		"size": "14.1M",
		"albumName": "灵命日粮 2015年秋季合集",
		"id": 6210000076,
		"albumId": 6210,
		"albumtitle": "灵命日粮 2015年秋季合集(76)",
		"textContent": ""
	},
	{
		"title": "上帝的指南针 20150915",
		"path": "http://media.febcchinese.org/streaming/bv/bv150915.mp3",
		"duration": 1760,
		"size": "14.1M",
		"albumName": "灵命日粮 2015年秋季合集",
		"id": 6210000077,
		"albumId": 6210,
		"albumtitle": "灵命日粮 2015年秋季合集(77)",
		"textContent": ""
	},
	{
		"title": "上帝离弃我吗？ 20150916",
		"path": "http://media.febcchinese.org/streaming/bv/bv150916.mp3",
		"duration": 1760,
		"size": "14.1M",
		"albumName": "灵命日粮 2015年秋季合集",
		"id": 6210000078,
		"albumId": 6210,
		"albumtitle": "灵命日粮 2015年秋季合集(78)",
		"textContent": ""
	},
	{
		"title": "上帝不在乎吗？ 20150917",
		"path": "http://media.febcchinese.org/streaming/bv/bv150917.mp3",
		"duration": 1760,
		"size": "14.1M",
		"albumName": "灵命日粮 2015年秋季合集",
		"id": 6210000079,
		"albumId": 6210,
		"albumtitle": "灵命日粮 2015年秋季合集(79)",
		"textContent": ""
	},
	{
		"title": "无条件付出 20150918",
		"path": "http://media.febcchinese.org/streaming/bv/bv150918.mp3",
		"duration": 1760,
		"size": "14.1M",
		"albumName": "灵命日粮 2015年秋季合集",
		"id": 6210000080,
		"albumId": 6210,
		"albumtitle": "灵命日粮 2015年秋季合集(80)",
		"textContent": ""
	},
	{
		"title": "苦难的功课 20150919",
		"path": "http://media.febcchinese.org/streaming/bv/bv150919.mp3",
		"duration": 1760,
		"size": "14.1M",
		"albumName": "灵命日粮 2015年秋季合集",
		"id": 6210000081,
		"albumId": 6210,
		"albumtitle": "灵命日粮 2015年秋季合集(81)",
		"textContent": ""
	},
	{
		"title": "两盒纸巾 20150920",
		"path": "http://media.febcchinese.org/streaming/bv/bv150920.mp3",
		"duration": 1760,
		"size": "14.1M",
		"albumName": "灵命日粮 2015年秋季合集",
		"id": 6210000082,
		"albumId": 6210,
		"albumtitle": "灵命日粮 2015年秋季合集(82)",
		"textContent": ""
	},
	{
		"title": "苍蝇的提醒 20150921",
		"path": "http://media.febcchinese.org/streaming/bv/bv150921.mp3",
		"duration": 1760,
		"size": "14.1M",
		"albumName": "灵命日粮 2015年秋季合集",
		"id": 6210000083,
		"albumId": 6210,
		"albumtitle": "灵命日粮 2015年秋季合集(83)",
		"textContent": ""
	},
	{
		"title": "拒绝上钩 20150922",
		"path": "http://media.febcchinese.org/streaming/bv/bv150922.mp3",
		"duration": 1760,
		"size": "14.1M",
		"albumName": "灵命日粮 2015年秋季合集",
		"id": 6210000084,
		"albumId": 6210,
		"albumtitle": "灵命日粮 2015年秋季合集(84)",
		"textContent": ""
	},
	{
		"title": "怎能不爱！ 20150923",
		"path": "http://media.febcchinese.org/streaming/bv/bv150923.mp3",
		"duration": 1760,
		"size": "14.1M",
		"albumName": "灵命日粮 2015年秋季合集",
		"id": 6210000085,
		"albumId": 6210,
		"albumtitle": "灵命日粮 2015年秋季合集(85)",
		"textContent": ""
	},
	{
		"title": "挫折有益 20150924",
		"path": "http://media.febcchinese.org/streaming/bv/bv150924.mp3",
		"duration": 1760,
		"size": "14.1M",
		"albumName": "灵命日粮 2015年秋季合集",
		"id": 6210000086,
		"albumId": 6210,
		"albumtitle": "灵命日粮 2015年秋季合集(86)",
		"textContent": ""
	},
	{
		"title": "第一步 20150925",
		"path": "http://media.febcchinese.org/streaming/bv/bv150925.mp3",
		"duration": 1760,
		"size": "14.1M",
		"albumName": "灵命日粮 2015年秋季合集",
		"id": 6210000087,
		"albumId": 6210,
		"albumtitle": "灵命日粮 2015年秋季合集(87)",
		"textContent": ""
	},
	{
		"title": "新造的人 20150926",
		"path": "http://media.febcchinese.org/streaming/bv/bv150926.mp3",
		"duration": 1760,
		"size": "14.1M",
		"albumName": "灵命日粮 2015年秋季合集",
		"id": 6210000088,
		"albumId": 6210,
		"albumtitle": "灵命日粮 2015年秋季合集(88)",
		"textContent": ""
	},
	{
		"title": "关怀穷人 20150927",
		"path": "http://media.febcchinese.org/streaming/bv/bv150927.mp3",
		"duration": 1760,
		"size": "14.1M",
		"albumName": "灵命日粮 2015年秋季合集",
		"id": 6210000089,
		"albumId": 6210,
		"albumtitle": "灵命日粮 2015年秋季合集(89)",
		"textContent": ""
	},
	{
		"title": "分送出去 20150928",
		"path": "http://media.febcchinese.org/streaming/bv/bv150928.mp3",
		"duration": 1760,
		"size": "14.1M",
		"albumName": "灵命日粮 2015年秋季合集",
		"id": 6210000090,
		"albumId": 6210,
		"albumtitle": "灵命日粮 2015年秋季合集(90)",
		"textContent": ""
	},
	{
		"title": "黑暗中的光 20150929",
		"path": "http://media.febcchinese.org/streaming/bv/bv150929.mp3",
		"duration": 1760,
		"size": "14.1M",
		"albumName": "灵命日粮 2015年秋季合集",
		"id": 6210000091,
		"albumId": 6210,
		"albumtitle": "灵命日粮 2015年秋季合集(91)",
		"textContent": ""
	},
	{
		"title": "异象谷 20150930",
		"path": "http://media.febcchinese.org/streaming/bv/bv150930.mp3",
		"duration": 1760,
		"size": "14.1M",
		"albumName": "灵命日粮 2015年秋季合集",
		"id": 6210000092,
		"albumId": 6210,
		"albumtitle": "灵命日粮 2015年秋季合集(92)",
		"textContent": ""
	}
]