[
	{
		"title": "重新振作 20130701",
		"path": "http://media.febcchinese.org/streaming/bv/bv130701.mp3",
		"duration": 1760,
		"size": "14.1M",
		"albumName": "灵命日粮 2013年秋季合集",
		"id": 6202000001,
		"albumId": 6202,
		"albumtitle": "灵命日粮 2013年秋季合集(1)",
		"textContent": ""
	},
	{
		"title": "奇妙创造 20130702",
		"path": "http://media.febcchinese.org/streaming/bv/bv130702.mp3",
		"duration": 1760,
		"size": "14.1M",
		"albumName": "灵命日粮 2013年秋季合集",
		"id": 6202000002,
		"albumId": 6202,
		"albumtitle": "灵命日粮 2013年秋季合集(2)",
		"textContent": ""
	},
	{
		"title": "服事与见证 20130703",
		"path": "http://media.febcchinese.org/streaming/bv/bv130703.mp3",
		"duration": 1760,
		"size": "14.1M",
		"albumName": "灵命日粮 2013年秋季合集",
		"id": 6202000003,
		"albumId": 6202,
		"albumtitle": "灵命日粮 2013年秋季合集(3)",
		"textContent": ""
	},
	{
		"title": "永恒眼光 20130704",
		"path": "http://media.febcchinese.org/streaming/bv/bv130704.mp3",
		"duration": 1760,
		"size": "14.1M",
		"albumName": "灵命日粮 2013年秋季合集",
		"id": 6202000004,
		"albumId": 6202,
		"albumtitle": "灵命日粮 2013年秋季合集(4)",
		"textContent": ""
	},
	{
		"title": "对抗自我 20130705",
		"path": "http://media.febcchinese.org/streaming/bv/bv130705.mp3",
		"duration": 1760,
		"size": "14.1M",
		"albumName": "灵命日粮 2013年秋季合集",
		"id": 6202000005,
		"albumId": 6202,
		"albumtitle": "灵命日粮 2013年秋季合集(5)",
		"textContent": ""
	},
	{
		"title": "避免脱水 20130706",
		"path": "http://media.febcchinese.org/streaming/bv/bv130706.mp3",
		"duration": 1760,
		"size": "14.1M",
		"albumName": "灵命日粮 2013年秋季合集",
		"id": 6202000006,
		"albumId": 6202,
		"albumtitle": "灵命日粮 2013年秋季合集(6)",
		"textContent": ""
	},
	{
		"title": "一律欢迎 20130707",
		"path": "http://media.febcchinese.org/streaming/bv/bv130707.mp3",
		"duration": 1760,
		"size": "14.1M",
		"albumName": "灵命日粮 2013年秋季合集",
		"id": 6202000007,
		"albumId": 6202,
		"albumtitle": "灵命日粮 2013年秋季合集(7)",
		"textContent": ""
	},
	{
		"title": "耶稣爱我 20130708",
		"path": "http://media.febcchinese.org/streaming/bv/bv130708.mp3",
		"duration": 1760,
		"size": "14.1M",
		"albumName": "灵命日粮 2013年秋季合集",
		"id": 6202000008,
		"albumId": 6202,
		"albumtitle": "灵命日粮 2013年秋季合集(8)",
		"textContent": ""
	},
	{
		"title": "太空音乐 20130709",
		"path": "http://media.febcchinese.org/streaming/bv/bv130709.mp3",
		"duration": 1760,
		"size": "14.1M",
		"albumName": "灵命日粮 2013年秋季合集",
		"id": 6202000009,
		"albumId": 6202,
		"albumtitle": "灵命日粮 2013年秋季合集(9)",
		"textContent": ""
	},
	{
		"title": "坚定站立 20130710",
		"path": "http://media.febcchinese.org/streaming/bv/bv130710.mp3",
		"duration": 1760,
		"size": "14.1M",
		"albumName": "灵命日粮 2013年秋季合集",
		"id": 6202000010,
		"albumId": 6202,
		"albumtitle": "灵命日粮 2013年秋季合集(10)",
		"textContent": ""
	},
	{
		"title": "曲折坎坷 20130711",
		"path": "http://media.febcchinese.org/streaming/bv/bv130711.mp3",
		"duration": 1760,
		"size": "14.1M",
		"albumName": "灵命日粮 2013年秋季合集",
		"id": 6202000011,
		"albumId": 6202,
		"albumtitle": "灵命日粮 2013年秋季合集(11)",
		"textContent": ""
	},
	{
		"title": "这就是耶稣！ 20130712",
		"path": "http://media.febcchinese.org/streaming/bv/bv130712.mp3",
		"duration": 1760,
		"size": "14.1M",
		"albumName": "灵命日粮 2013年秋季合集",
		"id": 6202000012,
		"albumId": 6202,
		"albumtitle": "灵命日粮 2013年秋季合集(12)",
		"textContent": ""
	},
	{
		"title": "期盼的生命 20130713",
		"path": "http://media.febcchinese.org/streaming/bv/bv130713.mp3",
		"duration": 1760,
		"size": "14.1M",
		"albumName": "灵命日粮 2013年秋季合集",
		"id": 6202000013,
		"albumId": 6202,
		"albumtitle": "灵命日粮 2013年秋季合集(13)",
		"textContent": ""
	},
	{
		"title": "警告牌 20130714",
		"path": "http://media.febcchinese.org/streaming/bv/bv130714.mp3",
		"duration": 1760,
		"size": "14.1M",
		"albumName": "灵命日粮 2013年秋季合集",
		"id": 6202000014,
		"albumId": 6202,
		"albumtitle": "灵命日粮 2013年秋季合集(14)",
		"textContent": ""
	},
	{
		"title": "预览结局 20130715",
		"path": "http://media.febcchinese.org/streaming/bv/bv130715.mp3",
		"duration": 1760,
		"size": "14.1M",
		"albumName": "灵命日粮 2013年秋季合集",
		"id": 6202000015,
		"albumId": 6202,
		"albumtitle": "灵命日粮 2013年秋季合集(15)",
		"textContent": ""
	},
	{
		"title": "百炼成钢 20130716",
		"path": "http://media.febcchinese.org/streaming/bv/bv130716.mp3",
		"duration": 1760,
		"size": "14.1M",
		"albumName": "灵命日粮 2013年秋季合集",
		"id": 6202000016,
		"albumId": 6202,
		"albumtitle": "灵命日粮 2013年秋季合集(16)",
		"textContent": ""
	},
	{
		"title": "口中言语 20130717",
		"path": "http://media.febcchinese.org/streaming/bv/bv130717.mp3",
		"duration": 1760,
		"size": "14.1M",
		"albumName": "灵命日粮 2013年秋季合集",
		"id": 6202000017,
		"albumId": 6202,
		"albumtitle": "灵命日粮 2013年秋季合集(17)",
		"textContent": ""
	},
	{
		"title": "创造你的人生 20130718",
		"path": "http://media.febcchinese.org/streaming/bv/bv130718.mp3",
		"duration": 1760,
		"size": "14.1M",
		"albumName": "灵命日粮 2013年秋季合集",
		"id": 6202000018,
		"albumId": 6202,
		"albumtitle": "灵命日粮 2013年秋季合集(18)",
		"textContent": ""
	},
	{
		"title": "不要忘记 20130719",
		"path": "http://media.febcchinese.org/streaming/bv/bv130719.mp3",
		"duration": 1760,
		"size": "14.1M",
		"albumName": "灵命日粮 2013年秋季合集",
		"id": 6202000019,
		"albumId": 6202,
		"albumtitle": "灵命日粮 2013年秋季合集(19)",
		"textContent": ""
	},
	{
		"title": "耳虫 20130720",
		"path": "http://media.febcchinese.org/streaming/bv/bv130720.mp3",
		"duration": 1760,
		"size": "14.1M",
		"albumName": "灵命日粮 2013年秋季合集",
		"id": 6202000020,
		"albumId": 6202,
		"albumtitle": "灵命日粮 2013年秋季合集(20)",
		"textContent": ""
	},
	{
		"title": "狂妄与骄傲 20130721",
		"path": "http://media.febcchinese.org/streaming/bv/bv130721.mp3",
		"duration": 1760,
		"size": "14.1M",
		"albumName": "灵命日粮 2013年秋季合集",
		"id": 6202000021,
		"albumId": 6202,
		"albumtitle": "灵命日粮 2013年秋季合集(21)",
		"textContent": ""
	},
	{
		"title": "还要更多 20130722",
		"path": "http://media.febcchinese.org/streaming/bv/bv130722.mp3",
		"duration": 1760,
		"size": "14.1M",
		"albumName": "灵命日粮 2013年秋季合集",
		"id": 6202000022,
		"albumId": 6202,
		"albumtitle": "灵命日粮 2013年秋季合集(22)",
		"textContent": ""
	},
	{
		"title": "道路建设 20130723",
		"path": "http://media.febcchinese.org/streaming/bv/bv130723.mp3",
		"duration": 1760,
		"size": "14.1M",
		"albumName": "灵命日粮 2013年秋季合集",
		"id": 6202000023,
		"albumId": 6202,
		"albumtitle": "灵命日粮 2013年秋季合集(23)",
		"textContent": ""
	},
	{
		"title": "祝福满满 20130724",
		"path": "http://media.febcchinese.org/streaming/bv/bv130724.mp3",
		"duration": 1760,
		"size": "14.1M",
		"albumName": "灵命日粮 2013年秋季合集",
		"id": 6202000024,
		"albumId": 6202,
		"albumtitle": "灵命日粮 2013年秋季合集(24)",
		"textContent": ""
	},
	{
		"title": "智慧何处寻？ 20130725",
		"path": "http://media.febcchinese.org/streaming/bv/bv130725.mp3",
		"duration": 1760,
		"size": "14.1M",
		"albumName": "灵命日粮 2013年秋季合集",
		"id": 6202000025,
		"albumId": 6202,
		"albumtitle": "灵命日粮 2013年秋季合集(25)",
		"textContent": ""
	},
	{
		"title": "向下扎根 20130726",
		"path": "http://media.febcchinese.org/streaming/bv/bv130726.mp3",
		"duration": 1760,
		"size": "14.1M",
		"albumName": "灵命日粮 2013年秋季合集",
		"id": 6202000026,
		"albumId": 6202,
		"albumtitle": "灵命日粮 2013年秋季合集(26)",
		"textContent": ""
	},
	{
		"title": "丢弃法则 20130727",
		"path": "http://media.febcchinese.org/streaming/bv/bv130727.mp3",
		"duration": 1760,
		"size": "14.1M",
		"albumName": "灵命日粮 2013年秋季合集",
		"id": 6202000027,
		"albumId": 6202,
		"albumtitle": "灵命日粮 2013年秋季合集(27)",
		"textContent": ""
	},
	{
		"title": "集思广益 20130728",
		"path": "http://media.febcchinese.org/streaming/bv/bv130728.mp3",
		"duration": 1760,
		"size": "14.1M",
		"albumName": "灵命日粮 2013年秋季合集",
		"id": 6202000028,
		"albumId": 6202,
		"albumtitle": "灵命日粮 2013年秋季合集(28)",
		"textContent": ""
	},
	{
		"title": "何为爱？ 20130729",
		"path": "http://media.febcchinese.org/streaming/bv/bv130729.mp3",
		"duration": 1760,
		"size": "14.1M",
		"albumName": "灵命日粮 2013年秋季合集",
		"id": 6202000029,
		"albumId": 6202,
		"albumtitle": "灵命日粮 2013年秋季合集(29)",
		"textContent": ""
	},
	{
		"title": "有影响力的人 20130730",
		"path": "http://media.febcchinese.org/streaming/bv/bv130730.mp3",
		"duration": 1760,
		"size": "14.1M",
		"albumName": "灵命日粮 2013年秋季合集",
		"id": 6202000030,
		"albumId": 6202,
		"albumtitle": "灵命日粮 2013年秋季合集(30)",
		"textContent": ""
	},
	{
		"title": "确认航班 20130731",
		"path": "http://media.febcchinese.org/streaming/bv/bv130731.mp3",
		"duration": 1760,
		"size": "14.1M",
		"albumName": "灵命日粮 2013年秋季合集",
		"id": 6202000031,
		"albumId": 6202,
		"albumtitle": "灵命日粮 2013年秋季合集(31)",
		"textContent": ""
	},
	{
		"title": "梦魇念头 20130801",
		"path": "http://media.febcchinese.org/streaming/bv/bv130801.mp3",
		"duration": 1760,
		"size": "14.1M",
		"albumName": "灵命日粮 2013年秋季合集",
		"id": 6202000032,
		"albumId": 6202,
		"albumtitle": "灵命日粮 2013年秋季合集(32)",
		"textContent": ""
	},
	{
		"title": "同得安慰 20130802",
		"path": "http://media.febcchinese.org/streaming/bv/bv130802.mp3",
		"duration": 1760,
		"size": "14.1M",
		"albumName": "灵命日粮 2013年秋季合集",
		"id": 6202000033,
		"albumId": 6202,
		"albumtitle": "灵命日粮 2013年秋季合集(33)",
		"textContent": ""
	},
	{
		"title": "荣耀上帝 20130803",
		"path": "http://media.febcchinese.org/streaming/bv/bv130803.mp3",
		"duration": 1760,
		"size": "14.1M",
		"albumName": "灵命日粮 2013年秋季合集",
		"id": 6202000034,
		"albumId": 6202,
		"albumtitle": "灵命日粮 2013年秋季合集(34)",
		"textContent": ""
	},
	{
		"title": "反复思想 20130804",
		"path": "http://media.febcchinese.org/streaming/bv/bv130804.mp3",
		"duration": 1760,
		"size": "14.1M",
		"albumName": "灵命日粮 2013年秋季合集",
		"id": 6202000035,
		"albumId": 6202,
		"albumtitle": "灵命日粮 2013年秋季合集(35)",
		"textContent": ""
	},
	{
		"title": "百分之八十 20130805",
		"path": "http://media.febcchinese.org/streaming/bv/bv130805.mp3",
		"duration": 1760,
		"size": "14.1M",
		"albumName": "灵命日粮 2013年秋季合集",
		"id": 6202000036,
		"albumId": 6202,
		"albumtitle": "灵命日粮 2013年秋季合集(36)",
		"textContent": ""
	},
	{
		"title": "拉锯战 20130806",
		"path": "http://media.febcchinese.org/streaming/bv/bv130806.mp3",
		"duration": 1760,
		"size": "14.1M",
		"albumName": "灵命日粮 2013年秋季合集",
		"id": 6202000037,
		"albumId": 6202,
		"albumtitle": "灵命日粮 2013年秋季合集(37)",
		"textContent": ""
	},
	{
		"title": "自幼开始 20130807",
		"path": "http://media.febcchinese.org/streaming/bv/bv130807.mp3",
		"duration": 1760,
		"size": "14.1M",
		"albumName": "灵命日粮 2013年秋季合集",
		"id": 6202000038,
		"albumId": 6202,
		"albumtitle": "灵命日粮 2013年秋季合集(38)",
		"textContent": ""
	},
	{
		"title": "视野 20130808",
		"path": "http://media.febcchinese.org/streaming/bv/bv130808.mp3",
		"duration": 1760,
		"size": "14.1M",
		"albumName": "灵命日粮 2013年秋季合集",
		"id": 6202000039,
		"albumId": 6202,
		"albumtitle": "灵命日粮 2013年秋季合集(39)",
		"textContent": ""
	},
	{
		"title": "归属 20130809",
		"path": "http://media.febcchinese.org/streaming/bv/bv130809.mp3",
		"duration": 1760,
		"size": "14.1M",
		"albumName": "灵命日粮 2013年秋季合集",
		"id": 6202000040,
		"albumId": 6202,
		"albumtitle": "灵命日粮 2013年秋季合集(40)",
		"textContent": ""
	},
	{
		"title": "怜悯 20130810",
		"path": "http://media.febcchinese.org/streaming/bv/bv130810.mp3",
		"duration": 1760,
		"size": "14.1M",
		"albumName": "灵命日粮 2013年秋季合集",
		"id": 6202000041,
		"albumId": 6202,
		"albumtitle": "灵命日粮 2013年秋季合集(41)",
		"textContent": ""
	},
	{
		"title": "噢……对不起！ 20130811",
		"path": "http://media.febcchinese.org/streaming/bv/bv130811.mp3",
		"duration": 1760,
		"size": "14.1M",
		"albumName": "灵命日粮 2013年秋季合集",
		"id": 6202000042,
		"albumId": 6202,
		"albumtitle": "灵命日粮 2013年秋季合集(42)",
		"textContent": ""
	},
	{
		"title": "有福的盼望 20130812",
		"path": "http://media.febcchinese.org/streaming/bv/bv130812.mp3",
		"duration": 1760,
		"size": "14.1M",
		"albumName": "灵命日粮 2013年秋季合集",
		"id": 6202000043,
		"albumId": 6202,
		"albumtitle": "灵命日粮 2013年秋季合集(43)",
		"textContent": ""
	},
	{
		"title": "向下看 20130813",
		"path": "http://media.febcchinese.org/streaming/bv/bv130813.mp3",
		"duration": 1760,
		"size": "14.1M",
		"albumName": "灵命日粮 2013年秋季合集",
		"id": 6202000044,
		"albumId": 6202,
		"albumtitle": "灵命日粮 2013年秋季合集(44)",
		"textContent": ""
	},
	{
		"title": "失望中的喜乐 20130814",
		"path": "http://media.febcchinese.org/streaming/bv/bv130814.mp3",
		"duration": 1760,
		"size": "14.1M",
		"albumName": "灵命日粮 2013年秋季合集",
		"id": 6202000045,
		"albumId": 6202,
		"albumtitle": "灵命日粮 2013年秋季合集(45)",
		"textContent": ""
	},
	{
		"title": "盼望的锚 20130815",
		"path": "http://media.febcchinese.org/streaming/bv/bv130815.mp3",
		"duration": 1760,
		"size": "14.1M",
		"albumName": "灵命日粮 2013年秋季合集",
		"id": 6202000046,
		"albumId": 6202,
		"albumtitle": "灵命日粮 2013年秋季合集(46)",
		"textContent": ""
	},
	{
		"title": "受限但未灭绝 20130816",
		"path": "http://media.febcchinese.org/streaming/bv/bv130816.mp3",
		"duration": 1760,
		"size": "14.1M",
		"albumName": "灵命日粮 2013年秋季合集",
		"id": 6202000047,
		"albumId": 6202,
		"albumtitle": "灵命日粮 2013年秋季合集(47)",
		"textContent": ""
	},
	{
		"title": "憩流 20130817",
		"path": "http://media.febcchinese.org/streaming/bv/bv130817.mp3",
		"duration": 1760,
		"size": "14.1M",
		"albumName": "灵命日粮 2013年秋季合集",
		"id": 6202000048,
		"albumId": 6202,
		"albumtitle": "灵命日粮 2013年秋季合集(48)",
		"textContent": ""
	},
	{
		"title": "更好！ 20130818",
		"path": "http://media.febcchinese.org/streaming/bv/bv130818.mp3",
		"duration": 1760,
		"size": "14.1M",
		"albumName": "灵命日粮 2013年秋季合集",
		"id": 6202000049,
		"albumId": 6202,
		"albumtitle": "灵命日粮 2013年秋季合集(49)",
		"textContent": ""
	},
	{
		"title": "祂不忘记 20130819",
		"path": "http://media.febcchinese.org/streaming/bv/bv130819.mp3",
		"duration": 1760,
		"size": "14.1M",
		"albumName": "灵命日粮 2013年秋季合集",
		"id": 6202000050,
		"albumId": 6202,
		"albumtitle": "灵命日粮 2013年秋季合集(50)",
		"textContent": ""
	},
	{
		"title": "注重形象 20130820",
		"path": "http://media.febcchinese.org/streaming/bv/bv130820.mp3",
		"duration": 1760,
		"size": "14.1M",
		"albumName": "灵命日粮 2013年秋季合集",
		"id": 6202000051,
		"albumId": 6202,
		"albumtitle": "灵命日粮 2013年秋季合集(51)",
		"textContent": ""
	},
	{
		"title": "超越机率 20130821",
		"path": "http://media.febcchinese.org/streaming/bv/bv130821.mp3",
		"duration": 1760,
		"size": "14.1M",
		"albumName": "灵命日粮 2013年秋季合集",
		"id": 6202000052,
		"albumId": 6202,
		"albumtitle": "灵命日粮 2013年秋季合集(52)",
		"textContent": ""
	},
	{
		"title": "全都有益 20130822",
		"path": "http://media.febcchinese.org/streaming/bv/bv130822.mp3",
		"duration": 1760,
		"size": "14.1M",
		"albumName": "灵命日粮 2013年秋季合集",
		"id": 6202000053,
		"albumId": 6202,
		"albumtitle": "灵命日粮 2013年秋季合集(53)",
		"textContent": ""
	},
	{
		"title": "生命之光 20130823",
		"path": "http://media.febcchinese.org/streaming/bv/bv130823.mp3",
		"duration": 1760,
		"size": "14.1M",
		"albumName": "灵命日粮 2013年秋季合集",
		"id": 6202000054,
		"albumId": 6202,
		"albumtitle": "灵命日粮 2013年秋季合集(54)",
		"textContent": ""
	},
	{
		"title": "在我身边 20130824",
		"path": "http://media.febcchinese.org/streaming/bv/bv130824.mp3",
		"duration": 1760,
		"size": "14.1M",
		"albumName": "灵命日粮 2013年秋季合集",
		"id": 6202000055,
		"albumId": 6202,
		"albumtitle": "灵命日粮 2013年秋季合集(55)",
		"textContent": ""
	},
	{
		"title": "人生下一章 20130825",
		"path": "http://media.febcchinese.org/streaming/bv/bv130825.mp3",
		"duration": 1760,
		"size": "14.1M",
		"albumName": "灵命日粮 2013年秋季合集",
		"id": 6202000056,
		"albumId": 6202,
		"albumtitle": "灵命日粮 2013年秋季合集(56)",
		"textContent": ""
	},
	{
		"title": "该不该做？ 20130826",
		"path": "http://media.febcchinese.org/streaming/bv/bv130826.mp3",
		"duration": 1760,
		"size": "14.1M",
		"albumName": "灵命日粮 2013年秋季合集",
		"id": 6202000057,
		"albumId": 6202,
		"albumtitle": "灵命日粮 2013年秋季合集(57)",
		"textContent": ""
	},
	{
		"title": "慈爱环绕 20130827",
		"path": "http://media.febcchinese.org/streaming/bv/bv130827.mp3",
		"duration": 1760,
		"size": "14.1M",
		"albumName": "灵命日粮 2013年秋季合集",
		"id": 6202000058,
		"albumId": 6202,
		"albumtitle": "灵命日粮 2013年秋季合集(58)",
		"textContent": ""
	},
	{
		"title": "逃生之路 20130828",
		"path": "http://media.febcchinese.org/streaming/bv/bv130828.mp3",
		"duration": 1760,
		"size": "14.1M",
		"albumName": "灵命日粮 2013年秋季合集",
		"id": 6202000059,
		"albumId": 6202,
		"albumtitle": "灵命日粮 2013年秋季合集(59)",
		"textContent": ""
	},
	{
		"title": "无限关怀 20130829",
		"path": "http://media.febcchinese.org/streaming/bv/bv130829.mp3",
		"duration": 1760,
		"size": "14.1M",
		"albumName": "灵命日粮 2013年秋季合集",
		"id": 6202000060,
		"albumId": 6202,
		"albumtitle": "灵命日粮 2013年秋季合集(60)",
		"textContent": ""
	},
	{
		"title": "冒险拯救 20130830",
		"path": "http://media.febcchinese.org/streaming/bv/bv130830.mp3",
		"duration": 1760,
		"size": "14.1M",
		"albumName": "灵命日粮 2013年秋季合集",
		"id": 6202000061,
		"albumId": 6202,
		"albumtitle": "灵命日粮 2013年秋季合集(61)",
		"textContent": ""
	},
	{
		"title": "货真价实 20130831",
		"path": "http://media.febcchinese.org/streaming/bv/bv130831.mp3",
		"duration": 1760,
		"size": "14.1M",
		"albumName": "灵命日粮 2013年秋季合集",
		"id": 6202000062,
		"albumId": 6202,
		"albumtitle": "灵命日粮 2013年秋季合集(62)",
		"textContent": ""
	},
	{
		"title": "放缓步伐 20130901",
		"path": "http://media.febcchinese.org/streaming/bv/bv130901.mp3",
		"duration": 1760,
		"size": "14.1M",
		"albumName": "灵命日粮 2013年秋季合集",
		"id": 6202000063,
		"albumId": 6202,
		"albumtitle": "灵命日粮 2013年秋季合集(63)",
		"textContent": ""
	},
	{
		"title": "王的酒政 20130902",
		"path": "http://media.febcchinese.org/streaming/bv/bv130902.mp3",
		"duration": 1760,
		"size": "14.1M",
		"albumName": "灵命日粮 2013年秋季合集",
		"id": 6202000064,
		"albumId": 6202,
		"albumtitle": "灵命日粮 2013年秋季合集(64)",
		"textContent": ""
	},
	{
		"title": "不感兴趣 20130903",
		"path": "http://media.febcchinese.org/streaming/bv/bv130903.mp3",
		"duration": 1760,
		"size": "14.1M",
		"albumName": "灵命日粮 2013年秋季合集",
		"id": 6202000065,
		"albumId": 6202,
		"albumtitle": "灵命日粮 2013年秋季合集(65)",
		"textContent": ""
	},
	{
		"title": "特别的一天 20130904",
		"path": "http://media.febcchinese.org/streaming/bv/bv130904.mp3",
		"duration": 1760,
		"size": "14.1M",
		"albumName": "灵命日粮 2013年秋季合集",
		"id": 6202000066,
		"albumId": 6202,
		"albumtitle": "灵命日粮 2013年秋季合集(66)",
		"textContent": ""
	},
	{
		"title": "近乎满足？ 20130905",
		"path": "http://media.febcchinese.org/streaming/bv/bv130905.mp3",
		"duration": 1760,
		"size": "14.1M",
		"albumName": "灵命日粮 2013年秋季合集",
		"id": 6202000067,
		"albumId": 6202,
		"albumtitle": "灵命日粮 2013年秋季合集(67)",
		"textContent": ""
	},
	{
		"title": "渴慕成长 20130906",
		"path": "http://media.febcchinese.org/streaming/bv/bv130906.mp3",
		"duration": 1760,
		"size": "14.1M",
		"albumName": "灵命日粮 2013年秋季合集",
		"id": 6202000068,
		"albumId": 6202,
		"albumtitle": "灵命日粮 2013年秋季合集(68)",
		"textContent": ""
	},
	{
		"title": "上帝都知道 20130907",
		"path": "http://media.febcchinese.org/streaming/bv/bv130907.mp3",
		"duration": 1760,
		"size": "14.1M",
		"albumName": "灵命日粮 2013年秋季合集",
		"id": 6202000069,
		"albumId": 6202,
		"albumtitle": "灵命日粮 2013年秋季合集(69)",
		"textContent": ""
	},
	{
		"title": "照亮黑暗 20130908",
		"path": "http://media.febcchinese.org/streaming/bv/bv130908.mp3",
		"duration": 1760,
		"size": "14.1M",
		"albumName": "灵命日粮 2013年秋季合集",
		"id": 6202000070,
		"albumId": 6202,
		"albumtitle": "灵命日粮 2013年秋季合集(70)",
		"textContent": ""
	},
	{
		"title": "每时每刻 20130909",
		"path": "http://media.febcchinese.org/streaming/bv/bv130909.mp3",
		"duration": 1760,
		"size": "14.1M",
		"albumName": "灵命日粮 2013年秋季合集",
		"id": 6202000071,
		"albumId": 6202,
		"albumtitle": "灵命日粮 2013年秋季合集(71)",
		"textContent": ""
	},
	{
		"title": "肯定的力量 20130910",
		"path": "http://media.febcchinese.org/streaming/bv/bv130910.mp3",
		"duration": 1760,
		"size": "14.1M",
		"albumName": "灵命日粮 2013年秋季合集",
		"id": 6202000072,
		"albumId": 6202,
		"albumtitle": "灵命日粮 2013年秋季合集(72)",
		"textContent": ""
	},
	{
		"title": "为了爱 20130911",
		"path": "http://media.febcchinese.org/streaming/bv/bv130911.mp3",
		"duration": 1760,
		"size": "14.1M",
		"albumName": "灵命日粮 2013年秋季合集",
		"id": 6202000073,
		"albumId": 6202,
		"albumtitle": "灵命日粮 2013年秋季合集(73)",
		"textContent": ""
	},
	{
		"title": "祝福的力量 20130912",
		"path": "http://media.febcchinese.org/streaming/bv/bv130912.mp3",
		"duration": 1760,
		"size": "14.1M",
		"albumName": "灵命日粮 2013年秋季合集",
		"id": 6202000074,
		"albumId": 6202,
		"albumtitle": "灵命日粮 2013年秋季合集(74)",
		"textContent": ""
	},
	{
		"title": "父亲的榜样 20130913",
		"path": "http://media.febcchinese.org/streaming/bv/bv130913.mp3",
		"duration": 1760,
		"size": "14.1M",
		"albumName": "灵命日粮 2013年秋季合集",
		"id": 6202000075,
		"albumId": 6202,
		"albumtitle": "灵命日粮 2013年秋季合集(75)",
		"textContent": ""
	},
	{
		"title": "不止息的慈爱 20130914",
		"path": "http://media.febcchinese.org/streaming/bv/bv130914.mp3",
		"duration": 1760,
		"size": "14.1M",
		"albumName": "灵命日粮 2013年秋季合集",
		"id": 6202000076,
		"albumId": 6202,
		"albumtitle": "灵命日粮 2013年秋季合集(76)",
		"textContent": ""
	},
	{
		"title": "闪耀的生命 20130915",
		"path": "http://media.febcchinese.org/streaming/bv/bv130915.mp3",
		"duration": 1760,
		"size": "14.1M",
		"albumName": "灵命日粮 2013年秋季合集",
		"id": 6202000077,
		"albumId": 6202,
		"albumtitle": "灵命日粮 2013年秋季合集(77)",
		"textContent": ""
	},
	{
		"title": "上帝旨意 20130916",
		"path": "http://media.febcchinese.org/streaming/bv/bv130916.mp3",
		"duration": 1760,
		"size": "14.1M",
		"albumName": "灵命日粮 2013年秋季合集",
		"id": 6202000078,
		"albumId": 6202,
		"albumtitle": "灵命日粮 2013年秋季合集(78)",
		"textContent": ""
	},
	{
		"title": "看见神的爱 20130917",
		"path": "http://media.febcchinese.org/streaming/bv/bv130917.mp3",
		"duration": 1760,
		"size": "14.1M",
		"albumName": "灵命日粮 2013年秋季合集",
		"id": 6202000079,
		"albumId": 6202,
		"albumtitle": "灵命日粮 2013年秋季合集(79)",
		"textContent": ""
	},
	{
		"title": "另有计划 20130918",
		"path": "http://media.febcchinese.org/streaming/bv/bv130918.mp3",
		"duration": 1760,
		"size": "14.1M",
		"albumName": "灵命日粮 2013年秋季合集",
		"id": 6202000080,
		"albumId": 6202,
		"albumtitle": "灵命日粮 2013年秋季合集(80)",
		"textContent": ""
	},
	{
		"title": "改变时刻 20130919",
		"path": "http://media.febcchinese.org/streaming/bv/bv130919.mp3",
		"duration": 1760,
		"size": "14.1M",
		"albumName": "灵命日粮 2013年秋季合集",
		"id": 6202000081,
		"albumId": 6202,
		"albumtitle": "灵命日粮 2013年秋季合集(81)",
		"textContent": ""
	},
	{
		"title": "困难处境 20130920",
		"path": "http://media.febcchinese.org/streaming/bv/bv130920.mp3",
		"duration": 1760,
		"size": "14.1M",
		"albumName": "灵命日粮 2013年秋季合集",
		"id": 6202000082,
		"albumId": 6202,
		"albumtitle": "灵命日粮 2013年秋季合集(82)",
		"textContent": ""
	},
	{
		"title": "和平奖 20130921",
		"path": "http://media.febcchinese.org/streaming/bv/bv130921.mp3",
		"duration": 1760,
		"size": "14.1M",
		"albumName": "灵命日粮 2013年秋季合集",
		"id": 6202000083,
		"albumId": 6202,
		"albumtitle": "灵命日粮 2013年秋季合集(83)",
		"textContent": ""
	},
	{
		"title": "好与坏 20130922",
		"path": "http://media.febcchinese.org/streaming/bv/bv130922.mp3",
		"duration": 1760,
		"size": "14.1M",
		"albumName": "灵命日粮 2013年秋季合集",
		"id": 6202000084,
		"albumId": 6202,
		"albumtitle": "灵命日粮 2013年秋季合集(84)",
		"textContent": ""
	},
	{
		"title": "困境中的信心 20130923",
		"path": "http://media.febcchinese.org/streaming/bv/bv130923.mp3",
		"duration": 1760,
		"size": "14.1M",
		"albumName": "灵命日粮 2013年秋季合集",
		"id": 6202000085,
		"albumId": 6202,
		"albumtitle": "灵命日粮 2013年秋季合集(85)",
		"textContent": ""
	},
	{
		"title": "及时雨 20130924",
		"path": "http://media.febcchinese.org/streaming/bv/bv130924.mp3",
		"duration": 1760,
		"size": "14.1M",
		"albumName": "灵命日粮 2013年秋季合集",
		"id": 6202000086,
		"albumId": 6202,
		"albumtitle": "灵命日粮 2013年秋季合集(86)",
		"textContent": ""
	},
	{
		"title": "无足轻重 20130925",
		"path": "http://media.febcchinese.org/streaming/bv/bv130925.mp3",
		"duration": 1760,
		"size": "14.1M",
		"albumName": "灵命日粮 2013年秋季合集",
		"id": 6202000087,
		"albumId": 6202,
		"albumtitle": "灵命日粮 2013年秋季合集(87)",
		"textContent": ""
	},
	{
		"title": "智慧之路 20130926",
		"path": "http://media.febcchinese.org/streaming/bv/bv130926.mp3",
		"duration": 1760,
		"size": "14.1M",
		"albumName": "灵命日粮 2013年秋季合集",
		"id": 6202000088,
		"albumId": 6202,
		"albumtitle": "灵命日粮 2013年秋季合集(88)",
		"textContent": ""
	},
	{
		"title": "火和雨 20130927",
		"path": "http://media.febcchinese.org/streaming/bv/bv130927.mp3",
		"duration": 1760,
		"size": "14.1M",
		"albumName": "灵命日粮 2013年秋季合集",
		"id": 6202000089,
		"albumId": 6202,
		"albumtitle": "灵命日粮 2013年秋季合集(89)",
		"textContent": ""
	},
	{
		"title": "我是什么人？ 20130928",
		"path": "http://media.febcchinese.org/streaming/bv/bv130928.mp3",
		"duration": 1760,
		"size": "14.1M",
		"albumName": "灵命日粮 2013年秋季合集",
		"id": 6202000090,
		"albumId": 6202,
		"albumtitle": "灵命日粮 2013年秋季合集(90)",
		"textContent": ""
	},
	{
		"title": "效法我 20130929",
		"path": "http://media.febcchinese.org/streaming/bv/bv130929.mp3",
		"duration": 1760,
		"size": "14.1M",
		"albumName": "灵命日粮 2013年秋季合集",
		"id": 6202000091,
		"albumId": 6202,
		"albumtitle": "灵命日粮 2013年秋季合集(91)",
		"textContent": ""
	},
	{
		"title": "喝大量的水 20130930",
		"path": "http://media.febcchinese.org/streaming/bv/bv130930.mp3",
		"duration": 1760,
		"size": "14.1M",
		"albumName": "灵命日粮 2013年秋季合集",
		"id": 6202000092,
		"albumId": 6202,
		"albumtitle": "灵命日粮 2013年秋季合集(92)",
		"textContent": ""
	}
]