[
	{
		"duration": 1760,
		"size": "14.1M",
		"path": "http://media.febcchinese.org/streaming/bv/bv120401.mp3",
		"id": 6197000001,
		"albumId": 6197,
		"albumName": "灵命日粮 2012年夏季合集",
		"albumtitle": "灵命日粮 2012年夏季合集(1)",
		"title": "灵命日粮-20120401"
	},
	{
		"duration": 1760,
		"size": "14.1M",
		"path": "http://media.febcchinese.org/streaming/bv/bv120402.mp3",
		"id": 6197000002,
		"albumId": 6197,
		"albumName": "灵命日粮 2012年夏季合集",
		"albumtitle": "灵命日粮 2012年夏季合集(2)",
		"title": "灵命日粮-20120402"
	},
	{
		"duration": 1760,
		"size": "14.1M",
		"path": "http://media.febcchinese.org/streaming/bv/bv120403.mp3",
		"id": 6197000003,
		"albumId": 6197,
		"albumName": "灵命日粮 2012年夏季合集",
		"albumtitle": "灵命日粮 2012年夏季合集(3)",
		"title": "灵命日粮-20120403"
	},
	{
		"duration": 1760,
		"size": "14.1M",
		"path": "http://media.febcchinese.org/streaming/bv/bv120404.mp3",
		"id": 6197000004,
		"albumId": 6197,
		"albumName": "灵命日粮 2012年夏季合集",
		"albumtitle": "灵命日粮 2012年夏季合集(4)",
		"title": "灵命日粮-20120404"
	},
	{
		"duration": 1760,
		"size": "14.1M",
		"path": "http://media.febcchinese.org/streaming/bv/bv120405.mp3",
		"id": 6197000005,
		"albumId": 6197,
		"albumName": "灵命日粮 2012年夏季合集",
		"albumtitle": "灵命日粮 2012年夏季合集(5)",
		"title": "灵命日粮-20120405"
	},
	{
		"duration": 1760,
		"size": "14.1M",
		"path": "http://media.febcchinese.org/streaming/bv/bv120406.mp3",
		"id": 6197000006,
		"albumId": 6197,
		"albumName": "灵命日粮 2012年夏季合集",
		"albumtitle": "灵命日粮 2012年夏季合集(6)",
		"title": "灵命日粮-20120406"
	},
	{
		"duration": 1760,
		"size": "14.1M",
		"path": "http://media.febcchinese.org/streaming/bv/bv120407.mp3",
		"id": 6197000007,
		"albumId": 6197,
		"albumName": "灵命日粮 2012年夏季合集",
		"albumtitle": "灵命日粮 2012年夏季合集(7)",
		"title": "灵命日粮-20120407"
	},
	{
		"duration": 1760,
		"size": "14.1M",
		"path": "http://media.febcchinese.org/streaming/bv/bv120408.mp3",
		"id": 6197000008,
		"albumId": 6197,
		"albumName": "灵命日粮 2012年夏季合集",
		"albumtitle": "灵命日粮 2012年夏季合集(8)",
		"title": "灵命日粮-20120408"
	},
	{
		"duration": 1760,
		"size": "14.1M",
		"path": "http://media.febcchinese.org/streaming/bv/bv120409.mp3",
		"id": 6197000009,
		"albumId": 6197,
		"albumName": "灵命日粮 2012年夏季合集",
		"albumtitle": "灵命日粮 2012年夏季合集(9)",
		"title": "灵命日粮-20120409"
	},
	{
		"duration": 1760,
		"size": "14.1M",
		"path": "http://media.febcchinese.org/streaming/bv/bv120410.mp3",
		"id": 6197000010,
		"albumId": 6197,
		"albumName": "灵命日粮 2012年夏季合集",
		"albumtitle": "灵命日粮 2012年夏季合集(10)",
		"title": "灵命日粮-20120410"
	},
	{
		"duration": 1760,
		"size": "14.1M",
		"path": "http://media.febcchinese.org/streaming/bv/bv120411.mp3",
		"id": 6197000011,
		"albumId": 6197,
		"albumName": "灵命日粮 2012年夏季合集",
		"albumtitle": "灵命日粮 2012年夏季合集(11)",
		"title": "灵命日粮-20120411"
	},
	{
		"duration": 1760,
		"size": "14.1M",
		"path": "http://media.febcchinese.org/streaming/bv/bv120412.mp3",
		"id": 6197000012,
		"albumId": 6197,
		"albumName": "灵命日粮 2012年夏季合集",
		"albumtitle": "灵命日粮 2012年夏季合集(12)",
		"title": "灵命日粮-20120412"
	},
	{
		"duration": 1760,
		"size": "14.1M",
		"path": "http://media.febcchinese.org/streaming/bv/bv120413.mp3",
		"id": 6197000013,
		"albumId": 6197,
		"albumName": "灵命日粮 2012年夏季合集",
		"albumtitle": "灵命日粮 2012年夏季合集(13)",
		"title": "灵命日粮-20120413"
	},
	{
		"duration": 1760,
		"size": "14.1M",
		"path": "http://media.febcchinese.org/streaming/bv/bv120414.mp3",
		"id": 6197000014,
		"albumId": 6197,
		"albumName": "灵命日粮 2012年夏季合集",
		"albumtitle": "灵命日粮 2012年夏季合集(14)",
		"title": "灵命日粮-20120414"
	},
	{
		"duration": 1760,
		"size": "14.1M",
		"path": "http://media.febcchinese.org/streaming/bv/bv120415.mp3",
		"id": 6197000015,
		"albumId": 6197,
		"albumName": "灵命日粮 2012年夏季合集",
		"albumtitle": "灵命日粮 2012年夏季合集(15)",
		"title": "灵命日粮-20120415"
	},
	{
		"duration": 1760,
		"size": "14.1M",
		"path": "http://media.febcchinese.org/streaming/bv/bv120416.mp3",
		"id": 6197000016,
		"albumId": 6197,
		"albumName": "灵命日粮 2012年夏季合集",
		"albumtitle": "灵命日粮 2012年夏季合集(16)",
		"title": "灵命日粮-20120416"
	},
	{
		"duration": 1760,
		"size": "14.1M",
		"path": "http://media.febcchinese.org/streaming/bv/bv120417.mp3",
		"id": 6197000017,
		"albumId": 6197,
		"albumName": "灵命日粮 2012年夏季合集",
		"albumtitle": "灵命日粮 2012年夏季合集(17)",
		"title": "灵命日粮-20120417"
	},
	{
		"duration": 1760,
		"size": "14.1M",
		"path": "http://media.febcchinese.org/streaming/bv/bv120418.mp3",
		"id": 6197000018,
		"albumId": 6197,
		"albumName": "灵命日粮 2012年夏季合集",
		"albumtitle": "灵命日粮 2012年夏季合集(18)",
		"title": "灵命日粮-20120418"
	},
	{
		"duration": 1760,
		"size": "14.1M",
		"path": "http://media.febcchinese.org/streaming/bv/bv120419.mp3",
		"id": 6197000019,
		"albumId": 6197,
		"albumName": "灵命日粮 2012年夏季合集",
		"albumtitle": "灵命日粮 2012年夏季合集(19)",
		"title": "灵命日粮-20120419"
	},
	{
		"duration": 1760,
		"size": "14.1M",
		"path": "http://media.febcchinese.org/streaming/bv/bv120420.mp3",
		"id": 6197000020,
		"albumId": 6197,
		"albumName": "灵命日粮 2012年夏季合集",
		"albumtitle": "灵命日粮 2012年夏季合集(20)",
		"title": "灵命日粮-20120420"
	},
	{
		"duration": 1760,
		"size": "14.1M",
		"path": "http://media.febcchinese.org/streaming/bv/bv120421.mp3",
		"id": 6197000021,
		"albumId": 6197,
		"albumName": "灵命日粮 2012年夏季合集",
		"albumtitle": "灵命日粮 2012年夏季合集(21)",
		"title": "灵命日粮-20120421"
	},
	{
		"duration": 1760,
		"size": "14.1M",
		"path": "http://media.febcchinese.org/streaming/bv/bv120422.mp3",
		"id": 6197000022,
		"albumId": 6197,
		"albumName": "灵命日粮 2012年夏季合集",
		"albumtitle": "灵命日粮 2012年夏季合集(22)",
		"title": "灵命日粮-20120422"
	},
	{
		"duration": 1760,
		"size": "14.1M",
		"path": "http://media.febcchinese.org/streaming/bv/bv120423.mp3",
		"id": 6197000023,
		"albumId": 6197,
		"albumName": "灵命日粮 2012年夏季合集",
		"albumtitle": "灵命日粮 2012年夏季合集(23)",
		"title": "灵命日粮-20120423"
	},
	{
		"duration": 1760,
		"size": "14.1M",
		"path": "http://media.febcchinese.org/streaming/bv/bv120424.mp3",
		"id": 6197000024,
		"albumId": 6197,
		"albumName": "灵命日粮 2012年夏季合集",
		"albumtitle": "灵命日粮 2012年夏季合集(24)",
		"title": "灵命日粮-20120424"
	},
	{
		"duration": 1760,
		"size": "14.1M",
		"path": "http://media.febcchinese.org/streaming/bv/bv120425.mp3",
		"id": 6197000025,
		"albumId": 6197,
		"albumName": "灵命日粮 2012年夏季合集",
		"albumtitle": "灵命日粮 2012年夏季合集(25)",
		"title": "灵命日粮-20120425"
	},
	{
		"duration": 1760,
		"size": "14.1M",
		"path": "http://media.febcchinese.org/streaming/bv/bv120426.mp3",
		"id": 6197000026,
		"albumId": 6197,
		"albumName": "灵命日粮 2012年夏季合集",
		"albumtitle": "灵命日粮 2012年夏季合集(26)",
		"title": "灵命日粮-20120426"
	},
	{
		"duration": 1760,
		"size": "14.1M",
		"path": "http://media.febcchinese.org/streaming/bv/bv120427.mp3",
		"id": 6197000027,
		"albumId": 6197,
		"albumName": "灵命日粮 2012年夏季合集",
		"albumtitle": "灵命日粮 2012年夏季合集(27)",
		"title": "灵命日粮-20120427"
	},
	{
		"duration": 1760,
		"size": "14.1M",
		"path": "http://media.febcchinese.org/streaming/bv/bv120428.mp3",
		"id": 6197000028,
		"albumId": 6197,
		"albumName": "灵命日粮 2012年夏季合集",
		"albumtitle": "灵命日粮 2012年夏季合集(28)",
		"title": "灵命日粮-20120428"
	},
	{
		"duration": 1760,
		"size": "14.1M",
		"path": "http://media.febcchinese.org/streaming/bv/bv120429.mp3",
		"id": 6197000029,
		"albumId": 6197,
		"albumName": "灵命日粮 2012年夏季合集",
		"albumtitle": "灵命日粮 2012年夏季合集(29)",
		"title": "灵命日粮-20120429"
	},
	{
		"duration": 1760,
		"size": "14.1M",
		"path": "http://media.febcchinese.org/streaming/bv/bv120430.mp3",
		"id": 6197000030,
		"albumId": 6197,
		"albumName": "灵命日粮 2012年夏季合集",
		"albumtitle": "灵命日粮 2012年夏季合集(30)",
		"title": "灵命日粮-20120430"
	},
	{
		"duration": 1760,
		"size": "14.1M",
		"path": "http://media.febcchinese.org/streaming/bv/bv120501.mp3",
		"id": 6197000031,
		"albumId": 6197,
		"albumName": "灵命日粮 2012年夏季合集",
		"albumtitle": "灵命日粮 2012年夏季合集(31)",
		"title": "灵命日粮-20120501"
	},
	{
		"duration": 1760,
		"size": "14.1M",
		"path": "http://media.febcchinese.org/streaming/bv/bv120502.mp3",
		"id": 6197000032,
		"albumId": 6197,
		"albumName": "灵命日粮 2012年夏季合集",
		"albumtitle": "灵命日粮 2012年夏季合集(32)",
		"title": "灵命日粮-20120502"
	},
	{
		"duration": 1760,
		"size": "14.1M",
		"path": "http://media.febcchinese.org/streaming/bv/bv120503.mp3",
		"id": 6197000033,
		"albumId": 6197,
		"albumName": "灵命日粮 2012年夏季合集",
		"albumtitle": "灵命日粮 2012年夏季合集(33)",
		"title": "灵命日粮-20120503"
	},
	{
		"duration": 1760,
		"size": "14.1M",
		"path": "http://media.febcchinese.org/streaming/bv/bv120504.mp3",
		"id": 6197000034,
		"albumId": 6197,
		"albumName": "灵命日粮 2012年夏季合集",
		"albumtitle": "灵命日粮 2012年夏季合集(34)",
		"title": "灵命日粮-20120504"
	},
	{
		"duration": 1760,
		"size": "14.1M",
		"path": "http://media.febcchinese.org/streaming/bv/bv120505.mp3",
		"id": 6197000035,
		"albumId": 6197,
		"albumName": "灵命日粮 2012年夏季合集",
		"albumtitle": "灵命日粮 2012年夏季合集(35)",
		"title": "灵命日粮-20120505"
	},
	{
		"duration": 1760,
		"size": "14.1M",
		"path": "http://media.febcchinese.org/streaming/bv/bv120506.mp3",
		"id": 6197000036,
		"albumId": 6197,
		"albumName": "灵命日粮 2012年夏季合集",
		"albumtitle": "灵命日粮 2012年夏季合集(36)",
		"title": "灵命日粮-20120506"
	},
	{
		"duration": 1760,
		"size": "14.1M",
		"path": "http://media.febcchinese.org/streaming/bv/bv120507.mp3",
		"id": 6197000037,
		"albumId": 6197,
		"albumName": "灵命日粮 2012年夏季合集",
		"albumtitle": "灵命日粮 2012年夏季合集(37)",
		"title": "灵命日粮-20120507"
	},
	{
		"duration": 1760,
		"size": "14.1M",
		"path": "http://media.febcchinese.org/streaming/bv/bv120508.mp3",
		"id": 6197000038,
		"albumId": 6197,
		"albumName": "灵命日粮 2012年夏季合集",
		"albumtitle": "灵命日粮 2012年夏季合集(38)",
		"title": "灵命日粮-20120508"
	},
	{
		"duration": 1760,
		"size": "14.1M",
		"path": "http://media.febcchinese.org/streaming/bv/bv120509.mp3",
		"id": 6197000039,
		"albumId": 6197,
		"albumName": "灵命日粮 2012年夏季合集",
		"albumtitle": "灵命日粮 2012年夏季合集(39)",
		"title": "灵命日粮-20120509"
	},
	{
		"duration": 1760,
		"size": "14.1M",
		"path": "http://media.febcchinese.org/streaming/bv/bv120510.mp3",
		"id": 6197000040,
		"albumId": 6197,
		"albumName": "灵命日粮 2012年夏季合集",
		"albumtitle": "灵命日粮 2012年夏季合集(40)",
		"title": "灵命日粮-20120510"
	},
	{
		"duration": 1760,
		"size": "14.1M",
		"path": "http://media.febcchinese.org/streaming/bv/bv120511.mp3",
		"id": 6197000041,
		"albumId": 6197,
		"albumName": "灵命日粮 2012年夏季合集",
		"albumtitle": "灵命日粮 2012年夏季合集(41)",
		"title": "灵命日粮-20120511"
	},
	{
		"duration": 1760,
		"size": "14.1M",
		"path": "http://media.febcchinese.org/streaming/bv/bv120512.mp3",
		"id": 6197000042,
		"albumId": 6197,
		"albumName": "灵命日粮 2012年夏季合集",
		"albumtitle": "灵命日粮 2012年夏季合集(42)",
		"title": "灵命日粮-20120512"
	},
	{
		"duration": 1760,
		"size": "14.1M",
		"path": "http://media.febcchinese.org/streaming/bv/bv120513.mp3",
		"id": 6197000043,
		"albumId": 6197,
		"albumName": "灵命日粮 2012年夏季合集",
		"albumtitle": "灵命日粮 2012年夏季合集(43)",
		"title": "灵命日粮-20120513"
	},
	{
		"duration": 1760,
		"size": "14.1M",
		"path": "http://media.febcchinese.org/streaming/bv/bv120514.mp3",
		"id": 6197000044,
		"albumId": 6197,
		"albumName": "灵命日粮 2012年夏季合集",
		"albumtitle": "灵命日粮 2012年夏季合集(44)",
		"title": "灵命日粮-20120514"
	},
	{
		"duration": 1760,
		"size": "14.1M",
		"path": "http://media.febcchinese.org/streaming/bv/bv120515.mp3",
		"id": 6197000045,
		"albumId": 6197,
		"albumName": "灵命日粮 2012年夏季合集",
		"albumtitle": "灵命日粮 2012年夏季合集(45)",
		"title": "灵命日粮-20120515"
	},
	{
		"duration": 1760,
		"size": "14.1M",
		"path": "http://media.febcchinese.org/streaming/bv/bv120516.mp3",
		"id": 6197000046,
		"albumId": 6197,
		"albumName": "灵命日粮 2012年夏季合集",
		"albumtitle": "灵命日粮 2012年夏季合集(46)",
		"title": "灵命日粮-20120516"
	},
	{
		"duration": 1760,
		"size": "14.1M",
		"path": "http://media.febcchinese.org/streaming/bv/bv120517.mp3",
		"id": 6197000047,
		"albumId": 6197,
		"albumName": "灵命日粮 2012年夏季合集",
		"albumtitle": "灵命日粮 2012年夏季合集(47)",
		"title": "灵命日粮-20120517"
	},
	{
		"duration": 1760,
		"size": "14.1M",
		"path": "http://media.febcchinese.org/streaming/bv/bv120518.mp3",
		"id": 6197000048,
		"albumId": 6197,
		"albumName": "灵命日粮 2012年夏季合集",
		"albumtitle": "灵命日粮 2012年夏季合集(48)",
		"title": "灵命日粮-20120518"
	},
	{
		"duration": 1760,
		"size": "14.1M",
		"path": "http://media.febcchinese.org/streaming/bv/bv120519.mp3",
		"id": 6197000049,
		"albumId": 6197,
		"albumName": "灵命日粮 2012年夏季合集",
		"albumtitle": "灵命日粮 2012年夏季合集(49)",
		"title": "灵命日粮-20120519"
	},
	{
		"duration": 1760,
		"size": "14.1M",
		"path": "http://media.febcchinese.org/streaming/bv/bv120520.mp3",
		"id": 6197000050,
		"albumId": 6197,
		"albumName": "灵命日粮 2012年夏季合集",
		"albumtitle": "灵命日粮 2012年夏季合集(50)",
		"title": "灵命日粮-20120520"
	},
	{
		"duration": 1760,
		"size": "14.1M",
		"path": "http://media.febcchinese.org/streaming/bv/bv120521.mp3",
		"id": 6197000051,
		"albumId": 6197,
		"albumName": "灵命日粮 2012年夏季合集",
		"albumtitle": "灵命日粮 2012年夏季合集(51)",
		"title": "灵命日粮-20120521"
	},
	{
		"duration": 1760,
		"size": "14.1M",
		"path": "http://media.febcchinese.org/streaming/bv/bv120522.mp3",
		"id": 6197000052,
		"albumId": 6197,
		"albumName": "灵命日粮 2012年夏季合集",
		"albumtitle": "灵命日粮 2012年夏季合集(52)",
		"title": "灵命日粮-20120522"
	},
	{
		"duration": 1760,
		"size": "14.1M",
		"path": "http://media.febcchinese.org/streaming/bv/bv120523.mp3",
		"id": 6197000053,
		"albumId": 6197,
		"albumName": "灵命日粮 2012年夏季合集",
		"albumtitle": "灵命日粮 2012年夏季合集(53)",
		"title": "灵命日粮-20120523"
	},
	{
		"duration": 1760,
		"size": "14.1M",
		"path": "http://media.febcchinese.org/streaming/bv/bv120524.mp3",
		"id": 6197000054,
		"albumId": 6197,
		"albumName": "灵命日粮 2012年夏季合集",
		"albumtitle": "灵命日粮 2012年夏季合集(54)",
		"title": "灵命日粮-20120524"
	},
	{
		"duration": 1760,
		"size": "14.1M",
		"path": "http://media.febcchinese.org/streaming/bv/bv120525.mp3",
		"id": 6197000055,
		"albumId": 6197,
		"albumName": "灵命日粮 2012年夏季合集",
		"albumtitle": "灵命日粮 2012年夏季合集(55)",
		"title": "灵命日粮-20120525"
	},
	{
		"duration": 1760,
		"size": "14.1M",
		"path": "http://media.febcchinese.org/streaming/bv/bv120526.mp3",
		"id": 6197000056,
		"albumId": 6197,
		"albumName": "灵命日粮 2012年夏季合集",
		"albumtitle": "灵命日粮 2012年夏季合集(56)",
		"title": "灵命日粮-20120526"
	},
	{
		"duration": 1760,
		"size": "14.1M",
		"path": "http://media.febcchinese.org/streaming/bv/bv120527.mp3",
		"id": 6197000057,
		"albumId": 6197,
		"albumName": "灵命日粮 2012年夏季合集",
		"albumtitle": "灵命日粮 2012年夏季合集(57)",
		"title": "灵命日粮-20120527"
	},
	{
		"duration": 1760,
		"size": "14.1M",
		"path": "http://media.febcchinese.org/streaming/bv/bv120528.mp3",
		"id": 6197000058,
		"albumId": 6197,
		"albumName": "灵命日粮 2012年夏季合集",
		"albumtitle": "灵命日粮 2012年夏季合集(58)",
		"title": "灵命日粮-20120528"
	},
	{
		"duration": 1760,
		"size": "14.1M",
		"path": "http://media.febcchinese.org/streaming/bv/bv120529.mp3",
		"id": 6197000059,
		"albumId": 6197,
		"albumName": "灵命日粮 2012年夏季合集",
		"albumtitle": "灵命日粮 2012年夏季合集(59)",
		"title": "灵命日粮-20120529"
	},
	{
		"duration": 1760,
		"size": "14.1M",
		"path": "http://media.febcchinese.org/streaming/bv/bv120530.mp3",
		"id": 6197000060,
		"albumId": 6197,
		"albumName": "灵命日粮 2012年夏季合集",
		"albumtitle": "灵命日粮 2012年夏季合集(60)",
		"title": "灵命日粮-20120530"
	},
	{
		"duration": 1760,
		"size": "14.1M",
		"path": "http://media.febcchinese.org/streaming/bv/bv120531.mp3",
		"id": 6197000061,
		"albumId": 6197,
		"albumName": "灵命日粮 2012年夏季合集",
		"albumtitle": "灵命日粮 2012年夏季合集(61)",
		"title": "灵命日粮-20120531"
	},
	{
		"duration": 1760,
		"size": "14.1M",
		"path": "http://media.febcchinese.org/streaming/bv/bv120601.mp3",
		"id": 6197000062,
		"albumId": 6197,
		"albumName": "灵命日粮 2012年夏季合集",
		"albumtitle": "灵命日粮 2012年夏季合集(62)",
		"title": "灵命日粮-20120601"
	},
	{
		"duration": 1760,
		"size": "14.1M",
		"path": "http://media.febcchinese.org/streaming/bv/bv120602.mp3",
		"id": 6197000063,
		"albumId": 6197,
		"albumName": "灵命日粮 2012年夏季合集",
		"albumtitle": "灵命日粮 2012年夏季合集(63)",
		"title": "灵命日粮-20120602"
	},
	{
		"duration": 1760,
		"size": "14.1M",
		"path": "http://media.febcchinese.org/streaming/bv/bv120603.mp3",
		"id": 6197000064,
		"albumId": 6197,
		"albumName": "灵命日粮 2012年夏季合集",
		"albumtitle": "灵命日粮 2012年夏季合集(64)",
		"title": "灵命日粮-20120603"
	},
	{
		"duration": 1760,
		"size": "14.1M",
		"path": "http://media.febcchinese.org/streaming/bv/bv120604.mp3",
		"id": 6197000065,
		"albumId": 6197,
		"albumName": "灵命日粮 2012年夏季合集",
		"albumtitle": "灵命日粮 2012年夏季合集(65)",
		"title": "灵命日粮-20120604"
	},
	{
		"duration": 1760,
		"size": "14.1M",
		"path": "http://media.febcchinese.org/streaming/bv/bv120605.mp3",
		"id": 6197000066,
		"albumId": 6197,
		"albumName": "灵命日粮 2012年夏季合集",
		"albumtitle": "灵命日粮 2012年夏季合集(66)",
		"title": "灵命日粮-20120605"
	},
	{
		"duration": 1760,
		"size": "14.1M",
		"path": "http://media.febcchinese.org/streaming/bv/bv120606.mp3",
		"id": 6197000067,
		"albumId": 6197,
		"albumName": "灵命日粮 2012年夏季合集",
		"albumtitle": "灵命日粮 2012年夏季合集(67)",
		"title": "灵命日粮-20120606"
	},
	{
		"duration": 1760,
		"size": "14.1M",
		"path": "http://media.febcchinese.org/streaming/bv/bv120607.mp3",
		"id": 6197000068,
		"albumId": 6197,
		"albumName": "灵命日粮 2012年夏季合集",
		"albumtitle": "灵命日粮 2012年夏季合集(68)",
		"title": "灵命日粮-20120607"
	},
	{
		"duration": 1760,
		"size": "14.1M",
		"path": "http://media.febcchinese.org/streaming/bv/bv120608.mp3",
		"id": 6197000069,
		"albumId": 6197,
		"albumName": "灵命日粮 2012年夏季合集",
		"albumtitle": "灵命日粮 2012年夏季合集(69)",
		"title": "灵命日粮-20120608"
	},
	{
		"duration": 1760,
		"size": "14.1M",
		"path": "http://media.febcchinese.org/streaming/bv/bv120609.mp3",
		"id": 6197000070,
		"albumId": 6197,
		"albumName": "灵命日粮 2012年夏季合集",
		"albumtitle": "灵命日粮 2012年夏季合集(70)",
		"title": "灵命日粮-20120609"
	},
	{
		"duration": 1760,
		"size": "14.1M",
		"path": "http://media.febcchinese.org/streaming/bv/bv120610.mp3",
		"id": 6197000071,
		"albumId": 6197,
		"albumName": "灵命日粮 2012年夏季合集",
		"albumtitle": "灵命日粮 2012年夏季合集(71)",
		"title": "灵命日粮-20120610"
	},
	{
		"duration": 1760,
		"size": "14.1M",
		"path": "http://media.febcchinese.org/streaming/bv/bv120611.mp3",
		"id": 6197000072,
		"albumId": 6197,
		"albumName": "灵命日粮 2012年夏季合集",
		"albumtitle": "灵命日粮 2012年夏季合集(72)",
		"title": "灵命日粮-20120611"
	},
	{
		"duration": 1760,
		"size": "14.1M",
		"path": "http://media.febcchinese.org/streaming/bv/bv120612.mp3",
		"id": 6197000073,
		"albumId": 6197,
		"albumName": "灵命日粮 2012年夏季合集",
		"albumtitle": "灵命日粮 2012年夏季合集(73)",
		"title": "灵命日粮-20120612"
	},
	{
		"duration": 1760,
		"size": "14.1M",
		"path": "http://media.febcchinese.org/streaming/bv/bv120613.mp3",
		"id": 6197000074,
		"albumId": 6197,
		"albumName": "灵命日粮 2012年夏季合集",
		"albumtitle": "灵命日粮 2012年夏季合集(74)",
		"title": "灵命日粮-20120613"
	},
	{
		"duration": 1760,
		"size": "14.1M",
		"path": "http://media.febcchinese.org/streaming/bv/bv120614.mp3",
		"id": 6197000075,
		"albumId": 6197,
		"albumName": "灵命日粮 2012年夏季合集",
		"albumtitle": "灵命日粮 2012年夏季合集(75)",
		"title": "灵命日粮-20120614"
	},
	{
		"duration": 1760,
		"size": "14.1M",
		"path": "http://media.febcchinese.org/streaming/bv/bv120615.mp3",
		"id": 6197000076,
		"albumId": 6197,
		"albumName": "灵命日粮 2012年夏季合集",
		"albumtitle": "灵命日粮 2012年夏季合集(76)",
		"title": "灵命日粮-20120615"
	},
	{
		"duration": 1760,
		"size": "14.1M",
		"path": "http://media.febcchinese.org/streaming/bv/bv120616.mp3",
		"id": 6197000077,
		"albumId": 6197,
		"albumName": "灵命日粮 2012年夏季合集",
		"albumtitle": "灵命日粮 2012年夏季合集(77)",
		"title": "灵命日粮-20120616"
	},
	{
		"duration": 1760,
		"size": "14.1M",
		"path": "http://media.febcchinese.org/streaming/bv/bv120617.mp3",
		"id": 6197000078,
		"albumId": 6197,
		"albumName": "灵命日粮 2012年夏季合集",
		"albumtitle": "灵命日粮 2012年夏季合集(78)",
		"title": "灵命日粮-20120617"
	},
	{
		"duration": 1760,
		"size": "14.1M",
		"path": "http://media.febcchinese.org/streaming/bv/bv120618.mp3",
		"id": 6197000079,
		"albumId": 6197,
		"albumName": "灵命日粮 2012年夏季合集",
		"albumtitle": "灵命日粮 2012年夏季合集(79)",
		"title": "灵命日粮-20120618"
	},
	{
		"duration": 1760,
		"size": "14.1M",
		"path": "http://media.febcchinese.org/streaming/bv/bv120619.mp3",
		"id": 6197000080,
		"albumId": 6197,
		"albumName": "灵命日粮 2012年夏季合集",
		"albumtitle": "灵命日粮 2012年夏季合集(80)",
		"title": "灵命日粮-20120619"
	},
	{
		"duration": 1760,
		"size": "14.1M",
		"path": "http://media.febcchinese.org/streaming/bv/bv120620.mp3",
		"id": 6197000081,
		"albumId": 6197,
		"albumName": "灵命日粮 2012年夏季合集",
		"albumtitle": "灵命日粮 2012年夏季合集(81)",
		"title": "灵命日粮-20120620"
	},
	{
		"duration": 1760,
		"size": "14.1M",
		"path": "http://media.febcchinese.org/streaming/bv/bv120621.mp3",
		"id": 6197000082,
		"albumId": 6197,
		"albumName": "灵命日粮 2012年夏季合集",
		"albumtitle": "灵命日粮 2012年夏季合集(82)",
		"title": "灵命日粮-20120621"
	},
	{
		"duration": 1760,
		"size": "14.1M",
		"path": "http://media.febcchinese.org/streaming/bv/bv120622.mp3",
		"id": 6197000083,
		"albumId": 6197,
		"albumName": "灵命日粮 2012年夏季合集",
		"albumtitle": "灵命日粮 2012年夏季合集(83)",
		"title": "灵命日粮-20120622"
	},
	{
		"duration": 1760,
		"size": "14.1M",
		"path": "http://media.febcchinese.org/streaming/bv/bv120623.mp3",
		"id": 6197000084,
		"albumId": 6197,
		"albumName": "灵命日粮 2012年夏季合集",
		"albumtitle": "灵命日粮 2012年夏季合集(84)",
		"title": "灵命日粮-20120623"
	},
	{
		"duration": 1760,
		"size": "14.1M",
		"path": "http://media.febcchinese.org/streaming/bv/bv120624.mp3",
		"id": 6197000085,
		"albumId": 6197,
		"albumName": "灵命日粮 2012年夏季合集",
		"albumtitle": "灵命日粮 2012年夏季合集(85)",
		"title": "灵命日粮-20120624"
	},
	{
		"duration": 1760,
		"size": "14.1M",
		"path": "http://media.febcchinese.org/streaming/bv/bv120625.mp3",
		"id": 6197000086,
		"albumId": 6197,
		"albumName": "灵命日粮 2012年夏季合集",
		"albumtitle": "灵命日粮 2012年夏季合集(86)",
		"title": "灵命日粮-20120625"
	},
	{
		"duration": 1760,
		"size": "14.1M",
		"path": "http://media.febcchinese.org/streaming/bv/bv120626.mp3",
		"id": 6197000087,
		"albumId": 6197,
		"albumName": "灵命日粮 2012年夏季合集",
		"albumtitle": "灵命日粮 2012年夏季合集(87)",
		"title": "灵命日粮-20120626"
	},
	{
		"duration": 1760,
		"size": "14.1M",
		"path": "http://media.febcchinese.org/streaming/bv/bv120627.mp3",
		"id": 6197000088,
		"albumId": 6197,
		"albumName": "灵命日粮 2012年夏季合集",
		"albumtitle": "灵命日粮 2012年夏季合集(88)",
		"title": "灵命日粮-20120627"
	},
	{
		"duration": 1760,
		"size": "14.1M",
		"path": "http://media.febcchinese.org/streaming/bv/bv120628.mp3",
		"id": 6197000089,
		"albumId": 6197,
		"albumName": "灵命日粮 2012年夏季合集",
		"albumtitle": "灵命日粮 2012年夏季合集(89)",
		"title": "灵命日粮-20120628"
	},
	{
		"duration": 1760,
		"size": "14.1M",
		"path": "http://media.febcchinese.org/streaming/bv/bv120629.mp3",
		"id": 6197000090,
		"albumId": 6197,
		"albumName": "灵命日粮 2012年夏季合集",
		"albumtitle": "灵命日粮 2012年夏季合集(90)",
		"title": "灵命日粮-20120629"
	},
	{
		"duration": 1760,
		"size": "14.1M",
		"path": "http://media.febcchinese.org/streaming/bv/bv120630.mp3",
		"id": 6197000091,
		"albumId": 6197,
		"albumName": "灵命日粮 2012年夏季合集",
		"albumtitle": "灵命日粮 2012年夏季合集(91)",
		"title": "灵命日粮-20120630"
	}
]