[
	{
		"duration": 1760,
		"size": "14.1M",
		"path": "http://media.febcchinese.org/streaming/bv/bv110401.mp3",
		"id": 6193000001,
		"albumId": 6193,
		"albumName": "灵命日粮 2011年夏季合集",
		"albumtitle": "灵命日粮 2011年夏季合集(1)",
		"title": "灵命日粮-20110401"
	},
	{
		"duration": 1760,
		"size": "14.1M",
		"path": "http://media.febcchinese.org/streaming/bv/bv110402.mp3",
		"id": 6193000002,
		"albumId": 6193,
		"albumName": "灵命日粮 2011年夏季合集",
		"albumtitle": "灵命日粮 2011年夏季合集(2)",
		"title": "灵命日粮-20110402"
	},
	{
		"duration": 1760,
		"size": "14.1M",
		"path": "http://media.febcchinese.org/streaming/bv/bv110403.mp3",
		"id": 6193000003,
		"albumId": 6193,
		"albumName": "灵命日粮 2011年夏季合集",
		"albumtitle": "灵命日粮 2011年夏季合集(3)",
		"title": "灵命日粮-20110403"
	},
	{
		"duration": 1760,
		"size": "14.1M",
		"path": "http://media.febcchinese.org/streaming/bv/bv110404.mp3",
		"id": 6193000004,
		"albumId": 6193,
		"albumName": "灵命日粮 2011年夏季合集",
		"albumtitle": "灵命日粮 2011年夏季合集(4)",
		"title": "灵命日粮-20110404"
	},
	{
		"duration": 1760,
		"size": "14.1M",
		"path": "http://media.febcchinese.org/streaming/bv/bv110405.mp3",
		"id": 6193000005,
		"albumId": 6193,
		"albumName": "灵命日粮 2011年夏季合集",
		"albumtitle": "灵命日粮 2011年夏季合集(5)",
		"title": "灵命日粮-20110405"
	},
	{
		"duration": 1760,
		"size": "14.1M",
		"path": "http://media.febcchinese.org/streaming/bv/bv110406.mp3",
		"id": 6193000006,
		"albumId": 6193,
		"albumName": "灵命日粮 2011年夏季合集",
		"albumtitle": "灵命日粮 2011年夏季合集(6)",
		"title": "灵命日粮-20110406"
	},
	{
		"duration": 1760,
		"size": "14.1M",
		"path": "http://media.febcchinese.org/streaming/bv/bv110407.mp3",
		"id": 6193000007,
		"albumId": 6193,
		"albumName": "灵命日粮 2011年夏季合集",
		"albumtitle": "灵命日粮 2011年夏季合集(7)",
		"title": "灵命日粮-20110407"
	},
	{
		"duration": 1760,
		"size": "14.1M",
		"path": "http://media.febcchinese.org/streaming/bv/bv110408.mp3",
		"id": 6193000008,
		"albumId": 6193,
		"albumName": "灵命日粮 2011年夏季合集",
		"albumtitle": "灵命日粮 2011年夏季合集(8)",
		"title": "灵命日粮-20110408"
	},
	{
		"duration": 1760,
		"size": "14.1M",
		"path": "http://media.febcchinese.org/streaming/bv/bv110409.mp3",
		"id": 6193000009,
		"albumId": 6193,
		"albumName": "灵命日粮 2011年夏季合集",
		"albumtitle": "灵命日粮 2011年夏季合集(9)",
		"title": "灵命日粮-20110409"
	},
	{
		"duration": 1760,
		"size": "14.1M",
		"path": "http://media.febcchinese.org/streaming/bv/bv110410.mp3",
		"id": 6193000010,
		"albumId": 6193,
		"albumName": "灵命日粮 2011年夏季合集",
		"albumtitle": "灵命日粮 2011年夏季合集(10)",
		"title": "灵命日粮-20110410"
	},
	{
		"duration": 1760,
		"size": "14.1M",
		"path": "http://media.febcchinese.org/streaming/bv/bv110411.mp3",
		"id": 6193000011,
		"albumId": 6193,
		"albumName": "灵命日粮 2011年夏季合集",
		"albumtitle": "灵命日粮 2011年夏季合集(11)",
		"title": "灵命日粮-20110411"
	},
	{
		"duration": 1760,
		"size": "14.1M",
		"path": "http://media.febcchinese.org/streaming/bv/bv110412.mp3",
		"id": 6193000012,
		"albumId": 6193,
		"albumName": "灵命日粮 2011年夏季合集",
		"albumtitle": "灵命日粮 2011年夏季合集(12)",
		"title": "灵命日粮-20110412"
	},
	{
		"duration": 1760,
		"size": "14.1M",
		"path": "http://media.febcchinese.org/streaming/bv/bv110413.mp3",
		"id": 6193000013,
		"albumId": 6193,
		"albumName": "灵命日粮 2011年夏季合集",
		"albumtitle": "灵命日粮 2011年夏季合集(13)",
		"title": "灵命日粮-20110413"
	},
	{
		"duration": 1760,
		"size": "14.1M",
		"path": "http://media.febcchinese.org/streaming/bv/bv110414.mp3",
		"id": 6193000014,
		"albumId": 6193,
		"albumName": "灵命日粮 2011年夏季合集",
		"albumtitle": "灵命日粮 2011年夏季合集(14)",
		"title": "灵命日粮-20110414"
	},
	{
		"duration": 1760,
		"size": "14.1M",
		"path": "http://media.febcchinese.org/streaming/bv/bv110415.mp3",
		"id": 6193000015,
		"albumId": 6193,
		"albumName": "灵命日粮 2011年夏季合集",
		"albumtitle": "灵命日粮 2011年夏季合集(15)",
		"title": "灵命日粮-20110415"
	},
	{
		"duration": 1760,
		"size": "14.1M",
		"path": "http://media.febcchinese.org/streaming/bv/bv110416.mp3",
		"id": 6193000016,
		"albumId": 6193,
		"albumName": "灵命日粮 2011年夏季合集",
		"albumtitle": "灵命日粮 2011年夏季合集(16)",
		"title": "灵命日粮-20110416"
	},
	{
		"duration": 1760,
		"size": "14.1M",
		"path": "http://media.febcchinese.org/streaming/bv/bv110417.mp3",
		"id": 6193000017,
		"albumId": 6193,
		"albumName": "灵命日粮 2011年夏季合集",
		"albumtitle": "灵命日粮 2011年夏季合集(17)",
		"title": "灵命日粮-20110417"
	},
	{
		"duration": 1760,
		"size": "14.1M",
		"path": "http://media.febcchinese.org/streaming/bv/bv110418.mp3",
		"id": 6193000018,
		"albumId": 6193,
		"albumName": "灵命日粮 2011年夏季合集",
		"albumtitle": "灵命日粮 2011年夏季合集(18)",
		"title": "灵命日粮-20110418"
	},
	{
		"duration": 1760,
		"size": "14.1M",
		"path": "http://media.febcchinese.org/streaming/bv/bv110419.mp3",
		"id": 6193000019,
		"albumId": 6193,
		"albumName": "灵命日粮 2011年夏季合集",
		"albumtitle": "灵命日粮 2011年夏季合集(19)",
		"title": "灵命日粮-20110419"
	},
	{
		"duration": 1760,
		"size": "14.1M",
		"path": "http://media.febcchinese.org/streaming/bv/bv110420.mp3",
		"id": 6193000020,
		"albumId": 6193,
		"albumName": "灵命日粮 2011年夏季合集",
		"albumtitle": "灵命日粮 2011年夏季合集(20)",
		"title": "灵命日粮-20110420"
	},
	{
		"duration": 1760,
		"size": "14.1M",
		"path": "http://media.febcchinese.org/streaming/bv/bv110421.mp3",
		"id": 6193000021,
		"albumId": 6193,
		"albumName": "灵命日粮 2011年夏季合集",
		"albumtitle": "灵命日粮 2011年夏季合集(21)",
		"title": "灵命日粮-20110421"
	},
	{
		"duration": 1760,
		"size": "14.1M",
		"path": "http://media.febcchinese.org/streaming/bv/bv110422.mp3",
		"id": 6193000022,
		"albumId": 6193,
		"albumName": "灵命日粮 2011年夏季合集",
		"albumtitle": "灵命日粮 2011年夏季合集(22)",
		"title": "灵命日粮-20110422"
	},
	{
		"duration": 1760,
		"size": "14.1M",
		"path": "http://media.febcchinese.org/streaming/bv/bv110423.mp3",
		"id": 6193000023,
		"albumId": 6193,
		"albumName": "灵命日粮 2011年夏季合集",
		"albumtitle": "灵命日粮 2011年夏季合集(23)",
		"title": "灵命日粮-20110423"
	},
	{
		"duration": 1760,
		"size": "14.1M",
		"path": "http://media.febcchinese.org/streaming/bv/bv110424.mp3",
		"id": 6193000024,
		"albumId": 6193,
		"albumName": "灵命日粮 2011年夏季合集",
		"albumtitle": "灵命日粮 2011年夏季合集(24)",
		"title": "灵命日粮-20110424"
	},
	{
		"duration": 1760,
		"size": "14.1M",
		"path": "http://media.febcchinese.org/streaming/bv/bv110425.mp3",
		"id": 6193000025,
		"albumId": 6193,
		"albumName": "灵命日粮 2011年夏季合集",
		"albumtitle": "灵命日粮 2011年夏季合集(25)",
		"title": "灵命日粮-20110425"
	},
	{
		"duration": 1760,
		"size": "14.1M",
		"path": "http://media.febcchinese.org/streaming/bv/bv110426.mp3",
		"id": 6193000026,
		"albumId": 6193,
		"albumName": "灵命日粮 2011年夏季合集",
		"albumtitle": "灵命日粮 2011年夏季合集(26)",
		"title": "灵命日粮-20110426"
	},
	{
		"duration": 1760,
		"size": "14.1M",
		"path": "http://media.febcchinese.org/streaming/bv/bv110427.mp3",
		"id": 6193000027,
		"albumId": 6193,
		"albumName": "灵命日粮 2011年夏季合集",
		"albumtitle": "灵命日粮 2011年夏季合集(27)",
		"title": "灵命日粮-20110427"
	},
	{
		"duration": 1760,
		"size": "14.1M",
		"path": "http://media.febcchinese.org/streaming/bv/bv110428.mp3",
		"id": 6193000028,
		"albumId": 6193,
		"albumName": "灵命日粮 2011年夏季合集",
		"albumtitle": "灵命日粮 2011年夏季合集(28)",
		"title": "灵命日粮-20110428"
	},
	{
		"duration": 1760,
		"size": "14.1M",
		"path": "http://media.febcchinese.org/streaming/bv/bv110429.mp3",
		"id": 6193000029,
		"albumId": 6193,
		"albumName": "灵命日粮 2011年夏季合集",
		"albumtitle": "灵命日粮 2011年夏季合集(29)",
		"title": "灵命日粮-20110429"
	},
	{
		"duration": 1760,
		"size": "14.1M",
		"path": "http://media.febcchinese.org/streaming/bv/bv110430.mp3",
		"id": 6193000030,
		"albumId": 6193,
		"albumName": "灵命日粮 2011年夏季合集",
		"albumtitle": "灵命日粮 2011年夏季合集(30)",
		"title": "灵命日粮-20110430"
	},
	{
		"duration": 1760,
		"size": "14.1M",
		"path": "http://media.febcchinese.org/streaming/bv/bv110501.mp3",
		"id": 6193000031,
		"albumId": 6193,
		"albumName": "灵命日粮 2011年夏季合集",
		"albumtitle": "灵命日粮 2011年夏季合集(31)",
		"title": "灵命日粮-20110501"
	},
	{
		"duration": 1760,
		"size": "14.1M",
		"path": "http://media.febcchinese.org/streaming/bv/bv110502.mp3",
		"id": 6193000032,
		"albumId": 6193,
		"albumName": "灵命日粮 2011年夏季合集",
		"albumtitle": "灵命日粮 2011年夏季合集(32)",
		"title": "灵命日粮-20110502"
	},
	{
		"duration": 1760,
		"size": "14.1M",
		"path": "http://media.febcchinese.org/streaming/bv/bv110503.mp3",
		"id": 6193000033,
		"albumId": 6193,
		"albumName": "灵命日粮 2011年夏季合集",
		"albumtitle": "灵命日粮 2011年夏季合集(33)",
		"title": "灵命日粮-20110503"
	},
	{
		"duration": 1760,
		"size": "14.1M",
		"path": "http://media.febcchinese.org/streaming/bv/bv110504.mp3",
		"id": 6193000034,
		"albumId": 6193,
		"albumName": "灵命日粮 2011年夏季合集",
		"albumtitle": "灵命日粮 2011年夏季合集(34)",
		"title": "灵命日粮-20110504"
	},
	{
		"duration": 1760,
		"size": "14.1M",
		"path": "http://media.febcchinese.org/streaming/bv/bv110505.mp3",
		"id": 6193000035,
		"albumId": 6193,
		"albumName": "灵命日粮 2011年夏季合集",
		"albumtitle": "灵命日粮 2011年夏季合集(35)",
		"title": "灵命日粮-20110505"
	},
	{
		"duration": 1760,
		"size": "14.1M",
		"path": "http://media.febcchinese.org/streaming/bv/bv110506.mp3",
		"id": 6193000036,
		"albumId": 6193,
		"albumName": "灵命日粮 2011年夏季合集",
		"albumtitle": "灵命日粮 2011年夏季合集(36)",
		"title": "灵命日粮-20110506"
	},
	{
		"duration": 1760,
		"size": "14.1M",
		"path": "http://media.febcchinese.org/streaming/bv/bv110507.mp3",
		"id": 6193000037,
		"albumId": 6193,
		"albumName": "灵命日粮 2011年夏季合集",
		"albumtitle": "灵命日粮 2011年夏季合集(37)",
		"title": "灵命日粮-20110507"
	},
	{
		"duration": 1760,
		"size": "14.1M",
		"path": "http://media.febcchinese.org/streaming/bv/bv110508.mp3",
		"id": 6193000038,
		"albumId": 6193,
		"albumName": "灵命日粮 2011年夏季合集",
		"albumtitle": "灵命日粮 2011年夏季合集(38)",
		"title": "灵命日粮-20110508"
	},
	{
		"duration": 1760,
		"size": "14.1M",
		"path": "http://media.febcchinese.org/streaming/bv/bv110509.mp3",
		"id": 6193000039,
		"albumId": 6193,
		"albumName": "灵命日粮 2011年夏季合集",
		"albumtitle": "灵命日粮 2011年夏季合集(39)",
		"title": "灵命日粮-20110509"
	},
	{
		"duration": 1760,
		"size": "14.1M",
		"path": "http://media.febcchinese.org/streaming/bv/bv110510.mp3",
		"id": 6193000040,
		"albumId": 6193,
		"albumName": "灵命日粮 2011年夏季合集",
		"albumtitle": "灵命日粮 2011年夏季合集(40)",
		"title": "灵命日粮-20110510"
	},
	{
		"duration": 1760,
		"size": "14.1M",
		"path": "http://media.febcchinese.org/streaming/bv/bv110511.mp3",
		"id": 6193000041,
		"albumId": 6193,
		"albumName": "灵命日粮 2011年夏季合集",
		"albumtitle": "灵命日粮 2011年夏季合集(41)",
		"title": "灵命日粮-20110511"
	},
	{
		"duration": 1760,
		"size": "14.1M",
		"path": "http://media.febcchinese.org/streaming/bv/bv110512.mp3",
		"id": 6193000042,
		"albumId": 6193,
		"albumName": "灵命日粮 2011年夏季合集",
		"albumtitle": "灵命日粮 2011年夏季合集(42)",
		"title": "灵命日粮-20110512"
	},
	{
		"duration": 1760,
		"size": "14.1M",
		"path": "http://media.febcchinese.org/streaming/bv/bv110513.mp3",
		"id": 6193000043,
		"albumId": 6193,
		"albumName": "灵命日粮 2011年夏季合集",
		"albumtitle": "灵命日粮 2011年夏季合集(43)",
		"title": "灵命日粮-20110513"
	},
	{
		"duration": 1760,
		"size": "14.1M",
		"path": "http://media.febcchinese.org/streaming/bv/bv110514.mp3",
		"id": 6193000044,
		"albumId": 6193,
		"albumName": "灵命日粮 2011年夏季合集",
		"albumtitle": "灵命日粮 2011年夏季合集(44)",
		"title": "灵命日粮-20110514"
	},
	{
		"duration": 1760,
		"size": "14.1M",
		"path": "http://media.febcchinese.org/streaming/bv/bv110515.mp3",
		"id": 6193000045,
		"albumId": 6193,
		"albumName": "灵命日粮 2011年夏季合集",
		"albumtitle": "灵命日粮 2011年夏季合集(45)",
		"title": "灵命日粮-20110515"
	},
	{
		"duration": 1760,
		"size": "14.1M",
		"path": "http://media.febcchinese.org/streaming/bv/bv110516.mp3",
		"id": 6193000046,
		"albumId": 6193,
		"albumName": "灵命日粮 2011年夏季合集",
		"albumtitle": "灵命日粮 2011年夏季合集(46)",
		"title": "灵命日粮-20110516"
	},
	{
		"duration": 1760,
		"size": "14.1M",
		"path": "http://media.febcchinese.org/streaming/bv/bv110517.mp3",
		"id": 6193000047,
		"albumId": 6193,
		"albumName": "灵命日粮 2011年夏季合集",
		"albumtitle": "灵命日粮 2011年夏季合集(47)",
		"title": "灵命日粮-20110517"
	},
	{
		"duration": 1760,
		"size": "14.1M",
		"path": "http://media.febcchinese.org/streaming/bv/bv110518.mp3",
		"id": 6193000048,
		"albumId": 6193,
		"albumName": "灵命日粮 2011年夏季合集",
		"albumtitle": "灵命日粮 2011年夏季合集(48)",
		"title": "灵命日粮-20110518"
	},
	{
		"duration": 1760,
		"size": "14.1M",
		"path": "http://media.febcchinese.org/streaming/bv/bv110519.mp3",
		"id": 6193000049,
		"albumId": 6193,
		"albumName": "灵命日粮 2011年夏季合集",
		"albumtitle": "灵命日粮 2011年夏季合集(49)",
		"title": "灵命日粮-20110519"
	},
	{
		"duration": 1760,
		"size": "14.1M",
		"path": "http://media.febcchinese.org/streaming/bv/bv110520.mp3",
		"id": 6193000050,
		"albumId": 6193,
		"albumName": "灵命日粮 2011年夏季合集",
		"albumtitle": "灵命日粮 2011年夏季合集(50)",
		"title": "灵命日粮-20110520"
	},
	{
		"duration": 1760,
		"size": "14.1M",
		"path": "http://media.febcchinese.org/streaming/bv/bv110521.mp3",
		"id": 6193000051,
		"albumId": 6193,
		"albumName": "灵命日粮 2011年夏季合集",
		"albumtitle": "灵命日粮 2011年夏季合集(51)",
		"title": "灵命日粮-20110521"
	},
	{
		"duration": 1760,
		"size": "14.1M",
		"path": "http://media.febcchinese.org/streaming/bv/bv110522.mp3",
		"id": 6193000052,
		"albumId": 6193,
		"albumName": "灵命日粮 2011年夏季合集",
		"albumtitle": "灵命日粮 2011年夏季合集(52)",
		"title": "灵命日粮-20110522"
	},
	{
		"duration": 1760,
		"size": "14.1M",
		"path": "http://media.febcchinese.org/streaming/bv/bv110523.mp3",
		"id": 6193000053,
		"albumId": 6193,
		"albumName": "灵命日粮 2011年夏季合集",
		"albumtitle": "灵命日粮 2011年夏季合集(53)",
		"title": "灵命日粮-20110523"
	},
	{
		"duration": 1760,
		"size": "14.1M",
		"path": "http://media.febcchinese.org/streaming/bv/bv110524.mp3",
		"id": 6193000054,
		"albumId": 6193,
		"albumName": "灵命日粮 2011年夏季合集",
		"albumtitle": "灵命日粮 2011年夏季合集(54)",
		"title": "灵命日粮-20110524"
	},
	{
		"duration": 1760,
		"size": "14.1M",
		"path": "http://media.febcchinese.org/streaming/bv/bv110525.mp3",
		"id": 6193000055,
		"albumId": 6193,
		"albumName": "灵命日粮 2011年夏季合集",
		"albumtitle": "灵命日粮 2011年夏季合集(55)",
		"title": "灵命日粮-20110525"
	},
	{
		"duration": 1760,
		"size": "14.1M",
		"path": "http://media.febcchinese.org/streaming/bv/bv110526.mp3",
		"id": 6193000056,
		"albumId": 6193,
		"albumName": "灵命日粮 2011年夏季合集",
		"albumtitle": "灵命日粮 2011年夏季合集(56)",
		"title": "灵命日粮-20110526"
	},
	{
		"duration": 1760,
		"size": "14.1M",
		"path": "http://media.febcchinese.org/streaming/bv/bv110527.mp3",
		"id": 6193000057,
		"albumId": 6193,
		"albumName": "灵命日粮 2011年夏季合集",
		"albumtitle": "灵命日粮 2011年夏季合集(57)",
		"title": "灵命日粮-20110527"
	},
	{
		"duration": 1760,
		"size": "14.1M",
		"path": "http://media.febcchinese.org/streaming/bv/bv110528.mp3",
		"id": 6193000058,
		"albumId": 6193,
		"albumName": "灵命日粮 2011年夏季合集",
		"albumtitle": "灵命日粮 2011年夏季合集(58)",
		"title": "灵命日粮-20110528"
	},
	{
		"duration": 1760,
		"size": "14.1M",
		"path": "http://media.febcchinese.org/streaming/bv/bv110529.mp3",
		"id": 6193000059,
		"albumId": 6193,
		"albumName": "灵命日粮 2011年夏季合集",
		"albumtitle": "灵命日粮 2011年夏季合集(59)",
		"title": "灵命日粮-20110529"
	},
	{
		"duration": 1760,
		"size": "14.1M",
		"path": "http://media.febcchinese.org/streaming/bv/bv110530.mp3",
		"id": 6193000060,
		"albumId": 6193,
		"albumName": "灵命日粮 2011年夏季合集",
		"albumtitle": "灵命日粮 2011年夏季合集(60)",
		"title": "灵命日粮-20110530"
	},
	{
		"duration": 1760,
		"size": "14.1M",
		"path": "http://media.febcchinese.org/streaming/bv/bv110531.mp3",
		"id": 6193000061,
		"albumId": 6193,
		"albumName": "灵命日粮 2011年夏季合集",
		"albumtitle": "灵命日粮 2011年夏季合集(61)",
		"title": "灵命日粮-20110531"
	},
	{
		"duration": 1760,
		"size": "14.1M",
		"path": "http://media.febcchinese.org/streaming/bv/bv110601.mp3",
		"id": 6193000062,
		"albumId": 6193,
		"albumName": "灵命日粮 2011年夏季合集",
		"albumtitle": "灵命日粮 2011年夏季合集(62)",
		"title": "灵命日粮-20110601"
	},
	{
		"duration": 1760,
		"size": "14.1M",
		"path": "http://media.febcchinese.org/streaming/bv/bv110602.mp3",
		"id": 6193000063,
		"albumId": 6193,
		"albumName": "灵命日粮 2011年夏季合集",
		"albumtitle": "灵命日粮 2011年夏季合集(63)",
		"title": "灵命日粮-20110602"
	},
	{
		"duration": 1760,
		"size": "14.1M",
		"path": "http://media.febcchinese.org/streaming/bv/bv110603.mp3",
		"id": 6193000064,
		"albumId": 6193,
		"albumName": "灵命日粮 2011年夏季合集",
		"albumtitle": "灵命日粮 2011年夏季合集(64)",
		"title": "灵命日粮-20110603"
	},
	{
		"duration": 1760,
		"size": "14.1M",
		"path": "http://media.febcchinese.org/streaming/bv/bv110604.mp3",
		"id": 6193000065,
		"albumId": 6193,
		"albumName": "灵命日粮 2011年夏季合集",
		"albumtitle": "灵命日粮 2011年夏季合集(65)",
		"title": "灵命日粮-20110604"
	},
	{
		"duration": 1760,
		"size": "14.1M",
		"path": "http://media.febcchinese.org/streaming/bv/bv110605.mp3",
		"id": 6193000066,
		"albumId": 6193,
		"albumName": "灵命日粮 2011年夏季合集",
		"albumtitle": "灵命日粮 2011年夏季合集(66)",
		"title": "灵命日粮-20110605"
	},
	{
		"duration": 1760,
		"size": "14.1M",
		"path": "http://media.febcchinese.org/streaming/bv/bv110606.mp3",
		"id": 6193000067,
		"albumId": 6193,
		"albumName": "灵命日粮 2011年夏季合集",
		"albumtitle": "灵命日粮 2011年夏季合集(67)",
		"title": "灵命日粮-20110606"
	},
	{
		"duration": 1760,
		"size": "14.1M",
		"path": "http://media.febcchinese.org/streaming/bv/bv110607.mp3",
		"id": 6193000068,
		"albumId": 6193,
		"albumName": "灵命日粮 2011年夏季合集",
		"albumtitle": "灵命日粮 2011年夏季合集(68)",
		"title": "灵命日粮-20110607"
	},
	{
		"duration": 1760,
		"size": "14.1M",
		"path": "http://media.febcchinese.org/streaming/bv/bv110608.mp3",
		"id": 6193000069,
		"albumId": 6193,
		"albumName": "灵命日粮 2011年夏季合集",
		"albumtitle": "灵命日粮 2011年夏季合集(69)",
		"title": "灵命日粮-20110608"
	},
	{
		"duration": 1760,
		"size": "14.1M",
		"path": "http://media.febcchinese.org/streaming/bv/bv110609.mp3",
		"id": 6193000070,
		"albumId": 6193,
		"albumName": "灵命日粮 2011年夏季合集",
		"albumtitle": "灵命日粮 2011年夏季合集(70)",
		"title": "灵命日粮-20110609"
	},
	{
		"duration": 1760,
		"size": "14.1M",
		"path": "http://media.febcchinese.org/streaming/bv/bv110610.mp3",
		"id": 6193000071,
		"albumId": 6193,
		"albumName": "灵命日粮 2011年夏季合集",
		"albumtitle": "灵命日粮 2011年夏季合集(71)",
		"title": "灵命日粮-20110610"
	},
	{
		"duration": 1760,
		"size": "14.1M",
		"path": "http://media.febcchinese.org/streaming/bv/bv110611.mp3",
		"id": 6193000072,
		"albumId": 6193,
		"albumName": "灵命日粮 2011年夏季合集",
		"albumtitle": "灵命日粮 2011年夏季合集(72)",
		"title": "灵命日粮-20110611"
	},
	{
		"duration": 1760,
		"size": "14.1M",
		"path": "http://media.febcchinese.org/streaming/bv/bv110612.mp3",
		"id": 6193000073,
		"albumId": 6193,
		"albumName": "灵命日粮 2011年夏季合集",
		"albumtitle": "灵命日粮 2011年夏季合集(73)",
		"title": "灵命日粮-20110612"
	},
	{
		"duration": 1760,
		"size": "14.1M",
		"path": "http://media.febcchinese.org/streaming/bv/bv110613.mp3",
		"id": 6193000074,
		"albumId": 6193,
		"albumName": "灵命日粮 2011年夏季合集",
		"albumtitle": "灵命日粮 2011年夏季合集(74)",
		"title": "灵命日粮-20110613"
	},
	{
		"duration": 1760,
		"size": "14.1M",
		"path": "http://media.febcchinese.org/streaming/bv/bv110614.mp3",
		"id": 6193000075,
		"albumId": 6193,
		"albumName": "灵命日粮 2011年夏季合集",
		"albumtitle": "灵命日粮 2011年夏季合集(75)",
		"title": "灵命日粮-20110614"
	},
	{
		"duration": 1760,
		"size": "14.1M",
		"path": "http://media.febcchinese.org/streaming/bv/bv110615.mp3",
		"id": 6193000076,
		"albumId": 6193,
		"albumName": "灵命日粮 2011年夏季合集",
		"albumtitle": "灵命日粮 2011年夏季合集(76)",
		"title": "灵命日粮-20110615"
	},
	{
		"duration": 1760,
		"size": "14.1M",
		"path": "http://media.febcchinese.org/streaming/bv/bv110616.mp3",
		"id": 6193000077,
		"albumId": 6193,
		"albumName": "灵命日粮 2011年夏季合集",
		"albumtitle": "灵命日粮 2011年夏季合集(77)",
		"title": "灵命日粮-20110616"
	},
	{
		"duration": 1760,
		"size": "14.1M",
		"path": "http://media.febcchinese.org/streaming/bv/bv110617.mp3",
		"id": 6193000078,
		"albumId": 6193,
		"albumName": "灵命日粮 2011年夏季合集",
		"albumtitle": "灵命日粮 2011年夏季合集(78)",
		"title": "灵命日粮-20110617"
	},
	{
		"duration": 1760,
		"size": "14.1M",
		"path": "http://media.febcchinese.org/streaming/bv/bv110618.mp3",
		"id": 6193000079,
		"albumId": 6193,
		"albumName": "灵命日粮 2011年夏季合集",
		"albumtitle": "灵命日粮 2011年夏季合集(79)",
		"title": "灵命日粮-20110618"
	},
	{
		"duration": 1760,
		"size": "14.1M",
		"path": "http://media.febcchinese.org/streaming/bv/bv110619.mp3",
		"id": 6193000080,
		"albumId": 6193,
		"albumName": "灵命日粮 2011年夏季合集",
		"albumtitle": "灵命日粮 2011年夏季合集(80)",
		"title": "灵命日粮-20110619"
	},
	{
		"duration": 1760,
		"size": "14.1M",
		"path": "http://media.febcchinese.org/streaming/bv/bv110620.mp3",
		"id": 6193000081,
		"albumId": 6193,
		"albumName": "灵命日粮 2011年夏季合集",
		"albumtitle": "灵命日粮 2011年夏季合集(81)",
		"title": "灵命日粮-20110620"
	},
	{
		"duration": 1760,
		"size": "14.1M",
		"path": "http://media.febcchinese.org/streaming/bv/bv110621.mp3",
		"id": 6193000082,
		"albumId": 6193,
		"albumName": "灵命日粮 2011年夏季合集",
		"albumtitle": "灵命日粮 2011年夏季合集(82)",
		"title": "灵命日粮-20110621"
	},
	{
		"duration": 1760,
		"size": "14.1M",
		"path": "http://media.febcchinese.org/streaming/bv/bv110622.mp3",
		"id": 6193000083,
		"albumId": 6193,
		"albumName": "灵命日粮 2011年夏季合集",
		"albumtitle": "灵命日粮 2011年夏季合集(83)",
		"title": "灵命日粮-20110622"
	},
	{
		"duration": 1760,
		"size": "14.1M",
		"path": "http://media.febcchinese.org/streaming/bv/bv110623.mp3",
		"id": 6193000084,
		"albumId": 6193,
		"albumName": "灵命日粮 2011年夏季合集",
		"albumtitle": "灵命日粮 2011年夏季合集(84)",
		"title": "灵命日粮-20110623"
	},
	{
		"duration": 1760,
		"size": "14.1M",
		"path": "http://media.febcchinese.org/streaming/bv/bv110624.mp3",
		"id": 6193000085,
		"albumId": 6193,
		"albumName": "灵命日粮 2011年夏季合集",
		"albumtitle": "灵命日粮 2011年夏季合集(85)",
		"title": "灵命日粮-20110624"
	},
	{
		"duration": 1760,
		"size": "14.1M",
		"path": "http://media.febcchinese.org/streaming/bv/bv110625.mp3",
		"id": 6193000086,
		"albumId": 6193,
		"albumName": "灵命日粮 2011年夏季合集",
		"albumtitle": "灵命日粮 2011年夏季合集(86)",
		"title": "灵命日粮-20110625"
	},
	{
		"duration": 1760,
		"size": "14.1M",
		"path": "http://media.febcchinese.org/streaming/bv/bv110626.mp3",
		"id": 6193000087,
		"albumId": 6193,
		"albumName": "灵命日粮 2011年夏季合集",
		"albumtitle": "灵命日粮 2011年夏季合集(87)",
		"title": "灵命日粮-20110626"
	},
	{
		"duration": 1760,
		"size": "14.1M",
		"path": "http://media.febcchinese.org/streaming/bv/bv110627.mp3",
		"id": 6193000088,
		"albumId": 6193,
		"albumName": "灵命日粮 2011年夏季合集",
		"albumtitle": "灵命日粮 2011年夏季合集(88)",
		"title": "灵命日粮-20110627"
	},
	{
		"duration": 1760,
		"size": "14.1M",
		"path": "http://media.febcchinese.org/streaming/bv/bv110628.mp3",
		"id": 6193000089,
		"albumId": 6193,
		"albumName": "灵命日粮 2011年夏季合集",
		"albumtitle": "灵命日粮 2011年夏季合集(89)",
		"title": "灵命日粮-20110628"
	},
	{
		"duration": 1760,
		"size": "14.1M",
		"path": "http://media.febcchinese.org/streaming/bv/bv110629.mp3",
		"id": 6193000090,
		"albumId": 6193,
		"albumName": "灵命日粮 2011年夏季合集",
		"albumtitle": "灵命日粮 2011年夏季合集(90)",
		"title": "灵命日粮-20110629"
	},
	{
		"duration": 1760,
		"size": "14.1M",
		"path": "http://media.febcchinese.org/streaming/bv/bv110630.mp3",
		"id": 6193000091,
		"albumId": 6193,
		"albumName": "灵命日粮 2011年夏季合集",
		"albumtitle": "灵命日粮 2011年夏季合集(91)",
		"title": "灵命日粮-20110630"
	}
]