[
	{
		"duration": 1760,
		"size": "14.1M",
		"path": "http://media.febcchinese.org/streaming/bv/bv100701.mp3",
		"id": 6190000001,
		"albumId": 6190,
		"albumName": "灵命日粮 2010年秋季合集",
		"albumtitle": "灵命日粮 2010年秋季合集(1)",
		"title": "灵命日粮-20100701"
	},
	{
		"duration": 1760,
		"size": "14.1M",
		"path": "http://media.febcchinese.org/streaming/bv/bv100702.mp3",
		"id": 6190000002,
		"albumId": 6190,
		"albumName": "灵命日粮 2010年秋季合集",
		"albumtitle": "灵命日粮 2010年秋季合集(2)",
		"title": "灵命日粮-20100702"
	},
	{
		"duration": 1760,
		"size": "14.1M",
		"path": "http://media.febcchinese.org/streaming/bv/bv100703.mp3",
		"id": 6190000003,
		"albumId": 6190,
		"albumName": "灵命日粮 2010年秋季合集",
		"albumtitle": "灵命日粮 2010年秋季合集(3)",
		"title": "灵命日粮-20100703"
	},
	{
		"duration": 1760,
		"size": "14.1M",
		"path": "http://media.febcchinese.org/streaming/bv/bv100704.mp3",
		"id": 6190000004,
		"albumId": 6190,
		"albumName": "灵命日粮 2010年秋季合集",
		"albumtitle": "灵命日粮 2010年秋季合集(4)",
		"title": "灵命日粮-20100704"
	},
	{
		"duration": 1760,
		"size": "14.1M",
		"path": "http://media.febcchinese.org/streaming/bv/bv100705.mp3",
		"id": 6190000005,
		"albumId": 6190,
		"albumName": "灵命日粮 2010年秋季合集",
		"albumtitle": "灵命日粮 2010年秋季合集(5)",
		"title": "灵命日粮-20100705"
	},
	{
		"duration": 1760,
		"size": "14.1M",
		"path": "http://media.febcchinese.org/streaming/bv/bv100706.mp3",
		"id": 6190000006,
		"albumId": 6190,
		"albumName": "灵命日粮 2010年秋季合集",
		"albumtitle": "灵命日粮 2010年秋季合集(6)",
		"title": "灵命日粮-20100706"
	},
	{
		"duration": 1760,
		"size": "14.1M",
		"path": "http://media.febcchinese.org/streaming/bv/bv100707.mp3",
		"id": 6190000007,
		"albumId": 6190,
		"albumName": "灵命日粮 2010年秋季合集",
		"albumtitle": "灵命日粮 2010年秋季合集(7)",
		"title": "灵命日粮-20100707"
	},
	{
		"duration": 1760,
		"size": "14.1M",
		"path": "http://media.febcchinese.org/streaming/bv/bv100708.mp3",
		"id": 6190000008,
		"albumId": 6190,
		"albumName": "灵命日粮 2010年秋季合集",
		"albumtitle": "灵命日粮 2010年秋季合集(8)",
		"title": "灵命日粮-20100708"
	},
	{
		"duration": 1760,
		"size": "14.1M",
		"path": "http://media.febcchinese.org/streaming/bv/bv100709.mp3",
		"id": 6190000009,
		"albumId": 6190,
		"albumName": "灵命日粮 2010年秋季合集",
		"albumtitle": "灵命日粮 2010年秋季合集(9)",
		"title": "灵命日粮-20100709"
	},
	{
		"duration": 1760,
		"size": "14.1M",
		"path": "http://media.febcchinese.org/streaming/bv/bv100710.mp3",
		"id": 6190000010,
		"albumId": 6190,
		"albumName": "灵命日粮 2010年秋季合集",
		"albumtitle": "灵命日粮 2010年秋季合集(10)",
		"title": "灵命日粮-20100710"
	},
	{
		"duration": 1760,
		"size": "14.1M",
		"path": "http://media.febcchinese.org/streaming/bv/bv100711.mp3",
		"id": 6190000011,
		"albumId": 6190,
		"albumName": "灵命日粮 2010年秋季合集",
		"albumtitle": "灵命日粮 2010年秋季合集(11)",
		"title": "灵命日粮-20100711"
	},
	{
		"duration": 1760,
		"size": "14.1M",
		"path": "http://media.febcchinese.org/streaming/bv/bv100712.mp3",
		"id": 6190000012,
		"albumId": 6190,
		"albumName": "灵命日粮 2010年秋季合集",
		"albumtitle": "灵命日粮 2010年秋季合集(12)",
		"title": "灵命日粮-20100712"
	},
	{
		"duration": 1760,
		"size": "14.1M",
		"path": "http://media.febcchinese.org/streaming/bv/bv100713.mp3",
		"id": 6190000013,
		"albumId": 6190,
		"albumName": "灵命日粮 2010年秋季合集",
		"albumtitle": "灵命日粮 2010年秋季合集(13)",
		"title": "灵命日粮-20100713"
	},
	{
		"duration": 1760,
		"size": "14.1M",
		"path": "http://media.febcchinese.org/streaming/bv/bv100714.mp3",
		"id": 6190000014,
		"albumId": 6190,
		"albumName": "灵命日粮 2010年秋季合集",
		"albumtitle": "灵命日粮 2010年秋季合集(14)",
		"title": "灵命日粮-20100714"
	},
	{
		"duration": 1760,
		"size": "14.1M",
		"path": "http://media.febcchinese.org/streaming/bv/bv100715.mp3",
		"id": 6190000015,
		"albumId": 6190,
		"albumName": "灵命日粮 2010年秋季合集",
		"albumtitle": "灵命日粮 2010年秋季合集(15)",
		"title": "灵命日粮-20100715"
	},
	{
		"duration": 1760,
		"size": "14.1M",
		"path": "http://media.febcchinese.org/streaming/bv/bv100716.mp3",
		"id": 6190000016,
		"albumId": 6190,
		"albumName": "灵命日粮 2010年秋季合集",
		"albumtitle": "灵命日粮 2010年秋季合集(16)",
		"title": "灵命日粮-20100716"
	},
	{
		"duration": 1760,
		"size": "14.1M",
		"path": "http://media.febcchinese.org/streaming/bv/bv100717.mp3",
		"id": 6190000017,
		"albumId": 6190,
		"albumName": "灵命日粮 2010年秋季合集",
		"albumtitle": "灵命日粮 2010年秋季合集(17)",
		"title": "灵命日粮-20100717"
	},
	{
		"duration": 1760,
		"size": "14.1M",
		"path": "http://media.febcchinese.org/streaming/bv/bv100718.mp3",
		"id": 6190000018,
		"albumId": 6190,
		"albumName": "灵命日粮 2010年秋季合集",
		"albumtitle": "灵命日粮 2010年秋季合集(18)",
		"title": "灵命日粮-20100718"
	},
	{
		"duration": 1760,
		"size": "14.1M",
		"path": "http://media.febcchinese.org/streaming/bv/bv100719.mp3",
		"id": 6190000019,
		"albumId": 6190,
		"albumName": "灵命日粮 2010年秋季合集",
		"albumtitle": "灵命日粮 2010年秋季合集(19)",
		"title": "灵命日粮-20100719"
	},
	{
		"duration": 1760,
		"size": "14.1M",
		"path": "http://media.febcchinese.org/streaming/bv/bv100720.mp3",
		"id": 6190000020,
		"albumId": 6190,
		"albumName": "灵命日粮 2010年秋季合集",
		"albumtitle": "灵命日粮 2010年秋季合集(20)",
		"title": "灵命日粮-20100720"
	},
	{
		"duration": 1760,
		"size": "14.1M",
		"path": "http://media.febcchinese.org/streaming/bv/bv100721.mp3",
		"id": 6190000021,
		"albumId": 6190,
		"albumName": "灵命日粮 2010年秋季合集",
		"albumtitle": "灵命日粮 2010年秋季合集(21)",
		"title": "灵命日粮-20100721"
	},
	{
		"duration": 1760,
		"size": "14.1M",
		"path": "http://media.febcchinese.org/streaming/bv/bv100722.mp3",
		"id": 6190000022,
		"albumId": 6190,
		"albumName": "灵命日粮 2010年秋季合集",
		"albumtitle": "灵命日粮 2010年秋季合集(22)",
		"title": "灵命日粮-20100722"
	},
	{
		"duration": 1760,
		"size": "14.1M",
		"path": "http://media.febcchinese.org/streaming/bv/bv100723.mp3",
		"id": 6190000023,
		"albumId": 6190,
		"albumName": "灵命日粮 2010年秋季合集",
		"albumtitle": "灵命日粮 2010年秋季合集(23)",
		"title": "灵命日粮-20100723"
	},
	{
		"duration": 1760,
		"size": "14.1M",
		"path": "http://media.febcchinese.org/streaming/bv/bv100724.mp3",
		"id": 6190000024,
		"albumId": 6190,
		"albumName": "灵命日粮 2010年秋季合集",
		"albumtitle": "灵命日粮 2010年秋季合集(24)",
		"title": "灵命日粮-20100724"
	},
	{
		"duration": 1760,
		"size": "14.1M",
		"path": "http://media.febcchinese.org/streaming/bv/bv100725.mp3",
		"id": 6190000025,
		"albumId": 6190,
		"albumName": "灵命日粮 2010年秋季合集",
		"albumtitle": "灵命日粮 2010年秋季合集(25)",
		"title": "灵命日粮-20100725"
	},
	{
		"duration": 1760,
		"size": "14.1M",
		"path": "http://media.febcchinese.org/streaming/bv/bv100726.mp3",
		"id": 6190000026,
		"albumId": 6190,
		"albumName": "灵命日粮 2010年秋季合集",
		"albumtitle": "灵命日粮 2010年秋季合集(26)",
		"title": "灵命日粮-20100726"
	},
	{
		"duration": 1760,
		"size": "14.1M",
		"path": "http://media.febcchinese.org/streaming/bv/bv100727.mp3",
		"id": 6190000027,
		"albumId": 6190,
		"albumName": "灵命日粮 2010年秋季合集",
		"albumtitle": "灵命日粮 2010年秋季合集(27)",
		"title": "灵命日粮-20100727"
	},
	{
		"duration": 1760,
		"size": "14.1M",
		"path": "http://media.febcchinese.org/streaming/bv/bv100728.mp3",
		"id": 6190000028,
		"albumId": 6190,
		"albumName": "灵命日粮 2010年秋季合集",
		"albumtitle": "灵命日粮 2010年秋季合集(28)",
		"title": "灵命日粮-20100728"
	},
	{
		"duration": 1760,
		"size": "14.1M",
		"path": "http://media.febcchinese.org/streaming/bv/bv100729.mp3",
		"id": 6190000029,
		"albumId": 6190,
		"albumName": "灵命日粮 2010年秋季合集",
		"albumtitle": "灵命日粮 2010年秋季合集(29)",
		"title": "灵命日粮-20100729"
	},
	{
		"duration": 1760,
		"size": "14.1M",
		"path": "http://media.febcchinese.org/streaming/bv/bv100730.mp3",
		"id": 6190000030,
		"albumId": 6190,
		"albumName": "灵命日粮 2010年秋季合集",
		"albumtitle": "灵命日粮 2010年秋季合集(30)",
		"title": "灵命日粮-20100730"
	},
	{
		"duration": 1760,
		"size": "14.1M",
		"path": "http://media.febcchinese.org/streaming/bv/bv100731.mp3",
		"id": 6190000031,
		"albumId": 6190,
		"albumName": "灵命日粮 2010年秋季合集",
		"albumtitle": "灵命日粮 2010年秋季合集(31)",
		"title": "灵命日粮-20100731"
	},
	{
		"duration": 1760,
		"size": "14.1M",
		"path": "http://media.febcchinese.org/streaming/bv/bv100801.mp3",
		"id": 6190000032,
		"albumId": 6190,
		"albumName": "灵命日粮 2010年秋季合集",
		"albumtitle": "灵命日粮 2010年秋季合集(32)",
		"title": "灵命日粮-20100801"
	},
	{
		"duration": 1760,
		"size": "14.1M",
		"path": "http://media.febcchinese.org/streaming/bv/bv100802.mp3",
		"id": 6190000033,
		"albumId": 6190,
		"albumName": "灵命日粮 2010年秋季合集",
		"albumtitle": "灵命日粮 2010年秋季合集(33)",
		"title": "灵命日粮-20100802"
	},
	{
		"duration": 1760,
		"size": "14.1M",
		"path": "http://media.febcchinese.org/streaming/bv/bv100803.mp3",
		"id": 6190000034,
		"albumId": 6190,
		"albumName": "灵命日粮 2010年秋季合集",
		"albumtitle": "灵命日粮 2010年秋季合集(34)",
		"title": "灵命日粮-20100803"
	},
	{
		"duration": 1760,
		"size": "14.1M",
		"path": "http://media.febcchinese.org/streaming/bv/bv100804.mp3",
		"id": 6190000035,
		"albumId": 6190,
		"albumName": "灵命日粮 2010年秋季合集",
		"albumtitle": "灵命日粮 2010年秋季合集(35)",
		"title": "灵命日粮-20100804"
	},
	{
		"duration": 1760,
		"size": "14.1M",
		"path": "http://media.febcchinese.org/streaming/bv/bv100805.mp3",
		"id": 6190000036,
		"albumId": 6190,
		"albumName": "灵命日粮 2010年秋季合集",
		"albumtitle": "灵命日粮 2010年秋季合集(36)",
		"title": "灵命日粮-20100805"
	},
	{
		"duration": 1760,
		"size": "14.1M",
		"path": "http://media.febcchinese.org/streaming/bv/bv100806.mp3",
		"id": 6190000037,
		"albumId": 6190,
		"albumName": "灵命日粮 2010年秋季合集",
		"albumtitle": "灵命日粮 2010年秋季合集(37)",
		"title": "灵命日粮-20100806"
	},
	{
		"duration": 1760,
		"size": "14.1M",
		"path": "http://media.febcchinese.org/streaming/bv/bv100807.mp3",
		"id": 6190000038,
		"albumId": 6190,
		"albumName": "灵命日粮 2010年秋季合集",
		"albumtitle": "灵命日粮 2010年秋季合集(38)",
		"title": "灵命日粮-20100807"
	},
	{
		"duration": 1760,
		"size": "14.1M",
		"path": "http://media.febcchinese.org/streaming/bv/bv100808.mp3",
		"id": 6190000039,
		"albumId": 6190,
		"albumName": "灵命日粮 2010年秋季合集",
		"albumtitle": "灵命日粮 2010年秋季合集(39)",
		"title": "灵命日粮-20100808"
	},
	{
		"duration": 1760,
		"size": "14.1M",
		"path": "http://media.febcchinese.org/streaming/bv/bv100809.mp3",
		"id": 6190000040,
		"albumId": 6190,
		"albumName": "灵命日粮 2010年秋季合集",
		"albumtitle": "灵命日粮 2010年秋季合集(40)",
		"title": "灵命日粮-20100809"
	},
	{
		"duration": 1760,
		"size": "14.1M",
		"path": "http://media.febcchinese.org/streaming/bv/bv100810.mp3",
		"id": 6190000041,
		"albumId": 6190,
		"albumName": "灵命日粮 2010年秋季合集",
		"albumtitle": "灵命日粮 2010年秋季合集(41)",
		"title": "灵命日粮-20100810"
	},
	{
		"duration": 1760,
		"size": "14.1M",
		"path": "http://media.febcchinese.org/streaming/bv/bv100811.mp3",
		"id": 6190000042,
		"albumId": 6190,
		"albumName": "灵命日粮 2010年秋季合集",
		"albumtitle": "灵命日粮 2010年秋季合集(42)",
		"title": "灵命日粮-20100811"
	},
	{
		"duration": 1760,
		"size": "14.1M",
		"path": "http://media.febcchinese.org/streaming/bv/bv100812.mp3",
		"id": 6190000043,
		"albumId": 6190,
		"albumName": "灵命日粮 2010年秋季合集",
		"albumtitle": "灵命日粮 2010年秋季合集(43)",
		"title": "灵命日粮-20100812"
	},
	{
		"duration": 1760,
		"size": "14.1M",
		"path": "http://media.febcchinese.org/streaming/bv/bv100813.mp3",
		"id": 6190000044,
		"albumId": 6190,
		"albumName": "灵命日粮 2010年秋季合集",
		"albumtitle": "灵命日粮 2010年秋季合集(44)",
		"title": "灵命日粮-20100813"
	},
	{
		"duration": 1760,
		"size": "14.1M",
		"path": "http://media.febcchinese.org/streaming/bv/bv100814.mp3",
		"id": 6190000045,
		"albumId": 6190,
		"albumName": "灵命日粮 2010年秋季合集",
		"albumtitle": "灵命日粮 2010年秋季合集(45)",
		"title": "灵命日粮-20100814"
	},
	{
		"duration": 1760,
		"size": "14.1M",
		"path": "http://media.febcchinese.org/streaming/bv/bv100815.mp3",
		"id": 6190000046,
		"albumId": 6190,
		"albumName": "灵命日粮 2010年秋季合集",
		"albumtitle": "灵命日粮 2010年秋季合集(46)",
		"title": "灵命日粮-20100815"
	},
	{
		"duration": 1760,
		"size": "14.1M",
		"path": "http://media.febcchinese.org/streaming/bv/bv100816.mp3",
		"id": 6190000047,
		"albumId": 6190,
		"albumName": "灵命日粮 2010年秋季合集",
		"albumtitle": "灵命日粮 2010年秋季合集(47)",
		"title": "灵命日粮-20100816"
	},
	{
		"duration": 1760,
		"size": "14.1M",
		"path": "http://media.febcchinese.org/streaming/bv/bv100817.mp3",
		"id": 6190000048,
		"albumId": 6190,
		"albumName": "灵命日粮 2010年秋季合集",
		"albumtitle": "灵命日粮 2010年秋季合集(48)",
		"title": "灵命日粮-20100817"
	},
	{
		"duration": 1760,
		"size": "14.1M",
		"path": "http://media.febcchinese.org/streaming/bv/bv100818.mp3",
		"id": 6190000049,
		"albumId": 6190,
		"albumName": "灵命日粮 2010年秋季合集",
		"albumtitle": "灵命日粮 2010年秋季合集(49)",
		"title": "灵命日粮-20100818"
	},
	{
		"duration": 1760,
		"size": "14.1M",
		"path": "http://media.febcchinese.org/streaming/bv/bv100819.mp3",
		"id": 6190000050,
		"albumId": 6190,
		"albumName": "灵命日粮 2010年秋季合集",
		"albumtitle": "灵命日粮 2010年秋季合集(50)",
		"title": "灵命日粮-20100819"
	},
	{
		"duration": 1760,
		"size": "14.1M",
		"path": "http://media.febcchinese.org/streaming/bv/bv100820.mp3",
		"id": 6190000051,
		"albumId": 6190,
		"albumName": "灵命日粮 2010年秋季合集",
		"albumtitle": "灵命日粮 2010年秋季合集(51)",
		"title": "灵命日粮-20100820"
	},
	{
		"duration": 1760,
		"size": "14.1M",
		"path": "http://media.febcchinese.org/streaming/bv/bv100821.mp3",
		"id": 6190000052,
		"albumId": 6190,
		"albumName": "灵命日粮 2010年秋季合集",
		"albumtitle": "灵命日粮 2010年秋季合集(52)",
		"title": "灵命日粮-20100821"
	},
	{
		"duration": 1760,
		"size": "14.1M",
		"path": "http://media.febcchinese.org/streaming/bv/bv100822.mp3",
		"id": 6190000053,
		"albumId": 6190,
		"albumName": "灵命日粮 2010年秋季合集",
		"albumtitle": "灵命日粮 2010年秋季合集(53)",
		"title": "灵命日粮-20100822"
	},
	{
		"duration": 1760,
		"size": "14.1M",
		"path": "http://media.febcchinese.org/streaming/bv/bv100823.mp3",
		"id": 6190000054,
		"albumId": 6190,
		"albumName": "灵命日粮 2010年秋季合集",
		"albumtitle": "灵命日粮 2010年秋季合集(54)",
		"title": "灵命日粮-20100823"
	},
	{
		"duration": 1760,
		"size": "14.1M",
		"path": "http://media.febcchinese.org/streaming/bv/bv100824.mp3",
		"id": 6190000055,
		"albumId": 6190,
		"albumName": "灵命日粮 2010年秋季合集",
		"albumtitle": "灵命日粮 2010年秋季合集(55)",
		"title": "灵命日粮-20100824"
	},
	{
		"duration": 1760,
		"size": "14.1M",
		"path": "http://media.febcchinese.org/streaming/bv/bv100825.mp3",
		"id": 6190000056,
		"albumId": 6190,
		"albumName": "灵命日粮 2010年秋季合集",
		"albumtitle": "灵命日粮 2010年秋季合集(56)",
		"title": "灵命日粮-20100825"
	},
	{
		"duration": 1760,
		"size": "14.1M",
		"path": "http://media.febcchinese.org/streaming/bv/bv100826.mp3",
		"id": 6190000057,
		"albumId": 6190,
		"albumName": "灵命日粮 2010年秋季合集",
		"albumtitle": "灵命日粮 2010年秋季合集(57)",
		"title": "灵命日粮-20100826"
	},
	{
		"duration": 1760,
		"size": "14.1M",
		"path": "http://media.febcchinese.org/streaming/bv/bv100827.mp3",
		"id": 6190000058,
		"albumId": 6190,
		"albumName": "灵命日粮 2010年秋季合集",
		"albumtitle": "灵命日粮 2010年秋季合集(58)",
		"title": "灵命日粮-20100827"
	},
	{
		"duration": 1760,
		"size": "14.1M",
		"path": "http://media.febcchinese.org/streaming/bv/bv100828.mp3",
		"id": 6190000059,
		"albumId": 6190,
		"albumName": "灵命日粮 2010年秋季合集",
		"albumtitle": "灵命日粮 2010年秋季合集(59)",
		"title": "灵命日粮-20100828"
	},
	{
		"duration": 1760,
		"size": "14.1M",
		"path": "http://media.febcchinese.org/streaming/bv/bv100829.mp3",
		"id": 6190000060,
		"albumId": 6190,
		"albumName": "灵命日粮 2010年秋季合集",
		"albumtitle": "灵命日粮 2010年秋季合集(60)",
		"title": "灵命日粮-20100829"
	},
	{
		"duration": 1760,
		"size": "14.1M",
		"path": "http://media.febcchinese.org/streaming/bv/bv100830.mp3",
		"id": 6190000061,
		"albumId": 6190,
		"albumName": "灵命日粮 2010年秋季合集",
		"albumtitle": "灵命日粮 2010年秋季合集(61)",
		"title": "灵命日粮-20100830"
	},
	{
		"duration": 1760,
		"size": "14.1M",
		"path": "http://media.febcchinese.org/streaming/bv/bv100831.mp3",
		"id": 6190000062,
		"albumId": 6190,
		"albumName": "灵命日粮 2010年秋季合集",
		"albumtitle": "灵命日粮 2010年秋季合集(62)",
		"title": "灵命日粮-20100831"
	},
	{
		"duration": 1760,
		"size": "14.1M",
		"path": "http://media.febcchinese.org/streaming/bv/bv100901.mp3",
		"id": 6190000063,
		"albumId": 6190,
		"albumName": "灵命日粮 2010年秋季合集",
		"albumtitle": "灵命日粮 2010年秋季合集(63)",
		"title": "灵命日粮-20100901"
	},
	{
		"duration": 1760,
		"size": "14.1M",
		"path": "http://media.febcchinese.org/streaming/bv/bv100902.mp3",
		"id": 6190000064,
		"albumId": 6190,
		"albumName": "灵命日粮 2010年秋季合集",
		"albumtitle": "灵命日粮 2010年秋季合集(64)",
		"title": "灵命日粮-20100902"
	},
	{
		"duration": 1760,
		"size": "14.1M",
		"path": "http://media.febcchinese.org/streaming/bv/bv100903.mp3",
		"id": 6190000065,
		"albumId": 6190,
		"albumName": "灵命日粮 2010年秋季合集",
		"albumtitle": "灵命日粮 2010年秋季合集(65)",
		"title": "灵命日粮-20100903"
	},
	{
		"duration": 1760,
		"size": "14.1M",
		"path": "http://media.febcchinese.org/streaming/bv/bv100904.mp3",
		"id": 6190000066,
		"albumId": 6190,
		"albumName": "灵命日粮 2010年秋季合集",
		"albumtitle": "灵命日粮 2010年秋季合集(66)",
		"title": "灵命日粮-20100904"
	},
	{
		"duration": 1760,
		"size": "14.1M",
		"path": "http://media.febcchinese.org/streaming/bv/bv100905.mp3",
		"id": 6190000067,
		"albumId": 6190,
		"albumName": "灵命日粮 2010年秋季合集",
		"albumtitle": "灵命日粮 2010年秋季合集(67)",
		"title": "灵命日粮-20100905"
	},
	{
		"duration": 1760,
		"size": "14.1M",
		"path": "http://media.febcchinese.org/streaming/bv/bv100906.mp3",
		"id": 6190000068,
		"albumId": 6190,
		"albumName": "灵命日粮 2010年秋季合集",
		"albumtitle": "灵命日粮 2010年秋季合集(68)",
		"title": "灵命日粮-20100906"
	},
	{
		"duration": 1760,
		"size": "14.1M",
		"path": "http://media.febcchinese.org/streaming/bv/bv100907.mp3",
		"id": 6190000069,
		"albumId": 6190,
		"albumName": "灵命日粮 2010年秋季合集",
		"albumtitle": "灵命日粮 2010年秋季合集(69)",
		"title": "灵命日粮-20100907"
	},
	{
		"duration": 1760,
		"size": "14.1M",
		"path": "http://media.febcchinese.org/streaming/bv/bv100908.mp3",
		"id": 6190000070,
		"albumId": 6190,
		"albumName": "灵命日粮 2010年秋季合集",
		"albumtitle": "灵命日粮 2010年秋季合集(70)",
		"title": "灵命日粮-20100908"
	},
	{
		"duration": 1760,
		"size": "14.1M",
		"path": "http://media.febcchinese.org/streaming/bv/bv100909.mp3",
		"id": 6190000071,
		"albumId": 6190,
		"albumName": "灵命日粮 2010年秋季合集",
		"albumtitle": "灵命日粮 2010年秋季合集(71)",
		"title": "灵命日粮-20100909"
	},
	{
		"duration": 1760,
		"size": "14.1M",
		"path": "http://media.febcchinese.org/streaming/bv/bv100910.mp3",
		"id": 6190000072,
		"albumId": 6190,
		"albumName": "灵命日粮 2010年秋季合集",
		"albumtitle": "灵命日粮 2010年秋季合集(72)",
		"title": "灵命日粮-20100910"
	},
	{
		"duration": 1760,
		"size": "14.1M",
		"path": "http://media.febcchinese.org/streaming/bv/bv100911.mp3",
		"id": 6190000073,
		"albumId": 6190,
		"albumName": "灵命日粮 2010年秋季合集",
		"albumtitle": "灵命日粮 2010年秋季合集(73)",
		"title": "灵命日粮-20100911"
	},
	{
		"duration": 1760,
		"size": "14.1M",
		"path": "http://media.febcchinese.org/streaming/bv/bv100912.mp3",
		"id": 6190000074,
		"albumId": 6190,
		"albumName": "灵命日粮 2010年秋季合集",
		"albumtitle": "灵命日粮 2010年秋季合集(74)",
		"title": "灵命日粮-20100912"
	},
	{
		"duration": 1760,
		"size": "14.1M",
		"path": "http://media.febcchinese.org/streaming/bv/bv100913.mp3",
		"id": 6190000075,
		"albumId": 6190,
		"albumName": "灵命日粮 2010年秋季合集",
		"albumtitle": "灵命日粮 2010年秋季合集(75)",
		"title": "灵命日粮-20100913"
	},
	{
		"duration": 1760,
		"size": "14.1M",
		"path": "http://media.febcchinese.org/streaming/bv/bv100914.mp3",
		"id": 6190000076,
		"albumId": 6190,
		"albumName": "灵命日粮 2010年秋季合集",
		"albumtitle": "灵命日粮 2010年秋季合集(76)",
		"title": "灵命日粮-20100914"
	},
	{
		"duration": 1760,
		"size": "14.1M",
		"path": "http://media.febcchinese.org/streaming/bv/bv100915.mp3",
		"id": 6190000077,
		"albumId": 6190,
		"albumName": "灵命日粮 2010年秋季合集",
		"albumtitle": "灵命日粮 2010年秋季合集(77)",
		"title": "灵命日粮-20100915"
	},
	{
		"duration": 1760,
		"size": "14.1M",
		"path": "http://media.febcchinese.org/streaming/bv/bv100916.mp3",
		"id": 6190000078,
		"albumId": 6190,
		"albumName": "灵命日粮 2010年秋季合集",
		"albumtitle": "灵命日粮 2010年秋季合集(78)",
		"title": "灵命日粮-20100916"
	},
	{
		"duration": 1760,
		"size": "14.1M",
		"path": "http://media.febcchinese.org/streaming/bv/bv100917.mp3",
		"id": 6190000079,
		"albumId": 6190,
		"albumName": "灵命日粮 2010年秋季合集",
		"albumtitle": "灵命日粮 2010年秋季合集(79)",
		"title": "灵命日粮-20100917"
	},
	{
		"duration": 1760,
		"size": "14.1M",
		"path": "http://media.febcchinese.org/streaming/bv/bv100918.mp3",
		"id": 6190000080,
		"albumId": 6190,
		"albumName": "灵命日粮 2010年秋季合集",
		"albumtitle": "灵命日粮 2010年秋季合集(80)",
		"title": "灵命日粮-20100918"
	},
	{
		"duration": 1760,
		"size": "14.1M",
		"path": "http://media.febcchinese.org/streaming/bv/bv100919.mp3",
		"id": 6190000081,
		"albumId": 6190,
		"albumName": "灵命日粮 2010年秋季合集",
		"albumtitle": "灵命日粮 2010年秋季合集(81)",
		"title": "灵命日粮-20100919"
	},
	{
		"duration": 1760,
		"size": "14.1M",
		"path": "http://media.febcchinese.org/streaming/bv/bv100920.mp3",
		"id": 6190000082,
		"albumId": 6190,
		"albumName": "灵命日粮 2010年秋季合集",
		"albumtitle": "灵命日粮 2010年秋季合集(82)",
		"title": "灵命日粮-20100920"
	},
	{
		"duration": 1760,
		"size": "14.1M",
		"path": "http://media.febcchinese.org/streaming/bv/bv100921.mp3",
		"id": 6190000083,
		"albumId": 6190,
		"albumName": "灵命日粮 2010年秋季合集",
		"albumtitle": "灵命日粮 2010年秋季合集(83)",
		"title": "灵命日粮-20100921"
	},
	{
		"duration": 1760,
		"size": "14.1M",
		"path": "http://media.febcchinese.org/streaming/bv/bv100922.mp3",
		"id": 6190000084,
		"albumId": 6190,
		"albumName": "灵命日粮 2010年秋季合集",
		"albumtitle": "灵命日粮 2010年秋季合集(84)",
		"title": "灵命日粮-20100922"
	},
	{
		"duration": 1760,
		"size": "14.1M",
		"path": "http://media.febcchinese.org/streaming/bv/bv100923.mp3",
		"id": 6190000085,
		"albumId": 6190,
		"albumName": "灵命日粮 2010年秋季合集",
		"albumtitle": "灵命日粮 2010年秋季合集(85)",
		"title": "灵命日粮-20100923"
	},
	{
		"duration": 1760,
		"size": "14.1M",
		"path": "http://media.febcchinese.org/streaming/bv/bv100924.mp3",
		"id": 6190000086,
		"albumId": 6190,
		"albumName": "灵命日粮 2010年秋季合集",
		"albumtitle": "灵命日粮 2010年秋季合集(86)",
		"title": "灵命日粮-20100924"
	},
	{
		"duration": 1760,
		"size": "14.1M",
		"path": "http://media.febcchinese.org/streaming/bv/bv100925.mp3",
		"id": 6190000087,
		"albumId": 6190,
		"albumName": "灵命日粮 2010年秋季合集",
		"albumtitle": "灵命日粮 2010年秋季合集(87)",
		"title": "灵命日粮-20100925"
	},
	{
		"duration": 1760,
		"size": "14.1M",
		"path": "http://media.febcchinese.org/streaming/bv/bv100926.mp3",
		"id": 6190000088,
		"albumId": 6190,
		"albumName": "灵命日粮 2010年秋季合集",
		"albumtitle": "灵命日粮 2010年秋季合集(88)",
		"title": "灵命日粮-20100926"
	},
	{
		"duration": 1760,
		"size": "14.1M",
		"path": "http://media.febcchinese.org/streaming/bv/bv100927.mp3",
		"id": 6190000089,
		"albumId": 6190,
		"albumName": "灵命日粮 2010年秋季合集",
		"albumtitle": "灵命日粮 2010年秋季合集(89)",
		"title": "灵命日粮-20100927"
	},
	{
		"duration": 1760,
		"size": "14.1M",
		"path": "http://media.febcchinese.org/streaming/bv/bv100928.mp3",
		"id": 6190000090,
		"albumId": 6190,
		"albumName": "灵命日粮 2010年秋季合集",
		"albumtitle": "灵命日粮 2010年秋季合集(90)",
		"title": "灵命日粮-20100928"
	},
	{
		"duration": 1760,
		"size": "14.1M",
		"path": "http://media.febcchinese.org/streaming/bv/bv100929.mp3",
		"id": 6190000091,
		"albumId": 6190,
		"albumName": "灵命日粮 2010年秋季合集",
		"albumtitle": "灵命日粮 2010年秋季合集(91)",
		"title": "灵命日粮-20100929"
	},
	{
		"duration": 1760,
		"size": "14.1M",
		"path": "http://media.febcchinese.org/streaming/bv/bv100930.mp3",
		"id": 6190000092,
		"albumId": 6190,
		"albumName": "灵命日粮 2010年秋季合集",
		"albumtitle": "灵命日粮 2010年秋季合集(92)",
		"title": "灵命日粮-20100930"
	}
]