[
	{
		"title": "感恩月 20140101",
		"path": "http://media.febcchinese.org/streaming/bv/bv140101.mp3",
		"duration": 1760,
		"size": "14.1M",
		"albumName": "灵命日粮 2014年春季合集",
		"id": 6204000001,
		"albumId": 6204,
		"albumtitle": "灵命日粮 2014年春季合集(1)",
		"textContent": ""
	},
	{
		"title": "没胃口 20140102",
		"path": "http://media.febcchinese.org/streaming/bv/bv140102.mp3",
		"duration": 1760,
		"size": "14.1M",
		"albumName": "灵命日粮 2014年春季合集",
		"id": 6204000002,
		"albumId": 6204,
		"albumtitle": "灵命日粮 2014年春季合集(2)",
		"textContent": ""
	},
	{
		"title": "圣灵的帮助 20140103",
		"path": "http://media.febcchinese.org/streaming/bv/bv140103.mp3",
		"duration": 1760,
		"size": "14.1M",
		"albumName": "灵命日粮 2014年春季合集",
		"id": 6204000003,
		"albumId": 6204,
		"albumtitle": "灵命日粮 2014年春季合集(3)",
		"textContent": ""
	},
	{
		"title": "形势大好 20140104",
		"path": "http://media.febcchinese.org/streaming/bv/bv140104.mp3",
		"duration": 1760,
		"size": "14.1M",
		"albumName": "灵命日粮 2014年春季合集",
		"id": 6204000004,
		"albumId": 6204,
		"albumtitle": "灵命日粮 2014年春季合集(4)",
		"textContent": ""
	},
	{
		"title": "被拣选 20140105",
		"path": "http://media.febcchinese.org/streaming/bv/bv140105.mp3",
		"duration": 1760,
		"size": "14.1M",
		"albumName": "灵命日粮 2014年春季合集",
		"id": 6204000005,
		"albumId": 6204,
		"albumtitle": "灵命日粮 2014年春季合集(5)",
		"textContent": ""
	},
	{
		"title": "空无一人 20140106",
		"path": "http://media.febcchinese.org/streaming/bv/bv140106.mp3",
		"duration": 1760,
		"size": "14.1M",
		"albumName": "灵命日粮 2014年春季合集",
		"id": 6204000006,
		"albumId": 6204,
		"albumtitle": "灵命日粮 2014年春季合集(6)",
		"textContent": ""
	},
	{
		"title": "良言慰语 20140107",
		"path": "http://media.febcchinese.org/streaming/bv/bv140107.mp3",
		"duration": 1760,
		"size": "14.1M",
		"albumName": "灵命日粮 2014年春季合集",
		"id": 6204000007,
		"albumId": 6204,
		"albumtitle": "灵命日粮 2014年春季合集(7)",
		"textContent": ""
	},
	{
		"title": "隐匿生活 20140108",
		"path": "http://media.febcchinese.org/streaming/bv/bv140108.mp3",
		"duration": 1760,
		"size": "14.1M",
		"albumName": "灵命日粮 2014年春季合集",
		"id": 6204000008,
		"albumId": 6204,
		"albumtitle": "灵命日粮 2014年春季合集(8)",
		"textContent": ""
	},
	{
		"title": "地上如此，天上亦然 20140109",
		"path": "http://media.febcchinese.org/streaming/bv/bv140109.mp3",
		"duration": 1760,
		"size": "14.1M",
		"albumName": "灵命日粮 2014年春季合集",
		"id": 6204000009,
		"albumId": 6204,
		"albumtitle": "灵命日粮 2014年春季合集(9)",
		"textContent": ""
	},
	{
		"title": "坚忍到底 20140110",
		"path": "http://media.febcchinese.org/streaming/bv/bv140110.mp3",
		"duration": 1760,
		"size": "14.1M",
		"albumName": "灵命日粮 2014年春季合集",
		"id": 6204000010,
		"albumId": 6204,
		"albumtitle": "灵命日粮 2014年春季合集(10)",
		"textContent": ""
	},
	{
		"title": "启程 20140111",
		"path": "http://media.febcchinese.org/streaming/bv/bv140111.mp3",
		"duration": 1760,
		"size": "14.1M",
		"albumName": "灵命日粮 2014年春季合集",
		"id": 6204000011,
		"albumId": 6204,
		"albumtitle": "灵命日粮 2014年春季合集(11)",
		"textContent": ""
	},
	{
		"title": "邻居无藩篱 20140112",
		"path": "http://media.febcchinese.org/streaming/bv/bv140112.mp3",
		"duration": 1760,
		"size": "14.1M",
		"albumName": "灵命日粮 2014年春季合集",
		"id": 6204000012,
		"albumId": 6204,
		"albumtitle": "灵命日粮 2014年春季合集(12)",
		"textContent": ""
	},
	{
		"title": "不仅生存 20140113",
		"path": "http://media.febcchinese.org/streaming/bv/bv140113.mp3",
		"duration": 1760,
		"size": "14.1M",
		"albumName": "灵命日粮 2014年春季合集",
		"id": 6204000013,
		"albumId": 6204,
		"albumtitle": "灵命日粮 2014年春季合集(13)",
		"textContent": ""
	},
	{
		"title": "安然歇息 20140114",
		"path": "http://media.febcchinese.org/streaming/bv/bv140114.mp3",
		"duration": 1760,
		"size": "14.1M",
		"albumName": "灵命日粮 2014年春季合集",
		"id": 6204000014,
		"albumId": 6204,
		"albumtitle": "灵命日粮 2014年春季合集(14)",
		"textContent": ""
	},
	{
		"title": "橱中食物 20140115",
		"path": "http://media.febcchinese.org/streaming/bv/bv140115.mp3",
		"duration": 1760,
		"size": "14.1M",
		"albumName": "灵命日粮 2014年春季合集",
		"id": 6204000015,
		"albumId": 6204,
		"albumtitle": "灵命日粮 2014年春季合集(15)",
		"textContent": ""
	},
	{
		"title": "小帐篷 20140116",
		"path": "http://media.febcchinese.org/streaming/bv/bv140116.mp3",
		"duration": 1760,
		"size": "14.1M",
		"albumName": "灵命日粮 2014年春季合集",
		"id": 6204000016,
		"albumId": 6204,
		"albumtitle": "灵命日粮 2014年春季合集(16)",
		"textContent": ""
	},
	{
		"title": "永恒眼光 20140117",
		"path": "http://media.febcchinese.org/streaming/bv/bv140117.mp3",
		"duration": 1760,
		"size": "14.1M",
		"albumName": "灵命日粮 2014年春季合集",
		"id": 6204000017,
		"albumId": 6204,
		"albumtitle": "灵命日粮 2014年春季合集(17)",
		"textContent": ""
	},
	{
		"title": "干净整齐 20140118",
		"path": "http://media.febcchinese.org/streaming/bv/bv140118.mp3",
		"duration": 1760,
		"size": "14.1M",
		"albumName": "灵命日粮 2014年春季合集",
		"id": 6204000018,
		"albumId": 6204,
		"albumtitle": "灵命日粮 2014年春季合集(18)",
		"textContent": ""
	},
	{
		"title": "两个人 20140119",
		"path": "http://media.febcchinese.org/streaming/bv/bv140119.mp3",
		"duration": 1760,
		"size": "14.1M",
		"albumName": "灵命日粮 2014年春季合集",
		"id": 6204000019,
		"albumId": 6204,
		"albumtitle": "灵命日粮 2014年春季合集(19)",
		"textContent": ""
	},
	{
		"title": "谁为大？ 20140120",
		"path": "http://media.febcchinese.org/streaming/bv/bv140120.mp3",
		"duration": 1760,
		"size": "14.1M",
		"albumName": "灵命日粮 2014年春季合集",
		"id": 6204000020,
		"albumId": 6204,
		"albumtitle": "灵命日粮 2014年春季合集(20)",
		"textContent": ""
	},
	{
		"title": "合一 20140121",
		"path": "http://media.febcchinese.org/streaming/bv/bv140121.mp3",
		"duration": 1760,
		"size": "14.1M",
		"albumName": "灵命日粮 2014年春季合集",
		"id": 6204000021,
		"albumId": 6204,
		"albumtitle": "灵命日粮 2014年春季合集(21)",
		"textContent": ""
	},
	{
		"title": "资源短缺 20140122",
		"path": "http://media.febcchinese.org/streaming/bv/bv140122.mp3",
		"duration": 1760,
		"size": "14.1M",
		"albumName": "灵命日粮 2014年春季合集",
		"id": 6204000022,
		"albumId": 6204,
		"albumtitle": "灵命日粮 2014年春季合集(22)",
		"textContent": ""
	},
	{
		"title": "载重线 20140123",
		"path": "http://media.febcchinese.org/streaming/bv/bv140123.mp3",
		"duration": 1760,
		"size": "14.1M",
		"albumName": "灵命日粮 2014年春季合集",
		"id": 6204000023,
		"albumId": 6204,
		"albumtitle": "灵命日粮 2014年春季合集(23)",
		"textContent": ""
	},
	{
		"title": "你在哪里？ 20140124",
		"path": "http://media.febcchinese.org/streaming/bv/bv140124.mp3",
		"duration": 1760,
		"size": "14.1M",
		"albumName": "灵命日粮 2014年春季合集",
		"id": 6204000024,
		"albumId": 6204,
		"albumtitle": "灵命日粮 2014年春季合集(24)",
		"textContent": ""
	},
	{
		"title": "平凡日子 20140125",
		"path": "http://media.febcchinese.org/streaming/bv/bv140125.mp3",
		"duration": 1760,
		"size": "14.1M",
		"albumName": "灵命日粮 2014年春季合集",
		"id": 6204000025,
		"albumId": 6204,
		"albumtitle": "灵命日粮 2014年春季合集(25)",
		"textContent": ""
	},
	{
		"title": "等候 20140126",
		"path": "http://media.febcchinese.org/streaming/bv/bv140126.mp3",
		"duration": 1760,
		"size": "14.1M",
		"albumName": "灵命日粮 2014年春季合集",
		"id": 6204000026,
		"albumId": 6204,
		"albumtitle": "灵命日粮 2014年春季合集(26)",
		"textContent": ""
	},
	{
		"title": "奇妙十架 20140127",
		"path": "http://media.febcchinese.org/streaming/bv/bv140127.mp3",
		"duration": 1760,
		"size": "14.1M",
		"albumName": "灵命日粮 2014年春季合集",
		"id": 6204000027,
		"albumId": 6204,
		"albumtitle": "灵命日粮 2014年春季合集(27)",
		"textContent": ""
	},
	{
		"title": "比计划更好！ 20140128",
		"path": "http://media.febcchinese.org/streaming/bv/bv140128.mp3",
		"duration": 1760,
		"size": "14.1M",
		"albumName": "灵命日粮 2014年春季合集",
		"id": 6204000028,
		"albumId": 6204,
		"albumtitle": "灵命日粮 2014年春季合集(28)",
		"textContent": ""
	},
	{
		"title": "期望 20140129",
		"path": "http://media.febcchinese.org/streaming/bv/bv140129.mp3",
		"duration": 1760,
		"size": "14.1M",
		"albumName": "灵命日粮 2014年春季合集",
		"id": 6204000029,
		"albumId": 6204,
		"albumtitle": "灵命日粮 2014年春季合集(29)",
		"textContent": ""
	},
	{
		"title": "上帝看为宝贵 20140130",
		"path": "http://media.febcchinese.org/streaming/bv/bv140130.mp3",
		"duration": 1760,
		"size": "14.1M",
		"albumName": "灵命日粮 2014年春季合集",
		"id": 6204000030,
		"albumId": 6204,
		"albumtitle": "灵命日粮 2014年春季合集(30)",
		"textContent": ""
	},
	{
		"title": "后悔 20140131",
		"path": "http://media.febcchinese.org/streaming/bv/bv140131.mp3",
		"duration": 1760,
		"size": "14.1M",
		"albumName": "灵命日粮 2014年春季合集",
		"id": 6204000031,
		"albumId": 6204,
		"albumtitle": "灵命日粮 2014年春季合集(31)",
		"textContent": ""
	},
	{
		"title": "上帝聆听 20140201",
		"path": "http://media.febcchinese.org/streaming/bv/bv140201.mp3",
		"duration": 1760,
		"size": "14.1M",
		"albumName": "灵命日粮 2014年春季合集",
		"id": 6204000032,
		"albumId": 6204,
		"albumtitle": "灵命日粮 2014年春季合集(32)",
		"textContent": ""
	},
	{
		"title": "需要引导 20140202",
		"path": "http://media.febcchinese.org/streaming/bv/bv140202.mp3",
		"duration": 1760,
		"size": "14.1M",
		"albumName": "灵命日粮 2014年春季合集",
		"id": 6204000033,
		"albumId": 6204,
		"albumtitle": "灵命日粮 2014年春季合集(33)",
		"textContent": ""
	},
	{
		"title": "决心定意 20140203",
		"path": "http://media.febcchinese.org/streaming/bv/bv140203.mp3",
		"duration": 1760,
		"size": "14.1M",
		"albumName": "灵命日粮 2014年春季合集",
		"id": 6204000034,
		"albumId": 6204,
		"albumtitle": "灵命日粮 2014年春季合集(34)",
		"textContent": ""
	},
	{
		"title": "重要命令 20140204",
		"path": "http://media.febcchinese.org/streaming/bv/bv140204.mp3",
		"duration": 1760,
		"size": "14.1M",
		"albumName": "灵命日粮 2014年春季合集",
		"id": 6204000035,
		"albumId": 6204,
		"albumtitle": "灵命日粮 2014年春季合集(35)",
		"textContent": ""
	},
	{
		"title": "良心责备 20140205",
		"path": "http://media.febcchinese.org/streaming/bv/bv140205.mp3",
		"duration": 1760,
		"size": "14.1M",
		"albumName": "灵命日粮 2014年春季合集",
		"id": 6204000036,
		"albumId": 6204,
		"albumtitle": "灵命日粮 2014年春季合集(36)",
		"textContent": ""
	},
	{
		"title": "磨难前后 20140206",
		"path": "http://media.febcchinese.org/streaming/bv/bv140206.mp3",
		"duration": 1760,
		"size": "14.1M",
		"albumName": "灵命日粮 2014年春季合集",
		"id": 6204000037,
		"albumId": 6204,
		"albumtitle": "灵命日粮 2014年春季合集(37)",
		"textContent": ""
	},
	{
		"title": "谁是英雄 20140207",
		"path": "http://media.febcchinese.org/streaming/bv/bv140207.mp3",
		"duration": 1760,
		"size": "14.1M",
		"albumName": "灵命日粮 2014年春季合集",
		"id": 6204000038,
		"albumId": 6204,
		"albumtitle": "灵命日粮 2014年春季合集(38)",
		"textContent": ""
	},
	{
		"title": "并非有意 20140208",
		"path": "http://media.febcchinese.org/streaming/bv/bv140208.mp3",
		"duration": 1760,
		"size": "14.1M",
		"albumName": "灵命日粮 2014年春季合集",
		"id": 6204000039,
		"albumId": 6204,
		"albumtitle": "灵命日粮 2014年春季合集(39)",
		"textContent": ""
	},
	{
		"title": "维持合一 20140209",
		"path": "http://media.febcchinese.org/streaming/bv/bv140209.mp3",
		"duration": 1760,
		"size": "14.1M",
		"albumName": "灵命日粮 2014年春季合集",
		"id": 6204000040,
		"albumId": 6204,
		"albumtitle": "灵命日粮 2014年春季合集(40)",
		"textContent": ""
	},
	{
		"title": "音乐的力量 20140210",
		"path": "http://media.febcchinese.org/streaming/bv/bv140210.mp3",
		"duration": 1760,
		"size": "14.1M",
		"albumName": "灵命日粮 2014年春季合集",
		"id": 6204000041,
		"albumId": 6204,
		"albumtitle": "灵命日粮 2014年春季合集(41)",
		"textContent": ""
	},
	{
		"title": "惧怕时 20140211",
		"path": "http://media.febcchinese.org/streaming/bv/bv140211.mp3",
		"duration": 1760,
		"size": "14.1M",
		"albumName": "灵命日粮 2014年春季合集",
		"id": 6204000042,
		"albumId": 6204,
		"albumtitle": "灵命日粮 2014年春季合集(42)",
		"textContent": ""
	},
	{
		"title": "透视力 20140212",
		"path": "http://media.febcchinese.org/streaming/bv/bv140212.mp3",
		"duration": 1760,
		"size": "14.1M",
		"albumName": "灵命日粮 2014年春季合集",
		"id": 6204000043,
		"albumId": 6204,
		"albumtitle": "灵命日粮 2014年春季合集(43)",
		"textContent": ""
	},
	{
		"title": "品格或名声 20140213",
		"path": "http://media.febcchinese.org/streaming/bv/bv140213.mp3",
		"duration": 1760,
		"size": "14.1M",
		"albumName": "灵命日粮 2014年春季合集",
		"id": 6204000044,
		"albumId": 6204,
		"albumtitle": "灵命日粮 2014年春季合集(44)",
		"textContent": ""
	},
	{
		"title": "真爱 20140214",
		"path": "http://media.febcchinese.org/streaming/bv/bv140214.mp3",
		"duration": 1760,
		"size": "14.1M",
		"albumName": "灵命日粮 2014年春季合集",
		"id": 6204000045,
		"albumId": 6204,
		"albumtitle": "灵命日粮 2014年春季合集(45)",
		"textContent": ""
	},
	{
		"title": "造物主和医生 20140215",
		"path": "http://media.febcchinese.org/streaming/bv/bv140215.mp3",
		"duration": 1760,
		"size": "14.1M",
		"albumName": "灵命日粮 2014年春季合集",
		"id": 6204000046,
		"albumId": 6204,
		"albumtitle": "灵命日粮 2014年春季合集(46)",
		"textContent": ""
	},
	{
		"title": "为何使人忧愁？ 20140216",
		"path": "http://media.febcchinese.org/streaming/bv/bv140216.mp3",
		"duration": 1760,
		"size": "14.1M",
		"albumName": "灵命日粮 2014年春季合集",
		"id": 6204000047,
		"albumId": 6204,
		"albumtitle": "灵命日粮 2014年春季合集(47)",
		"textContent": ""
	},
	{
		"title": "倾听 20140217",
		"path": "http://media.febcchinese.org/streaming/bv/bv140217.mp3",
		"duration": 1760,
		"size": "14.1M",
		"albumName": "灵命日粮 2014年春季合集",
		"id": 6204000048,
		"albumId": 6204,
		"albumtitle": "灵命日粮 2014年春季合集(48)",
		"textContent": ""
	},
	{
		"title": "帮助者 20140218",
		"path": "http://media.febcchinese.org/streaming/bv/bv140218.mp3",
		"duration": 1760,
		"size": "14.1M",
		"albumName": "灵命日粮 2014年春季合集",
		"id": 6204000049,
		"albumId": 6204,
		"albumtitle": "灵命日粮 2014年春季合集(49)",
		"textContent": ""
	},
	{
		"title": "战争结束 20140219",
		"path": "http://media.febcchinese.org/streaming/bv/bv140219.mp3",
		"duration": 1760,
		"size": "14.1M",
		"albumName": "灵命日粮 2014年春季合集",
		"id": 6204000050,
		"albumId": 6204,
		"albumtitle": "灵命日粮 2014年春季合集(50)",
		"textContent": ""
	},
	{
		"title": "遮盖罪恶 20140220",
		"path": "http://media.febcchinese.org/streaming/bv/bv140220.mp3",
		"duration": 1760,
		"size": "14.1M",
		"albumName": "灵命日粮 2014年春季合集",
		"id": 6204000051,
		"albumId": 6204,
		"albumtitle": "灵命日粮 2014年春季合集(51)",
		"textContent": ""
	},
	{
		"title": "上山传扬 20140221",
		"path": "http://media.febcchinese.org/streaming/bv/bv140221.mp3",
		"duration": 1760,
		"size": "14.1M",
		"albumName": "灵命日粮 2014年春季合集",
		"id": 6204000052,
		"albumId": 6204,
		"albumtitle": "灵命日粮 2014年春季合集(52)",
		"textContent": ""
	},
	{
		"title": "互相激励 20140222",
		"path": "http://media.febcchinese.org/streaming/bv/bv140222.mp3",
		"duration": 1760,
		"size": "14.1M",
		"albumName": "灵命日粮 2014年春季合集",
		"id": 6204000053,
		"albumId": 6204,
		"albumtitle": "灵命日粮 2014年春季合集(53)",
		"textContent": ""
	},
	{
		"title": "无尽的爱 20140223",
		"path": "http://media.febcchinese.org/streaming/bv/bv140223.mp3",
		"duration": 1760,
		"size": "14.1M",
		"albumName": "灵命日粮 2014年春季合集",
		"id": 6204000054,
		"albumId": 6204,
		"albumtitle": "灵命日粮 2014年春季合集(54)",
		"textContent": ""
	},
	{
		"title": "空城计 20140224",
		"path": "http://media.febcchinese.org/streaming/bv/bv140224.mp3",
		"duration": 1760,
		"size": "14.1M",
		"albumName": "灵命日粮 2014年春季合集",
		"id": 6204000055,
		"albumId": 6204,
		"albumtitle": "灵命日粮 2014年春季合集(55)",
		"textContent": ""
	},
	{
		"title": "躺下 20140225",
		"path": "http://media.febcchinese.org/streaming/bv/bv140225.mp3",
		"duration": 1760,
		"size": "14.1M",
		"albumName": "灵命日粮 2014年春季合集",
		"id": 6204000056,
		"albumId": 6204,
		"albumtitle": "灵命日粮 2014年春季合集(56)",
		"textContent": ""
	},
	{
		"title": "爱的力量 20140226",
		"path": "http://media.febcchinese.org/streaming/bv/bv140226.mp3",
		"duration": 1760,
		"size": "14.1M",
		"albumName": "灵命日粮 2014年春季合集",
		"id": 6204000057,
		"albumId": 6204,
		"albumtitle": "灵命日粮 2014年春季合集(57)",
		"textContent": ""
	},
	{
		"title": "看那百合花 20140227",
		"path": "http://media.febcchinese.org/streaming/bv/bv140227.mp3",
		"duration": 1760,
		"size": "14.1M",
		"albumName": "灵命日粮 2014年春季合集",
		"id": 6204000058,
		"albumId": 6204,
		"albumtitle": "灵命日粮 2014年春季合集(58)",
		"textContent": ""
	},
	{
		"title": "生命泉源 20140228",
		"path": "http://media.febcchinese.org/streaming/bv/bv140228.mp3",
		"duration": 1760,
		"size": "14.1M",
		"albumName": "灵命日粮 2014年春季合集",
		"id": 6204000059,
		"albumId": 6204,
		"albumtitle": "灵命日粮 2014年春季合集(59)",
		"textContent": ""
	},
	{
		"title": "日出 20140301",
		"path": "http://media.febcchinese.org/streaming/bv/bv140301.mp3",
		"duration": 1760,
		"size": "14.1M",
		"albumName": "灵命日粮 2014年春季合集",
		"id": 6204000060,
		"albumId": 6204,
		"albumtitle": "灵命日粮 2014年春季合集(60)",
		"textContent": ""
	},
	{
		"title": "基督大爱 20140302",
		"path": "http://media.febcchinese.org/streaming/bv/bv140302.mp3",
		"duration": 1760,
		"size": "14.1M",
		"albumName": "灵命日粮 2014年春季合集",
		"id": 6204000061,
		"albumId": 6204,
		"albumtitle": "灵命日粮 2014年春季合集(61)",
		"textContent": ""
	},
	{
		"title": "即刻满足 20140303",
		"path": "http://media.febcchinese.org/streaming/bv/bv140303.mp3",
		"duration": 1760,
		"size": "14.1M",
		"albumName": "灵命日粮 2014年春季合集",
		"id": 6204000062,
		"albumId": 6204,
		"albumtitle": "灵命日粮 2014年春季合集(62)",
		"textContent": ""
	},
	{
		"title": "不带偏见 20140304",
		"path": "http://media.febcchinese.org/streaming/bv/bv140304.mp3",
		"duration": 1760,
		"size": "14.1M",
		"albumName": "灵命日粮 2014年春季合集",
		"id": 6204000063,
		"albumId": 6204,
		"albumtitle": "灵命日粮 2014年春季合集(63)",
		"textContent": ""
	},
	{
		"title": "帮忙 20140305",
		"path": "http://media.febcchinese.org/streaming/bv/bv140305.mp3",
		"duration": 1760,
		"size": "14.1M",
		"albumName": "灵命日粮 2014年春季合集",
		"id": 6204000064,
		"albumId": 6204,
		"albumtitle": "灵命日粮 2014年春季合集(64)",
		"textContent": ""
	},
	{
		"title": "惊吓 20140306",
		"path": "http://media.febcchinese.org/streaming/bv/bv140306.mp3",
		"duration": 1760,
		"size": "14.1M",
		"albumName": "灵命日粮 2014年春季合集",
		"id": 6204000065,
		"albumId": 6204,
		"albumtitle": "灵命日粮 2014年春季合集(65)",
		"textContent": ""
	},
	{
		"title": "准确传达 20140307",
		"path": "http://media.febcchinese.org/streaming/bv/bv140307.mp3",
		"duration": 1760,
		"size": "14.1M",
		"albumName": "灵命日粮 2014年春季合集",
		"id": 6204000066,
		"albumId": 6204,
		"albumtitle": "灵命日粮 2014年春季合集(66)",
		"textContent": ""
	},
	{
		"title": "存记在心 20140308",
		"path": "http://media.febcchinese.org/streaming/bv/bv140308.mp3",
		"duration": 1760,
		"size": "14.1M",
		"albumName": "灵命日粮 2014年春季合集",
		"id": 6204000067,
		"albumId": 6204,
		"albumtitle": "灵命日粮 2014年春季合集(67)",
		"textContent": ""
	},
	{
		"title": "伪装 20140309",
		"path": "http://media.febcchinese.org/streaming/bv/bv140309.mp3",
		"duration": 1760,
		"size": "14.1M",
		"albumName": "灵命日粮 2014年春季合集",
		"id": 6204000068,
		"albumId": 6204,
		"albumtitle": "灵命日粮 2014年春季合集(68)",
		"textContent": ""
	},
	{
		"title": "个人信仰 20140310",
		"path": "http://media.febcchinese.org/streaming/bv/bv140310.mp3",
		"duration": 1760,
		"size": "14.1M",
		"albumName": "灵命日粮 2014年春季合集",
		"id": 6204000069,
		"albumId": 6204,
		"albumtitle": "灵命日粮 2014年春季合集(69)",
		"textContent": ""
	},
	{
		"title": "三思而行 20140311",
		"path": "http://media.febcchinese.org/streaming/bv/bv140311.mp3",
		"duration": 1760,
		"size": "14.1M",
		"albumName": "灵命日粮 2014年春季合集",
		"id": 6204000070,
		"albumId": 6204,
		"albumtitle": "灵命日粮 2014年春季合集(70)",
		"textContent": ""
	},
	{
		"title": "金科玉律 20140312",
		"path": "http://media.febcchinese.org/streaming/bv/bv140312.mp3",
		"duration": 1760,
		"size": "14.1M",
		"albumName": "灵命日粮 2014年春季合集",
		"id": 6204000071,
		"albumId": 6204,
		"albumtitle": "灵命日粮 2014年春季合集(71)",
		"textContent": ""
	},
	{
		"title": "失去力量 20140313",
		"path": "http://media.febcchinese.org/streaming/bv/bv140313.mp3",
		"duration": 1760,
		"size": "14.1M",
		"albumName": "灵命日粮 2014年春季合集",
		"id": 6204000072,
		"albumId": 6204,
		"albumtitle": "灵命日粮 2014年春季合集(72)",
		"textContent": ""
	},
	{
		"title": "偏行己路 20140314",
		"path": "http://media.febcchinese.org/streaming/bv/bv140314.mp3",
		"duration": 1760,
		"size": "14.1M",
		"albumName": "灵命日粮 2014年春季合集",
		"id": 6204000073,
		"albumId": 6204,
		"albumtitle": "灵命日粮 2014年春季合集(73)",
		"textContent": ""
	},
	{
		"title": "头衔 20140315",
		"path": "http://media.febcchinese.org/streaming/bv/bv140315.mp3",
		"duration": 1760,
		"size": "14.1M",
		"albumName": "灵命日粮 2014年春季合集",
		"id": 6204000074,
		"albumId": 6204,
		"albumtitle": "灵命日粮 2014年春季合集(74)",
		"textContent": ""
	},
	{
		"title": "心灵粮食 20140316",
		"path": "http://media.febcchinese.org/streaming/bv/bv140316.mp3",
		"duration": 1760,
		"size": "14.1M",
		"albumName": "灵命日粮 2014年春季合集",
		"id": 6204000075,
		"albumId": 6204,
		"albumtitle": "灵命日粮 2014年春季合集(75)",
		"textContent": ""
	},
	{
		"title": "乌云衬托 20140317",
		"path": "http://media.febcchinese.org/streaming/bv/bv140317.mp3",
		"duration": 1760,
		"size": "14.1M",
		"albumName": "灵命日粮 2014年春季合集",
		"id": 6204000076,
		"albumId": 6204,
		"albumtitle": "灵命日粮 2014年春季合集(76)",
		"textContent": ""
	},
	{
		"title": "馨香之气 20140318",
		"path": "http://media.febcchinese.org/streaming/bv/bv140318.mp3",
		"duration": 1760,
		"size": "14.1M",
		"albumName": "灵命日粮 2014年春季合集",
		"id": 6204000077,
		"albumId": 6204,
		"albumtitle": "灵命日粮 2014年春季合集(77)",
		"textContent": ""
	},
	{
		"title": "愿天欢喜 20140319",
		"path": "http://media.febcchinese.org/streaming/bv/bv140319.mp3",
		"duration": 1760,
		"size": "14.1M",
		"albumName": "灵命日粮 2014年春季合集",
		"id": 6204000078,
		"albumId": 6204,
		"albumtitle": "灵命日粮 2014年春季合集(78)",
		"textContent": ""
	},
	{
		"title": "爱错对象 20140320",
		"path": "http://media.febcchinese.org/streaming/bv/bv140320.mp3",
		"duration": 1760,
		"size": "14.1M",
		"albumName": "灵命日粮 2014年春季合集",
		"id": 6204000079,
		"albumId": 6204,
		"albumtitle": "灵命日粮 2014年春季合集(79)",
		"textContent": ""
	},
	{
		"title": "仍能服侍 20140321",
		"path": "http://media.febcchinese.org/streaming/bv/bv140321.mp3",
		"duration": 1760,
		"size": "14.1M",
		"albumName": "灵命日粮 2014年春季合集",
		"id": 6204000080,
		"albumId": 6204,
		"albumtitle": "灵命日粮 2014年春季合集(80)",
		"textContent": ""
	},
	{
		"title": "快来了 20140322",
		"path": "http://media.febcchinese.org/streaming/bv/bv140322.mp3",
		"duration": 1760,
		"size": "14.1M",
		"albumName": "灵命日粮 2014年春季合集",
		"id": 6204000081,
		"albumId": 6204,
		"albumtitle": "灵命日粮 2014年春季合集(81)",
		"textContent": ""
	},
	{
		"title": "促进合一 20140323",
		"path": "http://media.febcchinese.org/streaming/bv/bv140323.mp3",
		"duration": 1760,
		"size": "14.1M",
		"albumName": "灵命日粮 2014年春季合集",
		"id": 6204000082,
		"albumId": 6204,
		"albumtitle": "灵命日粮 2014年春季合集(82)",
		"textContent": ""
	},
	{
		"title": "作主见证 20140324",
		"path": "http://media.febcchinese.org/streaming/bv/bv140324.mp3",
		"duration": 1760,
		"size": "14.1M",
		"albumName": "灵命日粮 2014年春季合集",
		"id": 6204000083,
		"albumId": 6204,
		"albumtitle": "灵命日粮 2014年春季合集(83)",
		"textContent": ""
	},
	{
		"title": "谁是中心 20140325",
		"path": "http://media.febcchinese.org/streaming/bv/bv140325.mp3",
		"duration": 1760,
		"size": "14.1M",
		"albumName": "灵命日粮 2014年春季合集",
		"id": 6204000084,
		"albumId": 6204,
		"albumtitle": "灵命日粮 2014年春季合集(84)",
		"textContent": ""
	},
	{
		"title": "脱离混乱 20140326",
		"path": "http://media.febcchinese.org/streaming/bv/bv140326.mp3",
		"duration": 1760,
		"size": "14.1M",
		"albumName": "灵命日粮 2014年春季合集",
		"id": 6204000085,
		"albumId": 6204,
		"albumtitle": "灵命日粮 2014年春季合集(85)",
		"textContent": ""
	},
	{
		"title": "生命向导 20140327",
		"path": "http://media.febcchinese.org/streaming/bv/bv140327.mp3",
		"duration": 1760,
		"size": "14.1M",
		"albumName": "灵命日粮 2014年春季合集",
		"id": 6204000086,
		"albumId": 6204,
		"albumtitle": "灵命日粮 2014年春季合集(86)",
		"textContent": ""
	},
	{
		"title": "耐心等候 20140328",
		"path": "http://media.febcchinese.org/streaming/bv/bv140328.mp3",
		"duration": 1760,
		"size": "14.1M",
		"albumName": "灵命日粮 2014年春季合集",
		"id": 6204000087,
		"albumId": 6204,
		"albumtitle": "灵命日粮 2014年春季合集(87)",
		"textContent": ""
	},
	{
		"title": "更美好的世界 20140329",
		"path": "http://media.febcchinese.org/streaming/bv/bv140329.mp3",
		"duration": 1760,
		"size": "14.1M",
		"albumName": "灵命日粮 2014年春季合集",
		"id": 6204000088,
		"albumId": 6204,
		"albumtitle": "灵命日粮 2014年春季合集(88)",
		"textContent": ""
	},
	{
		"title": "温柔的人有福了 20140330",
		"path": "http://media.febcchinese.org/streaming/bv/bv140330.mp3",
		"duration": 1760,
		"size": "14.1M",
		"albumName": "灵命日粮 2014年春季合集",
		"id": 6204000089,
		"albumId": 6204,
		"albumtitle": "灵命日粮 2014年春季合集(89)",
		"textContent": ""
	},
	{
		"title": "花钱买水 20140331",
		"path": "http://media.febcchinese.org/streaming/bv/bv140331.mp3",
		"duration": 1760,
		"size": "14.1M",
		"albumName": "灵命日粮 2014年春季合集",
		"id": 6204000090,
		"albumId": 6204,
		"albumtitle": "灵命日粮 2014年春季合集(90)",
		"textContent": ""
	}
]