[{
    "duration": 860,
    "size": "6.9M",
    "path": "http://media.febcchinese.org/Streaming/ls/ls151025.mp3",
    "id": 6397000001,
    "albumId": 6397,
    "albumName": "《燃亮的一生》2015年合集",
    "albumtitle": "《燃亮的一生》2015年合集(1)",
    "title": "燃亮的一生-20151025"
},
    {
        "duration": 860,
        "size": "6.9M",
        "path": "http://media.febcchinese.org/Streaming/ls/ls151031.mp3",
        "id": 6397000002,
        "albumId": 6397,
        "albumName": "《燃亮的一生》2015年合集",
        "albumtitle": "《燃亮的一生》2015年合集(2)",
        "title": "燃亮的一生-20151031"
    },
    {
        "duration": 860,
        "size": "6.9M",
        "path": "http://media.febcchinese.org/Streaming/ls/ls151101.mp3",
        "id": 6397000003,
        "albumId": 6397,
        "albumName": "《燃亮的一生》2015年合集",
        "albumtitle": "《燃亮的一生》2015年合集(3)",
        "title": "燃亮的一生-20151101"
    },
    {
        "duration": 860,
        "size": "6.9M",
        "path": "http://media.febcchinese.org/Streaming/ls/ls151107.mp3",
        "id": 6397000004,
        "albumId": 6397,
        "albumName": "《燃亮的一生》2015年合集",
        "albumtitle": "《燃亮的一生》2015年合集(4)",
        "title": "燃亮的一生-20151107"
    },
    {
        "duration": 860,
        "size": "6.9M",
        "path": "http://media.febcchinese.org/Streaming/ls/ls151108.mp3",
        "id": 6397000005,
        "albumId": 6397,
        "albumName": "《燃亮的一生》2015年合集",
        "albumtitle": "《燃亮的一生》2015年合集(5)",
        "title": "燃亮的一生-20151108"
    },
    {
        "duration": 860,
        "size": "6.9M",
        "path": "http://media.febcchinese.org/Streaming/ls/ls151114.mp3",
        "id": 6397000006,
        "albumId": 6397,
        "albumName": "《燃亮的一生》2015年合集",
        "albumtitle": "《燃亮的一生》2015年合集(6)",
        "title": "燃亮的一生-20151114"
    },
    {
        "duration": 860,
        "size": "6.9M",
        "path": "http://media.febcchinese.org/Streaming/ls/ls151115.mp3",
        "id": 6397000007,
        "albumId": 6397,
        "albumName": "《燃亮的一生》2015年合集",
        "albumtitle": "《燃亮的一生》2015年合集(7)",
        "title": "燃亮的一生-20151115"
    },
    {
        "duration": 860,
        "size": "6.9M",
        "path": "http://media.febcchinese.org/Streaming/ls/ls151121.mp3",
        "id": 6397000008,
        "albumId": 6397,
        "albumName": "《燃亮的一生》2015年合集",
        "albumtitle": "《燃亮的一生》2015年合集(8)",
        "title": "燃亮的一生-20151121"
    },
    {
        "duration": 860,
        "size": "6.9M",
        "path": "http://media.febcchinese.org/Streaming/ls/ls151122.mp3",
        "id": 6397000009,
        "albumId": 6397,
        "albumName": "《燃亮的一生》2015年合集",
        "albumtitle": "《燃亮的一生》2015年合集(9)",
        "title": "燃亮的一生-20151122"
    },
    {
        "duration": 860,
        "size": "6.9M",
        "path": "http://media.febcchinese.org/Streaming/ls/ls151128.mp3",
        "id": 6397000010,
        "albumId": 6397,
        "albumName": "《燃亮的一生》2015年合集",
        "albumtitle": "《燃亮的一生》2015年合集(10)",
        "title": "燃亮的一生-20151128"
    },
    {
        "duration": 860,
        "size": "6.9M",
        "path": "http://media.febcchinese.org/Streaming/ls/ls151129.mp3",
        "id": 6397000011,
        "albumId": 6397,
        "albumName": "《燃亮的一生》2015年合集",
        "albumtitle": "《燃亮的一生》2015年合集(11)",
        "title": "燃亮的一生-20151129"
    },
    {
        "duration": 860,
        "size": "6.9M",
        "path": "http://media.febcchinese.org/Streaming/ls/ls151205.mp3",
        "id": 6397000012,
        "albumId": 6397,
        "albumName": "《燃亮的一生》2015年合集",
        "albumtitle": "《燃亮的一生》2015年合集(12)",
        "title": "燃亮的一生-20151205"
    },
    {
        "duration": 860,
        "size": "6.9M",
        "path": "http://media.febcchinese.org/Streaming/ls/ls151206.mp3",
        "id": 6397000013,
        "albumId": 6397,
        "albumName": "《燃亮的一生》2015年合集",
        "albumtitle": "《燃亮的一生》2015年合集(13)",
        "title": "燃亮的一生-20151206"
    },
    {
        "duration": 860,
        "size": "6.9M",
        "path": "http://media.febcchinese.org/Streaming/ls/ls151212.mp3",
        "id": 6397000014,
        "albumId": 6397,
        "albumName": "《燃亮的一生》2015年合集",
        "albumtitle": "《燃亮的一生》2015年合集(14)",
        "title": "燃亮的一生-20151212"
    },
    {
        "duration": 860,
        "size": "6.9M",
        "path": "http://media.febcchinese.org/Streaming/ls/ls151213.mp3",
        "id": 6397000015,
        "albumId": 6397,
        "albumName": "《燃亮的一生》2015年合集",
        "albumtitle": "《燃亮的一生》2015年合集(15)",
        "title": "燃亮的一生-20151213"
    },
    {
        "duration": 860,
        "size": "6.9M",
        "path": "http://media.febcchinese.org/Streaming/ls/ls151219.mp3",
        "id": 6397000016,
        "albumId": 6397,
        "albumName": "《燃亮的一生》2015年合集",
        "albumtitle": "《燃亮的一生》2015年合集(16)",
        "title": "燃亮的一生-20151219"
    },
    {
        "duration": 860,
        "size": "6.9M",
        "path": "http://media.febcchinese.org/Streaming/ls/ls151220.mp3",
        "id": 6397000017,
        "albumId": 6397,
        "albumName": "《燃亮的一生》2015年合集",
        "albumtitle": "《燃亮的一生》2015年合集(17)",
        "title": "燃亮的一生-20151220"
    },
    {
        "duration": 860,
        "size": "6.9M",
        "path": "http://media.febcchinese.org/Streaming/ls/ls151226.mp3",
        "id": 6397000018,
        "albumId": 6397,
        "albumName": "《燃亮的一生》2015年合集",
        "albumtitle": "《燃亮的一生》2015年合集(18)",
        "title": "燃亮的一生-20151226"
    },
    {
        "duration": 860,
        "size": "6.9M",
        "path": "http://media.febcchinese.org/Streaming/ls/ls151227.mp3",
        "id": 6397000019,
        "albumId": 6397,
        "albumName": "《燃亮的一生》2015年合集",
        "albumtitle": "《燃亮的一生》2015年合集(19)",
        "title": "燃亮的一生-20151227"
    }
]