[
	{
		"albumtitle": "夥热729-20170728",
		"title": "夥热729──良友电台68周年台庆：穿越‧使命",
		"duration": 5400,
		"time": "20170728",
		"size": "40M",
		"albumId": 200,
		"albumName": "夥热729──良友电台68周年台庆",
		"path": "https://rawcdn.githack.com/quiet324/LiangYouAlbums4/170729/ly_Anniversary/ly_anniversary01.mp3",
		"id": 200888180
	},
	{
		"albumtitle": "夥热729-20170729",
		"title": "夥热729──良友电台68周年台庆：感恩崇拜",
		"duration": 3600,
		"time": "20170729",
		"size": "27M",
		"albumId": 200,
		"albumName": "夥热729──良友电台68周年台庆",
		"path": "https://rawcdn.githack.com/quiet324/LiangYouAlbums4/170729/ly_Anniversary/ly_anniversary02.mp3",
		"id": 200888181
	}

]