[
	{
		"duration": 1760,
		"size": "14.1M",
		"path": "https://rawcdn.githack.com/quiet324/LiangYouAlbums8/171127/lys_ghxg_mg/mavmw001.mp3",
		"id": 6312000001,
		"albumId": 6312,
		"albumName": "《良院专区》关怀事工：民工",
		"albumtitle": "《良院专区》关怀事工：民工(1)",
		"title": "关怀事工：民工 第01讲"
	},
	{
		"duration": 1760,
		"size": "14.1M",
		"path": "https://rawcdn.githack.com/quiet324/LiangYouAlbums8/171127/lys_ghxg_mg/mavmw002.mp3",
		"id": 6312000002,
		"albumId": 6312,
		"albumName": "《良院专区》关怀事工：民工",
		"albumtitle": "《良院专区》关怀事工：民工(2)",
		"title": "关怀事工：民工 第02讲"
	},
	{
		"duration": 1760,
		"size": "14.1M",
		"path": "https://rawcdn.githack.com/quiet324/LiangYouAlbums8/171127/lys_ghxg_mg/mavmw003.mp3",
		"id": 6312000003,
		"albumId": 6312,
		"albumName": "《良院专区》关怀事工：民工",
		"albumtitle": "《良院专区》关怀事工：民工(3)",
		"title": "关怀事工：民工 第03讲"
	},
	{
		"duration": 1760,
		"size": "14.1M",
		"path": "https://rawcdn.githack.com/quiet324/LiangYouAlbums8/171127/lys_ghxg_mg/mavmw004.mp3",
		"id": 6312000004,
		"albumId": 6312,
		"albumName": "《良院专区》关怀事工：民工",
		"albumtitle": "《良院专区》关怀事工：民工(4)",
		"title": "关怀事工：民工 第04讲"
	},
	{
		"duration": 1760,
		"size": "14.1M",
		"path": "https://rawcdn.githack.com/quiet324/LiangYouAlbums8/171127/lys_ghxg_mg/mavmw005.mp3",
		"id": 6312000005,
		"albumId": 6312,
		"albumName": "《良院专区》关怀事工：民工",
		"albumtitle": "《良院专区》关怀事工：民工(5)",
		"title": "关怀事工：民工 第05讲"
	},
	{
		"duration": 1760,
		"size": "14.1M",
		"path": "https://rawcdn.githack.com/quiet324/LiangYouAlbums8/171127/lys_ghxg_mg/mavmw006.mp3",
		"id": 6312000006,
		"albumId": 6312,
		"albumName": "《良院专区》关怀事工：民工",
		"albumtitle": "《良院专区》关怀事工：民工(6)",
		"title": "关怀事工：民工 第06讲"
	}
]