[
	{
		"albumtitle": "《良院专区》中级讲道学(01)",
		"title": "聖經中心的工人",
		"duration": 1760,
        "size": "3.5M",
		"albumId": 118,
		"albumName": "《良院专区》中级讲道学",
		"path": "https://rawcdn.githack.com/quiet324/LiangYouSchoolAlbum4/1706053/mavah/mavah001.mp3",
		"id": 118888180
	},
	{
		"albumtitle": "《良院专区》中级讲道学(02)",
		"title": "聖經與你的現況",
		"duration": 1760,
        "size": "3.5M",
		"albumId": 118,
		"albumName": "《良院专区》中级讲道学",
		"path": "https://rawcdn.githack.com/quiet324/LiangYouSchoolAlbum4/1706053/mavah/mavah002.mp3",
		"id": 118888181
	},
	{
		"albumtitle": "《良院专区》中级讲道学(03)",
		"title": "呼召、恩賜和紀律",
		"duration": 1760,
        "size": "3.5M",
		"albumId": 118,
		"albumName": "《良院专区》中级讲道学",
		"path": "https://rawcdn.githack.com/quiet324/LiangYouSchoolAlbum4/1706053/mavah/mavah003.mp3",
		"id": 118888182
	},
	{
		"albumtitle": "《良院专区》中级讲道学(04)",
		"title": "用盡一生研讀聖經的信念與方法",
		"duration": 1760,
        "size": "3.5M",
		"albumId": 118,
		"albumName": "《良院专区》中级讲道学",
		"path": "https://rawcdn.githack.com/quiet324/LiangYouSchoolAlbum4/1706053/mavah/mavah004.mp3",
		"id": 118888183
	},
	{
		"albumtitle": "《良院专区》中级讲道学(05)",
		"title": "實例一：一點靈修法在哥林多后書的應用",
		"duration": 1760,
        "size": "3.5M",
		"albumId": 118,
		"albumName": "《良院专区》中级讲道学",
		"path": "https://rawcdn.githack.com/quiet324/LiangYouSchoolAlbum4/1706053/mavah/mavah005.mp3",
		"id": 118888184
	},
	{
		"albumtitle": "《良院专区》中级讲道学(06)",
		"title": "基督教傳播學概念",
		"duration": 1760,
        "size": "3.5M",
		"albumId": 118,
		"albumName": "《良院专区》中级讲道学",
		"path": "https://rawcdn.githack.com/quiet324/LiangYouSchoolAlbum4/1706053/mavah/mavah006.mp3",
		"id": 118888185
	}
,
	{
		"albumtitle": "《良院专区》中级讲道学(07)",
		"title": "傳播的定義、模式和類型",
		"duration": 1760,
        "size": "3.5M",
		"albumId": 118,
		"albumName": "《良院专区》中级讲道学",
		"path": "https://rawcdn.githack.com/quiet324/LiangYouSchoolAlbum4/1706053/mavah/mavah007.mp3",
		"id": 118888186
	},
	{
		"albumtitle": "《良院专区》中级讲道学(08)",
		"title": "傳播者和可信性",
		"duration": 1760,
        "size": "3.5M",
		"albumId": 118,
		"albumName": "《良院专区》中级讲道学",
		"path": "https://rawcdn.githack.com/quiet324/LiangYouSchoolAlbum4/1706053/mavah/mavah008.mp3",
		"id": 118888187
	},
	{
		"albumtitle": "《良院专区》中级讲道学(09)",
		"title": "傳道人的生命資源",
		"duration": 1760,
        "size": "3.5M",
		"albumId": 118,
		"albumName": "《良院专区》中级讲道学",
		"path": "https://rawcdn.githack.com/quiet324/LiangYouSchoolAlbum4/1706053/mavah/mavah009.mp3",
		"id": 118888188
	},
	{
		"albumtitle": "《良院专区》中级讲道学(10)",
		"title": "傳播媒介",
		"duration": 1760,
        "size": "3.5M",
		"albumId": 118,
		"albumName": "《良院专区》中级讲道学",
		"path": "https://rawcdn.githack.com/quiet324/LiangYouSchoolAlbum4/1706053/mavah/mavah010.mp3",
		"id": 118888189
	},
	{
		"albumtitle": "《良院专区》中级讲道学(11)",
		"title": "信息與道",
		"duration": 1760,
        "size": "3.5M",
		"albumId": 118,
		"albumName": "《良院专区》中级讲道学",
		"path": "https://rawcdn.githack.com/quiet324/LiangYouSchoolAlbum4/1706053/mavah/mavah011.mp3",
		"id": 118888190
	},
	{
		"albumtitle": "《良院专区》中级讲道学(12)",
		"title": "受眾定向",
		"duration": 1760,
        "size": "3.5M",
		"albumId": 118,
		"albumName": "《良院专区》中级讲道学",
		"path": "https://rawcdn.githack.com/quiet324/LiangYouSchoolAlbum4/1706053/mavah/mavah012.mp3",
		"id": 118888191
	},
	{
		"albumtitle": "《良院专区》中级讲道学(13)",
		"title": "深入民間",
		"duration": 1760,
        "size": "3.5M",
		"albumId": 118,
		"albumName": "《良院专区》中级讲道学",
		"path": "https://rawcdn.githack.com/quiet324/LiangYouSchoolAlbum4/1706053/mavah/mavah013.mp3",
		"id": 118888192
	},
	{
		"albumtitle": "《良院专区》中级讲道学(14)",
		"title": "服事受眾",
		"duration": 1760,
        "size": "3.5M",
		"albumId": 118,
		"albumName": "《良院专区》中级讲道学",
		"path": "https://rawcdn.githack.com/quiet324/LiangYouSchoolAlbum4/1706053/mavah/mavah014.mp3",
		"id": 118888193
	},
	{
		"albumtitle": "《良院专区》中级讲道学(15)",
		"title": "話語和講道",
		"duration": 1760,
        "size": "3.5M",
		"albumId": 118,
		"albumName": "《良院专区》中级讲道学",
		"path": "https://rawcdn.githack.com/quiet324/LiangYouSchoolAlbum4/1706053/mavah/mavah015.mp3",
		"id": 118888194
	},
	{
		"albumtitle": "《良院专区》中级讲道学(16)",
		"title": "講道的處境和處境化",
		"duration": 1760,
        "size": "3.5M",
		"albumId": 118,
		"albumName": "《良院专区》中级讲道学",
		"path": "https://rawcdn.githack.com/quiet324/LiangYouSchoolAlbum4/1706053/mavah/mavah016.mp3",
		"id": 118888195
	}
,
	{
		"albumtitle": "《良院专区》中级讲道学(17)",
		"title": "有效的傳播",
		"duration": 1760,
        "size": "3.5M",
		"albumId": 118,
		"albumName": "《良院专区》中级讲道学",
		"path": "https://rawcdn.githack.com/quiet324/LiangYouSchoolAlbum4/1706053/mavah/mavah017.mp3",
		"id": 118888196
	},
	{
		"albumtitle": "《良院专区》中级讲道学(18)",
		"title": "傳播倫理",
		"duration": 1760,
        "size": "3.5M",
		"albumId": 118,
		"albumName": "《良院专区》中级讲道学",
		"path": "https://rawcdn.githack.com/quiet324/LiangYouSchoolAlbum4/1706053/mavah/mavah018.mp3",
		"id": 118888197
	},
	{
		"albumtitle": "《良院专区》中级讲道学(19)",
		"title": "實例二：靈修與講道",
		"duration": 1760,
        "size": "3.5M",
		"albumId": 118,
		"albumName": "《良院专区》中级讲道学",
		"path": "https://rawcdn.githack.com/quiet324/LiangYouSchoolAlbum4/1706053/mavah/mavah019.mp3",
		"id": 118888198
	},
	{
		"albumtitle": "《良院专区》中级讲道学(20)",
		"title": "實例三：核心章與講道",
		"duration": 1760,
        "size": "3.5M",
		"albumId": 118,
		"albumName": "《良院专区》中级讲道学",
		"path": "https://rawcdn.githack.com/quiet324/LiangYouSchoolAlbum4/1706053/mavah/mavah020.mp3",
		"id": 118888199
	},
	{
		"albumtitle": "《良院专区》中级讲道学(21)",
		"title": "講道的十大原則",
		"duration": 1760,
        "size": "3.5M",
		"albumId": 118,
		"albumName": "《良院专区》中级讲道学",
		"path": "https://rawcdn.githack.com/quiet324/LiangYouSchoolAlbum4/1706053/mavah/mavah021.mp3",
		"id": 118888200
	},
	{
		"albumtitle": "《良院专区》中级讲道学(22)",
		"title": "“用盡一生讀經”計劃與操練",
		"duration": 1760,
        "size": "3.5M",
		"albumId": 118,
		"albumName": "《良院专区》中级讲道学",
		"path": "https://rawcdn.githack.com/quiet324/LiangYouSchoolAlbum4/1706053/mavah/mavah022.mp3",
		"id": 118888201
	},
	{
		"albumtitle": "《良院专区》中级讲道学(23)",
		"title": "“用盡一生講道”計劃與操練",
		"duration": 1760,
        "size": "3.5M",
		"albumId": 118,
		"albumName": "《良院专区》中级讲道学",
		"path": "https://rawcdn.githack.com/quiet324/LiangYouSchoolAlbum4/1706053/mavah/mavah023.mp3",
		"id": 118888202
	},
	{
		"albumtitle": "《良院专区》中级讲道学(24)",
		"title": "全人投入與一生講道",
		"duration": 1760,
        "size": "3.5M",
		"albumId": 118,
		"albumName": "《良院专区》中级讲道学",
		"path": "https://rawcdn.githack.com/quiet324/LiangYouSchoolAlbum4/1706053/mavah/mavah024.mp3",
		"id": 118888203
	}
]