[
	{
		"albumtitle": "《良院专区》圣经背景(01)",
		"title": "導論－聖地的歷史",
		"duration": 1900,
		"size": "7M",
		"albumId": 190,
		"albumName": "《良院专区》圣经背景",
		"path": "https://rawcdn.githack.com/quiet324/LiangYouSchoolAlbum14/1706057/mavbi/mavbi001.mp3",
		"id": 190888180
	},
	{
		"albumtitle": "《良院专区》圣经背景(02)",
		"title": "中東地域－世界的中心與新月沃灣",
		"duration": 1900,
		"size": "7M",
		"albumId": 190,
		"albumName": "《良院专区》圣经背景",
		"path": "https://rawcdn.githack.com/quiet324/LiangYouSchoolAlbum14/1706057/mavbi/mavbi002.mp3",
		"id": 190888181
	},
	{
		"albumtitle": "《良院专区》圣经背景(03)",
		"title": "希伯來民族的生活形態",
		"duration": 1900,
		"size": "7M",
		"albumId": 190,
		"albumName": "《良院专区》圣经背景",
		"path": "https://rawcdn.githack.com/quiet324/LiangYouSchoolAlbum14/1706057/mavbi/mavbi003.mp3",
		"id": 190888182
	},
	{
		"albumtitle": "《良院专区》圣经背景(04)",
		"title": "舊約中的各大民族",
		"duration": 1900,
		"size": "7M",
		"albumId": 190,
		"albumName": "《良院专区》圣经背景",
		"path": "https://rawcdn.githack.com/quiet324/LiangYouSchoolAlbum14/1706057/mavbi/mavbi004.mp3",
		"id": 190888183
	},
	{
		"albumtitle": "《良院专区》圣经背景(05)",
		"title": "定居迦南的以色列人",
		"duration": 1900,
		"size": "7M",
		"albumId": 190,
		"albumName": "《良院专区》圣经背景",
		"path": "https://rawcdn.githack.com/quiet324/LiangYouSchoolAlbum14/1706057/mavbi/mavbi005.mp3",
		"id": 190888184
	},
	{
		"albumtitle": "《良院专区》圣经背景(06)",
		"title": "舊約歷史簡述",
		"duration": 1900,
		"size": "7M",
		"albumId": 190,
		"albumName": "《良院专区》圣经背景",
		"path": "https://rawcdn.githack.com/quiet324/LiangYouSchoolAlbum14/1706057/mavbi/mavbi006.mp3",
		"id": 190888185
	}
,
	{
		"albumtitle": "《良院专区》圣经背景(07)",
		"title": "兩約之間歷史簡述上",
		"duration": 1900,
		"size": "7M",
		"albumId": 190,
		"albumName": "《良院专区》圣经背景",
		"path": "https://rawcdn.githack.com/quiet324/LiangYouSchoolAlbum14/1706057/mavbi/mavbi007.mp3",
		"id": 190888186
	},
	{
		"albumtitle": "《良院专区》圣经背景(08)",
		"title": "兩約之間歷史簡述下",
		"duration": 1900,
		"size": "7M",
		"albumId": 190,
		"albumName": "《良院专区》圣经背景",
		"path": "https://rawcdn.githack.com/quiet324/LiangYouSchoolAlbum14/1706057/mavbi/mavbi008.mp3",
		"id": 190888187
	},
	{
		"albumtitle": "《良院专区》圣经背景(09)",
		"title": "新約政治背景",
		"duration": 1900,
		"size": "7M",
		"albumId": 190,
		"albumName": "《良院专区》圣经背景",
		"path": "https://rawcdn.githack.com/quiet324/LiangYouSchoolAlbum14/1706057/mavbi/mavbi009.mp3",
		"id": 190888188
	},
	{
		"albumtitle": "《良院专区》圣经背景(10)",
		"title": "歷史的轉機－耶穌誕生時的世界文化匯聚",
		"duration": 1900,
		"size": "7M",
		"albumId": 190,
		"albumName": "《良院专区》圣经背景",
		"path": "https://rawcdn.githack.com/quiet324/LiangYouSchoolAlbum14/1706057/mavbi/mavbi010.mp3",
		"id": 190888189
	},
	{
		"albumtitle": "《良院专区》圣经背景(11)",
		"title": "主前猶太教的發展",
		"duration": 1900,
		"size": "7M",
		"albumId": 190,
		"albumName": "《良院专区》圣经背景",
		"path": "https://rawcdn.githack.com/quiet324/LiangYouSchoolAlbum14/1706057/mavbi/mavbi011.mp3",
		"id": 190888190
	},
	{
		"albumtitle": "《良院专区》圣经背景(12)",
		"title": "彌賽亞觀念與會堂文化",
		"duration": 1900,
		"size": "7M",
		"albumId": 190,
		"albumName": "《良院专区》圣经背景",
		"path": "https://rawcdn.githack.com/quiet324/LiangYouSchoolAlbum14/1706057/mavbi/mavbi012.mp3",
		"id": 190888191
	},
	{
		"albumtitle": "《良院专区》圣经背景(13)",
		"title": "耶穌時代的經濟狀況",
		"duration": 1900,
		"size": "7M",
		"albumId": 190,
		"albumName": "《良院专区》圣经背景",
		"path": "https://rawcdn.githack.com/quiet324/LiangYouSchoolAlbum14/1706057/mavbi/mavbi013.mp3",
		"id": 190888192
	},
	{
		"albumtitle": "《良院专区》圣经背景(14)",
		"title": "耶路撒冷中的聖殿",
		"duration": 1900,
		"size": "7M",
		"albumId": 190,
		"albumName": "《良院专区》圣经背景",
		"path": "https://rawcdn.githack.com/quiet324/LiangYouSchoolAlbum14/1706057/mavbi/mavbi014.mp3",
		"id": 190888193
	},
	{
		"albumtitle": "《良院专区》圣经背景(15)",
		"title": "新約中其他主要地方",
		"duration": 1900,
		"size": "7M",
		"albumId": 190,
		"albumName": "《良院专区》圣经背景",
		"path": "https://rawcdn.githack.com/quiet324/LiangYouSchoolAlbum14/1706057/mavbi/mavbi015.mp3",
		"id": 190888194
	},
	{
		"albumtitle": "《良院专区》圣经背景(16)",
		"title": "以色列家庭教育",
		"duration": 1900,
		"size": "7M",
		"albumId": 190,
		"albumName": "《良院专区》圣经背景",
		"path": "https://rawcdn.githack.com/quiet324/LiangYouSchoolAlbum14/1706057/mavbi/mavbi016.mp3",
		"id": 190888195
	}
,
	{
		"albumtitle": "《良院专区》圣经背景(17)",
		"title": "以色列的宗教節期和慶典",
		"duration": 1900,
		"size": "7M",
		"albumId": 190,
		"albumName": "《良院专区》圣经背景",
		"path": "https://rawcdn.githack.com/quiet324/LiangYouSchoolAlbum14/1706057/mavbi/mavbi017.mp3",
		"id": 190888196
	},
	{
		"albumtitle": "《良院专区》圣经背景(18)",
		"title": "社會生活（一）：猶太人派系林立",
		"duration": 1900,
		"size": "7M",
		"albumId": 190,
		"albumName": "《良院专区》圣经背景",
		"path": "https://rawcdn.githack.com/quiet324/LiangYouSchoolAlbum14/1706057/mavbi/mavbi018.mp3",
		"id": 190888197
	},
	{
		"albumtitle": "《良院专区》圣经背景(19)",
		"title": "社會生活（二）：潔與不潔的二分",
		"duration": 1900,
		"size": "7M",
		"albumId": 190,
		"albumName": "《良院专区》圣经背景",
		"path": "https://rawcdn.githack.com/quiet324/LiangYouSchoolAlbum14/1706057/mavbi/mavbi019.mp3",
		"id": 190888198
	},
	{
		"albumtitle": "《良院专区》圣经背景(20)",
		"title": "社會生活（三）：階級關係與榮辱觀念",
		"duration": 1900,
		"size": "7M",
		"albumId": 190,
		"albumName": "《良院专区》圣经背景",
		"path": "https://rawcdn.githack.com/quiet324/LiangYouSchoolAlbum14/1706057/mavbi/mavbi020.mp3",
		"id": 190888199
	},
	{
		"albumtitle": "《良院专区》圣经背景(21)",
		"title": "律社會生活（四）：奴隸制度與女性地位",
		"duration": 1900,
		"size": "7M",
		"albumId": 190,
		"albumName": "《良院专区》圣经背景",
		"path": "https://rawcdn.githack.com/quiet324/LiangYouSchoolAlbum14/1706057/mavbi/mavbi021.mp3",
		"id": 190888200
	},
	{
		"albumtitle": "《良院专区》圣经背景(22)",
		"title": "社會生活（五）：日常生活",
		"duration": 1900,
		"size": "7M",
		"albumId": 190,
		"albumName": "《良院专区》圣经背景",
		"path": "https://rawcdn.githack.com/quiet324/LiangYouSchoolAlbum14/1706057/mavbi/mavbi022.mp3",
		"id": 190888201
	},
	{
		"albumtitle": "《良院专区》圣经背景(23)",
		"title": "猶太與羅馬的刑罰制度",
		"duration": 1900,
		"size": "7M",
		"albumId": 190,
		"albumName": "《良院专区》圣经背景",
		"path": "https://rawcdn.githack.com/quiet324/LiangYouSchoolAlbum14/1706057/mavbi/mavbi023.mp3",
		"id": 190888202
	},
	{
		"albumtitle": "《良院专区》圣经背景(24)",
		"title": "教會成長的背景",
		"duration": 1900,
		"size": "7M",
		"albumId": 190,
		"albumName": "《良院专区》圣经背景",
		"path": "https://rawcdn.githack.com/quiet324/LiangYouSchoolAlbum14/1706057/mavbi/mavbi024.mp3",
		"id": 190888203
	}


]