[
	{
		"albumtitle": "《良院专区》基督工人操守(01)",
		"title": "自我管理，成為榜樣",
		"duration": 1760,
        "size": "7M",
		"albumId": 105,
		"albumName": "《良院专区》基督工人操守",
		"path": "https://rawcdn.githack.com/quiet324/LiangYouSchoolAlbum3/1706053/mavcw/mavcw101.mp3",
		"id": 105888180
	},
	{
		"albumtitle": "《良院专区》基督工人操守(02)",
		"title": "自我形象",
		"duration": 1760,
        "size": "7M",
		"albumId": 105,
		"albumName": "《良院专区》基督工人操守",
		"path": "https://rawcdn.githack.com/quiet324/LiangYouSchoolAlbum3/1706053/mavcw/mavcw102.mp3",
		"id": 105888181
	},
	{
		"albumtitle": "《良院专区》基督工人操守(03)",
		"title": "自我認識（一）",
		"duration": 1760,
        "size": "7M",
		"albumId": 105,
		"albumName": "《良院专区》基督工人操守",
		"path": "https://rawcdn.githack.com/quiet324/LiangYouSchoolAlbum3/1706053/mavcw/mavcw103.mp3",
		"id": 105888182
	},
	{
		"albumtitle": "《良院专区》基督工人操守(04)",
		"title": "自我認識（二）",
		"duration": 1760,
        "size": "7M",
		"albumId": 105,
		"albumName": "《良院专区》基督工人操守",
		"path": "https://rawcdn.githack.com/quiet324/LiangYouSchoolAlbum3/1706053/mavcw/mavcw104.mp3",
		"id": 105888183
	},
	{
		"albumtitle": "《良院专区》基督工人操守(05)",
		"title": "認識自己的的品格",
		"duration": 1760,
        "size": "7M",
		"albumId": 105,
		"albumName": "《良院专区》基督工人操守",
		"path": "https://rawcdn.githack.com/quiet324/LiangYouSchoolAlbum3/1706053/mavcw/mavcw105.mp3",
		"id": 105888184
	},
	{
		"albumtitle": "《良院专区》基督工人操守(06)",
		"title": "家庭背景（一）",
		"duration": 1760,
        "size": "7M",
		"albumId": 105,
		"albumName": "《良院专区》基督工人操守",
		"path": "https://rawcdn.githack.com/quiet324/LiangYouSchoolAlbum3/1706053/mavcw/mavcw106.mp3",
		"id": 105888185
	}
,
	{
		"albumtitle": "《良院专区》基督工人操守(07)",
		"title": "家庭背景（二）",
		"duration": 1760,
        "size": "7M",
		"albumId": 105,
		"albumName": "《良院专区》基督工人操守",
		"path": "https://rawcdn.githack.com/quiet324/LiangYouSchoolAlbum3/1706053/mavcw/mavcw107.mp3",
		"id": 105888186
	},
	{
		"albumtitle": "《良院专区》基督工人操守(08)",
		"title": "健康的婚姻",
		"duration": 1760,
        "size": "7M",
		"albumId": 105,
		"albumName": "《良院专区》基督工人操守",
		"path": "https://rawcdn.githack.com/quiet324/LiangYouSchoolAlbum3/1706053/mavcw/mavcw108.mp3",
		"id": 105888187
	},
	{
		"albumtitle": "《良院专区》基督工人操守(09)",
		"title": "從疲憊中得力",
		"duration": 1760,
        "size": "7M",
		"albumId": 105,
		"albumName": "《良院专区》基督工人操守",
		"path": "https://rawcdn.githack.com/quiet324/LiangYouSchoolAlbum3/1706053/mavcw/mavcw109.mp3",
		"id": 105888188
	},
	{
		"albumtitle": "《良院专区》基督工人操守(10)",
		"title": "信行合一",
		"duration": 1760,
        "size": "7M",
		"albumId": 105,
		"albumName": "《良院专区》基督工人操守",
		"path": "https://rawcdn.githack.com/quiet324/LiangYouSchoolAlbum3/1706053/mavcw/mavcw110.mp3",
		"id": 105888189
	},
	{
		"albumtitle": "《良院专区》基督工人操守(11)",
		"title": "合乎主用",
		"duration": 1760,
        "size": "7M",
		"albumId": 105,
		"albumName": "《良院专区》基督工人操守",
		"path": "https://rawcdn.githack.com/quiet324/LiangYouSchoolAlbum3/1706053/mavcw/mavcw111.mp3",
		"id": 105888190
	},
	{
		"albumtitle": "《良院专区》基督工人操守(12)",
		"title": "工人的社會關係",
		"duration": 1760,
        "size": "7M",
		"albumId": 105,
		"albumName": "《良院专区》基督工人操守",
		"path": "https://rawcdn.githack.com/quiet324/LiangYouSchoolAlbum3/1706053/mavcw/mavcw112.mp3",
		"id": 105888191
	},
	{
		"albumtitle": "《良院专区》基督工人操守(13)",
		"title": "工人的教外名聲",
		"duration": 1760,
        "size": "7M",
		"albumId": 105,
		"albumName": "《良院专区》基督工人操守",
		"path": "https://rawcdn.githack.com/quiet324/LiangYouSchoolAlbum3/1706053/mavcw/mavcw113.mp3",
		"id": 105888192
	},
	{
		"albumtitle": "《良院专区》基督工人操守(14)",
		"title": "工人的教會關係（一）同工與問責",
		"duration": 1760,
        "size": "7M",
		"albumId": 105,
		"albumName": "《良院专区》基督工人操守",
		"path": "https://rawcdn.githack.com/quiet324/LiangYouSchoolAlbum3/1706053/mavcw/mavcw114.mp3",
		"id": 105888193
	},
	{
		"albumtitle": "《良院专区》基督工人操守(15)",
		"title": "工人的教會關係（二）理想的教會組織",
		"duration": 1760,
        "size": "7M",
		"albumId": 105,
		"albumName": "《良院专区》基督工人操守",
		"path": "https://rawcdn.githack.com/quiet324/LiangYouSchoolAlbum3/1706053/mavcw/mavcw115.mp3",
		"id": 105888194
	},
	{
		"albumtitle": "《良院专区》基督工人操守(16)",
		"title": "工人的肢體關係（一）",
		"duration": 1760,
        "size": "7M",
		"albumId": 105,
		"albumName": "《良院专区》基督工人操守",
		"path": "https://rawcdn.githack.com/quiet324/LiangYouSchoolAlbum3/1706053/mavcw/mavcw116.mp3",
		"id": 105888195
	}
,
	{
		"albumtitle": "《良院专区》基督工人操守(17)",
		"title": "工人的肢體關係（二）",
		"duration": 1760,
        "size": "7M",
		"albumId": 105,
		"albumName": "《良院专区》基督工人操守",
		"path": "https://rawcdn.githack.com/quiet324/LiangYouSchoolAlbum3/1706053/mavcw/mavcw117.mp3",
		"id": 105888196
	},
	{
		"albumtitle": "《良院专区》基督工人操守(18)",
		"title": "逃避試探",
		"duration": 1760,
        "size": "7M",
		"albumId": 105,
		"albumName": "《良院专区》基督工人操守",
		"path": "https://rawcdn.githack.com/quiet324/LiangYouSchoolAlbum3/1706053/mavcw/mavcw118.mp3",
		"id": 105888197
	},
	{
		"albumtitle": "《良院专区》基督工人操守(19)",
		"title": "信實（一）絕對誠實",
		"duration": 1760,
        "size": "7M",
		"albumId": 105,
		"albumName": "《良院专区》基督工人操守",
		"path": "https://rawcdn.githack.com/quiet324/LiangYouSchoolAlbum3/1706053/mavcw/mavcw119.mp3",
		"id": 105888198
	},
	{
		"albumtitle": "《良院专区》基督工人操守(20)",
		"title": "信實（二）全然可靠",
		"duration": 1760,
        "size": "7M",
		"albumId": 105,
		"albumName": "《良院专区》基督工人操守",
		"path": "https://rawcdn.githack.com/quiet324/LiangYouSchoolAlbum3/1706053/mavcw/mavcw120.mp3",
		"id": 105888199
	},
	{
		"albumtitle": "《良院专区》基督工人操守(21)",
		"title": "簡樸生活",
		"duration": 1760,
        "size": "7M",
		"albumId": 105,
		"albumName": "《良院专区》基督工人操守",
		"path": "https://rawcdn.githack.com/quiet324/LiangYouSchoolAlbum3/1706053/mavcw/mavcw121.mp3",
		"id": 105888200
	},
	{
		"albumtitle": "《良院专区》基督工人操守(22)",
		"title": "信心與勇氣",
		"duration": 1760,
        "size": "7M",
		"albumId": 105,
		"albumName": "《良院专区》基督工人操守",
		"path": "https://rawcdn.githack.com/quiet324/LiangYouSchoolAlbum3/1706053/mavcw/mavcw122.mp3",
		"id": 105888201
	},
	{
		"albumtitle": "《良院专区》基督工人操守(23)",
		"title": "講道事奉的操守",
		"duration": 1760,
        "size": "7M",
		"albumId": 105,
		"albumName": "《良院专区》基督工人操守",
		"path": "https://rawcdn.githack.com/quiet324/LiangYouSchoolAlbum3/1706053/mavcw/mavcw123.mp3",
		"id": 105888202
	},
	{
		"albumtitle": "《良院专区》基督工人操守(24)",
		"title": "再度委身",
		"duration": 1760,
        "size": "7M",
		"albumId": 105,
		"albumName": "《良院专区》基督工人操守",
		"path": "https://rawcdn.githack.com/quiet324/LiangYouSchoolAlbum3/1706053/mavcw/mavcw124.mp3",
		"id": 105888203
	}
]