[
	{
		"albumtitle": "《良院专区》基督教教义(01)",
		"title": "緒論",
		"duration": 1760,
		"size": "3.5M",
		"albumId": 142,
		"albumName": "《良院专区》基督教教义",
		"path": "https://rawcdn.githack.com/quiet324/LiangYouSchoolAlbum8/1706053/mavcd/mavcd2001.mp3",
		"id": 142888180
	},
	{
		"albumtitle": "《良院专区》基督教教义(02)",
		"title": "教義與中國教會（一）",
		"duration": 1760,
		"size": "3.5M",
		"albumId": 142,
		"albumName": "《良院专区》基督教教义",
		"path": "https://rawcdn.githack.com/quiet324/LiangYouSchoolAlbum8/1706053/mavcd/mavcd2002.mp3",
		"id": 142888181
	},
	{
		"albumtitle": "《良院专区》基督教教义(03)",
		"title": "教義與中國教會（二）",
		"duration": 1760,
		"size": "3.5M",
		"albumId": 142,
		"albumName": "《良院专区》基督教教义",
		"path": "https://rawcdn.githack.com/quiet324/LiangYouSchoolAlbum8/1706053/mavcd/mavcd2003.mp3",
		"id": 142888182
	},
	{
		"albumtitle": "《良院专区》基督教教义(04)",
		"title": "教義與中國教會（三）",
		"duration": 1760,
		"size": "3.5M",
		"albumId": 142,
		"albumName": "《良院专区》基督教教义",
		"path": "https://rawcdn.githack.com/quiet324/LiangYouSchoolAlbum8/1706053/mavcd/mavcd2004.mp3",
		"id": 142888183
	},
	{
		"albumtitle": "《良院专区》基督教教义(05)",
		"title": "啟示論（一） 聖經的默示",
		"duration": 1760,
		"size": "3.5M",
		"albumId": 142,
		"albumName": "《良院专区》基督教教义",
		"path": "https://rawcdn.githack.com/quiet324/LiangYouSchoolAlbum8/1706053/mavcd/mavcd2005.mp3",
		"id": 142888184
	},
	{
		"albumtitle": "《良院专区》基督教教义(06)",
		"title": "啟示論（二） 聖經正典",
		"duration": 1760,
		"size": "3.5M",
		"albumId": 142,
		"albumName": "《良院专区》基督教教义",
		"path": "https://rawcdn.githack.com/quiet324/LiangYouSchoolAlbum8/1706053/mavcd/mavcd2006.mp3",
		"id": 142888185
	}
,
	{
		"albumtitle": "《良院专区》基督教教义(07)",
		"title": "啟示論（三） 聖經的內容",
		"duration": 1760,
		"size": "3.5M",
		"albumId": 142,
		"albumName": "《良院专区》基督教教义",
		"path": "https://rawcdn.githack.com/quiet324/LiangYouSchoolAlbum8/1706053/mavcd/mavcd2007.mp3",
		"id": 142888186
	},
	{
		"albumtitle": "《良院专区》基督教教义(08)",
		"title": "啟示論（四） 聖經的解釋",
		"duration": 1760,
		"size": "3.5M",
		"albumId": 142,
		"albumName": "《良院专区》基督教教义",
		"path": "https://rawcdn.githack.com/quiet324/LiangYouSchoolAlbum8/1706053/mavcd/mavcd2008.mp3",
		"id": 142888187
	},
	{
		"albumtitle": "《良院专区》基督教教义(09)",
		"title": "神論（一） 神的屬性",
		"duration": 1760,
		"size": "3.5M",
		"albumId": 142,
		"albumName": "《良院专区》基督教教义",
		"path": "https://rawcdn.githack.com/quiet324/LiangYouSchoolAlbum8/1706053/mavcd/mavcd2009.mp3",
		"id": 142888188
	},
	{
		"albumtitle": "《良院专区》基督教教义(10)",
		"title": "神論（二） 神的旨意",
		"duration": 1760,
		"size": "3.5M",
		"albumId": 142,
		"albumName": "《良院专区》基督教教义",
		"path": "https://rawcdn.githack.com/quiet324/LiangYouSchoolAlbum8/1706053/mavcd/mavcd2010.mp3",
		"id": 142888189
	},
	{
		"albumtitle": "《良院专区》基督教教义(11)",
		"title": "神論（三） 三位一體",
		"duration": 1760,
		"size": "3.5M",
		"albumId": 142,
		"albumName": "《良院专区》基督教教义",
		"path": "https://rawcdn.githack.com/quiet324/LiangYouSchoolAlbum8/1706053/mavcd/mavcd2011.mp3",
		"id": 142888190
	},
	{
		"albumtitle": "《良院专区》基督教教义(12)",
		"title": "神論（四） 神的創造與揀選",
		"duration": 1760,
		"size": "3.5M",
		"albumId": 142,
		"albumName": "《良院专区》基督教教义",
		"path": "https://rawcdn.githack.com/quiet324/LiangYouSchoolAlbum8/1706053/mavcd/mavcd2012.mp3",
		"id": 142888191
	},
	{
		"albumtitle": "《良院专区》基督教教义(13)",
		"title": "天使論（一） 靈體",
		"duration": 1760,
		"size": "3.5M",
		"albumId": 142,
		"albumName": "《良院专区》基督教教义",
		"path": "https://rawcdn.githack.com/quiet324/LiangYouSchoolAlbum8/1706053/mavcd/mavcd2013.mp3",
		"id": 142888192
	},
	{
		"albumtitle": "《良院专区》基督教教义(14)",
		"title": "天使論（二） 魔鬼撒旦和污鬼",
		"duration": 1760,
		"size": "3.5M",
		"albumId": 142,
		"albumName": "《良院专区》基督教教义",
		"path": "https://rawcdn.githack.com/quiet324/LiangYouSchoolAlbum8/1706053/mavcd/mavcd2014.mp3",
		"id": 142888193
	},
	{
		"albumtitle": "《良院专区》基督教教义(15)",
		"title": "人論─人的尊嚴、兩性與墮落",
		"duration": 1760,
		"size": "3.5M",
		"albumId": 142,
		"albumName": "《良院专区》基督教教义",
		"path": "https://rawcdn.githack.com/quiet324/LiangYouSchoolAlbum8/1706053/mavcd/mavcd2015.mp3",
		"id": 142888194
	},
	{
		"albumtitle": "《良院专区》基督教教义(16)",
		"title": "基督論（一） 神人二性",
		"duration": 1760,
		"size": "3.5M",
		"albumId": 142,
		"albumName": "《良院专区》基督教教义",
		"path": "https://rawcdn.githack.com/quiet324/LiangYouSchoolAlbum8/1706053/mavcd/mavcd2016.mp3",
		"id": 142888195
	}
,
	{
		"albumtitle": "《良院专区》基督教教义(17)",
		"title": "基督論（二） 基督的職份",
		"duration": 1760,
		"size": "3.5M",
		"albumId": 142,
		"albumName": "《良院专区》基督教教义",
		"path": "https://rawcdn.githack.com/quiet324/LiangYouSchoolAlbum8/1706053/mavcd/mavcd2017.mp3",
		"id": 142888196
	},
	{
		"albumtitle": "《良院专区》基督教教义(18)",
		"title": "基督論（三） 耶穌的一生",
		"duration": 1760,
		"size": "3.5M",
		"albumId": 142,
		"albumName": "《良院专区》基督教教义",
		"path": "https://rawcdn.githack.com/quiet324/LiangYouSchoolAlbum8/1706053/mavcd/mavcd2018.mp3",
		"id": 142888197
	},
	{
		"albumtitle": "《良院专区》基督教教义(19)",
		"title": "基督論（四） 救贖的基礎",
		"duration": 1760,
		"size": "3.5M",
		"albumId": 142,
		"albumName": "《良院专区》基督教教义",
		"path": "https://rawcdn.githack.com/quiet324/LiangYouSchoolAlbum8/1706053/mavcd/mavcd2019.mp3",
		"id": 142888198
	},
	{
		"albumtitle": "《良院专区》基督教教义(20)",
		"title": "基督論（五） 基督的救贖",
		"duration": 1760,
		"size": "3.5M",
		"albumId": 142,
		"albumName": "《良院专区》基督教教义",
		"path": "https://rawcdn.githack.com/quiet324/LiangYouSchoolAlbum8/1706053/mavcd/mavcd2020.mp3",
		"id": 142888199
	},
	{
		"albumtitle": "《良院专区》基督教教义(21)",
		"title": "聖靈論（一）",
		"duration": 1760,
		"size": "3.5M",
		"albumId": 142,
		"albumName": "《良院专区》基督教教义",
		"path": "https://rawcdn.githack.com/quiet324/LiangYouSchoolAlbum8/1706053/mavcd/mavcd2021.mp3",
		"id": 142888200
	},
	{
		"albumtitle": "《良院专区》基督教教义(22)",
		"title": "聖靈論（二） 聖靈的恩賜",
		"duration": 1760,
		"size": "3.5M",
		"albumId": 142,
		"albumName": "《良院专区》基督教教义",
		"path": "https://rawcdn.githack.com/quiet324/LiangYouSchoolAlbum8/1706053/mavcd/mavcd2022.mp3",
		"id": 142888201
	},
	{
		"albumtitle": "《良院专区》基督教教义(23)",
		"title": "聖靈論（三） 歷史的借鑑",
		"duration": 1760,
		"size": "3.5M",
		"albumId": 142,
		"albumName": "《良院专区》基督教教义",
		"path": "https://rawcdn.githack.com/quiet324/LiangYouSchoolAlbum8/1706053/mavcd/mavcd2023.mp3",
		"id": 142888202
	},
	{
		"albumtitle": "《良院专区》基督教教义(24)",
		"title": "悔改與信心",
		"duration": 1760,
		"size": "3.5M",
		"albumId": 142,
		"albumName": "《良院专区》基督教教义",
		"path": "https://rawcdn.githack.com/quiet324/LiangYouSchoolAlbum8/1706053/mavcd/mavcd2024.mp3",
		"id": 142888203
	},
	{
		"albumtitle": "《良院专区》基督教教义(25)",
		"title": "稱義與成聖",
		"duration": 1760,
		"size": "3.5M",
		"albumId": 142,
		"albumName": "《良院专区》基督教教义",
		"path": "https://rawcdn.githack.com/quiet324/LiangYouSchoolAlbum8/1706053/mavcd/mavcd2025.mp3",
		"id": 142888204
	},
	{
		"albumtitle": "《良院专区》基督教教义(26)",
		"title": "教會論（一）",
		"duration": 1760,
		"size": "3.5M",
		"albumId": 142,
		"albumName": "《良院专区》基督教教义",
		"path": "https://rawcdn.githack.com/quiet324/LiangYouSchoolAlbum8/1706053/mavcd/mavcd2026.mp3",
		"id": 142888205
	},
	{
		"albumtitle": "《良院专区》基督教教义(27)",
		"title": "教會論（二） 教會的聖禮：洗禮和聖餐",
		"duration": 1760,
		"size": "3.5M",
		"albumId": 142,
		"albumName": "《良院专区》基督教教义",
		"path": "https://rawcdn.githack.com/quiet324/LiangYouSchoolAlbum8/1706053/mavcd/mavcd2027.mp3",
		"id": 142888206
	},
	{
		"albumtitle": "《良院专区》基督教教义(28)",
		"title": "末世論（一）",
		"duration": 1760,
		"size": "3.5M",
		"albumId": 142,
		"albumName": "《良院专区》基督教教义",
		"path": "https://rawcdn.githack.com/quiet324/LiangYouSchoolAlbum8/1706053/mavcd/mavcd2028.mp3",
		"id": 142888207
	},
	{
		"albumtitle": "《良院专区》基督教教义(29)",
		"title": "末世論（二） 基督的再來",
		"duration": 1760,
		"size": "3.5M",
		"albumId": 142,
		"albumName": "《良院专区》基督教教义",
		"path": "https://rawcdn.githack.com/quiet324/LiangYouSchoolAlbum8/1706053/mavcd/mavcd2029.mp3",
		"id": 142888208
	},
	{
		"albumtitle": "《良院专区》基督教教义(30)",
		"title": "福音派信仰",
		"duration": 1760,
		"size": "3.5M",
		"albumId": 142,
		"albumName": "《良院专区》基督教教义",
		"path": "https://rawcdn.githack.com/quiet324/LiangYouSchoolAlbum8/1706053/mavcd/mavcd2030.mp3",
		"id": 142888209
	}
]