[
	{
		"albumtitle": "《良院专区》教会纪律(01)",
		"title": "教会纪律的圣经真理（一）",
		"duration": 1760,
        "size": "5.3M",
		"albumId": 100,
		"albumName": "《良院专区》教会纪律",
		"path": "https://rawcdn.githack.com/quiet324/LiangYouSchoolAlbum2/17060513/mavcp/mavcp001.mp3",
		"id": 100888180
	},
	{
		"albumtitle": "《良院专区》教会纪律(02)",
		"title": "教会纪律的圣经真理（二）",
		"duration": 1760,
        "size": "5.3M",
		"albumId": 100,
		"albumName": "《良院专区》教会纪律",
		"path": "https://rawcdn.githack.com/quiet324/LiangYouSchoolAlbum2/17060513/mavcp/mavcp002.mp3",
		"id": 100888181
	},
	{
		"albumtitle": "《良院专区》教会纪律(03)",
		"title": "教会纪律的圣经真理（三）",
		"duration": 1760,
        "size": "5.3M",
		"albumId": 100,
		"albumName": "《良院专区》教会纪律",
		"path": "https://rawcdn.githack.com/quiet324/LiangYouSchoolAlbum2/17060513/mavcp/mavcp003.mp3",
		"id": 100888182
	},
	{
		"albumtitle": "《良院专区》教会纪律(04)",
		"title": "教会纪律的圣经真理（四）",
		"duration": 1760,
        "size": "5.3M",
		"albumId": 100,
		"albumName": "《良院专区》教会纪律",
		"path": "https://rawcdn.githack.com/quiet324/LiangYouSchoolAlbum2/17060513/mavcp/mavcp004.mp3",
		"id": 100888183
	},
	{
		"albumtitle": "《良院专区》教会纪律(05)",
		"title": "教会纪律的圣经真理（五）",
		"duration": 1760,
        "size": "5.3M",
		"albumId": 100,
		"albumName": "《良院专区》教会纪律",
		"path": "https://rawcdn.githack.com/quiet324/LiangYouSchoolAlbum2/17060513/mavcp/mavcp005.mp3",
		"id": 100888184
	},
	{
		"albumtitle": "《良院专区》教会纪律(06)",
		"title": "教会纪律的圣经真理（六）",
		"duration": 1760,
        "size": "5.3M",
		"albumId": 100,
		"albumName": "《良院专区》教会纪律",
		"path": "https://rawcdn.githack.com/quiet324/LiangYouSchoolAlbum2/17060513/mavcp/mavcp006.mp3",
		"id": 100888185
	}
,
	{
		"albumtitle": "《良院专区》教会纪律(07)",
		"title": "教会纪律的圣经真理（七）",
		"duration": 1760,
        "size": "5.3M",
		"albumId": 100,
		"albumName": "《良院专区》教会纪律",
		"path": "https://rawcdn.githack.com/quiet324/LiangYouSchoolAlbum2/17060513/mavcp/mavcp007.mp3",
		"id": 100888186
	},
	{
		"albumtitle": "《良院专区》教会纪律(08)",
		"title": "教会纪律的一般原则（一）",
		"duration": 1760,
        "size": "5.3M",
		"albumId": 100,
		"albumName": "《良院专区》教会纪律",
		"path": "https://rawcdn.githack.com/quiet324/LiangYouSchoolAlbum2/17060513/mavcp/mavcp008.mp3",
		"id": 100888187
	},
	{
		"albumtitle": "《良院专区》教会纪律(09)",
		"title": "教会纪律的一般原则（二）",
		"duration": 1760,
        "size": "5.3M",
		"albumId": 100,
		"albumName": "《良院专区》教会纪律",
		"path": "https://rawcdn.githack.com/quiet324/LiangYouSchoolAlbum2/17060513/mavcp/mavcp009.mp3",
		"id": 100888188
	},
	{
		"albumtitle": "《良院专区》教会纪律(10)",
		"title": "教会纪律的具体实施",
		"duration": 1760,
        "size": "5.3M",
		"albumId": 100,
		"albumName": "《良院专区》教会纪律",
		"path": "https://rawcdn.githack.com/quiet324/LiangYouSchoolAlbum2/17060513/mavcp/mavcp010.mp3",
		"id": 100888189
	},
	{
		"albumtitle": "《良院专区》教会纪律(11)",
		"title": "教会纪律的执行",
		"duration": 1760,
        "size": "5.3M",
		"albumId": 100,
		"albumName": "《良院专区》教会纪律",
		"path": "https://rawcdn.githack.com/quiet324/LiangYouSchoolAlbum2/17060513/mavcp/mavcp011.mp3",
		"id": 100888190
	},
	{
		"albumtitle": "《良院专区》教会纪律(12)",
		"title": "教会纪律涉及的范围（一）",
		"duration": 1760,
        "size": "5.3M",
		"albumId": 100,
		"albumName": "《良院专区》教会纪律",
		"path": "https://rawcdn.githack.com/quiet324/LiangYouSchoolAlbum2/17060513/mavcp/mavcp012.mp3",
		"id": 100888191
	},
	{
		"albumtitle": "《良院专区》教会纪律(13)",
		"title": "教会纪律涉及的范围（二）",
		"duration": 1760,
        "size": "5.3M",
		"albumId": 100,
		"albumName": "《良院专区》教会纪律",
		"path": "https://rawcdn.githack.com/quiet324/LiangYouSchoolAlbum2/17060513/mavcp/mavcp013.mp3",
		"id": 100888192
	},
	{
		"albumtitle": "《良院专区》教会纪律(14)",
		"title": "教会纪律涉及的范围（三）",
		"duration": 1760,
        "size": "5.3M",
		"albumId": 100,
		"albumName": "《良院专区》教会纪律",
		"path": "https://rawcdn.githack.com/quiet324/LiangYouSchoolAlbum2/17060513/mavcp/mavcp014.mp3",
		"id": 100888193
	},
	{
		"albumtitle": "《良院专区》教会纪律(15)",
		"title": "教会纪律涉及的范围（四）",
		"duration": 1760,
        "size": "5.3M",
		"albumId": 100,
		"albumName": "《良院专区》教会纪律",
		"path": "https://rawcdn.githack.com/quiet324/LiangYouSchoolAlbum2/17060513/mavcp/mavcp015.mp3",
		"id": 100888194
	},
	{
		"albumtitle": "《良院专区》教会纪律(16)",
		"title": "教会纪律涉及的范围（五）",
		"duration": 1760,
        "size": "5.3M",
		"albumId": 100,
		"albumName": "《良院专区》教会纪律",
		"path": "https://rawcdn.githack.com/quiet324/LiangYouSchoolAlbum2/17060513/mavcp/mavcp016.mp3",
		"id": 100888195
	}
,
	{
		"albumtitle": "《良院专区》教会纪律(17)",
		"title": "教会纪律涉及的范围（六）",
		"duration": 1760,
        "size": "5.3M",
		"albumId": 100,
		"albumName": "《良院专区》教会纪律",
		"path": "https://rawcdn.githack.com/quiet324/LiangYouSchoolAlbum2/17060513/mavcp/mavcp017.mp3",
		"id": 100888196
	},
	{
		"albumtitle": "《良院专区》教会纪律(18)",
		"title": "教会纪律涉及的范围（七）",
		"duration": 1760,
        "size": "5.3M",
		"albumId": 100,
		"albumName": "《良院专区》教会纪律",
		"path": "https://rawcdn.githack.com/quiet324/LiangYouSchoolAlbum2/17060513/mavcp/mavcp018.mp3",
		"id": 100888197
	}
]