[
	{
		"albumtitle": "《良院专区》中国教会史(01)",
		"title": "導論：景教來華",
		"duration": 1760,
		"size": "7M",
		"albumId": 127,
		"albumName": "《良院专区》中国教会史",
		"path": "https://rawcdn.githack.com/quiet324/LiangYouSchoolAlbum5/1706052/mavcc/mavcc001.mp3",
		"id": 127888180
	},
	{
		"albumtitle": "《良院专区》中国教会史(02)",
		"title": "景教徒在華的生活和影響",
		"duration": 1760,
		"size": "7M",
		"albumId": 127,
		"albumName": "《良院专区》中国教会史",
		"path": "https://rawcdn.githack.com/quiet324/LiangYouSchoolAlbum5/1706052/mavcc/mavcc002.mp3",
		"id": 127888181
	},
	{
		"albumtitle": "《良院专区》中国教会史(03)",
		"title": "景教和天主教在元代的發展",
		"duration": 1760,
		"size": "7M",
		"albumId": 127,
		"albumName": "《良院专区》中国教会史",
		"path": "https://rawcdn.githack.com/quiet324/LiangYouSchoolAlbum5/1706052/mavcc/mavcc003.mp3",
		"id": 127888182
	},
	{
		"albumtitle": "《良院专区》中国教会史(04)",
		"title": "明代的基督教",
		"duration": 1760,
		"size": "7M",
		"albumId": 127,
		"albumName": "《良院专区》中国教会史",
		"path": "https://rawcdn.githack.com/quiet324/LiangYouSchoolAlbum5/1706052/mavcc/mavcc004.mp3",
		"id": 127888183
	},
	{
		"albumtitle": "《良院专区》中国教会史(05)",
		"title": "明末清初的基督教",
		"duration": 1760,
		"size": "7M",
		"albumId": 127,
		"albumName": "《良院专区》中国教会史",
		"path": "https://rawcdn.githack.com/quiet324/LiangYouSchoolAlbum5/1706052/mavcc/mavcc005.mp3",
		"id": 127888184
	},
	{
		"albumtitle": "《良院专区》中国教会史(06)",
		"title": "禁教後天主教在清廷的發展及東正教入華",
		"duration": 1760,
		"size": "7M",
		"albumId": 127,
		"albumName": "《良院专区》中国教会史",
		"path": "https://rawcdn.githack.com/quiet324/LiangYouSchoolAlbum5/1706052/mavcc/mavcc006.mp3",
		"id": 127888185
	}
,
	{
		"albumtitle": "《良院专区》中国教会史(07)",
		"title": "西方工業革命與 19 世紀對華宣教",
		"duration": 1760,
		"size": "7M",
		"albumId": 127,
		"albumName": "《良院专区》中国教会史",
		"path": "https://rawcdn.githack.com/quiet324/LiangYouSchoolAlbum5/1706052/mavcc/mavcc007.mp3",
		"id": 127888186
	},
	{
		"albumtitle": "《良院专区》中国教会史(08)",
		"title": "19 世紀西方宣教士來華情景：宣教與戰爭",
		"duration": 1760,
		"size": "7M",
		"albumId": 127,
		"albumName": "《良院专区》中国教会史",
		"path": "https://rawcdn.githack.com/quiet324/LiangYouSchoolAlbum5/1706052/mavcc/mavcc008.mp3",
		"id": 127888187
	},
	{
		"albumtitle": "《良院专区》中国教会史(09)",
		"title": "19 世紀天主教與新教在華發展情況",
		"duration": 1760,
		"size": "7M",
		"albumId": 127,
		"albumName": "《良院专区》中国教会史",
		"path": "https://rawcdn.githack.com/quiet324/LiangYouSchoolAlbum5/1706052/mavcc/mavcc009.mp3",
		"id": 127888188
	},
	{
		"albumtitle": "《良院专区》中国教会史(10)",
		"title": "中外眼中的异端：太平天國（1850－1864）",
		"duration": 1760,
		"size": "7M",
		"albumId": 127,
		"albumName": "《良院专区》中国教会史",
		"path": "https://rawcdn.githack.com/quiet324/LiangYouSchoolAlbum5/1706052/mavcc/mavcc010.mp3",
		"id": 127888189
	},
	{
		"albumtitle": "《良院专区》中国教会史(11)",
		"title": "宣教士如何調和福音與文化",
		"duration": 1760,
		"size": "7M",
		"albumId": 127,
		"albumName": "《良院专区》中国教会史",
		"path": "https://rawcdn.githack.com/quiet324/LiangYouSchoolAlbum5/1706052/mavcc/mavcc011.mp3",
		"id": 127888190
	},
	{
		"albumtitle": "《良院专区》中国教会史(12)",
		"title": "晚清華人基督徒調適的努力與宣教士的教訓",
		"duration": 1760,
		"size": "7M",
		"albumId": 127,
		"albumName": "《良院专区》中国教会史",
		"path": "https://rawcdn.githack.com/quiet324/LiangYouSchoolAlbum5/1706052/mavcc/mavcc012.mp3",
		"id": 127888191
	},
	{
		"albumtitle": "《良院专区》中国教会史(13)",
		"title": "晚清教案與反思",
		"duration": 1760,
		"size": "7M",
		"albumId": 127,
		"albumName": "《良院专区》中国教会史",
		"path": "https://rawcdn.githack.com/quiet324/LiangYouSchoolAlbum5/1706052/mavcc/mavcc013.mp3",
		"id": 127888192
	},
	{
		"albumtitle": "《良院专区》中国教会史(14)",
		"title": "百年大會與宗教自由請願之爭",
		"duration": 1760,
		"size": "7M",
		"albumId": 127,
		"albumName": "《良院专区》中国教会史",
		"path": "https://rawcdn.githack.com/quiet324/LiangYouSchoolAlbum5/1706052/mavcc/mavcc014.mp3",
		"id": 127888193
	},
	{
		"albumtitle": "《良院专区》中国教会史(15)",
		"title": "世界潮流與基督教",
		"duration": 1760,
		"size": "7M",
		"albumId": 127,
		"albumName": "《良院专区》中国教会史",
		"path": "https://rawcdn.githack.com/quiet324/LiangYouSchoolAlbum5/1706052/mavcc/mavcc015.mp3",
		"id": 127888194
	},
	{
		"albumtitle": "《良院专区》中国教会史(16)",
		"title": "中國基督教 20 世紀的發展（一）：黃金時代",
		"duration": 1760,
		"size": "7M",
		"albumId": 127,
		"albumName": "《良院专区》中国教会史",
		"path": "https://rawcdn.githack.com/quiet324/LiangYouSchoolAlbum5/1706052/mavcc/mavcc016.mp3",
		"id": 127888195
	}
,
	{
		"albumtitle": "《良院专区》中国教会史(17)",
		"title": "中國基督教 20 世紀的發展（二）：受挫",
		"duration": 1760,
		"size": "7M",
		"albumId": 127,
		"albumName": "《良院专区》中国教会史",
		"path": "https://rawcdn.githack.com/quiet324/LiangYouSchoolAlbum5/1706052/mavcc/mavcc017.mp3",
		"id": 127888196
	},
	{
		"albumtitle": "《良院专区》中国教会史(18)",
		"title": "20 世紀中國教會對時局的回應",
		"duration": 1760,
		"size": "7M",
		"albumId": 127,
		"albumName": "《良院专区》中国教会史",
		"path": "https://rawcdn.githack.com/quiet324/LiangYouSchoolAlbum5/1706052/mavcc/mavcc018.mp3",
		"id": 127888197
	},
	{
		"albumtitle": "《良院专区》中国教会史(19)",
		"title": "20 世紀中國教會內部的建造：自立運動的展開",
		"duration": 1760,
		"size": "7M",
		"albumId": 127,
		"albumName": "《良院专区》中国教会史",
		"path": "https://rawcdn.githack.com/quiet324/LiangYouSchoolAlbum5/1706052/mavcc/mavcc019.mp3",
		"id": 127888198
	},
	{
		"albumtitle": "《良院专区》中国教会史(20)",
		"title": "抗日戰爭時期的教會（1937－1945）",
		"duration": 1760,
		"size": "7M",
		"albumId": 127,
		"albumName": "《良院专区》中国教会史",
		"path": "https://rawcdn.githack.com/quiet324/LiangYouSchoolAlbum5/1706052/mavcc/mavcc020.mp3",
		"id": 127888199
	},
	{
		"albumtitle": "《良院专区》中国教会史(21)",
		"title": "國共內戰時期的教會（1946－1949）",
		"duration": 1760,
		"size": "7M",
		"albumId": 127,
		"albumName": "《良院专区》中国教会史",
		"path": "https://rawcdn.githack.com/quiet324/LiangYouSchoolAlbum5/1706052/mavcc/mavcc021.mp3",
		"id": 127888200
	},
	{
		"albumtitle": "《良院专区》中国教会史(22)",
		"title": "國共內戰時期的教會（1946－1949）",
		"duration": 1760,
		"size": "7M",
		"albumId": 127,
		"albumName": "《良院专区》中国教会史",
		"path": "https://rawcdn.githack.com/quiet324/LiangYouSchoolAlbum5/1706052/mavcc/mavcc022.mp3",
		"id": 127888201
	},
	{
		"albumtitle": "《良院专区》中国教会史(23)",
		"title": "以史為鑑看今日中國教會",
		"duration": 1760,
		"size": "7M",
		"albumId": 127,
		"albumName": "《良院专区》中国教会史",
		"path": "https://rawcdn.githack.com/quiet324/LiangYouSchoolAlbum5/1706052/mavcc/mavcc023.mp3",
		"id": 127888202
	},
	{
		"albumtitle": "《良院专区》中国教会史(24)",
		"title": "以史為鑑看今日中國教會",
		"duration": 1760,
		"size": "7M",
		"albumId": 127,
		"albumName": "《良院专区》中国教会史",
		"path": "https://rawcdn.githack.com/quiet324/LiangYouSchoolAlbum5/1706052/mavcc/mavcc024.mp3",
		"id": 127888203
	}
]