[
	{
		"albumtitle": "《良院专区》基督教伦理学(01)",
		"title": "概論與標準原則",
		"duration": 1760,
        "size": "3.5M",
		"albumId": 87,
		"albumName": "《良院专区》基督教伦理学",
		"path": "https://rawcdn.githack.com/quiet324/LiangYouSchoolAlbum/17060510/mavce/mavce2001.mp3",
		"id": 87888180
	},
	{
		"albumtitle": "《良院专区》基督教伦理学(02)",
		"title": "處境/場合原則",
		"duration": 1760,
        "size": "3.5M",
		"albumId": 87,
		"albumName": "《良院专区》基督教伦理学",
		"path": "https://rawcdn.githack.com/quiet324/LiangYouSchoolAlbum/17060510/mavce/mavce2002.mp3",
		"id": 87888181
	},
	{
		"albumtitle": "《良院专区》基督教伦理学(03)",
		"title": "動機原則",
		"duration": 1760,
        "size": "3.5M",
		"albumId": 87,
		"albumName": "《良院专区》基督教伦理学",
		"path": "https://rawcdn.githack.com/quiet324/LiangYouSchoolAlbum/17060510/mavce/mavce2003.mp3",
		"id": 87888182
	},
	{
		"albumtitle": "《良院专区》基督教伦理学(04)",
		"title": "第一誡與第二誡之說明及討論跪拜的議題",
		"duration": 1760,
        "size": "3.5M",
		"albumId": 87,
		"albumName": "《良院专区》基督教伦理学",
		"path": "https://rawcdn.githack.com/quiet324/LiangYouSchoolAlbum/17060510/mavce/mavce2004.mp3",
		"id": 87888183
	},
	{
		"albumtitle": "《良院专区》基督教伦理学(05)",
		"title": "祭祖與吃祭物的議題",
		"duration": 1760,
        "size": "3.5M",
		"albumId": 87,
		"albumName": "《良院专区》基督教伦理学",
		"path": "https://rawcdn.githack.com/quiet324/LiangYouSchoolAlbum/17060510/mavce/mavce2005.mp3",
		"id": 87888184
	},
	{
		"albumtitle": "《良院专区》基督教伦理学(06)",
		"title": "圖像爭論與敬拜真諦",
		"duration": 1760,
        "size": "3.5M",
		"albumId": 87,
		"albumName": "《良院专区》基督教伦理学",
		"path": "https://rawcdn.githack.com/quiet324/LiangYouSchoolAlbum/17060510/mavce/mavce2006.mp3",
		"id": 87888185
	}
,
	{
		"albumtitle": "《良院专区》基督教伦理学(07)",
		"title": "為祖先之罪認罪（認同性悔改）的問題",
		"duration": 1760,
        "size": "3.5M",
		"albumId": 87,
		"albumName": "《良院专区》基督教伦理学",
		"path": "https://rawcdn.githack.com/quiet324/LiangYouSchoolAlbum/17060510/mavce/mavce2007.mp3",
		"id": 87888186
	},
	{
		"albumtitle": "《良院专区》基督教伦理学(08)",
		"title": "談“試探神”的議題",
		"duration": 1760,
        "size": "3.5M",
		"albumId": 87,
		"albumName": "《良院专区》基督教伦理学",
		"path": "https://rawcdn.githack.com/quiet324/LiangYouSchoolAlbum/17060510/mavce/mavce2008.mp3",
		"id": 87888187
	},
	{
		"albumtitle": "《良院专区》基督教伦理学(09)",
		"title": "基督徒可不可以發誓？",
		"duration": 1760,
        "size": "3.5M",
		"albumId": 87,
		"albumName": "《良院专区》基督教伦理学",
		"path": "https://rawcdn.githack.com/quiet324/LiangYouSchoolAlbum/17060510/mavce/mavce2009.mp3",
		"id": 87888188
	},
	{
		"albumtitle": "《良院专区》基督教伦理学(10)",
		"title": "星期日可不可以去旅行、去郊遊、去開會？",
		"duration": 1760,
        "size": "3.5M",
		"albumId": 87,
		"albumName": "《良院专区》基督教伦理学",
		"path": "https://rawcdn.githack.com/quiet324/LiangYouSchoolAlbum/17060510/mavce/mavce2010.mp3",
		"id": 87888189
	},
	{
		"albumtitle": "《良院专区》基督教伦理学(11)",
		"title": "該如何紀念安息日、守主日？",
		"duration": 1760,
        "size": "3.5M",
		"albumId": 87,
		"albumName": "《良院专区》基督教伦理学",
		"path": "https://rawcdn.githack.com/quiet324/LiangYouSchoolAlbum/17060510/mavce/mavce2011.mp3",
		"id": 87888190
	},
	{
		"albumtitle": "《良院专区》基督教伦理学(12)",
		"title": "孝順與長壽的問題",
		"duration": 1760,
        "size": "3.5M",
		"albumId": 87,
		"albumName": "《良院专区》基督教伦理学",
		"path": "https://rawcdn.githack.com/quiet324/LiangYouSchoolAlbum/17060510/mavce/mavce2012.mp3",
		"id": 87888191
	},
	{
		"albumtitle": "《良院专区》基督教伦理学(13)",
		"title": "如何做父母？",
		"duration": 1760,
        "size": "3.5M",
		"albumId": 87,
		"albumName": "《良院专区》基督教伦理学",
		"path": "https://rawcdn.githack.com/quiet324/LiangYouSchoolAlbum/17060510/mavce/mavce2013.mp3",
		"id": 87888192
	},
	{
		"albumtitle": "《良院专区》基督教伦理学(14)",
		"title": "可不可以有死刑？",
		"duration": 1760,
        "size": "3.5M",
		"albumId": 87,
		"albumName": "《良院专区》基督教伦理学",
		"path": "https://rawcdn.githack.com/quiet324/LiangYouSchoolAlbum/17060510/mavce/mavce2014.mp3",
		"id": 87888193
	},
	{
		"albumtitle": "《良院专区》基督教伦理学(15)",
		"title": "討論墮胎、試管嬰兒及安樂死的議題",
		"duration": 1760,
        "size": "3.5M",
		"albumId": 87,
		"albumName": "《良院专区》基督教伦理学",
		"path": "https://rawcdn.githack.com/quiet324/LiangYouSchoolAlbum/17060510/mavce/mavce2015.mp3",
		"id": 87888194
	},
	{
		"albumtitle": "《良院专区》基督教伦理学(16)",
		"title": "談自慰、手淫議題",
		"duration": 1760,
        "size": "3.5M",
		"albumId": 87,
		"albumName": "《良院专区》基督教伦理学",
		"path": "https://rawcdn.githack.com/quiet324/LiangYouSchoolAlbum/17060510/mavce/mavce2016.mp3",
		"id": 87888195
	}
,
	{
		"albumtitle": "《良院专区》基督教伦理学(17)",
		"title": "談離婚與同性戀議題",
		"duration": 1760,
        "size": "3.5M",
		"albumId": 87,
		"albumName": "《良院专区》基督教伦理学",
		"path": "https://rawcdn.githack.com/quiet324/LiangYouSchoolAlbum/17060510/mavce/mavce2017.mp3",
		"id": 87888196
	},
	{
		"albumtitle": "《良院专区》基督教伦理学(18)",
		"title": "基督徒的工作觀",
		"duration": 1760,
        "size": "3.5M",
		"albumId": 87,
		"albumName": "《良院专区》基督教伦理学",
		"path": "https://rawcdn.githack.com/quiet324/LiangYouSchoolAlbum/17060510/mavce/mavce2018.mp3",
		"id": 87888197
	},
	{
		"albumtitle": "《良院专区》基督教伦理学(19)",
		"title": "偷盜沒有藉口",
		"duration": 1760,
        "size": "3.5M",
		"albumId": 87,
		"albumName": "《良院专区》基督教伦理学",
		"path": "https://rawcdn.githack.com/quiet324/LiangYouSchoolAlbum/17060510/mavce/mavce2019.mp3",
		"id": 87888198
	},
	{
		"albumtitle": "《良院专区》基督教伦理学(20)",
		"title": "談說謊的議題",
		"duration": 1760,
        "size": "3.5M",
		"albumId": 87,
		"albumName": "《良院专区》基督教伦理学",
		"path": "https://rawcdn.githack.com/quiet324/LiangYouSchoolAlbum/17060510/mavce/mavce2020.mp3",
		"id": 87888199
	},
	{
		"albumtitle": "《良院专区》基督教伦理学(21)",
		"title": "運動場上的假動作和戰爭的議題",
		"duration": 1760,
        "size": "3.5M",
		"albumId": 87,
		"albumName": "《良院专区》基督教伦理学",
		"path": "https://rawcdn.githack.com/quiet324/LiangYouSchoolAlbum/17060510/mavce/mavce2021.mp3",
		"id": 87888200
	},
	{
		"albumtitle": "《良院专区》基督教伦理学(22)",
		"title": "基督徒該如何使用金錢議題",
		"duration": 1760,
        "size": "3.5M",
		"albumId": 87,
		"albumName": "《良院专区》基督教伦理学",
		"path": "https://rawcdn.githack.com/quiet324/LiangYouSchoolAlbum/17060510/mavce/mavce2022.mp3",
		"id": 87888201
	},
	{
		"albumtitle": "《良院专区》基督教伦理学(23)",
		"title": "禧年應用與奉獻的真諦議題",
		"duration": 1760,
        "size": "3.5M",
		"albumId": 87,
		"albumName": "《良院专区》基督教伦理学",
		"path": "https://rawcdn.githack.com/quiet324/LiangYouSchoolAlbum/17060510/mavce/mavce2023.mp3",
		"id": 87888202
	},
	{
		"albumtitle": "《良院专区》基督教伦理学(24)",
		"title": "文化使命與福音使命",
		"duration": 1760,
        "size": "3.5M",
		"albumId": 87,
		"albumName": "《良院专区》基督教伦理学",
		"path": "https://rawcdn.githack.com/quiet324/LiangYouSchoolAlbum/17060510/mavce/mavce2024.mp3",
		"id": 87888203
	}
]