[
	{
		"albumtitle": "《良院专区》辅导学(01)",
		"title": "八大问题（一）",
		"duration": 1760,
        "size": "5.3M",
		"albumId": 124,
		"albumName": "《良院专区》辅导学",
		"path": "https://rawcdn.githack.com/quiet324/LiangYouSchoolAlbum4/1706059/mavco/mavco001.mp3",
		"id": 124888180
	},
	{
		"albumtitle": "《良院专区》辅导学(02)",
		"title": "八大问题（二）",
		"duration": 1760,
        "size": "5.3M",
		"albumId": 124,
		"albumName": "《良院专区》辅导学",
		"path": "https://rawcdn.githack.com/quiet324/LiangYouSchoolAlbum4/1706059/mavco/mavco002.mp3",
		"id": 124888181
	},
	{
		"albumtitle": "《良院专区》辅导学(03)",
		"title": "八大问题（三）",
		"duration": 1760,
        "size": "5.3M",
		"albumId": 124,
		"albumName": "《良院专区》辅导学",
		"path": "https://rawcdn.githack.com/quiet324/LiangYouSchoolAlbum4/1706059/mavco/mavco003.mp3",
		"id": 124888182
	},
	{
		"albumtitle": "《良院专区》辅导学(04)",
		"title": "改变从你开始",
		"duration": 1760,
        "size": "5.3M",
		"albumId": 124,
		"albumName": "《良院专区》辅导学",
		"path": "https://rawcdn.githack.com/quiet324/LiangYouSchoolAlbum4/1706059/mavco/mavco004.mp3",
		"id": 124888183
	},
	{
		"albumtitle": "《良院专区》辅导学(05)",
		"title": "处境（一）",
		"duration": 1760,
        "size": "5.3M",
		"albumId": 124,
		"albumName": "《良院专区》辅导学",
		"path": "https://rawcdn.githack.com/quiet324/LiangYouSchoolAlbum4/1706059/mavco/mavco005.mp3",
		"id": 124888184
	},
	{
		"albumtitle": "《良院专区》辅导学(06)",
		"title": "处境（二）",
		"duration": 1760,
        "size": "5.3M",
		"albumId": 124,
		"albumName": "《良院专区》辅导学",
		"path": "https://rawcdn.githack.com/quiet324/LiangYouSchoolAlbum4/1706059/mavco/mavco006.mp3",
		"id": 124888185
	}
,
	{
		"albumtitle": "《良院专区》辅导学(07)",
		"title": "处境解析",
		"duration": 1760,
        "size": "5.3M",
		"albumId": 124,
		"albumName": "《良院专区》辅导学",
		"path": "https://rawcdn.githack.com/quiet324/LiangYouSchoolAlbum4/1706059/mavco/mavco007.mp3",
		"id": 124888186
	},
	{
		"albumtitle": "《良院专区》辅导学(08)",
		"title": "生命的改变",
		"duration": 1760,
        "size": "5.3M",
		"albumId": 124,
		"albumName": "《良院专区》辅导学",
		"path": "https://rawcdn.githack.com/quiet324/LiangYouSchoolAlbum4/1706059/mavco/mavco008.mp3",
		"id": 124888187
	},
	{
		"albumtitle": "《良院专区》辅导学(09)",
		"title": "圣经式的改变",
		"duration": 1760,
        "size": "5.3M",
		"albumId": 124,
		"albumName": "《良院专区》辅导学",
		"path": "https://rawcdn.githack.com/quiet324/LiangYouSchoolAlbum4/1706059/mavco/mavco009.mp3",
		"id": 124888188
	},
	{
		"albumtitle": "《良院专区》辅导学(10)",
		"title": "圣经辅导的不同（一）",
		"duration": 1760,
        "size": "5.3M",
		"albumId": 124,
		"albumName": "《良院专区》辅导学",
		"path": "https://rawcdn.githack.com/quiet324/LiangYouSchoolAlbum4/1706059/mavco/mavco010.mp3",
		"id": 124888189
	},
	{
		"albumtitle": "《良院专区》辅导学(11)",
		"title": "圣经辅导的不同（二）",
		"duration": 1760,
        "size": "5.3M",
		"albumId": 124,
		"albumName": "《良院专区》辅导学",
		"path": "https://rawcdn.githack.com/quiet324/LiangYouSchoolAlbum4/1706059/mavco/mavco011.mp3",
		"id": 124888190
	},
	{
		"albumtitle": "《良院专区》辅导学(12)",
		"title": "自我辅导计划（一）",
		"duration": 1760,
        "size": "5.3M",
		"albumId": 124,
		"albumName": "《良院专区》辅导学",
		"path": "https://rawcdn.githack.com/quiet324/LiangYouSchoolAlbum4/1706059/mavco/mavco012.mp3",
		"id": 124888191
	},
	{
		"albumtitle": "《良院专区》辅导学(13)",
		"title": "自我辅导计划（二）",
		"duration": 1760,
        "size": "5.3M",
		"albumId": 124,
		"albumName": "《良院专区》辅导学",
		"path": "https://rawcdn.githack.com/quiet324/LiangYouSchoolAlbum4/1706059/mavco/mavco013.mp3",
		"id": 124888192
	},
	{
		"albumtitle": "《良院专区》辅导学(14)",
		"title": "自我辅导计划（三）",
		"duration": 1760,
        "size": "5.3M",
		"albumId": 124,
		"albumName": "《良院专区》辅导学",
		"path": "https://rawcdn.githack.com/quiet324/LiangYouSchoolAlbum4/1706059/mavco/mavco014.mp3",
		"id": 124888193
	},
	{
		"albumtitle": "《良院专区》辅导学(15)",
		"title": "辅导理论",
		"duration": 1760,
        "size": "5.3M",
		"albumId": 124,
		"albumName": "《良院专区》辅导学",
		"path": "https://rawcdn.githack.com/quiet324/LiangYouSchoolAlbum4/1706059/mavco/mavco015.mp3",
		"id": 124888194
	},
	{
		"albumtitle": "《良院专区》辅导学(16)",
		"title": "“人的问题”圣经观（一）",
		"duration": 1760,
        "size": "5.3M",
		"albumId": 124,
		"albumName": "《良院专区》辅导学",
		"path": "https://rawcdn.githack.com/quiet324/LiangYouSchoolAlbum4/1706059/mavco/mavco016.mp3",
		"id": 124888195
	}
,
	{
		"albumtitle": "《良院专区》辅导学(17)",
		"title": "“人的问题”圣经观（二）",
		"duration": 1760,
        "size": "5.3M",
		"albumId": 124,
		"albumName": "《良院专区》辅导学",
		"path": "https://rawcdn.githack.com/quiet324/LiangYouSchoolAlbum4/1706059/mavco/mavco017.mp3",
		"id": 124888196
	},
	{
		"albumtitle": "《良院专区》辅导学(18)",
		"title": "“人的问题”圣经观（三）",
		"duration": 1760,
        "size": "5.3M",
		"albumId": 124,
		"albumName": "《良院专区》辅导学",
		"path": "https://rawcdn.githack.com/quiet324/LiangYouSchoolAlbum4/1706059/mavco/mavco018.mp3",
		"id": 124888197
	},
	{
		"albumtitle": "《良院专区》辅导学(19)",
		"title": "辅导目标圣经观",
		"duration": 1760,
        "size": "5.3M",
		"albumId": 124,
		"albumName": "《良院专区》辅导学",
		"path": "https://rawcdn.githack.com/quiet324/LiangYouSchoolAlbum4/1706059/mavco/mavco019.mp3",
		"id": 124888198
	},
	{
		"albumtitle": "《良院专区》辅导学(20)",
		"title": "影响人类因素圣经观及生命改变圣经观",
		"duration": 1760,
        "size": "5.3M",
		"albumId": 124,
		"albumName": "《良院专区》辅导学",
		"path": "https://rawcdn.githack.com/quiet324/LiangYouSchoolAlbum4/1706059/mavco/mavco020.mp3",
		"id": 124888199
	},
	{
		"albumtitle": "《良院专区》辅导学(21)",
		"title": "忧虑",
		"duration": 1760,
        "size": "5.3M",
		"albumId": 124,
		"albumName": "《良院专区》辅导学",
		"path": "https://rawcdn.githack.com/quiet324/LiangYouSchoolAlbum4/1706059/mavco/mavco021.mp3",
		"id": 124888200
	},
	{
		"albumtitle": "《良院专区》辅导学(22)",
		"title": "恐惧（一）",
		"duration": 1760,
        "size": "5.3M",
		"albumId": 124,
		"albumName": "《良院专区》辅导学",
		"path": "https://rawcdn.githack.com/quiet324/LiangYouSchoolAlbum4/1706059/mavco/mavco022.mp3",
		"id": 124888201
	},
	{
		"albumtitle": "《良院专区》辅导学(23)",
		"title": "恐惧（二）",
		"duration": 1760,
        "size": "5.3M",
		"albumId": 124,
		"albumName": "《良院专区》辅导学",
		"path": "https://rawcdn.githack.com/quiet324/LiangYouSchoolAlbum4/1706059/mavco/mavco023.mp3",
		"id": 124888202
	},
	{
		"albumtitle": "《良院专区》辅导学(24)",
		"title": "出人意外的平安",
		"duration": 1760,
        "size": "5.3M",
		"albumId": 124,
		"albumName": "《良院专区》辅导学",
		"path": "https://rawcdn.githack.com/quiet324/LiangYouSchoolAlbum4/1706059/mavco/mavco024.mp3",
		"id": 124888203
	}
]