[
	{
		"albumtitle": "《良院专区》教会历史(01)",
		"title": "教會歷史的意義",
		"duration": 1760,
		"size": "3.5M",
		"albumId": 126,
		"albumName": "《良院专区》教会历史",
		"path": "https://rawcdn.githack.com/quiet324/LiangYouSchoolAlbum5/170605/mavch/mavch001.mp3",
		"id": 126888180
	},
	{
		"albumtitle": "《良院专区》教会历史(02)",
		"title": "教會歷史的分段",
		"duration": 1760,
		"size": "3.5M",
		"albumId": 126,
		"albumName": "《良院专区》教会历史",
		"path": "https://rawcdn.githack.com/quiet324/LiangYouSchoolAlbum5/170605/mavch/mavch002.mp3",
		"id": 126888181
	},
	{
		"albumtitle": "《良院专区》教会历史(03)",
		"title": "初期教會的擴展",
		"duration": 1760,
		"size": "3.5M",
		"albumId": 126,
		"albumName": "《良院专区》教会历史",
		"path": "https://rawcdn.githack.com/quiet324/LiangYouSchoolAlbum5/170605/mavch/mavch003.mp3",
		"id": 126888182
	},
	{
		"albumtitle": "《良院专区》教会历史(04)",
		"title": "逼迫中成長的教會",
		"duration": 1760,
		"size": "3.5M",
		"albumId": 126,
		"albumName": "《良院专区》教会历史",
		"path": "https://rawcdn.githack.com/quiet324/LiangYouSchoolAlbum5/170605/mavch/mavch004.mp3",
		"id": 126888183
	},
	{
		"albumtitle": "《良院专区》教会历史(05)",
		"title": "教會的組織演變",
		"duration": 1760,
		"size": "3.5M",
		"albumId": 126,
		"albumName": "《良院专区》教会历史",
		"path": "https://rawcdn.githack.com/quiet324/LiangYouSchoolAlbum5/170605/mavch/mavch005.mp3",
		"id": 126888184
	},
	{
		"albumtitle": "《良院专区》教会历史(06)",
		"title": "教會信仰的衝擊與回應",
		"duration": 1760,
		"size": "3.5M",
		"albumId": 126,
		"albumName": "《良院专区》教会历史",
		"path": "https://rawcdn.githack.com/quiet324/LiangYouSchoolAlbum5/170605/mavch/mavch006.mp3",
		"id": 126888185
	}
,
	{
		"albumtitle": "《良院专区》教会历史(07)",
		"title": "國教時期的教會新階段",
		"duration": 1760,
		"size": "3.5M",
		"albumId": 126,
		"albumName": "《良院专区》教会历史",
		"path": "https://rawcdn.githack.com/quiet324/LiangYouSchoolAlbum5/170605/mavch/mavch007.mp3",
		"id": 126888186
	},
	{
		"albumtitle": "《良院专区》教会历史(08)",
		"title": "神學會議與辯論",
		"duration": 1760,
		"size": "3.5M",
		"albumId": 126,
		"albumName": "《良院专区》教会历史",
		"path": "https://rawcdn.githack.com/quiet324/LiangYouSchoolAlbum5/170605/mavch/mavch008.mp3",
		"id": 126888187
	},
	{
		"albumtitle": "《良院专区》教会历史(09)",
		"title": "羅馬教廷與教皇制度",
		"duration": 1760,
		"size": "3.5M",
		"albumId": 126,
		"albumName": "《良院专区》教会历史",
		"path": "https://rawcdn.githack.com/quiet324/LiangYouSchoolAlbum5/170605/mavch/mavch009.mp3",
		"id": 126888188
	},
	{
		"albumtitle": "《良院专区》教会历史(10)",
		"title": "中世紀教會（一）外族宣教",
		"duration": 1760,
		"size": "3.5M",
		"albumId": 126,
		"albumName": "《良院专区》教会历史",
		"path": "https://rawcdn.githack.com/quiet324/LiangYouSchoolAlbum5/170605/mavch/mavch010.mp3",
		"id": 126888189
	},
	{
		"albumtitle": "《良院专区》教会历史(11)",
		"title": "中世紀教會（二）教權興衰",
		"duration": 1760,
		"size": "3.5M",
		"albumId": 126,
		"albumName": "《良院专区》教会历史",
		"path": "https://rawcdn.githack.com/quiet324/LiangYouSchoolAlbum5/170605/mavch/mavch011.mp3",
		"id": 126888190
	},
	{
		"albumtitle": "《良院专区》教会历史(12)",
		"title": "中世紀教會（三）修道主義",
		"duration": 1760,
		"size": "3.5M",
		"albumId": 126,
		"albumName": "《良院专区》教会历史",
		"path": "https://rawcdn.githack.com/quiet324/LiangYouSchoolAlbum5/170605/mavch/mavch012.mp3",
		"id": 126888191
	},
	{
		"albumtitle": "《良院专区》教会历史(13)",
		"title": "中世紀教會（四）回教與十字軍",
		"duration": 1760,
		"size": "3.5M",
		"albumId": 126,
		"albumName": "《良院专区》教会历史",
		"path": "https://rawcdn.githack.com/quiet324/LiangYouSchoolAlbum5/170605/mavch/mavch013.mp3",
		"id": 126888192
	},
	{
		"albumtitle": "《良院专区》教会历史(14)",
		"title": "中世紀教會（五）改革先鋒",
		"duration": 1760,
		"size": "3.5M",
		"albumId": 126,
		"albumName": "《良院专区》教会历史",
		"path": "https://rawcdn.githack.com/quiet324/LiangYouSchoolAlbum5/170605/mavch/mavch014.mp3",
		"id": 126888193
	},
	{
		"albumtitle": "《良院专区》教会历史(15)",
		"title": "改革運動的背景成因",
		"duration": 1760,
		"size": "3.5M",
		"albumId": 126,
		"albumName": "《良院专区》教会历史",
		"path": "https://rawcdn.githack.com/quiet324/LiangYouSchoolAlbum5/170605/mavch/mavch015.mp3",
		"id": 126888194
	},
	{
		"albumtitle": "《良院专区》教会历史(16)",
		"title": "馬丁路德和德國改革運動",
		"duration": 1760,
		"size": "3.5M",
		"albumId": 126,
		"albumName": "《良院专区》教会历史",
		"path": "https://rawcdn.githack.com/quiet324/LiangYouSchoolAlbum5/170605/mavch/mavch016.mp3",
		"id": 126888195
	}
,
	{
		"albumtitle": "《良院专区》教会历史(17)",
		"title": "加爾文與瑞士改革運動",
		"duration": 1760,
		"size": "3.5M",
		"albumId": 126,
		"albumName": "《良院专区》教会历史",
		"path": "https://rawcdn.githack.com/quiet324/LiangYouSchoolAlbum5/170605/mavch/mavch017.mp3",
		"id": 126888196
	},
	{
		"albumtitle": "《良院专区》教会历史(18)",
		"title": "改革運動的貢獻和影響",
		"duration": 1760,
		"size": "3.5M",
		"albumId": 126,
		"albumName": "《良院专区》教会历史",
		"path": "https://rawcdn.githack.com/quiet324/LiangYouSchoolAlbum5/170605/mavch/mavch018.mp3",
		"id": 126888197
	},
	{
		"albumtitle": "《良院专区》教会历史(19)",
		"title": "天主教改革與三十年戰爭",
		"duration": 1760,
		"size": "3.5M",
		"albumId": 126,
		"albumName": "《良院专区》教会历史",
		"path": "https://rawcdn.githack.com/quiet324/LiangYouSchoolAlbum5/170605/mavch/mavch019.mp3",
		"id": 126888198
	},
	{
		"albumtitle": "《良院专区》教会历史(20)",
		"title": "十八世紀的時代與思潮",
		"duration": 1760,
		"size": "3.5M",
		"albumId": 126,
		"albumName": "《良院专区》教会历史",
		"path": "https://rawcdn.githack.com/quiet324/LiangYouSchoolAlbum5/170605/mavch/mavch020.mp3",
		"id": 126888199
	},
	{
		"albumtitle": "《良院专区》教会历史(21)",
		"title": "教會復興運動（一）德國、英國",
		"duration": 1760,
		"size": "3.5M",
		"albumId": 126,
		"albumName": "《良院专区》教会历史",
		"path": "https://rawcdn.githack.com/quiet324/LiangYouSchoolAlbum5/170605/mavch/mavch021.mp3",
		"id": 126888200
	},
	{
		"albumtitle": "《良院专区》教会历史(22)",
		"title": "教會復興運動（二）北美洲",
		"duration": 1760,
		"size": "3.5M",
		"albumId": 126,
		"albumName": "《良院专区》教会历史",
		"path": "https://rawcdn.githack.com/quiet324/LiangYouSchoolAlbum5/170605/mavch/mavch022.mp3",
		"id": 126888201
	},
	{
		"albumtitle": "《良院专区》教会历史(23)",
		"title": "教會復興與宣教運動",
		"duration": 1760,
		"size": "3.5M",
		"albumId": 126,
		"albumName": "《良院专区》教会历史",
		"path": "https://rawcdn.githack.com/quiet324/LiangYouSchoolAlbum5/170605/mavch/mavch023.mp3",
		"id": 126888202
	},
	{
		"albumtitle": "《良院专区》教会历史(24)",
		"title": "十九世紀之世局變化",
		"duration": 1760,
		"size": "3.5M",
		"albumId": 126,
		"albumName": "《良院专区》教会历史",
		"path": "https://rawcdn.githack.com/quiet324/LiangYouSchoolAlbum5/170605/mavch/mavch024.mp3",
		"id": 126888203
	},
	{
		"albumtitle": "《良院专区》教会历史(25)",
		"title": "基督宗教的主要發展",
		"duration": 1760,
		"size": "3.5M",
		"albumId": 126,
		"albumName": "《良院专区》教会历史",
		"path": "https://rawcdn.githack.com/quiet324/LiangYouSchoolAlbum5/170605/mavch/mavch025.mp3",
		"id": 126888204
	},
	{
		"albumtitle": "《良院专区》教会历史(26)",
		"title": "宣教事工的蓬勃發展",
		"duration": 1760,
		"size": "3.5M",
		"albumId": 126,
		"albumName": "《良院专区》教会历史",
		"path": "https://rawcdn.githack.com/quiet324/LiangYouSchoolAlbum5/170605/mavch/mavch026.mp3",
		"id": 126888205
	},
	{
		"albumtitle": "《良院专区》教会历史(27)",
		"title": "學生運動與普世宣教",
		"duration": 1760,
		"size": "3.5M",
		"albumId": 126,
		"albumName": "《良院专区》教会历史",
		"path": "https://rawcdn.githack.com/quiet324/LiangYouSchoolAlbum5/170605/mavch/mavch027.mp3",
		"id": 126888206
	},
	{
		"albumtitle": "《良院专区》教会历史(28)",
		"title": "二十世紀戰爭與教會",
		"duration": 1760,
		"size": "3.5M",
		"albumId": 126,
		"albumName": "《良院专区》教会历史",
		"path": "https://rawcdn.githack.com/quiet324/LiangYouSchoolAlbum5/170605/mavch/mavch028.mp3",
		"id": 126888207
	},
	{
		"albumtitle": "《良院专区》教会历史(29)",
		"title": "基督教與近代中國",
		"duration": 1760,
		"size": "3.5M",
		"albumId": 126,
		"albumName": "《良院专区》教会历史",
		"path": "https://rawcdn.githack.com/quiet324/LiangYouSchoolAlbum5/170605/mavch/mavch029.mp3",
		"id": 126888208
	},
	{
		"albumtitle": "《良院专区》教会历史(30)",
		"title": "時代挑戰與神的作為",
		"duration": 1760,
		"size": "3.5M",
		"albumId": 126,
		"albumName": "《良院专区》教会历史",
		"path": "https://rawcdn.githack.com/quiet324/LiangYouSchoolAlbum5/170605/mavch/mavch030.mp3",
		"id": 126888209
	}
]