[
	{
		"albumtitle": "《良院专区》永恒的救赎(01)",
		"title": "“一次得救，永遠得救”的爭議",
		"duration": 1760,
		"size": "3.5M",
		"albumId": 143,
		"albumName": "《良院专区》永恒的救赎",
		"path": "https://rawcdn.githack.com/quiet324/LiangYouSchoolAlbum8/1706054/mavev/mavev001.mp3",
		"id": 143888180
	},
	{
		"albumtitle": "《良院专区》永恒的救赎(02)",
		"title": "人的自由意志",
		"duration": 1760,
		"size": "3.5M",
		"albumId": 143,
		"albumName": "《良院专区》永恒的救赎",
		"path": "https://rawcdn.githack.com/quiet324/LiangYouSchoolAlbum8/1706054/mavev/mavev002.mp3",
		"id": 143888181
	},
	{
		"albumtitle": "《良院专区》永恒的救赎(03)",
		"title": "神的揀選",
		"duration": 1760,
		"size": "3.5M",
		"albumId": 143,
		"albumName": "《良院专区》永恒的救赎",
		"path": "https://rawcdn.githack.com/quiet324/LiangYouSchoolAlbum8/1706054/mavev/mavev003.mp3",
		"id": 143888182
	},
	{
		"albumtitle": "《良院专区》永恒的救赎(04)",
		"title": "加爾文的預定論",
		"duration": 1760,
		"size": "3.5M",
		"albumId": 143,
		"albumName": "《良院专区》永恒的救赎",
		"path": "https://rawcdn.githack.com/quiet324/LiangYouSchoolAlbum8/1706054/mavev/mavev004.mp3",
		"id": 143888183
	},
	{
		"albumtitle": "《良院专区》永恒的救赎(05)",
		"title": "阿民念的預定論",
		"duration": 1760,
		"size": "3.5M",
		"albumId": 143,
		"albumName": "《良院专区》永恒的救赎",
		"path": "https://rawcdn.githack.com/quiet324/LiangYouSchoolAlbum8/1706054/mavev/mavev005.mp3",
		"id": 143888184
	},
	{
		"albumtitle": "《良院专区》永恒的救赎(06)",
		"title": "救贖的範圍",
		"duration": 1760,
		"size": "3.5M",
		"albumId": 143,
		"albumName": "《良院专区》永恒的救赎",
		"path": "https://rawcdn.githack.com/quiet324/LiangYouSchoolAlbum8/1706054/mavev/mavev006.mp3",
		"id": 143888185
	}
,
	{
		"albumtitle": "《良院专区》永恒的救赎(07)",
		"title": "背道的可能",
		"duration": 1760,
		"size": "3.5M",
		"albumId": 143,
		"albumName": "《良院专区》永恒的救赎",
		"path": "https://rawcdn.githack.com/quiet324/LiangYouSchoolAlbum8/1706054/mavev/mavev007.mp3",
		"id": 143888186
	},
	{
		"albumtitle": "《良院专区》永恒的救赎(08)",
		"title": "背道的結果",
		"duration": 1760,
		"size": "3.5M",
		"albumId": 143,
		"albumName": "《良院专区》永恒的救赎",
		"path": "https://rawcdn.githack.com/quiet324/LiangYouSchoolAlbum8/1706054/mavev/mavev008.mp3",
		"id": 143888187
	},
	{
		"albumtitle": "《良院专区》永恒的救赎(09)",
		"title": "放任的危機",
		"duration": 1760,
		"size": "3.5M",
		"albumId": 143,
		"albumName": "《良院专区》永恒的救赎",
		"path": "https://rawcdn.githack.com/quiet324/LiangYouSchoolAlbum8/1706054/mavev/mavev009.mp3",
		"id": 143888188
	},
	{
		"albumtitle": "《良院专区》永恒的救赎(10)",
		"title": "行為主義的危機",
		"duration": 1760,
		"size": "3.5M",
		"albumId": 143,
		"albumName": "《良院专区》永恒的救赎",
		"path": "https://rawcdn.githack.com/quiet324/LiangYouSchoolAlbum8/1706054/mavev/mavev010.mp3",
		"id": 143888189
	},
	{
		"albumtitle": "《良院专区》永恒的救赎(11)",
		"title": "得救與教會生活",
		"duration": 1760,
		"size": "3.5M",
		"albumId": 143,
		"albumName": "《良院专区》永恒的救赎",
		"path": "https://rawcdn.githack.com/quiet324/LiangYouSchoolAlbum8/1706054/mavev/mavev011.mp3",
		"id": 143888190
	},
	{
		"albumtitle": "《良院专区》永恒的救赎(12)",
		"title": "教會的類別",
		"duration": 1760,
		"size": "3.5M",
		"albumId": 143,
		"albumName": "《良院专区》永恒的救赎",
		"path": "https://rawcdn.githack.com/quiet324/LiangYouSchoolAlbum8/1706054/mavev/mavev012.mp3",
		"id": 143888191
	},
	{
		"albumtitle": "《良院专区》永恒的救赎(13)",
		"title": "未聞福音之人的結局",
		"duration": 1760,
		"size": "3.5M",
		"albumId": 143,
		"albumName": "《良院专区》永恒的救赎",
		"path": "https://rawcdn.githack.com/quiet324/LiangYouSchoolAlbum8/1706054/mavev/mavev013.mp3",
		"id": 143888192
	},
	{
		"albumtitle": "《良院专区》永恒的救赎(14)",
		"title": "聖靈的內住",
		"duration": 1760,
		"size": "3.5M",
		"albumId": 143,
		"albumName": "《良院专区》永恒的救赎",
		"path": "https://rawcdn.githack.com/quiet324/LiangYouSchoolAlbum8/1706054/mavev/mavev014.mp3",
		"id": 143888193
	},
	{
		"albumtitle": "《良院专区》永恒的救赎(15)",
		"title": "好人與義人",
		"duration": 1760,
		"size": "3.5M",
		"albumId": 143,
		"albumName": "《良院专区》永恒的救赎",
		"path": "https://rawcdn.githack.com/quiet324/LiangYouSchoolAlbum8/1706054/mavev/mavev015.mp3",
		"id": 143888194
	},
	{
		"albumtitle": "《良院专区》永恒的救赎(16)",
		"title": "預知與預定",
		"duration": 1760,
		"size": "3.5M",
		"albumId": 143,
		"albumName": "《良院专区》永恒的救赎",
		"path": "https://rawcdn.githack.com/quiet324/LiangYouSchoolAlbum8/1706054/mavev/mavev016.mp3",
		"id": 143888195
	}
,
	{
		"albumtitle": "《良院专区》永恒的救赎(17)",
		"title": "恩召",
		"duration": 1760,
		"size": "3.5M",
		"albumId": 143,
		"albumName": "《良院专区》永恒的救赎",
		"path": "https://rawcdn.githack.com/quiet324/LiangYouSchoolAlbum8/1706054/mavev/mavev017.mp3",
		"id": 143888196
	},
	{
		"albumtitle": "《良院专区》永恒的救赎(18)",
		"title": "稱義",
		"duration": 1760,
		"size": "3.5M",
		"albumId": 143,
		"albumName": "《良院专区》永恒的救赎",
		"path": "https://rawcdn.githack.com/quiet324/LiangYouSchoolAlbum8/1706054/mavev/mavev018.mp3",
		"id": 143888197
	},
	{
		"albumtitle": "《良院专区》永恒的救赎(19)",
		"title": "得榮耀",
		"duration": 1760,
		"size": "3.5M",
		"albumId": 143,
		"albumName": "《良院专区》永恒的救赎",
		"path": "https://rawcdn.githack.com/quiet324/LiangYouSchoolAlbum8/1706054/mavev/mavev019.mp3",
		"id": 143888198
	},
	{
		"albumtitle": "《良院专区》永恒的救赎(20)",
		"title": "得救與委身",
		"duration": 1760,
		"size": "3.5M",
		"albumId": 143,
		"albumName": "《良院专区》永恒的救赎",
		"path": "https://rawcdn.githack.com/quiet324/LiangYouSchoolAlbum8/1706054/mavev/mavev020.mp3",
		"id": 143888199
	},
	{
		"albumtitle": "《良院专区》永恒的救赎(21)",
		"title": "神的信實與慈愛",
		"duration": 1760,
		"size": "3.5M",
		"albumId": 143,
		"albumName": "《良院专区》永恒的救赎",
		"path": "https://rawcdn.githack.com/quiet324/LiangYouSchoolAlbum8/1706054/mavev/mavev021.mp3",
		"id": 143888200
	},
	{
		"albumtitle": "《良院专区》永恒的救赎(22)",
		"title": "神的保守",
		"duration": 1760,
		"size": "3.5M",
		"albumId": 143,
		"albumName": "《良院专区》永恒的救赎",
		"path": "https://rawcdn.githack.com/quiet324/LiangYouSchoolAlbum8/1706054/mavev/mavev022.mp3",
		"id": 143888201
	},
	{
		"albumtitle": "《良院专区》永恒的救赎(23)",
		"title": "得救的方法",
		"duration": 1760,
		"size": "3.5M",
		"albumId": 143,
		"albumName": "《良院专区》永恒的救赎",
		"path": "https://rawcdn.githack.com/quiet324/LiangYouSchoolAlbum8/1706054/mavev/mavev023.mp3",
		"id": 143888202
	},
	{
		"albumtitle": "《良院专区》永恒的救赎(24)",
		"title": "總結：把握得救的確據",
		"duration": 1760,
		"size": "3.5M",
		"albumId": 143,
		"albumName": "《良院专区》永恒的救赎",
		"path": "https://rawcdn.githack.com/quiet324/LiangYouSchoolAlbum8/1706054/mavev/mavev024.mp3",
		"id": 143888203
	}
]