[
	{
		"albumtitle": "《良院专区》彼得书信(01)",
		"title": "彼得前书概论（一）",
		"duration": 1760,
		"size": "5.3M",
		"albumId": 173,
		"albumName": "《良院专区》彼得书信",
		"path": "https://rawcdn.githack.com/quiet324/LiangYouSchoolAlbum12/1706053/mavep/mavep001.mp3",
		"id": 173888180
	},
	{
		"albumtitle": "《良院专区》彼得书信(02)",
		"title": "彼得前书概论（二）",
		"duration": 1760,
		"size": "5.3M",
		"albumId": 173,
		"albumName": "《良院专区》彼得书信",
		"path": "https://rawcdn.githack.com/quiet324/LiangYouSchoolAlbum12/1706053/mavep/mavep002.mp3",
		"id": 173888181
	},
	{
		"albumtitle": "《良院专区》彼得书信(03)",
		"title": "彼得前书大纲",
		"duration": 1760,
		"size": "5.3M",
		"albumId": 173,
		"albumName": "《良院专区》彼得书信",
		"path": "https://rawcdn.githack.com/quiet324/LiangYouSchoolAlbum12/1706053/mavep/mavep003.mp3",
		"id": 173888182
	},
	{
		"albumtitle": "《良院专区》彼得书信(04)",
		"title": "寄居客承受的伟大救恩（彼前1：3一7）",
		"duration": 1760,
		"size": "5.3M",
		"albumId": 173,
		"albumName": "《良院专区》彼得书信",
		"path": "https://rawcdn.githack.com/quiet324/LiangYouSchoolAlbum12/1706053/mavep/mavep004.mp3",
		"id": 173888183
	},
	{
		"albumtitle": "《良院专区》彼得书信(05)",
		"title": "在试炼中喜乐的经历（彼前1：8一12）",
		"duration": 1760,
		"size": "5.3M",
		"albumId": 173,
		"albumName": "《良院专区》彼得书信",
		"path": "https://rawcdn.githack.com/quiet324/LiangYouSchoolAlbum12/1706053/mavep/mavep005.mp3",
		"id": 173888184
	},
	{
		"albumtitle": "《良院专区》彼得书信(06)",
		"title": "生活的见证（彼前1：13一19）",
		"duration": 1760,
		"size": "5.3M",
		"albumId": 173,
		"albumName": "《良院专区》彼得书信",
		"path": "https://rawcdn.githack.com/quiet324/LiangYouSchoolAlbum12/1706053/mavep/mavep006.mp3",
		"id": 173888185
	}
,
	{
		"albumtitle": "《良院专区》彼得书信(07)",
		"title": "彼此切实相爱（彼前1：20一25）",
		"duration": 1760,
		"size": "5.3M",
		"albumId": 173,
		"albumName": "《良院专区》彼得书信",
		"path": "https://rawcdn.githack.com/quiet324/LiangYouSchoolAlbum12/1706053/mavep/mavep007.mp3",
		"id": 173888186
	},
	{
		"albumtitle": "《良院专区》彼得书信(08)",
		"title": "活石与灵宫（彼前2：1一5）",
		"duration": 1760,
		"size": "5.3M",
		"albumId": 173,
		"albumName": "《良院专区》彼得书信",
		"path": "https://rawcdn.githack.com/quiet324/LiangYouSchoolAlbum12/1706053/mavep/mavep008.mp3",
		"id": 173888187
	},
	{
		"albumtitle": "《良院专区》彼得书信(09)",
		"title": "房角石与绊脚石（彼前2：6一10）",
		"duration": 1760,
		"size": "5.3M",
		"albumId": 173,
		"albumName": "《良院专区》彼得书信",
		"path": "https://rawcdn.githack.com/quiet324/LiangYouSchoolAlbum12/1706053/mavep/mavep009.mp3",
		"id": 173888188
	},
	{
		"albumtitle": "《良院专区》彼得书信(10)",
		"title": "学习顺服（彼前2：11一 17）",
		"duration": 1760,
		"size": "5.3M",
		"albumId": 173,
		"albumName": "《良院专区》彼得书信",
		"path": "https://rawcdn.githack.com/quiet324/LiangYouSchoolAlbum12/1706053/mavep/mavep010.mp3",
		"id": 173888189
	},
	{
		"albumtitle": "《良院专区》彼得书信(11)",
		"title": "基督的榜样（彼前2：18一25）",
		"duration": 1760,
		"size": "5.3M",
		"albumId": 173,
		"albumName": "《良院专区》彼得书信",
		"path": "https://rawcdn.githack.com/quiet324/LiangYouSchoolAlbum12/1706053/mavep/mavep011.mp3",
		"id": 173888190
	},
	{
		"albumtitle": "《良院专区》彼得书信(12)",
		"title": "作好夫妻（彼前3：1一7）",
		"duration": 1760,
		"size": "5.3M",
		"albumId": 173,
		"albumName": "《良院专区》彼得书信",
		"path": "https://rawcdn.githack.com/quiet324/LiangYouSchoolAlbum12/1706053/mavep/mavep012.mp3",
		"id": 173888191
	},
	{
		"albumtitle": "《良院专区》彼得书信(13)",
		"title": "基督徒内在的生命表现（彼前3：8一16）",
		"duration": 1760,
		"size": "5.3M",
		"albumId": 173,
		"albumName": "《良院专区》彼得书信",
		"path": "https://rawcdn.githack.com/quiet324/LiangYouSchoolAlbum12/1706053/mavep/mavep013.mp3",
		"id": 173888192
	},
	{
		"albumtitle": "《良院专区》彼得书信(14)",
		"title": "基督受苦（彼前3：17一22）",
		"duration": 1760,
		"size": "5.3M",
		"albumId": 173,
		"albumName": "《良院专区》彼得书信",
		"path": "https://rawcdn.githack.com/quiet324/LiangYouSchoolAlbum12/1706053/mavep/mavep014.mp3",
		"id": 173888193
	},
	{
		"albumtitle": "《良院专区》彼得书信(15)",
		"title": "以为义受苦作心志（彼前4：1一6）",
		"duration": 1760,
		"size": "5.3M",
		"albumId": 173,
		"albumName": "《良院专区》彼得书信",
		"path": "https://rawcdn.githack.com/quiet324/LiangYouSchoolAlbum12/1706053/mavep/mavep015.mp3",
		"id": 173888194
	},
	{
		"albumtitle": "《良院专区》彼得书信(16)",
		"title": "神家（教会）的见证（彼前4：7一11）",
		"duration": 1760,
		"size": "5.3M",
		"albumId": 173,
		"albumName": "《良院专区》彼得书信",
		"path": "https://rawcdn.githack.com/quiet324/LiangYouSchoolAlbum12/1706053/mavep/mavep016.mp3",
		"id": 173888195
	}
,
	{
		"albumtitle": "《良院专区》彼得书信(17)",
		"title": "审判从神的家起首（彼前4：12一19）",
		"duration": 1760,
		"size": "5.3M",
		"albumId": 173,
		"albumName": "《良院专区》彼得书信",
		"path": "https://rawcdn.githack.com/quiet324/LiangYouSchoolAlbum12/1706053/mavep/mavep017.mp3",
		"id": 173888196
	},
	{
		"albumtitle": "《良院专区》彼得书信(18)",
		"title": "教会中的等次与顺服（彼前5：1一6）",
		"duration": 1760,
		"size": "5.3M",
		"albumId": 173,
		"albumName": "《良院专区》彼得书信",
		"path": "https://rawcdn.githack.com/quiet324/LiangYouSchoolAlbum12/1706053/mavep/mavep018.mp3",
		"id": 173888197
	},
	{
		"albumtitle": "《良院专区》彼得书信(19)",
		"title": "属灵的争战（彼前5：7一11）",
		"duration": 1760,
		"size": "5.3M",
		"albumId": 173,
		"albumName": "《良院专区》彼得书信",
		"path": "https://rawcdn.githack.com/quiet324/LiangYouSchoolAlbum12/1706053/mavep/mavep019.mp3",
		"id": 173888198
	},
	{
		"albumtitle": "《良院专区》彼得书信(20)",
		"title": "彼得前书结语（彼前5：12一14）",
		"duration": 1760,
		"size": "5.3M",
		"albumId": 173,
		"albumName": "《良院专区》彼得书信",
		"path": "https://rawcdn.githack.com/quiet324/LiangYouSchoolAlbum12/1706053/mavep/mavep020.mp3",
		"id": 173888199
	},
	{
		"albumtitle": "《良院专区》彼得书信(21)",
		"title": "彼得后书概论",
		"duration": 1760,
		"size": "5.3M",
		"albumId": 173,
		"albumName": "《良院专区》彼得书信",
		"path": "https://rawcdn.githack.com/quiet324/LiangYouSchoolAlbum12/1706053/mavep/mavep021.mp3",
		"id": 173888200
	},
	{
		"albumtitle": "《良院专区》彼得书信(22)",
		"title": "彼得后书大纲",
		"duration": 1760,
		"size": "5.3M",
		"albumId": 173,
		"albumName": "《良院专区》彼得书信",
		"path": "https://rawcdn.githack.com/quiet324/LiangYouSchoolAlbum12/1706053/mavep/mavep022.mp3",
		"id": 173888201
	},
	{
		"albumtitle": "《良院专区》彼得书信(23)",
		"title": "神的神能与神的性情（彼后1：3一11）",
		"duration": 1760,
		"size": "5.3M",
		"albumId": 173,
		"albumName": "《良院专区》彼得书信",
		"path": "https://rawcdn.githack.com/quiet324/LiangYouSchoolAlbum12/1706053/mavep/mavep023.mp3",
		"id": 173888202
	},
	{
		"albumtitle": "《良院专区》彼得书信(24)",
		"title": "个人劝勉（彼后1：12一21）",
		"duration": 1760,
		"size": "5.3M",
		"albumId": 173,
		"albumName": "《良院专区》彼得书信",
		"path": "https://rawcdn.githack.com/quiet324/LiangYouSchoolAlbum12/1706053/mavep/mavep024.mp3",
		"id": 173888203
	},
	{
		"albumtitle": "《良院专区》彼得书信(25)",
		"title": "假师傅引进异端（彼后2：1一8）",
		"duration": 1760,
		"size": "5.3M",
		"albumId": 173,
		"albumName": "《良院专区》彼得书信",
		"path": "https://rawcdn.githack.com/quiet324/LiangYouSchoolAlbum12/1706053/mavep/mavep025.mp3",
		"id": 173888204
	},
	{
		"albumtitle": "《良院专区》彼得书信(26)",
		"title": "假师傅胆大妄为（彼后2：9一16）",
		"duration": 1760,
		"size": "5.3M",
		"albumId": 173,
		"albumName": "《良院专区》彼得书信",
		"path": "https://rawcdn.githack.com/quiet324/LiangYouSchoolAlbum12/1706053/mavep/mavep026.mp3",
		"id": 173888205
	},
	{
		"albumtitle": "《良院专区》彼得书信(27)",
		"title": "假师傅之罪（彼后2：17一22）",
		"duration": 1760,
		"size": "5.3M",
		"albumId": 173,
		"albumName": "《良院专区》彼得书信",
		"path": "https://rawcdn.githack.com/quiet324/LiangYouSchoolAlbum12/1706053/mavep/mavep027.mp3",
		"id": 173888206
	},
	{
		"albumtitle": "《良院专区》彼得书信(28)",
		"title": "对好讥诮者的警告（彼后3：1一7）",
		"duration": 1760,
		"size": "5.3M",
		"albumId": 173,
		"albumName": "《良院专区》彼得书信",
		"path": "https://rawcdn.githack.com/quiet324/LiangYouSchoolAlbum12/1706053/mavep/mavep028.mp3",
		"id": 173888207
	},
	{
		"albumtitle": "《良院专区》彼得书信(29)",
		"title": "主再来的应许（彼后3：8一13）",
		"duration": 1760,
		"size": "5.3M",
		"albumId": 173,
		"albumName": "《良院专区》彼得书信",
		"path": "https://rawcdn.githack.com/quiet324/LiangYouSchoolAlbum12/1706053/mavep/mavep029.mp3",
		"id": 173888208
	},
	{
		"albumtitle": "《良院专区》彼得书信(30)",
		"title": "恩典与知识（彼后3：14一18）",
		"duration": 1760,
		"size": "5.3M",
		"albumId": 173,
		"albumName": "《良院专区》彼得书信",
		"path": "https://rawcdn.githack.com/quiet324/LiangYouSchoolAlbum12/1706053/mavep/mavep030.mp3",
		"id": 173888209
	}
]