[
	{
		"albumtitle": "《良院专区》约翰书信(01)",
		"title": "约翰书信作者",
		"duration": 1760,
		"size": "28.2M",
		"albumId": 174,
		"albumName": "《良院专区》约翰书信",
		"path": "https://rawcdn.githack.com/quiet324/LiangYouSchoolAlbum12/1706054/mavej/mavej001.mp3",
		"id": 174888180
	},
	{
		"albumtitle": "《良院专区》约翰书信(02)",
		"title": "约翰书信背景",
		"duration": 1760,
		"size": "28.2M",
		"albumId": 174,
		"albumName": "《良院专区》约翰书信",
		"path": "https://rawcdn.githack.com/quiet324/LiangYouSchoolAlbum12/1706054/mavej/mavej002.mp3",
		"id": 174888181
	},
	{
		"albumtitle": "《良院专区》约翰书信(03)",
		"title": "约翰书信大纲",
		"duration": 1760,
		"size": "28.2M",
		"albumId": 174,
		"albumName": "《良院专区》约翰书信",
		"path": "https://rawcdn.githack.com/quiet324/LiangYouSchoolAlbum12/1706054/mavej/mavej003.mp3",
		"id": 174888182
	},
	{
		"albumtitle": "《良院专区》约翰书信(04)",
		"title": "约翰一书引言",
		"duration": 1760,
		"size": "28.2M",
		"albumId": 174,
		"albumName": "《良院专区》约翰书信",
		"path": "https://rawcdn.githack.com/quiet324/LiangYouSchoolAlbum12/1706054/mavej/mavej004.mp3",
		"id": 174888183
	},
	{
		"albumtitle": "《良院专区》约翰书信(05)",
		"title": "行在光明中",
		"duration": 1760,
		"size": "28.2M",
		"albumId": 174,
		"albumName": "《良院专区》约翰书信",
		"path": "https://rawcdn.githack.com/quiet324/LiangYouSchoolAlbum12/1706054/mavej/mavej005.mp3",
		"id": 174888184
	},
	{
		"albumtitle": "《良院专区》约翰书信(06)",
		"title": "遵祂命令",
		"duration": 1760,
		"size": "28.2M",
		"albumId": 174,
		"albumName": "《良院专区》约翰书信",
		"path": "https://rawcdn.githack.com/quiet324/LiangYouSchoolAlbum12/1706054/mavej/mavej006.mp3",
		"id": 174888185
	}
,
	{
		"albumtitle": "《良院专区》约翰书信(07)",
		"title": "书信目的",
		"duration": 1760,
		"size": "28.2M",
		"albumId": 174,
		"albumName": "《良院专区》约翰书信",
		"path": "https://rawcdn.githack.com/quiet324/LiangYouSchoolAlbum12/1706054/mavej/mavej007.mp3",
		"id": 174888186
	},
	{
		"albumtitle": "《良院专区》约翰书信(08)",
		"title": "认识敌基督",
		"duration": 1760,
		"size": "28.2M",
		"albumId": 174,
		"albumName": "《良院专区》约翰书信",
		"path": "https://rawcdn.githack.com/quiet324/LiangYouSchoolAlbum12/1706054/mavej/mavej008.mp3",
		"id": 174888187
	},
	{
		"albumtitle": "《良院专区》约翰书信(09)",
		"title": "认识恩膏",
		"duration": 1760,
		"size": "28.2M",
		"albumId": 174,
		"albumName": "《良院专区》约翰书信",
		"path": "https://rawcdn.githack.com/quiet324/LiangYouSchoolAlbum12/1706054/mavej/mavej009.mp3",
		"id": 174888188
	},
	{
		"albumtitle": "《良院专区》约翰书信(10)",
		"title": "主的显现",
		"duration": 1760,
		"size": "28.2M",
		"albumId": 174,
		"albumName": "《良院专区》约翰书信",
		"path": "https://rawcdn.githack.com/quiet324/LiangYouSchoolAlbum12/1706054/mavej/mavej010.mp3",
		"id": 174888189
	},
	{
		"albumtitle": "《良院专区》约翰书信(11)",
		"title": "不犯罪的生命与生活",
		"duration": 1760,
		"size": "28.2M",
		"albumId": 174,
		"albumName": "《良院专区》约翰书信",
		"path": "https://rawcdn.githack.com/quiet324/LiangYouSchoolAlbum12/1706054/mavej/mavej011.mp3",
		"id": 174888190
	},
	{
		"albumtitle": "《良院专区》约翰书信(12)",
		"title": "彼此相爱",
		"duration": 1760,
		"size": "28.2M",
		"albumId": 174,
		"albumName": "《良院专区》约翰书信",
		"path": "https://rawcdn.githack.com/quiet324/LiangYouSchoolAlbum12/1706054/mavej/mavej012.mp3",
		"id": 174888191
	},
	{
		"albumtitle": "《良院专区》约翰书信(13)",
		"title": "真理的确据",
		"duration": 1760,
		"size": "28.2M",
		"albumId": 174,
		"albumName": "《良院专区》约翰书信",
		"path": "https://rawcdn.githack.com/quiet324/LiangYouSchoolAlbum12/1706054/mavej/mavej013.mp3",
		"id": 174888192
	},
	{
		"albumtitle": "《良院专区》约翰书信(14)",
		"title": "真理的灵与谬妄的灵",
		"duration": 1760,
		"size": "28.2M",
		"albumId": 174,
		"albumName": "《良院专区》约翰书信",
		"path": "https://rawcdn.githack.com/quiet324/LiangYouSchoolAlbum12/1706054/mavej/mavej014.mp3",
		"id": 174888193
	},
	{
		"albumtitle": "《良院专区》约翰书信(15)",
		"title": "认识神的爱",
		"duration": 1760,
		"size": "28.2M",
		"albumId": 174,
		"albumName": "《良院专区》约翰书信",
		"path": "https://rawcdn.githack.com/quiet324/LiangYouSchoolAlbum12/1706054/mavej/mavej015.mp3",
		"id": 174888194
	},
	{
		"albumtitle": "《良院专区》约翰书信(16)",
		"title": "住在神里面",
		"duration": 1760,
		"size": "28.2M",
		"albumId": 174,
		"albumName": "《良院专区》约翰书信",
		"path": "https://rawcdn.githack.com/quiet324/LiangYouSchoolAlbum12/1706054/mavej/mavej016.mp3",
		"id": 174888195
	}
,
	{
		"albumtitle": "《良院专区》约翰书信(17)",
		"title": "爱神的也当爱弟兄",
		"duration": 1760,
		"size": "28.2M",
		"albumId": 174,
		"albumName": "《良院专区》约翰书信",
		"path": "https://rawcdn.githack.com/quiet324/LiangYouSchoolAlbum12/1706054/mavej/mavej017.mp3",
		"id": 174888196
	},
	{
		"albumtitle": "《良院专区》约翰书信(18)",
		"title": "真理的见证",
		"duration": 1760,
		"size": "28.2M",
		"albumId": 174,
		"albumName": "《良院专区》约翰书信",
		"path": "https://rawcdn.githack.com/quiet324/LiangYouSchoolAlbum12/1706054/mavej/mavej018.mp3",
		"id": 174888197
	},
	{
		"albumtitle": "《良院专区》约翰书信(19)",
		"title": "真实的信仰",
		"duration": 1760,
		"size": "28.2M",
		"albumId": 174,
		"albumName": "《良院专区》约翰书信",
		"path": "https://rawcdn.githack.com/quiet324/LiangYouSchoolAlbum12/1706054/mavej/mavej019.mp3",
		"id": 174888198
	},
	{
		"albumtitle": "《良院专区》约翰书信(20)",
		"title": "约翰二书（一）",
		"duration": 1760,
		"size": "28.2M",
		"albumId": 174,
		"albumName": "《良院专区》约翰书信",
		"path": "https://rawcdn.githack.com/quiet324/LiangYouSchoolAlbum12/1706054/mavej/mavej020.mp3",
		"id": 174888199
	},
	{
		"albumtitle": "《良院专区》约翰书信(21)",
		"title": "约翰二书（二）",
		"duration": 1760,
		"size": "28.2M",
		"albumId": 174,
		"albumName": "《良院专区》约翰书信",
		"path": "https://rawcdn.githack.com/quiet324/LiangYouSchoolAlbum12/1706054/mavej/mavej021.mp3",
		"id": 174888200
	},
	{
		"albumtitle": "《良院专区》约翰书信(22)",
		"title": "约翰三书（一）",
		"duration": 1760,
		"size": "28.2M",
		"albumId": 174,
		"albumName": "《良院专区》约翰书信",
		"path": "https://rawcdn.githack.com/quiet324/LiangYouSchoolAlbum12/1706054/mavej/mavej022.mp3",
		"id": 174888201
	},
	{
		"albumtitle": "《良院专区》约翰书信(23)",
		"title": "约翰三书（二）",
		"duration": 1760,
		"size": "28.2M",
		"albumId": 174,
		"albumName": "《良院专区》约翰书信",
		"path": "https://rawcdn.githack.com/quiet324/LiangYouSchoolAlbum12/1706054/mavej/mavej023.mp3",
		"id": 174888202
	},
	{
		"albumtitle": "《良院专区》约翰书信(24)",
		"title": "约翰一书与约翰福音主题研究",
		"duration": 1760,
		"size": "28.2M",
		"albumId": 174,
		"albumName": "《良院专区》约翰书信",
		"path": "https://rawcdn.githack.com/quiet324/LiangYouSchoolAlbum12/1706054/mavej/mavej024.mp3",
		"id": 174888203
	}
]