[
	{
		"albumtitle": "《良院专区》释经与讲道(01)",
		"title": "本課程概論",
		"duration": 1760,
        "size": "3.5M",
		"albumId": 116,
		"albumName": "《良院专区》释经与讲道",
		"path": "https://rawcdn.githack.com/quiet324/LiangYouSchoolAlbum4/170605/maveh/maveh001.mp3",
		"id": 116888180
	},
	{
		"albumtitle": "《良院专区》释经与讲道(02)",
		"title": "針對講道者的提醒",
		"duration": 1760,
        "size": "3.5M",
		"albumId": 116,
		"albumName": "《良院专区》释经与讲道",
		"path": "https://rawcdn.githack.com/quiet324/LiangYouSchoolAlbum4/170605/maveh/maveh002.mp3",
		"id": 116888181
	},
	{
		"albumtitle": "《良院专区》释经与讲道(03)",
		"title": "何謂解經講道",
		"duration": 1760,
        "size": "3.5M",
		"albumId": 116,
		"albumName": "《良院专区》释经与讲道",
		"path": "https://rawcdn.githack.com/quiet324/LiangYouSchoolAlbum4/170605/maveh/maveh003.mp3",
		"id": 116888182
	},
	{
		"albumtitle": "《良院专区》释经与讲道(04)",
		"title": "解經講道的好處",
		"duration": 1760,
        "size": "3.5M",
		"albumId": 116,
		"albumName": "《良院专区》释经与讲道",
		"path": "https://rawcdn.githack.com/quiet324/LiangYouSchoolAlbum4/170605/maveh/maveh004.mp3",
		"id": 116888183
	},
	{
		"albumtitle": "《良院专区》释经与讲道(05)",
		"title": "聖經釋經學的必要性與傳講者的態度提醒",
		"duration": 1760,
        "size": "3.5M",
		"albumId": 116,
		"albumName": "《良院专区》释经与讲道",
		"path": "https://rawcdn.githack.com/quiet324/LiangYouSchoolAlbum4/170605/maveh/maveh005.mp3",
		"id": 116888184
	},
	{
		"albumtitle": "《良院专区》释经与讲道(06)",
		"title": "釋經原則之一",
		"duration": 1760,
        "size": "3.5M",
		"albumId": 116,
		"albumName": "《良院专区》释经与讲道",
		"path": "https://rawcdn.githack.com/quiet324/LiangYouSchoolAlbum4/170605/maveh/maveh006.mp3",
		"id": 116888185
	}
,
	{
		"albumtitle": "《良院专区》释经与讲道(07)",
		"title": "釋經原則之二",
		"duration": 1760,
        "size": "3.5M",
		"albumId": 116,
		"albumName": "《良院专区》释经与讲道",
		"path": "https://rawcdn.githack.com/quiet324/LiangYouSchoolAlbum4/170605/maveh/maveh007.mp3",
		"id": 116888186
	},
	{
		"albumtitle": "《良院专区》释经与讲道(08)",
		"title": "釋經原則之三、四",
		"duration": 1760,
        "size": "3.5M",
		"albumId": 116,
		"albumName": "《良院专区》释经与讲道",
		"path": "https://rawcdn.githack.com/quiet324/LiangYouSchoolAlbum4/170605/maveh/maveh008.mp3",
		"id": 116888187
	},
	{
		"albumtitle": "《良院专区》释经与讲道(09)",
		"title": "釋經原則之五",
		"duration": 1760,
        "size": "3.5M",
		"albumId": 116,
		"albumName": "《良院专区》释经与讲道",
		"path": "https://rawcdn.githack.com/quiet324/LiangYouSchoolAlbum4/170605/maveh/maveh009.mp3",
		"id": 116888188
	},
	{
		"albumtitle": "《良院专区》释经与讲道(10)",
		"title": "釋經原則之六",
		"duration": 1760,
        "size": "3.5M",
		"albumId": 116,
		"albumName": "《良院专区》释经与讲道",
		"path": "https://rawcdn.githack.com/quiet324/LiangYouSchoolAlbum4/170605/maveh/maveh010.mp3",
		"id": 116888189
	},
	{
		"albumtitle": "《良院专区》释经与讲道(11)",
		"title": "釋經原則之七、八",
		"duration": 1760,
        "size": "3.5M",
		"albumId": 116,
		"albumName": "《良院专区》释经与讲道",
		"path": "https://rawcdn.githack.com/quiet324/LiangYouSchoolAlbum4/170605/maveh/maveh011.mp3",
		"id": 116888190
	},
	{
		"albumtitle": "《良院专区》释经与讲道(12)",
		"title": "解經講道的方法與技巧之一（開場白與引言）",
		"duration": 1760,
        "size": "3.5M",
		"albumId": 116,
		"albumName": "《良院专区》释经与讲道",
		"path": "https://rawcdn.githack.com/quiet324/LiangYouSchoolAlbum4/170605/maveh/maveh012.mp3",
		"id": 116888191
	},
	{
		"albumtitle": "《良院专区》释经与讲道(13)",
		"title": "解經講道的方法與技巧之二（講題）",
		"duration": 1760,
        "size": "3.5M",
		"albumId": 116,
		"albumName": "《良院专区》释经与讲道",
		"path": "https://rawcdn.githack.com/quiet324/LiangYouSchoolAlbum4/170605/maveh/maveh013.mp3",
		"id": 116888192
	},
	{
		"albumtitle": "《良院专区》释经与讲道(14)",
		"title": "解經講道的方法與技巧之三（結論）",
		"duration": 1760,
        "size": "3.5M",
		"albumId": 116,
		"albumName": "《良院专区》释经与讲道",
		"path": "https://rawcdn.githack.com/quiet324/LiangYouSchoolAlbum4/170605/maveh/maveh014.mp3",
		"id": 116888193
	},
	{
		"albumtitle": "《良院专区》释经与讲道(15)",
		"title": "解經講道的方法與技巧之四（本論）",
		"duration": 1760,
        "size": "3.5M",
		"albumId": 116,
		"albumName": "《良院专区》释经与讲道",
		"path": "https://rawcdn.githack.com/quiet324/LiangYouSchoolAlbum4/170605/maveh/maveh015.mp3",
		"id": 116888194
	},
	{
		"albumtitle": "《良院专区》释经与讲道(16)",
		"title": "解經講道的方法與技巧之五（要講什么）",
		"duration": 1760,
        "size": "3.5M",
		"albumId": 116,
		"albumName": "《良院专区》释经与讲道",
		"path": "https://rawcdn.githack.com/quiet324/LiangYouSchoolAlbum4/170605/maveh/maveh016.mp3",
		"id": 116888195
	}
,
	{
		"albumtitle": "《良院专区》释经与讲道(17)",
		"title": "解經講道的方法與技巧之六（培靈講章）",
		"duration": 1760,
        "size": "3.5M",
		"albumId": 116,
		"albumName": "《良院专区》释经与讲道",
		"path": "https://rawcdn.githack.com/quiet324/LiangYouSchoolAlbum4/170605/maveh/maveh017.mp3",
		"id": 116888196
	},
	{
		"albumtitle": "《良院专区》释经与讲道(18)",
		"title": "解經講道的方法與技巧之七（佈道講章）",
		"duration": 1760,
        "size": "3.5M",
		"albumId": 116,
		"albumName": "《良院专区》释经与讲道",
		"path": "https://rawcdn.githack.com/quiet324/LiangYouSchoolAlbum4/170605/maveh/maveh018.mp3",
		"id": 116888197
	},
	{
		"albumtitle": "《良院专区》释经与讲道(19)",
		"title": "解經講道的方法與技巧之八（差傳講章）",
		"duration": 1760,
        "size": "3.5M",
		"albumId": 116,
		"albumName": "《良院专区》释经与讲道",
		"path": "https://rawcdn.githack.com/quiet324/LiangYouSchoolAlbum4/170605/maveh/maveh019.mp3",
		"id": 116888198
	},
	{
		"albumtitle": "《良院专区》释经与讲道(20)",
		"title": "解經講道的方法與技巧之九（不同場所的講章）",
		"duration": 1760,
        "size": "3.5M",
		"albumId": 116,
		"albumName": "《良院专区》释经与讲道",
		"path": "https://rawcdn.githack.com/quiet324/LiangYouSchoolAlbum4/170605/maveh/maveh020.mp3",
		"id": 116888199
	},
	{
		"albumtitle": "《良院专区》释经与讲道(21)",
		"title": "解經講道的方法與技巧之十（婚禮、喪禮及針對兒童之講章）",
		"duration": 1760,
        "size": "3.5M",
		"albumId": 116,
		"albumName": "《良院专区》释经与讲道",
		"path": "https://rawcdn.githack.com/quiet324/LiangYouSchoolAlbum4/170605/maveh/maveh021.mp3",
		"id": 116888200
	},
	{
		"albumtitle": "《良院专区》释经与讲道(22)",
		"title": "王牧師的解經講道示範",
		"duration": 1760,
        "size": "3.5M",
		"albumId": 116,
		"albumName": "《良院专区》释经与讲道",
		"path": "https://rawcdn.githack.com/quiet324/LiangYouSchoolAlbum4/170605/maveh/maveh022.mp3",
		"id": 116888201
	},
	{
		"albumtitle": "《良院专区》释经与讲道(23)",
		"title": "康牧師的解經講道示範",
		"duration": 1760,
        "size": "3.5M",
		"albumId": 116,
		"albumName": "《良院专区》释经与讲道",
		"path": "https://rawcdn.githack.com/quiet324/LiangYouSchoolAlbum4/170605/maveh/maveh023.mp3",
		"id": 116888202
	},
	{
		"albumtitle": "《良院专区》释经与讲道(24)",
		"title": "張得仁的解經講道示範",
		"duration": 1760,
        "size": "3.5M",
		"albumId": 116,
		"albumName": "《良院专区》释经与讲道",
		"path": "https://rawcdn.githack.com/quiet324/LiangYouSchoolAlbum4/170605/maveh/maveh024.mp3",
		"id": 116888203
	}
]