[
	{
		"albumtitle": "《良院专区》基督教教育(01)",
		"title": "简介与再思",
		"duration": 1760,
        "size": "5.3M",
		"albumId": 88,
		"albumName": "《良院专区》基督教教育",
		"path": "https://rawcdn.githack.com/quiet324/LiangYouSchoolAlbum2/170605/maved/maved001.mp3",
		"id": 88888180
	},
	{
		"albumtitle": "《良院专区》基督教教育(02)",
		"title": "历史篇（一）：旧约宗教教育与中国基督教教育史",
		"duration": 1760,
        "size": "5.3M",
		"albumId": 88,
		"albumName": "《良院专区》基督教教育",
		"path": "https://rawcdn.githack.com/quiet324/LiangYouSchoolAlbum2/170605/maved/maved002.mp3",
		"id": 88888181
	},
	{
		"albumtitle": "《良院专区》基督教教育(03)",
		"title": "历史篇（二）：新约宗教教育与耶稣",
		"duration": 1760,
        "size": "5.3M",
		"albumId": 88,
		"albumName": "《良院专区》基督教教育",
		"path": "https://rawcdn.githack.com/quiet324/LiangYouSchoolAlbum2/170605/maved/maved003.mp3",
		"id": 88888182
	},
	{
		"albumtitle": "《良院专区》基督教教育(04)",
		"title": "历史篇（三）：新约宗教教育与初期教会",
		"duration": 1760,
        "size": "5.3M",
		"albumId": 88,
		"albumName": "《良院专区》基督教教育",
		"path": "https://rawcdn.githack.com/quiet324/LiangYouSchoolAlbum2/170605/maved/maved004.mp3",
		"id": 88888183
	},
	{
		"albumtitle": "《良院专区》基督教教育(05)",
		"title": "历史篇（四）：教会历史教育概览",
		"duration": 1760,
        "size": "5.3M",
		"albumId": 88,
		"albumName": "《良院专区》基督教教育",
		"path": "https://rawcdn.githack.com/quiet324/LiangYouSchoolAlbum2/170605/maved/maved005.mp3",
		"id": 88888184
	},
	{
		"albumtitle": "《良院专区》基督教教育(06)",
		"title": "神学篇（一）：认识神",
		"duration": 1760,
        "size": "5.3M",
		"albumId": 88,
		"albumName": "《良院专区》基督教教育",
		"path": "https://rawcdn.githack.com/quiet324/LiangYouSchoolAlbum2/170605/maved/maved006.mp3",
		"id": 88888185
	}
,
	{
		"albumtitle": "《良院专区》基督教教育(07)",
		"title": "神学篇（二）：认识人",
		"duration": 1760,
        "size": "5.3M",
		"albumId": 88,
		"albumName": "《良院专区》基督教教育",
		"path": "https://rawcdn.githack.com/quiet324/LiangYouSchoolAlbum2/170605/maved/maved007.mp3",
		"id": 88888186
	},
	{
		"albumtitle": "《良院专区》基督教教育(08)",
		"title": "组织篇（一）：教会",
		"duration": 1760,
        "size": "5.3M",
		"albumId": 88,
		"albumName": "《良院专区》基督教教育",
		"path": "https://rawcdn.githack.com/quiet324/LiangYouSchoolAlbum2/170605/maved/maved008.mp3",
		"id": 88888187
	},
	{
		"albumtitle": "《良院专区》基督教教育(09)",
		"title": "组织篇（二）：家庭",
		"duration": 1760,
        "size": "5.3M",
		"albumId": 88,
		"albumName": "《良院专区》基督教教育",
		"path": "https://rawcdn.githack.com/quiet324/LiangYouSchoolAlbum2/170605/maved/maved009.mp3",
		"id": 88888188
	},
	{
		"albumtitle": "《良院专区》基督教教育(10)",
		"title": "心理篇",
		"duration": 1760,
        "size": "5.3M",
		"albumId": 88,
		"albumName": "《良院专区》基督教教育",
		"path": "https://rawcdn.githack.com/quiet324/LiangYouSchoolAlbum2/170605/maved/maved010.mp3",
		"id": 88888189
	},
	{
		"albumtitle": "《良院专区》基督教教育(11)",
		"title": "宗旨与目标（一）",
		"duration": 1760,
        "size": "5.3M",
		"albumId": 88,
		"albumName": "《良院专区》基督教教育",
		"path": "https://rawcdn.githack.com/quiet324/LiangYouSchoolAlbum2/170605/maved/maved011.mp3",
		"id": 88888190
	},
	{
		"albumtitle": "《良院专区》基督教教育(12)",
		"title": "宗旨与目标（二）",
		"duration": 1760,
        "size": "5.3M",
		"albumId": 88,
		"albumName": "《良院专区》基督教教育",
		"path": "https://rawcdn.githack.com/quiet324/LiangYouSchoolAlbum2/170605/maved/maved012.mp3",
		"id": 88888191
	},
	{
		"albumtitle": "《良院专区》基督教教育(13)",
		"title": "领袖训练（一）：仆人领袖",
		"duration": 1760,
        "size": "5.3M",
		"albumId": 88,
		"albumName": "《良院专区》基督教教育",
		"path": "https://rawcdn.githack.com/quiet324/LiangYouSchoolAlbum2/170605/maved/maved013.mp3",
		"id": 88888192
	},
	{
		"albumtitle": "《良院专区》基督教教育(14)",
		"title": "领袖训练（二）：集体领袖",
		"duration": 1760,
        "size": "5.3M",
		"albumId": 88,
		"albumName": "《良院专区》基督教教育",
		"path": "https://rawcdn.githack.com/quiet324/LiangYouSchoolAlbum2/170605/maved/maved014.mp3",
		"id": 88888193
	},
	{
		"albumtitle": "《良院专区》基督教教育(15)",
		"title": "成人教育（一）：青年篇",
		"duration": 1760,
        "size": "5.3M",
		"albumId": 88,
		"albumName": "《良院专区》基督教教育",
		"path": "https://rawcdn.githack.com/quiet324/LiangYouSchoolAlbum2/170605/maved/maved015.mp3",
		"id": 88888194
	},
	{
		"albumtitle": "《良院专区》基督教教育(16)",
		"title": "成人教育（二）：中年篇",
		"duration": 1760,
        "size": "5.3M",
		"albumId": 88,
		"albumName": "《良院专区》基督教教育",
		"path": "https://rawcdn.githack.com/quiet324/LiangYouSchoolAlbum2/170605/maved/maved016.mp3",
		"id": 88888195
	}
,
	{
		"albumtitle": "《良院专区》基督教教育(17)",
		"title": "成人教育（三）：老年篇",
		"duration": 1760,
        "size": "5.3M",
		"albumId": 88,
		"albumName": "《良院专区》基督教教育",
		"path": "https://rawcdn.githack.com/quiet324/LiangYouSchoolAlbum2/170605/maved/maved017.mp3",
		"id": 88888196
	},
	{
		"albumtitle": "《良院专区》基督教教育(18)",
		"title": "家庭教育（一）：儿童篇",
		"duration": 1760,
        "size": "5.3M",
		"albumId": 88,
		"albumName": "《良院专区》基督教教育",
		"path": "https://rawcdn.githack.com/quiet324/LiangYouSchoolAlbum2/170605/maved/maved018.mp3",
		"id": 88888197
	},
	{
		"albumtitle": "《良院专区》基督教教育(19)",
		"title": "家庭教育（二）：青少年篇",
		"duration": 1760,
        "size": "5.3M",
		"albumId": 88,
		"albumName": "《良院专区》基督教教育",
		"path": "https://rawcdn.githack.com/quiet324/LiangYouSchoolAlbum2/170605/maved/maved019.mp3",
		"id": 88888198
	},
	{
		"albumtitle": "《良院专区》基督教教育(20)",
		"title": "家庭教育（三）：家庭篇（上）",
		"duration": 1760,
        "size": "5.3M",
		"albumId": 88,
		"albumName": "《良院专区》基督教教育",
		"path": "https://rawcdn.githack.com/quiet324/LiangYouSchoolAlbum2/170605/maved/maved020.mp3",
		"id": 88888199
	},
	{
		"albumtitle": "《良院专区》基督教教育(21)",
		"title": "家庭教育（四）：家庭篇（中）",
		"duration": 1760,
        "size": "5.3M",
		"albumId": 88,
		"albumName": "《良院专区》基督教教育",
		"path": "https://rawcdn.githack.com/quiet324/LiangYouSchoolAlbum2/170605/maved/maved021.mp3",
		"id": 88888200
	},
	{
		"albumtitle": "《良院专区》基督教教育(22)",
		"title": "家庭教育（五）：家庭篇（下）",
		"duration": 1760,
        "size": "5.3M",
		"albumId": 88,
		"albumName": "《良院专区》基督教教育",
		"path": "https://rawcdn.githack.com/quiet324/LiangYouSchoolAlbum2/170605/maved/maved022.mp3",
		"id": 88888201
	},
	{
		"albumtitle": "《良院专区》基督教教育(23)",
		"title": "改变生命的教育",
		"duration": 1760,
        "size": "5.3M",
		"albumId": 88,
		"albumName": "《良院专区》基督教教育",
		"path": "https://rawcdn.githack.com/quiet324/LiangYouSchoolAlbum2/170605/maved/maved023.mp3",
		"id": 88888202
	},
	{
		"albumtitle": "《良院专区》基督教教育(24)",
		"title": "总结和呼召",
		"duration": 1760,
        "size": "5.3M",
		"albumId": 88,
		"albumName": "《良院专区》基督教教育",
		"path": "https://rawcdn.githack.com/quiet324/LiangYouSchoolAlbum2/170605/maved/maved024.mp3",
		"id": 88888203
	}
]