[
	{
		"albumtitle": "《良院专区》基要真理(01)",
		"title": "聖經與生活（一）",
		"duration": 1760,
		"size": "7M",
		"albumId": 141,
		"albumName": "《良院专区》基要真理",
		"path": "https://rawcdn.githack.com/quiet324/LiangYouSchoolAlbum8/1706052/mavfb/mavfb001.mp3",
		"id": 141888180
	},
	{
		"albumtitle": "《良院专区》基要真理(02)",
		"title": "聖經與生活（二）",
		"duration": 1760,
		"size": "7M",
		"albumId": 141,
		"albumName": "《良院专区》基要真理",
		"path": "https://rawcdn.githack.com/quiet324/LiangYouSchoolAlbum8/1706052/mavfb/mavfb002.mp3",
		"id": 141888181
	},
	{
		"albumtitle": "《良院专区》基要真理(03)",
		"title": "認識三一神（一）",
		"duration": 1760,
		"size": "7M",
		"albumId": 141,
		"albumName": "《良院专区》基要真理",
		"path": "https://rawcdn.githack.com/quiet324/LiangYouSchoolAlbum8/1706052/mavfb/mavfb003.mp3",
		"id": 141888182
	},
	{
		"albumtitle": "《良院专区》基要真理(04)",
		"title": "認識三一神（二）",
		"duration": 1760,
		"size": "7M",
		"albumId": 141,
		"albumName": "《良院专区》基要真理",
		"path": "https://rawcdn.githack.com/quiet324/LiangYouSchoolAlbum8/1706052/mavfb/mavfb004.mp3",
		"id": 141888183
	},
	{
		"albumtitle": "《良院专区》基要真理(05)",
		"title": "罪與義",
		"duration": 1760,
		"size": "7M",
		"albumId": 141,
		"albumName": "《良院专区》基要真理",
		"path": "https://rawcdn.githack.com/quiet324/LiangYouSchoolAlbum8/1706052/mavfb/mavfb005.mp3",
		"id": 141888184
	},
	{
		"albumtitle": "《良院专区》基要真理(06)",
		"title": "稱義",
		"duration": 1760,
		"size": "7M",
		"albumId": 141,
		"albumName": "《良院专区》基要真理",
		"path": "https://rawcdn.githack.com/quiet324/LiangYouSchoolAlbum8/1706052/mavfb/mavfb006.mp3",
		"id": 141888185
	}
,
	{
		"albumtitle": "《良院专区》基要真理(07)",
		"title": "成聖",
		"duration": 1760,
		"size": "7M",
		"albumId": 141,
		"albumName": "《良院专区》基要真理",
		"path": "https://rawcdn.githack.com/quiet324/LiangYouSchoolAlbum8/1706052/mavfb/mavfb007.mp3",
		"id": 141888186
	},
	{
		"albumtitle": "《良院专区》基要真理(08)",
		"title": "重生與信心",
		"duration": 1760,
		"size": "7M",
		"albumId": 141,
		"albumName": "《良院专区》基要真理",
		"path": "https://rawcdn.githack.com/quiet324/LiangYouSchoolAlbum8/1706052/mavfb/mavfb008.mp3",
		"id": 141888187
	},
	{
		"albumtitle": "《良院专区》基要真理(09)",
		"title": "信徒與團契",
		"duration": 1760,
		"size": "7M",
		"albumId": 141,
		"albumName": "《良院专区》基要真理",
		"path": "https://rawcdn.githack.com/quiet324/LiangYouSchoolAlbum8/1706052/mavfb/mavfb009.mp3",
		"id": 141888188
	},
	{
		"albumtitle": "《良院专区》基要真理(10)",
		"title": "洗禮",
		"duration": 1760,
		"size": "7M",
		"albumId": 141,
		"albumName": "《良院专区》基要真理",
		"path": "https://rawcdn.githack.com/quiet324/LiangYouSchoolAlbum8/1706052/mavfb/mavfb010.mp3",
		"id": 141888189
	},
	{
		"albumtitle": "《良院专区》基要真理(11)",
		"title": "聖餐",
		"duration": 1760,
		"size": "7M",
		"albumId": 141,
		"albumName": "《良院专区》基要真理",
		"path": "https://rawcdn.githack.com/quiet324/LiangYouSchoolAlbum8/1706052/mavfb/mavfb011.mp3",
		"id": 141888190
	},
	{
		"albumtitle": "《良院专区》基要真理(12)",
		"title": "成長與果子",
		"duration": 1760,
		"size": "7M",
		"albumId": 141,
		"albumName": "《良院专区》基要真理",
		"path": "https://rawcdn.githack.com/quiet324/LiangYouSchoolAlbum8/1706052/mavfb/mavfb012.mp3",
		"id": 141888191
	},
	{
		"albumtitle": "《良院专区》基要真理(13)",
		"title": "祈禱與靈交（一）",
		"duration": 1760,
		"size": "7M",
		"albumId": 141,
		"albumName": "《良院专区》基要真理",
		"path": "https://rawcdn.githack.com/quiet324/LiangYouSchoolAlbum8/1706052/mavfb/mavfb013.mp3",
		"id": 141888192
	},
	{
		"albumtitle": "《良院专区》基要真理(14)",
		"title": "祈禱與靈交（二）",
		"duration": 1760,
		"size": "7M",
		"albumId": 141,
		"albumName": "《良院专区》基要真理",
		"path": "https://rawcdn.githack.com/quiet324/LiangYouSchoolAlbum8/1706052/mavfb/mavfb014.mp3",
		"id": 141888193
	},
	{
		"albumtitle": "《良院专区》基要真理(15)",
		"title": "聖靈與能力",
		"duration": 1760,
		"size": "7M",
		"albumId": 141,
		"albumName": "《良院专区》基要真理",
		"path": "https://rawcdn.githack.com/quiet324/LiangYouSchoolAlbum8/1706052/mavfb/mavfb015.mp3",
		"id": 141888194
	},
	{
		"albumtitle": "《良院专区》基要真理(16)",
		"title": "復活與永生",
		"duration": 1760,
		"size": "7M",
		"albumId": 141,
		"albumName": "《良院专区》基要真理",
		"path": "https://rawcdn.githack.com/quiet324/LiangYouSchoolAlbum8/1706052/mavfb/mavfb016.mp3",
		"id": 141888195
	}
,
	{
		"albumtitle": "《良院专区》基要真理(17)",
		"title": "教會與神國",
		"duration": 1760,
		"size": "7M",
		"albumId": 141,
		"albumName": "《良院专区》基要真理",
		"path": "https://rawcdn.githack.com/quiet324/LiangYouSchoolAlbum8/1706052/mavfb/mavfb017.mp3",
		"id": 141888196
	},
	{
		"albumtitle": "《良院专区》基要真理(18)",
		"title": "奉獻與見証",
		"duration": 1760,
		"size": "7M",
		"albumId": 141,
		"albumName": "《良院专区》基要真理",
		"path": "https://rawcdn.githack.com/quiet324/LiangYouSchoolAlbum8/1706052/mavfb/mavfb018.mp3",
		"id": 141888197
	},
	{
		"albumtitle": "《良院专区》基要真理(19)",
		"title": "門徒與跟隨",
		"duration": 1760,
		"size": "7M",
		"albumId": 141,
		"albumName": "《良院专区》基要真理",
		"path": "https://rawcdn.githack.com/quiet324/LiangYouSchoolAlbum8/1706052/mavfb/mavfb019.mp3",
		"id": 141888198
	},
	{
		"albumtitle": "《良院专区》基要真理(20)",
		"title": "順服與主權",
		"duration": 1760,
		"size": "7M",
		"albumId": 141,
		"albumName": "《良院专区》基要真理",
		"path": "https://rawcdn.githack.com/quiet324/LiangYouSchoolAlbum8/1706052/mavfb/mavfb020.mp3",
		"id": 141888199
	},
	{
		"albumtitle": "《良院专区》基要真理(21)",
		"title": "試探與受苦",
		"duration": 1760,
		"size": "7M",
		"albumId": 141,
		"albumName": "《良院专区》基要真理",
		"path": "https://rawcdn.githack.com/quiet324/LiangYouSchoolAlbum8/1706052/mavfb/mavfb021.mp3",
		"id": 141888200
	},
	{
		"albumtitle": "《良院专区》基要真理(22)",
		"title": "饒恕與紀律",
		"duration": 1760,
		"size": "7M",
		"albumId": 141,
		"albumName": "《良院专区》基要真理",
		"path": "https://rawcdn.githack.com/quiet324/LiangYouSchoolAlbum8/1706052/mavfb/mavfb022.mp3",
		"id": 141888201
	},
	{
		"albumtitle": "《良院专区》基要真理(23)",
		"title": "盼望主再來",
		"duration": 1760,
		"size": "7M",
		"albumId": 141,
		"albumName": "《良院专区》基要真理",
		"path": "https://rawcdn.githack.com/quiet324/LiangYouSchoolAlbum8/1706052/mavfb/mavfb023.mp3",
		"id": 141888202
	},
	{
		"albumtitle": "《良院专区》基要真理(24)",
		"title": "總結",
		"duration": 1760,
		"size": "7M",
		"albumId": 141,
		"albumName": "《良院专区》基要真理",
		"path": "https://rawcdn.githack.com/quiet324/LiangYouSchoolAlbum8/1706052/mavfb/mavfb024.mp3",
		"id": 141888203
	}
]