[
	{
		"albumtitle": "《良院专区》慎思明辨(认识东方闪电)(01)",
		"title": "純正的信仰",
		"duration": 1760,
		"size": "7M",
		"albumId": 145,
		"albumName": "《良院专区》慎思明辨(认识东方闪电)",
		"path": "https://rawcdn.githack.com/quiet324/LiangYouSchoolAlbum8/1706056/mavfd/mavfd001.mp3",
		"id": 145888180
	},
	{
		"albumtitle": "《良院专区》慎思明辨(认识东方闪电)(02)",
		"title": "識別和防範異端",
		"duration": 1760,
		"size": "7M",
		"albumId": 145,
		"albumName": "《良院专区》慎思明辨(认识东方闪电)",
		"path": "https://rawcdn.githack.com/quiet324/LiangYouSchoolAlbum8/1706056/mavfd/mavfd002.mp3",
		"id": 145888181
	},
	{
		"albumtitle": "《良院专区》慎思明辨(认识东方闪电)(03)",
		"title": "防範異端東方閃電（一）",
		"duration": 1760,
		"size": "7M",
		"albumId": 145,
		"albumName": "《良院专区》慎思明辨(认识东方闪电)",
		"path": "https://rawcdn.githack.com/quiet324/LiangYouSchoolAlbum8/1706056/mavfd/mavfd003.mp3",
		"id": 145888182
	},
	{
		"albumtitle": "《良院专区》慎思明辨(认识东方闪电)(04)",
		"title": "防範異端東方閃電（二）",
		"duration": 1760,
		"size": "7M",
		"albumId": 145,
		"albumName": "《良院专区》慎思明辨(认识东方闪电)",
		"path": "https://rawcdn.githack.com/quiet324/LiangYouSchoolAlbum8/1706056/mavfd/mavfd004.mp3",
		"id": 145888183
	},
	{
		"albumtitle": "《良院专区》慎思明辨(认识东方闪电)(05)",
		"title": "防範異端東方閃電（三）",
		"duration": 1760,
		"size": "7M",
		"albumId": 145,
		"albumName": "《良院专区》慎思明辨(认识东方闪电)",
		"path": "https://rawcdn.githack.com/quiet324/LiangYouSchoolAlbum8/1706056/mavfd/mavfd005.mp3",
		"id": 145888184
	},
	{
		"albumtitle": "《良院专区》慎思明辨(认识东方闪电)(06)",
		"title": "如何識破邪靈欺騙人和迷惑人的工作",
		"duration": 1760,
		"size": "7M",
		"albumId": 145,
		"albumName": "《良院专区》慎思明辨(认识东方闪电)",
		"path": "https://rawcdn.githack.com/quiet324/LiangYouSchoolAlbum8/1706056/mavfd/mavfd006.mp3",
		"id": 145888185
	}

]