[
	{
		"albumtitle": "《良院专区》团契生活(01)",
		"title": "團契的定義",
		"duration": 1760,
        "size": "7M",
		"albumId": 83,
		"albumName": "《良院专区》团契生活",
		"path": "https://rawcdn.githack.com/quiet324/LiangYouSchoolAlbum/1706056/mavfe/mavfe001.mp3",
		"id": 83888180
	},
	{
		"albumtitle": "《良院专区》团契生活(02)",
		"title": "聖經根據",
		"duration": 1760,
        "size": "7M",
		"albumId": 83,
		"albumName": "《良院专区》团契生活",
		"path": "https://rawcdn.githack.com/quiet324/LiangYouSchoolAlbum/1706056/mavfe/mavfe002.mp3",
		"id": 83888181
	},
	{
		"albumtitle": "《良院专区》团契生活(03)",
		"title": "聖經中的團契",
		"duration": 1760,
        "size": "7M",
		"albumId": 83,
		"albumName": "《良院专区》团契生活",
		"path": "https://rawcdn.githack.com/quiet324/LiangYouSchoolAlbum/1706056/mavfe/mavfe003.mp3",
		"id": 83888182
	},
	{
		"albumtitle": "《良院专区》团契生活(04)",
		"title": "與神團契的態度",
		"duration": 1760,
        "size": "7M",
		"albumId": 83,
		"albumName": "《良院专区》团契生活",
		"path": "https://rawcdn.githack.com/quiet324/LiangYouSchoolAlbum/1706056/mavfe/mavfe004.mp3",
		"id": 83888183
	},
	{
		"albumtitle": "《良院专区》团契生活(05)",
		"title": "與神團契的行動",
		"duration": 1760,
        "size": "7M",
		"albumId": 83,
		"albumName": "《良院专区》团契生活",
		"path": "https://rawcdn.githack.com/quiet324/LiangYouSchoolAlbum/1706056/mavfe/mavfe005.mp3",
		"id": 83888184
	},
	{
		"albumtitle": "《良院专区》团契生活(06)",
		"title": "聖徒相通",
		"duration": 1760,
        "size": "7M",
		"albumId": 83,
		"albumName": "《良院专区》团契生活",
		"path": "https://rawcdn.githack.com/quiet324/LiangYouSchoolAlbum/1706056/mavfe/mavfe006.mp3",
		"id": 83888185
	}
,
	{
		"albumtitle": "《良院专区》团契生活(07)",
		"title": "合而為一",
		"duration": 1760,
        "size": "7M",
		"albumId": 83,
		"albumName": "《良院专区》团契生活",
		"path": "https://rawcdn.githack.com/quiet324/LiangYouSchoolAlbum/1706056/mavfe/mavfe007.mp3",
		"id": 83888186
	},
	{
		"albumtitle": "《良院专区》团契生活(08)",
		"title": "互相服侍",
		"duration": 1760,
        "size": "7M",
		"albumId": 83,
		"albumName": "《良院专区》团契生活",
		"path": "https://rawcdn.githack.com/quiet324/LiangYouSchoolAlbum/1706056/mavfe/mavfe008.mp3",
		"id": 83888187
	},
	{
		"albumtitle": "《良院专区》团契生活(09)",
		"title": "彼此相顧",
		"duration": 1760,
        "size": "7M",
		"albumId": 83,
		"albumName": "《良院专区》团契生活",
		"path": "https://rawcdn.githack.com/quiet324/LiangYouSchoolAlbum/1706056/mavfe/mavfe009.mp3",
		"id": 83888188
	},
	{
		"albumtitle": "《良院专区》团契生活(10)",
		"title": "激發愛心",
		"duration": 1760,
        "size": "7M",
		"albumId": 83,
		"albumName": "《良院专区》团契生活",
		"path": "https://rawcdn.githack.com/quiet324/LiangYouSchoolAlbum/1706056/mavfe/mavfe010.mp3",
		"id": 83888189
	},
	{
		"albumtitle": "《良院专区》团契生活(11)",
		"title": "表達自己",
		"duration": 1760,
        "size": "7M",
		"albumId": 83,
		"albumName": "《良院专区》团契生活",
		"path": "https://rawcdn.githack.com/quiet324/LiangYouSchoolAlbum/1706056/mavfe/mavfe011.mp3",
		"id": 83888190
	},
	{
		"albumtitle": "《良院专区》团契生活(12)",
		"title": "溝通與互動",
		"duration": 1760,
        "size": "7M",
		"albumId": 83,
		"albumName": "《良院专区》团契生活",
		"path": "https://rawcdn.githack.com/quiet324/LiangYouSchoolAlbum/1706056/mavfe/mavfe012.mp3",
		"id": 83888191
	},
	{
		"albumtitle": "《良院专区》团契生活(13)",
		"title": "互相代求",
		"duration": 1760,
        "size": "7M",
		"albumId": 83,
		"albumName": "《良院专区》团契生活",
		"path": "https://rawcdn.githack.com/quiet324/LiangYouSchoolAlbum/1706056/mavfe/mavfe013.mp3",
		"id": 83888192
	},
	{
		"albumtitle": "《良院专区》团契生活(14)",
		"title": "處理衝突",
		"duration": 1760,
        "size": "7M",
		"albumId": 83,
		"albumName": "《良院专区》团契生活",
		"path": "https://rawcdn.githack.com/quiet324/LiangYouSchoolAlbum/1706056/mavfe/mavfe014.mp3",
		"id": 83888193
	},
	{
		"albumtitle": "《良院专区》团契生活(15)",
		"title": "彼此順服",
		"duration": 1760,
        "size": "7M",
		"albumId": 83,
		"albumName": "《良院专区》团契生活",
		"path": "https://rawcdn.githack.com/quiet324/LiangYouSchoolAlbum/1706056/mavfe/mavfe015.mp3",
		"id": 83888194
	},
	{
		"albumtitle": "《良院专区》团契生活(16)",
		"title": "彼此饒恕",
		"duration": 1760,
        "size": "7M",
		"albumId": 83,
		"albumName": "《良院专区》团契生活",
		"path": "https://rawcdn.githack.com/quiet324/LiangYouSchoolAlbum/1706056/mavfe/mavfe016.mp3",
		"id": 83888195
	}
,
	{
		"albumtitle": "《良院专区》团契生活(17)",
		"title": "特別的關顧",
		"duration": 1760,
        "size": "7M",
		"albumId": 83,
		"albumName": "《良院专区》团契生活",
		"path": "https://rawcdn.githack.com/quiet324/LiangYouSchoolAlbum/1706056/mavfe/mavfe017.mp3",
		"id": 83888196
	},
	{
		"albumtitle": "《良院专区》团契生活(18)",
		"title": "事奉與使命",
		"duration": 1760,
        "size": "7M",
		"albumId": 83,
		"albumName": "《良院专区》团契生活",
		"path": "https://rawcdn.githack.com/quiet324/LiangYouSchoolAlbum/1706056/mavfe/mavfe018.mp3",
		"id": 83888197
	},
	{
		"albumtitle": "《良院专区》团契生活(19)",
		"title": "聖餐",
		"duration": 1760,
        "size": "7M",
		"albumId": 83,
		"albumName": "《良院专区》团契生活",
		"path": "https://rawcdn.githack.com/quiet324/LiangYouSchoolAlbum/1706056/mavfe/mavfe019.mp3",
		"id": 83888198
	},
	{
		"albumtitle": "《良院专区》团契生活(20)",
		"title": "團契的領導",
		"duration": 1760,
        "size": "7M",
		"albumId": 83,
		"albumName": "《良院专区》团契生活",
		"path": "https://rawcdn.githack.com/quiet324/LiangYouSchoolAlbum/1706056/mavfe/mavfe020.mp3",
		"id": 83888199
	},
	{
		"albumtitle": "《良院专区》团契生活(21)",
		"title": "如何開始建立團契？",
		"duration": 1760,
        "size": "7M",
		"albumId": 83,
		"albumName": "《良院专区》团契生活",
		"path": "https://rawcdn.githack.com/quiet324/LiangYouSchoolAlbum/1706056/mavfe/mavfe021.mp3",
		"id": 83888200
	},
	{
		"albumtitle": "《良院专区》团契生活(22)",
		"title": "團契的成長（一）：策劃與安排",
		"duration": 1760,
        "size": "7M",
		"albumId": 83,
		"albumName": "《良院专区》团契生活",
		"path": "https://rawcdn.githack.com/quiet324/LiangYouSchoolAlbum/1706056/mavfe/mavfe022.mp3",
		"id": 83888201
	},
	{
		"albumtitle": "《良院专区》团契生活(23)",
		"title": "團契的成長（二）：發展與評估",
		"duration": 1760,
        "size": "7M",
		"albumId": 83,
		"albumName": "《良院专区》团契生活",
		"path": "https://rawcdn.githack.com/quiet324/LiangYouSchoolAlbum/1706056/mavfe/mavfe023.mp3",
		"id": 83888202
	},
	{
		"albumtitle": "《良院专区》团契生活(24)",
		"title": "總結：共同建立基督的身體",
		"duration": 1760,
        "size": "7M",
		"albumId": 83,
		"albumName": "《良院专区》团契生活",
		"path": "https://rawcdn.githack.com/quiet324/LiangYouSchoolAlbum/1706056/mavfe/mavfe024.mp3",
		"id": 83888203
	}
]