[
	{
		"albumtitle": "《良院专区》创世记(01)",
		"title": "希伯來文學敘事手法與聖經文學特色",
		"duration": 1880,
		"size": "7M",
		"albumId": 188,
		"albumName": "《良院专区》创世记",
		"path": "https://rawcdn.githack.com/quiet324/LiangYouSchoolAlbum14/1706055/mavgs/mavgs101.mp3",
		"id": 188888180
	},
	{
		"albumtitle": "《良院专区》创世记(02)",
		"title": "創世記的結構、背景及內容（創 1：1－2：3）",
		"duration": 1880,
		"size": "7M",
		"albumId": 188,
		"albumName": "《良院专区》创世记",
		"path": "https://rawcdn.githack.com/quiet324/LiangYouSchoolAlbum14/1706055/mavgs/mavgs102.mp3",
		"id": 188888181
	},
	{
		"albumtitle": "《良院专区》创世记(03)",
		"title": "創造（創 2：4－17）",
		"duration": 1880,
		"size": "7M",
		"albumId": 188,
		"albumName": "《良院专区》创世记",
		"path": "https://rawcdn.githack.com/quiet324/LiangYouSchoolAlbum14/1706055/mavgs/mavgs103.mp3",
		"id": 188888182
	},
	{
		"albumtitle": "《良院专区》创世记(04)",
		"title": "盟約（創 2：18－25）",
		"duration": 1880,
		"size": "7M",
		"albumId": 188,
		"albumName": "《良院专区》创世记",
		"path": "https://rawcdn.githack.com/quiet324/LiangYouSchoolAlbum14/1706055/mavgs/mavgs104.mp3",
		"id": 188888183
	},
	{
		"albumtitle": "《良院专区》创世记(05)",
		"title": "越界（創 3：1－7）",
		"duration": 1880,
		"size": "7M",
		"albumId": 188,
		"albumName": "《良院专区》创世记",
		"path": "https://rawcdn.githack.com/quiet324/LiangYouSchoolAlbum14/1706055/mavgs/mavgs105.mp3",
		"id": 188888184
	},
	{
		"albumtitle": "《良院专区》创世记(06)",
		"title": "挽回（創 3：8－13） ",
		"duration": 1880,
		"size": "7M",
		"albumId": 188,
		"albumName": "《良院专区》创世记",
		"path": "https://rawcdn.githack.com/quiet324/LiangYouSchoolAlbum14/1706055/mavgs/mavgs106.mp3",
		"id": 188888185
	}
,
	{
		"albumtitle": "《良院专区》创世记(07)",
		"title": "土地（創 3:17－4：16） ",
		"duration": 1880,
		"size": "7M",
		"albumId": 188,
		"albumName": "《良院专区》创世记",
		"path": "https://rawcdn.githack.com/quiet324/LiangYouSchoolAlbum14/1706055/mavgs/mavgs107.mp3",
		"id": 188888186
	},
	{
		"albumtitle": "《良院专区》创世记(08)",
		"title": "城市（創 4：17－5：32）",
		"duration": 1880,
		"size": "7M",
		"albumId": 188,
		"albumName": "《良院专区》创世记",
		"path": "https://rawcdn.githack.com/quiet324/LiangYouSchoolAlbum14/1706055/mavgs/mavgs108.mp3",
		"id": 188888187
	},
	{
		"albumtitle": "《良院专区》创世记(09)",
		"title": "洪水（創 6－8 章）",
		"duration": 1880,
		"size": "7M",
		"albumId": 188,
		"albumName": "《良院专区》创世记",
		"path": "https://rawcdn.githack.com/quiet324/LiangYouSchoolAlbum14/1706055/mavgs/mavgs109.mp3",
		"id": 188888188
	},
	{
		"albumtitle": "《良院专区》创世记(10)",
		"title": "賜福（創 9：1－28)",
		"duration": 1880,
		"size": "7M",
		"albumId": 188,
		"albumName": "《良院专区》创世记",
		"path": "https://rawcdn.githack.com/quiet324/LiangYouSchoolAlbum14/1706055/mavgs/mavgs110.mp3",
		"id": 188888189
	},
	{
		"albumtitle": "《良院专区》创世记(11)",
		"title": "咒詛和祝福（創 9：24－12：3）",
		"duration": 1880,
		"size": "7M",
		"albumId": 188,
		"albumName": "《良院专区》创世记",
		"path": "https://rawcdn.githack.com/quiet324/LiangYouSchoolAlbum14/1706055/mavgs/mavgs111.mp3",
		"id": 188888190
	},
	{
		"albumtitle": "《良院专区》创世记(12)",
		"title": "呼召（創 12－13 章）",
		"duration": 1880,
		"size": "7M",
		"albumId": 188,
		"albumName": "《良院专区》创世记",
		"path": "https://rawcdn.githack.com/quiet324/LiangYouSchoolAlbum14/1706055/mavgs/mavgs112.mp3",
		"id": 188888191
	},
	{
		"albumtitle": "《良院专区》创世记(13)",
		"title": "考驗（創 14－15 章）",
		"duration": 1880,
		"size": "7M",
		"albumId": 188,
		"albumName": "《良院专区》创世记",
		"path": "https://rawcdn.githack.com/quiet324/LiangYouSchoolAlbum14/1706055/mavgs/mavgs113.mp3",
		"id": 188888192
	},
	{
		"albumtitle": "《良院专区》创世记(14)",
		"title": "聽見（創 16－17 章）",
		"duration": 1880,
		"size": "7M",
		"albumId": 188,
		"albumName": "《良院专区》创世记",
		"path": "https://rawcdn.githack.com/quiet324/LiangYouSchoolAlbum14/1706055/mavgs/mavgs114.mp3",
		"id": 188888193
	},
	{
		"albumtitle": "《良院专区》创世记(15)",
		"title": "代求（創 18－20 章）",
		"duration": 1880,
		"size": "7M",
		"albumId": 188,
		"albumName": "《良院专区》创世记",
		"path": "https://rawcdn.githack.com/quiet324/LiangYouSchoolAlbum14/1706055/mavgs/mavgs115.mp3",
		"id": 188888194
	},
	{
		"albumtitle": "《良院专区》创世记(16)",
		"title": "後裔（創 21－23 章）",
		"duration": 1880,
		"size": "7M",
		"albumId": 188,
		"albumName": "《良院专区》创世记",
		"path": "https://rawcdn.githack.com/quiet324/LiangYouSchoolAlbum14/1706055/mavgs/mavgs116.mp3",
		"id": 188888195
	}
,
	{
		"albumtitle": "《良院专区》创世记(17)",
		"title": "以撒（創 24－26 章）",
		"duration": 1880,
		"size": "7M",
		"albumId": 188,
		"albumName": "《良院专区》创世记",
		"path": "https://rawcdn.githack.com/quiet324/LiangYouSchoolAlbum14/1706055/mavgs/mavgs117.mp3",
		"id": 188888196
	},
	{
		"albumtitle": "《良院专区》创世记(18)",
		"title": "長子（創 27－32 章上）",
		"duration": 1880,
		"size": "7M",
		"albumId": 188,
		"albumName": "《良院专区》创世记",
		"path": "https://rawcdn.githack.com/quiet324/LiangYouSchoolAlbum14/1706055/mavgs/mavgs118.mp3",
		"id": 188888197
	},
	{
		"albumtitle": "《良院专区》创世记(19)",
		"title": "家人（創 32 下－34 章）",
		"duration": 1880,
		"size": "7M",
		"albumId": 188,
		"albumName": "《良院专区》创世记",
		"path": "https://rawcdn.githack.com/quiet324/LiangYouSchoolAlbum14/1706055/mavgs/mavgs119.mp3",
		"id": 188888198
	},
	{
		"albumtitle": "《良院专区》创世记(20)",
		"title": "保存（創 35－37 章）",
		"duration": 1880,
		"size": "7M",
		"albumId": 188,
		"albumName": "《良院专区》创世记",
		"path": "https://rawcdn.githack.com/quiet324/LiangYouSchoolAlbum14/1706055/mavgs/mavgs120.mp3",
		"id": 188888199
	},
	{
		"albumtitle": "《良院专区》创世记(21)",
		"title": "轉捩（創 38－39 章）",
		"duration": 1880,
		"size": "7M",
		"albumId": 188,
		"albumName": "《良院专区》创世记",
		"path": "https://rawcdn.githack.com/quiet324/LiangYouSchoolAlbum14/1706055/mavgs/mavgs121.mp3",
		"id": 188888200
	},
	{
		"albumtitle": "《良院专区》创世记(22)",
		"title": "恩典（創 40－42 章）",
		"duration": 1880,
		"size": "7M",
		"albumId": 188,
		"albumName": "《良院专区》创世记",
		"path": "https://rawcdn.githack.com/quiet324/LiangYouSchoolAlbum14/1706055/mavgs/mavgs122.mp3",
		"id": 188888201
	},
	{
		"albumtitle": "《良院专区》创世记(23)",
		"title": "放手（創 43－46 章）",
		"duration": 1880,
		"size": "7M",
		"albumId": 188,
		"albumName": "《良院专区》创世记",
		"path": "https://rawcdn.githack.com/quiet324/LiangYouSchoolAlbum14/1706055/mavgs/mavgs123.mp3",
		"id": 188888202
	},
	{
		"albumtitle": "《良院专区》创世记(24)",
		"title": "傳福（創 47－50 章）",
		"duration": 1880,
		"size": "7M",
		"albumId": 188,
		"albumName": "《良院专区》创世记",
		"path": "https://rawcdn.githack.com/quiet324/LiangYouSchoolAlbum14/1706055/mavgs/mavgs124.mp3",
		"id": 188888203
	}


]