[
	{
		"albumtitle": "《良院专区》异端与极端(01)",
		"title": "緒論",
		"duration": 1760,
		"size": "7M",
		"albumId": 144,
		"albumName": "《良院专区》异端与极端",
		"path": "https://rawcdn.githack.com/quiet324/LiangYouSchoolAlbum8/1706055/mavhx/mavhx001.mp3",
		"id": 144888180
	},
	{
		"albumtitle": "《良院专区》异端与极端(02)",
		"title": "教義與中國教會（一）",
		"duration": 1760,
		"size": "7M",
		"albumId": 144,
		"albumName": "《良院专区》异端与极端",
		"path": "https://rawcdn.githack.com/quiet324/LiangYouSchoolAlbum8/1706055/mavhx/mavhx002.mp3",
		"id": 144888181
	},
	{
		"albumtitle": "《良院专区》异端与极端(03)",
		"title": "教義與中國教會（二）",
		"duration": 1760,
		"size": "7M",
		"albumId": 144,
		"albumName": "《良院专区》异端与极端",
		"path": "https://rawcdn.githack.com/quiet324/LiangYouSchoolAlbum8/1706055/mavhx/mavhx003.mp3",
		"id": 144888182
	},
	{
		"albumtitle": "《良院专区》异端与极端(04)",
		"title": "教義與中國教會（三）",
		"duration": 1760,
		"size": "7M",
		"albumId": 144,
		"albumName": "《良院专区》异端与极端",
		"path": "https://rawcdn.githack.com/quiet324/LiangYouSchoolAlbum8/1706055/mavhx/mavhx004.mp3",
		"id": 144888183
	},
	{
		"albumtitle": "《良院专区》异端与极端(05)",
		"title": "啟示論（一） 聖經的默示",
		"duration": 1760,
		"size": "7M",
		"albumId": 144,
		"albumName": "《良院专区》异端与极端",
		"path": "https://rawcdn.githack.com/quiet324/LiangYouSchoolAlbum8/1706055/mavhx/mavhx005.mp3",
		"id": 144888184
	},
	{
		"albumtitle": "《良院专区》异端与极端(06)",
		"title": "啟示論（二） 聖經正典",
		"duration": 1760,
		"size": "7M",
		"albumId": 144,
		"albumName": "《良院专区》异端与极端",
		"path": "https://rawcdn.githack.com/quiet324/LiangYouSchoolAlbum8/1706055/mavhx/mavhx006.mp3",
		"id": 144888185
	}
,
	{
		"albumtitle": "《良院专区》异端与极端(07)",
		"title": "啟示論（三） 聖經的內容",
		"duration": 1760,
		"size": "7M",
		"albumId": 144,
		"albumName": "《良院专区》异端与极端",
		"path": "https://rawcdn.githack.com/quiet324/LiangYouSchoolAlbum8/1706055/mavhx/mavhx007.mp3",
		"id": 144888186
	},
	{
		"albumtitle": "《良院专区》异端与极端(08)",
		"title": "啟示論（四） 聖經的解釋",
		"duration": 1760,
		"size": "7M",
		"albumId": 144,
		"albumName": "《良院专区》异端与极端",
		"path": "https://rawcdn.githack.com/quiet324/LiangYouSchoolAlbum8/1706055/mavhx/mavhx008.mp3",
		"id": 144888187
	},
	{
		"albumtitle": "《良院专区》异端与极端(09)",
		"title": "神論（一） 神的屬性",
		"duration": 1760,
		"size": "7M",
		"albumId": 144,
		"albumName": "《良院专区》异端与极端",
		"path": "https://rawcdn.githack.com/quiet324/LiangYouSchoolAlbum8/1706055/mavhx/mavhx009.mp3",
		"id": 144888188
	},
	{
		"albumtitle": "《良院专区》异端与极端(10)",
		"title": "神論（二） 神的旨意",
		"duration": 1760,
		"size": "7M",
		"albumId": 144,
		"albumName": "《良院专区》异端与极端",
		"path": "https://rawcdn.githack.com/quiet324/LiangYouSchoolAlbum8/1706055/mavhx/mavhx010.mp3",
		"id": 144888189
	},
	{
		"albumtitle": "《良院专区》异端与极端(11)",
		"title": "神論（三） 三位一體",
		"duration": 1760,
		"size": "7M",
		"albumId": 144,
		"albumName": "《良院专区》异端与极端",
		"path": "https://rawcdn.githack.com/quiet324/LiangYouSchoolAlbum8/1706055/mavhx/mavhx011.mp3",
		"id": 144888190
	},
	{
		"albumtitle": "《良院专区》异端与极端(12)",
		"title": "神論（四） 神的創造與揀選",
		"duration": 1760,
		"size": "7M",
		"albumId": 144,
		"albumName": "《良院专区》异端与极端",
		"path": "https://rawcdn.githack.com/quiet324/LiangYouSchoolAlbum8/1706055/mavhx/mavhx012.mp3",
		"id": 144888191
	},
	{
		"albumtitle": "《良院专区》异端与极端(13)",
		"title": "天使論（一） 靈體",
		"duration": 1760,
		"size": "7M",
		"albumId": 144,
		"albumName": "《良院专区》异端与极端",
		"path": "https://rawcdn.githack.com/quiet324/LiangYouSchoolAlbum8/1706055/mavhx/mavhx013.mp3",
		"id": 144888192
	},
	{
		"albumtitle": "《良院专区》异端与极端(14)",
		"title": "天使論（二） 魔鬼撒旦和污鬼",
		"duration": 1760,
		"size": "7M",
		"albumId": 144,
		"albumName": "《良院专区》异端与极端",
		"path": "https://rawcdn.githack.com/quiet324/LiangYouSchoolAlbum8/1706055/mavhx/mavhx014.mp3",
		"id": 144888193
	},
	{
		"albumtitle": "《良院专区》异端与极端(15)",
		"title": "人論─人的尊嚴、兩性與墮落",
		"duration": 1760,
		"size": "7M",
		"albumId": 144,
		"albumName": "《良院专区》异端与极端",
		"path": "https://rawcdn.githack.com/quiet324/LiangYouSchoolAlbum8/1706055/mavhx/mavhx015.mp3",
		"id": 144888194
	},
	{
		"albumtitle": "《良院专区》异端与极端(16)",
		"title": "基督論（一） 神人二性",
		"duration": 1760,
		"size": "7M",
		"albumId": 144,
		"albumName": "《良院专区》异端与极端",
		"path": "https://rawcdn.githack.com/quiet324/LiangYouSchoolAlbum8/1706055/mavhx/mavhx016.mp3",
		"id": 144888195
	}
,
	{
		"albumtitle": "《良院专区》异端与极端(17)",
		"title": "基督論（二） 基督的職份",
		"duration": 1760,
		"size": "7M",
		"albumId": 144,
		"albumName": "《良院专区》异端与极端",
		"path": "https://rawcdn.githack.com/quiet324/LiangYouSchoolAlbum8/1706055/mavhx/mavhx017.mp3",
		"id": 144888196
	},
	{
		"albumtitle": "《良院专区》异端与极端(18)",
		"title": "基督論（三） 耶穌的一生",
		"duration": 1760,
		"size": "7M",
		"albumId": 144,
		"albumName": "《良院专区》异端与极端",
		"path": "https://rawcdn.githack.com/quiet324/LiangYouSchoolAlbum8/1706055/mavhx/mavhx018.mp3",
		"id": 144888197
	},
	{
		"albumtitle": "《良院专区》异端与极端(19)",
		"title": "基督論（四） 救贖的基礎",
		"duration": 1760,
		"size": "7M",
		"albumId": 144,
		"albumName": "《良院专区》异端与极端",
		"path": "https://rawcdn.githack.com/quiet324/LiangYouSchoolAlbum8/1706055/mavhx/mavhx019.mp3",
		"id": 144888198
	},
	{
		"albumtitle": "《良院专区》异端与极端(20)",
		"title": "基督論（五） 基督的救贖",
		"duration": 1760,
		"size": "7M",
		"albumId": 144,
		"albumName": "《良院专区》异端与极端",
		"path": "https://rawcdn.githack.com/quiet324/LiangYouSchoolAlbum8/1706055/mavhx/mavhx020.mp3",
		"id": 144888199
	},
	{
		"albumtitle": "《良院专区》异端与极端(21)",
		"title": "聖靈論（一）",
		"duration": 1760,
		"size": "7M",
		"albumId": 144,
		"albumName": "《良院专区》异端与极端",
		"path": "https://rawcdn.githack.com/quiet324/LiangYouSchoolAlbum8/1706055/mavhx/mavhx021.mp3",
		"id": 144888200
	},
	{
		"albumtitle": "《良院专区》异端与极端(22)",
		"title": "聖靈論（二） 聖靈的恩賜",
		"duration": 1760,
		"size": "7M",
		"albumId": 144,
		"albumName": "《良院专区》异端与极端",
		"path": "https://rawcdn.githack.com/quiet324/LiangYouSchoolAlbum8/1706055/mavhx/mavhx022.mp3",
		"id": 144888201
	},
	{
		"albumtitle": "《良院专区》异端与极端(23)",
		"title": "聖靈論（三） 歷史的借鑑",
		"duration": 1760,
		"size": "7M",
		"albumId": 144,
		"albumName": "《良院专区》异端与极端",
		"path": "https://rawcdn.githack.com/quiet324/LiangYouSchoolAlbum8/1706055/mavhx/mavhx023.mp3",
		"id": 144888202
	},
	{
		"albumtitle": "《良院专区》异端与极端(24)",
		"title": "悔改與信心",
		"duration": 1760,
		"size": "7M",
		"albumId": 144,
		"albumName": "《良院专区》异端与极端",
		"path": "https://rawcdn.githack.com/quiet324/LiangYouSchoolAlbum8/1706055/mavhx/mavhx024.mp3",
		"id": 144888203
	},
	{
		"albumtitle": "《良院专区》异端与极端(25)",
		"title": "稱義與成聖",
		"duration": 1760,
		"size": "7M",
		"albumId": 144,
		"albumName": "《良院专区》异端与极端",
		"path": "https://rawcdn.githack.com/quiet324/LiangYouSchoolAlbum8/1706055/mavhx/mavhx025.mp3",
		"id": 144888204
	},
	{
		"albumtitle": "《良院专区》异端与极端(26)",
		"title": "教會論（一）",
		"duration": 1760,
		"size": "7M",
		"albumId": 144,
		"albumName": "《良院专区》异端与极端",
		"path": "https://rawcdn.githack.com/quiet324/LiangYouSchoolAlbum8/1706055/mavhx/mavhx026.mp3",
		"id": 144888205
	},
	{
		"albumtitle": "《良院专区》异端与极端(27)",
		"title": "教會論（二） 教會的聖禮：洗禮和聖餐",
		"duration": 1760,
		"size": "7M",
		"albumId": 144,
		"albumName": "《良院专区》异端与极端",
		"path": "https://rawcdn.githack.com/quiet324/LiangYouSchoolAlbum8/1706055/mavhx/mavhx027.mp3",
		"id": 144888206
	},
	{
		"albumtitle": "《良院专区》异端与极端(28)",
		"title": "末世論（一）",
		"duration": 1760,
		"size": "7M",
		"albumId": 144,
		"albumName": "《良院专区》异端与极端",
		"path": "https://rawcdn.githack.com/quiet324/LiangYouSchoolAlbum8/1706055/mavhx/mavhx028.mp3",
		"id": 144888207
	},
	{
		"albumtitle": "《良院专区》异端与极端(29)",
		"title": "末世論（二） 基督的再來",
		"duration": 1760,
		"size": "7M",
		"albumId": 144,
		"albumName": "《良院专区》异端与极端",
		"path": "https://rawcdn.githack.com/quiet324/LiangYouSchoolAlbum8/1706055/mavhx/mavhx029.mp3",
		"id": 144888208
	},
	{
		"albumtitle": "《良院专区》异端与极端(30)",
		"title": "福音派信仰",
		"duration": 1760,
		"size": "7M",
		"albumId": 144,
		"albumName": "《良院专区》异端与极端",
		"path": "https://rawcdn.githack.com/quiet324/LiangYouSchoolAlbum8/1706055/mavhx/mavhx030.mp3",
		"id": 144888209
	}
]