[
	{
		"albumtitle": "《良院专区》何西阿书(01)",
		"title": "導言",
		"duration": 1800,
		"size": "5.3M",
		"albumId": 180,
		"albumName": "《良院专区》何西阿书",
		"path": "https://rawcdn.githack.com/quiet324/LiangYouSchoolAlbum13/1706056/mavha/mavha001.mp3",
		"id": 180888180
	},
	{
		"albumtitle": "《良院专区》何西阿书(02)",
		"title": "何西阿書的背景（一）",
		"duration": 1800,
		"size": "5.3M",
		"albumId": 180,
		"albumName": "《良院专区》何西阿书",
		"path": "https://rawcdn.githack.com/quiet324/LiangYouSchoolAlbum13/1706056/mavha/mavha002.mp3",
		"id": 180888181
	},
	{
		"albumtitle": "《良院专区》何西阿书(03)",
		"title": "何西阿書的背景（二）  ",
		"duration": 1800,
		"size": "5.3M",
		"albumId": 180,
		"albumName": "《良院专区》何西阿书",
		"path": "https://rawcdn.githack.com/quiet324/LiangYouSchoolAlbum13/1706056/mavha/mavha003.mp3",
		"id": 180888182
	},
	{
		"albumtitle": "《良院专区》何西阿书(04)",
		"title": "何西阿書的作者",
		"duration": 1800,
		"size": "5.3M",
		"albumId": 180,
		"albumName": "《良院专区》何西阿书",
		"path": "https://rawcdn.githack.com/quiet324/LiangYouSchoolAlbum13/1706056/mavha/mavha004.mp3",
		"id": 180888183
	},
	{
		"albumtitle": "《良院专区》何西阿书(05)",
		"title": "何西阿書的分段",
		"duration": 1800,
		"size": "5.3M",
		"albumId": 180,
		"albumName": "《良院专区》何西阿书",
		"path": "https://rawcdn.githack.com/quiet324/LiangYouSchoolAlbum13/1706056/mavha/mavha005.mp3",
		"id": 180888184
	},
	{
		"albumtitle": "《良院专区》何西阿书(06)",
		"title": "何西阿生命的經歷（1:2-5）",
		"duration": 1800,
		"size": "5.3M",
		"albumId": 180,
		"albumName": "《良院专区》何西阿书",
		"path": "https://rawcdn.githack.com/quiet324/LiangYouSchoolAlbum13/1706056/mavha/mavha006.mp3",
		"id": 180888185
	}
,
	{
		"albumtitle": "《良院专区》何西阿书(07)",
		"title": "何西阿的子女與預言（1:4-2:1）",
		"duration": 1800,
		"size": "5.3M",
		"albumId": 180,
		"albumName": "《良院专区》何西阿书",
		"path": "https://rawcdn.githack.com/quiet324/LiangYouSchoolAlbum13/1706056/mavha/mavha007.mp3",
		"id": 180888186
	},
	{
		"albumtitle": "《良院专区》何西阿书(08)",
		"title": "歌蔑的背道（2:2-13）",
		"duration": 1800,
		"size": "5.3M",
		"albumId": 180,
		"albumName": "《良院专区》何西阿书",
		"path": "https://rawcdn.githack.com/quiet324/LiangYouSchoolAlbum13/1706056/mavha/mavha008.mp3",
		"id": 180888187
	},
	{
		"albumtitle": "《良院专区》何西阿书(09)",
		"title": "以色列的歸回（2:14-23）",
		"duration": 1800,
		"size": "5.3M",
		"albumId": 180,
		"albumName": "《良院专区》何西阿书",
		"path": "https://rawcdn.githack.com/quiet324/LiangYouSchoolAlbum13/1706056/mavha/mavha009.mp3",
		"id": 180888188
	},
	{
		"albumtitle": "《良院专区》何西阿书(10)",
		"title": "何西阿再愛淫婦（3:1-5）",
		"duration": 1800,
		"size": "5.3M",
		"albumId": 180,
		"albumName": "《良院专区》何西阿书",
		"path": "https://rawcdn.githack.com/quiet324/LiangYouSchoolAlbum13/1706056/mavha/mavha010.mp3",
		"id": 180888189
	},
	{
		"albumtitle": "《良院专区》何西阿书(11)",
		"title": "第二大段的總綱 ",
		"duration": 1800,
		"size": "5.3M",
		"albumId": 180,
		"albumName": "《良院专区》何西阿书",
		"path": "https://rawcdn.githack.com/quiet324/LiangYouSchoolAlbum13/1706056/mavha/mavha011.mp3",
		"id": 180888190
	},
	{
		"albumtitle": "《良院专区》何西阿书(12)",
		"title": "無知的民（4:1-10）",
		"duration": 1800,
		"size": "5.3M",
		"albumId": 180,
		"albumName": "《良院专区》何西阿书",
		"path": "https://rawcdn.githack.com/quiet324/LiangYouSchoolAlbum13/1706056/mavha/mavha012.mp3",
		"id": 180888191
	},
	{
		"albumtitle": "《良院专区》何西阿书(13)",
		"title": "神的任憑（4:11-19） ",
		"duration": 1800,
		"size": "5.3M",
		"albumId": 180,
		"albumName": "《良院专区》何西阿书",
		"path": "https://rawcdn.githack.com/quiet324/LiangYouSchoolAlbum13/1706056/mavha/mavha013.mp3",
		"id": 180888192
	},
	{
		"albumtitle": "《良院专区》何西阿书(14)",
		"title": "對君王的警告與審判（5:1-7）",
		"duration": 1800,
		"size": "5.3M",
		"albumId": 180,
		"albumName": "《良院专区》何西阿书",
		"path": "https://rawcdn.githack.com/quiet324/LiangYouSchoolAlbum13/1706056/mavha/mavha014.mp3",
		"id": 180888193
	},
	{
		"albumtitle": "《良院专区》何西阿书(15)",
		"title": "責罰的日子（5:8-15）",
		"duration": 1800,
		"size": "5.3M",
		"albumId": 180,
		"albumName": "《良院专区》何西阿书",
		"path": "https://rawcdn.githack.com/quiet324/LiangYouSchoolAlbum13/1706056/mavha/mavha015.mp3",
		"id": 180888194
	},
	{
		"albumtitle": "《良院专区》何西阿书(16)",
		"title": "歸向耶和華（6:1-3） ",
		"duration": 1800,
		"size": "5.3M",
		"albumId": 180,
		"albumName": "《良院专区》何西阿书",
		"path": "https://rawcdn.githack.com/quiet324/LiangYouSchoolAlbum13/1706056/mavha/mavha016.mp3",
		"id": 180888195
	}
,
	{
		"albumtitle": "《良院专区》何西阿书(17)",
		"title": "短暫的良善（6:4-11） ",
		"duration": 1800,
		"size": "5.3M",
		"albumId": 180,
		"albumName": "《良院专区》何西阿书",
		"path": "https://rawcdn.githack.com/quiet324/LiangYouSchoolAlbum13/1706056/mavha/mavha017.mp3",
		"id": 180888196
	},
	{
		"albumtitle": "《良院专区》何西阿书(18)",
		"title": "沒有翻過的餅（7:1-8） ",
		"duration": 1800,
		"size": "5.3M",
		"albumId": 180,
		"albumName": "《良院专区》何西阿书",
		"path": "https://rawcdn.githack.com/quiet324/LiangYouSchoolAlbum13/1706056/mavha/mavha018.mp3",
		"id": 180888197
	},
	{
		"albumtitle": "《良院专区》何西阿书(19)",
		"title": "翻背的弓（7:8-8:3）",
		"duration": 1800,
		"size": "5.3M",
		"albumId": 180,
		"albumName": "《良院专区》何西阿书",
		"path": "https://rawcdn.githack.com/quiet324/LiangYouSchoolAlbum13/1706056/mavha/mavha019.mp3",
		"id": 180888198
	},
	{
		"albumtitle": "《良院专区》何西阿书(20)",
		"title": "撒瑪利亞的牛犢（8:4-14）",
		"duration": 1800,
		"size": "5.3M",
		"albumId": 180,
		"albumName": "《良院专区》何西阿书",
		"path": "https://rawcdn.githack.com/quiet324/LiangYouSchoolAlbum13/1706056/mavha/mavha020.mp3",
		"id": 180888199
	},
	{
		"albumtitle": "《良院专区》何西阿书(21)",
		"title": "降罰的日子（9:1-9）",
		"duration": 1800,
		"size": "5.3M",
		"albumId": 180,
		"albumName": "《良院专区》何西阿书",
		"path": "https://rawcdn.githack.com/quiet324/LiangYouSchoolAlbum13/1706056/mavha/mavha021.mp3",
		"id": 180888200
	},
	{
		"albumtitle": "《良院专区》何西阿书(22)",
		"title": "以法蓮的根本枯干（9:10-17）",
		"duration": 1800,
		"size": "5.3M",
		"albumId": 180,
		"albumName": "《良院专区》何西阿书",
		"path": "https://rawcdn.githack.com/quiet324/LiangYouSchoolAlbum13/1706056/mavha/mavha022.mp3",
		"id": 180888201
	},
	{
		"albumtitle": "《良院专区》何西阿书(23)",
		"title": "以色列王權的結束（10:1-8） ",
		"duration": 1800,
		"size": "5.3M",
		"albumId": 180,
		"albumName": "《良院专区》何西阿书",
		"path": "https://rawcdn.githack.com/quiet324/LiangYouSchoolAlbum13/1706056/mavha/mavha023.mp3",
		"id": 180888202
	},
	{
		"albumtitle": "《良院专区》何西阿书(24)",
		"title": "以色列覆亡（10:9-15）",
		"duration": 1800,
		"size": "5.3M",
		"albumId": 180,
		"albumName": "《良院专区》何西阿书",
		"path": "https://rawcdn.githack.com/quiet324/LiangYouSchoolAlbum13/1706056/mavha/mavha024.mp3",
		"id": 180888203
	}
,
	{
		"albumtitle": "《良院专区》何西阿书(25)",
		"title": "神不改變的愛（11:1-11）",
		"duration": 1800,
		"size": "5.3M",
		"albumId": 180,
		"albumName": "《良院专区》何西阿书",
		"path": "https://rawcdn.githack.com/quiet324/LiangYouSchoolAlbum13/1706056/mavha/mavha025.mp3",
		"id": 180888204
	}
,
	{
		"albumtitle": "《良院专区》何西阿书(26)",
		"title": "你當歸向你的神（11:12-12:6）",
		"duration": 1800,
		"size": "5.3M",
		"albumId": 180,
		"albumName": "《良院专区》何西阿书",
		"path": "https://rawcdn.githack.com/quiet324/LiangYouSchoolAlbum13/1706056/mavha/mavha026.mp3",
		"id": 180888205
	}
,
	{
		"albumtitle": "《良院专区》何西阿书(27)",
		"title": "以法蓮是商人（12:7-13:3） ",
		"duration": 1800,
		"size": "5.3M",
		"albumId": 180,
		"albumName": "《良院专区》何西阿书",
		"path": "https://rawcdn.githack.com/quiet324/LiangYouSchoolAlbum13/1706056/mavha/mavha027.mp3",
		"id": 180888206
	}
,
	{
		"albumtitle": "《良院专区》何西阿书(28)",
		"title": "神主權的實現（13:4-16） ",
		"duration": 1800,
		"size": "5.3M",
		"albumId": 180,
		"albumName": "《良院专区》何西阿书",
		"path": "https://rawcdn.githack.com/quiet324/LiangYouSchoolAlbum13/1706056/mavha/mavha028.mp3",
		"id": 180888207
	}
,
	{
		"albumtitle": "《良院专区》何西阿书(29)",
		"title": "神至終的得勝（14:1-9）",
		"duration": 1800,
		"size": "5.3M",
		"albumId": 180,
		"albumName": "《良院专区》何西阿书",
		"path": "https://rawcdn.githack.com/quiet324/LiangYouSchoolAlbum13/1706056/mavha/mavha029.mp3",
		"id": 180888208
	}
,
	{
		"albumtitle": "《良院专区》何西阿书(30)",
		"title": "何西阿書的屬靈教訓 ",
		"duration": 1800,
		"size": "5.3M",
		"albumId": 180,
		"albumName": "《良院专区》何西阿书",
		"path": "https://rawcdn.githack.com/quiet324/LiangYouSchoolAlbum13/1706056/mavha/mavha030.mp3",
		"id": 180888209
	}

]