[
	{
		"albumtitle": "《良院专区》以赛亚书(01)",
		"title": "以賽亞書概論",
		"duration": 1770,
		"size": "7M",
		"albumId": 177,
		"albumName": "《良院专区》以赛亚书",
		"path": "https://rawcdn.githack.com/quiet324/LiangYouSchoolAlbum13/1706053/mavis/mavis001.mp3",
		"id": 177888180
	},
	{
		"albumtitle": "《良院专区》以赛亚书(02)",
		"title": "惡貫滿盈的百姓（1 章）",
		"duration": 1770,
		"size": "7M",
		"albumId": 177,
		"albumName": "《良院专区》以赛亚书",
		"path": "https://rawcdn.githack.com/quiet324/LiangYouSchoolAlbum13/1706053/mavis/mavis002.mp3",
		"id": 177888181
	},
	{
		"albumtitle": "《良院专区》以赛亚书(03)",
		"title": "以賽亞時代的榮耀（2－4 章） ",
		"duration": 1770,
		"size": "7M",
		"albumId": 177,
		"albumName": "《良院专区》以赛亚书",
		"path": "https://rawcdn.githack.com/quiet324/LiangYouSchoolAlbum13/1706053/mavis/mavis003.mp3",
		"id": 177888182
	},
	{
		"albumtitle": "《良院专区》以赛亚书(04)",
		"title": "葡萄園的比喻（5 章）",
		"duration": 1770,
		"size": "7M",
		"albumId": 177,
		"albumName": "《良院专区》以赛亚书",
		"path": "https://rawcdn.githack.com/quiet324/LiangYouSchoolAlbum13/1706053/mavis/mavis004.mp3",
		"id": 177888183
	},
	{
		"albumtitle": "《良院专区》以赛亚书(05)",
		"title": "以賽亞先知的蒙召（6 章）",
		"duration": 1770,
		"size": "7M",
		"albumId": 177,
		"albumName": "《良院专区》以赛亚书",
		"path": "https://rawcdn.githack.com/quiet324/LiangYouSchoolAlbum13/1706053/mavis/mavis005.mp3",
		"id": 177888184
	},
	{
		"albumtitle": "《良院专区》以赛亚书(06)",
		"title": "亞哈斯王的信息（7－8 章）",
		"duration": 1770,
		"size": "7M",
		"albumId": 177,
		"albumName": "《良院专区》以赛亚书",
		"path": "https://rawcdn.githack.com/quiet324/LiangYouSchoolAlbum13/1706053/mavis/mavis006.mp3",
		"id": 177888185
	}
,
	{
		"albumtitle": "《良院专区》以赛亚书(07)",
		"title": "彌賽亞降生的預言（9－10 章）",
		"duration": 1770,
		"size": "7M",
		"albumId": 177,
		"albumName": "《良院专区》以赛亚书",
		"path": "https://rawcdn.githack.com/quiet324/LiangYouSchoolAlbum13/1706053/mavis/mavis007.mp3",
		"id": 177888186
	},
	{
		"albumtitle": "《良院专区》以赛亚书(08)",
		"title": "以色列復興在望（11－12 章）",
		"duration": 1770,
		"size": "7M",
		"albumId": 177,
		"albumName": "《良院专区》以赛亚书",
		"path": "https://rawcdn.githack.com/quiet324/LiangYouSchoolAlbum13/1706053/mavis/mavis008.mp3",
		"id": 177888187
	},
	{
		"albumtitle": "《良院专区》以赛亚书(09)",
		"title": "對巴比倫、亞述和非利士國的預言（13－14 章）",
		"duration": 1770,
		"size": "7M",
		"albumId": 177,
		"albumName": "《良院专区》以赛亚书",
		"path": "https://rawcdn.githack.com/quiet324/LiangYouSchoolAlbum13/1706053/mavis/mavis009.mp3",
		"id": 177888188
	},
	{
		"albumtitle": "《良院专区》以赛亚书(10)",
		"title": "對鄰國的預言（15－18 章）",
		"duration": 1770,
		"size": "7M",
		"albumId": 177,
		"albumName": "《良院专区》以赛亚书",
		"path": "https://rawcdn.githack.com/quiet324/LiangYouSchoolAlbum13/1706053/mavis/mavis010.mp3",
		"id": 177888189
	},
	{
		"albumtitle": "《良院专区》以赛亚书(11)",
		"title": "對埃及、海旁曠野等地的預言（19－23 章）",
		"duration": 1770,
		"size": "7M",
		"albumId": 177,
		"albumName": "《良院专区》以赛亚书",
		"path": "https://rawcdn.githack.com/quiet324/LiangYouSchoolAlbum13/1706053/mavis/mavis011.mp3",
		"id": 177888190
	},
	{
		"albumtitle": "《良院专区》以赛亚书(12)",
		"title": "耶和華日子的異象（24－27 章）",
		"duration": 1770,
		"size": "7M",
		"albumId": 177,
		"albumName": "《良院专区》以赛亚书",
		"path": "https://rawcdn.githack.com/quiet324/LiangYouSchoolAlbum13/1706053/mavis/mavis012.mp3",
		"id": 177888191
	},
	{
		"albumtitle": "《良院专区》以赛亚书(13)",
		"title": "禍哉的信息（28－32 章）",
		"duration": 1770,
		"size": "7M",
		"albumId": 177,
		"albumName": "《良院专区》以赛亚书",
		"path": "https://rawcdn.githack.com/quiet324/LiangYouSchoolAlbum13/1706053/mavis/mavis013.mp3",
		"id": 177888192
	},
	{
		"albumtitle": "《良院专区》以赛亚书(14)",
		"title": "亞述的災禍（33 章）",
		"duration": 1770,
		"size": "7M",
		"albumId": 177,
		"albumName": "《良院专区》以赛亚书",
		"path": "https://rawcdn.githack.com/quiet324/LiangYouSchoolAlbum13/1706053/mavis/mavis014.mp3",
		"id": 177888193
	},
	{
		"albumtitle": "《良院专区》以赛亚书(15)",
		"title": "救恩之歌的詠唱（34－35 章）",
		"duration": 1770,
		"size": "7M",
		"albumId": 177,
		"albumName": "《良院专区》以赛亚书",
		"path": "https://rawcdn.githack.com/quiet324/LiangYouSchoolAlbum13/1706053/mavis/mavis015.mp3",
		"id": 177888194
	},
	{
		"albumtitle": "《良院专区》以赛亚书(16)",
		"title": "歷史的插曲（36－39 章）",
		"duration": 1770,
		"size": "7M",
		"albumId": 177,
		"albumName": "《良院专区》以赛亚书",
		"path": "https://rawcdn.githack.com/quiet324/LiangYouSchoolAlbum13/1706053/mavis/mavis016.mp3",
		"id": 177888195
	}
,
	{
		"albumtitle": "《良院专区》以赛亚书(17)",
		"title": "神的安慰（40 章）",
		"duration": 1770,
		"size": "7M",
		"albumId": 177,
		"albumName": "《良院专区》以赛亚书",
		"path": "https://rawcdn.githack.com/quiet324/LiangYouSchoolAlbum13/1706053/mavis/mavis017.mp3",
		"id": 177888196
	},
	{
		"albumtitle": "《良院专区》以赛亚书(18)",
		"title": "挑戰性的宣言（41－42 章）",
		"duration": 1770,
		"size": "7M",
		"albumId": 177,
		"albumName": "《良院专区》以赛亚书",
		"path": "https://rawcdn.githack.com/quiet324/LiangYouSchoolAlbum13/1706053/mavis/mavis018.mp3",
		"id": 177888197
	},
	{
		"albumtitle": "《良院专区》以赛亚书(19)",
		"title": "神的能力與恩典、拜偶像的愚昧（43－44 章）",
		"duration": 1770,
		"size": "7M",
		"albumId": 177,
		"albumName": "《良院专区》以赛亚书",
		"path": "https://rawcdn.githack.com/quiet324/LiangYouSchoolAlbum13/1706053/mavis/mavis019.mp3",
		"id": 177888198
	},
	{
		"albumtitle": "《良院专区》以赛亚书(20)",
		"title": "神所使用的工具及對巴比倫的審判（44－47 章）",
		"duration": 1770,
		"size": "7M",
		"albumId": 177,
		"albumName": "《良院专区》以赛亚书",
		"path": "https://rawcdn.githack.com/quiet324/LiangYouSchoolAlbum13/1706053/mavis/mavis020.mp3",
		"id": 177888199
	},
	{
		"albumtitle": "《良院专区》以赛亚书(21)",
		"title": "神的照顧和憐憫（48－49 章）",
		"duration": 1770,
		"size": "7M",
		"albumId": 177,
		"albumName": "《良院专区》以赛亚书",
		"path": "https://rawcdn.githack.com/quiet324/LiangYouSchoolAlbum13/1706053/mavis/mavis021.mp3",
		"id": 177888200
	},
	{
		"albumtitle": "《良院专区》以赛亚书(22)",
		"title": "對不信者及對追求公義者的勸誡（50－52 章）",
		"duration": 1770,
		"size": "7M",
		"albumId": 177,
		"albumName": "《良院专区》以赛亚书",
		"path": "https://rawcdn.githack.com/quiet324/LiangYouSchoolAlbum13/1706053/mavis/mavis022.mp3",
		"id": 177888201
	},
	{
		"albumtitle": "《良院专区》以赛亚书(23)",
		"title": "耶和華僕人的受苦與榮耀（52－53 章）",
		"duration": 1770,
		"size": "7M",
		"albumId": 177,
		"albumName": "《良院专区》以赛亚书",
		"path": "https://rawcdn.githack.com/quiet324/LiangYouSchoolAlbum13/1706053/mavis/mavis023.mp3",
		"id": 177888202
	},
	{
		"albumtitle": "《良院专区》以赛亚书(24)",
		"title": "耶路撒冷將來的榮耀（54－55 章）",
		"duration": 1770,
		"size": "7M",
		"albumId": 177,
		"albumName": "《良院专区》以赛亚书",
		"path": "https://rawcdn.githack.com/quiet324/LiangYouSchoolAlbum13/1706053/mavis/mavis024.mp3",
		"id": 177888203
	}
,
	{
		"albumtitle": "《良院专区》以赛亚书(25)",
		"title": "耶和華的旨意（56－57 章）",
		"duration": 1770,
		"size": "7M",
		"albumId": 177,
		"albumName": "《良院专区》以赛亚书",
		"path": "https://rawcdn.githack.com/quiet324/LiangYouSchoolAlbum13/1706053/mavis/mavis025.mp3",
		"id": 177888204
	}
,
	{
		"albumtitle": "《良院专区》以赛亚书(26)",
		"title": "悔改就必蒙福（58－59 章）",
		"duration": 1770,
		"size": "7M",
		"albumId": 177,
		"albumName": "《良院专区》以赛亚书",
		"path": "https://rawcdn.githack.com/quiet324/LiangYouSchoolAlbum13/1706053/mavis/mavis026.mp3",
		"id": 177888205
	}
,
	{
		"albumtitle": "《良院专区》以赛亚书(27)",
		"title": "耶和華的榮光照耀以色列（60－61 章）",
		"duration": 1770,
		"size": "7M",
		"albumId": 177,
		"albumName": "《良院专区》以赛亚书",
		"path": "https://rawcdn.githack.com/quiet324/LiangYouSchoolAlbum13/1706053/mavis/mavis027.mp3",
		"id": 177888206
	}
,
	{
		"albumtitle": "《良院专区》以赛亚书(28)",
		"title": "耶路撒冷重得神喜悅（62－63：6）",
		"duration": 1770,
		"size": "7M",
		"albumId": 177,
		"albumName": "《良院专区》以赛亚书",
		"path": "https://rawcdn.githack.com/quiet324/LiangYouSchoolAlbum13/1706053/mavis/mavis028.mp3",
		"id": 177888207
	}
,
	{
		"albumtitle": "《良院专区》以赛亚书(29)",
		"title": "祈求神的憐憫和赦免（63：7－64 章）",
		"duration": 1770,
		"size": "7M",
		"albumId": 177,
		"albumName": "《良院专区》以赛亚书",
		"path": "https://rawcdn.githack.com/quiet324/LiangYouSchoolAlbum13/1706053/mavis/mavis029.mp3",
		"id": 177888208
	}
,
	{
		"albumtitle": "《良院专区》以赛亚书(30)",
		"title": "耶和華的榮耀在全地彰顯（65－66 章）",
		"duration": 1770,
		"size": "7M",
		"albumId": 177,
		"albumName": "《良院专区》以赛亚书",
		"path": "https://rawcdn.githack.com/quiet324/LiangYouSchoolAlbum13/1706053/mavis/mavis030.mp3",
		"id": 177888209
	}

]