[
	{
		"albumtitle": "《良院专区》拓展教会事工(01)",
		"title": "認識教會",
		"duration": 1760,
        "size": "3.5M",
		"albumId": 92,
		"albumName": "《良院专区》拓展教会事工",
		"path": "https://rawcdn.githack.com/quiet324/LiangYouSchoolAlbum2/1706055/mavkm/mavkm001.mp3",
		"id": 92888180
	},
	{
		"albumtitle": "《良院专区》拓展教会事工(02)",
		"title": "聖經中教會的發展",
		"duration": 1760,
        "size": "3.5M",
		"albumId": 92,
		"albumName": "《良院专区》拓展教会事工",
		"path": "https://rawcdn.githack.com/quiet324/LiangYouSchoolAlbum2/1706055/mavkm/mavkm002.mp3",
		"id": 92888181
	},
	{
		"albumtitle": "《良院专区》拓展教会事工(03)",
		"title": "牧養教會的基本原則",
		"duration": 1760,
        "size": "3.5M",
		"albumId": 92,
		"albumName": "《良院专区》拓展教会事工",
		"path": "https://rawcdn.githack.com/quiet324/LiangYouSchoolAlbum2/1706055/mavkm/mavkm003.mp3",
		"id": 92888182
	},
	{
		"albumtitle": "《良院专区》拓展教会事工(04)",
		"title": "建立教會的好牧人",
		"duration": 1760,
        "size": "3.5M",
		"albumId": 92,
		"albumName": "《良院专区》拓展教会事工",
		"path": "https://rawcdn.githack.com/quiet324/LiangYouSchoolAlbum2/1706055/mavkm/mavkm004.mp3",
		"id": 92888183
	},
	{
		"albumtitle": "《良院专区》拓展教会事工(05)",
		"title": "建立教會的同工團隊",
		"duration": 1760,
        "size": "3.5M",
		"albumId": 92,
		"albumName": "《良院专区》拓展教会事工",
		"path": "https://rawcdn.githack.com/quiet324/LiangYouSchoolAlbum2/1706055/mavkm/mavkm005.mp3",
		"id": 92888184
	},
	{
		"albumtitle": "《良院专区》拓展教会事工(06)",
		"title": "建立教會的異象",
		"duration": 1760,
        "size": "3.5M",
		"albumId": 92,
		"albumName": "《良院专区》拓展教会事工",
		"path": "https://rawcdn.githack.com/quiet324/LiangYouSchoolAlbum2/1706055/mavkm/mavkm006.mp3",
		"id": 92888185
	}
,
	{
		"albumtitle": "《良院专区》拓展教会事工(07)",
		"title": "佈道：幫助慕道友成為信徒",
		"duration": 1760,
        "size": "3.5M",
		"albumId": 92,
		"albumName": "《良院专区》拓展教会事工",
		"path": "https://rawcdn.githack.com/quiet324/LiangYouSchoolAlbum2/1706055/mavkm/mavkm007.mp3",
		"id": 92888186
	},
	{
		"albumtitle": "《良院专区》拓展教会事工(08)",
		"title": "栽培（一）：幫助信徒建立信仰根基",
		"duration": 1760,
        "size": "3.5M",
		"albumId": 92,
		"albumName": "《良院专区》拓展教会事工",
		"path": "https://rawcdn.githack.com/quiet324/LiangYouSchoolAlbum2/1706055/mavkm/mavkm008.mp3",
		"id": 92888187
	},
	{
		"albumtitle": "《良院专区》拓展教会事工(09)",
		"title": "栽培（二）：幫助信徒成為成熟的基督徒",
		"duration": 1760,
        "size": "3.5M",
		"albumId": 92,
		"albumName": "《良院专区》拓展教会事工",
		"path": "https://rawcdn.githack.com/quiet324/LiangYouSchoolAlbum2/1706055/mavkm/mavkm009.mp3",
		"id": 92888188
	},
	{
		"albumtitle": "《良院专区》拓展教会事工(10)",
		"title": "訓練：幫助信徒成為教會中的領袖",
		"duration": 1760,
        "size": "3.5M",
		"albumId": 92,
		"albumName": "《良院专区》拓展教会事工",
		"path": "https://rawcdn.githack.com/quiet324/LiangYouSchoolAlbum2/1706055/mavkm/mavkm010.mp3",
		"id": 92888189
	},
	{
		"albumtitle": "《良院专区》拓展教会事工(11)",
		"title": "教會的崇拜",
		"duration": 1760,
        "size": "3.5M",
		"albumId": 92,
		"albumName": "《良院专区》拓展教会事工",
		"path": "https://rawcdn.githack.com/quiet324/LiangYouSchoolAlbum2/1706055/mavkm/mavkm011.mp3",
		"id": 92888190
	},
	{
		"albumtitle": "《良院专区》拓展教会事工(12)",
		"title": "建立有助教會成長的事工",
		"duration": 1760,
        "size": "3.5M",
		"albumId": 92,
		"albumName": "《良院专区》拓展教会事工",
		"path": "https://rawcdn.githack.com/quiet324/LiangYouSchoolAlbum2/1706055/mavkm/mavkm012.mp3",
		"id": 92888191
	},
	{
		"albumtitle": "《良院专区》拓展教会事工(13)",
		"title": "解決教會存在的問題",
		"duration": 1760,
        "size": "3.5M",
		"albumId": 92,
		"albumName": "《良院专区》拓展教会事工",
		"path": "https://rawcdn.githack.com/quiet324/LiangYouSchoolAlbum2/1706055/mavkm/mavkm013.mp3",
		"id": 92888192
	},
	{
		"albumtitle": "《良院专区》拓展教会事工(14)",
		"title": "建立大使命的教會",
		"duration": 1760,
        "size": "3.5M",
		"albumId": 92,
		"albumName": "《良院专区》拓展教会事工",
		"path": "https://rawcdn.githack.com/quiet324/LiangYouSchoolAlbum2/1706055/mavkm/mavkm014.mp3",
		"id": 92888193
	},
	{
		"albumtitle": "《良院专区》拓展教会事工(15)",
		"title": "建立時代的教會",
		"duration": 1760,
        "size": "3.5M",
		"albumId": 92,
		"albumName": "《良院专区》拓展教会事工",
		"path": "https://rawcdn.githack.com/quiet324/LiangYouSchoolAlbum2/1706055/mavkm/mavkm015.mp3",
		"id": 92888194
	},
	{
		"albumtitle": "《良院专区》拓展教会事工(16)",
		"title": "建立一個禱告的教會",
		"duration": 1760,
        "size": "3.5M",
		"albumId": 92,
		"albumName": "《良院专区》拓展教会事工",
		"path": "https://rawcdn.githack.com/quiet324/LiangYouSchoolAlbum2/1706055/mavkm/mavkm016.mp3",
		"id": 92888195
	}
,
	{
		"albumtitle": "《良院专区》拓展教会事工(17)",
		"title": "發揮信徒的恩賜",
		"duration": 1760,
        "size": "3.5M",
		"albumId": 92,
		"albumName": "《良院专区》拓展教会事工",
		"path": "https://rawcdn.githack.com/quiet324/LiangYouSchoolAlbum2/1706055/mavkm/mavkm017.mp3",
		"id": 92888196
	},
	{
		"albumtitle": "《良院专区》拓展教会事工(18)",
		"title": "本土差傳",
		"duration": 1760,
        "size": "3.5M",
		"albumId": 92,
		"albumName": "《良院专区》拓展教会事工",
		"path": "https://rawcdn.githack.com/quiet324/LiangYouSchoolAlbum2/1706055/mavkm/mavkm018.mp3",
		"id": 92888197
	}
]