[
	{
		"albumtitle": "《良院专区》路加福音(01)",
		"title": "四福音中的路加福音",
		"duration": 1760,
		"size": "5.3M",
		"albumId": 160,
		"albumName": "《良院专区》路加福音",
		"path": "https://rawcdn.githack.com/quiet324/LiangYouSchoolAlbum10/1706054/mavlu/mavlu001.mp3",
		"id": 160888180
	},
	{
		"albumtitle": "《良院专区》路加福音(02)",
		"title": "路加獨載的教訓和事跡",
		"duration": 1760,
		"size": "5.3M",
		"albumId": 160,
		"albumName": "《良院专区》路加福音",
		"path": "https://rawcdn.githack.com/quiet324/LiangYouSchoolAlbum10/1706054/mavlu/mavlu002.mp3",
		"id": 160888181
	},
	{
		"albumtitle": "《良院专区》路加福音(03)",
		"title": "耶穌的人性（一）與神的關係",
		"duration": 1760,
		"size": "5.3M",
		"albumId": 160,
		"albumName": "《良院专区》路加福音",
		"path": "https://rawcdn.githack.com/quiet324/LiangYouSchoolAlbum10/1706054/mavlu/mavlu003.mp3",
		"id": 160888182
	},
	{
		"albumtitle": "《良院专区》路加福音(04)",
		"title": "耶穌的人性（二）對人的影響",
		"duration": 1760,
		"size": "5.3M",
		"albumId": 160,
		"albumName": "《良院专区》路加福音",
		"path": "https://rawcdn.githack.com/quiet324/LiangYouSchoolAlbum10/1706054/mavlu/mavlu004.mp3",
		"id": 160888183
	},
	{
		"albumtitle": "《良院专区》路加福音(05)",
		"title": "路加福音的四段故事",
		"duration": 1760,
		"size": "5.3M",
		"albumId": 160,
		"albumName": "《良院专区》路加福音",
		"path": "https://rawcdn.githack.com/quiet324/LiangYouSchoolAlbum10/1706054/mavlu/mavlu005.mp3",
		"id": 160888184
	},
	{
		"albumtitle": "《良院专区》路加福音(06)",
		"title": "路加的自序（1:1-4）",
		"duration": 1760,
		"size": "5.3M",
		"albumId": 160,
		"albumName": "《良院专区》路加福音",
		"path": "https://rawcdn.githack.com/quiet324/LiangYouSchoolAlbum10/1706054/mavlu/mavlu006.mp3",
		"id": 160888185
	}
,
	{
		"albumtitle": "《良院专区》路加福音(07)",
		"title": "誕生的預告（1:5-2:40）",
		"duration": 1760,
		"size": "5.3M",
		"albumId": 160,
		"albumName": "《良院专区》路加福音",
		"path": "https://rawcdn.githack.com/quiet324/LiangYouSchoolAlbum10/1706054/mavlu/mavlu007.mp3",
		"id": 160888186
	},
	{
		"albumtitle": "《良院专区》路加福音(08)",
		"title": "少年耶穌（2:41-52）",
		"duration": 1760,
		"size": "5.3M",
		"albumId": 160,
		"albumName": "《良院专区》路加福音",
		"path": "https://rawcdn.githack.com/quiet324/LiangYouSchoolAlbum10/1706054/mavlu/mavlu008.mp3",
		"id": 160888187
	},
	{
		"albumtitle": "《良院专区》路加福音(09)",
		"title": "事奉的預備（3:1-4:13）",
		"duration": 1760,
		"size": "5.3M",
		"albumId": 160,
		"albumName": "《良院专区》路加福音",
		"path": "https://rawcdn.githack.com/quiet324/LiangYouSchoolAlbum10/1706054/mavlu/mavlu009.mp3",
		"id": 160888188
	},
	{
		"albumtitle": "《良院专区》路加福音(10)",
		"title": "家鄉被拒到選十二門徒（4:14-6:16）",
		"duration": 1760,
		"size": "5.3M",
		"albumId": 160,
		"albumName": "《良院专区》路加福音",
		"path": "https://rawcdn.githack.com/quiet324/LiangYouSchoolAlbum10/1706054/mavlu/mavlu010.mp3",
		"id": 160888189
	},
	{
		"albumtitle": "《良院专区》路加福音(11)",
		"title": "教門徒：平原寶訓（6:17-49）",
		"duration": 1760,
		"size": "5.3M",
		"albumId": 160,
		"albumName": "《良院专区》路加福音",
		"path": "https://rawcdn.githack.com/quiet324/LiangYouSchoolAlbum10/1706054/mavlu/mavlu011.mp3",
		"id": 160888190
	},
	{
		"albumtitle": "《良院专区》路加福音(12)",
		"title": "帶門徒：神跡與教訓（7:1-8:56）",
		"duration": 1760,
		"size": "5.3M",
		"albumId": 160,
		"albumName": "《良院专区》路加福音",
		"path": "https://rawcdn.githack.com/quiet324/LiangYouSchoolAlbum10/1706054/mavlu/mavlu012.mp3",
		"id": 160888191
	},
	{
		"albumtitle": "《良院专区》路加福音(13)",
		"title": "差門徒：傳道（9:1-17）",
		"duration": 1760,
		"size": "5.3M",
		"albumId": 160,
		"albumName": "《良院专区》路加福音",
		"path": "https://rawcdn.githack.com/quiet324/LiangYouSchoolAlbum10/1706054/mavlu/mavlu013.mp3",
		"id": 160888192
	},
	{
		"albumtitle": "《良院专区》路加福音(14)",
		"title": "加利利高潮：預告十字架（9:18-50）",
		"duration": 1760,
		"size": "5.3M",
		"albumId": 160,
		"albumName": "《良院专区》路加福音",
		"path": "https://rawcdn.githack.com/quiet324/LiangYouSchoolAlbum10/1706054/mavlu/mavlu014.mp3",
		"id": 160888193
	},
	{
		"albumtitle": "《良院专区》路加福音(15)",
		"title": "事奉新方向（9:51-10:24）",
		"duration": 1760,
		"size": "5.3M",
		"albumId": 160,
		"albumName": "《良院专区》路加福音",
		"path": "https://rawcdn.githack.com/quiet324/LiangYouSchoolAlbum10/1706054/mavlu/mavlu015.mp3",
		"id": 160888194
	},
	{
		"albumtitle": "《良院专区》路加福音(16)",
		"title": "旅途中的教訓（10:25-11:13）",
		"duration": 1760,
		"size": "5.3M",
		"albumId": 160,
		"albumName": "《良院专区》路加福音",
		"path": "https://rawcdn.githack.com/quiet324/LiangYouSchoolAlbum10/1706054/mavlu/mavlu016.mp3",
		"id": 160888195
	}
,
	{
		"albumtitle": "《良院专区》路加福音(17)",
		"title": "試探滋長中的教訓（11:14-54）",
		"duration": 1760,
		"size": "5.3M",
		"albumId": 160,
		"albumName": "《良院专区》路加福音",
		"path": "https://rawcdn.githack.com/quiet324/LiangYouSchoolAlbum10/1706054/mavlu/mavlu017.mp3",
		"id": 160888196
	},
	{
		"albumtitle": "《良院专区》路加福音(18)",
		"title": "敵對中的教訓（12:1-13:35）",
		"duration": 1760,
		"size": "5.3M",
		"albumId": 160,
		"albumName": "《良院专区》路加福音",
		"path": "https://rawcdn.githack.com/quiet324/LiangYouSchoolAlbum10/1706054/mavlu/mavlu018.mp3",
		"id": 160888197
	},
	{
		"albumtitle": "《良院专区》路加福音(19)",
		"title": "法利賽人家中的教訓（14:1-24）",
		"duration": 1760,
		"size": "5.3M",
		"albumId": 160,
		"albumName": "《良院专区》路加福音",
		"path": "https://rawcdn.githack.com/quiet324/LiangYouSchoolAlbum10/1706054/mavlu/mavlu019.mp3",
		"id": 160888198
	},
	{
		"albumtitle": "《良院专区》路加福音(20)",
		"title": "人群和罪人中的教訓（14:25-15:32）",
		"duration": 1760,
		"size": "5.3M",
		"albumId": 160,
		"albumName": "《良院专区》路加福音",
		"path": "https://rawcdn.githack.com/quiet324/LiangYouSchoolAlbum10/1706054/mavlu/mavlu020.mp3",
		"id": 160888199
	},
	{
		"albumtitle": "《良院专区》路加福音(21)",
		"title": "門徒和法利賽人中的教訓（16:1-17:10）",
		"duration": 1760,
		"size": "5.3M",
		"albumId": 160,
		"albumName": "《良院专区》路加福音",
		"path": "https://rawcdn.githack.com/quiet324/LiangYouSchoolAlbum10/1706054/mavlu/mavlu021.mp3",
		"id": 160888200
	},
	{
		"albumtitle": "《良院专区》路加福音(22)",
		"title": "沿途及神國的教訓（17:11-18:34）",
		"duration": 1760,
		"size": "5.3M",
		"albumId": 160,
		"albumName": "《良院专区》路加福音",
		"path": "https://rawcdn.githack.com/quiet324/LiangYouSchoolAlbum10/1706054/mavlu/mavlu022.mp3",
		"id": 160888201
	},
	{
		"albumtitle": "《良院专区》路加福音(23)",
		"title": "漸進耶路撒冷的教訓（18:35-19:27）",
		"duration": 1760,
		"size": "5.3M",
		"albumId": 160,
		"albumName": "《良院专区》路加福音",
		"path": "https://rawcdn.githack.com/quiet324/LiangYouSchoolAlbum10/1706054/mavlu/mavlu023.mp3",
		"id": 160888202
	},
	{
		"albumtitle": "《良院专区》路加福音(24)",
		"title": "凱旋與哀哭（19:28-44）",
		"duration": 1760,
		"size": "5.3M",
		"albumId": 160,
		"albumName": "《良院专区》路加福音",
		"path": "https://rawcdn.githack.com/quiet324/LiangYouSchoolAlbum10/1706054/mavlu/mavlu024.mp3",
		"id": 160888203
	},
	{
		"albumtitle": "《良院专区》路加福音(25)",
		"title": "聖殿裡的教訓（19:45-21:4）",
		"duration": 1760,
		"size": "5.3M",
		"albumId": 160,
		"albumName": "《良院专区》路加福音",
		"path": "https://rawcdn.githack.com/quiet324/LiangYouSchoolAlbum10/1706054/mavlu/mavlu025.mp3",
		"id": 160888204
	},
	{
		"albumtitle": "《良院专区》路加福音(26)",
		"title": "聖殿裡論末世預兆（21:5-38）",
		"duration": 1760,
		"size": "5.3M",
		"albumId": 160,
		"albumName": "《良院专区》路加福音",
		"path": "https://rawcdn.githack.com/quiet324/LiangYouSchoolAlbum10/1706054/mavlu/mavlu026.mp3",
		"id": 160888205
	},
	{
		"albumtitle": "《良院专区》路加福音(27)",
		"title": "最后晚餐與山上禱告（22:1-46）",
		"duration": 1760,
		"size": "5.3M",
		"albumId": 160,
		"albumName": "《良院专区》路加福音",
		"path": "https://rawcdn.githack.com/quiet324/LiangYouSchoolAlbum10/1706054/mavlu/mavlu027.mp3",
		"id": 160888206
	},
	{
		"albumtitle": "《良院专区》路加福音(28)",
		"title": "捉拿、受審、緘默（22:47-23:25）",
		"duration": 1760,
		"size": "5.3M",
		"albumId": 160,
		"albumName": "《良院专区》路加福音",
		"path": "https://rawcdn.githack.com/quiet324/LiangYouSchoolAlbum10/1706054/mavlu/mavlu028.mp3",
		"id": 160888207
	},
	{
		"albumtitle": "《良院专区》路加福音(29)",
		"title": "釘十字架（23:26-56）",
		"duration": 1760,
		"size": "5.3M",
		"albumId": 160,
		"albumName": "《良院专区》路加福音",
		"path": "https://rawcdn.githack.com/quiet324/LiangYouSchoolAlbum10/1706054/mavlu/mavlu029.mp3",
		"id": 160888208
	},
	{
		"albumtitle": "《良院专区》路加福音(30)",
		"title": "復活、顯現、升天（24:1-53）",
		"duration": 1760,
		"size": "5.3M",
		"albumId": 160,
		"albumName": "《良院专区》路加福音",
		"path": "https://rawcdn.githack.com/quiet324/LiangYouSchoolAlbum10/1706054/mavlu/mavlu030.mp3",
		"id": 160888209
	}
]