[
	{
		"albumtitle": "《良院专区》耶稣生平(01)",
		"title": "耶穌基督是誰",
		"duration": 1760,
		"size": "7M",
		"albumId": 162,
		"albumName": "《良院专区》耶稣生平",
		"path": "https://rawcdn.githack.com/quiet324/LiangYouSchoolAlbum10/1706056/mavls/mavls001.mp3",
		"id": 162888180
	},
	{
		"albumtitle": "《良院专区》耶稣生平(02)",
		"title": "耶穌的降生與童年",
		"duration": 1760,
		"size": "7M",
		"albumId": 162,
		"albumName": "《良院专区》耶稣生平",
		"path": "https://rawcdn.githack.com/quiet324/LiangYouSchoolAlbum10/1706056/mavls/mavls002.mp3",
		"id": 162888181
	},
	{
		"albumtitle": "《良院专区》耶稣生平(03)",
		"title": "耶穌的受洗與試探",
		"duration": 1760,
		"size": "7M",
		"albumId": 162,
		"albumName": "《良院专区》耶稣生平",
		"path": "https://rawcdn.githack.com/quiet324/LiangYouSchoolAlbum10/1706056/mavls/mavls003.mp3",
		"id": 162888182
	},
	{
		"albumtitle": "《良院专区》耶稣生平(04)",
		"title": "耶穌呼召門徒",
		"duration": 1760,
		"size": "7M",
		"albumId": 162,
		"albumName": "《良院专区》耶稣生平",
		"path": "https://rawcdn.githack.com/quiet324/LiangYouSchoolAlbum10/1706056/mavls/mavls004.mp3",
		"id": 162888183
	},
	{
		"albumtitle": "《良院专区》耶稣生平(05)",
		"title": "兩次個人談道之一",
		"duration": 1760,
		"size": "7M",
		"albumId": 162,
		"albumName": "《良院专区》耶稣生平",
		"path": "https://rawcdn.githack.com/quiet324/LiangYouSchoolAlbum10/1706056/mavls/mavls005.mp3",
		"id": 162888184
	},
	{
		"albumtitle": "《良院专区》耶稣生平(06)",
		"title": "兩次個人談道之二",
		"duration": 1760,
		"size": "7M",
		"albumId": 162,
		"albumName": "《良院专区》耶稣生平",
		"path": "https://rawcdn.githack.com/quiet324/LiangYouSchoolAlbum10/1706056/mavls/mavls006.mp3",
		"id": 162888185
	}
,
	{
		"albumtitle": "《良院专区》耶稣生平(07)",
		"title": "兩個第一次",
		"duration": 1760,
		"size": "7M",
		"albumId": 162,
		"albumName": "《良院专区》耶稣生平",
		"path": "https://rawcdn.githack.com/quiet324/LiangYouSchoolAlbum10/1706056/mavls/mavls007.mp3",
		"id": 162888186
	},
	{
		"albumtitle": "《良院专区》耶稣生平(08)",
		"title": "耶穌勝過大自然的權勢",
		"duration": 1760,
		"size": "7M",
		"albumId": 162,
		"albumName": "《良院专区》耶稣生平",
		"path": "https://rawcdn.githack.com/quiet324/LiangYouSchoolAlbum10/1706056/mavls/mavls008.mp3",
		"id": 162888187
	},
	{
		"albumtitle": "《良院专区》耶稣生平(09)",
		"title": "耶穌勝過靈界的權勢",
		"duration": 1760,
		"size": "7M",
		"albumId": 162,
		"albumName": "《良院专区》耶稣生平",
		"path": "https://rawcdn.githack.com/quiet324/LiangYouSchoolAlbum10/1706056/mavls/mavls009.mp3",
		"id": 162888188
	},
	{
		"albumtitle": "《良院专区》耶稣生平(10)",
		"title": "耶穌勝過疾病的權勢",
		"duration": 1760,
		"size": "7M",
		"albumId": 162,
		"albumName": "《良院专区》耶稣生平",
		"path": "https://rawcdn.githack.com/quiet324/LiangYouSchoolAlbum10/1706056/mavls/mavls010.mp3",
		"id": 162888189
	},
	{
		"albumtitle": "《良院专区》耶稣生平(11)",
		"title": "耶穌勝過死亡的權勢",
		"duration": 1760,
		"size": "7M",
		"albumId": 162,
		"albumName": "《良院专区》耶稣生平",
		"path": "https://rawcdn.githack.com/quiet324/LiangYouSchoolAlbum10/1706056/mavls/mavls011.mp3",
		"id": 162888190
	},
	{
		"albumtitle": "《良院专区》耶稣生平(12)",
		"title": "登山寶訓之一",
		"duration": 1760,
		"size": "7M",
		"albumId": 162,
		"albumName": "《良院专区》耶稣生平",
		"path": "https://rawcdn.githack.com/quiet324/LiangYouSchoolAlbum10/1706056/mavls/mavls012.mp3",
		"id": 162888191
	},
	{
		"albumtitle": "《良院专区》耶稣生平(13)",
		"title": "登山寶訓之二",
		"duration": 1760,
		"size": "7M",
		"albumId": 162,
		"albumName": "《良院专区》耶稣生平",
		"path": "https://rawcdn.githack.com/quiet324/LiangYouSchoolAlbum10/1706056/mavls/mavls013.mp3",
		"id": 162888192
	},
	{
		"albumtitle": "《良院专区》耶稣生平(14)",
		"title": "登山寶訓之三",
		"duration": 1760,
		"size": "7M",
		"albumId": 162,
		"albumName": "《良院专区》耶稣生平",
		"path": "https://rawcdn.githack.com/quiet324/LiangYouSchoolAlbum10/1706056/mavls/mavls014.mp3",
		"id": 162888193
	},
	{
		"albumtitle": "《良院专区》耶稣生平(15)",
		"title": "耶穌的比喻之一",
		"duration": 1760,
		"size": "7M",
		"albumId": 162,
		"albumName": "《良院专区》耶稣生平",
		"path": "https://rawcdn.githack.com/quiet324/LiangYouSchoolAlbum10/1706056/mavls/mavls015.mp3",
		"id": 162888194
	},
	{
		"albumtitle": "《良院专区》耶稣生平(16)",
		"title": "耶穌的比喻之二",
		"duration": 1760,
		"size": "7M",
		"albumId": 162,
		"albumName": "《良院专区》耶稣生平",
		"path": "https://rawcdn.githack.com/quiet324/LiangYouSchoolAlbum10/1706056/mavls/mavls016.mp3",
		"id": 162888195
	}
,
	{
		"albumtitle": "《良院专区》耶稣生平(17)",
		"title": "耶穌的比喻之三",
		"duration": 1760,
		"size": "7M",
		"albumId": 162,
		"albumName": "《良院专区》耶稣生平",
		"path": "https://rawcdn.githack.com/quiet324/LiangYouSchoolAlbum10/1706056/mavls/mavls017.mp3",
		"id": 162888196
	},
	{
		"albumtitle": "《良院专区》耶稣生平(18)",
		"title": "耶穌的比喻之四",
		"duration": 1760,
		"size": "7M",
		"albumId": 162,
		"albumName": "《良院专区》耶稣生平",
		"path": "https://rawcdn.githack.com/quiet324/LiangYouSchoolAlbum10/1706056/mavls/mavls018.mp3",
		"id": 162888197
	},
	{
		"albumtitle": "《良院专区》耶稣生平(19)",
		"title": "耶穌進入耶路撒冷",
		"duration": 1760,
		"size": "7M",
		"albumId": 162,
		"albumName": "《良院专区》耶稣生平",
		"path": "https://rawcdn.githack.com/quiet324/LiangYouSchoolAlbum10/1706056/mavls/mavls019.mp3",
		"id": 162888198
	},
	{
		"albumtitle": "《良院专区》耶稣生平(20)",
		"title": "耶穌在客西馬尼",
		"duration": 1760,
		"size": "7M",
		"albumId": 162,
		"albumName": "《良院专区》耶稣生平",
		"path": "https://rawcdn.githack.com/quiet324/LiangYouSchoolAlbum10/1706056/mavls/mavls020.mp3",
		"id": 162888199
	},
	{
		"albumtitle": "《良院专区》耶稣生平(21)",
		"title": "耶穌受審",
		"duration": 1760,
		"size": "7M",
		"albumId": 162,
		"albumName": "《良院专区》耶稣生平",
		"path": "https://rawcdn.githack.com/quiet324/LiangYouSchoolAlbum10/1706056/mavls/mavls021.mp3",
		"id": 162888200
	},
	{
		"albumtitle": "《良院专区》耶稣生平(22)",
		"title": "耶穌受死",
		"duration": 1760,
		"size": "7M",
		"albumId": 162,
		"albumName": "《良院专区》耶稣生平",
		"path": "https://rawcdn.githack.com/quiet324/LiangYouSchoolAlbum10/1706056/mavls/mavls022.mp3",
		"id": 162888201
	},
	{
		"albumtitle": "《良院专区》耶稣生平(23)",
		"title": "耶穌的復活與以馬忤斯",
		"duration": 1760,
		"size": "7M",
		"albumId": 162,
		"albumName": "《良院专区》耶稣生平",
		"path": "https://rawcdn.githack.com/quiet324/LiangYouSchoolAlbum10/1706056/mavls/mavls023.mp3",
		"id": 162888202
	},
	{
		"albumtitle": "《良院专区》耶稣生平(24)",
		"title": "耶穌復活後與大使命",
		"duration": 1760,
		"size": "7M",
		"albumId": 162,
		"albumName": "《良院专区》耶稣生平",
		"path": "https://rawcdn.githack.com/quiet324/LiangYouSchoolAlbum10/1706056/mavls/mavls024.mp3",
		"id": 162888203
	}
]