[
	{
		"albumtitle": "《良院专区》婚姻与家庭(01)",
		"title": "婚姻的設立",
		"duration": 1760,
        "size": "7M",
		"albumId": 85,
		"albumName": "《良院专区》婚姻与家庭",
		"path": "https://rawcdn.githack.com/quiet324/LiangYouSchoolAlbum/1706058/mavmf/mavmf101.mp3",
		"id": 85888180
	},
	{
		"albumtitle": "《良院专区》婚姻与家庭(02)",
		"title": "聖經中的婚姻觀和家庭觀",
		"duration": 1760,
        "size": "7M",
		"albumId": 85,
		"albumName": "《良院专区》婚姻与家庭",
		"path": "https://rawcdn.githack.com/quiet324/LiangYouSchoolAlbum/1706058/mavmf/mavmf102.mp3",
		"id": 85888181
	},
	{
		"albumtitle": "《良院专区》婚姻与家庭(03)",
		"title": "婚姻與盟約",
		"duration": 1760,
        "size": "7M",
		"albumId": 85,
		"albumName": "《良院专区》婚姻与家庭",
		"path": "https://rawcdn.githack.com/quiet324/LiangYouSchoolAlbum/1706058/mavmf/mavmf103.mp3",
		"id": 85888182
	},
	{
		"albumtitle": "《良院专区》婚姻与家庭(04)",
		"title": "錯誤的婚姻觀",
		"duration": 1760,
        "size": "7M",
		"albumId": 85,
		"albumName": "《良院专区》婚姻与家庭",
		"path": "https://rawcdn.githack.com/quiet324/LiangYouSchoolAlbum/1706058/mavmf/mavmf104.mp3",
		"id": 85888183
	},
	{
		"albumtitle": "《良院专区》婚姻与家庭(05)",
		"title": "丈夫的角色與責任",
		"duration": 1760,
        "size": "7M",
		"albumId": 85,
		"albumName": "《良院专区》婚姻与家庭",
		"path": "https://rawcdn.githack.com/quiet324/LiangYouSchoolAlbum/1706058/mavmf/mavmf105.mp3",
		"id": 85888184
	},
	{
		"albumtitle": "《良院专区》婚姻与家庭(06)",
		"title": "妻子的角色與責任",
		"duration": 1760,
        "size": "7M",
		"albumId": 85,
		"albumName": "《良院专区》婚姻与家庭",
		"path": "https://rawcdn.githack.com/quiet324/LiangYouSchoolAlbum/1706058/mavmf/mavmf106.mp3",
		"id": 85888185
	}
,
	{
		"albumtitle": "《良院专区》婚姻与家庭(07)",
		"title": "如何促進夫妻關係",
		"duration": 1760,
        "size": "7M",
		"albumId": 85,
		"albumName": "《良院专区》婚姻与家庭",
		"path": "https://rawcdn.githack.com/quiet324/LiangYouSchoolAlbum/1706058/mavmf/mavmf107.mp3",
		"id": 85888186
	},
	{
		"albumtitle": "《良院专区》婚姻与家庭(08)",
		"title": "夫妻溝通的重要",
		"duration": 1760,
        "size": "7M",
		"albumId": 85,
		"albumName": "《良院专区》婚姻与家庭",
		"path": "https://rawcdn.githack.com/quiet324/LiangYouSchoolAlbum/1706058/mavmf/mavmf108.mp3",
		"id": 85888187
	},
	{
		"albumtitle": "《良院专区》婚姻与家庭(09)",
		"title": "婚姻與性",
		"duration": 1760,
        "size": "7M",
		"albumId": 85,
		"albumName": "《良院专区》婚姻与家庭",
		"path": "https://rawcdn.githack.com/quiet324/LiangYouSchoolAlbum/1706058/mavmf/mavmf109.mp3",
		"id": 85888188
	},
	{
		"albumtitle": "《良院专区》婚姻与家庭(10)",
		"title": "如何克服不協調相處的關係",
		"duration": 1760,
        "size": "7M",
		"albumId": 85,
		"albumName": "《良院专区》婚姻与家庭",
		"path": "https://rawcdn.githack.com/quiet324/LiangYouSchoolAlbum/1706058/mavmf/mavmf110.mp3",
		"id": 85888189
	},
	{
		"albumtitle": "《良院专区》婚姻与家庭(11)",
		"title": "不育的問題",
		"duration": 1760,
        "size": "7M",
		"albumId": 85,
		"albumName": "《良院专区》婚姻与家庭",
		"path": "https://rawcdn.githack.com/quiet324/LiangYouSchoolAlbum/1706058/mavmf/mavmf111.mp3",
		"id": 85888190
	},
	{
		"albumtitle": "《良院专区》婚姻与家庭(12)",
		"title": "婚外情、夫妻分隔異地的問題",
		"duration": 1760,
        "size": "7M",
		"albumId": 85,
		"albumName": "《良院专区》婚姻与家庭",
		"path": "https://rawcdn.githack.com/quiet324/LiangYouSchoolAlbum/1706058/mavmf/mavmf112.mp3",
		"id": 85888191
	},
	{
		"albumtitle": "《良院专区》婚姻与家庭(13)",
		"title": "離婚、再婚",
		"duration": 1760,
        "size": "7M",
		"albumId": 85,
		"albumName": "《良院专区》婚姻与家庭",
		"path": "https://rawcdn.githack.com/quiet324/LiangYouSchoolAlbum/1706058/mavmf/mavmf113.mp3",
		"id": 85888192
	},
	{
		"albumtitle": "《良院专区》婚姻与家庭(14)",
		"title": "單親生活",
		"duration": 1760,
        "size": "7M",
		"albumId": 85,
		"albumName": "《良院专区》婚姻与家庭",
		"path": "https://rawcdn.githack.com/quiet324/LiangYouSchoolAlbum/1706058/mavmf/mavmf114.mp3",
		"id": 85888193
	},
	{
		"albumtitle": "《良院专区》婚姻与家庭(15)",
		"title": "基督教如何看待單身",
		"duration": 1760,
        "size": "7M",
		"albumId": 85,
		"albumName": "《良院专区》婚姻与家庭",
		"path": "https://rawcdn.githack.com/quiet324/LiangYouSchoolAlbum/1706058/mavmf/mavmf115.mp3",
		"id": 85888194
	},
	{
		"albumtitle": "《良院专区》婚姻与家庭(16)",
		"title": "建構快樂的單身生活",
		"duration": 1760,
        "size": "7M",
		"albumId": 85,
		"albumName": "《良院专区》婚姻与家庭",
		"path": "https://rawcdn.githack.com/quiet324/LiangYouSchoolAlbum/1706058/mavmf/mavmf116.mp3",
		"id": 85888195
	}
,
	{
		"albumtitle": "《良院专区》婚姻与家庭(17)",
		"title": "單身者的角色與責任",
		"duration": 1760,
        "size": "7M",
		"albumId": 85,
		"albumName": "《良院专区》婚姻与家庭",
		"path": "https://rawcdn.githack.com/quiet324/LiangYouSchoolAlbum/1706058/mavmf/mavmf117.mp3",
		"id": 85888196
	},
	{
		"albumtitle": "《良院专区》婚姻与家庭(18)",
		"title": "單身與性",
		"duration": 1760,
        "size": "7M",
		"albumId": 85,
		"albumName": "《良院专区》婚姻与家庭",
		"path": "https://rawcdn.githack.com/quiet324/LiangYouSchoolAlbum/1706058/mavmf/mavmf118.mp3",
		"id": 85888197
	},
	{
		"albumtitle": "《良院专区》婚姻与家庭(19)",
		"title": "教養兒女（一）",
		"duration": 1760,
        "size": "7M",
		"albumId": 85,
		"albumName": "《良院专区》婚姻与家庭",
		"path": "https://rawcdn.githack.com/quiet324/LiangYouSchoolAlbum/1706058/mavmf/mavmf119.mp3",
		"id": 85888198
	},
	{
		"albumtitle": "《良院专区》婚姻与家庭(20)",
		"title": "教養兒女（二）",
		"duration": 1760,
        "size": "7M",
		"albumId": 85,
		"albumName": "《良院专区》婚姻与家庭",
		"path": "https://rawcdn.githack.com/quiet324/LiangYouSchoolAlbum/1706058/mavmf/mavmf120.mp3",
		"id": 85888199
	},
	{
		"albumtitle": "《良院专区》婚姻与家庭(21)",
		"title": "建立家庭祭壇",
		"duration": 1760,
        "size": "7M",
		"albumId": 85,
		"albumName": "《良院专区》婚姻与家庭",
		"path": "https://rawcdn.githack.com/quiet324/LiangYouSchoolAlbum/1706058/mavmf/mavmf121.mp3",
		"id": 85888200
	},
	{
		"albumtitle": "《良院专区》婚姻与家庭(22)",
		"title": "長者照顧",
		"duration": 1760,
        "size": "7M",
		"albumId": 85,
		"albumName": "《良院专区》婚姻与家庭",
		"path": "https://rawcdn.githack.com/quiet324/LiangYouSchoolAlbum/1706058/mavmf/mavmf122.mp3",
		"id": 85888201
	},
	{
		"albumtitle": "《良院专区》婚姻与家庭(23)",
		"title": "聖經中的家庭（一）",
		"duration": 1760,
        "size": "7M",
		"albumId": 85,
		"albumName": "《良院专区》婚姻与家庭",
		"path": "https://rawcdn.githack.com/quiet324/LiangYouSchoolAlbum/1706058/mavmf/mavmf123.mp3",
		"id": 85888202
	},
	{
		"albumtitle": "《良院专区》婚姻与家庭(24)",
		"title": "聖經中的家庭（二）",
		"duration": 1760,
        "size": "7M",
		"albumId": 85,
		"albumName": "《良院专区》婚姻与家庭",
		"path": "https://rawcdn.githack.com/quiet324/LiangYouSchoolAlbum/1706058/mavmf/mavmf124.mp3",
		"id": 85888203
	}
]