[
	{
		"albumtitle": "《良院专区》动员恩赐训练(01)",
		"title": "圣徒皆祭司",
		"duration": 1760,
		"size": "7M",
		"albumId": 111,
		"albumName": "《良院专区》动员恩赐训练",
		"path": "https://rawcdn.githack.com/quiet324/LiangYouSchoolAlbum3/1706059/mavmg/mavmg101.mp3",
		"id": 111888180
	},
	{
		"albumtitle": "《良院专区》动员恩赐训练(02)",
		"title": "整全的动员",
		"duration": 1760,
		"size": "7M",
		"albumId": 111,
		"albumName": "《良院专区》动员恩赐训练",
		"path": "https://rawcdn.githack.com/quiet324/LiangYouSchoolAlbum3/1706059/mavmg/mavmg102.mp3",
		"id": 111888181
	},
	{
		"albumtitle": "《良院专区》动员恩赐训练(03)",
		"title": "布道与动员",
		"duration": 1760,
		"size": "7M",
		"albumId": 111,
		"albumName": "《良院专区》动员恩赐训练",
		"path": "https://rawcdn.githack.com/quiet324/LiangYouSchoolAlbum3/1706059/mavmg/mavmg103.mp3",
		"id": 111888182
	},
	{
		"albumtitle": "《良院专区》动员恩赐训练(04)",
		"title": "布道的使命（一）",
		"duration": 1760,
		"size": "7M",
		"albumId": 111,
		"albumName": "《良院专区》动员恩赐训练",
		"path": "https://rawcdn.githack.com/quiet324/LiangYouSchoolAlbum3/1706059/mavmg/mavmg104.mp3",
		"id": 111888183
	},
	{
		"albumtitle": "《良院专区》动员恩赐训练(05)",
		"title": "布道的使命（二）",
		"duration": 1760,
		"size": "7M",
		"albumId": 111,
		"albumName": "《良院专区》动员恩赐训练",
		"path": "https://rawcdn.githack.com/quiet324/LiangYouSchoolAlbum3/1706059/mavmg/mavmg105.mp3",
		"id": 111888184
	},
	{
		"albumtitle": "《良院专区》动员恩赐训练(06)",
		"title": "布道方法与教会增长",
		"duration": 1760,
		"size": "7M",
		"albumId": 111,
		"albumName": "《良院专区》动员恩赐训练",
		"path": "https://rawcdn.githack.com/quiet324/LiangYouSchoolAlbum3/1706059/mavmg/mavmg106.mp3",
		"id": 111888185
	}
,
	{
		"albumtitle": "《良院专区》动员恩赐训练(07)",
		"title": "布道的动机（一）",
		"duration": 1760,
		"size": "7M",
		"albumId": 111,
		"albumName": "《良院专区》动员恩赐训练",
		"path": "https://rawcdn.githack.com/quiet324/LiangYouSchoolAlbum3/1706059/mavmg/mavmg107.mp3",
		"id": 111888186
	},
	{
		"albumtitle": "《良院专区》动员恩赐训练(08)",
		"title": "布道的动机（二）",
		"duration": 1760,
		"size": "7M",
		"albumId": 111,
		"albumName": "《良院专区》动员恩赐训练",
		"path": "https://rawcdn.githack.com/quiet324/LiangYouSchoolAlbum3/1706059/mavmg/mavmg108.mp3",
		"id": 111888187
	},
	{
		"albumtitle": "《良院专区》动员恩赐训练(09)",
		"title": "布道的恩赐",
		"duration": 1760,
		"size": "7M",
		"albumId": 111,
		"albumName": "《良院专区》动员恩赐训练",
		"path": "https://rawcdn.githack.com/quiet324/LiangYouSchoolAlbum3/1706059/mavmg/mavmg109.mp3",
		"id": 111888188
	},
	{
		"albumtitle": "《良院专区》动员恩赐训练(10)",
		"title": "恩赐与动员（一）",
		"duration": 1760,
		"size": "7M",
		"albumId": 111,
		"albumName": "《良院专区》动员恩赐训练",
		"path": "https://rawcdn.githack.com/quiet324/LiangYouSchoolAlbum3/1706059/mavmg/mavmg110.mp3",
		"id": 111888189
	},
	{
		"albumtitle": "《良院专区》动员恩赐训练(11)",
		"title": "恩赐与动员（二）",
		"duration": 1760,
		"size": "7M",
		"albumId": 111,
		"albumName": "《良院专区》动员恩赐训练",
		"path": "https://rawcdn.githack.com/quiet324/LiangYouSchoolAlbum3/1706059/mavmg/mavmg111.mp3",
		"id": 111888190
	},
	{
		"albumtitle": "《良院专区》动员恩赐训练(12)",
		"title": "训练、生命与恩赐（一）",
		"duration": 1760,
		"size": "7M",
		"albumId": 111,
		"albumName": "《良院专区》动员恩赐训练",
		"path": "https://rawcdn.githack.com/quiet324/LiangYouSchoolAlbum3/1706059/mavmg/mavmg112.mp3",
		"id": 111888191
	},
	{
		"albumtitle": "《良院专区》动员恩赐训练(13)",
		"title": "训练、生命与恩赐（二）",
		"duration": 1760,
		"size": "7M",
		"albumId": 111,
		"albumName": "《良院专区》动员恩赐训练",
		"path": "https://rawcdn.githack.com/quiet324/LiangYouSchoolAlbum3/1706059/mavmg/mavmg113.mp3",
		"id": 111888192
	},
	{
		"albumtitle": "《良院专区》动员恩赐训练(14)",
		"title": "訓练的重要",
		"duration": 1760,
		"size": "7M",
		"albumId": 111,
		"albumName": "《良院专区》动员恩赐训练",
		"path": "https://rawcdn.githack.com/quiet324/LiangYouSchoolAlbum3/1706059/mavmg/mavmg114.mp3",
		"id": 111888193
	},
	{
		"albumtitle": "《良院专区》动员恩赐训练(15)",
		"title": "训练的师资与方法（一）",
		"duration": 1760,
		"size": "7M",
		"albumId": 111,
		"albumName": "《良院专区》动员恩赐训练",
		"path": "https://rawcdn.githack.com/quiet324/LiangYouSchoolAlbum3/1706059/mavmg/mavmg115.mp3",
		"id": 111888194
	},
	{
		"albumtitle": "《良院专区》动员恩赐训练(16)",
		"title": "训练的师资与方法（二）",
		"duration": 1760,
		"size": "7M",
		"albumId": 111,
		"albumName": "《良院专区》动员恩赐训练",
		"path": "https://rawcdn.githack.com/quiet324/LiangYouSchoolAlbum3/1706059/mavmg/mavmg116.mp3",
		"id": 111888195
	}
,
	{
		"albumtitle": "《良院专区》动员恩赐训练(17)",
		"title": "训练的师资与方法（三）",
		"duration": 1760,
		"size": "7M",
		"albumId": 111,
		"albumName": "《良院专区》动员恩赐训练",
		"path": "https://rawcdn.githack.com/quiet324/LiangYouSchoolAlbum3/1706059/mavmg/mavmg117.mp3",
		"id": 111888196
	},
	{
		"albumtitle": "《良院专区》动员恩赐训练(18)",
		"title": "训练的师资与方法（四）",
		"duration": 1760,
		"size": "7M",
		"albumId": 111,
		"albumName": "《良院专区》动员恩赐训练",
		"path": "https://rawcdn.githack.com/quiet324/LiangYouSchoolAlbum3/1706059/mavmg/mavmg118.mp3",
		"id": 111888197
	},
	{
		"albumtitle": "《良院专区》动员恩赐训练(19)",
		"title": "布道方法的研究",
		"duration": 1760,
		"size": "7M",
		"albumId": 111,
		"albumName": "《良院专区》动员恩赐训练",
		"path": "https://rawcdn.githack.com/quiet324/LiangYouSchoolAlbum3/1706059/mavmg/mavmg119.mp3",
		"id": 111888198
	},
	{
		"albumtitle": "《良院专区》动员恩赐训练(20)",
		"title": "适合的布道方法（一）",
		"duration": 1760,
		"size": "7M",
		"albumId": 111,
		"albumName": "《良院专区》动员恩赐训练",
		"path": "https://rawcdn.githack.com/quiet324/LiangYouSchoolAlbum3/1706059/mavmg/mavmg120.mp3",
		"id": 111888199
	},
	{
		"albumtitle": "《良院专区》动员恩赐训练(21)",
		"title": "适合的布道方法（二）",
		"duration": 1760,
		"size": "7M",
		"albumId": 111,
		"albumName": "《良院专区》动员恩赐训练",
		"path": "https://rawcdn.githack.com/quiet324/LiangYouSchoolAlbum3/1706059/mavmg/mavmg121.mp3",
		"id": 111888200
	},
	{
		"albumtitle": "《良院专区》动员恩赐训练(22)",
		"title": "布道信徒的栽培",
		"duration": 1760,
		"size": "7M",
		"albumId": 111,
		"albumName": "《良院专区》动员恩赐训练",
		"path": "https://rawcdn.githack.com/quiet324/LiangYouSchoolAlbum3/1706059/mavmg/mavmg122.mp3",
		"id": 111888201
	},
	{
		"albumtitle": "《良院专区》动员恩赐训练(23)",
		"title": "健康教会的要素",
		"duration": 1760,
		"size": "7M",
		"albumId": 111,
		"albumName": "《良院专区》动员恩赐训练",
		"path": "https://rawcdn.githack.com/quiet324/LiangYouSchoolAlbum3/1706059/mavmg/mavmg123.mp3",
		"id": 111888202
	},
	{
		"albumtitle": "《良院专区》动员恩赐训练(24)",
		"title": "健康教会之动员",
		"duration": 1760,
		"size": "7M",
		"albumId": 111,
		"albumName": "《良院专区》动员恩赐训练",
		"path": "https://rawcdn.githack.com/quiet324/LiangYouSchoolAlbum3/1706059/mavmg/mavmg124.mp3",
		"id": 111888203
	},
	{
		"albumtitle": "《良院专区》动员恩赐训练(25)",
		"title": "",
		"duration": 1760,
		"size": "7M",
		"albumId": 111,
		"albumName": "《良院专区》动员恩赐训练",
		"path": "https://rawcdn.githack.com/quiet324/LiangYouSchoolAlbum3/1706059/mavmg/mavmg125.mp3",
		"id": 111888204
	},
	{
		"albumtitle": "《良院专区》动员恩赐训练(26)",
		"title": "",
		"duration": 1760,
		"size": "7M",
		"albumId": 111,
		"albumName": "《良院专区》动员恩赐训练",
		"path": "https://rawcdn.githack.com/quiet324/LiangYouSchoolAlbum3/1706059/mavmg/mavmg126.mp3",
		"id": 111888205
	},
	{
		"albumtitle": "《良院专区》动员恩赐训练(27)",
		"title": "",
		"duration": 1760,
		"size": "7M",
		"albumId": 111,
		"albumName": "《良院专区》动员恩赐训练",
		"path": "https://rawcdn.githack.com/quiet324/LiangYouSchoolAlbum3/1706059/mavmg/mavmg127.mp3",
		"id": 111888206
	},
	{
		"albumtitle": "《良院专区》动员恩赐训练(28)",
		"title": "",
		"duration": 1760,
		"size": "7M",
		"albumId": 111,
		"albumName": "《良院专区》动员恩赐训练",
		"path": "https://rawcdn.githack.com/quiet324/LiangYouSchoolAlbum3/1706059/mavmg/mavmg128.mp3",
		"id": 111888207
	},
	{
		"albumtitle": "《良院专区》动员恩赐训练(29)",
		"title": "",
		"duration": 1760,
		"size": "7M",
		"albumId": 111,
		"albumName": "《良院专区》动员恩赐训练",
		"path": "https://rawcdn.githack.com/quiet324/LiangYouSchoolAlbum3/1706059/mavmg/mavmg129.mp3",
		"id": 111888208
	},
	{
		"albumtitle": "《良院专区》动员恩赐训练(30)",
		"title": "",
		"duration": 1760,
		"size": "7M",
		"albumId": 111,
		"albumName": "《良院专区》动员恩赐训练",
		"path": "https://rawcdn.githack.com/quiet324/LiangYouSchoolAlbum3/1706059/mavmg/mavmg130.mp3",
		"id": 111888209
	}
]