[
	{
		"albumtitle": "《良院专区》事奉与生命(01)",
		"title": "圣经中的执事观念",
		"duration": 1760,
        "size": "3.5M",
		"albumId": 104,
		"albumName": "《良院专区》事奉与生命",
		"path": "https://rawcdn.githack.com/quiet324/LiangYouSchoolAlbum3/1706052/mavmt/mavmt001.mp3",
		"id": 104888180
	},
	{
		"albumtitle": "《良院专区》事奉与生命(02)",
		"title": "出色的执事：司提反和腓利",
		"duration": 1760,
        "size": "3.5M",
		"albumId": 104,
		"albumName": "《良院专区》事奉与生命",
		"path": "https://rawcdn.githack.com/quiet324/LiangYouSchoolAlbum3/1706052/mavmt/mavmt002.mp3",
		"id": 104888181
	},
	{
		"albumtitle": "《良院专区》事奉与生命(03)",
		"title": "出色的执事：友阿爹和循都基",
		"duration": 1760,
        "size": "3.5M",
		"albumId": 104,
		"albumName": "《良院专区》事奉与生命",
		"path": "https://rawcdn.githack.com/quiet324/LiangYouSchoolAlbum3/1706052/mavmt/mavmt003.mp3",
		"id": 104888182
	},
	{
		"albumtitle": "《良院专区》事奉与生命(04)",
		"title": "事奉的素质：生命、品格",
		"duration": 1760,
        "size": "3.5M",
		"albumId": 104,
		"albumName": "《良院专区》事奉与生命",
		"path": "https://rawcdn.githack.com/quiet324/LiangYouSchoolAlbum3/1706052/mavmt/mavmt004.mp3",
		"id": 104888183
	},
	{
		"albumtitle": "《良院专区》事奉与生命(05)",
		"title": "事奉的素质：恩赐、训练",
		"duration": 1760,
        "size": "3.5M",
		"albumId": 104,
		"albumName": "《良院专区》事奉与生命",
		"path": "https://rawcdn.githack.com/quiet324/LiangYouSchoolAlbum3/1706052/mavmt/mavmt005.mp3",
		"id": 104888184
	},
	{
		"albumtitle": "《良院专区》事奉与生命(06)",
		"title": "生命的表现：言语、行为、爱心",
		"duration": 1760,
        "size": "3.5M",
		"albumId": 104,
		"albumName": "《良院专区》事奉与生命",
		"path": "https://rawcdn.githack.com/quiet324/LiangYouSchoolAlbum3/1706052/mavmt/mavmt006.mp3",
		"id": 104888185
	}
,
	{
		"albumtitle": "《良院专区》事奉与生命(07)",
		"title": "生命的表现：信心、清洁",
		"duration": 1760,
        "size": "3.5M",
		"albumId": 104,
		"albumName": "《良院专区》事奉与生命",
		"path": "https://rawcdn.githack.com/quiet324/LiangYouSchoolAlbum3/1706052/mavmt/mavmt007.mp3",
		"id": 104888186
	},
	{
		"albumtitle": "《良院专区》事奉与生命(08)",
		"title": "执事与牧者的关系（上）",
		"duration": 1760,
        "size": "3.5M",
		"albumId": 104,
		"albumName": "《良院专区》事奉与生命",
		"path": "https://rawcdn.githack.com/quiet324/LiangYouSchoolAlbum3/1706052/mavmt/mavmt008.mp3",
		"id": 104888187
	},
	{
		"albumtitle": "《良院专区》事奉与生命(09)",
		"title": "执事与牧者的关系（下）",
		"duration": 1760,
        "size": "3.5M",
		"albumId": 104,
		"albumName": "《良院专区》事奉与生命",
		"path": "https://rawcdn.githack.com/quiet324/LiangYouSchoolAlbum3/1706052/mavmt/mavmt009.mp3",
		"id": 104888188
	},
	{
		"albumtitle": "《良院专区》事奉与生命(10)",
		"title": "执事与执事的关系",
		"duration": 1760,
        "size": "3.5M",
		"albumId": 104,
		"albumName": "《良院专区》事奉与生命",
		"path": "https://rawcdn.githack.com/quiet324/LiangYouSchoolAlbum3/1706052/mavmt/mavmt010.mp3",
		"id": 104888189
	},
	{
		"albumtitle": "《良院专区》事奉与生命(11)",
		"title": "执事与信徒的关系（上）",
		"duration": 1760,
        "size": "3.5M",
		"albumId": 104,
		"albumName": "《良院专区》事奉与生命",
		"path": "https://rawcdn.githack.com/quiet324/LiangYouSchoolAlbum3/1706052/mavmt/mavmt011.mp3",
		"id": 104888190
	},
	{
		"albumtitle": "《良院专区》事奉与生命(12)",
		"title": "执事与信徒的关系（下）",
		"duration": 1760,
        "size": "3.5M",
		"albumId": 104,
		"albumName": "《良院专区》事奉与生命",
		"path": "https://rawcdn.githack.com/quiet324/LiangYouSchoolAlbum3/1706052/mavmt/mavmt012.mp3",
		"id": 104888191
	},
	{
		"albumtitle": "《良院专区》事奉与生命(13)",
		"title": "执事面对的挑战：讲道（上）",
		"duration": 1760,
        "size": "3.5M",
		"albumId": 104,
		"albumName": "《良院专区》事奉与生命",
		"path": "https://rawcdn.githack.com/quiet324/LiangYouSchoolAlbum3/1706052/mavmt/mavmt013.mp3",
		"id": 104888192
	},
	{
		"albumtitle": "《良院专区》事奉与生命(14)",
		"title": "执事面对的挑战：讲道（下）",
		"duration": 1760,
        "size": "3.5M",
		"albumId": 104,
		"albumName": "《良院专区》事奉与生命",
		"path": "https://rawcdn.githack.com/quiet324/LiangYouSchoolAlbum3/1706052/mavmt/mavmt014.mp3",
		"id": 104888193
	},
	{
		"albumtitle": "《良院专区》事奉与生命(15)",
		"title": "执事面对的挑战：教导",
		"duration": 1760,
        "size": "3.5M",
		"albumId": 104,
		"albumName": "《良院专区》事奉与生命",
		"path": "https://rawcdn.githack.com/quiet324/LiangYouSchoolAlbum3/1706052/mavmt/mavmt015.mp3",
		"id": 104888194
	},
	{
		"albumtitle": "《良院专区》事奉与生命(16)",
		"title": "执事面对的挑战：牧养与辅导（上）",
		"duration": 1760,
        "size": "3.5M",
		"albumId": 104,
		"albumName": "《良院专区》事奉与生命",
		"path": "https://rawcdn.githack.com/quiet324/LiangYouSchoolAlbum3/1706052/mavmt/mavmt016.mp3",
		"id": 104888195
	}
,
	{
		"albumtitle": "《良院专区》事奉与生命(17)",
		"title": "执事面对的挑战：牧养与辅导（下）",
		"duration": 1760,
        "size": "3.5M",
		"albumId": 104,
		"albumName": "《良院专区》事奉与生命",
		"path": "https://rawcdn.githack.com/quiet324/LiangYouSchoolAlbum3/1706052/mavmt/mavmt017.mp3",
		"id": 104888196
	},
	{
		"albumtitle": "《良院专区》事奉与生命(18)",
		"title": "执事面对的挑战：关怀与代祷",
		"duration": 1760,
        "size": "3.5M",
		"albumId": 104,
		"albumName": "《良院专区》事奉与生命",
		"path": "https://rawcdn.githack.com/quiet324/LiangYouSchoolAlbum3/1706052/mavmt/mavmt018.mp3",
		"id": 104888197
	},
	{
		"albumtitle": "《良院专区》事奉与生命(19)",
		"title": "执事面对的挑战：行政与总务",
		"duration": 1760,
        "size": "3.5M",
		"albumId": 104,
		"albumName": "《良院专区》事奉与生命",
		"path": "https://rawcdn.githack.com/quiet324/LiangYouSchoolAlbum3/1706052/mavmt/mavmt019.mp3",
		"id": 104888198
	},
	{
		"albumtitle": "《良院专区》事奉与生命(20)",
		"title": "洗礼的事奉",
		"duration": 1760,
        "size": "3.5M",
		"albumId": 104,
		"albumName": "《良院专区》事奉与生命",
		"path": "https://rawcdn.githack.com/quiet324/LiangYouSchoolAlbum3/1706052/mavmt/mavmt020.mp3",
		"id": 104888199
	},
	{
		"albumtitle": "《良院专区》事奉与生命(21)",
		"title": "圣餐的事奉",
		"duration": 1760,
        "size": "3.5M",
		"albumId": 104,
		"albumName": "《良院专区》事奉与生命",
		"path": "https://rawcdn.githack.com/quiet324/LiangYouSchoolAlbum3/1706052/mavmt/mavmt021.mp3",
		"id": 104888200
	},
	{
		"albumtitle": "《良院专区》事奉与生命(22)",
		"title": "财务的管理",
		"duration": 1760,
        "size": "3.5M",
		"albumId": 104,
		"albumName": "《良院专区》事奉与生命",
		"path": "https://rawcdn.githack.com/quiet324/LiangYouSchoolAlbum3/1706052/mavmt/mavmt022.mp3",
		"id": 104888201
	},
	{
		"albumtitle": "《良院专区》事奉与生命(23)",
		"title": "冲突的处理",
		"duration": 1760,
        "size": "3.5M",
		"albumId": 104,
		"albumName": "《良院专区》事奉与生命",
		"path": "https://rawcdn.githack.com/quiet324/LiangYouSchoolAlbum3/1706052/mavmt/mavmt023.mp3",
		"id": 104888202
	},
	{
		"albumtitle": "《良院专区》事奉与生命(24)",
		"title": "处理纪律问题的责任和角色",
		"duration": 1760,
        "size": "3.5M",
		"albumId": 104,
		"albumName": "《良院专区》事奉与生命",
		"path": "https://rawcdn.githack.com/quiet324/LiangYouSchoolAlbum3/1706052/mavmt/mavmt024.mp3",
		"id": 104888203
	}
]