[
	{
		"albumtitle": "《良院专区》差传神学(01)",
		"title": "舊約的差傳：何時始算起？",
		"duration": 1760,
		"size": "7M",
		"albumId": 156,
		"albumName": "《良院专区》差传神学",
		"path": "https://rawcdn.githack.com/quiet324/LiangYouSchoolAlbum9/17060511/mavmg2/mavmg001.mp3",
		"id": 156888180
	},
	{
		"albumtitle": "《良院专区》差传神学(02)",
		"title": "新約的差傳：惟獨大使命！",
		"duration": 1760,
		"size": "7M",
		"albumId": 156,
		"albumName": "《良院专区》差传神学",
		"path": "https://rawcdn.githack.com/quiet324/LiangYouSchoolAlbum9/17060511/mavmg2/mavmg002.mp3",
		"id": 156888181
	},
	{
		"albumtitle": "《良院专区》差传神学(03)",
		"title": "教會的差傳：學效的功課",
		"duration": 1760,
		"size": "7M",
		"albumId": 156,
		"albumName": "《良院专区》差传神学",
		"path": "https://rawcdn.githack.com/quiet324/LiangYouSchoolAlbum9/17060511/mavmg2/mavmg003.mp3",
		"id": 156888182
	},
	{
		"albumtitle": "《良院专区》差传神学(04)",
		"title": "近代差傳（I）：福音派、普世派",
		"duration": 1760,
		"size": "7M",
		"albumId": 156,
		"albumName": "《良院专区》差传神学",
		"path": "https://rawcdn.githack.com/quiet324/LiangYouSchoolAlbum9/17060511/mavmg2/mavmg004.mp3",
		"id": 156888183
	},
	{
		"albumtitle": "《良院专区》差传神学(05)",
		"title": "近代差傳（II）：佈道、社關及整全使命",
		"duration": 1760,
		"size": "7M",
		"albumId": 156,
		"albumName": "《良院专区》差传神学",
		"path": "https://rawcdn.githack.com/quiet324/LiangYouSchoolAlbum9/17060511/mavmg2/mavmg005.mp3",
		"id": 156888184
	},
	{
		"albumtitle": "《良院专区》差传神学(06)",
		"title": "他的故事：差傳是述說他故事（徒 26：12－23）",
		"duration": 1760,
		"size": "7M",
		"albumId": 156,
		"albumName": "《良院专区》差传神学",
		"path": "https://rawcdn.githack.com/quiet324/LiangYouSchoolAlbum9/17060511/mavmg2/mavmg006.mp3",
		"id": 156888185
	}
,
	{
		"albumtitle": "《良院专区》差传神学(07)",
		"title": "創造管治：差傳是關心萬有（創 1：28）",
		"duration": 1760,
		"size": "7M",
		"albumId": 156,
		"albumName": "《良院专区》差传神学",
		"path": "https://rawcdn.githack.com/quiet324/LiangYouSchoolAlbum9/17060511/mavmg2/mavmg007.mp3",
		"id": 156888186
	},
	{
		"albumtitle": "《良院专区》差传神学(08)",
		"title": "萬民得福：差傳是使萬民得福（創 12：3）",
		"duration": 1760,
		"size": "7M",
		"albumId": 156,
		"albumName": "《良院专区》差传神学",
		"path": "https://rawcdn.githack.com/quiet324/LiangYouSchoolAlbum9/17060511/mavmg2/mavmg008.mp3",
		"id": 156888187
	},
	{
		"albumtitle": "《良院专区》差传神学(09)",
		"title": "行主道上：差傳是行在主道上（詩 119：32）",
		"duration": 1760,
		"size": "7M",
		"albumId": 156,
		"albumName": "《良院专区》差传神学",
		"path": "https://rawcdn.githack.com/quiet324/LiangYouSchoolAlbum9/17060511/mavmg2/mavmg009.mp3",
		"id": 156888188
	},
	{
		"albumtitle": "《良院专区》差传神学(10)",
		"title": "經歷救贖：差傳是作他複和使者（林后 5：20）",
		"duration": 1760,
		"size": "7M",
		"albumId": 156,
		"albumName": "《良院专区》差传神学",
		"path": "https://rawcdn.githack.com/quiet324/LiangYouSchoolAlbum9/17060511/mavmg2/mavmg010.mp3",
		"id": 156888189
	},
	{
		"albumtitle": "《良院专区》差传神学(11)",
		"title": "展示神：差傳是成為他見證人（徒 1：8）",
		"duration": 1760,
		"size": "7M",
		"albumId": 156,
		"albumName": "《良院专区》差传神学",
		"path": "https://rawcdn.githack.com/quiet324/LiangYouSchoolAlbum9/17060511/mavmg2/mavmg011.mp3",
		"id": 156888190
	},
	{
		"albumtitle": "《良院专区》差传神学(12)",
		"title": "領人歸主：差傳是吸引人歸向他（徒 26：28－29）",
		"duration": 1760,
		"size": "7M",
		"albumId": 156,
		"albumName": "《良院专区》差传神学",
		"path": "https://rawcdn.githack.com/quiet324/LiangYouSchoolAlbum9/17060511/mavmg2/mavmg012.mp3",
		"id": 156888191
	},
	{
		"albumtitle": "《良院专区》差传神学(13)",
		"title": "識永生神：差傳是認識永生神（約 17：3）",
		"duration": 1760,
		"size": "7M",
		"albumId": 156,
		"albumName": "《良院专区》差传神学",
		"path": "https://rawcdn.githack.com/quiet324/LiangYouSchoolAlbum9/17060511/mavmg2/mavmg013.mp3",
		"id": 156888192
	},
	{
		"albumtitle": "《良院专区》差传神学(14)",
		"title": "神的見證：差傳的真正目的（路 24：48；啟 1：9）",
		"duration": 1760,
		"size": "7M",
		"albumId": 156,
		"albumName": "《良院专区》差传神学",
		"path": "https://rawcdn.githack.com/quiet324/LiangYouSchoolAlbum9/17060511/mavmg2/mavmg014.mp3",
		"id": 156888193
	},
	{
		"albumtitle": "《良院专区》差传神学(15)",
		"title": "宣揚福音：差傳是宣揚主福音（羅 10：14－15）",
		"duration": 1760,
		"size": "7M",
		"albumId": 156,
		"albumName": "《良院专区》差传神学",
		"path": "https://rawcdn.githack.com/quiet324/LiangYouSchoolAlbum9/17060511/mavmg2/mavmg015.mp3",
		"id": 156888194
	},
	{
		"albumtitle": "《良院专区》差传神学(16)",
		"title": "照樣差你：差傳的一脈相傳（約 17：18）",
		"duration": 1760,
		"size": "7M",
		"albumId": 156,
		"albumName": "《良院专区》差传神学",
		"path": "https://rawcdn.githack.com/quiet324/LiangYouSchoolAlbum9/17060511/mavmg2/mavmg016.mp3",
		"id": 156888195
	}
,
	{
		"albumtitle": "《良院专区》差传神学(17)",
		"title": "平臺見證：差傳是在公共空間見證主（徒 17：22－23）",
		"duration": 1760,
		"size": "7M",
		"albumId": 156,
		"albumName": "《良院专区》差传神学",
		"path": "https://rawcdn.githack.com/quiet324/LiangYouSchoolAlbum9/17060511/mavmg2/mavmg017.mp3",
		"id": 156888196
	},
	{
		"albumtitle": "《良院专区》差传神学(18)",
		"title": "讚美禱告：差傳是彰顯敬拜生命（可 11：17）",
		"duration": 1760,
		"size": "7M",
		"albumId": 156,
		"albumName": "《良院专区》差传神学",
		"path": "https://rawcdn.githack.com/quiet324/LiangYouSchoolAlbum9/17060511/mavmg2/mavmg018.mp3",
		"id": 156888197
	},
	{
		"albumtitle": "《良院专区》差传神学(19)",
		"title": "城市宣教（Urban Mission）",
		"duration": 1760,
		"size": "7M",
		"albumId": 156,
		"albumName": "《良院专区》差传神学",
		"path": "https://rawcdn.githack.com/quiet324/LiangYouSchoolAlbum9/17060511/mavmg2/mavmg019.mp3",
		"id": 156888198
	},
	{
		"albumtitle": "《良院专区》差传神学(20)",
		"title": "職場宣教（Tent-making）",
		"duration": 1760,
		"size": "7M",
		"albumId": 156,
		"albumName": "《良院专区》差传神学",
		"path": "https://rawcdn.githack.com/quiet324/LiangYouSchoolAlbum9/17060511/mavmg2/mavmg020.mp3",
		"id": 156888199
	},
	{
		"albumtitle": "《良院专区》差传神学(21)",
		"title": "全球化差傳（Globalization and Mission）",
		"duration": 1760,
		"size": "7M",
		"albumId": 156,
		"albumName": "《良院专区》差传神学",
		"path": "https://rawcdn.githack.com/quiet324/LiangYouSchoolAlbum9/17060511/mavmg2/mavmg021.mp3",
		"id": 156888200
	},
	{
		"albumtitle": "《良院专区》差传神学(22)",
		"title": "神的聖言（Text）：找到真理（Discovery of Truth）",
		"duration": 1760,
		"size": "7M",
		"albumId": 156,
		"albumName": "《良院专区》差传神学",
		"path": "https://rawcdn.githack.com/quiet324/LiangYouSchoolAlbum9/17060511/mavmg2/mavmg022.mp3",
		"id": 156888201
	},
	{
		"albumtitle": "《良院专区》差传神学(23)",
		"title": "神的群體（Community）：藉群體拯救（Soul Saving）",
		"duration": 1760,
		"size": "7M",
		"albumId": 156,
		"albumName": "《良院专区》差传神学",
		"path": "https://rawcdn.githack.com/quiet324/LiangYouSchoolAlbum9/17060511/mavmg2/mavmg023.mp3",
		"id": 156888202
	},
	{
		"albumtitle": "《良院专区》差传神学(24)",
		"title": "神的世界（Context）：萬象更新（Transformation）",
		"duration": 1760,
		"size": "7M",
		"albumId": 156,
		"albumName": "《良院专区》差传神学",
		"path": "https://rawcdn.githack.com/quiet324/LiangYouSchoolAlbum9/17060511/mavmg2/mavmg024.mp3",
		"id": 156888203
	}
]