[
	{
		"albumtitle": "《良院专区》新约综览(01)",
		"title": "導論（一）走進新約世界",
		"duration": 1940,
		"size": "7M",
		"albumId": 194,
		"albumName": "《良院专区》新约综览",
		"path": "https://rawcdn.githack.com/quiet324/LiangYouSchoolAlbum14/17060511/mavnt/mavnt001.mp3",
		"id": 194888180
	},
	{
		"albumtitle": "《良院专区》新约综览(02)",
		"title": "導論（二）早期基督徒的處境 ",
		"duration": 1940,
		"size": "7M",
		"albumId": 194,
		"albumName": "《良院专区》新约综览",
		"path": "https://rawcdn.githack.com/quiet324/LiangYouSchoolAlbum14/17060511/mavnt/mavnt002.mp3",
		"id": 194888181
	},
	{
		"albumtitle": "《良院专区》新约综览(03)",
		"title": "符類福音導論",
		"duration": 1940,
		"size": "7M",
		"albumId": 194,
		"albumName": "《良院专区》新约综览",
		"path": "https://rawcdn.githack.com/quiet324/LiangYouSchoolAlbum14/17060511/mavnt/mavnt003.mp3",
		"id": 194888182
	},
	{
		"albumtitle": "《良院专区》新约综览(04)",
		"title": "馬可福音",
		"duration": 1940,
		"size": "7M",
		"albumId": 194,
		"albumName": "《良院专区》新约综览",
		"path": "https://rawcdn.githack.com/quiet324/LiangYouSchoolAlbum14/17060511/mavnt/mavnt004.mp3",
		"id": 194888183
	},
	{
		"albumtitle": "《良院专区》新约综览(05)",
		"title": "馬太福音",
		"duration": 1940,
		"size": "7M",
		"albumId": 194,
		"albumName": "《良院专区》新约综览",
		"path": "https://rawcdn.githack.com/quiet324/LiangYouSchoolAlbum14/17060511/mavnt/mavnt005.mp3",
		"id": 194888184
	},
	{
		"albumtitle": "《良院专区》新约综览(06)",
		"title": "路加福音與使徒行傳（一）",
		"duration": 1940,
		"size": "7M",
		"albumId": 194,
		"albumName": "《良院专区》新约综览",
		"path": "https://rawcdn.githack.com/quiet324/LiangYouSchoolAlbum14/17060511/mavnt/mavnt006.mp3",
		"id": 194888185
	}
,
	{
		"albumtitle": "《良院专区》新约综览(07)",
		"title": "路加福音與使徒行傳（二）",
		"duration": 1940,
		"size": "7M",
		"albumId": 194,
		"albumName": "《良院专区》新约综览",
		"path": "https://rawcdn.githack.com/quiet324/LiangYouSchoolAlbum14/17060511/mavnt/mavnt007.mp3",
		"id": 194888186
	},
	{
		"albumtitle": "《良院专区》新约综览(08)",
		"title": "保羅書信導論",
		"duration": 1940,
		"size": "7M",
		"albumId": 194,
		"albumName": "《良院专区》新约综览",
		"path": "https://rawcdn.githack.com/quiet324/LiangYouSchoolAlbum14/17060511/mavnt/mavnt008.mp3",
		"id": 194888187
	},
	{
		"albumtitle": "《良院专区》新约综览(09)",
		"title": "帖撒羅尼迦前書",
		"duration": 1940,
		"size": "7M",
		"albumId": 194,
		"albumName": "《良院专区》新约综览",
		"path": "https://rawcdn.githack.com/quiet324/LiangYouSchoolAlbum14/17060511/mavnt/mavnt009.mp3",
		"id": 194888188
	},
	{
		"albumtitle": "《良院专区》新约综览(10)",
		"title": "帖撒羅尼迦后書",
		"duration": 1940,
		"size": "7M",
		"albumId": 194,
		"albumName": "《良院专区》新约综览",
		"path": "https://rawcdn.githack.com/quiet324/LiangYouSchoolAlbum14/17060511/mavnt/mavnt010.mp3",
		"id": 194888189
	},
	{
		"albumtitle": "《良院专区》新约综览(11)",
		"title": "加拉太書",
		"duration": 1940,
		"size": "7M",
		"albumId": 194,
		"albumName": "《良院专区》新约综览",
		"path": "https://rawcdn.githack.com/quiet324/LiangYouSchoolAlbum14/17060511/mavnt/mavnt011.mp3",
		"id": 194888190
	},
	{
		"albumtitle": "《良院专区》新约综览(12)",
		"title": "哥林多前書",
		"duration": 1940,
		"size": "7M",
		"albumId": 194,
		"albumName": "《良院专区》新约综览",
		"path": "https://rawcdn.githack.com/quiet324/LiangYouSchoolAlbum14/17060511/mavnt/mavnt012.mp3",
		"id": 194888191
	},
	{
		"albumtitle": "《良院专区》新约综览(13)",
		"title": "哥林多后書",
		"duration": 1940,
		"size": "7M",
		"albumId": 194,
		"albumName": "《良院专区》新约综览",
		"path": "https://rawcdn.githack.com/quiet324/LiangYouSchoolAlbum14/17060511/mavnt/mavnt013.mp3",
		"id": 194888192
	},
	{
		"albumtitle": "《良院专区》新约综览(14)",
		"title": "羅馬書",
		"duration": 1940,
		"size": "7M",
		"albumId": 194,
		"albumName": "《良院专区》新约综览",
		"path": "https://rawcdn.githack.com/quiet324/LiangYouSchoolAlbum14/17060511/mavnt/mavnt014.mp3",
		"id": 194888193
	},
	{
		"albumtitle": "《良院专区》新约综览(15)",
		"title": "監獄書信（一）腓立比書",
		"duration": 1940,
		"size": "7M",
		"albumId": 194,
		"albumName": "《良院专区》新约综览",
		"path": "https://rawcdn.githack.com/quiet324/LiangYouSchoolAlbum14/17060511/mavnt/mavnt015.mp3",
		"id": 194888194
	},
	{
		"albumtitle": "《良院专区》新约综览(16)",
		"title": "監獄書信（二）腓利門書",
		"duration": 1940,
		"size": "7M",
		"albumId": 194,
		"albumName": "《良院专区》新约综览",
		"path": "https://rawcdn.githack.com/quiet324/LiangYouSchoolAlbum14/17060511/mavnt/mavnt016.mp3",
		"id": 194888195
	}
,
	{
		"albumtitle": "《良院专区》新约综览(17)",
		"title": "監獄書信（三）歌羅西書",
		"duration": 1940,
		"size": "7M",
		"albumId": 194,
		"albumName": "《良院专区》新约综览",
		"path": "https://rawcdn.githack.com/quiet324/LiangYouSchoolAlbum14/17060511/mavnt/mavnt017.mp3",
		"id": 194888196
	},
	{
		"albumtitle": "《良院专区》新约综览(18)",
		"title": "監獄書信（四）以弗所書",
		"duration": 1940,
		"size": "7M",
		"albumId": 194,
		"albumName": "《良院专区》新约综览",
		"path": "https://rawcdn.githack.com/quiet324/LiangYouSchoolAlbum14/17060511/mavnt/mavnt018.mp3",
		"id": 194888197
	},
	{
		"albumtitle": "《良院专区》新约综览(19)",
		"title": "教牧書信（一）提摩太前書",
		"duration": 1940,
		"size": "7M",
		"albumId": 194,
		"albumName": "《良院专区》新约综览",
		"path": "https://rawcdn.githack.com/quiet324/LiangYouSchoolAlbum14/17060511/mavnt/mavnt019.mp3",
		"id": 194888198
	},
	{
		"albumtitle": "《良院专区》新约综览(20)",
		"title": "教牧書信（二）提摩太后書",
		"duration": 1940,
		"size": "7M",
		"albumId": 194,
		"albumName": "《良院专区》新约综览",
		"path": "https://rawcdn.githack.com/quiet324/LiangYouSchoolAlbum14/17060511/mavnt/mavnt020.mp3",
		"id": 194888199
	},
	{
		"albumtitle": "《良院专区》新约综览(21)",
		"title": "教牧書信（三）提多書",
		"duration": 1940,
		"size": "7M",
		"albumId": 194,
		"albumName": "《良院专区》新约综览",
		"path": "https://rawcdn.githack.com/quiet324/LiangYouSchoolAlbum14/17060511/mavnt/mavnt021.mp3",
		"id": 194888200
	},
	{
		"albumtitle": "《良院专区》新约综览(22)",
		"title": "希伯來書",
		"duration": 1940,
		"size": "7M",
		"albumId": 194,
		"albumName": "《良院专区》新约综览",
		"path": "https://rawcdn.githack.com/quiet324/LiangYouSchoolAlbum14/17060511/mavnt/mavnt022.mp3",
		"id": 194888201
	},
	{
		"albumtitle": "《良院专区》新约综览(23)",
		"title": "彼得前書",
		"duration": 1940,
		"size": "7M",
		"albumId": 194,
		"albumName": "《良院专区》新约综览",
		"path": "https://rawcdn.githack.com/quiet324/LiangYouSchoolAlbum14/17060511/mavnt/mavnt023.mp3",
		"id": 194888202
	},
	{
		"albumtitle": "《良院专区》新约综览(24)",
		"title": "彼得后書與猶大書（一）",
		"duration": 1940,
		"size": "7M",
		"albumId": 194,
		"albumName": "《良院专区》新约综览",
		"path": "https://rawcdn.githack.com/quiet324/LiangYouSchoolAlbum14/17060511/mavnt/mavnt024.mp3",
		"id": 194888203
	}
,
	{
		"albumtitle": "《良院专区》新约综览(25)",
		"title": "彼得后書與猶大書（二）",
		"duration": 1940,
		"size": "7M",
		"albumId": 194,
		"albumName": "《良院专区》新约综览",
		"path": "https://rawcdn.githack.com/quiet324/LiangYouSchoolAlbum14/17060511/mavnt/mavnt025.mp3",
		"id": 194888204
	}
,
	{
		"albumtitle": "《良院专区》新约综览(26)",
		"title": "雅各書",
		"duration": 1940,
		"size": "7M",
		"albumId": 194,
		"albumName": "《良院专区》新约综览",
		"path": "https://rawcdn.githack.com/quiet324/LiangYouSchoolAlbum14/17060511/mavnt/mavnt026.mp3",
		"id": 194888205
	}
,
	{
		"albumtitle": "《良院专区》新约综览(27)",
		"title": "約翰福音",
		"duration": 1940,
		"size": "7M",
		"albumId": 194,
		"albumName": "《良院专区》新约综览",
		"path": "https://rawcdn.githack.com/quiet324/LiangYouSchoolAlbum14/17060511/mavnt/mavnt027.mp3",
		"id": 194888206
	}
,
	{
		"albumtitle": "《良院专区》新约综览(28)",
		"title": "約翰一、二、三書（一）",
		"duration": 1940,
		"size": "7M",
		"albumId": 194,
		"albumName": "《良院专区》新约综览",
		"path": "https://rawcdn.githack.com/quiet324/LiangYouSchoolAlbum14/17060511/mavnt/mavnt028.mp3",
		"id": 194888207
	}
,
	{
		"albumtitle": "《良院专区》新约综览(29)",
		"title": "約翰一、二、三書（二）",
		"duration": 1940,
		"size": "7M",
		"albumId": 194,
		"albumName": "《良院专区》新约综览",
		"path": "https://rawcdn.githack.com/quiet324/LiangYouSchoolAlbum14/17060511/mavnt/mavnt029.mp3",
		"id": 194888208
	}
,
	{
		"albumtitle": "《良院专区》新约综览(30)",
		"title": "啟示錄",
		"duration": 1940,
		"size": "7M",
		"albumId": 194,
		"albumName": "《良院专区》新约综览",
		"path": "https://rawcdn.githack.com/quiet324/LiangYouSchoolAlbum14/17060511/mavnt/mavnt030.mp3",
		"id": 194888209
	}

]