[
	{
		"albumtitle": "《良院专区》初信造就(01)",
		"title": "本科简介",
		"duration": 1760,
        "size": "3.5M",
		"albumId": 80,
		"albumName": "《良院专区》初信造就",
		"path": "https://rawcdn.githack.com/quiet324/LiangYouSchoolAlbum/1706053/mavnb/mavnb001.mp3",
		"id": 80888180
	},
	{
		"albumtitle": "《良院专区》初信造就(02)",
		"title": "使徒信经（一）",
		"duration": 1760,
        "size": "3.5M",
		"albumId": 80,
		"albumName": "《良院专区》初信造就",
		"path": "https://rawcdn.githack.com/quiet324/LiangYouSchoolAlbum/1706053/mavnb/mavnb002.mp3",
		"id": 80888181
	},
	{
		"albumtitle": "《良院专区》初信造就(03)",
		"title": "使徒信经（二）",
		"duration": 1760,
        "size": "3.5M",
		"albumId": 80,
		"albumName": "《良院专区》初信造就",
		"path": "https://rawcdn.githack.com/quiet324/LiangYouSchoolAlbum/1706053/mavnb/mavnb003.mp3",
		"id": 80888182
	},
	{
		"albumtitle": "《良院专区》初信造就(04)",
		"title": "使徒信经（三）",
		"duration": 1760,
        "size": "3.5M",
		"albumId": 80,
		"albumName": "《良院专区》初信造就",
		"path": "https://rawcdn.githack.com/quiet324/LiangYouSchoolAlbum/1706053/mavnb/mavnb004.mp3",
		"id": 80888183
	},
	{
		"albumtitle": "《良院专区》初信造就(05)",
		"title": "使徒信经（四）",
		"duration": 1760,
        "size": "3.5M",
		"albumId": 80,
		"albumName": "《良院专区》初信造就",
		"path": "https://rawcdn.githack.com/quiet324/LiangYouSchoolAlbum/1706053/mavnb/mavnb005.mp3",
		"id": 80888184
	},
	{
		"albumtitle": "《良院专区》初信造就(06)",
		"title": "使徒信经（五）",
		"duration": 1760,
        "size": "3.5M",
		"albumId": 80,
		"albumName": "《良院专区》初信造就",
		"path": "https://rawcdn.githack.com/quiet324/LiangYouSchoolAlbum/1706053/mavnb/mavnb006.mp3",
		"id": 80888185
	}
,
	{
		"albumtitle": "《良院专区》初信造就(07)",
		"title": "使徒信经（六）",
		"duration": 1760,
        "size": "3.5M",
		"albumId": 80,
		"albumName": "《良院专区》初信造就",
		"path": "https://rawcdn.githack.com/quiet324/LiangYouSchoolAlbum/1706053/mavnb/mavnb007.mp3",
		"id": 80888186
	},
	{
		"albumtitle": "《良院专区》初信造就(08)",
		"title": "使徒信经（七）",
		"duration": 1760,
        "size": "3.5M",
		"albumId": 80,
		"albumName": "《良院专区》初信造就",
		"path": "https://rawcdn.githack.com/quiet324/LiangYouSchoolAlbum/1706053/mavnb/mavnb008.mp3",
		"id": 80888187
	},
	{
		"albumtitle": "《良院专区》初信造就(09)",
		"title": "使徒信经（八）",
		"duration": 1760,
        "size": "3.5M",
		"albumId": 80,
		"albumName": "《良院专区》初信造就",
		"path": "https://rawcdn.githack.com/quiet324/LiangYouSchoolAlbum/1706053/mavnb/mavnb009.mp3",
		"id": 80888188
	},
	{
		"albumtitle": "《良院专区》初信造就(10)",
		"title": "使徒信经（九）",
		"duration": 1760,
        "size": "3.5M",
		"albumId": 80,
		"albumName": "《良院专区》初信造就",
		"path": "https://rawcdn.githack.com/quiet324/LiangYouSchoolAlbum/1706053/mavnb/mavnb010.mp3",
		"id": 80888189
	},
	{
		"albumtitle": "《良院专区》初信造就(11)",
		"title": "使徒信经（十）",
		"duration": 1760,
        "size": "3.5M",
		"albumId": 80,
		"albumName": "《良院专区》初信造就",
		"path": "https://rawcdn.githack.com/quiet324/LiangYouSchoolAlbum/1706053/mavnb/mavnb011.mp3",
		"id": 80888190
	},
	{
		"albumtitle": "《良院专区》初信造就(12)",
		"title": "使徒信经（十一）",
		"duration": 1760,
        "size": "3.5M",
		"albumId": 80,
		"albumName": "《良院专区》初信造就",
		"path": "https://rawcdn.githack.com/quiet324/LiangYouSchoolAlbum/1706053/mavnb/mavnb012.mp3",
		"id": 80888191
	},
	{
		"albumtitle": "《良院专区》初信造就(13)",
		"title": "使徒信经（十二）",
		"duration": 1760,
        "size": "3.5M",
		"albumId": 80,
		"albumName": "《良院专区》初信造就",
		"path": "https://rawcdn.githack.com/quiet324/LiangYouSchoolAlbum/1706053/mavnb/mavnb013.mp3",
		"id": 80888192
	},
	{
		"albumtitle": "《良院专区》初信造就(14)",
		"title": "圣礼（一）",
		"duration": 1760,
        "size": "3.5M",
		"albumId": 80,
		"albumName": "《良院专区》初信造就",
		"path": "https://rawcdn.githack.com/quiet324/LiangYouSchoolAlbum/1706053/mavnb/mavnb014.mp3",
		"id": 80888193
	},
	{
		"albumtitle": "《良院专区》初信造就(15)",
		"title": "圣礼（二）",
		"duration": 1760,
        "size": "3.5M",
		"albumId": 80,
		"albumName": "《良院专区》初信造就",
		"path": "https://rawcdn.githack.com/quiet324/LiangYouSchoolAlbum/1706053/mavnb/mavnb015.mp3",
		"id": 80888194
	},
	{
		"albumtitle": "《良院专区》初信造就(16)",
		"title": "圣礼（三）",
		"duration": 1760,
        "size": "3.5M",
		"albumId": 80,
		"albumName": "《良院专区》初信造就",
		"path": "https://rawcdn.githack.com/quiet324/LiangYouSchoolAlbum/1706053/mavnb/mavnb016.mp3",
		"id": 80888195
	}
,
	{
		"albumtitle": "《良院专区》初信造就(17)",
		"title": "从主祷文看祷告",
		"duration": 1760,
        "size": "3.5M",
		"albumId": 80,
		"albumName": "《良院专区》初信造就",
		"path": "https://rawcdn.githack.com/quiet324/LiangYouSchoolAlbum/1706053/mavnb/mavnb017.mp3",
		"id": 80888196
	},
	{
		"albumtitle": "《良院专区》初信造就(18)",
		"title": "祷告的其他面向",
		"duration": 1760,
        "size": "3.5M",
		"albumId": 80,
		"albumName": "《良院专区》初信造就",
		"path": "https://rawcdn.githack.com/quiet324/LiangYouSchoolAlbum/1706053/mavnb/mavnb018.mp3",
		"id": 80888197
	},
	{
		"albumtitle": "《良院专区》初信造就(19)",
		"title": "读经（一）：方法篇",
		"duration": 1760,
        "size": "3.5M",
		"albumId": 80,
		"albumName": "《良院专区》初信造就",
		"path": "https://rawcdn.githack.com/quiet324/LiangYouSchoolAlbum/1706053/mavnb/mavnb019.mp3",
		"id": 80888198
	},
	{
		"albumtitle": "《良院专区》初信造就(20)",
		"title": "读经（二）：圣经概论",
		"duration": 1760,
        "size": "3.5M",
		"albumId": 80,
		"albumName": "《良院专区》初信造就",
		"path": "https://rawcdn.githack.com/quiet324/LiangYouSchoolAlbum/1706053/mavnb/mavnb020.mp3",
		"id": 80888199
	},
	{
		"albumtitle": "《良院专区》初信造就(21)",
		"title": "基督化的生活",
		"duration": 1760,
        "size": "3.5M",
		"albumId": 80,
		"albumName": "《良院专区》初信造就",
		"path": "https://rawcdn.githack.com/quiet324/LiangYouSchoolAlbum/1706053/mavnb/mavnb021.mp3",
		"id": 80888200
	},
	{
		"albumtitle": "《良院专区》初信造就(22)",
		"title": "访谈",
		"duration": 1760,
        "size": "3.5M",
		"albumId": 80,
		"albumName": "《良院专区》初信造就",
		"path": "https://rawcdn.githack.com/quiet324/LiangYouSchoolAlbum/1706053/mavnb/mavnb022.mp3",
		"id": 80888201
	},
	{
		"albumtitle": "《良院专区》初信造就(23)",
		"title": "访谈",
		"duration": 1760,
        "size": "3.5M",
		"albumId": 80,
		"albumName": "《良院专区》初信造就",
		"path": "https://rawcdn.githack.com/quiet324/LiangYouSchoolAlbum/1706053/mavnb/mavnb023.mp3",
		"id": 80888202
	},
	{
		"albumtitle": "《良院专区》初信造就(24)",
		"title": "访谈",
		"duration": 1760,
        "size": "3.5M",
		"albumId": 80,
		"albumName": "《良院专区》初信造就",
		"path": "https://rawcdn.githack.com/quiet324/LiangYouSchoolAlbum/1706053/mavnb/mavnb024.mp3",
		"id": 80888203
	}
]