[
	{
		"albumtitle": "《良院专区》先知书 II(01)",
		"title": "耶利米書（一）",
		"duration": 1760,
		"size": "3.5M",
		"albumId": 176,
		"albumName": "《良院专区》先知书 II",
		"path": "https://rawcdn.githack.com/quiet324/LiangYouSchoolAlbum13/1706052/mavor/mavor001.mp3",
		"id": 176888180
	},
	{
		"albumtitle": "《良院专区》先知书 II(02)",
		"title": "耶利米書（二）",
		"duration": 1760,
		"size": "3.5M",
		"albumId": 176,
		"albumName": "《良院专区》先知书 II",
		"path": "https://rawcdn.githack.com/quiet324/LiangYouSchoolAlbum13/1706052/mavor/mavor002.mp3",
		"id": 176888181
	},
	{
		"albumtitle": "《良院专区》先知书 II(03)",
		"title": "耶利米書（三）",
		"duration": 1760,
		"size": "3.5M",
		"albumId": 176,
		"albumName": "《良院专区》先知书 II",
		"path": "https://rawcdn.githack.com/quiet324/LiangYouSchoolAlbum13/1706052/mavor/mavor003.mp3",
		"id": 176888182
	},
	{
		"albumtitle": "《良院专区》先知书 II(04)",
		"title": "耶利米書（四）",
		"duration": 1760,
		"size": "3.5M",
		"albumId": 176,
		"albumName": "《良院专区》先知书 II",
		"path": "https://rawcdn.githack.com/quiet324/LiangYouSchoolAlbum13/1706052/mavor/mavor004.mp3",
		"id": 176888183
	},
	{
		"albumtitle": "《良院专区》先知书 II(05)",
		"title": "耶利米書（五）",
		"duration": 1760,
		"size": "3.5M",
		"albumId": 176,
		"albumName": "《良院专区》先知书 II",
		"path": "https://rawcdn.githack.com/quiet324/LiangYouSchoolAlbum13/1706052/mavor/mavor005.mp3",
		"id": 176888184
	},
	{
		"albumtitle": "《良院专区》先知书 II(06)",
		"title": "耶利米書（六）",
		"duration": 1760,
		"size": "3.5M",
		"albumId": 176,
		"albumName": "《良院专区》先知书 II",
		"path": "https://rawcdn.githack.com/quiet324/LiangYouSchoolAlbum13/1706052/mavor/mavor006.mp3",
		"id": 176888185
	}
,
	{
		"albumtitle": "《良院专区》先知书 II(07)",
		"title": "耶利米哀歌（一）",
		"duration": 1760,
		"size": "3.5M",
		"albumId": 176,
		"albumName": "《良院专区》先知书 II",
		"path": "https://rawcdn.githack.com/quiet324/LiangYouSchoolAlbum13/1706052/mavor/mavor007.mp3",
		"id": 176888186
	},
	{
		"albumtitle": "《良院专区》先知书 II(08)",
		"title": "耶利米哀歌（二）",
		"duration": 1760,
		"size": "3.5M",
		"albumId": 176,
		"albumName": "《良院专区》先知书 II",
		"path": "https://rawcdn.githack.com/quiet324/LiangYouSchoolAlbum13/1706052/mavor/mavor008.mp3",
		"id": 176888187
	},
	{
		"albumtitle": "《良院专区》先知书 II(09)",
		"title": "耶利米哀歌（三）",
		"duration": 1760,
		"size": "3.5M",
		"albumId": 176,
		"albumName": "《良院专区》先知书 II",
		"path": "https://rawcdn.githack.com/quiet324/LiangYouSchoolAlbum13/1706052/mavor/mavor009.mp3",
		"id": 176888188
	},
	{
		"albumtitle": "《良院专区》先知书 II(10)",
		"title": "哈巴谷書（一）",
		"duration": 1760,
		"size": "3.5M",
		"albumId": 176,
		"albumName": "《良院专区》先知书 II",
		"path": "https://rawcdn.githack.com/quiet324/LiangYouSchoolAlbum13/1706052/mavor/mavor010.mp3",
		"id": 176888189
	},
	{
		"albumtitle": "《良院专区》先知书 II(11)",
		"title": "哈巴谷書（二）",
		"duration": 1760,
		"size": "3.5M",
		"albumId": 176,
		"albumName": "《良院专区》先知书 II",
		"path": "https://rawcdn.githack.com/quiet324/LiangYouSchoolAlbum13/1706052/mavor/mavor011.mp3",
		"id": 176888190
	},
	{
		"albumtitle": "《良院专区》先知书 II(12)",
		"title": "以西結書（一）",
		"duration": 1760,
		"size": "3.5M",
		"albumId": 176,
		"albumName": "《良院专区》先知书 II",
		"path": "https://rawcdn.githack.com/quiet324/LiangYouSchoolAlbum13/1706052/mavor/mavor012.mp3",
		"id": 176888191
	},
	{
		"albumtitle": "《良院专区》先知书 II(13)",
		"title": "以西結書（二）",
		"duration": 1760,
		"size": "3.5M",
		"albumId": 176,
		"albumName": "《良院专区》先知书 II",
		"path": "https://rawcdn.githack.com/quiet324/LiangYouSchoolAlbum13/1706052/mavor/mavor013.mp3",
		"id": 176888192
	},
	{
		"albumtitle": "《良院专区》先知书 II(14)",
		"title": "以西結書（三）",
		"duration": 1760,
		"size": "3.5M",
		"albumId": 176,
		"albumName": "《良院专区》先知书 II",
		"path": "https://rawcdn.githack.com/quiet324/LiangYouSchoolAlbum13/1706052/mavor/mavor014.mp3",
		"id": 176888193
	},
	{
		"albumtitle": "《良院专区》先知书 II(15)",
		"title": "以西結書（四）",
		"duration": 1760,
		"size": "3.5M",
		"albumId": 176,
		"albumName": "《良院专区》先知书 II",
		"path": "https://rawcdn.githack.com/quiet324/LiangYouSchoolAlbum13/1706052/mavor/mavor015.mp3",
		"id": 176888194
	},
	{
		"albumtitle": "《良院专区》先知书 II(16)",
		"title": "以西結書（五）",
		"duration": 1760,
		"size": "3.5M",
		"albumId": 176,
		"albumName": "《良院专区》先知书 II",
		"path": "https://rawcdn.githack.com/quiet324/LiangYouSchoolAlbum13/1706052/mavor/mavor016.mp3",
		"id": 176888195
	}
,
	{
		"albumtitle": "《良院专区》先知书 II(17)",
		"title": "但以理書（一）",
		"duration": 1760,
		"size": "3.5M",
		"albumId": 176,
		"albumName": "《良院专区》先知书 II",
		"path": "https://rawcdn.githack.com/quiet324/LiangYouSchoolAlbum13/1706052/mavor/mavor017.mp3",
		"id": 176888196
	},
	{
		"albumtitle": "《良院专区》先知书 II(18)",
		"title": "但以理書（二）",
		"duration": 1760,
		"size": "3.5M",
		"albumId": 176,
		"albumName": "《良院专区》先知书 II",
		"path": "https://rawcdn.githack.com/quiet324/LiangYouSchoolAlbum13/1706052/mavor/mavor018.mp3",
		"id": 176888197
	},
	{
		"albumtitle": "《良院专区》先知书 II(19)",
		"title": "但以理書（三）",
		"duration": 1760,
		"size": "3.5M",
		"albumId": 176,
		"albumName": "《良院专区》先知书 II",
		"path": "https://rawcdn.githack.com/quiet324/LiangYouSchoolAlbum13/1706052/mavor/mavor019.mp3",
		"id": 176888198
	},
	{
		"albumtitle": "《良院专区》先知书 II(20)",
		"title": "但以理書（四）",
		"duration": 1760,
		"size": "3.5M",
		"albumId": 176,
		"albumName": "《良院专区》先知书 II",
		"path": "https://rawcdn.githack.com/quiet324/LiangYouSchoolAlbum13/1706052/mavor/mavor020.mp3",
		"id": 176888199
	},
	{
		"albumtitle": "《良院专区》先知书 II(21)",
		"title": "哈該書（一）",
		"duration": 1760,
		"size": "3.5M",
		"albumId": 176,
		"albumName": "《良院专区》先知书 II",
		"path": "https://rawcdn.githack.com/quiet324/LiangYouSchoolAlbum13/1706052/mavor/mavor021.mp3",
		"id": 176888200
	},
	{
		"albumtitle": "《良院专区》先知书 II(22)",
		"title": "哈該書（二）",
		"duration": 1760,
		"size": "3.5M",
		"albumId": 176,
		"albumName": "《良院专区》先知书 II",
		"path": "https://rawcdn.githack.com/quiet324/LiangYouSchoolAlbum13/1706052/mavor/mavor022.mp3",
		"id": 176888201
	},
	{
		"albumtitle": "《良院专区》先知书 II(23)",
		"title": "哈該書（三）",
		"duration": 1760,
		"size": "3.5M",
		"albumId": 176,
		"albumName": "《良院专区》先知书 II",
		"path": "https://rawcdn.githack.com/quiet324/LiangYouSchoolAlbum13/1706052/mavor/mavor023.mp3",
		"id": 176888202
	},
	{
		"albumtitle": "《良院专区》先知书 II(24)",
		"title": "撒迦利亞書（一）",
		"duration": 1760,
		"size": "3.5M",
		"albumId": 176,
		"albumName": "《良院专区》先知书 II",
		"path": "https://rawcdn.githack.com/quiet324/LiangYouSchoolAlbum13/1706052/mavor/mavor024.mp3",
		"id": 176888203
	}
,
	{
		"albumtitle": "《良院专区》先知书 II(25)",
		"title": "撒迦利亞書（二）",
		"duration": 1760,
		"size": "3.5M",
		"albumId": 176,
		"albumName": "《良院专区》先知书 II",
		"path": "https://rawcdn.githack.com/quiet324/LiangYouSchoolAlbum13/1706052/mavor/mavor025.mp3",
		"id": 176888204
	}
,
	{
		"albumtitle": "《良院专区》先知书 II(26)",
		"title": "撒迦利亞書（三）",
		"duration": 1760,
		"size": "3.5M",
		"albumId": 176,
		"albumName": "《良院专区》先知书 II",
		"path": "https://rawcdn.githack.com/quiet324/LiangYouSchoolAlbum13/1706052/mavor/mavor026.mp3",
		"id": 176888205
	}
,
	{
		"albumtitle": "《良院专区》先知书 II(27)",
		"title": "撒迦利亞書（四）",
		"duration": 1760,
		"size": "3.5M",
		"albumId": 176,
		"albumName": "《良院专区》先知书 II",
		"path": "https://rawcdn.githack.com/quiet324/LiangYouSchoolAlbum13/1706052/mavor/mavor027.mp3",
		"id": 176888206
	}
,
	{
		"albumtitle": "《良院专区》先知书 II(28)",
		"title": "瑪拉基書（一）",
		"duration": 1760,
		"size": "3.5M",
		"albumId": 176,
		"albumName": "《良院专区》先知书 II",
		"path": "https://rawcdn.githack.com/quiet324/LiangYouSchoolAlbum13/1706052/mavor/mavor028.mp3",
		"id": 176888207
	}
,
	{
		"albumtitle": "《良院专区》先知书 II(29)",
		"title": "瑪拉基書（二）",
		"duration": 1760,
		"size": "3.5M",
		"albumId": 176,
		"albumName": "《良院专区》先知书 II",
		"path": "https://rawcdn.githack.com/quiet324/LiangYouSchoolAlbum13/1706052/mavor/mavor029.mp3",
		"id": 176888208
	}
,
	{
		"albumtitle": "《良院专区》先知书 II(30)",
		"title": "總複習",
		"duration": 1760,
		"size": "3.5M",
		"albumId": 176,
		"albumName": "《良院专区》先知书 II",
		"path": "https://rawcdn.githack.com/quiet324/LiangYouSchoolAlbum13/1706052/mavor/mavor030.mp3",
		"id": 176888209
	}

]