[
	{
		"albumtitle": "《良院专区》本土差传(01)",
		"title": "大使命的再思",
		"duration": 1760,
        "size": "3.5M",
		"albumId": 112,
		"albumName": "《良院专区》本土差传",
		"path": "https://rawcdn.githack.com/quiet324/LiangYouSchoolAlbum3/17060510/mavom/mavom001.mp3",
		"id": 112888180
	},
	{
		"albumtitle": "《良院专区》本土差传(02)",
		"title": "不同角度看差傳",
		"duration": 1760,
        "size": "3.5M",
		"albumId": 112,
		"albumName": "《良院专区》本土差传",
		"path": "https://rawcdn.githack.com/quiet324/LiangYouSchoolAlbum3/17060510/mavom/mavom002.mp3",
		"id": 112888181
	},
	{
		"albumtitle": "《良院专区》本土差传(03)",
		"title": "從歷史看本土差傳",
		"duration": 1760,
        "size": "3.5M",
		"albumId": 112,
		"albumName": "《良院专区》本土差传",
		"path": "https://rawcdn.githack.com/quiet324/LiangYouSchoolAlbum3/17060510/mavom/mavom003.mp3",
		"id": 112888182
	},
	{
		"albumtitle": "《良院专区》本土差传(04)",
		"title": "本土差傳的努力和優點",
		"duration": 1760,
        "size": "3.5M",
		"albumId": 112,
		"albumName": "《良院专区》本土差传",
		"path": "https://rawcdn.githack.com/quiet324/LiangYouSchoolAlbum3/17060510/mavom/mavom004.mp3",
		"id": 112888183
	},
	{
		"albumtitle": "《良院专区》本土差传(05)",
		"title": "本土差傳的教會",
		"duration": 1760,
        "size": "3.5M",
		"albumId": 112,
		"albumName": "《良院专区》本土差传",
		"path": "https://rawcdn.githack.com/quiet324/LiangYouSchoolAlbum3/17060510/mavom/mavom005.mp3",
		"id": 112888184
	},
	{
		"albumtitle": "《良院专区》本土差传(06)",
		"title": "教會如何參與本土差傳",
		"duration": 1760,
        "size": "3.5M",
		"albumId": 112,
		"albumName": "《良院专区》本土差传",
		"path": "https://rawcdn.githack.com/quiet324/LiangYouSchoolAlbum3/17060510/mavom/mavom006.mp3",
		"id": 112888185
	}
,
	{
		"albumtitle": "《良院专区》本土差传(07)",
		"title": "本土差傳的工人（一）",
		"duration": 1760,
        "size": "3.5M",
		"albumId": 112,
		"albumName": "《良院专区》本土差传",
		"path": "https://rawcdn.githack.com/quiet324/LiangYouSchoolAlbum3/17060510/mavom/mavom007.mp3",
		"id": 112888186
	},
	{
		"albumtitle": "《良院专区》本土差传(08)",
		"title": "本土差傳的工人（二）",
		"duration": 1760,
        "size": "3.5M",
		"albumId": 112,
		"albumName": "《良院专区》本土差传",
		"path": "https://rawcdn.githack.com/quiet324/LiangYouSchoolAlbum3/17060510/mavom/mavom008.mp3",
		"id": 112888187
	},
	{
		"albumtitle": "《良院专区》本土差传(09)",
		"title": "本土差傳的對象",
		"duration": 1760,
        "size": "3.5M",
		"albumId": 112,
		"albumName": "《良院专区》本土差传",
		"path": "https://rawcdn.githack.com/quiet324/LiangYouSchoolAlbum3/17060510/mavom/mavom009.mp3",
		"id": 112888188
	},
	{
		"albumtitle": "《良院专区》本土差传(10)",
		"title": "本土差傳的可行方式（一）",
		"duration": 1760,
        "size": "3.5M",
		"albumId": 112,
		"albumName": "《良院专区》本土差传",
		"path": "https://rawcdn.githack.com/quiet324/LiangYouSchoolAlbum3/17060510/mavom/mavom010.mp3",
		"id": 112888189
	},
	{
		"albumtitle": "《良院专区》本土差传(11)",
		"title": "本土差傳的可行方式（二）",
		"duration": 1760,
        "size": "3.5M",
		"albumId": 112,
		"albumName": "《良院专区》本土差传",
		"path": "https://rawcdn.githack.com/quiet324/LiangYouSchoolAlbum3/17060510/mavom/mavom011.mp3",
		"id": 112888190
	},
	{
		"albumtitle": "《良院专区》本土差传(12)",
		"title": "本土差傳與保羅的四次旅行佈道（一）",
		"duration": 1760,
        "size": "3.5M",
		"albumId": 112,
		"albumName": "《良院专区》本土差传",
		"path": "https://rawcdn.githack.com/quiet324/LiangYouSchoolAlbum3/17060510/mavom/mavom012.mp3",
		"id": 112888191
	},
	{
		"albumtitle": "《良院专区》本土差传(13)",
		"title": "本土差傳與保羅的四次旅行佈道（二）",
		"duration": 1760,
        "size": "3.5M",
		"albumId": 112,
		"albumName": "《良院专区》本土差传",
		"path": "https://rawcdn.githack.com/quiet324/LiangYouSchoolAlbum3/17060510/mavom/mavom013.mp3",
		"id": 112888192
	},
	{
		"albumtitle": "《良院专区》本土差传(14)",
		"title": "本土差傳與保羅的四次旅行佈道（三）",
		"duration": 1760,
        "size": "3.5M",
		"albumId": 112,
		"albumName": "《良院专区》本土差传",
		"path": "https://rawcdn.githack.com/quiet324/LiangYouSchoolAlbum3/17060510/mavom/mavom014.mp3",
		"id": 112888193
	},
	{
		"albumtitle": "《良院专区》本土差传(15)",
		"title": "從使徒行傳看本土差傳的原則",
		"duration": 1760,
        "size": "3.5M",
		"albumId": 112,
		"albumName": "《良院专区》本土差传",
		"path": "https://rawcdn.githack.com/quiet324/LiangYouSchoolAlbum3/17060510/mavom/mavom015.mp3",
		"id": 112888194
	},
	{
		"albumtitle": "《良院专区》本土差传(16)",
		"title": "本土差傳與福音未及群體",
		"duration": 1760,
        "size": "3.5M",
		"albumId": 112,
		"albumName": "《良院专区》本土差传",
		"path": "https://rawcdn.githack.com/quiet324/LiangYouSchoolAlbum3/17060510/mavom/mavom016.mp3",
		"id": 112888195
	}
,
	{
		"albumtitle": "《良院专区》本土差传(17)",
		"title": "本土差傳與佈道",
		"duration": 1760,
        "size": "3.5M",
		"albumId": 112,
		"albumName": "《良院专区》本土差传",
		"path": "https://rawcdn.githack.com/quiet324/LiangYouSchoolAlbum3/17060510/mavom/mavom017.mp3",
		"id": 112888196
	},
	{
		"albumtitle": "《良院专区》本土差传(18)",
		"title": "本土差傳與植堂",
		"duration": 1760,
        "size": "3.5M",
		"albumId": 112,
		"albumName": "《良院专区》本土差传",
		"path": "https://rawcdn.githack.com/quiet324/LiangYouSchoolAlbum3/17060510/mavom/mavom018.mp3",
		"id": 112888197
	}
]