[
	{
		"albumtitle": "《良院专区》旧约综览(01)",
		"title": "舊約簡介",
		"duration": 1930,
		"size": "3.5M",
		"albumId": 193,
		"albumName": "《良院专区》旧约综览",
		"path": "https://rawcdn.githack.com/quiet324/LiangYouSchoolAlbum14/17060510/mavot/mavot001.mp3",
		"id": 193888180
	},
	{
		"albumtitle": "《良院专区》旧约综览(02)",
		"title": "摩西五經介紹：以色列民族的產生",
		"duration": 1930,
		"size": "3.5M",
		"albumId": 193,
		"albumName": "《良院专区》旧约综览",
		"path": "https://rawcdn.githack.com/quiet324/LiangYouSchoolAlbum14/17060510/mavot/mavot002.mp3",
		"id": 193888181
	},
	{
		"albumtitle": "《良院专区》旧约综览(03)",
		"title": "創世記：以色列民族列祖的故事",
		"duration": 1930,
		"size": "3.5M",
		"albumId": 193,
		"albumName": "《良院专区》旧约综览",
		"path": "https://rawcdn.githack.com/quiet324/LiangYouSchoolAlbum14/17060510/mavot/mavot003.mp3",
		"id": 193888182
	},
	{
		"albumtitle": "《良院专区》旧约综览(04)",
		"title": "出埃及記：神奇妙的救贖",
		"duration": 1930,
		"size": "3.5M",
		"albumId": 193,
		"albumName": "《良院专区》旧约综览",
		"path": "https://rawcdn.githack.com/quiet324/LiangYouSchoolAlbum14/17060510/mavot/mavot004.mp3",
		"id": 193888183
	},
	{
		"albumtitle": "《良院专区》旧约综览(05)",
		"title": "利未記：聖潔生活的指引",
		"duration": 1930,
		"size": "3.5M",
		"albumId": 193,
		"albumName": "《良院专区》旧约综览",
		"path": "https://rawcdn.githack.com/quiet324/LiangYouSchoolAlbum14/17060510/mavot/mavot005.mp3",
		"id": 193888184
	},
	{
		"albumtitle": "《良院专区》旧约综览(06)",
		"title": "民數記：曠野中的漂流",
		"duration": 1930,
		"size": "3.5M",
		"albumId": 193,
		"albumName": "《良院专区》旧约综览",
		"path": "https://rawcdn.githack.com/quiet324/LiangYouSchoolAlbum14/17060510/mavot/mavot006.mp3",
		"id": 193888185
	}
,
	{
		"albumtitle": "《良院专区》旧约综览(07)",
		"title": "申命記：聖約",
		"duration": 1930,
		"size": "3.5M",
		"albumId": 193,
		"albumName": "《良院专区》旧约综览",
		"path": "https://rawcdn.githack.com/quiet324/LiangYouSchoolAlbum14/17060510/mavot/mavot007.mp3",
		"id": 193888186
	},
	{
		"albumtitle": "《良院专区》旧约综览(08)",
		"title": "歷史書介紹：以色列國的歷史",
		"duration": 1930,
		"size": "3.5M",
		"albumId": 193,
		"albumName": "《良院专区》旧约综览",
		"path": "https://rawcdn.githack.com/quiet324/LiangYouSchoolAlbum14/17060510/mavot/mavot008.mp3",
		"id": 193888187
	},
	{
		"albumtitle": "《良院专区》旧约综览(09)",
		"title": "約書亞記：佔地和分地",
		"duration": 1930,
		"size": "3.5M",
		"albumId": 193,
		"albumName": "《良院专区》旧约综览",
		"path": "https://rawcdn.githack.com/quiet324/LiangYouSchoolAlbum14/17060510/mavot/mavot009.mp3",
		"id": 193888188
	},
	{
		"albumtitle": "《良院专区》旧约综览(10)",
		"title": "士師記和路得記：以色列的危機",
		"duration": 1930,
		"size": "3.5M",
		"albumId": 193,
		"albumName": "《良院专区》旧约综览",
		"path": "https://rawcdn.githack.com/quiet324/LiangYouSchoolAlbum14/17060510/mavot/mavot010.mp3",
		"id": 193888189
	},
	{
		"albumtitle": "《良院专区》旧约综览(11)",
		"title": "撒母耳記：君王的統治",
		"duration": 1930,
		"size": "3.5M",
		"albumId": 193,
		"albumName": "《良院专区》旧约综览",
		"path": "https://rawcdn.githack.com/quiet324/LiangYouSchoolAlbum14/17060510/mavot/mavot011.mp3",
		"id": 193888190
	},
	{
		"albumtitle": "《良院专区》旧约综览(12)",
		"title": "列王紀：以色列國的興衰",
		"duration": 1930,
		"size": "3.5M",
		"albumId": 193,
		"albumName": "《良院专区》旧约综览",
		"path": "https://rawcdn.githack.com/quiet324/LiangYouSchoolAlbum14/17060510/mavot/mavot012.mp3",
		"id": 193888191
	},
	{
		"albumtitle": "《良院专区》旧约综览(13)",
		"title": "歷代志：回顧歷史",
		"duration": 1930,
		"size": "3.5M",
		"albumId": 193,
		"albumName": "《良院专区》旧约综览",
		"path": "https://rawcdn.githack.com/quiet324/LiangYouSchoolAlbum14/17060510/mavot/mavot013.mp3",
		"id": 193888192
	},
	{
		"albumtitle": "《良院专区》旧约综览(14)",
		"title": "以斯拉記、尼希米記、以斯帖記：以色列的重建",
		"duration": 1930,
		"size": "3.5M",
		"albumId": 193,
		"albumName": "《良院专区》旧约综览",
		"path": "https://rawcdn.githack.com/quiet324/LiangYouSchoolAlbum14/17060510/mavot/mavot014.mp3",
		"id": 193888193
	},
	{
		"albumtitle": "《良院专区》旧约综览(15)",
		"title": "智慧書介紹：以色列民族的智慧文學",
		"duration": 1930,
		"size": "3.5M",
		"albumId": 193,
		"albumName": "《良院专区》旧约综览",
		"path": "https://rawcdn.githack.com/quiet324/LiangYouSchoolAlbum14/17060510/mavot/mavot015.mp3",
		"id": 193888194
	},
	{
		"albumtitle": "《良院专区》旧约综览(16)",
		"title": "約伯記：面對苦難的人",
		"duration": 1930,
		"size": "3.5M",
		"albumId": 193,
		"albumName": "《良院专区》旧约综览",
		"path": "https://rawcdn.githack.com/quiet324/LiangYouSchoolAlbum14/17060510/mavot/mavot016.mp3",
		"id": 193888195
	}
,
	{
		"albumtitle": "《良院专区》旧约综览(17)",
		"title": "詩篇：古代以色列的詩歌集",
		"duration": 1930,
		"size": "3.5M",
		"albumId": 193,
		"albumName": "《良院专区》旧约综览",
		"path": "https://rawcdn.githack.com/quiet324/LiangYouSchoolAlbum14/17060510/mavot/mavot017.mp3",
		"id": 193888196
	},
	{
		"albumtitle": "《良院专区》旧约综览(18)",
		"title": "箴言：智慧的忠告",
		"duration": 1930,
		"size": "3.5M",
		"albumId": 193,
		"albumName": "《良院专区》旧约综览",
		"path": "https://rawcdn.githack.com/quiet324/LiangYouSchoolAlbum14/17060510/mavot/mavot018.mp3",
		"id": 193888197
	},
	{
		"albumtitle": "《良院专区》旧约综览(19)",
		"title": "傳道書：以色列民的生活信仰",
		"duration": 1930,
		"size": "3.5M",
		"albumId": 193,
		"albumName": "《良院专区》旧约综览",
		"path": "https://rawcdn.githack.com/quiet324/LiangYouSchoolAlbum14/17060510/mavot/mavot019.mp3",
		"id": 193888198
	},
	{
		"albumtitle": "《良院专区》旧约综览(20)",
		"title": "雅歌：信仰生活的提醒",
		"duration": 1930,
		"size": "3.5M",
		"albumId": 193,
		"albumName": "《良院专区》旧约综览",
		"path": "https://rawcdn.githack.com/quiet324/LiangYouSchoolAlbum14/17060510/mavot/mavot020.mp3",
		"id": 193888199
	},
	{
		"albumtitle": "《良院专区》旧约综览(21)",
		"title": "先知書介紹：眾先知的呼聲",
		"duration": 1930,
		"size": "3.5M",
		"albumId": 193,
		"albumName": "《良院专区》旧约综览",
		"path": "https://rawcdn.githack.com/quiet324/LiangYouSchoolAlbum14/17060510/mavot/mavot021.mp3",
		"id": 193888200
	},
	{
		"albumtitle": "《良院专区》旧约综览(22)",
		"title": "以賽亞書 1－39 章：猶大宮廷的先知宣告列邦神諭",
		"duration": 1930,
		"size": "3.5M",
		"albumId": 193,
		"albumName": "《良院专区》旧约综览",
		"path": "https://rawcdn.githack.com/quiet324/LiangYouSchoolAlbum14/17060510/mavot/mavot022.mp3",
		"id": 193888201
	},
	{
		"albumtitle": "《良院专区》旧约综览(23)",
		"title": "以賽亞書 40－66 章：預言偉大的日子要來臨",
		"duration": 1930,
		"size": "3.5M",
		"albumId": 193,
		"albumName": "《良院专区》旧约综览",
		"path": "https://rawcdn.githack.com/quiet324/LiangYouSchoolAlbum14/17060510/mavot/mavot023.mp3",
		"id": 193888202
	},
	{
		"albumtitle": "《良院专区》旧约综览(24)",
		"title": "耶利米書和哀歌：面對呼召的掙扎及災禍來臨",
		"duration": 1930,
		"size": "3.5M",
		"albumId": 193,
		"albumName": "《良院专区》旧约综览",
		"path": "https://rawcdn.githack.com/quiet324/LiangYouSchoolAlbum14/17060510/mavot/mavot024.mp3",
		"id": 193888203
	}
,
	{
		"albumtitle": "《良院专区》旧约综览(25)",
		"title": "以西結書：艱難的歲月和振奮的未來",
		"duration": 1930,
		"size": "3.5M",
		"albumId": 193,
		"albumName": "《良院专区》旧约综览",
		"path": "https://rawcdn.githack.com/quiet324/LiangYouSchoolAlbum14/17060510/mavot/mavot025.mp3",
		"id": 193888204
	}
,
	{
		"albumtitle": "《良院专区》旧约综览(26)",
		"title": "但以理書：神的國度從今時直到永遠",
		"duration": 1930,
		"size": "3.5M",
		"albumId": 193,
		"albumName": "《良院专区》旧约综览",
		"path": "https://rawcdn.githack.com/quiet324/LiangYouSchoolAlbum14/17060510/mavot/mavot026.mp3",
		"id": 193888205
	}
,
	{
		"albumtitle": "《良院专区》旧约综览(27)",
		"title": "何西阿書、約珥書、阿摩司書：神的呼召和應許",
		"duration": 1930,
		"size": "3.5M",
		"albumId": 193,
		"albumName": "《良院专区》旧约综览",
		"path": "https://rawcdn.githack.com/quiet324/LiangYouSchoolAlbum14/17060510/mavot/mavot027.mp3",
		"id": 193888206
	}
,
	{
		"albumtitle": "《良院专区》旧约综览(28)",
		"title": "俄巴底亞書、約拿書、彌迦書、那鴻書、哈巴谷書、西番雅書：神對列邦的計劃",
		"duration": 1930,
		"size": "3.5M",
		"albumId": 193,
		"albumName": "《良院专区》旧约综览",
		"path": "https://rawcdn.githack.com/quiet324/LiangYouSchoolAlbum14/17060510/mavot/mavot028.mp3",
		"id": 193888207
	}
,
	{
		"albumtitle": "《良院专区》旧约综览(29)",
		"title": "哈該書、撒迦利亞書、瑪拉基書：重建以色列百姓",
		"duration": 1930,
		"size": "3.5M",
		"albumId": 193,
		"albumName": "《良院专区》旧约综览",
		"path": "https://rawcdn.githack.com/quiet324/LiangYouSchoolAlbum14/17060510/mavot/mavot029.mp3",
		"id": 193888208
	}
,
	{
		"albumtitle": "《良院专区》旧约综览(30)",
		"title": "舊約和新約的關係及舊約對信仰的貢獻",
		"duration": 1930,
		"size": "3.5M",
		"albumId": 193,
		"albumName": "《良院专区》旧约综览",
		"path": "https://rawcdn.githack.com/quiet324/LiangYouSchoolAlbum14/17060510/mavot/mavot030.mp3",
		"id": 193888209
	}

]