[
	{
		"albumtitle": "《良院专区》祷告生活(01)",
		"title": "祷告的再思（上）",
		"duration": 1760,
        "size": "3.5M",
		"albumId": 81,
		"albumName": "《良院专区》祷告生活",
		"path": "https://rawcdn.githack.com/quiet324/LiangYouSchoolAlbum/1706054/mavpii/mavpii001.mp3",
		"id": 81888180
	},
	{
		"albumtitle": "《良院专区》祷告生活(02)",
		"title": "祷告的再思（下）",
		"duration": 1760,
        "size": "3.5M",
		"albumId": 81,
		"albumName": "《良院专区》祷告生活",
		"path": "https://rawcdn.githack.com/quiet324/LiangYouSchoolAlbum/1706054/mavpii/mavpii002.mp3",
		"id": 81888181
	},
	{
		"albumtitle": "《良院专区》祷告生活(03)",
		"title": "像我这样",
		"duration": 1760,
        "size": "3.5M",
		"albumId": 81,
		"albumName": "《良院专区》祷告生活",
		"path": "https://rawcdn.githack.com/quiet324/LiangYouSchoolAlbum/1706054/mavpii/mavpii003.mp3",
		"id": 81888182
	},
	{
		"albumtitle": "《良院专区》祷告生活(04)",
		"title": "穿过黑夜",
		"duration": 1760,
        "size": "3.5M",
		"albumId": 81,
		"albumName": "《良院专区》祷告生活",
		"path": "https://rawcdn.githack.com/quiet324/LiangYouSchoolAlbum/1706054/mavpii/mavpii004.mp3",
		"id": 81888183
	},
	{
		"albumtitle": "《良院专区》祷告生活(05)",
		"title": "求你鉴察",
		"duration": 1760,
        "size": "3.5M",
		"albumId": 81,
		"albumName": "《良院专区》祷告生活",
		"path": "https://rawcdn.githack.com/quiet324/LiangYouSchoolAlbum/1706054/mavpii/mavpii005.mp3",
		"id": 81888184
	},
	{
		"albumtitle": "《良院专区》祷告生活(06)",
		"title": "让我哭泣",
		"duration": 1760,
        "size": "3.5M",
		"albumId": 81,
		"albumName": "《良院专区》祷告生活",
		"path": "https://rawcdn.githack.com/quiet324/LiangYouSchoolAlbum/1706054/mavpii/mavpii006.mp3",
		"id": 81888185
	}
,
	{
		"albumtitle": "《良院专区》祷告生活(07)",
		"title": "我愿顺服",
		"duration": 1760,
        "size": "3.5M",
		"albumId": 81,
		"albumName": "《良院专区》祷告生活",
		"path": "https://rawcdn.githack.com/quiet324/LiangYouSchoolAlbum/1706054/mavpii/mavpii007.mp3",
		"id": 81888186
	},
	{
		"albumtitle": "《良院专区》祷告生活(08)",
		"title": "陶造的手",
		"duration": 1760,
        "size": "3.5M",
		"albumId": 81,
		"albumName": "《良院专区》祷告生活",
		"path": "https://rawcdn.githack.com/quiet324/LiangYouSchoolAlbum/1706054/mavpii/mavpii008.mp3",
		"id": 81888187
	},
	{
		"albumtitle": "《良院专区》祷告生活(09)",
		"title": "与你立约",
		"duration": 1760,
        "size": "3.5M",
		"albumId": 81,
		"albumName": "《良院专区》祷告生活",
		"path": "https://rawcdn.githack.com/quiet324/LiangYouSchoolAlbum/1706054/mavpii/mavpii009.mp3",
		"id": 81888188
	},
	{
		"albumtitle": "《良院专区》祷告生活(10)",
		"title": "我敬拜你",
		"duration": 1760,
        "size": "3.5M",
		"albumId": 81,
		"albumName": "《良院专区》祷告生活",
		"path": "https://rawcdn.githack.com/quiet324/LiangYouSchoolAlbum/1706054/mavpii/mavpii010.mp3",
		"id": 81888189
	},
	{
		"albumtitle": "《良院专区》祷告生活(11)",
		"title": "安息主怀",
		"duration": 1760,
        "size": "3.5M",
		"albumId": 81,
		"albumName": "《良院专区》祷告生活",
		"path": "https://rawcdn.githack.com/quiet324/LiangYouSchoolAlbum/1706054/mavpii/mavpii011.mp3",
		"id": 81888190
	},
	{
		"albumtitle": "《良院专区》祷告生活(12)",
		"title": "不住交流",
		"duration": 1760,
        "size": "3.5M",
		"albumId": 81,
		"albumName": "《良院专区》祷告生活",
		"path": "https://rawcdn.githack.com/quiet324/LiangYouSchoolAlbum/1706054/mavpii/mavpii012.mp3",
		"id": 81888191
	},
	{
		"albumtitle": "《良院专区》祷告生活(13)",
		"title": "父子之间",
		"duration": 1760,
        "size": "3.5M",
		"albumId": 81,
		"albumName": "《良院专区》祷告生活",
		"path": "https://rawcdn.githack.com/quiet324/LiangYouSchoolAlbum/1706054/mavpii/mavpii013.mp3",
		"id": 81888192
	},
	{
		"albumtitle": "《良院专区》祷告生活(14)",
		"title": "默默思念",
		"duration": 1760,
        "size": "3.5M",
		"albumId": 81,
		"albumName": "《良院专区》祷告生活",
		"path": "https://rawcdn.githack.com/quiet324/LiangYouSchoolAlbum/1706054/mavpii/mavpii014.mp3",
		"id": 81888193
	},
	{
		"albumtitle": "《良院专区》祷告生活(15)",
		"title": "爱神集体",
		"duration": 1760,
        "size": "3.5M",
		"albumId": 81,
		"albumName": "《良院专区》祷告生活",
		"path": "https://rawcdn.githack.com/quiet324/LiangYouSchoolAlbum/1706054/mavpii/mavpii015.mp3",
		"id": 81888194
	},
	{
		"albumtitle": "《良院专区》祷告生活(16)",
		"title": "主的祷告",
		"duration": 1760,
        "size": "3.5M",
		"albumId": 81,
		"albumName": "《良院专区》祷告生活",
		"path": "https://rawcdn.githack.com/quiet324/LiangYouSchoolAlbum/1706054/mavpii/mavpii016.mp3",
		"id": 81888195
	}
,
	{
		"albumtitle": "《良院专区》祷告生活(17)",
		"title": "普普通通",
		"duration": 1760,
        "size": "3.5M",
		"albumId": 81,
		"albumName": "《良院专区》祷告生活",
		"path": "https://rawcdn.githack.com/quiet324/LiangYouSchoolAlbum/1706054/mavpii/mavpii017.mp3",
		"id": 81888196
	},
	{
		"albumtitle": "《良院专区》祷告生活(18)",
		"title": "恳求成就",
		"duration": 1760,
        "size": "3.5M",
		"albumId": 81,
		"albumName": "《良院专区》祷告生活",
		"path": "https://rawcdn.githack.com/quiet324/LiangYouSchoolAlbum/1706054/mavpii/mavpii018.mp3",
		"id": 81888197
	},
	{
		"albumtitle": "《良院专区》祷告生活(19)",
		"title": "代求的爱",
		"duration": 1760,
        "size": "3.5M",
		"albumId": 81,
		"albumName": "《良院专区》祷告生活",
		"path": "https://rawcdn.githack.com/quiet324/LiangYouSchoolAlbum/1706054/mavpii/mavpii019.mp3",
		"id": 81888198
	},
	{
		"albumtitle": "《良院专区》祷告生活(20)",
		"title": "求主医治",
		"duration": 1760,
        "size": "3.5M",
		"albumId": 81,
		"albumName": "《良院专区》祷告生活",
		"path": "https://rawcdn.githack.com/quiet324/LiangYouSchoolAlbum/1706054/mavpii/mavpii020.mp3",
		"id": 81888199
	},
	{
		"albumtitle": "《良院专区》祷告生活(21)",
		"title": "常经忧患",
		"duration": 1760,
        "size": "3.5M",
		"albumId": 81,
		"albumName": "《良院专区》祷告生活",
		"path": "https://rawcdn.githack.com/quiet324/LiangYouSchoolAlbum/1706054/mavpii/mavpii021.mp3",
		"id": 81888200
	},
	{
		"albumtitle": "《良院专区》祷告生活(22)",
		"title": "宽恕赦免",
		"duration": 1760,
        "size": "3.5M",
		"albumId": 81,
		"albumName": "《良院专区》祷告生活",
		"path": "https://rawcdn.githack.com/quiet324/LiangYouSchoolAlbum/1706054/mavpii/mavpii022.mp3",
		"id": 81888201
	},
	{
		"albumtitle": "《良院专区》祷告生活(23)",
		"title": "奉主圣名",
		"duration": 1760,
        "size": "3.5M",
		"albumId": 81,
		"albumName": "《良院专区》祷告生活",
		"path": "https://rawcdn.githack.com/quiet324/LiangYouSchoolAlbum/1706054/mavpii/mavpii023.mp3",
		"id": 81888202
	},
	{
		"albumtitle": "《良院专区》祷告生活(24)",
		"title": "总结：再次诚邀祷告",
		"duration": 1760,
        "size": "3.5M",
		"albumId": 81,
		"albumName": "《良院专区》祷告生活",
		"path": "https://rawcdn.githack.com/quiet324/LiangYouSchoolAlbum/1706054/mavpii/mavpii024.mp3",
		"id": 81888203
	}
]