[
	{
		"albumtitle": "《良院专区》教牧书信(01)",
		"title": "總覽－重要用字",
		"duration": 1760,
		"size": "7M",
		"albumId": 170,
		"albumName": "《良院专区》教牧书信",
		"path": "https://rawcdn.githack.com/quiet324/LiangYouSchoolAlbum11/1706058/mavps/mavps101.mp3",
		"id": 170888180
	},
	{
		"albumtitle": "《良院专区》教牧书信(02)",
		"title": "提多書：較長的引言（多 1：1－4）",
		"duration": 1760,
		"size": "7M",
		"albumId": 170,
		"albumName": "《良院专区》教牧书信",
		"path": "https://rawcdn.githack.com/quiet324/LiangYouSchoolAlbum11/1706058/mavps/mavps102.mp3",
		"id": 170888181
	},
	{
		"albumtitle": "《良院专区》教牧书信(03)",
		"title": "教牧書信人物",
		"duration": 1760,
		"size": "7M",
		"albumId": 170,
		"albumName": "《良院专区》教牧书信",
		"path": "https://rawcdn.githack.com/quiet324/LiangYouSchoolAlbum11/1706058/mavps/mavps103.mp3",
		"id": 170888182
	},
	{
		"albumtitle": "《良院专区》教牧书信(04)",
		"title": "提摩太前書：神的教會（提前 4：1－5）",
		"duration": 1760,
		"size": "7M",
		"albumId": 170,
		"albumName": "《良院专区》教牧书信",
		"path": "https://rawcdn.githack.com/quiet324/LiangYouSchoolAlbum11/1706058/mavps/mavps104.mp3",
		"id": 170888183
	},
	{
		"albumtitle": "《良院专区》教牧书信(05)",
		"title": "律法及神的命令（提前 1：3－17）",
		"duration": 1760,
		"size": "7M",
		"albumId": 170,
		"albumName": "《良院专区》教牧书信",
		"path": "https://rawcdn.githack.com/quiet324/LiangYouSchoolAlbum11/1706058/mavps/mavps105.mp3",
		"id": 170888184
	},
	{
		"albumtitle": "《良院专区》教牧书信(06)",
		"title": "丟掉良心與交給撒但（提前 1：18－20）",
		"duration": 1760,
		"size": "7M",
		"albumId": 170,
		"albumName": "《良院专区》教牧书信",
		"path": "https://rawcdn.githack.com/quiet324/LiangYouSchoolAlbum11/1706058/mavps/mavps106.mp3",
		"id": 170888185
	}
,
	{
		"albumtitle": "《良院专区》教牧书信(07)",
		"title": "吩咐禱告（提前 2：1－15）",
		"duration": 1760,
		"size": "7M",
		"albumId": 170,
		"albumName": "《良院专区》教牧书信",
		"path": "https://rawcdn.githack.com/quiet324/LiangYouSchoolAlbum11/1706058/mavps/mavps107.mp3",
		"id": 170888186
	},
	{
		"albumtitle": "《良院专区》教牧书信(08)",
		"title": "教會中的領袖（提前 3：1－16）",
		"duration": 1760,
		"size": "7M",
		"albumId": 170,
		"albumName": "《良院专区》教牧书信",
		"path": "https://rawcdn.githack.com/quiet324/LiangYouSchoolAlbum11/1706058/mavps/mavps108.mp3",
		"id": 170888187
	},
	{
		"albumtitle": "《良院专区》教牧书信(09)",
		"title": "信徒的榜樣（提前 4：6－16）",
		"duration": 1760,
		"size": "7M",
		"albumId": 170,
		"albumName": "《良院专区》教牧书信",
		"path": "https://rawcdn.githack.com/quiet324/LiangYouSchoolAlbum11/1706058/mavps/mavps109.mp3",
		"id": 170888188
	},
	{
		"albumtitle": "《良院专区》教牧书信(10)",
		"title": "教會中各等信徒（提前 5：1－16）",
		"duration": 1760,
		"size": "7M",
		"albumId": 170,
		"albumName": "《良院专区》教牧书信",
		"path": "https://rawcdn.githack.com/quiet324/LiangYouSchoolAlbum11/1706058/mavps/mavps110.mp3",
		"id": 170888189
	},
	{
		"albumtitle": "《良院专区》教牧书信(11)",
		"title": "生活的滿足：主僕、異端、知足（提前 6：1－8）",
		"duration": 1760,
		"size": "7M",
		"albumId": 170,
		"albumName": "《良院专区》教牧书信",
		"path": "https://rawcdn.githack.com/quiet324/LiangYouSchoolAlbum11/1706058/mavps/mavps111.mp3",
		"id": 170888190
	},
	{
		"albumtitle": "《良院专区》教牧书信(12)",
		"title": "生活的滿足：錢財、敬虔、見證（提前 6：9－16）",
		"duration": 1760,
		"size": "7M",
		"albumId": 170,
		"albumName": "《良院专区》教牧书信",
		"path": "https://rawcdn.githack.com/quiet324/LiangYouSchoolAlbum11/1706058/mavps/mavps112.mp3",
		"id": 170888191
	},
	{
		"albumtitle": "《良院专区》教牧书信(13)",
		"title": "生活的滿足：爭戰、根基、生命（提前 6：12－21）",
		"duration": 1760,
		"size": "7M",
		"albumId": 170,
		"albumName": "《良院专区》教牧书信",
		"path": "https://rawcdn.githack.com/quiet324/LiangYouSchoolAlbum11/1706058/mavps/mavps113.mp3",
		"id": 170888192
	},
	{
		"albumtitle": "《良院专区》教牧书信(14)",
		"title": "提摩太后書：神的僕人（提后 1：1－7）",
		"duration": 1760,
		"size": "7M",
		"albumId": 170,
		"albumName": "《良院专区》教牧书信",
		"path": "https://rawcdn.githack.com/quiet324/LiangYouSchoolAlbum11/1706058/mavps/mavps114.mp3",
		"id": 170888193
	},
	{
		"albumtitle": "《良院专区》教牧书信(15)",
		"title": "持守善道（提后 1：13－14，2：9－13，3：15－17）",
		"duration": 1760,
		"size": "7M",
		"albumId": 170,
		"albumName": "《良院专区》教牧书信",
		"path": "https://rawcdn.githack.com/quiet324/LiangYouSchoolAlbum11/1706058/mavps/mavps115.mp3",
		"id": 170888194
	},
	{
		"albumtitle": "《良院专区》教牧书信(16)",
		"title": "為主受苦（提后 1：8－14）",
		"duration": 1760,
		"size": "7M",
		"albumId": 170,
		"albumName": "《良院专区》教牧书信",
		"path": "https://rawcdn.githack.com/quiet324/LiangYouSchoolAlbum11/1706058/mavps/mavps116.mp3",
		"id": 170888195
	}
,
	{
		"albumtitle": "《良院专区》教牧书信(17)",
		"title": "按正意講道（提后 2：15）",
		"duration": 1760,
		"size": "7M",
		"albumId": 170,
		"albumName": "《良院专区》教牧书信",
		"path": "https://rawcdn.githack.com/quiet324/LiangYouSchoolAlbum11/1706058/mavps/mavps117.mp3",
		"id": 170888196
	},
	{
		"albumtitle": "《良院专区》教牧书信(18)",
		"title": "背道的危險（提后 3：1－8） ",
		"duration": 1760,
		"size": "7M",
		"albumId": 170,
		"albumName": "《良院专区》教牧书信",
		"path": "https://rawcdn.githack.com/quiet324/LiangYouSchoolAlbum11/1706058/mavps/mavps118.mp3",
		"id": 170888197
	},
	{
		"albumtitle": "《良院专区》教牧书信(19)",
		"title": "專一傳道（提后 4：1－2）",
		"duration": 1760,
		"size": "7M",
		"albumId": 170,
		"albumName": "《良院专区》教牧书信",
		"path": "https://rawcdn.githack.com/quiet324/LiangYouSchoolAlbum11/1706058/mavps/mavps119.mp3",
		"id": 170888198
	},
	{
		"albumtitle": "《良院专区》教牧书信(20)",
		"title": "提多書：神的信徒（多 3：1－2）",
		"duration": 1760,
		"size": "7M",
		"albumId": 170,
		"albumName": "《良院专区》教牧书信",
		"path": "https://rawcdn.githack.com/quiet324/LiangYouSchoolAlbum11/1706058/mavps/mavps120.mp3",
		"id": 170888199
	},
	{
		"albumtitle": "《良院专区》教牧书信(21)",
		"title": "反面圖畫：污穢與謊言（多 1：10－16，3：10－11）",
		"duration": 1760,
		"size": "7M",
		"albumId": 170,
		"albumName": "《良院专区》教牧书信",
		"path": "https://rawcdn.githack.com/quiet324/LiangYouSchoolAlbum11/1706058/mavps/mavps121.mp3",
		"id": 170888200
	},
	{
		"albumtitle": "《良院专区》教牧书信(22)",
		"title": "正面圖畫：敬虔與行善（多 2：14－15）",
		"duration": 1760,
		"size": "7M",
		"albumId": 170,
		"albumName": "《良院专区》教牧书信",
		"path": "https://rawcdn.githack.com/quiet324/LiangYouSchoolAlbum11/1706058/mavps/mavps122.mp3",
		"id": 170888201
	},
	{
		"albumtitle": "《良院专区》教牧书信(23)",
		"title": "順服掌權者的見證（多 3：1－2）",
		"duration": 1760,
		"size": "7M",
		"albumId": 170,
		"albumName": "《良院专区》教牧书信",
		"path": "https://rawcdn.githack.com/quiet324/LiangYouSchoolAlbum11/1706058/mavps/mavps123.mp3",
		"id": 170888202
	},
	{
		"albumtitle": "《良院专区》教牧书信(24)",
		"title": "保羅的隊工（多 3：14－15）",
		"duration": 1760,
		"size": "7M",
		"albumId": 170,
		"albumName": "《良院专区》教牧书信",
		"path": "https://rawcdn.githack.com/quiet324/LiangYouSchoolAlbum11/1706058/mavps/mavps124.mp3",
		"id": 170888203
	}
]