[
	{
		"albumtitle": "《良院专区》事奉装备(01)",
		"title": "基督是主－蒙召與跟隨",
		"duration": 1760,
        "size": "7M",
		"albumId": 103,
		"albumName": "《良院专区》事奉装备",
		"path": "https://rawcdn.githack.com/quiet324/LiangYouSchoolAlbum3/170605/mavpr/mavpr001.mp3",
		"id": 103888180
	},
	{
		"albumtitle": "《良院专区》事奉装备(02)",
		"title": "基督是主－不能丟棄的教訓",
		"duration": 1760,
        "size": "7M",
		"albumId": 103,
		"albumName": "《良院专区》事奉装备",
		"path": "https://rawcdn.githack.com/quiet324/LiangYouSchoolAlbum3/170605/mavpr/mavpr002.mp3",
		"id": 103888181
	},
	{
		"albumtitle": "《良院专区》事奉装备(03)",
		"title": "靈命操練－救恩的確據",
		"duration": 1760,
        "size": "7M",
		"albumId": 103,
		"albumName": "《良院专区》事奉装备",
		"path": "https://rawcdn.githack.com/quiet324/LiangYouSchoolAlbum3/170605/mavpr/mavpr003.mp3",
		"id": 103888182
	},
	{
		"albumtitle": "《良院专区》事奉装备(04)",
		"title": "靈命操練－一生的讀經與靈修",
		"duration": 1760,
        "size": "7M",
		"albumId": 103,
		"albumName": "《良院专区》事奉装备",
		"path": "https://rawcdn.githack.com/quiet324/LiangYouSchoolAlbum3/170605/mavpr/mavpr004.mp3",
		"id": 103888183
	},
	{
		"albumtitle": "《良院专区》事奉装备(05)",
		"title": "靈命操練－傳福音",
		"duration": 1760,
        "size": "7M",
		"albumId": 103,
		"albumName": "《良院专区》事奉装备",
		"path": "https://rawcdn.githack.com/quiet324/LiangYouSchoolAlbum3/170605/mavpr/mavpr005.mp3",
		"id": 103888184
	},
	{
		"albumtitle": "《良院专区》事奉装备(06)",
		"title": "聖潔的神－神是聖潔的",
		"duration": 1760,
        "size": "7M",
		"albumId": 103,
		"albumName": "《良院专区》事奉装备",
		"path": "https://rawcdn.githack.com/quiet324/LiangYouSchoolAlbum3/170605/mavpr/mavpr006.mp3",
		"id": 103888185
	}
,
	{
		"albumtitle": "《良院专区》事奉装备(07)",
		"title": "分別為聖－價值觀重整",
		"duration": 1760,
        "size": "7M",
		"albumId": 103,
		"albumName": "《良院专区》事奉装备",
		"path": "https://rawcdn.githack.com/quiet324/LiangYouSchoolAlbum3/170605/mavpr/mavpr007.mp3",
		"id": 103888186
	},
	{
		"albumtitle": "《良院专区》事奉装备(08)",
		"title": "煉淨生命－認罪悔改",
		"duration": 1760,
        "size": "7M",
		"albumId": 103,
		"albumName": "《良院专区》事奉装备",
		"path": "https://rawcdn.githack.com/quiet324/LiangYouSchoolAlbum3/170605/mavpr/mavpr008.mp3",
		"id": 103888187
	},
	{
		"albumtitle": "《良院专区》事奉装备(09)",
		"title": "煉淨生命－得勝試探",
		"duration": 1760,
        "size": "7M",
		"albumId": 103,
		"albumName": "《良院专区》事奉装备",
		"path": "https://rawcdn.githack.com/quiet324/LiangYouSchoolAlbum3/170605/mavpr/mavpr009.mp3",
		"id": 103888188
	},
	{
		"albumtitle": "《良院专区》事奉装备(10)",
		"title": "煉淨生命－人際相處",
		"duration": 1760,
        "size": "7M",
		"albumId": 103,
		"albumName": "《良院专区》事奉装备",
		"path": "https://rawcdn.githack.com/quiet324/LiangYouSchoolAlbum3/170605/mavpr/mavpr010.mp3",
		"id": 103888189
	},
	{
		"albumtitle": "《良院专区》事奉装备(11)",
		"title": "傳道裝備－認識基督",
		"duration": 1760,
        "size": "7M",
		"albumId": 103,
		"albumName": "《良院专区》事奉装备",
		"path": "https://rawcdn.githack.com/quiet324/LiangYouSchoolAlbum3/170605/mavpr/mavpr011.mp3",
		"id": 103888190
	},
	{
		"albumtitle": "《良院专区》事奉装备(12)",
		"title": "紮根真道－聖經綜覽",
		"duration": 1760,
        "size": "7M",
		"albumId": 103,
		"albumName": "《良院专区》事奉装备",
		"path": "https://rawcdn.githack.com/quiet324/LiangYouSchoolAlbum3/170605/mavpr/mavpr012.mp3",
		"id": 103888191
	},
	{
		"albumtitle": "《良院专区》事奉装备(13)",
		"title": "基本研經（一）",
		"duration": 1760,
        "size": "7M",
		"albumId": 103,
		"albumName": "《良院专区》事奉装备",
		"path": "https://rawcdn.githack.com/quiet324/LiangYouSchoolAlbum3/170605/mavpr/mavpr013.mp3",
		"id": 103888192
	},
	{
		"albumtitle": "《良院专区》事奉装备(14)",
		"title": "基本研經（二）",
		"duration": 1760,
        "size": "7M",
		"albumId": 103,
		"albumName": "《良院专区》事奉装备",
		"path": "https://rawcdn.githack.com/quiet324/LiangYouSchoolAlbum3/170605/mavpr/mavpr014.mp3",
		"id": 103888193
	},
	{
		"albumtitle": "《良院专区》事奉装备(15)",
		"title": "傳道裝備－防備假道",
		"duration": 1760,
        "size": "7M",
		"albumId": 103,
		"albumName": "《良院专区》事奉装备",
		"path": "https://rawcdn.githack.com/quiet324/LiangYouSchoolAlbum3/170605/mavpr/mavpr015.mp3",
		"id": 103888194
	},
	{
		"albumtitle": "《良院专区》事奉装备(16)",
		"title": "呼召與使命",
		"duration": 1760,
        "size": "7M",
		"albumId": 103,
		"albumName": "《良院专区》事奉装备",
		"path": "https://rawcdn.githack.com/quiet324/LiangYouSchoolAlbum3/170605/mavpr/mavpr016.mp3",
		"id": 103888195
	}
,
	{
		"albumtitle": "《良院专区》事奉装备(17)",
		"title": "事奉的態度與原則",
		"duration": 1760,
        "size": "7M",
		"albumId": 103,
		"albumName": "《良院专区》事奉装备",
		"path": "https://rawcdn.githack.com/quiet324/LiangYouSchoolAlbum3/170605/mavpr/mavpr017.mp3",
		"id": 103888196
	},
	{
		"albumtitle": "《良院专区》事奉装备(18)",
		"title": "事奉的恩賜與風格",
		"duration": 1760,
        "size": "7M",
		"albumId": 103,
		"albumName": "《良院专区》事奉装备",
		"path": "https://rawcdn.githack.com/quiet324/LiangYouSchoolAlbum3/170605/mavpr/mavpr018.mp3",
		"id": 103888197
	},
	{
		"albumtitle": "《良院专区》事奉装备(19)",
		"title": "群體的見證",
		"duration": 1760,
        "size": "7M",
		"albumId": 103,
		"albumName": "《良院专区》事奉装备",
		"path": "https://rawcdn.githack.com/quiet324/LiangYouSchoolAlbum3/170605/mavpr/mavpr019.mp3",
		"id": 103888198
	},
	{
		"albumtitle": "《良院专区》事奉装备(20)",
		"title": "多元的宣教",
		"duration": 1760,
        "size": "7M",
		"albumId": 103,
		"albumName": "《良院专区》事奉装备",
		"path": "https://rawcdn.githack.com/quiet324/LiangYouSchoolAlbum3/170605/mavpr/mavpr020.mp3",
		"id": 103888199
	},
	{
		"albumtitle": "《良院专区》事奉装备(21)",
		"title": "學習方法",
		"duration": 1760,
        "size": "7M",
		"albumId": 103,
		"albumName": "《良院专区》事奉装备",
		"path": "https://rawcdn.githack.com/quiet324/LiangYouSchoolAlbum3/170605/mavpr/mavpr021.mp3",
		"id": 103888200
	},
	{
		"albumtitle": "《良院专区》事奉装备(22)",
		"title": "思考表達",
		"duration": 1760,
        "size": "7M",
		"albumId": 103,
		"albumName": "《良院专区》事奉装备",
		"path": "https://rawcdn.githack.com/quiet324/LiangYouSchoolAlbum3/170605/mavpr/mavpr022.mp3",
		"id": 103888201
	},
	{
		"albumtitle": "《良院专区》事奉装备(23)",
		"title": "閱讀與服侍",
		"duration": 1760,
        "size": "7M",
		"albumId": 103,
		"albumName": "《良院专区》事奉装备",
		"path": "https://rawcdn.githack.com/quiet324/LiangYouSchoolAlbum3/170605/mavpr/mavpr023.mp3",
		"id": 103888202
	},
	{
		"albumtitle": "《良院专区》事奉装备(24)",
		"title": "胸懷普世",
		"duration": 1760,
        "size": "7M",
		"albumId": 103,
		"albumName": "《良院专区》事奉装备",
		"path": "https://rawcdn.githack.com/quiet324/LiangYouSchoolAlbum3/170605/mavpr/mavpr024.mp3",
		"id": 103888203
	}
]