[
	{
		"albumtitle": "《良院专区》保罗书信 II(01)",
		"title": "以弗所書導論",
		"duration": 1760,
		"size": "3.5M",
		"albumId": 165,
		"albumName": "《良院专区》保罗书信 II",
		"path": "https://rawcdn.githack.com/quiet324/LiangYouSchoolAlbum11/1706053/mavpu/mavpu001.mp3",
		"id": 165888180
	},
	{
		"albumtitle": "《良院专区》保罗书信 II(02)",
		"title": "我們在基督裡的產業 弗 1－3 章",
		"duration": 1760,
		"size": "3.5M",
		"albumId": 165,
		"albumName": "《良院专区》保罗书信 II",
		"path": "https://rawcdn.githack.com/quiet324/LiangYouSchoolAlbum11/1706053/mavpu/mavpu002.mp3",
		"id": 165888181
	},
	{
		"albumtitle": "《良院专区》保罗书信 II(03)",
		"title": "基督徒的德行 弗 4：1 至 6：9",
		"duration": 1760,
		"size": "3.5M",
		"albumId": 165,
		"albumName": "《良院专区》保罗书信 II",
		"path": "https://rawcdn.githack.com/quiet324/LiangYouSchoolAlbum11/1706053/mavpu/mavpu003.mp3",
		"id": 165888182
	},
	{
		"albumtitle": "《良院专区》保罗书信 II(04)",
		"title": "屬靈爭戰與聖靈充滿 弗 5：18 至 6 章",
		"duration": 1760,
		"size": "3.5M",
		"albumId": 165,
		"albumName": "《良院专区》保罗书信 II",
		"path": "https://rawcdn.githack.com/quiet324/LiangYouSchoolAlbum11/1706053/mavpu/mavpu004.mp3",
		"id": 165888183
	},
	{
		"albumtitle": "《良院专区》保罗书信 II(05)",
		"title": "腓立比書導論",
		"duration": 1760,
		"size": "3.5M",
		"albumId": 165,
		"albumName": "《良院专区》保罗书信 II",
		"path": "https://rawcdn.githack.com/quiet324/LiangYouSchoolAlbum11/1706053/mavpu/mavpu005.mp3",
		"id": 165888184
	},
	{
		"albumtitle": "《良院专区》保罗书信 II(06)",
		"title": "基督是我們的生命 腓 1－2 章 ",
		"duration": 1760,
		"size": "3.5M",
		"albumId": 165,
		"albumName": "《良院专区》保罗书信 II",
		"path": "https://rawcdn.githack.com/quiet324/LiangYouSchoolAlbum11/1706053/mavpu/mavpu006.mp3",
		"id": 165888185
	}
,
	{
		"albumtitle": "《良院专区》保罗书信 II(07)",
		"title": "基督是我們的目標 腓 3：1 至 4：1 ",
		"duration": 1760,
		"size": "3.5M",
		"albumId": 165,
		"albumName": "《良院专区》保罗书信 II",
		"path": "https://rawcdn.githack.com/quiet324/LiangYouSchoolAlbum11/1706053/mavpu/mavpu007.mp3",
		"id": 165888186
	},
	{
		"albumtitle": "《良院专区》保罗书信 II(08)",
		"title": "基督是我們的滿足 腓 4：2－23 ",
		"duration": 1760,
		"size": "3.5M",
		"albumId": 165,
		"albumName": "《良院专区》保罗书信 II",
		"path": "https://rawcdn.githack.com/quiet324/LiangYouSchoolAlbum11/1706053/mavpu/mavpu008.mp3",
		"id": 165888187
	},
	{
		"albumtitle": "《良院专区》保罗书信 II(09)",
		"title": "歌羅西書導論",
		"duration": 1760,
		"size": "3.5M",
		"albumId": 165,
		"albumName": "《良院专区》保罗书信 II",
		"path": "https://rawcdn.githack.com/quiet324/LiangYouSchoolAlbum11/1706053/mavpu/mavpu009.mp3",
		"id": 165888188
	},
	{
		"albumtitle": "《良院专区》保罗书信 II(10)",
		"title": "真確的教義 西 1：3 至 2：3",
		"duration": 1760,
		"size": "3.5M",
		"albumId": 165,
		"albumName": "《良院专区》保罗书信 II",
		"path": "https://rawcdn.githack.com/quiet324/LiangYouSchoolAlbum11/1706053/mavpu/mavpu010.mp3",
		"id": 165888189
	},
	{
		"albumtitle": "《良院专区》保罗书信 II(11)",
		"title": "錯謬的教義 西 2：4 至 3：4",
		"duration": 1760,
		"size": "3.5M",
		"albumId": 165,
		"albumName": "《良院专区》保罗书信 II",
		"path": "https://rawcdn.githack.com/quiet324/LiangYouSchoolAlbum11/1706053/mavpu/mavpu011.mp3",
		"id": 165888190
	},
	{
		"albumtitle": "《良院专区》保罗书信 II(12)",
		"title": "基督徒的生活 西 3：5 至 4 章",
		"duration": 1760,
		"size": "3.5M",
		"albumId": 165,
		"albumName": "《良院专区》保罗书信 II",
		"path": "https://rawcdn.githack.com/quiet324/LiangYouSchoolAlbum11/1706053/mavpu/mavpu012.mp3",
		"id": 165888191
	},
	{
		"albumtitle": "《良院专区》保罗书信 II(13)",
		"title": "帖撒羅尼迦前書導論",
		"duration": 1760,
		"size": "3.5M",
		"albumId": 165,
		"albumName": "《良院专区》保罗书信 II",
		"path": "https://rawcdn.githack.com/quiet324/LiangYouSchoolAlbum11/1706053/mavpu/mavpu013.mp3",
		"id": 165888192
	},
	{
		"albumtitle": "《良院专区》保罗书信 II(14)",
		"title": "因信心所做的工夫 帖前 1：2 至 2：16",
		"duration": 1760,
		"size": "3.5M",
		"albumId": 165,
		"albumName": "《良院专区》保罗书信 II",
		"path": "https://rawcdn.githack.com/quiet324/LiangYouSchoolAlbum11/1706053/mavpu/mavpu014.mp3",
		"id": 165888193
	},
	{
		"albumtitle": "《良院专区》保罗书信 II(15)",
		"title": "因愛心所受的勞苦 帖前 2：17 至 4：12",
		"duration": 1760,
		"size": "3.5M",
		"albumId": 165,
		"albumName": "《良院专区》保罗书信 II",
		"path": "https://rawcdn.githack.com/quiet324/LiangYouSchoolAlbum11/1706053/mavpu/mavpu015.mp3",
		"id": 165888194
	},
	{
		"albumtitle": "《良院专区》保罗书信 II(16)",
		"title": "因盼望所存的忍耐 帖前 4：13 至 5 章",
		"duration": 1760,
		"size": "3.5M",
		"albumId": 165,
		"albumName": "《良院专区》保罗书信 II",
		"path": "https://rawcdn.githack.com/quiet324/LiangYouSchoolAlbum11/1706053/mavpu/mavpu016.mp3",
		"id": 165888195
	}
,
	{
		"albumtitle": "《良院专区》保罗书信 II(17)",
		"title": "帖撒羅尼迦后書導論",
		"duration": 1760,
		"size": "3.5M",
		"albumId": 165,
		"albumName": "《良院专区》保罗书信 II",
		"path": "https://rawcdn.githack.com/quiet324/LiangYouSchoolAlbum11/1706053/mavpu/mavpu017.mp3",
		"id": 165888196
	},
	{
		"albumtitle": "《良院专区》保罗书信 II(18)",
		"title": "論逼迫與主再來預言 帖后 1：1 至 2：12",
		"duration": 1760,
		"size": "3.5M",
		"albumId": 165,
		"albumName": "《良院专区》保罗书信 II",
		"path": "https://rawcdn.githack.com/quiet324/LiangYouSchoolAlbum11/1706053/mavpu/mavpu018.mp3",
		"id": 165888197
	},
	{
		"albumtitle": "《良院专区》保罗书信 II(19)",
		"title": "論現實生活 帖后 2：13 至 3 章",
		"duration": 1760,
		"size": "3.5M",
		"albumId": 165,
		"albumName": "《良院专区》保罗书信 II",
		"path": "https://rawcdn.githack.com/quiet324/LiangYouSchoolAlbum11/1706053/mavpu/mavpu019.mp3",
		"id": 165888198
	},
	{
		"albumtitle": "《良院专区》保罗书信 II(20)",
		"title": "提摩太前書導論",
		"duration": 1760,
		"size": "3.5M",
		"albumId": 165,
		"albumName": "《良院专区》保罗书信 II",
		"path": "https://rawcdn.githack.com/quiet324/LiangYouSchoolAlbum11/1706053/mavpu/mavpu020.mp3",
		"id": 165888199
	},
	{
		"albumtitle": "《良院专区》保罗书信 II(21)",
		"title": "純正教義 提前 1 章",
		"duration": 1760,
		"size": "3.5M",
		"albumId": 165,
		"albumName": "《良院专区》保罗书信 II",
		"path": "https://rawcdn.githack.com/quiet324/LiangYouSchoolAlbum11/1706053/mavpu/mavpu021.mp3",
		"id": 165888200
	},
	{
		"albumtitle": "《良院专区》保罗书信 II(22)",
		"title": "教會生活 提前 2：1 至 3：13",
		"duration": 1760,
		"size": "3.5M",
		"albumId": 165,
		"albumName": "《良院专区》保罗书信 II",
		"path": "https://rawcdn.githack.com/quiet324/LiangYouSchoolAlbum11/1706053/mavpu/mavpu022.mp3",
		"id": 165888201
	},
	{
		"albumtitle": "《良院专区》保罗书信 II(23)",
		"title": "慎防異端 提前 3：14 至 4 章",
		"duration": 1760,
		"size": "3.5M",
		"albumId": 165,
		"albumName": "《良院专区》保罗书信 II",
		"path": "https://rawcdn.githack.com/quiet324/LiangYouSchoolAlbum11/1706053/mavpu/mavpu023.mp3",
		"id": 165888202
	},
	{
		"albumtitle": "《良院专区》保罗书信 II(24)",
		"title": "教牧操守 提前 5－6 章 ",
		"duration": 1760,
		"size": "3.5M",
		"albumId": 165,
		"albumName": "《良院专区》保罗书信 II",
		"path": "https://rawcdn.githack.com/quiet324/LiangYouSchoolAlbum11/1706053/mavpu/mavpu024.mp3",
		"id": 165888203
	},
	{
		"albumtitle": "《良院专区》保罗书信 II(25)",
		"title": "提摩太后書導論",
		"duration": 1760,
		"size": "3.5M",
		"albumId": 165,
		"albumName": "《良院专区》保罗书信 II",
		"path": "https://rawcdn.githack.com/quiet324/LiangYouSchoolAlbum11/1706053/mavpu/mavpu025.mp3",
		"id": 165888204
	},
	{
		"albumtitle": "《良院专区》保罗书信 II(26)",
		"title": "事奉的根基 提后 1－2 章",
		"duration": 1760,
		"size": "3.5M",
		"albumId": 165,
		"albumName": "《良院专区》保罗书信 II",
		"path": "https://rawcdn.githack.com/quiet324/LiangYouSchoolAlbum11/1706053/mavpu/mavpu026.mp3",
		"id": 165888205
	},
	{
		"albumtitle": "《良院专区》保罗书信 II(27)",
		"title": "事奉的挑戰 提后 3－4 章",
		"duration": 1760,
		"size": "3.5M",
		"albumId": 165,
		"albumName": "《良院专区》保罗书信 II",
		"path": "https://rawcdn.githack.com/quiet324/LiangYouSchoolAlbum11/1706053/mavpu/mavpu027.mp3",
		"id": 165888206
	},
	{
		"albumtitle": "《良院专区》保罗书信 II(28)",
		"title": "提多書導論",
		"duration": 1760,
		"size": "3.5M",
		"albumId": 165,
		"albumName": "《良院专区》保罗书信 II",
		"path": "https://rawcdn.githack.com/quiet324/LiangYouSchoolAlbum11/1706053/mavpu/mavpu028.mp3",
		"id": 165888207
	},
	{
		"albumtitle": "《良院专区》保罗书信 II(29)",
		"title": "尊榮神的道 多 1－3 章",
		"duration": 1760,
		"size": "3.5M",
		"albumId": 165,
		"albumName": "《良院专区》保罗书信 II",
		"path": "https://rawcdn.githack.com/quiet324/LiangYouSchoolAlbum11/1706053/mavpu/mavpu029.mp3",
		"id": 165888208
	},
	{
		"albumtitle": "《良院专区》保罗书信 II(30)",
		"title": "腓利門書：懇求寬恕",
		"duration": 1760,
		"size": "3.5M",
		"albumId": 165,
		"albumName": "《良院专区》保罗书信 II",
		"path": "https://rawcdn.githack.com/quiet324/LiangYouSchoolAlbum11/1706053/mavpu/mavpu030.mp3",
		"id": 165888209
	}
]