[
	{
		"albumtitle": "《良院专区》团队事奉(01)",
		"title": "舊約中的團隊",
		"duration": 1760,
        "size": "3.5M",
		"albumId": 91,
		"albumName": "《良院专区》团队事奉",
		"path": "https://rawcdn.githack.com/quiet324/LiangYouSchoolAlbum2/1706054/mavsm/mavsm001.mp3",
		"id": 91888180
	},
	{
		"albumtitle": "《良院专区》团队事奉(02)",
		"title": "新約中的團隊",
		"duration": 1760,
        "size": "3.5M",
		"albumId": 91,
		"albumName": "《良院专区》团队事奉",
		"path": "https://rawcdn.githack.com/quiet324/LiangYouSchoolAlbum2/1706054/mavsm/mavsm002.mp3",
		"id": 91888181
	},
	{
		"albumtitle": "《良院专区》团队事奉(03)",
		"title": "異象使命",
		"duration": 1760,
        "size": "3.5M",
		"albumId": 91,
		"albumName": "《良院专区》团队事奉",
		"path": "https://rawcdn.githack.com/quiet324/LiangYouSchoolAlbum2/1706054/mavsm/mavsm003.mp3",
		"id": 91888182
	},
	{
		"albumtitle": "《良院专区》团队事奉(04)",
		"title": "主裡同心",
		"duration": 1760,
        "size": "3.5M",
		"albumId": 91,
		"albumName": "《良院专区》团队事奉",
		"path": "https://rawcdn.githack.com/quiet324/LiangYouSchoolAlbum2/1706054/mavsm/mavsm004.mp3",
		"id": 91888183
	},
	{
		"albumtitle": "《良院专区》团队事奉(05)",
		"title": "領導責任",
		"duration": 1760,
        "size": "3.5M",
		"albumId": 91,
		"albumName": "《良院专区》团队事奉",
		"path": "https://rawcdn.githack.com/quiet324/LiangYouSchoolAlbum2/1706054/mavsm/mavsm005.mp3",
		"id": 91888184
	},
	{
		"albumtitle": "《良院专区》团队事奉(06)",
		"title": "同工配搭",
		"duration": 1760,
        "size": "3.5M",
		"albumId": 91,
		"albumName": "《良院专区》团队事奉",
		"path": "https://rawcdn.githack.com/quiet324/LiangYouSchoolAlbum2/1706054/mavsm/mavsm006.mp3",
		"id": 91888185
	}
,
	{
		"albumtitle": "《良院专区》团队事奉(07)",
		"title": "選拔同工",
		"duration": 1760,
        "size": "3.5M",
		"albumId": 91,
		"albumName": "《良院专区》团队事奉",
		"path": "https://rawcdn.githack.com/quiet324/LiangYouSchoolAlbum2/1706054/mavsm/mavsm007.mp3",
		"id": 91888186
	},
	{
		"albumtitle": "《良院专区》团队事奉(08)",
		"title": "訓練同工",
		"duration": 1760,
        "size": "3.5M",
		"albumId": 91,
		"albumName": "《良院专区》团队事奉",
		"path": "https://rawcdn.githack.com/quiet324/LiangYouSchoolAlbum2/1706054/mavsm/mavsm008.mp3",
		"id": 91888187
	},
	{
		"albumtitle": "《良院专区》团队事奉(09)",
		"title": "屬靈素質",
		"duration": 1760,
        "size": "3.5M",
		"albumId": 91,
		"albumName": "《良院专区》团队事奉",
		"path": "https://rawcdn.githack.com/quiet324/LiangYouSchoolAlbum2/1706054/mavsm/mavsm009.mp3",
		"id": 91888188
	},
	{
		"albumtitle": "《良院专区》团队事奉(10)",
		"title": "紛爭調解",
		"duration": 1760,
        "size": "3.5M",
		"albumId": 91,
		"albumName": "《良院专区》团队事奉",
		"path": "https://rawcdn.githack.com/quiet324/LiangYouSchoolAlbum2/1706054/mavsm/mavsm010.mp3",
		"id": 91888189
	},
	{
		"albumtitle": "《良院专区》团队事奉(11)",
		"title": "行政團隊",
		"duration": 1760,
        "size": "3.5M",
		"albumId": 91,
		"albumName": "《良院专区》团队事奉",
		"path": "https://rawcdn.githack.com/quiet324/LiangYouSchoolAlbum2/1706054/mavsm/mavsm011.mp3",
		"id": 91888190
	},
	{
		"albumtitle": "《良院专区》团队事奉(12)",
		"title": "問責制度",
		"duration": 1760,
        "size": "3.5M",
		"albumId": 91,
		"albumName": "《良院专区》团队事奉",
		"path": "https://rawcdn.githack.com/quiet324/LiangYouSchoolAlbum2/1706054/mavsm/mavsm012.mp3",
		"id": 91888191
	},
	{
		"albumtitle": "《良院专区》团队事奉(13)",
		"title": "財務管理",
		"duration": 1760,
        "size": "3.5M",
		"albumId": 91,
		"albumName": "《良院专区》团队事奉",
		"path": "https://rawcdn.githack.com/quiet324/LiangYouSchoolAlbum2/1706054/mavsm/mavsm013.mp3",
		"id": 91888192
	},
	{
		"albumtitle": "《良院专区》团队事奉(14)",
		"title": "紀律處分",
		"duration": 1760,
        "size": "3.5M",
		"albumId": 91,
		"albumName": "《良院专区》团队事奉",
		"path": "https://rawcdn.githack.com/quiet324/LiangYouSchoolAlbum2/1706054/mavsm/mavsm014.mp3",
		"id": 91888193
	},
	{
		"albumtitle": "《良院专区》团队事奉(15)",
		"title": "誰是老闆",
		"duration": 1760,
        "size": "3.5M",
		"albumId": 91,
		"albumName": "《良院专区》团队事奉",
		"path": "https://rawcdn.githack.com/quiet324/LiangYouSchoolAlbum2/1706054/mavsm/mavsm015.mp3",
		"id": 91888194
	},
	{
		"albumtitle": "《良院专区》团队事奉(16)",
		"title": "頭羊的問題",
		"duration": 1760,
        "size": "3.5M",
		"albumId": 91,
		"albumName": "《良院专区》团队事奉",
		"path": "https://rawcdn.githack.com/quiet324/LiangYouSchoolAlbum2/1706054/mavsm/mavsm016.mp3",
		"id": 91888195
	}
,
	{
		"albumtitle": "《良院专区》团队事奉(17)",
		"title": "團契的事奉",
		"duration": 1760,
        "size": "3.5M",
		"albumId": 91,
		"albumName": "《良院专区》团队事奉",
		"path": "https://rawcdn.githack.com/quiet324/LiangYouSchoolAlbum2/1706054/mavsm/mavsm017.mp3",
		"id": 91888196
	},
	{
		"albumtitle": "《良院专区》团队事奉(18)",
		"title": "執事會的建立",
		"duration": 1760,
        "size": "3.5M",
		"albumId": 91,
		"albumName": "《良院专区》团队事奉",
		"path": "https://rawcdn.githack.com/quiet324/LiangYouSchoolAlbum2/1706054/mavsm/mavsm018.mp3",
		"id": 91888197
	}
]