[
	{
		"albumtitle": "《良院专区》单身事工(01)",
		"title": "單身事工的迫切性",
		"duration": 1760,
        "size": "7M",
		"albumId": 95,
		"albumName": "《良院专区》单身事工",
		"path": "https://rawcdn.githack.com/quiet324/LiangYouSchoolAlbum2/1706058/mavsy/mavsy001.mp3",
		"id": 95888180
	},
	{
		"albumtitle": "《良院专区》单身事工(02)",
		"title": "單身人士牧養之需要",
		"duration": 1760,
        "size": "7M",
		"albumId": 95,
		"albumName": "《良院专区》单身事工",
		"path": "https://rawcdn.githack.com/quiet324/LiangYouSchoolAlbum2/1706058/mavsy/mavsy002.mp3",
		"id": 95888181
	},
	{
		"albumtitle": "《良院专区》单身事工(03)",
		"title": "單身人士的壓力（一）",
		"duration": 1760,
        "size": "7M",
		"albumId": 95,
		"albumName": "《良院专区》单身事工",
		"path": "https://rawcdn.githack.com/quiet324/LiangYouSchoolAlbum2/1706058/mavsy/mavsy003.mp3",
		"id": 95888182
	},
	{
		"albumtitle": "《良院专区》单身事工(04)",
		"title": "單身人士的壓力（二）",
		"duration": 1760,
        "size": "7M",
		"albumId": 95,
		"albumName": "《良院专区》单身事工",
		"path": "https://rawcdn.githack.com/quiet324/LiangYouSchoolAlbum2/1706058/mavsy/mavsy004.mp3",
		"id": 95888183
	},
	{
		"albumtitle": "《良院专区》单身事工(05)",
		"title": "教會傳統看單身（一）",
		"duration": 1760,
        "size": "7M",
		"albumId": 95,
		"albumName": "《良院专区》单身事工",
		"path": "https://rawcdn.githack.com/quiet324/LiangYouSchoolAlbum2/1706058/mavsy/mavsy005.mp3",
		"id": 95888184
	},
	{
		"albumtitle": "《良院专区》单身事工(06)",
		"title": "教會傳統看單身（二）",
		"duration": 1760,
        "size": "7M",
		"albumId": 95,
		"albumName": "《良院专区》单身事工",
		"path": "https://rawcdn.githack.com/quiet324/LiangYouSchoolAlbum2/1706058/mavsy/mavsy006.mp3",
		"id": 95888185
	}
,
	{
		"albumtitle": "《良院专区》单身事工(07)",
		"title": "聖經看單身",
		"duration": 1760,
        "size": "7M",
		"albumId": 95,
		"albumName": "《良院专区》单身事工",
		"path": "https://rawcdn.githack.com/quiet324/LiangYouSchoolAlbum2/1706058/mavsy/mavsy007.mp3",
		"id": 95888186
	},
	{
		"albumtitle": "《良院专区》单身事工(08)",
		"title": "單身人士的迷思",
		"duration": 1760,
        "size": "7M",
		"albumId": 95,
		"albumName": "《良院专区》单身事工",
		"path": "https://rawcdn.githack.com/quiet324/LiangYouSchoolAlbum2/1706058/mavsy/mavsy008.mp3",
		"id": 95888187
	},
	{
		"albumtitle": "《良院专区》单身事工(09)",
		"title": "明白神旨意",
		"duration": 1760,
        "size": "7M",
		"albumId": 95,
		"albumName": "《良院专区》单身事工",
		"path": "https://rawcdn.githack.com/quiet324/LiangYouSchoolAlbum2/1706058/mavsy/mavsy009.mp3",
		"id": 95888188
	},
	{
		"albumtitle": "《良院专区》单身事工(10)",
		"title": "單身人士之挑戰（一）",
		"duration": 1760,
        "size": "7M",
		"albumId": 95,
		"albumName": "《良院专区》单身事工",
		"path": "https://rawcdn.githack.com/quiet324/LiangYouSchoolAlbum2/1706058/mavsy/mavsy010.mp3",
		"id": 95888189
	},
	{
		"albumtitle": "《良院专区》单身事工(11)",
		"title": "單身人士之挑戰（二）",
		"duration": 1760,
        "size": "7M",
		"albumId": 95,
		"albumName": "《良院专区》单身事工",
		"path": "https://rawcdn.githack.com/quiet324/LiangYouSchoolAlbum2/1706058/mavsy/mavsy011.mp3",
		"id": 95888190
	},
	{
		"albumtitle": "《良院专区》单身事工(12)",
		"title": "單身人士的自我價值觀（一）",
		"duration": 1760,
        "size": "7M",
		"albumId": 95,
		"albumName": "《良院专区》单身事工",
		"path": "https://rawcdn.githack.com/quiet324/LiangYouSchoolAlbum2/1706058/mavsy/mavsy012.mp3",
		"id": 95888191
	},
	{
		"albumtitle": "《良院专区》单身事工(13)",
		"title": "單身人士的自我價值觀（二）",
		"duration": 1760,
        "size": "7M",
		"albumId": 95,
		"albumName": "《良院专区》单身事工",
		"path": "https://rawcdn.githack.com/quiet324/LiangYouSchoolAlbum2/1706058/mavsy/mavsy013.mp3",
		"id": 95888192
	},
	{
		"albumtitle": "《良院专区》单身事工(14)",
		"title": "教會為單身人士的牧養關顧（一）",
		"duration": 1760,
        "size": "7M",
		"albumId": 95,
		"albumName": "《良院专区》单身事工",
		"path": "https://rawcdn.githack.com/quiet324/LiangYouSchoolAlbum2/1706058/mavsy/mavsy014.mp3",
		"id": 95888193
	},
	{
		"albumtitle": "《良院专区》单身事工(15)",
		"title": "教會為單身人士的牧養關顧（二）",
		"duration": 1760,
        "size": "7M",
		"albumId": 95,
		"albumName": "《良院专区》单身事工",
		"path": "https://rawcdn.githack.com/quiet324/LiangYouSchoolAlbum2/1706058/mavsy/mavsy015.mp3",
		"id": 95888194
	},
	{
		"albumtitle": "《良院专区》单身事工(16)",
		"title": "教會為單身人士的牧養關顧（三）",
		"duration": 1760,
        "size": "7M",
		"albumId": 95,
		"albumName": "《良院专区》单身事工",
		"path": "https://rawcdn.githack.com/quiet324/LiangYouSchoolAlbum2/1706058/mavsy/mavsy016.mp3",
		"id": 95888195
	}
,
	{
		"albumtitle": "《良院专区》单身事工(17)",
		"title": "教會單身事工：單身小組",
		"duration": 1760,
        "size": "7M",
		"albumId": 95,
		"albumName": "《良院专区》单身事工",
		"path": "https://rawcdn.githack.com/quiet324/LiangYouSchoolAlbum2/1706058/mavsy/mavsy017.mp3",
		"id": 95888196
	},
	{
		"albumtitle": "《良院专区》单身事工(18)",
		"title": "教會單身事工：單身小組範例（一）",
		"duration": 1760,
        "size": "7M",
		"albumId": 95,
		"albumName": "《良院专区》单身事工",
		"path": "https://rawcdn.githack.com/quiet324/LiangYouSchoolAlbum2/1706058/mavsy/mavsy018.mp3",
		"id": 95888197
	},
	{
		"albumtitle": "《良院专区》单身事工(19)",
		"title": "教會單身事工：單身小組範例（二）",
		"duration": 1760,
        "size": "7M",
		"albumId": 95,
		"albumName": "《良院专区》单身事工",
		"path": "https://rawcdn.githack.com/quiet324/LiangYouSchoolAlbum2/1706058/mavsy/mavsy019.mp3",
		"id": 95888198
	},
	{
		"albumtitle": "《良院专区》单身事工(20)",
		"title": "教會單身事工：單身主日學課程範例（一）",
		"duration": 1760,
        "size": "7M",
		"albumId": 95,
		"albumName": "《良院专区》单身事工",
		"path": "https://rawcdn.githack.com/quiet324/LiangYouSchoolAlbum2/1706058/mavsy/mavsy020.mp3",
		"id": 95888199
	},
	{
		"albumtitle": "《良院专区》单身事工(21)",
		"title": "教會單身事工：單身主日學課程範例（二）",
		"duration": 1760,
        "size": "7M",
		"albumId": 95,
		"albumName": "《良院专区》单身事工",
		"path": "https://rawcdn.githack.com/quiet324/LiangYouSchoolAlbum2/1706058/mavsy/mavsy021.mp3",
		"id": 95888200
	},
	{
		"albumtitle": "《良院专区》单身事工(22)",
		"title": "教會單身事工：個案實例（一）",
		"duration": 1760,
        "size": "7M",
		"albumId": 95,
		"albumName": "《良院专区》单身事工",
		"path": "https://rawcdn.githack.com/quiet324/LiangYouSchoolAlbum2/1706058/mavsy/mavsy022.mp3",
		"id": 95888201
	},
	{
		"albumtitle": "《良院专区》单身事工(23)",
		"title": "教會單身事工：個案實例（二）",
		"duration": 1760,
        "size": "7M",
		"albumId": 95,
		"albumName": "《良院专区》单身事工",
		"path": "https://rawcdn.githack.com/quiet324/LiangYouSchoolAlbum2/1706058/mavsy/mavsy023.mp3",
		"id": 95888202
	},
	{
		"albumtitle": "《良院专区》单身事工(24)",
		"title": "樂在單身：守貞運動",
		"duration": 1760,
        "size": "7M",
		"albumId": 95,
		"albumName": "《良院专区》单身事工",
		"path": "https://rawcdn.githack.com/quiet324/LiangYouSchoolAlbum2/1706058/mavsy/mavsy024.mp3",
		"id": 95888203
	}
]