[
	{
		"albumtitle": "《良院专区》符类福音(01)",
		"title": "绪论",
		"duration": 1760,
		"size": "3.5M",
		"albumId": 159,
		"albumName": "《良院专区》符类福音",
		"path": "https://rawcdn.githack.com/quiet324/LiangYouSchoolAlbum10/1706053/mavsg/mavsg001.mp3",
		"id": 159888180
	},
	{
		"albumtitle": "《良院专区》符类福音(02)",
		"title": "经文对照",
		"duration": 1760,
		"size": "3.5M",
		"albumId": 159,
		"albumName": "《良院专区》符类福音",
		"path": "https://rawcdn.githack.com/quiet324/LiangYouSchoolAlbum10/1706053/mavsg/mavsg002.mp3",
		"id": 159888181
	},
	{
		"albumtitle": "《良院专区》符类福音(03)",
		"title": "符类福音的兴趣",
		"duration": 1760,
		"size": "3.5M",
		"albumId": 159,
		"albumName": "《良院专区》符类福音",
		"path": "https://rawcdn.githack.com/quiet324/LiangYouSchoolAlbum10/1706053/mavsg/mavsg003.mp3",
		"id": 159888182
	},
	{
		"albumtitle": "《良院专区》符类福音(04)",
		"title": "符类福音的时代背景",
		"duration": 1760,
		"size": "3.5M",
		"albumId": 159,
		"albumName": "《良院专区》符类福音",
		"path": "https://rawcdn.githack.com/quiet324/LiangYouSchoolAlbum10/1706053/mavsg/mavsg004.mp3",
		"id": 159888183
	},
	{
		"albumtitle": "《良院专区》符类福音(05)",
		"title": "符类福音的宗教背景（一）",
		"duration": 1760,
		"size": "3.5M",
		"albumId": 159,
		"albumName": "《良院专区》符类福音",
		"path": "https://rawcdn.githack.com/quiet324/LiangYouSchoolAlbum10/1706053/mavsg/mavsg005.mp3",
		"id": 159888184
	},
	{
		"albumtitle": "《良院专区》符类福音(06)",
		"title": "符类福音的宗教背景（二）",
		"duration": 1760,
		"size": "3.5M",
		"albumId": 159,
		"albumName": "《良院专区》符类福音",
		"path": "https://rawcdn.githack.com/quiet324/LiangYouSchoolAlbum10/1706053/mavsg/mavsg006.mp3",
		"id": 159888185
	}
,
	{
		"albumtitle": "《良院专区》符类福音(07)",
		"title": "马可福音（一）",
		"duration": 1760,
		"size": "3.5M",
		"albumId": 159,
		"albumName": "《良院专区》符类福音",
		"path": "https://rawcdn.githack.com/quiet324/LiangYouSchoolAlbum10/1706053/mavsg/mavsg007.mp3",
		"id": 159888186
	},
	{
		"albumtitle": "《良院专区》符类福音(08)",
		"title": "马可福音（二）",
		"duration": 1760,
		"size": "3.5M",
		"albumId": 159,
		"albumName": "《良院专区》符类福音",
		"path": "https://rawcdn.githack.com/quiet324/LiangYouSchoolAlbum10/1706053/mavsg/mavsg008.mp3",
		"id": 159888187
	},
	{
		"albumtitle": "《良院专区》符类福音(09)",
		"title": "马可福音（三）",
		"duration": 1760,
		"size": "3.5M",
		"albumId": 159,
		"albumName": "《良院专区》符类福音",
		"path": "https://rawcdn.githack.com/quiet324/LiangYouSchoolAlbum10/1706053/mavsg/mavsg009.mp3",
		"id": 159888188
	},
	{
		"albumtitle": "《良院专区》符类福音(10)",
		"title": "马可福音（四）",
		"duration": 1760,
		"size": "3.5M",
		"albumId": 159,
		"albumName": "《良院专区》符类福音",
		"path": "https://rawcdn.githack.com/quiet324/LiangYouSchoolAlbum10/1706053/mavsg/mavsg010.mp3",
		"id": 159888189
	},
	{
		"albumtitle": "《良院专区》符类福音(11)",
		"title": "马可福音（五）",
		"duration": 1760,
		"size": "3.5M",
		"albumId": 159,
		"albumName": "《良院专区》符类福音",
		"path": "https://rawcdn.githack.com/quiet324/LiangYouSchoolAlbum10/1706053/mavsg/mavsg011.mp3",
		"id": 159888190
	},
	{
		"albumtitle": "《良院专区》符类福音(12)",
		"title": "马可福音（六）",
		"duration": 1760,
		"size": "3.5M",
		"albumId": 159,
		"albumName": "《良院专区》符类福音",
		"path": "https://rawcdn.githack.com/quiet324/LiangYouSchoolAlbum10/1706053/mavsg/mavsg012.mp3",
		"id": 159888191
	},
	{
		"albumtitle": "《良院专区》符类福音(13)",
		"title": "马太福音（一）",
		"duration": 1760,
		"size": "3.5M",
		"albumId": 159,
		"albumName": "《良院专区》符类福音",
		"path": "https://rawcdn.githack.com/quiet324/LiangYouSchoolAlbum10/1706053/mavsg/mavsg013.mp3",
		"id": 159888192
	},
	{
		"albumtitle": "《良院专区》符类福音(14)",
		"title": "马太福音（二）",
		"duration": 1760,
		"size": "3.5M",
		"albumId": 159,
		"albumName": "《良院专区》符类福音",
		"path": "https://rawcdn.githack.com/quiet324/LiangYouSchoolAlbum10/1706053/mavsg/mavsg014.mp3",
		"id": 159888193
	},
	{
		"albumtitle": "《良院专区》符类福音(15)",
		"title": "马太福音（三）",
		"duration": 1760,
		"size": "3.5M",
		"albumId": 159,
		"albumName": "《良院专区》符类福音",
		"path": "https://rawcdn.githack.com/quiet324/LiangYouSchoolAlbum10/1706053/mavsg/mavsg015.mp3",
		"id": 159888194
	},
	{
		"albumtitle": "《良院专区》符类福音(16)",
		"title": "马太福音（四）",
		"duration": 1760,
		"size": "3.5M",
		"albumId": 159,
		"albumName": "《良院专区》符类福音",
		"path": "https://rawcdn.githack.com/quiet324/LiangYouSchoolAlbum10/1706053/mavsg/mavsg016.mp3",
		"id": 159888195
	}
,
	{
		"albumtitle": "《良院专区》符类福音(17)",
		"title": "马太福音（五）",
		"duration": 1760,
		"size": "3.5M",
		"albumId": 159,
		"albumName": "《良院专区》符类福音",
		"path": "https://rawcdn.githack.com/quiet324/LiangYouSchoolAlbum10/1706053/mavsg/mavsg017.mp3",
		"id": 159888196
	},
	{
		"albumtitle": "《良院专区》符类福音(18)",
		"title": "马太福音（六）",
		"duration": 1760,
		"size": "3.5M",
		"albumId": 159,
		"albumName": "《良院专区》符类福音",
		"path": "https://rawcdn.githack.com/quiet324/LiangYouSchoolAlbum10/1706053/mavsg/mavsg018.mp3",
		"id": 159888197
	},
	{
		"albumtitle": "《良院专区》符类福音(19)",
		"title": "路加福音（一）",
		"duration": 1760,
		"size": "3.5M",
		"albumId": 159,
		"albumName": "《良院专区》符类福音",
		"path": "https://rawcdn.githack.com/quiet324/LiangYouSchoolAlbum10/1706053/mavsg/mavsg019.mp3",
		"id": 159888198
	},
	{
		"albumtitle": "《良院专区》符类福音(20)",
		"title": "路加福音（二）",
		"duration": 1760,
		"size": "3.5M",
		"albumId": 159,
		"albumName": "《良院专区》符类福音",
		"path": "https://rawcdn.githack.com/quiet324/LiangYouSchoolAlbum10/1706053/mavsg/mavsg020.mp3",
		"id": 159888199
	},
	{
		"albumtitle": "《良院专区》符类福音(21)",
		"title": "路加福音（三）",
		"duration": 1760,
		"size": "3.5M",
		"albumId": 159,
		"albumName": "《良院专区》符类福音",
		"path": "https://rawcdn.githack.com/quiet324/LiangYouSchoolAlbum10/1706053/mavsg/mavsg021.mp3",
		"id": 159888200
	},
	{
		"albumtitle": "《良院专区》符类福音(22)",
		"title": "路加福音（四）",
		"duration": 1760,
		"size": "3.5M",
		"albumId": 159,
		"albumName": "《良院专区》符类福音",
		"path": "https://rawcdn.githack.com/quiet324/LiangYouSchoolAlbum10/1706053/mavsg/mavsg022.mp3",
		"id": 159888201
	},
	{
		"albumtitle": "《良院专区》符类福音(23)",
		"title": "路加福音（五）",
		"duration": 1760,
		"size": "3.5M",
		"albumId": 159,
		"albumName": "《良院专区》符类福音",
		"path": "https://rawcdn.githack.com/quiet324/LiangYouSchoolAlbum10/1706053/mavsg/mavsg023.mp3",
		"id": 159888202
	},
	{
		"albumtitle": "《良院专区》符类福音(24)",
		"title": "路加福音（六）",
		"duration": 1760,
		"size": "3.5M",
		"albumId": 159,
		"albumName": "《良院专区》符类福音",
		"path": "https://rawcdn.githack.com/quiet324/LiangYouSchoolAlbum10/1706053/mavsg/mavsg024.mp3",
		"id": 159888203
	},
	{
		"albumtitle": "《良院专区》符类福音(25)",
		"title": "耶稣基督与政治（一）",
		"duration": 1760,
		"size": "3.5M",
		"albumId": 159,
		"albumName": "《良院专区》符类福音",
		"path": "https://rawcdn.githack.com/quiet324/LiangYouSchoolAlbum10/1706053/mavsg/mavsg025.mp3",
		"id": 159888204
	},
	{
		"albumtitle": "《良院专区》符类福音(26)",
		"title": "耶稣基督与政治（二）",
		"duration": 1760,
		"size": "3.5M",
		"albumId": 159,
		"albumName": "《良院专区》符类福音",
		"path": "https://rawcdn.githack.com/quiet324/LiangYouSchoolAlbum10/1706053/mavsg/mavsg026.mp3",
		"id": 159888205
	},
	{
		"albumtitle": "《良院专区》符类福音(27)",
		"title": "神的国",
		"duration": 1760,
		"size": "3.5M",
		"albumId": 159,
		"albumName": "《良院专区》符类福音",
		"path": "https://rawcdn.githack.com/quiet324/LiangYouSchoolAlbum10/1706053/mavsg/mavsg027.mp3",
		"id": 159888206
	},
	{
		"albumtitle": "《良院专区》符类福音(28)",
		"title": "耶稣基督",
		"duration": 1760,
		"size": "3.5M",
		"albumId": 159,
		"albumName": "《良院专区》符类福音",
		"path": "https://rawcdn.githack.com/quiet324/LiangYouSchoolAlbum10/1706053/mavsg/mavsg028.mp3",
		"id": 159888207
	},
	{
		"albumtitle": "《良院专区》符类福音(29)",
		"title": "福音",
		"duration": 1760,
		"size": "3.5M",
		"albumId": 159,
		"albumName": "《良院专区》符类福音",
		"path": "https://rawcdn.githack.com/quiet324/LiangYouSchoolAlbum10/1706053/mavsg/mavsg029.mp3",
		"id": 159888208
	},
	{
		"albumtitle": "《良院专区》符类福音(30)",
		"title": "读经、解经与生活应用",
		"duration": 1760,
		"size": "3.5M",
		"albumId": 159,
		"albumName": "《良院专区》符类福音",
		"path": "https://rawcdn.githack.com/quiet324/LiangYouSchoolAlbum10/1706053/mavsg/mavsg030.mp3",
		"id": 159888209
	}
]