[
	{
		"albumtitle": "《良院专区》灵命培育与塑造(01)",
		"title": "培育与塑造",
		"duration": 1760,
		"size": "14.1M",
		"albumId": 505,
		"albumName": "《良院专区》灵命培育与塑造",
		"path": "https://rawcdn.githack.com/quiet324/LiangYouSchoolAlbum16/170711/mavsr/mavsr001.mp3",
		"id": 505888180
	},
	{
		"albumtitle": "《良院专区》灵命培育与塑造(02)",
		"title": "简樸与退省",
		"duration": 1760,
		"size": "14.1M",
		"albumId": 505,
		"albumName": "《良院专区》灵命培育与塑造",
		"path": "https://rawcdn.githack.com/quiet324/LiangYouSchoolAlbum16/170711/mavsr/mavsr002.mp3",
		"id": 505888181
	},
	{
		"albumtitle": "《良院专区》灵命培育与塑造(03)",
		"title": "身体与休息",
		"duration": 1760,
		"size": "14.1M",
		"albumId": 505,
		"albumName": "《良院专区》灵命培育与塑造",
		"path": "https://rawcdn.githack.com/quiet324/LiangYouSchoolAlbum16/170711/mavsr/mavsr003.mp3",
		"id": 505888182
	},
	{
		"albumtitle": "《良院专区》灵命培育与塑造(04)",
		"title": "觉察与自省",
		"duration": 1760,
		"size": "14.1M",
		"albumId": 505,
		"albumName": "《良院专区》灵命培育与塑造",
		"path": "https://rawcdn.githack.com/quiet324/LiangYouSchoolAlbum16/170711/mavsr/mavsr004.mp3",
		"id": 505888183
	},
	{
		"albumtitle": "《良院专区》灵命培育与塑造(05)",
		"title": "聆听与分辨",
		"duration": 1760,
		"size": "14.1M",
		"albumId": 505,
		"albumName": "《良院专区》灵命培育与塑造",
		"path": "https://rawcdn.githack.com/quiet324/LiangYouSchoolAlbum16/170711/mavsr/mavsr005.mp3",
		"id": 505888184
	},
	{
		"albumtitle": "《良院专区》灵命培育与塑造(06)",
		"title": "感恩与庆贺",
		"duration": 1760,
		"size": "14.1M",
		"albumId": 505,
		"albumName": "《良院专区》灵命培育与塑造",
		"path": "https://rawcdn.githack.com/quiet324/LiangYouSchoolAlbum16/170711/mavsr/mavsr006.mp3",
		"id": 505888185
	}
,
	{
		"albumtitle": "《良院专区》灵命培育与塑造(07)",
		"title": "渴慕与更新",
		"duration": 1760,
		"size": "14.1M",
		"albumId": 505,
		"albumName": "《良院专区》灵命培育与塑造",
		"path": "https://rawcdn.githack.com/quiet324/LiangYouSchoolAlbum16/170711/mavsr/mavsr007.mp3",
		"id": 505888186
	},
	{
		"albumtitle": "《良院专区》灵命培育与塑造(08)",
		"title": "读经与祈祷",
		"duration": 1760,
		"size": "14.1M",
		"albumId": 505,
		"albumName": "《良院专区》灵命培育与塑造",
		"path": "https://rawcdn.githack.com/quiet324/LiangYouSchoolAlbum16/170711/mavsr/mavsr008.mp3",
		"id": 505888187
	},
	{
		"albumtitle": "《良院专区》灵命培育与塑造(09)",
		"title": "情绪与转化",
		"duration": 1760,
		"size": "14.1M",
		"albumId": 505,
		"albumName": "《良院专区》灵命培育与塑造",
		"path": "https://rawcdn.githack.com/quiet324/LiangYouSchoolAlbum16/170711/mavsr/mavsr009.mp3",
		"id": 505888188
	},
	{
		"albumtitle": "《良院专区》灵命培育与塑造(10)",
		"title": "旷野与试探",
		"duration": 1760,
		"size": "14.1M",
		"albumId": 505,
		"albumName": "《良院专区》灵命培育与塑造",
		"path": "https://rawcdn.githack.com/quiet324/LiangYouSchoolAlbum16/170711/mavsr/mavsr010.mp3",
		"id": 505888189
	},
	{
		"albumtitle": "《良院专区》灵命培育与塑造(11)",
		"title": "接纳与欣赏",
		"duration": 1760,
		"size": "14.1M",
		"albumId": 505,
		"albumName": "《良院专区》灵命培育与塑造",
		"path": "https://rawcdn.githack.com/quiet324/LiangYouSchoolAlbum16/170711/mavsr/mavsr011.mp3",
		"id": 505888190
	},
	{
		"albumtitle": "《良院专区》灵命培育与塑造(12)",
		"title": "灵程与成长",
		"duration": 1760,
		"size": "14.1M",
		"albumId": 505,
		"albumName": "《良院专区》灵命培育与塑造",
		"path": "https://rawcdn.githack.com/quiet324/LiangYouSchoolAlbum16/170711/mavsr/mavsr012.mp3",
		"id": 505888191
	},
	{
		"albumtitle": "《良院专区》灵命培育与塑造(13)",
		"title": "耶稣与友谊",
		"duration": 1760,
		"size": "14.1M",
		"albumId": 505,
		"albumName": "《良院专区》灵命培育与塑造",
		"path": "https://rawcdn.githack.com/quiet324/LiangYouSchoolAlbum16/170711/mavsr/mavsr013.mp3",
		"id": 505888192
	},
	{
		"albumtitle": "《良院专区》灵命培育与塑造(14)",
		"title": "抉择与行动",
		"duration": 1760,
		"size": "14.1M",
		"albumId": 505,
		"albumName": "《良院专区》灵命培育与塑造",
		"path": "https://rawcdn.githack.com/quiet324/LiangYouSchoolAlbum16/170711/mavsr/mavsr014.mp3",
		"id": 505888193
	},
	{
		"albumtitle": "《良院专区》灵命培育与塑造(15)",
		"title": "召命与使命",
		"duration": 1760,
		"size": "14.1M",
		"albumId": 505,
		"albumName": "《良院专区》灵命培育与塑造",
		"path": "https://rawcdn.githack.com/quiet324/LiangYouSchoolAlbum16/170711/mavsr/mavsr015.mp3",
		"id": 505888194
	},
	{
		"albumtitle": "《良院专区》灵命培育与塑造(16)",
		"title": "相遇与告别",
		"duration": 1760,
		"size": "14.1M",
		"albumId": 505,
		"albumName": "《良院专区》灵命培育与塑造",
		"path": "https://rawcdn.githack.com/quiet324/LiangYouSchoolAlbum16/170711/mavsr/mavsr016.mp3",
		"id": 505888195
	}
,
	{
		"albumtitle": "《良院专区》灵命培育与塑造(17)",
		"title": "团体与培育",
		"duration": 1760,
		"size": "14.1M",
		"albumId": 505,
		"albumName": "《良院专区》灵命培育与塑造",
		"path": "https://rawcdn.githack.com/quiet324/LiangYouSchoolAlbum16/170711/mavsr/mavsr017.mp3",
		"id": 505888196
	},
	{
		"albumtitle": "《良院专区》灵命培育与塑造(18)",
		"title": "宽恕与复和",
		"duration": 1760,
		"size": "14.1M",
		"albumId": 505,
		"albumName": "《良院专区》灵命培育与塑造",
		"path": "https://rawcdn.githack.com/quiet324/LiangYouSchoolAlbum16/170711/mavsr/mavsr018.mp3",
		"id": 505888197
	},
	{
		"albumtitle": "《良院专区》灵命培育与塑造(19)",
		"title": "勇气与盼望",
		"duration": 1760,
		"size": "14.1M",
		"albumId": 505,
		"albumName": "《良院专区》灵命培育与塑造",
		"path": "https://rawcdn.githack.com/quiet324/LiangYouSchoolAlbum16/170711/mavsr/mavsr019.mp3",
		"id": 505888198
	},
	{
		"albumtitle": "《良院专区》灵命培育与塑造(20)",
		"title": "教会与社会",
		"duration": 1760,
		"size": "14.1M",
		"albumId": 505,
		"albumName": "《良院专区》灵命培育与塑造",
		"path": "https://rawcdn.githack.com/quiet324/LiangYouSchoolAlbum16/170711/mavsr/mavsr020.mp3",
		"id": 505888199
	},
	{
		"albumtitle": "《良院专区》灵命培育与塑造(21)",
		"title": "阅读与写作",
		"duration": 1760,
		"size": "14.1M",
		"albumId": 505,
		"albumName": "《良院专区》灵命培育与塑造",
		"path": "https://rawcdn.githack.com/quiet324/LiangYouSchoolAlbum16/170711/mavsr/mavsr021.mp3",
		"id": 505888200
	},
	{
		"albumtitle": "《良院专区》灵命培育与塑造(22)",
		"title": "敬拜与礼仪",
		"duration": 1760,
		"size": "14.1M",
		"albumId": 505,
		"albumName": "《良院专区》灵命培育与塑造",
		"path": "https://rawcdn.githack.com/quiet324/LiangYouSchoolAlbum16/170711/mavsr/mavsr022.mp3",
		"id": 505888201
	},
	{
		"albumtitle": "《良院专区》灵命培育与塑造(23)",
		"title": "自然与默观",
		"duration": 1760,
		"size": "14.1M",
		"albumId": 505,
		"albumName": "《良院专区》灵命培育与塑造",
		"path": "https://rawcdn.githack.com/quiet324/LiangYouSchoolAlbum16/170711/mavsr/mavsr023.mp3",
		"id": 505888202
	},
	{
		"albumtitle": "《良院专区》灵命培育与塑造(24)",
		"title": "指引与陪伴",
		"duration": 1760,
		"size": "14.1M",
		"albumId": 505,
		"albumName": "《良院专区》灵命培育与塑造",
		"path": "https://rawcdn.githack.com/quiet324/LiangYouSchoolAlbum16/170711/mavsr/mavsr024.mp3",
		"id": 505888203
	}
]