[
	{
		"albumtitle": "《良院专区》探访事工(01)",
		"title": "探訪的基礎（一）",
		"duration": 1760,
        "size": "3.5M",
		"albumId": 96,
		"albumName": "《良院专区》探访事工",
		"path": "https://rawcdn.githack.com/quiet324/LiangYouSchoolAlbum2/1706059/mavvm/mavvm001.mp3",
		"id": 96888180
	},
	{
		"albumtitle": "《良院专区》探访事工(02)",
		"title": "探訪的基礎（二）",
		"duration": 1760,
        "size": "3.5M",
		"albumId": 96,
		"albumName": "《良院专区》探访事工",
		"path": "https://rawcdn.githack.com/quiet324/LiangYouSchoolAlbum2/1706059/mavvm/mavvm002.mp3",
		"id": 96888181
	},
	{
		"albumtitle": "《良院专区》探访事工(03)",
		"title": "探訪的時、地、人",
		"duration": 1760,
        "size": "3.5M",
		"albumId": 96,
		"albumName": "《良院专区》探访事工",
		"path": "https://rawcdn.githack.com/quiet324/LiangYouSchoolAlbum2/1706059/mavvm/mavvm003.mp3",
		"id": 96888182
	},
	{
		"albumtitle": "《良院专区》探访事工(04)",
		"title": "特別探訪的處理：危機介入與善後（一）",
		"duration": 1760,
        "size": "3.5M",
		"albumId": 96,
		"albumName": "《良院专区》探访事工",
		"path": "https://rawcdn.githack.com/quiet324/LiangYouSchoolAlbum2/1706059/mavvm/mavvm004.mp3",
		"id": 96888183
	},
	{
		"albumtitle": "《良院专区》探访事工(05)",
		"title": "特別探訪的處理：危機介入與善後（二）",
		"duration": 1760,
        "size": "3.5M",
		"albumId": 96,
		"albumName": "《良院专区》探访事工",
		"path": "https://rawcdn.githack.com/quiet324/LiangYouSchoolAlbum2/1706059/mavvm/mavvm005.mp3",
		"id": 96888184
	},
	{
		"albumtitle": "《良院专区》探访事工(06)",
		"title": "特別探訪的處理：危機介入與善後（三）",
		"duration": 1760,
        "size": "3.5M",
		"albumId": 96,
		"albumName": "《良院专区》探访事工",
		"path": "https://rawcdn.githack.com/quiet324/LiangYouSchoolAlbum2/1706059/mavvm/mavvm006.mp3",
		"id": 96888185
	}

]