[
    {
        "duration": 1760,
        "size": "14.1M",
        "path": "https://rawcdn.githack.com/quiet324/OtherAlbums/171115/作时间的主人-刘志雄/作时间的主人-刘志雄-第01集.mp3",
        "id": 6305000001,
        "albumId": 6305,
        "albumName": "作时间的主人-刘志雄",
        "albumtitle": "作时间的主人-刘志雄(1)",
        "title": "作时间的主人-刘志雄-第01集"
    },
    {
        "duration": 1760,
        "size": "14.1M",
        "path": "https://rawcdn.githack.com/quiet324/OtherAlbums/171115/作时间的主人-刘志雄/作时间的主人-刘志雄-第02集.mp3",
        "id": 6305000002,
        "albumId": 6305,
        "albumName": "作时间的主人-刘志雄",
        "albumtitle": "作时间的主人-刘志雄(2)",
        "title": "作时间的主人-刘志雄-第02集"
    },
    {
        "duration": 1760,
        "size": "14.1M",
        "path": "https://rawcdn.githack.com/quiet324/OtherAlbums/171115/作时间的主人-刘志雄/作时间的主人-刘志雄-第03集.mp3",
        "id": 6305000003,
        "albumId": 6305,
        "albumName": "作时间的主人-刘志雄",
        "albumtitle": "作时间的主人-刘志雄(3)",
        "title": "作时间的主人-刘志雄-第03集"
    },
    {
        "duration": 1760,
        "size": "14.1M",
        "path": "https://rawcdn.githack.com/quiet324/OtherAlbums/171115/作时间的主人-刘志雄/作时间的主人-刘志雄-第04集.mp3",
        "id": 6305000004,
        "albumId": 6305,
        "albumName": "作时间的主人-刘志雄",
        "albumtitle": "作时间的主人-刘志雄(4)",
        "title": "作时间的主人-刘志雄-第04集"
    },
    {
        "duration": 1760,
        "size": "14.1M",
        "path": "https://rawcdn.githack.com/quiet324/OtherAlbums/171115/作时间的主人-刘志雄/作时间的主人-刘志雄-第05集.mp3",
        "id": 6305000005,
        "albumId": 6305,
        "albumName": "作时间的主人-刘志雄",
        "albumtitle": "作时间的主人-刘志雄(5)",
        "title": "作时间的主人-刘志雄-第05集"
    },
    {
        "duration": 1760,
        "size": "14.1M",
        "path": "https://rawcdn.githack.com/quiet324/OtherAlbums/171115/作时间的主人-刘志雄/作时间的主人-刘志雄-第06集.mp3",
        "id": 6305000006,
        "albumId": 6305,
        "albumName": "作时间的主人-刘志雄",
        "albumtitle": "作时间的主人-刘志雄(6)",
        "title": "作时间的主人-刘志雄-第06集"
    },
    {
        "duration": 1760,
        "size": "14.1M",
        "path": "https://rawcdn.githack.com/quiet324/OtherAlbums/171115/作时间的主人-刘志雄/作时间的主人-刘志雄-第07集.mp3",
        "id": 6305000007,
        "albumId": 6305,
        "albumName": "作时间的主人-刘志雄",
        "albumtitle": "作时间的主人-刘志雄(7)",
        "title": "作时间的主人-刘志雄-第07集"
    },
    {
        "duration": 1760,
        "size": "14.1M",
        "path": "https://rawcdn.githack.com/quiet324/OtherAlbums/171115/作时间的主人-刘志雄/作时间的主人-刘志雄-第08集.mp3",
        "id": 6305000008,
        "albumId": 6305,
        "albumName": "作时间的主人-刘志雄",
        "albumtitle": "作时间的主人-刘志雄(8)",
        "title": "作时间的主人-刘志雄-第08集"
    },
    {
        "duration": 1760,
        "size": "14.1M",
        "path": "https://rawcdn.githack.com/quiet324/OtherAlbums/171115/作时间的主人-刘志雄/作时间的主人-刘志雄-第09集.mp3",
        "id": 6305000009,
        "albumId": 6305,
        "albumName": "作时间的主人-刘志雄",
        "albumtitle": "作时间的主人-刘志雄(9)",
        "title": "作时间的主人-刘志雄-第09集"
    },
    {
        "duration": 1760,
        "size": "14.1M",
        "path": "https://rawcdn.githack.com/quiet324/OtherAlbums/171115/作时间的主人-刘志雄/作时间的主人-刘志雄-第10集.mp3",
        "id": 6305000010,
        "albumId": 6305,
        "albumName": "作时间的主人-刘志雄",
        "albumtitle": "作时间的主人-刘志雄(10)",
        "title": "作时间的主人-刘志雄-第10集"
    }
]