[
	{
		"duration": 316,
		"size": "618.33 KiB",
		"path": "https://rawcdn.githack.com/quiet324/OtherAlbums/171116/新旧约圣经故事/211不接受耶稣的撒玛利亚村庄.mp3",
		"title": "211不接受耶稣的撒玛利亚村庄",
		"id": 6311000001,
		"albumId": 6311,
		"albumName": "新旧约圣经故事-新约-合集二",
		"albumtitle": "新旧约圣经故事-新约-合集二(1)"
	},
	{
		"duration": 503,
		"size": "984.30 KiB",
		"path": "https://rawcdn.githack.com/quiet324/OtherAlbums/171116/新旧约圣经故事/212耶稣差七十人.mp3",
		"title": "212耶稣差七十人",
		"id": 6311000002,
		"albumId": 6311,
		"albumName": "新旧约圣经故事-新约-合集二",
		"albumtitle": "新旧约圣经故事-新约-合集二(2)"
	},
	{
		"duration": 560,
		"size": "1.07 MiB",
		"path": "https://rawcdn.githack.com/quiet324/OtherAlbums/171116/新旧约圣经故事/213良善撒玛利亚人的比喻.mp3",
		"title": "213良善撒玛利亚人的比喻",
		"id": 6311000003,
		"albumId": 6311,
		"albumName": "新旧约圣经故事-新约-合集二",
		"albumtitle": "新旧约圣经故事-新约-合集二(3)"
	},
	{
		"duration": 369,
		"size": "722.18 KiB",
		"path": "https://rawcdn.githack.com/quiet324/OtherAlbums/171116/新旧约圣经故事/214耶稣讲饶恕并祝福小孩子.mp3",
		"title": "214耶稣讲饶恕并祝福小孩子",
		"id": 6311000004,
		"albumId": 6311,
		"albumName": "新旧约圣经故事-新约-合集二",
		"albumtitle": "新旧约圣经故事-新约-合集二(4)"
	},
	{
		"duration": 604,
		"size": "1.15 MiB",
		"path": "https://rawcdn.githack.com/quiet324/OtherAlbums/171116/新旧约圣经故事/215浪子离家.mp3",
		"title": "215浪子离家",
		"id": 6311000005,
		"albumId": 6311,
		"albumName": "新旧约圣经故事-新约-合集二",
		"albumtitle": "新旧约圣经故事-新约-合集二(5)"
	},
	{
		"duration": 465,
		"size": "910.05 KiB",
		"path": "https://rawcdn.githack.com/quiet324/OtherAlbums/171116/新旧约圣经故事/216浪子回头.mp3",
		"title": "216浪子回头",
		"id": 6311000006,
		"albumId": 6311,
		"albumName": "新旧约圣经故事-新约-合集二",
		"albumtitle": "新旧约圣经故事-新约-合集二(6)"
	},
	{
		"duration": 433,
		"size": "848.67 KiB",
		"path": "https://rawcdn.githack.com/quiet324/OtherAlbums/171116/新旧约圣经故事/217筵席的比喻.mp3",
		"title": "217筵席的比喻",
		"id": 6311000007,
		"albumId": 6311,
		"albumName": "新旧约圣经故事-新约-合集二",
		"albumtitle": "新旧约圣经故事-新约-合集二(7)"
	},
	{
		"duration": 552,
		"size": "1.06 MiB",
		"path": "https://rawcdn.githack.com/quiet324/OtherAlbums/171116/新旧约圣经故事/218耶稣医治十个大麻疯.mp3",
		"title": "218耶稣医治十个大麻疯",
		"id": 6311000008,
		"albumId": 6311,
		"albumName": "新旧约圣经故事-新约-合集二",
		"albumtitle": "新旧约圣经故事-新约-合集二(8)"
	},
	{
		"duration": 525,
		"size": "1.00 MiB",
		"path": "https://rawcdn.githack.com/quiet324/OtherAlbums/171116/新旧约圣经故事/219寡妇和法官比喻.mp3",
		"title": "219寡妇和法官比喻",
		"id": 6311000009,
		"albumId": 6311,
		"albumName": "新旧约圣经故事-新约-合集二",
		"albumtitle": "新旧约圣经故事-新约-合集二(9)"
	},
	{
		"duration": 477,
		"size": "934.59 KiB",
		"path": "https://rawcdn.githack.com/quiet324/OtherAlbums/171116/新旧约圣经故事/220富足的少年官.mp3",
		"title": "220富足的少年官",
		"id": 6311000010,
		"albumId": 6311,
		"albumName": "新旧约圣经故事-新约-合集二",
		"albumtitle": "新旧约圣经故事-新约-合集二(10)"
	},
	{
		"duration": 643,
		"size": "1.23 MiB",
		"path": "https://rawcdn.githack.com/quiet324/OtherAlbums/171116/新旧约圣经故事/221拉撒路从死里复活.mp3",
		"title": "221拉撒路从死里复活",
		"id": 6311000011,
		"albumId": 6311,
		"albumName": "新旧约圣经故事-新约-合集二",
		"albumtitle": "新旧约圣经故事-新约-合集二(11)"
	},
	{
		"duration": 548,
		"size": "1.05 MiB",
		"path": "https://rawcdn.githack.com/quiet324/OtherAlbums/171116/新旧约圣经故事/222雅各和约翰的要求两个瞎子得医.mp3",
		"title": "222雅各和约翰的要求两个瞎子得医",
		"id": 6311000012,
		"albumId": 6311,
		"albumName": "新旧约圣经故事-新约-合集二",
		"albumtitle": "新旧约圣经故事-新约-合集二(12)"
	},
	{
		"duration": 504,
		"size": "985.71 KiB",
		"path": "https://rawcdn.githack.com/quiet324/OtherAlbums/171116/新旧约圣经故事/223杀害耶稣的阴谋.mp3",
		"title": "223杀害耶稣的阴谋",
		"id": 6311000013,
		"albumId": 6311,
		"albumName": "新旧约圣经故事-新约-合集二",
		"albumtitle": "新旧约圣经故事-新约-合集二(13)"
	},
	{
		"duration": 538,
		"size": "1.03 MiB",
		"path": "https://rawcdn.githack.com/quiet324/OtherAlbums/171116/新旧约圣经故事/224撒该一富有的税吏.mp3",
		"title": "224撒该一富有的税吏",
		"id": 6311000014,
		"albumId": 6311,
		"albumName": "新旧约圣经故事-新约-合集二",
		"albumtitle": "新旧约圣经故事-新约-合集二(14)"
	},
	{
		"duration": 605,
		"size": "1.16 MiB",
		"path": "https://rawcdn.githack.com/quiet324/OtherAlbums/171116/新旧约圣经故事/225西门家的筵席马利亚膏耶稣.mp3",
		"title": "225西门家的筵席马利亚膏耶稣",
		"id": 6311000015,
		"albumId": 6311,
		"albumName": "新旧约圣经故事-新约-合集二",
		"albumtitle": "新旧约圣经故事-新约-合集二(15)"
	},
	{
		"duration": 409,
		"size": "800.93 KiB",
		"path": "https://rawcdn.githack.com/quiet324/OtherAlbums/171116/新旧约圣经故事/226犹大答应出卖耶稣.mp3",
		"title": "226犹大答应出卖耶稣",
		"id": 6311000016,
		"albumId": 6311,
		"albumName": "新旧约圣经故事-新约-合集二",
		"albumtitle": "新旧约圣经故事-新约-合集二(16)"
	},
	{
		"duration": 541,
		"size": "1.03 MiB",
		"path": "https://rawcdn.githack.com/quiet324/OtherAlbums/171116/新旧约圣经故事/227凯旋进入耶路撒冷城.mp3",
		"title": "227凯旋进入耶路撒冷城",
		"id": 6311000017,
		"albumId": 6311,
		"albumName": "新旧约圣经故事-新约-合集二",
		"albumtitle": "新旧约圣经故事-新约-合集二(17)"
	},
	{
		"duration": 424,
		"size": "830.25 KiB",
		"path": "https://rawcdn.githack.com/quiet324/OtherAlbums/171116/新旧约圣经故事/228枯干的无花果树.mp3",
		"title": "228枯干的无花果树",
		"id": 6311000018,
		"albumId": 6311,
		"albumName": "新旧约圣经故事-新约-合集二",
		"albumtitle": "新旧约圣经故事-新约-合集二(18)"
	},
	{
		"duration": 449,
		"size": "878.48 KiB",
		"path": "https://rawcdn.githack.com/quiet324/OtherAlbums/171116/新旧约圣经故事/229耶稣一次洁净圣殿.mp3",
		"title": "229耶稣一次洁净圣殿",
		"id": 6311000019,
		"albumId": 6311,
		"albumName": "新旧约圣经故事-新约-合集二",
		"albumtitle": "新旧约圣经故事-新约-合集二(19)"
	},
	{
		"duration": 423,
		"size": "829.13 KiB",
		"path": "https://rawcdn.githack.com/quiet324/OtherAlbums/171116/新旧约圣经故事/230耶稣回答及不义农户的比喻.mp3",
		"title": "230耶稣回答及不义农户的比喻",
		"id": 6311000020,
		"albumId": 6311,
		"albumName": "新旧约圣经故事-新约-合集二",
		"albumtitle": "新旧约圣经故事-新约-合集二(20)"
	},
	{
		"duration": 406,
		"size": "795.73 KiB",
		"path": "https://rawcdn.githack.com/quiet324/OtherAlbums/171116/新旧约圣经故事/231耶稣回答问题.mp3",
		"title": "231耶稣回答问题",
		"id": 6311000021,
		"albumId": 6311,
		"albumName": "新旧约圣经故事-新约-合集二",
		"albumtitle": "新旧约圣经故事-新约-合集二(21)"
	},
	{
		"duration": 509,
		"size": "995.77 KiB",
		"path": "https://rawcdn.githack.com/quiet324/OtherAlbums/171116/新旧约圣经故事/232耶稣叱责法利赛人寡妇的两个小钱.mp3",
		"title": "232耶稣叱责法利赛人寡妇的两个小钱",
		"id": 6311000022,
		"albumId": 6311,
		"albumName": "新旧约圣经故事-新约-合集二",
		"albumtitle": "新旧约圣经故事-新约-合集二(22)"
	},
	{
		"duration": 479,
		"size": "937.13 KiB",
		"path": "https://rawcdn.githack.com/quiet324/OtherAlbums/171116/新旧约圣经故事/233几个希腊人想见耶稣.mp3",
		"title": "233几个希腊人想见耶稣",
		"id": 6311000023,
		"albumId": 6311,
		"albumName": "新旧约圣经故事-新约-合集二",
		"albumtitle": "新旧约圣经故事-新约-合集二(23)"
	},
	{
		"duration": 522,
		"size": "1020.66 KiB",
		"path": "https://rawcdn.githack.com/quiet324/OtherAlbums/171116/新旧约圣经故事/234耶稣预言将来.mp3",
		"title": "234耶稣预言将来",
		"id": 6311000024,
		"albumId": 6311,
		"albumName": "新旧约圣经故事-新约-合集二",
		"albumtitle": "新旧约圣经故事-新约-合集二(24)"
	},
	{
		"duration": 386,
		"size": "756.63 KiB",
		"path": "https://rawcdn.githack.com/quiet324/OtherAlbums/171116/新旧约圣经故事/235十个童女的比喻.mp3",
		"title": "235十个童女的比喻",
		"id": 6311000025,
		"albumId": 6311,
		"albumName": "新旧约圣经故事-新约-合集二",
		"albumtitle": "新旧约圣经故事-新约-合集二(25)"
	},
	{
		"duration": 436,
		"size": "854.44 KiB",
		"path": "https://rawcdn.githack.com/quiet324/OtherAlbums/171116/新旧约圣经故事/236分钱给三仆人绵羊和山羊的比喻.mp3",
		"title": "236分钱给三仆人绵羊和山羊的比喻",
		"id": 6311000026,
		"albumId": 6311,
		"albumName": "新旧约圣经故事-新约-合集二",
		"albumtitle": "新旧约圣经故事-新约-合集二(26)"
	},
	{
		"duration": 530,
		"size": "1.01 MiB",
		"path": "https://rawcdn.githack.com/quiet324/OtherAlbums/171116/新旧约圣经故事/237仆人的仆人.mp3",
		"title": "237仆人的仆人",
		"id": 6311000027,
		"albumId": 6311,
		"albumName": "新旧约圣经故事-新约-合集二",
		"albumtitle": "新旧约圣经故事-新约-合集二(27)"
	},
	{
		"duration": 561,
		"size": "1.07 MiB",
		"path": "https://rawcdn.githack.com/quiet324/OtherAlbums/171116/新旧约圣经故事/238主的晚餐.mp3",
		"title": "238主的晚餐",
		"id": 6311000028,
		"albumId": 6311,
		"albumName": "新旧约圣经故事-新约-合集二",
		"albumtitle": "新旧约圣经故事-新约-合集二(28)"
	},
	{
		"duration": 574,
		"size": "1.10 MiB",
		"path": "https://rawcdn.githack.com/quiet324/OtherAlbums/171116/新旧约圣经故事/239耶稣应许差遣圣灵.mp3",
		"title": "239耶稣应许差遣圣灵",
		"id": 6311000029,
		"albumId": 6311,
		"albumName": "新旧约圣经故事-新约-合集二",
		"albumtitle": "新旧约圣经故事-新约-合集二(29)"
	},
	{
		"duration": 571,
		"size": "1.09 MiB",
		"path": "https://rawcdn.githack.com/quiet324/OtherAlbums/171116/新旧约圣经故事/240我是葡萄树你们是枝子.mp3",
		"title": "240我是葡萄树你们是枝子",
		"id": 6311000030,
		"albumId": 6311,
		"albumName": "新旧约圣经故事-新约-合集二",
		"albumtitle": "新旧约圣经故事-新约-合集二(30)"
	},
	{
		"duration": 720,
		"size": "1.37 MiB",
		"path": "https://rawcdn.githack.com/quiet324/OtherAlbums/171116/新旧约圣经故事/241客西马尼园.mp3",
		"title": "241客西马尼园",
		"id": 6311000031,
		"albumId": 6311,
		"albumName": "新旧约圣经故事-新约-合集二",
		"albumtitle": "新旧约圣经故事-新约-合集二(31)"
	},
	{
		"duration": 414,
		"size": "811.27 KiB",
		"path": "https://rawcdn.githack.com/quiet324/OtherAlbums/171116/新旧约圣经故事/242耶稣被卖被拿和被弃.mp3",
		"title": "242耶稣被卖被拿和被弃",
		"id": 6311000032,
		"albumId": 6311,
		"albumName": "新旧约圣经故事-新约-合集二",
		"albumtitle": "新旧约圣经故事-新约-合集二(32)"
	},
	{
		"duration": 535,
		"size": "1.02 MiB",
		"path": "https://rawcdn.githack.com/quiet324/OtherAlbums/171116/新旧约圣经故事/243耶稣在亚那面前.mp3",
		"title": "243耶稣在亚那面前",
		"id": 6311000033,
		"albumId": 6311,
		"albumName": "新旧约圣经故事-新约-合集二",
		"albumtitle": "新旧约圣经故事-新约-合集二(33)"
	},
	{
		"duration": 527,
		"size": "1.01 MiB",
		"path": "https://rawcdn.githack.com/quiet324/OtherAlbums/171116/新旧约圣经故事/244耶稣在议会前.mp3",
		"title": "244耶稣在议会前",
		"id": 6311000034,
		"albumId": 6311,
		"albumName": "新旧约圣经故事-新约-合集二",
		"albumtitle": "新旧约圣经故事-新约-合集二(34)"
	},
	{
		"duration": 423,
		"size": "828.21 KiB",
		"path": "https://rawcdn.githack.com/quiet324/OtherAlbums/171116/新旧约圣经故事/245彼得三次不认主.mp3",
		"title": "245彼得三次不认主",
		"id": 6311000035,
		"albumId": 6311,
		"albumName": "新旧约圣经故事-新约-合集二",
		"albumtitle": "新旧约圣经故事-新约-合集二(35)"
	},
	{
		"duration": 444,
		"size": "869.13 KiB",
		"path": "https://rawcdn.githack.com/quiet324/OtherAlbums/171116/新旧约圣经故事/246加略人犹大之死.mp3",
		"title": "246加略人犹大之死",
		"id": 6311000036,
		"albumId": 6311,
		"albumName": "新旧约圣经故事-新约-合集二",
		"albumtitle": "新旧约圣经故事-新约-合集二(36)"
	},
	{
		"duration": 493,
		"size": "964.97 KiB",
		"path": "https://rawcdn.githack.com/quiet324/OtherAlbums/171116/新旧约圣经故事/247耶稣被解到彼拉多面前.mp3",
		"title": "247耶稣被解到彼拉多面前",
		"id": 6311000037,
		"albumId": 6311,
		"albumName": "新旧约圣经故事-新约-合集二",
		"albumtitle": "新旧约圣经故事-新约-合集二(37)"
	},
	{
		"duration": 557,
		"size": "1.06 MiB",
		"path": "https://rawcdn.githack.com/quiet324/OtherAlbums/171116/新旧约圣经故事/248耶稣在希律王面前.mp3",
		"title": "248耶稣在希律王面前",
		"id": 6311000038,
		"albumId": 6311,
		"albumName": "新旧约圣经故事-新约-合集二",
		"albumtitle": "新旧约圣经故事-新约-合集二(38)"
	},
	{
		"duration": 513,
		"size": "1003.99 KiB",
		"path": "https://rawcdn.githack.com/quiet324/OtherAlbums/171116/新旧约圣经故事/249耶稣被送回彼拉多衙门.mp3",
		"title": "249耶稣被送回彼拉多衙门",
		"id": 6311000039,
		"albumId": 6311,
		"albumName": "新旧约圣经故事-新约-合集二",
		"albumtitle": "新旧约圣经故事-新约-合集二(39)"
	},
	{
		"duration": 500,
		"size": "977.77 KiB",
		"path": "https://rawcdn.githack.com/quiet324/OtherAlbums/171116/新旧约圣经故事/250钉他十字架.mp3",
		"title": "250钉他十字架",
		"id": 6311000040,
		"albumId": 6311,
		"albumName": "新旧约圣经故事-新约-合集二",
		"albumtitle": "新旧约圣经故事-新约-合集二(40)"
	},
	{
		"duration": 490,
		"size": "958.78 KiB",
		"path": "https://rawcdn.githack.com/quiet324/OtherAlbums/171116/新旧约圣经故事/251被钉十字架.mp3",
		"title": "251被钉十字架",
		"id": 6311000041,
		"albumId": 6311,
		"albumName": "新旧约圣经故事-新约-合集二",
		"albumtitle": "新旧约圣经故事-新约-合集二(41)"
	},
	{
		"duration": 459,
		"size": "898.31 KiB",
		"path": "https://rawcdn.githack.com/quiet324/OtherAlbums/171116/新旧约圣经故事/252临死的强盗蒙悦纳.mp3",
		"title": "252临死的强盗蒙悦纳",
		"id": 6311000042,
		"albumId": 6311,
		"albumName": "新旧约圣经故事-新约-合集二",
		"albumtitle": "新旧约圣经故事-新约-合集二(42)"
	},
	{
		"duration": 518,
		"size": "1014.12 KiB",
		"path": "https://rawcdn.githack.com/quiet324/OtherAlbums/171116/新旧约圣经故事/253耶稣照顾母亲.mp3",
		"title": "253耶稣照顾母亲",
		"id": 6311000043,
		"albumId": 6311,
		"albumName": "新旧约圣经故事-新约-合集二",
		"albumtitle": "新旧约圣经故事-新约-合集二(43)"
	},
	{
		"duration": 487,
		"size": "952.80 KiB",
		"path": "https://rawcdn.githack.com/quiet324/OtherAlbums/171116/新旧约圣经故事/254耶稣的死.mp3",
		"title": "254耶稣的死",
		"id": 6311000044,
		"albumId": 6311,
		"albumName": "新旧约圣经故事-新约-合集二",
		"albumtitle": "新旧约圣经故事-新约-合集二(44)"
	},
	{
		"duration": 470,
		"size": "919.13 KiB",
		"path": "https://rawcdn.githack.com/quiet324/OtherAlbums/171116/新旧约圣经故事/255他们刺穿了他的肋旁.mp3",
		"title": "255他们刺穿了他的肋旁",
		"id": 6311000045,
		"albumId": 6311,
		"albumName": "新旧约圣经故事-新约-合集二",
		"albumtitle": "新旧约圣经故事-新约-合集二(45)"
	},
	{
		"duration": 501,
		"size": "981.21 KiB",
		"path": "https://rawcdn.githack.com/quiet324/OtherAlbums/171116/新旧约圣经故事/256安置在约瑟的新坟里.mp3",
		"title": "256安置在约瑟的新坟里",
		"id": 6311000046,
		"albumId": 6311,
		"albumName": "新旧约圣经故事-新约-合集二",
		"albumtitle": "新旧约圣经故事-新约-合集二(46)"
	},
	{
		"duration": 629,
		"size": "1.20 MiB",
		"path": "https://rawcdn.githack.com/quiet324/OtherAlbums/171116/新旧约圣经故事/257主复活了.mp3",
		"title": "257主复活了",
		"id": 6311000047,
		"albumId": 6311,
		"albumName": "新旧约圣经故事-新约-合集二",
		"albumtitle": "新旧约圣经故事-新约-合集二(47)"
	},
	{
		"duration": 571,
		"size": "1.09 MiB",
		"path": "https://rawcdn.githack.com/quiet324/OtherAlbums/171116/新旧约圣经故事/258一个假报告.mp3",
		"title": "258一个假报告",
		"id": 6311000048,
		"albumId": 6311,
		"albumName": "新旧约圣经故事-新约-合集二",
		"albumtitle": "新旧约圣经故事-新约-合集二(48)"
	},
	{
		"duration": 358,
		"size": "701.72 KiB",
		"path": "https://rawcdn.githack.com/quiet324/OtherAlbums/171116/新旧约圣经故事/259耶稣向马利亚显现.mp3",
		"title": "259耶稣向马利亚显现",
		"id": 6311000049,
		"albumId": 6311,
		"albumName": "新旧约圣经故事-新约-合集二",
		"albumtitle": "新旧约圣经故事-新约-合集二(49)"
	},
	{
		"duration": 626,
		"size": "1.20 MiB",
		"path": "https://rawcdn.githack.com/quiet324/OtherAlbums/171116/新旧约圣经故事/260往以马忤斯的路上.mp3",
		"title": "260往以马忤斯的路上",
		"id": 6311000050,
		"albumId": 6311,
		"albumName": "新旧约圣经故事-新约-合集二",
		"albumtitle": "新旧约圣经故事-新约-合集二(50)"
	},
	{
		"duration": 676,
		"size": "1.29 MiB",
		"path": "https://rawcdn.githack.com/quiet324/OtherAlbums/171116/新旧约圣经故事/261主耶稣向门徒显现.mp3",
		"title": "261主耶稣向门徒显现",
		"id": 6311000051,
		"albumId": 6311,
		"albumName": "新旧约圣经故事-新约-合集二",
		"albumtitle": "新旧约圣经故事-新约-合集二(51)"
	},
	{
		"duration": 571,
		"size": "1.09 MiB",
		"path": "https://rawcdn.githack.com/quiet324/OtherAlbums/171116/新旧约圣经故事/262疑惑的多马.mp3",
		"title": "262疑惑的多马",
		"id": 6311000052,
		"albumId": 6311,
		"albumName": "新旧约圣经故事-新约-合集二",
		"albumtitle": "新旧约圣经故事-新约-合集二(52)"
	},
	{
		"duration": 690,
		"size": "1.32 MiB",
		"path": "https://rawcdn.githack.com/quiet324/OtherAlbums/171116/新旧约圣经故事/263又一次在海边.mp3",
		"title": "263又一次在海边",
		"id": 6311000053,
		"albumId": 6311,
		"albumName": "新旧约圣经故事-新约-合集二",
		"albumtitle": "新旧约圣经故事-新约-合集二(53)"
	},
	{
		"duration": 388,
		"size": "760.78 KiB",
		"path": "https://rawcdn.githack.com/quiet324/OtherAlbums/171116/新旧约圣经故事/264耶稣的使命及升天.mp3",
		"title": "264耶稣的使命及升天",
		"id": 6311000054,
		"albumId": 6311,
		"albumName": "新旧约圣经故事-新约-合集二",
		"albumtitle": "新旧约圣经故事-新约-合集二(54)"
	},
	{
		"duration": 678,
		"size": "1.29 MiB",
		"path": "https://rawcdn.githack.com/quiet324/OtherAlbums/171116/新旧约圣经故事/265安慰者的来临.mp3",
		"title": "265安慰者的来临",
		"id": 6311000055,
		"albumId": 6311,
		"albumName": "新旧约圣经故事-新约-合集二",
		"albumtitle": "新旧约圣经故事-新约-合集二(55)"
	},
	{
		"duration": 664,
		"size": "1.27 MiB",
		"path": "https://rawcdn.githack.com/quiet324/OtherAlbums/171116/新旧约圣经故事/266使徒被禁传道.mp3",
		"title": "266使徒被禁传道",
		"id": 6311000056,
		"albumId": 6311,
		"albumName": "新旧约圣经故事-新约-合集二",
		"albumtitle": "新旧约圣经故事-新约-合集二(56)"
	},
	{
		"duration": 622,
		"size": "1.19 MiB",
		"path": "https://rawcdn.githack.com/quiet324/OtherAlbums/171116/新旧约圣经故事/267司提反殉道.mp3",
		"title": "267司提反殉道",
		"id": 6311000057,
		"albumId": 6311,
		"albumName": "新旧约圣经故事-新约-合集二",
		"albumtitle": "新旧约圣经故事-新约-合集二(57)"
	},
	{
		"duration": 737,
		"size": "1.41 MiB",
		"path": "https://rawcdn.githack.com/quiet324/OtherAlbums/171116/新旧约圣经故事/268使徒保罗的故事.mp3",
		"title": "268使徒保罗的故事",
		"id": 6311000058,
		"albumId": 6311,
		"albumName": "新旧约圣经故事-新约-合集二",
		"albumtitle": "新旧约圣经故事-新约-合集二(58)"
	},
	{
		"duration": 683,
		"size": "1.30 MiB",
		"path": "https://rawcdn.githack.com/quiet324/OtherAlbums/171116/新旧约圣经故事/269扫罗的改变.mp3",
		"title": "269扫罗的改变",
		"id": 6311000059,
		"albumId": 6311,
		"albumName": "新旧约圣经故事-新约-合集二",
		"albumtitle": "新旧约圣经故事-新约-合集二(59)"
	},
	{
		"duration": 827,
		"size": "1.58 MiB",
		"path": "https://rawcdn.githack.com/quiet324/OtherAlbums/171116/新旧约圣经故事/270哥尼流的回转.mp3",
		"title": "270哥尼流的回转",
		"id": 6311000060,
		"albumId": 6311,
		"albumName": "新旧约圣经故事-新约-合集二",
		"albumtitle": "新旧约圣经故事-新约-合集二(60)"
	}
]