[
	{
		"duration": 651,
		"size": "1.24 MiB",
		"path": "https://rawcdn.githack.com/quiet324/OtherAlbums/171116/新旧约圣经故事/151预言耶稣降生.mp3",
		"title": "151预言耶稣降生",
		"id": 6310000001,
		"albumId": 6310,
		"albumName": "新旧约圣经故事-新约-合集一",
		"albumtitle": "新旧约圣经故事-新约-合集一(1)"
	},
	{
		"duration": 423,
		"size": "827.51 KiB",
		"path": "https://rawcdn.githack.com/quiet324/OtherAlbums/171116/新旧约圣经故事/152马利亚订婚天使报信.mp3",
		"title": "152马利亚订婚天使报信",
		"id": 6310000002,
		"albumId": 6310,
		"albumName": "新旧约圣经故事-新约-合集一",
		"albumtitle": "新旧约圣经故事-新约-合集一(2)"
	},
	{
		"duration": 727,
		"size": "1.39 MiB",
		"path": "https://rawcdn.githack.com/quiet324/OtherAlbums/171116/新旧约圣经故事/153起名叫耶稣.mp3",
		"title": "153起名叫耶稣",
		"id": 6310000003,
		"albumId": 6310,
		"albumName": "新旧约圣经故事-新约-合集一",
		"albumtitle": "新旧约圣经故事-新约-合集一(3)"
	},
	{
		"duration": 489,
		"size": "956.67 KiB",
		"path": "https://rawcdn.githack.com/quiet324/OtherAlbums/171116/新旧约圣经故事/154耶稣降生.mp3",
		"title": "154耶稣降生",
		"id": 6310000004,
		"albumId": 6310,
		"albumName": "新旧约圣经故事-新约-合集一",
		"albumtitle": "新旧约圣经故事-新约-合集一(4)"
	},
	{
		"duration": 627,
		"size": "1.20 MiB",
		"path": "https://rawcdn.githack.com/quiet324/OtherAlbums/171116/新旧约圣经故事/155牧羊人欣闻佳音.mp3",
		"title": "155牧羊人欣闻佳音",
		"id": 6310000005,
		"albumId": 6310,
		"albumName": "新旧约圣经故事-新约-合集一",
		"albumtitle": "新旧约圣经故事-新约-合集一(5)"
	},
	{
		"duration": 501,
		"size": "979.95 KiB",
		"path": "https://rawcdn.githack.com/quiet324/OtherAlbums/171116/新旧约圣经故事/156西面祝福婴孩耶稣.mp3",
		"title": "156西面祝福婴孩耶稣",
		"id": 6310000006,
		"albumId": 6310,
		"albumName": "新旧约圣经故事-新约-合集一",
		"albumtitle": "新旧约圣经故事-新约-合集一(6)"
	},
	{
		"duration": 538,
		"size": "1.03 MiB",
		"path": "https://rawcdn.githack.com/quiet324/OtherAlbums/171116/新旧约圣经故事/157博士来访.mp3",
		"title": "157博士来访",
		"id": 6310000007,
		"albumId": 6310,
		"albumName": "新旧约圣经故事-新约-合集一",
		"albumtitle": "新旧约圣经故事-新约-合集一(7)"
	},
	{
		"duration": 495,
		"size": "968.70 KiB",
		"path": "https://rawcdn.githack.com/quiet324/OtherAlbums/171116/新旧约圣经故事/158亡命埃及.mp3",
		"title": "158亡命埃及",
		"id": 6310000008,
		"albumId": 6310,
		"albumName": "新旧约圣经故事-新约-合集一",
		"albumtitle": "新旧约圣经故事-新约-合集一(8)"
	},
	{
		"duration": 579,
		"size": "1.11 MiB",
		"path": "https://rawcdn.githack.com/quiet324/OtherAlbums/171116/新旧约圣经故事/159耶稣在拿撒勒的童年.mp3",
		"title": "159耶稣在拿撒勒的童年",
		"id": 6310000009,
		"albumId": 6310,
		"albumName": "新旧约圣经故事-新约-合集一",
		"albumtitle": "新旧约圣经故事-新约-合集一(9)"
	},
	{
		"duration": 521,
		"size": "1020.09 KiB",
		"path": "https://rawcdn.githack.com/quiet324/OtherAlbums/171116/新旧约圣经故事/160逾越节.mp3",
		"title": "160逾越节",
		"id": 6310000010,
		"albumId": 6310,
		"albumName": "新旧约圣经故事-新约-合集一",
		"albumtitle": "新旧约圣经故事-新约-合集一(10)"
	},
	{
		"duration": 538,
		"size": "1.03 MiB",
		"path": "https://rawcdn.githack.com/quiet324/OtherAlbums/171116/新旧约圣经故事/161耶稣与教师.mp3",
		"title": "161耶稣与教师",
		"id": 6310000011,
		"albumId": 6310,
		"albumName": "新旧约圣经故事-新约-合集一",
		"albumtitle": "新旧约圣经故事-新约-合集一(11)"
	},
	{
		"duration": 574,
		"size": "1.10 MiB",
		"path": "https://rawcdn.githack.com/quiet324/OtherAlbums/171116/新旧约圣经故事/162耶稣不在旅行团中.mp3",
		"title": "162耶稣不在旅行团中",
		"id": 6310000012,
		"albumId": 6310,
		"albumName": "新旧约圣经故事-新约-合集一",
		"albumtitle": "新旧约圣经故事-新约-合集一(12)"
	},
	{
		"duration": 469,
		"size": "918.00 KiB",
		"path": "https://rawcdn.githack.com/quiet324/OtherAlbums/171116/新旧约圣经故事/163在拿撒勒的少年时代.mp3",
		"title": "163在拿撒勒的少年时代",
		"id": 6310000013,
		"albumId": 6310,
		"albumName": "新旧约圣经故事-新约-合集一",
		"albumtitle": "新旧约圣经故事-新约-合集一(13)"
	},
	{
		"duration": 619,
		"size": "1.18 MiB",
		"path": "https://rawcdn.githack.com/quiet324/OtherAlbums/171116/新旧约圣经故事/164约翰－旷野的呼声.mp3",
		"title": "164约翰－旷野的呼声",
		"id": 6310000014,
		"albumId": 6310,
		"albumName": "新旧约圣经故事-新约-合集一",
		"albumtitle": "新旧约圣经故事-新约-合集一(14)"
	},
	{
		"duration": 533,
		"size": "1.02 MiB",
		"path": "https://rawcdn.githack.com/quiet324/OtherAlbums/171116/新旧约圣经故事/165耶稣受洗.mp3",
		"title": "165耶稣受洗",
		"id": 6310000015,
		"albumId": 6310,
		"albumName": "新旧约圣经故事-新约-合集一",
		"albumtitle": "新旧约圣经故事-新约-合集一(15)"
	},
	{
		"duration": 746,
		"size": "1.42 MiB",
		"path": "https://rawcdn.githack.com/quiet324/OtherAlbums/171116/新旧约圣经故事/166在旷野试探.mp3",
		"title": "166在旷野试探",
		"id": 6310000016,
		"albumId": 6310,
		"albumName": "新旧约圣经故事-新约-合集一",
		"albumtitle": "新旧约圣经故事-新约-合集一(16)"
	},
	{
		"duration": 510,
		"size": "998.65 KiB",
		"path": "https://rawcdn.githack.com/quiet324/OtherAlbums/171116/新旧约圣经故事/167呼召五个门徒.mp3",
		"title": "167呼召五个门徒",
		"id": 6310000017,
		"albumId": 6310,
		"albumName": "新旧约圣经故事-新约-合集一",
		"albumtitle": "新旧约圣经故事-新约-合集一(17)"
	},
	{
		"duration": 469,
		"size": "918.91 KiB",
		"path": "https://rawcdn.githack.com/quiet324/OtherAlbums/171116/新旧约圣经故事/168清水变美酒.mp3",
		"title": "168清水变美酒",
		"id": 6310000018,
		"albumId": 6310,
		"albumName": "新旧约圣经故事-新约-合集一",
		"albumtitle": "新旧约圣经故事-新约-合集一(18)"
	},
	{
		"duration": 611,
		"size": "1.17 MiB",
		"path": "https://rawcdn.githack.com/quiet324/OtherAlbums/171116/新旧约圣经故事/169在伯大尼的朋友.mp3",
		"title": "169在伯大尼的朋友",
		"id": 6310000019,
		"albumId": 6310,
		"albumName": "新旧约圣经故事-新约-合集一",
		"albumtitle": "新旧约圣经故事-新约-合集一(19)"
	},
	{
		"duration": 535,
		"size": "1.02 MiB",
		"path": "https://rawcdn.githack.com/quiet324/OtherAlbums/171116/新旧约圣经故事/170耶稣与尼哥底母.mp3",
		"title": "170耶稣与尼哥底母",
		"id": 6310000020,
		"albumId": 6310,
		"albumName": "新旧约圣经故事-新约-合集一",
		"albumtitle": "新旧约圣经故事-新约-合集一(20)"
	},
	{
		"duration": 567,
		"size": "1.08 MiB",
		"path": "https://rawcdn.githack.com/quiet324/OtherAlbums/171116/新旧约圣经故事/171约翰与门徒.mp3",
		"title": "171约翰与门徒",
		"id": 6310000021,
		"albumId": 6310,
		"albumName": "新旧约圣经故事-新约-合集一",
		"albumtitle": "新旧约圣经故事-新约-合集一(21)"
	},
	{
		"duration": 485,
		"size": "949.57 KiB",
		"path": "https://rawcdn.githack.com/quiet324/OtherAlbums/171116/新旧约圣经故事/172井边的撒马利亚妇人.mp3",
		"title": "172井边的撒马利亚妇人",
		"id": 6310000022,
		"albumId": 6310,
		"albumName": "新旧约圣经故事-新约-合集一",
		"albumtitle": "新旧约圣经故事-新约-合集一(22)"
	},
	{
		"duration": 571,
		"size": "1.09 MiB",
		"path": "https://rawcdn.githack.com/quiet324/OtherAlbums/171116/新旧约圣经故事/173大臣的儿子.mp3",
		"title": "173大臣的儿子",
		"id": 6310000023,
		"albumId": 6310,
		"albumName": "新旧约圣经故事-新约-合集一",
		"albumtitle": "新旧约圣经故事-新约-合集一(23)"
	},
	{
		"duration": 439,
		"size": "859.92 KiB",
		"path": "https://rawcdn.githack.com/quiet324/OtherAlbums/171116/新旧约圣经故事/174瘫子在毕士大池得医治.mp3",
		"title": "174瘫子在毕士大池得医治",
		"id": 6310000024,
		"albumId": 6310,
		"albumName": "新旧约圣经故事-新约-合集一",
		"albumtitle": "新旧约圣经故事-新约-合集一(24)"
	},
	{
		"duration": 476,
		"size": "932.70 KiB",
		"path": "https://rawcdn.githack.com/quiet324/OtherAlbums/171116/新旧约圣经故事/175施洗约翰被囚.mp3",
		"title": "175施洗约翰被囚",
		"id": 6310000025,
		"albumId": 6310,
		"albumName": "新旧约圣经故事-新约-合集一",
		"albumtitle": "新旧约圣经故事-新约-合集一(25)"
	},
	{
		"duration": 633,
		"size": "1.21 MiB",
		"path": "https://rawcdn.githack.com/quiet324/OtherAlbums/171116/新旧约圣经故事/176施洗约翰之死.mp3",
		"title": "176施洗约翰之死",
		"id": 6310000026,
		"albumId": 6310,
		"albumName": "新旧约圣经故事-新约-合集一",
		"albumtitle": "新旧约圣经故事-新约-合集一(26)"
	},
	{
		"duration": 558,
		"size": "1.07 MiB",
		"path": "https://rawcdn.githack.com/quiet324/OtherAlbums/171116/新旧约圣经故事/177木匠的儿子.mp3",
		"title": "177木匠的儿子",
		"id": 6310000027,
		"albumId": 6310,
		"albumName": "新旧约圣经故事-新约-合集一",
		"albumtitle": "新旧约圣经故事-新约-合集一(27)"
	},
	{
		"duration": 548,
		"size": "1.05 MiB",
		"path": "https://rawcdn.githack.com/quiet324/OtherAlbums/171116/新旧约圣经故事/178得人如鱼.mp3",
		"title": "178得人如鱼",
		"id": 6310000028,
		"albumId": 6310,
		"albumName": "新旧约圣经故事-新约-合集一",
		"albumtitle": "新旧约圣经故事-新约-合集一(28)"
	},
	{
		"duration": 571,
		"size": "1.09 MiB",
		"path": "https://rawcdn.githack.com/quiet324/OtherAlbums/171116/新旧约圣经故事/179彼得的岳母.mp3",
		"title": "179彼得的岳母",
		"id": 6310000029,
		"albumId": 6310,
		"albumName": "新旧约圣经故事-新约-合集一",
		"albumtitle": "新旧约圣经故事-新约-合集一(29)"
	},
	{
		"duration": 581,
		"size": "1.11 MiB",
		"path": "https://rawcdn.githack.com/quiet324/OtherAlbums/171116/新旧约圣经故事/180医治瘫子.mp3",
		"title": "180医治瘫子",
		"id": 6310000030,
		"albumId": 6310,
		"albumName": "新旧约圣经故事-新约-合集一",
		"albumtitle": "新旧约圣经故事-新约-合集一(30)"
	},
	{
		"duration": 556,
		"size": "1.06 MiB",
		"path": "https://rawcdn.githack.com/quiet324/OtherAlbums/171116/新旧约圣经故事/181呼召利未马太.mp3",
		"title": "181呼召利未马太",
		"id": 6310000031,
		"albumId": 6310,
		"albumName": "新旧约圣经故事-新约-合集一",
		"albumtitle": "新旧约圣经故事-新约-合集一(31)"
	},
	{
		"duration": 355,
		"size": "695.11 KiB",
		"path": "https://rawcdn.githack.com/quiet324/OtherAlbums/171116/新旧约圣经故事/182经过麦田医好手枯干的.mp3",
		"title": "182经过麦田医好手枯干的",
		"id": 6310000032,
		"albumId": 6310,
		"albumName": "新旧约圣经故事-新约-合集一",
		"albumtitle": "新旧约圣经故事-新约-合集一(32)"
	},
	{
		"duration": 549,
		"size": "1.05 MiB",
		"path": "https://rawcdn.githack.com/quiet324/OtherAlbums/171116/新旧约圣经故事/183挑选十二门徒.mp3",
		"title": "183挑选十二门徒",
		"id": 6310000033,
		"albumId": 6310,
		"albumName": "新旧约圣经故事-新约-合集一",
		"albumtitle": "新旧约圣经故事-新约-合集一(33)"
	},
	{
		"duration": 515,
		"size": "1007.58 KiB",
		"path": "https://rawcdn.githack.com/quiet324/OtherAlbums/171116/新旧约圣经故事/184登山宝训.mp3",
		"title": "184登山宝训",
		"id": 6310000034,
		"albumId": 6310,
		"albumName": "新旧约圣经故事-新约-合集一",
		"albumtitle": "新旧约圣经故事-新约-合集一(34)"
	},
	{
		"duration": 466,
		"size": "911.67 KiB",
		"path": "https://rawcdn.githack.com/quiet324/OtherAlbums/171116/新旧约圣经故事/185天上的财宝.mp3",
		"title": "185天上的财宝",
		"id": 6310000035,
		"albumId": 6310,
		"albumName": "新旧约圣经故事-新约-合集一",
		"albumtitle": "新旧约圣经故事-新约-合集一(35)"
	},
	{
		"duration": 444,
		"size": "868.50 KiB",
		"path": "https://rawcdn.githack.com/quiet324/OtherAlbums/171116/新旧约圣经故事/186耶稣的教训.mp3",
		"title": "186耶稣的教训",
		"id": 6310000036,
		"albumId": 6310,
		"albumName": "新旧约圣经故事-新约-合集一",
		"albumtitle": "新旧约圣经故事-新约-合集一(36)"
	},
	{
		"duration": 474,
		"size": "928.05 KiB",
		"path": "https://rawcdn.githack.com/quiet324/OtherAlbums/171116/新旧约圣经故事/187百夫长的仆人.mp3",
		"title": "187百夫长的仆人",
		"id": 6310000037,
		"albumId": 6310,
		"albumName": "新旧约圣经故事-新约-合集一",
		"albumtitle": "新旧约圣经故事-新约-合集一(37)"
	},
	{
		"duration": 447,
		"size": "874.69 KiB",
		"path": "https://rawcdn.githack.com/quiet324/OtherAlbums/171116/新旧约圣经故事/188使寡妇的儿子复活.mp3",
		"title": "188使寡妇的儿子复活",
		"id": 6310000038,
		"albumId": 6310,
		"albumName": "新旧约圣经故事-新约-合集一",
		"albumtitle": "新旧约圣经故事-新约-合集一(38)"
	},
	{
		"duration": 502,
		"size": "983.04 KiB",
		"path": "https://rawcdn.githack.com/quiet324/OtherAlbums/171116/新旧约圣经故事/189撒种的比喻.mp3",
		"title": "189撒种的比喻",
		"id": 6310000039,
		"albumId": 6310,
		"albumName": "新旧约圣经故事-新约-合集一",
		"albumtitle": "新旧约圣经故事-新约-合集一(39)"
	},
	{
		"duration": 642,
		"size": "1.23 MiB",
		"path": "https://rawcdn.githack.com/quiet324/OtherAlbums/171116/新旧约圣经故事/190天国的比喻.mp3",
		"title": "190天国的比喻",
		"id": 6310000040,
		"albumId": 6310,
		"albumName": "新旧约圣经故事-新约-合集一",
		"albumtitle": "新旧约圣经故事-新约-合集一(40)"
	},
	{
		"duration": 409,
		"size": "801.56 KiB",
		"path": "https://rawcdn.githack.com/quiet324/OtherAlbums/171116/新旧约圣经故事/191平静风暴.mp3",
		"title": "191平静风暴",
		"id": 6310000041,
		"albumId": 6310,
		"albumName": "新旧约圣经故事-新约-合集一",
		"albumtitle": "新旧约圣经故事-新约-合集一(41)"
	},
	{
		"duration": 467,
		"size": "915.05 KiB",
		"path": "https://rawcdn.githack.com/quiet324/OtherAlbums/171116/新旧约圣经故事/192医好两个疯狂人.mp3",
		"title": "192医好两个疯狂人",
		"id": 6310000042,
		"albumId": 6310,
		"albumName": "新旧约圣经故事-新约-合集一",
		"albumtitle": "新旧约圣经故事-新约-合集一(42)"
	},
	{
		"duration": 590,
		"size": "1.13 MiB",
		"path": "https://rawcdn.githack.com/quiet324/OtherAlbums/171116/新旧约圣经故事/193睚鲁的女儿复活.mp3",
		"title": "193睚鲁的女儿复活",
		"id": 6310000043,
		"albumId": 6310,
		"albumName": "新旧约圣经故事-新约-合集一",
		"albumtitle": "新旧约圣经故事-新约-合集一(43)"
	},
	{
		"duration": 453,
		"size": "887.48 KiB",
		"path": "https://rawcdn.githack.com/quiet324/OtherAlbums/171116/新旧约圣经故事/194求主教我们祷告.mp3",
		"title": "194求主教我们祷告",
		"id": 6310000044,
		"albumId": 6310,
		"albumName": "新旧约圣经故事-新约-合集一",
		"albumtitle": "新旧约圣经故事-新约-合集一(44)"
	},
	{
		"duration": 561,
		"size": "1.07 MiB",
		"path": "https://rawcdn.githack.com/quiet324/OtherAlbums/171116/新旧约圣经故事/195给五千人吃饱.mp3",
		"title": "195给五千人吃饱",
		"id": 6310000045,
		"albumId": 6310,
		"albumName": "新旧约圣经故事-新约-合集一",
		"albumtitle": "新旧约圣经故事-新约-合集一(45)"
	},
	{
		"duration": 459,
		"size": "898.31 KiB",
		"path": "https://rawcdn.githack.com/quiet324/OtherAlbums/171116/新旧约圣经故事/196耶稣履海.mp3",
		"title": "196耶稣履海",
		"id": 6310000046,
		"albumId": 6310,
		"albumName": "新旧约圣经故事-新约-合集一",
		"albumtitle": "新旧约圣经故事-新约-合集一(46)"
	},
	{
		"duration": 486,
		"size": "951.47 KiB",
		"path": "https://rawcdn.githack.com/quiet324/OtherAlbums/171116/新旧约圣经故事/197加利利的危机.mp3",
		"title": "197加利利的危机",
		"id": 6310000047,
		"albumId": 6310,
		"albumName": "新旧约圣经故事-新约-合集一",
		"albumtitle": "新旧约圣经故事-新约-合集一(47)"
	},
	{
		"duration": 486,
		"size": "950.55 KiB",
		"path": "https://rawcdn.githack.com/quiet324/OtherAlbums/171116/新旧约圣经故事/198外邦妇人的信心.mp3",
		"title": "198外邦妇人的信心",
		"id": 6310000048,
		"albumId": 6310,
		"albumName": "新旧约圣经故事-新约-合集一",
		"albumtitle": "新旧约圣经故事-新约-合集一(48)"
	},
	{
		"duration": 487,
		"size": "953.30 KiB",
		"path": "https://rawcdn.githack.com/quiet324/OtherAlbums/171116/新旧约圣经故事/199四千人食饱犹太人求神迹.mp3",
		"title": "199四千人食饱犹太人求神迹",
		"id": 6310000049,
		"albumId": 6310,
		"albumName": "新旧约圣经故事-新约-合集一",
		"albumtitle": "新旧约圣经故事-新约-合集一(49)"
	},
	{
		"duration": 439,
		"size": "859.99 KiB",
		"path": "https://rawcdn.githack.com/quiet324/OtherAlbums/171116/新旧约圣经故事/200彼得的表白耶稣是磐石.mp3",
		"title": "200彼得的表白耶稣是磐石",
		"id": 6310000050,
		"albumId": 6310,
		"albumName": "新旧约圣经故事-新约-合集一",
		"albumtitle": "新旧约圣经故事-新约-合集一(50)"
	},
	{
		"duration": 431,
		"size": "844.80 KiB",
		"path": "https://rawcdn.githack.com/quiet324/OtherAlbums/171116/新旧约圣经故事/201耶稣同摩西及以利亚谈话.mp3",
		"title": "201耶稣同摩西及以利亚谈话",
		"id": 6310000051,
		"albumId": 6310,
		"albumName": "新旧约圣经故事-新约-合集一",
		"albumtitle": "新旧约圣经故事-新约-合集一(51)"
	},
	{
		"duration": 493,
		"size": "964.97 KiB",
		"path": "https://rawcdn.githack.com/quiet324/OtherAlbums/171116/新旧约圣经故事/202聋哑鬼附的男孩.mp3",
		"title": "202聋哑鬼附的男孩",
		"id": 6310000052,
		"albumId": 6310,
		"albumName": "新旧约圣经故事-新约-合集一",
		"albumtitle": "新旧约圣经故事-新约-合集一(52)"
	},
	{
		"duration": 397,
		"size": "777.66 KiB",
		"path": "https://rawcdn.githack.com/quiet324/OtherAlbums/171116/新旧约圣经故事/203耶稣和税吏.mp3",
		"title": "203耶稣和税吏",
		"id": 6310000053,
		"albumId": 6310,
		"albumName": "新旧约圣经故事-新约-合集一",
		"albumtitle": "新旧约圣经故事-新约-合集一(53)"
	},
	{
		"duration": 439,
		"size": "860.06 KiB",
		"path": "https://rawcdn.githack.com/quiet324/OtherAlbums/171116/新旧约圣经故事/204谁是最大.mp3",
		"title": "204谁是最大",
		"id": 6310000054,
		"albumId": 6310,
		"albumName": "新旧约圣经故事-新约-合集一",
		"albumtitle": "新旧约圣经故事-新约-合集一(54)"
	},
	{
		"duration": 572,
		"size": "1.09 MiB",
		"path": "https://rawcdn.githack.com/quiet324/OtherAlbums/171116/新旧约圣经故事/205耶稣过住棚节.mp3",
		"title": "205耶稣过住棚节",
		"id": 6310000055,
		"albumId": 6310,
		"albumName": "新旧约圣经故事-新约-合集一",
		"albumtitle": "新旧约圣经故事-新约-合集一(55)"
	},
	{
		"duration": 560,
		"size": "1.07 MiB",
		"path": "https://rawcdn.githack.com/quiet324/OtherAlbums/171116/新旧约圣经故事/206意见分歧.mp3",
		"title": "206意见分歧",
		"id": 6310000056,
		"albumId": 6310,
		"albumName": "新旧约圣经故事-新约-合集一",
		"albumtitle": "新旧约圣经故事-新约-合集一(56)"
	},
	{
		"duration": 521,
		"size": "1019.60 KiB",
		"path": "https://rawcdn.githack.com/quiet324/OtherAlbums/171116/新旧约圣经故事/207耶稣在地上画字.mp3",
		"title": "207耶稣在地上画字",
		"id": 6310000057,
		"albumId": 6310,
		"albumName": "新旧约圣经故事-新约-合集一",
		"albumtitle": "新旧约圣经故事-新约-合集一(57)"
	},
	{
		"duration": 499,
		"size": "976.92 KiB",
		"path": "https://rawcdn.githack.com/quiet324/OtherAlbums/171116/新旧约圣经故事/208耶稣斥责不信的犹太人.mp3",
		"title": "208耶稣斥责不信的犹太人",
		"id": 6310000058,
		"albumId": 6310,
		"albumName": "新旧约圣经故事-新约-合集一",
		"albumtitle": "新旧约圣经故事-新约-合集一(58)"
	},
	{
		"duration": 588,
		"size": "1.12 MiB",
		"path": "https://rawcdn.githack.com/quiet324/OtherAlbums/171116/新旧约圣经故事/209耶稣医好天生的瞎子.mp3",
		"title": "209耶稣医好天生的瞎子",
		"id": 6310000059,
		"albumId": 6310,
		"albumName": "新旧约圣经故事-新约-合集一",
		"albumtitle": "新旧约圣经故事-新约-合集一(59)"
	},
	{
		"duration": 490,
		"size": "959.70 KiB",
		"path": "https://rawcdn.githack.com/quiet324/OtherAlbums/171116/新旧约圣经故事/210羊圈的门好牧人.mp3",
		"title": "210羊圈的门好牧人",
		"id": 6310000060,
		"albumId": 6310,
		"albumName": "新旧约圣经故事-新约-合集一",
		"albumtitle": "新旧约圣经故事-新约-合集一(60)"
	}
]