[
	{
		"albumtitle": "教牧生活與事奉(01)",
		"duration": 1760,
		"size": "6.5M",
		"albumId": 224,
		"albumName": "教牧生活與事奉",
		"path": "https://rawcdn.githack.com/quiet324/Media4JAlbum/17060924/Pastorslife/Pastorslife01.mp3",
		"id": 224888180
	},
	{
		"albumtitle": "教牧生活與事奉(02)",
		"duration": 1760,
		"size": "6.5M",
		"albumId": 224,
		"albumName": "教牧生活與事奉",
		"path": "https://rawcdn.githack.com/quiet324/Media4JAlbum/17060924/Pastorslife/Pastorslife02.mp3",
		"id": 224888181
	},
	{
		"albumtitle": "教牧生活與事奉(03)",
		"duration": 1760,
		"size": "6.5M",
		"albumId": 224,
		"albumName": "教牧生活與事奉",
		"path": "https://rawcdn.githack.com/quiet324/Media4JAlbum/17060924/Pastorslife/Pastorslife03.mp3",
		"id": 224888182
	},
	{
		"albumtitle": "教牧生活與事奉(04)",
		"duration": 1760,
		"size": "6.5M",
		"albumId": 224,
		"albumName": "教牧生活與事奉",
		"path": "https://rawcdn.githack.com/quiet324/Media4JAlbum/17060924/Pastorslife/Pastorslife04.mp3",
		"id": 224888183
	},
	{
		"albumtitle": "教牧生活與事奉(05)",
		"duration": 1760,
		"size": "6.5M",
		"albumId": 224,
		"albumName": "教牧生活與事奉",
		"path": "https://rawcdn.githack.com/quiet324/Media4JAlbum/17060924/Pastorslife/Pastorslife05.mp3",
		"id": 224888184
	},
	{
		"albumtitle": "教牧生活與事奉(06)",
		"duration": 1760,
		"size": "6.5M",
		"albumId": 224,
		"albumName": "教牧生活與事奉",
		"path": "https://rawcdn.githack.com/quiet324/Media4JAlbum/17060924/Pastorslife/Pastorslife06.mp3",
		"id": 224888185
	}
,
	{
		"albumtitle": "教牧生活與事奉(07)",
		"duration": 1760,
		"size": "6.5M",
		"albumId": 224,
		"albumName": "教牧生活與事奉",
		"path": "https://rawcdn.githack.com/quiet324/Media4JAlbum/17060924/Pastorslife/Pastorslife07.mp3",
		"id": 224888186
	},
	{
		"albumtitle": "教牧生活與事奉(08)",
		"duration": 1760,
		"size": "6.5M",
		"albumId": 224,
		"albumName": "教牧生活與事奉",
		"path": "https://rawcdn.githack.com/quiet324/Media4JAlbum/17060924/Pastorslife/Pastorslife08.mp3",
		"id": 224888187
	},
	{
		"albumtitle": "教牧生活與事奉(09)",
		"duration": 1760,
		"size": "6.5M",
		"albumId": 224,
		"albumName": "教牧生活與事奉",
		"path": "https://rawcdn.githack.com/quiet324/Media4JAlbum/17060924/Pastorslife/Pastorslife09.mp3",
		"id": 224888188
	},
	{
		"albumtitle": "教牧生活與事奉(10)",
		"duration": 1760,
		"size": "6.5M",
		"albumId": 224,
		"albumName": "教牧生活與事奉",
		"path": "https://rawcdn.githack.com/quiet324/Media4JAlbum/17060924/Pastorslife/Pastorslife10.mp3",
		"id": 224888189
	},
	{
		"albumtitle": "教牧生活與事奉(11)",
		"duration": 1760,
		"size": "6.5M",
		"albumId": 224,
		"albumName": "教牧生活與事奉",
		"path": "https://rawcdn.githack.com/quiet324/Media4JAlbum/17060924/Pastorslife/Pastorslife11.mp3",
		"id": 224888190
	},
	{
		"albumtitle": "教牧生活與事奉(12)",
		"duration": 1760,
		"size": "6.5M",
		"albumId": 224,
		"albumName": "教牧生活與事奉",
		"path": "https://rawcdn.githack.com/quiet324/Media4JAlbum/17060924/Pastorslife/Pastorslife12.mp3",
		"id": 224888191
	},
	{
		"albumtitle": "教牧生活與事奉(13)",
		"duration": 1760,
		"size": "6.5M",
		"albumId": 224,
		"albumName": "教牧生活與事奉",
		"path": "https://rawcdn.githack.com/quiet324/Media4JAlbum/17060924/Pastorslife/Pastorslife13.mp3",
		"id": 224888192
	},
	{
		"albumtitle": "教牧生活與事奉(14)",
		"duration": 1760,
		"size": "6.5M",
		"albumId": 224,
		"albumName": "教牧生活與事奉",
		"path": "https://rawcdn.githack.com/quiet324/Media4JAlbum/17060924/Pastorslife/Pastorslife14.mp3",
		"id": 224888193
	},
	{
		"albumtitle": "教牧生活與事奉(15)",
		"duration": 1760,
		"size": "6.5M",
		"albumId": 224,
		"albumName": "教牧生活與事奉",
		"path": "https://rawcdn.githack.com/quiet324/Media4JAlbum/17060924/Pastorslife/Pastorslife15.mp3",
		"id": 224888194
	},
	{
		"albumtitle": "教牧生活與事奉(16)",
		"duration": 1760,
		"size": "6.5M",
		"albumId": 224,
		"albumName": "教牧生活與事奉",
		"path": "https://rawcdn.githack.com/quiet324/Media4JAlbum/17060924/Pastorslife/Pastorslife16.mp3",
		"id": 224888195
	}
,
	{
		"albumtitle": "教牧生活與事奉(17)",
		"duration": 1760,
		"size": "6.5M",
		"albumId": 224,
		"albumName": "教牧生活與事奉",
		"path": "https://rawcdn.githack.com/quiet324/Media4JAlbum/17060924/Pastorslife/Pastorslife17.mp3",
		"id": 224888196
	},
	{
		"albumtitle": "教牧生活與事奉(18)",
		"duration": 1760,
		"size": "6.5M",
		"albumId": 224,
		"albumName": "教牧生活與事奉",
		"path": "https://rawcdn.githack.com/quiet324/Media4JAlbum/17060924/Pastorslife/Pastorslife18.mp3",
		"id": 224888197
	},
	{
		"albumtitle": "教牧生活與事奉(19)",
		"duration": 1760,
		"size": "6.5M",
		"albumId": 224,
		"albumName": "教牧生活與事奉",
		"path": "https://rawcdn.githack.com/quiet324/Media4JAlbum/17060924/Pastorslife/Pastorslife19.mp3",
		"id": 224888198
	},
	{
		"albumtitle": "教牧生活與事奉(20)",
		"duration": 1760,
		"size": "6.5M",
		"albumId": 224,
		"albumName": "教牧生活與事奉",
		"path": "https://rawcdn.githack.com/quiet324/Media4JAlbum/17060924/Pastorslife/Pastorslife20.mp3",
		"id": 224888199
	},
	{
		"albumtitle": "教牧生活與事奉(21)",
		"duration": 1760,
		"size": "6.5M",
		"albumId": 224,
		"albumName": "教牧生活與事奉",
		"path": "https://rawcdn.githack.com/quiet324/Media4JAlbum/17060924/Pastorslife/Pastorslife21.mp3",
		"id": 224888200
	},
	{
		"albumtitle": "教牧生活與事奉(22)",
		"duration": 1760,
		"size": "6.5M",
		"albumId": 224,
		"albumName": "教牧生活與事奉",
		"path": "https://rawcdn.githack.com/quiet324/Media4JAlbum/17060924/Pastorslife/Pastorslife22.mp3",
		"id": 224888201
	},
	{
		"albumtitle": "教牧生活與事奉(23)",
		"duration": 1760,
		"size": "6.5M",
		"albumId": 224,
		"albumName": "教牧生活與事奉",
		"path": "https://rawcdn.githack.com/quiet324/Media4JAlbum/17060924/Pastorslife/Pastorslife23.mp3",
		"id": 224888202
	},
	{
		"albumtitle": "教牧生活與事奉(24)",
		"duration": 1760,
		"size": "6.5M",
		"albumId": 224,
		"albumName": "教牧生活與事奉",
		"path": "https://rawcdn.githack.com/quiet324/Media4JAlbum/17060924/Pastorslife/Pastorslife24.mp3",
		"id": 224888203
	}


]