[
	{
		"title": "冯美泉：分享自己与爸爸的复和",
		"downUrl": "http://txly2.net/ly/audio/realme_announcer/realme_announcer01.mp3?amssource=dl&amssermonid=4248",
		"path": "https://rawcdn.githack.com/quiet324/LiangYouAlbums5/170820/realme_announcer/realme_announcer01.mp3",
		"duration": 480,
		"size": "2M",
		"albumId": 6001,
		"albumName": "真我的展现：主持篇",
		"id": 6001000001,
		"albumtitle": "真我的展现：主持篇(1)"
	},
	{
		"title": "孙大中：分享他所吃的早餐",
		"downUrl": "http://txly2.net/ly/audio/realme_announcer/realme_announcer02.mp3?amssource=dl&amssermonid=4249",
		"path": "https://rawcdn.githack.com/quiet324/LiangYouAlbums5/170820/realme_announcer/realme_announcer02.mp3",
		"duration": 480,
		"size": "2M",
		"albumId": 6001,
		"albumName": "真我的展现：主持篇",
		"id": 6001000002,
		"albumtitle": "真我的展现：主持篇(2)"
	},
	{
		"title": "方华：分享她如何看待自己和三个孩子",
		"downUrl": "http://txly2.net/ly/audio/realme_announcer/realme_announcer03.mp3?amssource=dl&amssermonid=4250",
		"path": "https://rawcdn.githack.com/quiet324/LiangYouAlbums5/170820/realme_announcer/realme_announcer03.mp3",
		"duration": 480,
		"size": "2M",
		"albumId": 6001,
		"albumName": "真我的展现：主持篇",
		"id": 6001000003,
		"albumtitle": "真我的展现：主持篇(3)"
	},
	{
		"title": "田薇：分享她的信仰和人生体会",
		"downUrl": "http://txly2.net/ly/audio/realme_announcer/realme_announcer04.mp3?amssource=dl&amssermonid=4251",
		"path": "https://rawcdn.githack.com/quiet324/LiangYouAlbums5/170820/realme_announcer/realme_announcer04.mp3",
		"duration": 480,
		"size": "2M",
		"albumId": 6001,
		"albumName": "真我的展现：主持篇",
		"id": 6001000004,
		"albumtitle": "真我的展现：主持篇(4)"
	},
	{
		"title": "乐欣：分享她不一样的90后态度",
		"downUrl": "http://txly2.net/ly/audio/realme_announcer/realme_announcer05.mp3?amssource=dl&amssermonid=4252",
		"path": "https://rawcdn.githack.com/quiet324/LiangYouAlbums5/170820/realme_announcer/realme_announcer05.mp3",
		"duration": 480,
		"size": "2M",
		"albumId": 6001,
		"albumName": "真我的展现：主持篇",
		"id": 6001000005,
		"albumtitle": "真我的展现：主持篇(5)"
	},
	{
		"title": "文惠：分享她的潘多拉盒子",
		"downUrl": "http://txly2.net/ly/audio/realme_announcer/realme_announcer06.mp3?amssource=dl&amssermonid=4253",
		"path": "https://rawcdn.githack.com/quiet324/LiangYouAlbums5/170820/realme_announcer/realme_announcer06.mp3",
		"duration": 480,
		"size": "2M",
		"albumId": 6001,
		"albumName": "真我的展现：主持篇",
		"id": 6001000006,
		"albumtitle": "真我的展现：主持篇(6)"
	},
	{
		"title": "文惠：分享妈妈中风后的健康情况",
		"downUrl": "http://txly2.net/ly/audio/realme_announcer/realme_announcer07.mp3?amssource=dl&amssermonid=4254",
		"path": "https://rawcdn.githack.com/quiet324/LiangYouAlbums5/170820/realme_announcer/realme_announcer07.mp3",
		"duration": 480,
		"size": "2M",
		"albumId": 6001,
		"albumName": "真我的展现：主持篇",
		"id": 6001000007,
		"albumtitle": "真我的展现：主持篇(7)"
	},
	{
		"title": "杨天成：分享他的个人生活",
		"downUrl": "http://txly2.net/ly/audio/realme_announcer/realme_announcer08.mp3?amssource=dl&amssermonid=4255",
		"path": "https://rawcdn.githack.com/quiet324/LiangYouAlbums5/170820/realme_announcer/realme_announcer08.mp3",
		"duration": 480,
		"size": "2M",
		"albumId": 6001,
		"albumName": "真我的展现：主持篇",
		"id": 6001000008,
		"albumtitle": "真我的展现：主持篇(8)"
	},
	{
		"title": "杨天成：分享孩童教养的两代冲突",
		"downUrl": "http://txly2.net/ly/audio/realme_announcer/realme_announcer09.mp3?amssource=dl&amssermonid=4256",
		"path": "https://rawcdn.githack.com/quiet324/LiangYouAlbums5/170820/realme_announcer/realme_announcer09.mp3",
		"duration": 480,
		"size": "2M",
		"albumId": 6001,
		"albumName": "真我的展现：主持篇",
		"id": 6001000009,
		"albumtitle": "真我的展现：主持篇(9)"
	},
	{
		"title": "刘佳音：分享“生命的快门”",
		"downUrl": "http://txly2.net/ly/audio/realme_announcer/realme_announcer10.mp3?amssource=dl&amssermonid=4257",
		"path": "https://rawcdn.githack.com/quiet324/LiangYouAlbums5/170820/realme_announcer/realme_announcer10.mp3",
		"duration": 480,
		"size": "2M",
		"albumId": 6001,
		"albumName": "真我的展现：主持篇",
		"id": 6001000010,
		"albumtitle": "真我的展现：主持篇(10)"
	},
	{
		"title": "刘佳音：分享当孩子到外国念书时",
		"downUrl": "http://txly2.net/ly/audio/realme_announcer/realme_announcer11.mp3?amssource=dl&amssermonid=4258",
		"path": "https://rawcdn.githack.com/quiet324/LiangYouAlbums5/170820/realme_announcer/realme_announcer11.mp3",
		"duration": 480,
		"size": "2M",
		"albumId": 6001,
		"albumName": "真我的展现：主持篇",
		"id": 6001000011,
		"albumtitle": "真我的展现：主持篇(11)"
	},
	{
		"title": "沙韵：分享“读你千遍不厌倦”",
		"downUrl": "http://txly2.net/ly/audio/realme_announcer/realme_announcer12.mp3?amssource=dl&amssermonid=4259",
		"path": "https://rawcdn.githack.com/quiet324/LiangYouAlbums5/170820/realme_announcer/realme_announcer12.mp3",
		"duration": 480,
		"size": "2M",
		"albumId": 6001,
		"albumName": "真我的展现：主持篇",
		"id": 6001000012,
		"albumtitle": "真我的展现：主持篇(12)"
	},
	{
		"title": "沙韵：分享与丈夫的爱情故事",
		"downUrl": "http://txly2.net/ly/audio/realme_announcer/realme_announcer13.mp3?amssource=dl&amssermonid=4260",
		"path": "https://rawcdn.githack.com/quiet324/LiangYouAlbums5/170820/realme_announcer/realme_announcer13.mp3",
		"duration": 480,
		"size": "2M",
		"albumId": 6001,
		"albumName": "真我的展现：主持篇",
		"id": 6001000013,
		"albumtitle": "真我的展现：主持篇(13)"
	},
	{
		"title": "乐明怡：分享她的专长",
		"downUrl": "http://txly2.net/ly/audio/realme_announcer/realme_announcer14.mp3?amssource=dl&amssermonid=4261",
		"path": "https://rawcdn.githack.com/quiet324/LiangYouAlbums5/170820/realme_announcer/realme_announcer14.mp3",
		"duration": 480,
		"size": "2M",
		"albumId": 6001,
		"albumName": "真我的展现：主持篇",
		"id": 6001000014,
		"albumtitle": "真我的展现：主持篇(14)"
	},
	{
		"title": "乐明怡：分享她的戏剧之路",
		"downUrl": "http://txly2.net/ly/audio/realme_announcer/realme_announcer15.mp3?amssource=dl&amssermonid=4262",
		"path": "https://rawcdn.githack.com/quiet324/LiangYouAlbums5/170820/realme_announcer/realme_announcer15.mp3",
		"duration": 480,
		"size": "2M",
		"albumId": 6001,
		"albumName": "真我的展现：主持篇",
		"id": 6001000015,
		"albumtitle": "真我的展现：主持篇(15)"
	},
	{
		"title": "丁小农：分享她的“鸡肋会”",
		"downUrl": "http://txly2.net/ly/audio/realme_announcer/realme_announcer16.mp3?amssource=dl&amssermonid=4263",
		"path": "https://rawcdn.githack.com/quiet324/LiangYouAlbums5/170820/realme_announcer/realme_announcer16.mp3",
		"duration": 480,
		"size": "2M",
		"albumId": 6001,
		"albumName": "真我的展现：主持篇",
		"id": 6001000016,
		"albumtitle": "真我的展现：主持篇(16)"
	},
	{
		"title": "周素琴：分享《空中辅导》",
		"downUrl": "http://txly2.net/ly/audio/realme_announcer/realme_announcer17.mp3?amssource=dl&amssermonid=4264",
		"path": "https://rawcdn.githack.com/quiet324/LiangYouAlbums5/170820/realme_announcer/realme_announcer17.mp3",
		"duration": 480,
		"size": "2M",
		"albumId": 6001,
		"albumName": "真我的展现：主持篇",
		"id": 6001000017,
		"albumtitle": "真我的展现：主持篇(17)"
	},
	{
		"title": "周素琴：分享更多",
		"downUrl": "http://txly2.net/ly/audio/realme_announcer/realme_announcer18.mp3?amssource=dl&amssermonid=4265",
		"path": "https://rawcdn.githack.com/quiet324/LiangYouAlbums5/170820/realme_announcer/realme_announcer18.mp3",
		"duration": 480,
		"size": "2M",
		"albumId": 6001,
		"albumName": "真我的展现：主持篇",
		"id": 6001000018,
		"albumtitle": "真我的展现：主持篇(18)"
	},
	{
		"title": "徐婷：分享她的……",
		"downUrl": "http://txly2.net/ly/audio/realme_announcer/realme_announcer19.mp3?amssource=dl&amssermonid=4266",
		"path": "https://rawcdn.githack.com/quiet324/LiangYouAlbums5/170820/realme_announcer/realme_announcer19.mp3",
		"duration": 480,
		"size": "2M",
		"albumId": 6001,
		"albumName": "真我的展现：主持篇",
		"id": 6001000019,
		"albumtitle": "真我的展现：主持篇(19)"
	},
	{
		"title": "林诚：分享与徐婷的恋爱故事",
		"downUrl": "http://txly2.net/ly/audio/realme_announcer/realme_announcer20.mp3?amssource=dl&amssermonid=4267",
		"path": "https://rawcdn.githack.com/quiet324/LiangYouAlbums5/170820/realme_announcer/realme_announcer20.mp3",
		"duration": 480,
		"size": "2M",
		"albumId": 6001,
		"albumName": "真我的展现：主持篇",
		"id": 6001000020,
		"albumtitle": "真我的展现：主持篇(20)"
	},
	{
		"title": "武爽的分享",
		"downUrl": "http://txly2.net/ly/audio/realme_announcer/realme_announcer21.mp3?amssource=dl&amssermonid=4268",
		"path": "https://rawcdn.githack.com/quiet324/LiangYouAlbums5/170820/realme_announcer/realme_announcer21.mp3",
		"duration": 480,
		"size": "2M",
		"albumId": 6001,
		"albumName": "真我的展现：主持篇",
		"id": 6001000021,
		"albumtitle": "真我的展现：主持篇(21)"
	},
	{
		"title": "张大卫的分享",
		"downUrl": "http://txly2.net/ly/audio/realme_announcer/realme_announcer22.mp3?amssource=dl&amssermonid=4269",
		"path": "https://rawcdn.githack.com/quiet324/LiangYouAlbums5/170820/realme_announcer/realme_announcer22.mp3",
		"duration": 480,
		"size": "2M",
		"albumId": 6001,
		"albumName": "真我的展现：主持篇",
		"id": 6001000022,
		"albumtitle": "真我的展现：主持篇(22)"
	},
	{
		"title": "梁天路的分享",
		"downUrl": "http://txly2.net/ly/audio/realme_announcer/realme_announcer23.mp3?amssource=dl&amssermonid=4270",
		"path": "https://rawcdn.githack.com/quiet324/LiangYouAlbums5/170820/realme_announcer/realme_announcer23.mp3",
		"duration": 480,
		"size": "2M",
		"albumId": 6001,
		"albumName": "真我的展现：主持篇",
		"id": 6001000023,
		"albumtitle": "真我的展现：主持篇(23)"
	},
	{
		"title": "唐漫的分享",
		"downUrl": "http://txly2.net/ly/audio/realme_announcer/realme_announcer24.mp3?amssource=dl&amssermonid=4271",
		"path": "https://rawcdn.githack.com/quiet324/LiangYouAlbums5/170820/realme_announcer/realme_announcer24.mp3",
		"duration": 480,
		"size": "2M",
		"albumId": 6001,
		"albumName": "真我的展现：主持篇",
		"id": 6001000024,
		"albumtitle": "真我的展现：主持篇(24)"
	},
	{
		"title": "云小羊的分享",
		"downUrl": "http://txly2.net/ly/audio/realme_announcer/realme_announcer25.mp3?amssource=dl&amssermonid=4272",
		"path": "https://rawcdn.githack.com/quiet324/LiangYouAlbums5/170820/realme_announcer/realme_announcer25.mp3",
		"duration": 480,
		"size": "2M",
		"albumId": 6001,
		"albumName": "真我的展现：主持篇",
		"id": 6001000025,
		"albumtitle": "真我的展现：主持篇(25)"
	},
	{
		"title": "黄雅格的分享",
		"downUrl": "http://txly2.net/ly/audio/realme_announcer/realme_announcer26.mp3?amssource=dl&amssermonid=4273",
		"path": "https://rawcdn.githack.com/quiet324/LiangYouAlbums5/170820/realme_announcer/realme_announcer26.mp3",
		"duration": 480,
		"size": "2M",
		"albumId": 6001,
		"albumName": "真我的展现：主持篇",
		"id": 6001000026,
		"albumtitle": "真我的展现：主持篇(26)"
	},
	{
		"title": "苏珊的分享",
		"downUrl": "http://txly2.net/ly/audio/realme_announcer/realme_announcer27.mp3?amssource=dl&amssermonid=4274",
		"path": "https://rawcdn.githack.com/quiet324/LiangYouAlbums5/170820/realme_announcer/realme_announcer27.mp3",
		"duration": 480,
		"size": "2M",
		"albumId": 6001,
		"albumName": "真我的展现：主持篇",
		"id": 6001000027,
		"albumtitle": "真我的展现：主持篇(27)"
	},
	{
		"title": "周彩云的分享",
		"downUrl": "http://txly2.net/ly/audio/realme_announcer/realme_announcer28.mp3?amssource=dl&amssermonid=4275",
		"path": "https://rawcdn.githack.com/quiet324/LiangYouAlbums5/170820/realme_announcer/realme_announcer28.mp3",
		"duration": 480,
		"size": "2M",
		"albumId": 6001,
		"albumName": "真我的展现：主持篇",
		"id": 6001000028,
		"albumtitle": "真我的展现：主持篇(28)"
	},
	{
		"title": "姚谦的分享",
		"downUrl": "http://txly2.net/ly/audio/realme_announcer/realme_announcer29.mp3?amssource=dl&amssermonid=4276",
		"path": "https://rawcdn.githack.com/quiet324/LiangYouAlbums5/170820/realme_announcer/realme_announcer29.mp3",
		"duration": 480,
		"size": "2M",
		"albumId": 6001,
		"albumName": "真我的展现：主持篇",
		"id": 6001000029,
		"albumtitle": "真我的展现：主持篇(29)"
	}
]