[
	{
		"albumtitle": "釋經講道學(01)",
		"duration": 1860,
		"size": "3.6M",
		"albumId": 220,
		"albumName": "釋經講道學",
		"path": "https://rawcdn.githack.com/quiet324/Media4JAlbum/17060920/SermonPreparation/SermonPreparation01.mp3",
		"id": 220888180
	},
	{
		"albumtitle": "釋經講道學(02)",
		"duration": 1860,
		"size": "3.6M",
		"albumId": 220,
		"albumName": "釋經講道學",
		"path": "https://rawcdn.githack.com/quiet324/Media4JAlbum/17060920/SermonPreparation/SermonPreparation02.mp3",
		"id": 220888181
	},
	{
		"albumtitle": "釋經講道學(03)",
		"duration": 1860,
		"size": "3.6M",
		"albumId": 220,
		"albumName": "釋經講道學",
		"path": "https://rawcdn.githack.com/quiet324/Media4JAlbum/17060920/SermonPreparation/SermonPreparation03.mp3",
		"id": 220888182
	},
	{
		"albumtitle": "釋經講道學(04)",
		"duration": 1860,
		"size": "3.6M",
		"albumId": 220,
		"albumName": "釋經講道學",
		"path": "https://rawcdn.githack.com/quiet324/Media4JAlbum/17060920/SermonPreparation/SermonPreparation04.mp3",
		"id": 220888183
	},
	{
		"albumtitle": "釋經講道學(05)",
		"duration": 1860,
		"size": "3.6M",
		"albumId": 220,
		"albumName": "釋經講道學",
		"path": "https://rawcdn.githack.com/quiet324/Media4JAlbum/17060920/SermonPreparation/SermonPreparation05.mp3",
		"id": 220888184
	},
	{
		"albumtitle": "釋經講道學(06)",
		"duration": 1860,
		"size": "3.6M",
		"albumId": 220,
		"albumName": "釋經講道學",
		"path": "https://rawcdn.githack.com/quiet324/Media4JAlbum/17060920/SermonPreparation/SermonPreparation06.mp3",
		"id": 220888185
	}
,
	{
		"albumtitle": "釋經講道學(07)",
		"duration": 1860,
		"size": "3.6M",
		"albumId": 220,
		"albumName": "釋經講道學",
		"path": "https://rawcdn.githack.com/quiet324/Media4JAlbum/17060920/SermonPreparation/SermonPreparation07.mp3",
		"id": 220888186
	},
	{
		"albumtitle": "釋經講道學(08)",
		"duration": 1860,
		"size": "3.6M",
		"albumId": 220,
		"albumName": "釋經講道學",
		"path": "https://rawcdn.githack.com/quiet324/Media4JAlbum/17060920/SermonPreparation/SermonPreparation08.mp3",
		"id": 220888187
	},
	{
		"albumtitle": "釋經講道學(09)",
		"duration": 1860,
		"size": "3.6M",
		"albumId": 220,
		"albumName": "釋經講道學",
		"path": "https://rawcdn.githack.com/quiet324/Media4JAlbum/17060920/SermonPreparation/SermonPreparation09.mp3",
		"id": 220888188
	},
	{
		"albumtitle": "釋經講道學(10)",
		"duration": 1860,
		"size": "3.6M",
		"albumId": 220,
		"albumName": "釋經講道學",
		"path": "https://rawcdn.githack.com/quiet324/Media4JAlbum/17060920/SermonPreparation/SermonPreparation10.mp3",
		"id": 220888189
	},
	{
		"albumtitle": "釋經講道學(11)",
		"duration": 1860,
		"size": "3.6M",
		"albumId": 220,
		"albumName": "釋經講道學",
		"path": "https://rawcdn.githack.com/quiet324/Media4JAlbum/17060920/SermonPreparation/SermonPreparation11.mp3",
		"id": 220888190
	},
	{
		"albumtitle": "釋經講道學(12)",
		"duration": 1860,
		"size": "3.6M",
		"albumId": 220,
		"albumName": "釋經講道學",
		"path": "https://rawcdn.githack.com/quiet324/Media4JAlbum/17060920/SermonPreparation/SermonPreparation12.mp3",
		"id": 220888191
	},
	{
		"albumtitle": "釋經講道學(13)",
		"duration": 1860,
		"size": "3.6M",
		"albumId": 220,
		"albumName": "釋經講道學",
		"path": "https://rawcdn.githack.com/quiet324/Media4JAlbum/17060920/SermonPreparation/SermonPreparation13.mp3",
		"id": 220888192
	},
	{
		"albumtitle": "釋經講道學(14)",
		"duration": 1860,
		"size": "3.6M",
		"albumId": 220,
		"albumName": "釋經講道學",
		"path": "https://rawcdn.githack.com/quiet324/Media4JAlbum/17060920/SermonPreparation/SermonPreparation14.mp3",
		"id": 220888193
	},
	{
		"albumtitle": "釋經講道學(15)",
		"duration": 1860,
		"size": "3.6M",
		"albumId": 220,
		"albumName": "釋經講道學",
		"path": "https://rawcdn.githack.com/quiet324/Media4JAlbum/17060920/SermonPreparation/SermonPreparation15.mp3",
		"id": 220888194
	},
	{
		"albumtitle": "釋經講道學(16)",
		"duration": 1860,
		"size": "3.6M",
		"albumId": 220,
		"albumName": "釋經講道學",
		"path": "https://rawcdn.githack.com/quiet324/Media4JAlbum/17060920/SermonPreparation/SermonPreparation16.mp3",
		"id": 220888195
	}
,
	{
		"albumtitle": "釋經講道學(17)",
		"duration": 1860,
		"size": "3.6M",
		"albumId": 220,
		"albumName": "釋經講道學",
		"path": "https://rawcdn.githack.com/quiet324/Media4JAlbum/17060920/SermonPreparation/SermonPreparation17.mp3",
		"id": 220888196
	},
	{
		"albumtitle": "釋經講道學(18)",
		"duration": 1860,
		"size": "3.6M",
		"albumId": 220,
		"albumName": "釋經講道學",
		"path": "https://rawcdn.githack.com/quiet324/Media4JAlbum/17060920/SermonPreparation/SermonPreparation18.mp3",
		"id": 220888197
	},
	{
		"albumtitle": "釋經講道學(19)",
		"duration": 1860,
		"size": "3.6M",
		"albumId": 220,
		"albumName": "釋經講道學",
		"path": "https://rawcdn.githack.com/quiet324/Media4JAlbum/17060920/SermonPreparation/SermonPreparation19.mp3",
		"id": 220888198
	},
	{
		"albumtitle": "釋經講道學(20)",
		"duration": 1860,
		"size": "3.6M",
		"albumId": 220,
		"albumName": "釋經講道學",
		"path": "https://rawcdn.githack.com/quiet324/Media4JAlbum/17060920/SermonPreparation/SermonPreparation20.mp3",
		"id": 220888199
	},
	{
		"albumtitle": "釋經講道學(21)",
		"duration": 1860,
		"size": "3.6M",
		"albumId": 220,
		"albumName": "釋經講道學",
		"path": "https://rawcdn.githack.com/quiet324/Media4JAlbum/17060920/SermonPreparation/SermonPreparation21.mp3",
		"id": 220888200
	},
	{
		"albumtitle": "釋經講道學(22)",
		"duration": 1860,
		"size": "3.6M",
		"albumId": 220,
		"albumName": "釋經講道學",
		"path": "https://rawcdn.githack.com/quiet324/Media4JAlbum/17060920/SermonPreparation/SermonPreparation22.mp3",
		"id": 220888201
	},
	{
		"albumtitle": "釋經講道學(23)",
		"duration": 1860,
		"size": "3.6M",
		"albumId": 220,
		"albumName": "釋經講道學",
		"path": "https://rawcdn.githack.com/quiet324/Media4JAlbum/17060920/SermonPreparation/SermonPreparation23.mp3",
		"id": 220888202
	},
	{
		"albumtitle": "釋經講道學(24)",
		"duration": 1860,
		"size": "3.6M",
		"albumId": 220,
		"albumName": "釋經講道學",
		"path": "https://rawcdn.githack.com/quiet324/Media4JAlbum/17060920/SermonPreparation/SermonPreparation24.mp3",
		"id": 220888203
	}
,
	{
		"albumtitle": "釋經講道學(25)",
		"duration": 1860,
		"size": "3.6M",
		"albumId": 220,
		"albumName": "釋經講道學",
		"path": "https://rawcdn.githack.com/quiet324/Media4JAlbum/17060920/SermonPreparation/SermonPreparation25.mp3",
		"id": 220888204
	}
,
	{
		"albumtitle": "釋經講道學(26)",
		"duration": 1860,
		"size": "3.6M",
		"albumId": 220,
		"albumName": "釋經講道學",
		"path": "https://rawcdn.githack.com/quiet324/Media4JAlbum/17060920/SermonPreparation/SermonPreparation26.mp3",
		"id": 220888205
	}
,
	{
		"albumtitle": "釋經講道學(27)",
		"duration": 1860,
		"size": "3.6M",
		"albumId": 220,
		"albumName": "釋經講道學",
		"path": "https://rawcdn.githack.com/quiet324/Media4JAlbum/17060920/SermonPreparation/SermonPreparation27.mp3",
		"id": 220888206
	}
,
	{
		"albumtitle": "釋經講道學(28)",
		"duration": 1860,
		"size": "3.6M",
		"albumId": 220,
		"albumName": "釋經講道學",
		"path": "https://rawcdn.githack.com/quiet324/Media4JAlbum/17060920/SermonPreparation/SermonPreparation28.mp3",
		"id": 220888207
	}
,
	{
		"albumtitle": "釋經講道學(29)",
		"duration": 1860,
		"size": "3.6M",
		"albumId": 220,
		"albumName": "釋經講道學",
		"path": "https://rawcdn.githack.com/quiet324/Media4JAlbum/17060920/SermonPreparation/SermonPreparation29.mp3",
		"id": 220888208
	}
,
	{
		"albumtitle": "釋經講道學(30)",
		"duration": 1860,
		"size": "3.6M",
		"albumId": 220,
		"albumName": "釋經講道學",
		"path": "https://rawcdn.githack.com/quiet324/Media4JAlbum/17060920/SermonPreparation/SermonPreparation30.mp3",
		"id": 220888209
	}

]