[
  {
    "duration": 860,
    "size": "6.9M",
    "path": "http://media.febcchinese.org/Streaming/sr/sr150701.mp3",
    "id": 6266000001,
    "albumId": 6266,
    "albumName": "《给力人生》2015年秋季合集",
    "albumtitle": "《给力人生》2015年秋季合集(1)",
    "title": "给力人生-20150701"
  },
  {
    "duration": 860,
    "size": "6.9M",
    "path": "http://media.febcchinese.org/Streaming/sr/sr150702.mp3",
    "id": 6266000002,
    "albumId": 6266,
    "albumName": "《给力人生》2015年秋季合集",
    "albumtitle": "《给力人生》2015年秋季合集(2)",
    "title": "给力人生-20150702"
  },
  {
    "duration": 860,
    "size": "6.9M",
    "path": "http://media.febcchinese.org/Streaming/sr/sr150703.mp3",
    "id": 6266000003,
    "albumId": 6266,
    "albumName": "《给力人生》2015年秋季合集",
    "albumtitle": "《给力人生》2015年秋季合集(3)",
    "title": "给力人生-20150703"
  },
  {
    "duration": 860,
    "size": "6.9M",
    "path": "http://media.febcchinese.org/Streaming/sr/sr150706.mp3",
    "id": 6266000004,
    "albumId": 6266,
    "albumName": "《给力人生》2015年秋季合集",
    "albumtitle": "《给力人生》2015年秋季合集(4)",
    "title": "给力人生-20150706"
  },
  {
    "duration": 860,
    "size": "6.9M",
    "path": "http://media.febcchinese.org/Streaming/sr/sr150707.mp3",
    "id": 6266000005,
    "albumId": 6266,
    "albumName": "《给力人生》2015年秋季合集",
    "albumtitle": "《给力人生》2015年秋季合集(5)",
    "title": "给力人生-20150707"
  },
  {
    "duration": 860,
    "size": "6.9M",
    "path": "http://media.febcchinese.org/Streaming/sr/sr150708.mp3",
    "id": 6266000006,
    "albumId": 6266,
    "albumName": "《给力人生》2015年秋季合集",
    "albumtitle": "《给力人生》2015年秋季合集(6)",
    "title": "给力人生-20150708"
  },
  {
    "duration": 860,
    "size": "6.9M",
    "path": "http://media.febcchinese.org/Streaming/sr/sr150709.mp3",
    "id": 6266000007,
    "albumId": 6266,
    "albumName": "《给力人生》2015年秋季合集",
    "albumtitle": "《给力人生》2015年秋季合集(7)",
    "title": "给力人生-20150709"
  },
  {
    "duration": 860,
    "size": "6.9M",
    "path": "http://media.febcchinese.org/Streaming/sr/sr150710.mp3",
    "id": 6266000008,
    "albumId": 6266,
    "albumName": "《给力人生》2015年秋季合集",
    "albumtitle": "《给力人生》2015年秋季合集(8)",
    "title": "给力人生-20150710"
  },
  {
    "duration": 860,
    "size": "6.9M",
    "path": "http://media.febcchinese.org/Streaming/sr/sr150713.mp3",
    "id": 6266000009,
    "albumId": 6266,
    "albumName": "《给力人生》2015年秋季合集",
    "albumtitle": "《给力人生》2015年秋季合集(9)",
    "title": "给力人生-20150713"
  },
  {
    "duration": 860,
    "size": "6.9M",
    "path": "http://media.febcchinese.org/Streaming/sr/sr150714.mp3",
    "id": 6266000010,
    "albumId": 6266,
    "albumName": "《给力人生》2015年秋季合集",
    "albumtitle": "《给力人生》2015年秋季合集(10)",
    "title": "给力人生-20150714"
  },
  {
    "duration": 860,
    "size": "6.9M",
    "path": "http://media.febcchinese.org/Streaming/sr/sr150715.mp3",
    "id": 6266000011,
    "albumId": 6266,
    "albumName": "《给力人生》2015年秋季合集",
    "albumtitle": "《给力人生》2015年秋季合集(11)",
    "title": "给力人生-20150715"
  },
  {
    "duration": 860,
    "size": "6.9M",
    "path": "http://media.febcchinese.org/Streaming/sr/sr150716.mp3",
    "id": 6266000012,
    "albumId": 6266,
    "albumName": "《给力人生》2015年秋季合集",
    "albumtitle": "《给力人生》2015年秋季合集(12)",
    "title": "给力人生-20150716"
  },
  {
    "duration": 860,
    "size": "6.9M",
    "path": "http://media.febcchinese.org/Streaming/sr/sr150717.mp3",
    "id": 6266000013,
    "albumId": 6266,
    "albumName": "《给力人生》2015年秋季合集",
    "albumtitle": "《给力人生》2015年秋季合集(13)",
    "title": "给力人生-20150717"
  },
  {
    "duration": 860,
    "size": "6.9M",
    "path": "http://media.febcchinese.org/Streaming/sr/sr150720.mp3",
    "id": 6266000014,
    "albumId": 6266,
    "albumName": "《给力人生》2015年秋季合集",
    "albumtitle": "《给力人生》2015年秋季合集(14)",
    "title": "给力人生-20150720"
  },
  {
    "duration": 860,
    "size": "6.9M",
    "path": "http://media.febcchinese.org/Streaming/sr/sr150721.mp3",
    "id": 6266000015,
    "albumId": 6266,
    "albumName": "《给力人生》2015年秋季合集",
    "albumtitle": "《给力人生》2015年秋季合集(15)",
    "title": "给力人生-20150721"
  },
  {
    "duration": 860,
    "size": "6.9M",
    "path": "http://media.febcchinese.org/Streaming/sr/sr150722.mp3",
    "id": 6266000016,
    "albumId": 6266,
    "albumName": "《给力人生》2015年秋季合集",
    "albumtitle": "《给力人生》2015年秋季合集(16)",
    "title": "给力人生-20150722"
  },
  {
    "duration": 860,
    "size": "6.9M",
    "path": "http://media.febcchinese.org/Streaming/sr/sr150723.mp3",
    "id": 6266000017,
    "albumId": 6266,
    "albumName": "《给力人生》2015年秋季合集",
    "albumtitle": "《给力人生》2015年秋季合集(17)",
    "title": "给力人生-20150723"
  },
  {
    "duration": 860,
    "size": "6.9M",
    "path": "http://media.febcchinese.org/Streaming/sr/sr150724.mp3",
    "id": 6266000018,
    "albumId": 6266,
    "albumName": "《给力人生》2015年秋季合集",
    "albumtitle": "《给力人生》2015年秋季合集(18)",
    "title": "给力人生-20150724"
  },
  {
    "duration": 860,
    "size": "6.9M",
    "path": "http://media.febcchinese.org/Streaming/sr/sr150727.mp3",
    "id": 6266000019,
    "albumId": 6266,
    "albumName": "《给力人生》2015年秋季合集",
    "albumtitle": "《给力人生》2015年秋季合集(19)",
    "title": "给力人生-20150727"
  },
  {
    "duration": 860,
    "size": "6.9M",
    "path": "http://media.febcchinese.org/Streaming/sr/sr150728.mp3",
    "id": 6266000020,
    "albumId": 6266,
    "albumName": "《给力人生》2015年秋季合集",
    "albumtitle": "《给力人生》2015年秋季合集(20)",
    "title": "给力人生-20150728"
  },
  {
    "duration": 860,
    "size": "6.9M",
    "path": "http://media.febcchinese.org/Streaming/sr/sr150729.mp3",
    "id": 6266000021,
    "albumId": 6266,
    "albumName": "《给力人生》2015年秋季合集",
    "albumtitle": "《给力人生》2015年秋季合集(21)",
    "title": "给力人生-20150729"
  },
  {
    "duration": 860,
    "size": "6.9M",
    "path": "http://media.febcchinese.org/Streaming/sr/sr150730.mp3",
    "id": 6266000022,
    "albumId": 6266,
    "albumName": "《给力人生》2015年秋季合集",
    "albumtitle": "《给力人生》2015年秋季合集(22)",
    "title": "给力人生-20150730"
  },
  {
    "duration": 860,
    "size": "6.9M",
    "path": "http://media.febcchinese.org/Streaming/sr/sr150731.mp3",
    "id": 6266000023,
    "albumId": 6266,
    "albumName": "《给力人生》2015年秋季合集",
    "albumtitle": "《给力人生》2015年秋季合集(23)",
    "title": "给力人生-20150731"
  },
  {
    "duration": 860,
    "size": "6.9M",
    "path": "http://media.febcchinese.org/Streaming/sr/sr150803.mp3",
    "id": 6266000024,
    "albumId": 6266,
    "albumName": "《给力人生》2015年秋季合集",
    "albumtitle": "《给力人生》2015年秋季合集(24)",
    "title": "给力人生-20150803"
  },
  {
    "duration": 860,
    "size": "6.9M",
    "path": "http://media.febcchinese.org/Streaming/sr/sr150804.mp3",
    "id": 6266000025,
    "albumId": 6266,
    "albumName": "《给力人生》2015年秋季合集",
    "albumtitle": "《给力人生》2015年秋季合集(25)",
    "title": "给力人生-20150804"
  },
  {
    "duration": 860,
    "size": "6.9M",
    "path": "http://media.febcchinese.org/Streaming/sr/sr150805.mp3",
    "id": 6266000026,
    "albumId": 6266,
    "albumName": "《给力人生》2015年秋季合集",
    "albumtitle": "《给力人生》2015年秋季合集(26)",
    "title": "给力人生-20150805"
  },
  {
    "duration": 860,
    "size": "6.9M",
    "path": "http://media.febcchinese.org/Streaming/sr/sr150806.mp3",
    "id": 6266000027,
    "albumId": 6266,
    "albumName": "《给力人生》2015年秋季合集",
    "albumtitle": "《给力人生》2015年秋季合集(27)",
    "title": "给力人生-20150806"
  },
  {
    "duration": 860,
    "size": "6.9M",
    "path": "http://media.febcchinese.org/Streaming/sr/sr150807.mp3",
    "id": 6266000028,
    "albumId": 6266,
    "albumName": "《给力人生》2015年秋季合集",
    "albumtitle": "《给力人生》2015年秋季合集(28)",
    "title": "给力人生-20150807"
  },
  {
    "duration": 860,
    "size": "6.9M",
    "path": "http://media.febcchinese.org/Streaming/sr/sr150810.mp3",
    "id": 6266000029,
    "albumId": 6266,
    "albumName": "《给力人生》2015年秋季合集",
    "albumtitle": "《给力人生》2015年秋季合集(29)",
    "title": "给力人生-20150810"
  },
  {
    "duration": 860,
    "size": "6.9M",
    "path": "http://media.febcchinese.org/Streaming/sr/sr150811.mp3",
    "id": 6266000030,
    "albumId": 6266,
    "albumName": "《给力人生》2015年秋季合集",
    "albumtitle": "《给力人生》2015年秋季合集(30)",
    "title": "给力人生-20150811"
  },
  {
    "duration": 860,
    "size": "6.9M",
    "path": "http://media.febcchinese.org/Streaming/sr/sr150812.mp3",
    "id": 6266000031,
    "albumId": 6266,
    "albumName": "《给力人生》2015年秋季合集",
    "albumtitle": "《给力人生》2015年秋季合集(31)",
    "title": "给力人生-20150812"
  },
  {
    "duration": 860,
    "size": "6.9M",
    "path": "http://media.febcchinese.org/Streaming/sr/sr150813.mp3",
    "id": 6266000032,
    "albumId": 6266,
    "albumName": "《给力人生》2015年秋季合集",
    "albumtitle": "《给力人生》2015年秋季合集(32)",
    "title": "给力人生-20150813"
  },
  {
    "duration": 860,
    "size": "6.9M",
    "path": "http://media.febcchinese.org/Streaming/sr/sr150814.mp3",
    "id": 6266000033,
    "albumId": 6266,
    "albumName": "《给力人生》2015年秋季合集",
    "albumtitle": "《给力人生》2015年秋季合集(33)",
    "title": "给力人生-20150814"
  },
  {
    "duration": 860,
    "size": "6.9M",
    "path": "http://media.febcchinese.org/Streaming/sr/sr150817.mp3",
    "id": 6266000034,
    "albumId": 6266,
    "albumName": "《给力人生》2015年秋季合集",
    "albumtitle": "《给力人生》2015年秋季合集(34)",
    "title": "给力人生-20150817"
  },
  {
    "duration": 860,
    "size": "6.9M",
    "path": "http://media.febcchinese.org/Streaming/sr/sr150818.mp3",
    "id": 6266000035,
    "albumId": 6266,
    "albumName": "《给力人生》2015年秋季合集",
    "albumtitle": "《给力人生》2015年秋季合集(35)",
    "title": "给力人生-20150818"
  },
  {
    "duration": 860,
    "size": "6.9M",
    "path": "http://media.febcchinese.org/Streaming/sr/sr150819.mp3",
    "id": 6266000036,
    "albumId": 6266,
    "albumName": "《给力人生》2015年秋季合集",
    "albumtitle": "《给力人生》2015年秋季合集(36)",
    "title": "给力人生-20150819"
  },
  {
    "duration": 860,
    "size": "6.9M",
    "path": "http://media.febcchinese.org/Streaming/sr/sr150820.mp3",
    "id": 6266000037,
    "albumId": 6266,
    "albumName": "《给力人生》2015年秋季合集",
    "albumtitle": "《给力人生》2015年秋季合集(37)",
    "title": "给力人生-20150820"
  },
  {
    "duration": 860,
    "size": "6.9M",
    "path": "http://media.febcchinese.org/Streaming/sr/sr150821.mp3",
    "id": 6266000038,
    "albumId": 6266,
    "albumName": "《给力人生》2015年秋季合集",
    "albumtitle": "《给力人生》2015年秋季合集(38)",
    "title": "给力人生-20150821"
  },
  {
    "duration": 860,
    "size": "6.9M",
    "path": "http://media.febcchinese.org/Streaming/sr/sr150824.mp3",
    "id": 6266000039,
    "albumId": 6266,
    "albumName": "《给力人生》2015年秋季合集",
    "albumtitle": "《给力人生》2015年秋季合集(39)",
    "title": "给力人生-20150824"
  },
  {
    "duration": 860,
    "size": "6.9M",
    "path": "http://media.febcchinese.org/Streaming/sr/sr150825.mp3",
    "id": 6266000040,
    "albumId": 6266,
    "albumName": "《给力人生》2015年秋季合集",
    "albumtitle": "《给力人生》2015年秋季合集(40)",
    "title": "给力人生-20150825"
  },
  {
    "duration": 860,
    "size": "6.9M",
    "path": "http://media.febcchinese.org/Streaming/sr/sr150826.mp3",
    "id": 6266000041,
    "albumId": 6266,
    "albumName": "《给力人生》2015年秋季合集",
    "albumtitle": "《给力人生》2015年秋季合集(41)",
    "title": "给力人生-20150826"
  },
  {
    "duration": 860,
    "size": "6.9M",
    "path": "http://media.febcchinese.org/Streaming/sr/sr150827.mp3",
    "id": 6266000042,
    "albumId": 6266,
    "albumName": "《给力人生》2015年秋季合集",
    "albumtitle": "《给力人生》2015年秋季合集(42)",
    "title": "给力人生-20150827"
  },
  {
    "duration": 860,
    "size": "6.9M",
    "path": "http://media.febcchinese.org/Streaming/sr/sr150828.mp3",
    "id": 6266000043,
    "albumId": 6266,
    "albumName": "《给力人生》2015年秋季合集",
    "albumtitle": "《给力人生》2015年秋季合集(43)",
    "title": "给力人生-20150828"
  },
  {
    "duration": 860,
    "size": "6.9M",
    "path": "http://media.febcchinese.org/Streaming/sr/sr150831.mp3",
    "id": 6266000044,
    "albumId": 6266,
    "albumName": "《给力人生》2015年秋季合集",
    "albumtitle": "《给力人生》2015年秋季合集(44)",
    "title": "给力人生-20150831"
  },
  {
    "duration": 860,
    "size": "6.9M",
    "path": "http://media.febcchinese.org/Streaming/sr/sr150901.mp3",
    "id": 6266000045,
    "albumId": 6266,
    "albumName": "《给力人生》2015年秋季合集",
    "albumtitle": "《给力人生》2015年秋季合集(45)",
    "title": "给力人生-20150901"
  },
  {
    "duration": 860,
    "size": "6.9M",
    "path": "http://media.febcchinese.org/Streaming/sr/sr150902.mp3",
    "id": 6266000046,
    "albumId": 6266,
    "albumName": "《给力人生》2015年秋季合集",
    "albumtitle": "《给力人生》2015年秋季合集(46)",
    "title": "给力人生-20150902"
  },
  {
    "duration": 860,
    "size": "6.9M",
    "path": "http://media.febcchinese.org/Streaming/sr/sr150903.mp3",
    "id": 6266000047,
    "albumId": 6266,
    "albumName": "《给力人生》2015年秋季合集",
    "albumtitle": "《给力人生》2015年秋季合集(47)",
    "title": "给力人生-20150903"
  },
  {
    "duration": 860,
    "size": "6.9M",
    "path": "http://media.febcchinese.org/Streaming/sr/sr150904.mp3",
    "id": 6266000048,
    "albumId": 6266,
    "albumName": "《给力人生》2015年秋季合集",
    "albumtitle": "《给力人生》2015年秋季合集(48)",
    "title": "给力人生-20150904"
  },
  {
    "duration": 860,
    "size": "6.9M",
    "path": "http://media.febcchinese.org/Streaming/sr/sr150907.mp3",
    "id": 6266000049,
    "albumId": 6266,
    "albumName": "《给力人生》2015年秋季合集",
    "albumtitle": "《给力人生》2015年秋季合集(49)",
    "title": "给力人生-20150907"
  },
  {
    "duration": 860,
    "size": "6.9M",
    "path": "http://media.febcchinese.org/Streaming/sr/sr150908.mp3",
    "id": 6266000050,
    "albumId": 6266,
    "albumName": "《给力人生》2015年秋季合集",
    "albumtitle": "《给力人生》2015年秋季合集(50)",
    "title": "给力人生-20150908"
  },
  {
    "duration": 860,
    "size": "6.9M",
    "path": "http://media.febcchinese.org/Streaming/sr/sr150909.mp3",
    "id": 6266000051,
    "albumId": 6266,
    "albumName": "《给力人生》2015年秋季合集",
    "albumtitle": "《给力人生》2015年秋季合集(51)",
    "title": "给力人生-20150909"
  },
  {
    "duration": 860,
    "size": "6.9M",
    "path": "http://media.febcchinese.org/Streaming/sr/sr150910.mp3",
    "id": 6266000052,
    "albumId": 6266,
    "albumName": "《给力人生》2015年秋季合集",
    "albumtitle": "《给力人生》2015年秋季合集(52)",
    "title": "给力人生-20150910"
  },
  {
    "duration": 860,
    "size": "6.9M",
    "path": "http://media.febcchinese.org/Streaming/sr/sr150911.mp3",
    "id": 6266000053,
    "albumId": 6266,
    "albumName": "《给力人生》2015年秋季合集",
    "albumtitle": "《给力人生》2015年秋季合集(53)",
    "title": "给力人生-20150911"
  },
  {
    "duration": 860,
    "size": "6.9M",
    "path": "http://media.febcchinese.org/Streaming/sr/sr150914.mp3",
    "id": 6266000054,
    "albumId": 6266,
    "albumName": "《给力人生》2015年秋季合集",
    "albumtitle": "《给力人生》2015年秋季合集(54)",
    "title": "给力人生-20150914"
  },
  {
    "duration": 860,
    "size": "6.9M",
    "path": "http://media.febcchinese.org/Streaming/sr/sr150915.mp3",
    "id": 6266000055,
    "albumId": 6266,
    "albumName": "《给力人生》2015年秋季合集",
    "albumtitle": "《给力人生》2015年秋季合集(55)",
    "title": "给力人生-20150915"
  },
  {
    "duration": 860,
    "size": "6.9M",
    "path": "http://media.febcchinese.org/Streaming/sr/sr150916.mp3",
    "id": 6266000056,
    "albumId": 6266,
    "albumName": "《给力人生》2015年秋季合集",
    "albumtitle": "《给力人生》2015年秋季合集(56)",
    "title": "给力人生-20150916"
  },
  {
    "duration": 860,
    "size": "6.9M",
    "path": "http://media.febcchinese.org/Streaming/sr/sr150917.mp3",
    "id": 6266000057,
    "albumId": 6266,
    "albumName": "《给力人生》2015年秋季合集",
    "albumtitle": "《给力人生》2015年秋季合集(57)",
    "title": "给力人生-20150917"
  },
  {
    "duration": 860,
    "size": "6.9M",
    "path": "http://media.febcchinese.org/Streaming/sr/sr150918.mp3",
    "id": 6266000058,
    "albumId": 6266,
    "albumName": "《给力人生》2015年秋季合集",
    "albumtitle": "《给力人生》2015年秋季合集(58)",
    "title": "给力人生-20150918"
  },
  {
    "duration": 860,
    "size": "6.9M",
    "path": "http://media.febcchinese.org/Streaming/sr/sr150921.mp3",
    "id": 6266000059,
    "albumId": 6266,
    "albumName": "《给力人生》2015年秋季合集",
    "albumtitle": "《给力人生》2015年秋季合集(59)",
    "title": "给力人生-20150921"
  },
  {
    "duration": 860,
    "size": "6.9M",
    "path": "http://media.febcchinese.org/Streaming/sr/sr150922.mp3",
    "id": 6266000060,
    "albumId": 6266,
    "albumName": "《给力人生》2015年秋季合集",
    "albumtitle": "《给力人生》2015年秋季合集(60)",
    "title": "给力人生-20150922"
  },
  {
    "duration": 860,
    "size": "6.9M",
    "path": "http://media.febcchinese.org/Streaming/sr/sr150923.mp3",
    "id": 6266000061,
    "albumId": 6266,
    "albumName": "《给力人生》2015年秋季合集",
    "albumtitle": "《给力人生》2015年秋季合集(61)",
    "title": "给力人生-20150923"
  },
  {
    "duration": 860,
    "size": "6.9M",
    "path": "http://media.febcchinese.org/Streaming/sr/sr150924.mp3",
    "id": 6266000062,
    "albumId": 6266,
    "albumName": "《给力人生》2015年秋季合集",
    "albumtitle": "《给力人生》2015年秋季合集(62)",
    "title": "给力人生-20150924"
  },
  {
    "duration": 860,
    "size": "6.9M",
    "path": "http://media.febcchinese.org/Streaming/sr/sr150925.mp3",
    "id": 6266000063,
    "albumId": 6266,
    "albumName": "《给力人生》2015年秋季合集",
    "albumtitle": "《给力人生》2015年秋季合集(63)",
    "title": "给力人生-20150925"
  },
  {
    "duration": 860,
    "size": "6.9M",
    "path": "http://media.febcchinese.org/Streaming/sr/sr150928.mp3",
    "id": 6266000064,
    "albumId": 6266,
    "albumName": "《给力人生》2015年秋季合集",
    "albumtitle": "《给力人生》2015年秋季合集(64)",
    "title": "给力人生-20150928"
  },
  {
    "duration": 860,
    "size": "6.9M",
    "path": "http://media.febcchinese.org/Streaming/sr/sr150929.mp3",
    "id": 6266000065,
    "albumId": 6266,
    "albumName": "《给力人生》2015年秋季合集",
    "albumtitle": "《给力人生》2015年秋季合集(65)",
    "title": "给力人生-20150929"
  },
  {
    "duration": 860,
    "size": "6.9M",
    "path": "http://media.febcchinese.org/Streaming/sr/sr150930.mp3",
    "id": 6266000066,
    "albumId": 6266,
    "albumName": "《给力人生》2015年秋季合集",
    "albumtitle": "《给力人生》2015年秋季合集(66)",
    "title": "给力人生-20150930"
  }
]