[
  {
    "duration": 860,
    "size": "6.9M",
    "path": "http://media.febcchinese.org/Streaming/sr/sr160701.mp3",
    "id": 6270000001,
    "albumId": 6270,
    "albumName": "《给力人生》2016年秋季合集",
    "albumtitle": "《给力人生》2016年秋季合集(1)",
    "title": "给力人生-20160701"
  },
  {
    "duration": 860,
    "size": "6.9M",
    "path": "http://media.febcchinese.org/Streaming/sr/sr160704.mp3",
    "id": 6270000002,
    "albumId": 6270,
    "albumName": "《给力人生》2016年秋季合集",
    "albumtitle": "《给力人生》2016年秋季合集(2)",
    "title": "给力人生-20160704"
  },
  {
    "duration": 860,
    "size": "6.9M",
    "path": "http://media.febcchinese.org/Streaming/sr/sr160705.mp3",
    "id": 6270000003,
    "albumId": 6270,
    "albumName": "《给力人生》2016年秋季合集",
    "albumtitle": "《给力人生》2016年秋季合集(3)",
    "title": "给力人生-20160705"
  },
  {
    "duration": 860,
    "size": "6.9M",
    "path": "http://media.febcchinese.org/Streaming/sr/sr160706.mp3",
    "id": 6270000004,
    "albumId": 6270,
    "albumName": "《给力人生》2016年秋季合集",
    "albumtitle": "《给力人生》2016年秋季合集(4)",
    "title": "给力人生-20160706"
  },
  {
    "duration": 860,
    "size": "6.9M",
    "path": "http://media.febcchinese.org/Streaming/sr/sr160707.mp3",
    "id": 6270000005,
    "albumId": 6270,
    "albumName": "《给力人生》2016年秋季合集",
    "albumtitle": "《给力人生》2016年秋季合集(5)",
    "title": "给力人生-20160707"
  },
  {
    "duration": 860,
    "size": "6.9M",
    "path": "http://media.febcchinese.org/Streaming/sr/sr160708.mp3",
    "id": 6270000006,
    "albumId": 6270,
    "albumName": "《给力人生》2016年秋季合集",
    "albumtitle": "《给力人生》2016年秋季合集(6)",
    "title": "给力人生-20160708"
  },
  {
    "duration": 860,
    "size": "6.9M",
    "path": "http://media.febcchinese.org/Streaming/sr/sr160711.mp3",
    "id": 6270000007,
    "albumId": 6270,
    "albumName": "《给力人生》2016年秋季合集",
    "albumtitle": "《给力人生》2016年秋季合集(7)",
    "title": "给力人生-20160711"
  },
  {
    "duration": 860,
    "size": "6.9M",
    "path": "http://media.febcchinese.org/Streaming/sr/sr160712.mp3",
    "id": 6270000008,
    "albumId": 6270,
    "albumName": "《给力人生》2016年秋季合集",
    "albumtitle": "《给力人生》2016年秋季合集(8)",
    "title": "给力人生-20160712"
  },
  {
    "duration": 860,
    "size": "6.9M",
    "path": "http://media.febcchinese.org/Streaming/sr/sr160713.mp3",
    "id": 6270000009,
    "albumId": 6270,
    "albumName": "《给力人生》2016年秋季合集",
    "albumtitle": "《给力人生》2016年秋季合集(9)",
    "title": "给力人生-20160713"
  },
  {
    "duration": 860,
    "size": "6.9M",
    "path": "http://media.febcchinese.org/Streaming/sr/sr160714.mp3",
    "id": 6270000010,
    "albumId": 6270,
    "albumName": "《给力人生》2016年秋季合集",
    "albumtitle": "《给力人生》2016年秋季合集(10)",
    "title": "给力人生-20160714"
  },
  {
    "duration": 860,
    "size": "6.9M",
    "path": "http://media.febcchinese.org/Streaming/sr/sr160715.mp3",
    "id": 6270000011,
    "albumId": 6270,
    "albumName": "《给力人生》2016年秋季合集",
    "albumtitle": "《给力人生》2016年秋季合集(11)",
    "title": "给力人生-20160715"
  },
  {
    "duration": 860,
    "size": "6.9M",
    "path": "http://media.febcchinese.org/Streaming/sr/sr160718.mp3",
    "id": 6270000012,
    "albumId": 6270,
    "albumName": "《给力人生》2016年秋季合集",
    "albumtitle": "《给力人生》2016年秋季合集(12)",
    "title": "给力人生-20160718"
  },
  {
    "duration": 860,
    "size": "6.9M",
    "path": "http://media.febcchinese.org/Streaming/sr/sr160719.mp3",
    "id": 6270000013,
    "albumId": 6270,
    "albumName": "《给力人生》2016年秋季合集",
    "albumtitle": "《给力人生》2016年秋季合集(13)",
    "title": "给力人生-20160719"
  },
  {
    "duration": 860,
    "size": "6.9M",
    "path": "http://media.febcchinese.org/Streaming/sr/sr160720.mp3",
    "id": 6270000014,
    "albumId": 6270,
    "albumName": "《给力人生》2016年秋季合集",
    "albumtitle": "《给力人生》2016年秋季合集(14)",
    "title": "给力人生-20160720"
  },
  {
    "duration": 860,
    "size": "6.9M",
    "path": "http://media.febcchinese.org/Streaming/sr/sr160721.mp3",
    "id": 6270000015,
    "albumId": 6270,
    "albumName": "《给力人生》2016年秋季合集",
    "albumtitle": "《给力人生》2016年秋季合集(15)",
    "title": "给力人生-20160721"
  },
  {
    "duration": 860,
    "size": "6.9M",
    "path": "http://media.febcchinese.org/Streaming/sr/sr160722.mp3",
    "id": 6270000016,
    "albumId": 6270,
    "albumName": "《给力人生》2016年秋季合集",
    "albumtitle": "《给力人生》2016年秋季合集(16)",
    "title": "给力人生-20160722"
  },
  {
    "duration": 860,
    "size": "6.9M",
    "path": "http://media.febcchinese.org/Streaming/sr/sr160725.mp3",
    "id": 6270000017,
    "albumId": 6270,
    "albumName": "《给力人生》2016年秋季合集",
    "albumtitle": "《给力人生》2016年秋季合集(17)",
    "title": "给力人生-20160725"
  },
  {
    "duration": 860,
    "size": "6.9M",
    "path": "http://media.febcchinese.org/Streaming/sr/sr160726.mp3",
    "id": 6270000018,
    "albumId": 6270,
    "albumName": "《给力人生》2016年秋季合集",
    "albumtitle": "《给力人生》2016年秋季合集(18)",
    "title": "给力人生-20160726"
  },
  {
    "duration": 860,
    "size": "6.9M",
    "path": "http://media.febcchinese.org/Streaming/sr/sr160727.mp3",
    "id": 6270000019,
    "albumId": 6270,
    "albumName": "《给力人生》2016年秋季合集",
    "albumtitle": "《给力人生》2016年秋季合集(19)",
    "title": "给力人生-20160727"
  },
  {
    "duration": 860,
    "size": "6.9M",
    "path": "http://media.febcchinese.org/Streaming/sr/sr160728.mp3",
    "id": 6270000020,
    "albumId": 6270,
    "albumName": "《给力人生》2016年秋季合集",
    "albumtitle": "《给力人生》2016年秋季合集(20)",
    "title": "给力人生-20160728"
  },
  {
    "duration": 860,
    "size": "6.9M",
    "path": "http://media.febcchinese.org/Streaming/sr/sr160729.mp3",
    "id": 6270000021,
    "albumId": 6270,
    "albumName": "《给力人生》2016年秋季合集",
    "albumtitle": "《给力人生》2016年秋季合集(21)",
    "title": "给力人生-20160729"
  },
  {
    "duration": 860,
    "size": "6.9M",
    "path": "http://media.febcchinese.org/Streaming/sr/sr160801.mp3",
    "id": 6270000022,
    "albumId": 6270,
    "albumName": "《给力人生》2016年秋季合集",
    "albumtitle": "《给力人生》2016年秋季合集(22)",
    "title": "给力人生-20160801"
  },
  {
    "duration": 860,
    "size": "6.9M",
    "path": "http://media.febcchinese.org/Streaming/sr/sr160802.mp3",
    "id": 6270000023,
    "albumId": 6270,
    "albumName": "《给力人生》2016年秋季合集",
    "albumtitle": "《给力人生》2016年秋季合集(23)",
    "title": "给力人生-20160802"
  },
  {
    "duration": 860,
    "size": "6.9M",
    "path": "http://media.febcchinese.org/Streaming/sr/sr160803.mp3",
    "id": 6270000024,
    "albumId": 6270,
    "albumName": "《给力人生》2016年秋季合集",
    "albumtitle": "《给力人生》2016年秋季合集(24)",
    "title": "给力人生-20160803"
  },
  {
    "duration": 860,
    "size": "6.9M",
    "path": "http://media.febcchinese.org/Streaming/sr/sr160804.mp3",
    "id": 6270000025,
    "albumId": 6270,
    "albumName": "《给力人生》2016年秋季合集",
    "albumtitle": "《给力人生》2016年秋季合集(25)",
    "title": "给力人生-20160804"
  },
  {
    "duration": 860,
    "size": "6.9M",
    "path": "http://media.febcchinese.org/Streaming/sr/sr160805.mp3",
    "id": 6270000026,
    "albumId": 6270,
    "albumName": "《给力人生》2016年秋季合集",
    "albumtitle": "《给力人生》2016年秋季合集(26)",
    "title": "给力人生-20160805"
  },
  {
    "duration": 860,
    "size": "6.9M",
    "path": "http://media.febcchinese.org/Streaming/sr/sr160808.mp3",
    "id": 6270000027,
    "albumId": 6270,
    "albumName": "《给力人生》2016年秋季合集",
    "albumtitle": "《给力人生》2016年秋季合集(27)",
    "title": "给力人生-20160808"
  },
  {
    "duration": 860,
    "size": "6.9M",
    "path": "http://media.febcchinese.org/Streaming/sr/sr160809.mp3",
    "id": 6270000028,
    "albumId": 6270,
    "albumName": "《给力人生》2016年秋季合集",
    "albumtitle": "《给力人生》2016年秋季合集(28)",
    "title": "给力人生-20160809"
  },
  {
    "duration": 860,
    "size": "6.9M",
    "path": "http://media.febcchinese.org/Streaming/sr/sr160810.mp3",
    "id": 6270000029,
    "albumId": 6270,
    "albumName": "《给力人生》2016年秋季合集",
    "albumtitle": "《给力人生》2016年秋季合集(29)",
    "title": "给力人生-20160810"
  },
  {
    "duration": 860,
    "size": "6.9M",
    "path": "http://media.febcchinese.org/Streaming/sr/sr160811.mp3",
    "id": 6270000030,
    "albumId": 6270,
    "albumName": "《给力人生》2016年秋季合集",
    "albumtitle": "《给力人生》2016年秋季合集(30)",
    "title": "给力人生-20160811"
  },
  {
    "duration": 860,
    "size": "6.9M",
    "path": "http://media.febcchinese.org/Streaming/sr/sr160812.mp3",
    "id": 6270000031,
    "albumId": 6270,
    "albumName": "《给力人生》2016年秋季合集",
    "albumtitle": "《给力人生》2016年秋季合集(31)",
    "title": "给力人生-20160812"
  },
  {
    "duration": 860,
    "size": "6.9M",
    "path": "http://media.febcchinese.org/Streaming/sr/sr160815.mp3",
    "id": 6270000032,
    "albumId": 6270,
    "albumName": "《给力人生》2016年秋季合集",
    "albumtitle": "《给力人生》2016年秋季合集(32)",
    "title": "给力人生-20160815"
  },
  {
    "duration": 860,
    "size": "6.9M",
    "path": "http://media.febcchinese.org/Streaming/sr/sr160816.mp3",
    "id": 6270000033,
    "albumId": 6270,
    "albumName": "《给力人生》2016年秋季合集",
    "albumtitle": "《给力人生》2016年秋季合集(33)",
    "title": "给力人生-20160816"
  },
  {
    "duration": 860,
    "size": "6.9M",
    "path": "http://media.febcchinese.org/Streaming/sr/sr160817.mp3",
    "id": 6270000034,
    "albumId": 6270,
    "albumName": "《给力人生》2016年秋季合集",
    "albumtitle": "《给力人生》2016年秋季合集(34)",
    "title": "给力人生-20160817"
  },
  {
    "duration": 860,
    "size": "6.9M",
    "path": "http://media.febcchinese.org/Streaming/sr/sr160818.mp3",
    "id": 6270000035,
    "albumId": 6270,
    "albumName": "《给力人生》2016年秋季合集",
    "albumtitle": "《给力人生》2016年秋季合集(35)",
    "title": "给力人生-20160818"
  },
  {
    "duration": 860,
    "size": "6.9M",
    "path": "http://media.febcchinese.org/Streaming/sr/sr160819.mp3",
    "id": 6270000036,
    "albumId": 6270,
    "albumName": "《给力人生》2016年秋季合集",
    "albumtitle": "《给力人生》2016年秋季合集(36)",
    "title": "给力人生-20160819"
  },
  {
    "duration": 860,
    "size": "6.9M",
    "path": "http://media.febcchinese.org/Streaming/sr/sr160822.mp3",
    "id": 6270000037,
    "albumId": 6270,
    "albumName": "《给力人生》2016年秋季合集",
    "albumtitle": "《给力人生》2016年秋季合集(37)",
    "title": "给力人生-20160822"
  },
  {
    "duration": 860,
    "size": "6.9M",
    "path": "http://media.febcchinese.org/Streaming/sr/sr160823.mp3",
    "id": 6270000038,
    "albumId": 6270,
    "albumName": "《给力人生》2016年秋季合集",
    "albumtitle": "《给力人生》2016年秋季合集(38)",
    "title": "给力人生-20160823"
  },
  {
    "duration": 860,
    "size": "6.9M",
    "path": "http://media.febcchinese.org/Streaming/sr/sr160824.mp3",
    "id": 6270000039,
    "albumId": 6270,
    "albumName": "《给力人生》2016年秋季合集",
    "albumtitle": "《给力人生》2016年秋季合集(39)",
    "title": "给力人生-20160824"
  },
  {
    "duration": 860,
    "size": "6.9M",
    "path": "http://media.febcchinese.org/Streaming/sr/sr160825.mp3",
    "id": 6270000040,
    "albumId": 6270,
    "albumName": "《给力人生》2016年秋季合集",
    "albumtitle": "《给力人生》2016年秋季合集(40)",
    "title": "给力人生-20160825"
  },
  {
    "duration": 860,
    "size": "6.9M",
    "path": "http://media.febcchinese.org/Streaming/sr/sr160826.mp3",
    "id": 6270000041,
    "albumId": 6270,
    "albumName": "《给力人生》2016年秋季合集",
    "albumtitle": "《给力人生》2016年秋季合集(41)",
    "title": "给力人生-20160826"
  },
  {
    "duration": 860,
    "size": "6.9M",
    "path": "http://media.febcchinese.org/Streaming/sr/sr160829.mp3",
    "id": 6270000042,
    "albumId": 6270,
    "albumName": "《给力人生》2016年秋季合集",
    "albumtitle": "《给力人生》2016年秋季合集(42)",
    "title": "给力人生-20160829"
  },
  {
    "duration": 860,
    "size": "6.9M",
    "path": "http://media.febcchinese.org/Streaming/sr/sr160830.mp3",
    "id": 6270000043,
    "albumId": 6270,
    "albumName": "《给力人生》2016年秋季合集",
    "albumtitle": "《给力人生》2016年秋季合集(43)",
    "title": "给力人生-20160830"
  },
  {
    "duration": 860,
    "size": "6.9M",
    "path": "http://media.febcchinese.org/Streaming/sr/sr160831.mp3",
    "id": 6270000044,
    "albumId": 6270,
    "albumName": "《给力人生》2016年秋季合集",
    "albumtitle": "《给力人生》2016年秋季合集(44)",
    "title": "给力人生-20160831"
  },
  {
    "duration": 860,
    "size": "6.9M",
    "path": "http://media.febcchinese.org/Streaming/sr/sr160901.mp3",
    "id": 6270000045,
    "albumId": 6270,
    "albumName": "《给力人生》2016年秋季合集",
    "albumtitle": "《给力人生》2016年秋季合集(45)",
    "title": "给力人生-20160901"
  },
  {
    "duration": 860,
    "size": "6.9M",
    "path": "http://media.febcchinese.org/Streaming/sr/sr160902.mp3",
    "id": 6270000046,
    "albumId": 6270,
    "albumName": "《给力人生》2016年秋季合集",
    "albumtitle": "《给力人生》2016年秋季合集(46)",
    "title": "给力人生-20160902"
  },
  {
    "duration": 860,
    "size": "6.9M",
    "path": "http://media.febcchinese.org/Streaming/sr/sr160905.mp3",
    "id": 6270000047,
    "albumId": 6270,
    "albumName": "《给力人生》2016年秋季合集",
    "albumtitle": "《给力人生》2016年秋季合集(47)",
    "title": "给力人生-20160905"
  },
  {
    "duration": 860,
    "size": "6.9M",
    "path": "http://media.febcchinese.org/Streaming/sr/sr160906.mp3",
    "id": 6270000048,
    "albumId": 6270,
    "albumName": "《给力人生》2016年秋季合集",
    "albumtitle": "《给力人生》2016年秋季合集(48)",
    "title": "给力人生-20160906"
  },
  {
    "duration": 860,
    "size": "6.9M",
    "path": "http://media.febcchinese.org/Streaming/sr/sr160907.mp3",
    "id": 6270000049,
    "albumId": 6270,
    "albumName": "《给力人生》2016年秋季合集",
    "albumtitle": "《给力人生》2016年秋季合集(49)",
    "title": "给力人生-20160907"
  },
  {
    "duration": 860,
    "size": "6.9M",
    "path": "http://media.febcchinese.org/Streaming/sr/sr160908.mp3",
    "id": 6270000050,
    "albumId": 6270,
    "albumName": "《给力人生》2016年秋季合集",
    "albumtitle": "《给力人生》2016年秋季合集(50)",
    "title": "给力人生-20160908"
  },
  {
    "duration": 860,
    "size": "6.9M",
    "path": "http://media.febcchinese.org/Streaming/sr/sr160909.mp3",
    "id": 6270000051,
    "albumId": 6270,
    "albumName": "《给力人生》2016年秋季合集",
    "albumtitle": "《给力人生》2016年秋季合集(51)",
    "title": "给力人生-20160909"
  },
  {
    "duration": 860,
    "size": "6.9M",
    "path": "http://media.febcchinese.org/Streaming/sr/sr160912.mp3",
    "id": 6270000052,
    "albumId": 6270,
    "albumName": "《给力人生》2016年秋季合集",
    "albumtitle": "《给力人生》2016年秋季合集(52)",
    "title": "给力人生-20160912"
  },
  {
    "duration": 860,
    "size": "6.9M",
    "path": "http://media.febcchinese.org/Streaming/sr/sr160913.mp3",
    "id": 6270000053,
    "albumId": 6270,
    "albumName": "《给力人生》2016年秋季合集",
    "albumtitle": "《给力人生》2016年秋季合集(53)",
    "title": "给力人生-20160913"
  },
  {
    "duration": 860,
    "size": "6.9M",
    "path": "http://media.febcchinese.org/Streaming/sr/sr160914.mp3",
    "id": 6270000054,
    "albumId": 6270,
    "albumName": "《给力人生》2016年秋季合集",
    "albumtitle": "《给力人生》2016年秋季合集(54)",
    "title": "给力人生-20160914"
  },
  {
    "duration": 860,
    "size": "6.9M",
    "path": "http://media.febcchinese.org/Streaming/sr/sr160915.mp3",
    "id": 6270000055,
    "albumId": 6270,
    "albumName": "《给力人生》2016年秋季合集",
    "albumtitle": "《给力人生》2016年秋季合集(55)",
    "title": "给力人生-20160915"
  },
  {
    "duration": 860,
    "size": "6.9M",
    "path": "http://media.febcchinese.org/Streaming/sr/sr160916.mp3",
    "id": 6270000056,
    "albumId": 6270,
    "albumName": "《给力人生》2016年秋季合集",
    "albumtitle": "《给力人生》2016年秋季合集(56)",
    "title": "给力人生-20160916"
  },
  {
    "duration": 860,
    "size": "6.9M",
    "path": "http://media.febcchinese.org/Streaming/sr/sr160919.mp3",
    "id": 6270000057,
    "albumId": 6270,
    "albumName": "《给力人生》2016年秋季合集",
    "albumtitle": "《给力人生》2016年秋季合集(57)",
    "title": "给力人生-20160919"
  },
  {
    "duration": 860,
    "size": "6.9M",
    "path": "http://media.febcchinese.org/Streaming/sr/sr160920.mp3",
    "id": 6270000058,
    "albumId": 6270,
    "albumName": "《给力人生》2016年秋季合集",
    "albumtitle": "《给力人生》2016年秋季合集(58)",
    "title": "给力人生-20160920"
  },
  {
    "duration": 860,
    "size": "6.9M",
    "path": "http://media.febcchinese.org/Streaming/sr/sr160921.mp3",
    "id": 6270000059,
    "albumId": 6270,
    "albumName": "《给力人生》2016年秋季合集",
    "albumtitle": "《给力人生》2016年秋季合集(59)",
    "title": "给力人生-20160921"
  },
  {
    "duration": 860,
    "size": "6.9M",
    "path": "http://media.febcchinese.org/Streaming/sr/sr160922.mp3",
    "id": 6270000060,
    "albumId": 6270,
    "albumName": "《给力人生》2016年秋季合集",
    "albumtitle": "《给力人生》2016年秋季合集(60)",
    "title": "给力人生-20160922"
  },
  {
    "duration": 860,
    "size": "6.9M",
    "path": "http://media.febcchinese.org/Streaming/sr/sr160923.mp3",
    "id": 6270000061,
    "albumId": 6270,
    "albumName": "《给力人生》2016年秋季合集",
    "albumtitle": "《给力人生》2016年秋季合集(61)",
    "title": "给力人生-20160923"
  },
  {
    "duration": 860,
    "size": "6.9M",
    "path": "http://media.febcchinese.org/Streaming/sr/sr160926.mp3",
    "id": 6270000062,
    "albumId": 6270,
    "albumName": "《给力人生》2016年秋季合集",
    "albumtitle": "《给力人生》2016年秋季合集(62)",
    "title": "给力人生-20160926"
  },
  {
    "duration": 860,
    "size": "6.9M",
    "path": "http://media.febcchinese.org/Streaming/sr/sr160927.mp3",
    "id": 6270000063,
    "albumId": 6270,
    "albumName": "《给力人生》2016年秋季合集",
    "albumtitle": "《给力人生》2016年秋季合集(63)",
    "title": "给力人生-20160927"
  },
  {
    "duration": 860,
    "size": "6.9M",
    "path": "http://media.febcchinese.org/Streaming/sr/sr160928.mp3",
    "id": 6270000064,
    "albumId": 6270,
    "albumName": "《给力人生》2016年秋季合集",
    "albumtitle": "《给力人生》2016年秋季合集(64)",
    "title": "给力人生-20160928"
  },
  {
    "duration": 860,
    "size": "6.9M",
    "path": "http://media.febcchinese.org/Streaming/sr/sr160929.mp3",
    "id": 6270000065,
    "albumId": 6270,
    "albumName": "《给力人生》2016年秋季合集",
    "albumtitle": "《给力人生》2016年秋季合集(65)",
    "title": "给力人生-20160929"
  },
  {
    "duration": 860,
    "size": "6.9M",
    "path": "http://media.febcchinese.org/Streaming/sr/sr160930.mp3",
    "id": 6270000066,
    "albumId": 6270,
    "albumName": "《给力人生》2016年秋季合集",
    "albumtitle": "《给力人生》2016年秋季合集(66)",
    "title": "给力人生-20160930"
  }
]