[{
  "duration": 860,
  "size": "6.9M",
  "path": "http://media.febcchinese.org/Streaming/sr/sr170102.mp3",
  "id": 6272000001,
  "albumId": 6272,
  "albumName": "《给力人生》2017年春季合集",
  "albumtitle": "《给力人生》2017年春季合集(1)",
  "title": "给力人生-20170102"
},
  {
    "duration": 860,
    "size": "6.9M",
    "path": "http://media.febcchinese.org/Streaming/sr/sr170103.mp3",
    "id": 6272000002,
    "albumId": 6272,
    "albumName": "《给力人生》2017年春季合集",
    "albumtitle": "《给力人生》2017年春季合集(2)",
    "title": "给力人生-20170103"
  },
  {
    "duration": 860,
    "size": "6.9M",
    "path": "http://media.febcchinese.org/Streaming/sr/sr170104.mp3",
    "id": 6272000003,
    "albumId": 6272,
    "albumName": "《给力人生》2017年春季合集",
    "albumtitle": "《给力人生》2017年春季合集(3)",
    "title": "给力人生-20170104"
  },
  {
    "duration": 860,
    "size": "6.9M",
    "path": "http://media.febcchinese.org/Streaming/sr/sr170105.mp3",
    "id": 6272000004,
    "albumId": 6272,
    "albumName": "《给力人生》2017年春季合集",
    "albumtitle": "《给力人生》2017年春季合集(4)",
    "title": "给力人生-20170105"
  },
  {
    "duration": 860,
    "size": "6.9M",
    "path": "http://media.febcchinese.org/Streaming/sr/sr170106.mp3",
    "id": 6272000005,
    "albumId": 6272,
    "albumName": "《给力人生》2017年春季合集",
    "albumtitle": "《给力人生》2017年春季合集(5)",
    "title": "给力人生-20170106"
  },
  {
    "duration": 860,
    "size": "6.9M",
    "path": "http://media.febcchinese.org/Streaming/sr/sr170109.mp3",
    "id": 6272000006,
    "albumId": 6272,
    "albumName": "《给力人生》2017年春季合集",
    "albumtitle": "《给力人生》2017年春季合集(6)",
    "title": "给力人生-20170109"
  },
  {
    "duration": 860,
    "size": "6.9M",
    "path": "http://media.febcchinese.org/Streaming/sr/sr170110.mp3",
    "id": 6272000007,
    "albumId": 6272,
    "albumName": "《给力人生》2017年春季合集",
    "albumtitle": "《给力人生》2017年春季合集(7)",
    "title": "给力人生-20170110"
  },
  {
    "duration": 860,
    "size": "6.9M",
    "path": "http://media.febcchinese.org/Streaming/sr/sr170111.mp3",
    "id": 6272000008,
    "albumId": 6272,
    "albumName": "《给力人生》2017年春季合集",
    "albumtitle": "《给力人生》2017年春季合集(8)",
    "title": "给力人生-20170111"
  },
  {
    "duration": 860,
    "size": "6.9M",
    "path": "http://media.febcchinese.org/Streaming/sr/sr170112.mp3",
    "id": 6272000009,
    "albumId": 6272,
    "albumName": "《给力人生》2017年春季合集",
    "albumtitle": "《给力人生》2017年春季合集(9)",
    "title": "给力人生-20170112"
  },
  {
    "duration": 860,
    "size": "6.9M",
    "path": "http://media.febcchinese.org/Streaming/sr/sr170113.mp3",
    "id": 6272000010,
    "albumId": 6272,
    "albumName": "《给力人生》2017年春季合集",
    "albumtitle": "《给力人生》2017年春季合集(10)",
    "title": "给力人生-20170113"
  },
  {
    "duration": 860,
    "size": "6.9M",
    "path": "http://media.febcchinese.org/Streaming/sr/sr170116.mp3",
    "id": 6272000011,
    "albumId": 6272,
    "albumName": "《给力人生》2017年春季合集",
    "albumtitle": "《给力人生》2017年春季合集(11)",
    "title": "给力人生-20170116"
  },
  {
    "duration": 860,
    "size": "6.9M",
    "path": "http://media.febcchinese.org/Streaming/sr/sr170117.mp3",
    "id": 6272000012,
    "albumId": 6272,
    "albumName": "《给力人生》2017年春季合集",
    "albumtitle": "《给力人生》2017年春季合集(12)",
    "title": "给力人生-20170117"
  },
  {
    "duration": 860,
    "size": "6.9M",
    "path": "http://media.febcchinese.org/Streaming/sr/sr170118.mp3",
    "id": 6272000013,
    "albumId": 6272,
    "albumName": "《给力人生》2017年春季合集",
    "albumtitle": "《给力人生》2017年春季合集(13)",
    "title": "给力人生-20170118"
  },
  {
    "duration": 860,
    "size": "6.9M",
    "path": "http://media.febcchinese.org/Streaming/sr/sr170119.mp3",
    "id": 6272000014,
    "albumId": 6272,
    "albumName": "《给力人生》2017年春季合集",
    "albumtitle": "《给力人生》2017年春季合集(14)",
    "title": "给力人生-20170119"
  },
  {
    "duration": 860,
    "size": "6.9M",
    "path": "http://media.febcchinese.org/Streaming/sr/sr170120.mp3",
    "id": 6272000015,
    "albumId": 6272,
    "albumName": "《给力人生》2017年春季合集",
    "albumtitle": "《给力人生》2017年春季合集(15)",
    "title": "给力人生-20170120"
  },
  {
    "duration": 860,
    "size": "6.9M",
    "path": "http://media.febcchinese.org/Streaming/sr/sr170123.mp3",
    "id": 6272000016,
    "albumId": 6272,
    "albumName": "《给力人生》2017年春季合集",
    "albumtitle": "《给力人生》2017年春季合集(16)",
    "title": "给力人生-20170123"
  },
  {
    "duration": 860,
    "size": "6.9M",
    "path": "http://media.febcchinese.org/Streaming/sr/sr170124.mp3",
    "id": 6272000017,
    "albumId": 6272,
    "albumName": "《给力人生》2017年春季合集",
    "albumtitle": "《给力人生》2017年春季合集(17)",
    "title": "给力人生-20170124"
  },
  {
    "duration": 860,
    "size": "6.9M",
    "path": "http://media.febcchinese.org/Streaming/sr/sr170125.mp3",
    "id": 6272000018,
    "albumId": 6272,
    "albumName": "《给力人生》2017年春季合集",
    "albumtitle": "《给力人生》2017年春季合集(18)",
    "title": "给力人生-20170125"
  },
  {
    "duration": 860,
    "size": "6.9M",
    "path": "http://media.febcchinese.org/Streaming/sr/sr170126.mp3",
    "id": 6272000019,
    "albumId": 6272,
    "albumName": "《给力人生》2017年春季合集",
    "albumtitle": "《给力人生》2017年春季合集(19)",
    "title": "给力人生-20170126"
  },
  {
    "duration": 860,
    "size": "6.9M",
    "path": "http://media.febcchinese.org/Streaming/sr/sr170127.mp3",
    "id": 6272000020,
    "albumId": 6272,
    "albumName": "《给力人生》2017年春季合集",
    "albumtitle": "《给力人生》2017年春季合集(20)",
    "title": "给力人生-20170127"
  },
  {
    "duration": 860,
    "size": "6.9M",
    "path": "http://media.febcchinese.org/Streaming/sr/sr170130.mp3",
    "id": 6272000021,
    "albumId": 6272,
    "albumName": "《给力人生》2017年春季合集",
    "albumtitle": "《给力人生》2017年春季合集(21)",
    "title": "给力人生-20170130"
  },
  {
    "duration": 860,
    "size": "6.9M",
    "path": "http://media.febcchinese.org/Streaming/sr/sr170131.mp3",
    "id": 6272000022,
    "albumId": 6272,
    "albumName": "《给力人生》2017年春季合集",
    "albumtitle": "《给力人生》2017年春季合集(22)",
    "title": "给力人生-20170131"
  },
  {
    "duration": 860,
    "size": "6.9M",
    "path": "http://media.febcchinese.org/Streaming/sr/sr170201.mp3",
    "id": 6272000023,
    "albumId": 6272,
    "albumName": "《给力人生》2017年春季合集",
    "albumtitle": "《给力人生》2017年春季合集(23)",
    "title": "给力人生-20170201"
  },
  {
    "duration": 860,
    "size": "6.9M",
    "path": "http://media.febcchinese.org/Streaming/sr/sr170202.mp3",
    "id": 6272000024,
    "albumId": 6272,
    "albumName": "《给力人生》2017年春季合集",
    "albumtitle": "《给力人生》2017年春季合集(24)",
    "title": "给力人生-20170202"
  },
  {
    "duration": 860,
    "size": "6.9M",
    "path": "http://media.febcchinese.org/Streaming/sr/sr170203.mp3",
    "id": 6272000025,
    "albumId": 6272,
    "albumName": "《给力人生》2017年春季合集",
    "albumtitle": "《给力人生》2017年春季合集(25)",
    "title": "给力人生-20170203"
  },
  {
    "duration": 860,
    "size": "6.9M",
    "path": "http://media.febcchinese.org/Streaming/sr/sr170206.mp3",
    "id": 6272000026,
    "albumId": 6272,
    "albumName": "《给力人生》2017年春季合集",
    "albumtitle": "《给力人生》2017年春季合集(26)",
    "title": "给力人生-20170206"
  },
  {
    "duration": 860,
    "size": "6.9M",
    "path": "http://media.febcchinese.org/Streaming/sr/sr170207.mp3",
    "id": 6272000027,
    "albumId": 6272,
    "albumName": "《给力人生》2017年春季合集",
    "albumtitle": "《给力人生》2017年春季合集(27)",
    "title": "给力人生-20170207"
  },
  {
    "duration": 860,
    "size": "6.9M",
    "path": "http://media.febcchinese.org/Streaming/sr/sr170208.mp3",
    "id": 6272000028,
    "albumId": 6272,
    "albumName": "《给力人生》2017年春季合集",
    "albumtitle": "《给力人生》2017年春季合集(28)",
    "title": "给力人生-20170208"
  },
  {
    "duration": 860,
    "size": "6.9M",
    "path": "http://media.febcchinese.org/Streaming/sr/sr170209.mp3",
    "id": 6272000029,
    "albumId": 6272,
    "albumName": "《给力人生》2017年春季合集",
    "albumtitle": "《给力人生》2017年春季合集(29)",
    "title": "给力人生-20170209"
  },
  {
    "duration": 860,
    "size": "6.9M",
    "path": "http://media.febcchinese.org/Streaming/sr/sr170210.mp3",
    "id": 6272000030,
    "albumId": 6272,
    "albumName": "《给力人生》2017年春季合集",
    "albumtitle": "《给力人生》2017年春季合集(30)",
    "title": "给力人生-20170210"
  },
  {
    "duration": 860,
    "size": "6.9M",
    "path": "http://media.febcchinese.org/Streaming/sr/sr170213.mp3",
    "id": 6272000031,
    "albumId": 6272,
    "albumName": "《给力人生》2017年春季合集",
    "albumtitle": "《给力人生》2017年春季合集(31)",
    "title": "给力人生-20170213"
  },
  {
    "duration": 860,
    "size": "6.9M",
    "path": "http://media.febcchinese.org/Streaming/sr/sr170214.mp3",
    "id": 6272000032,
    "albumId": 6272,
    "albumName": "《给力人生》2017年春季合集",
    "albumtitle": "《给力人生》2017年春季合集(32)",
    "title": "给力人生-20170214"
  },
  {
    "duration": 860,
    "size": "6.9M",
    "path": "http://media.febcchinese.org/Streaming/sr/sr170215.mp3",
    "id": 6272000033,
    "albumId": 6272,
    "albumName": "《给力人生》2017年春季合集",
    "albumtitle": "《给力人生》2017年春季合集(33)",
    "title": "给力人生-20170215"
  },
  {
    "duration": 860,
    "size": "6.9M",
    "path": "http://media.febcchinese.org/Streaming/sr/sr170216.mp3",
    "id": 6272000034,
    "albumId": 6272,
    "albumName": "《给力人生》2017年春季合集",
    "albumtitle": "《给力人生》2017年春季合集(34)",
    "title": "给力人生-20170216"
  },
  {
    "duration": 860,
    "size": "6.9M",
    "path": "http://media.febcchinese.org/Streaming/sr/sr170217.mp3",
    "id": 6272000035,
    "albumId": 6272,
    "albumName": "《给力人生》2017年春季合集",
    "albumtitle": "《给力人生》2017年春季合集(35)",
    "title": "给力人生-20170217"
  },
  {
    "duration": 860,
    "size": "6.9M",
    "path": "http://media.febcchinese.org/Streaming/sr/sr170220.mp3",
    "id": 6272000036,
    "albumId": 6272,
    "albumName": "《给力人生》2017年春季合集",
    "albumtitle": "《给力人生》2017年春季合集(36)",
    "title": "给力人生-20170220"
  },
  {
    "duration": 860,
    "size": "6.9M",
    "path": "http://media.febcchinese.org/Streaming/sr/sr170221.mp3",
    "id": 6272000037,
    "albumId": 6272,
    "albumName": "《给力人生》2017年春季合集",
    "albumtitle": "《给力人生》2017年春季合集(37)",
    "title": "给力人生-20170221"
  },
  {
    "duration": 860,
    "size": "6.9M",
    "path": "http://media.febcchinese.org/Streaming/sr/sr170222.mp3",
    "id": 6272000038,
    "albumId": 6272,
    "albumName": "《给力人生》2017年春季合集",
    "albumtitle": "《给力人生》2017年春季合集(38)",
    "title": "给力人生-20170222"
  },
  {
    "duration": 860,
    "size": "6.9M",
    "path": "http://media.febcchinese.org/Streaming/sr/sr170223.mp3",
    "id": 6272000039,
    "albumId": 6272,
    "albumName": "《给力人生》2017年春季合集",
    "albumtitle": "《给力人生》2017年春季合集(39)",
    "title": "给力人生-20170223"
  },
  {
    "duration": 860,
    "size": "6.9M",
    "path": "http://media.febcchinese.org/Streaming/sr/sr170224.mp3",
    "id": 6272000040,
    "albumId": 6272,
    "albumName": "《给力人生》2017年春季合集",
    "albumtitle": "《给力人生》2017年春季合集(40)",
    "title": "给力人生-20170224"
  },
  {
    "duration": 860,
    "size": "6.9M",
    "path": "http://media.febcchinese.org/Streaming/sr/sr170227.mp3",
    "id": 6272000041,
    "albumId": 6272,
    "albumName": "《给力人生》2017年春季合集",
    "albumtitle": "《给力人生》2017年春季合集(41)",
    "title": "给力人生-20170227"
  },
  {
    "duration": 860,
    "size": "6.9M",
    "path": "http://media.febcchinese.org/Streaming/sr/sr170228.mp3",
    "id": 6272000042,
    "albumId": 6272,
    "albumName": "《给力人生》2017年春季合集",
    "albumtitle": "《给力人生》2017年春季合集(42)",
    "title": "给力人生-20170228"
  },
  {
    "duration": 860,
    "size": "6.9M",
    "path": "http://media.febcchinese.org/Streaming/sr/sr170301.mp3",
    "id": 6272000043,
    "albumId": 6272,
    "albumName": "《给力人生》2017年春季合集",
    "albumtitle": "《给力人生》2017年春季合集(43)",
    "title": "给力人生-20170301"
  },
  {
    "duration": 860,
    "size": "6.9M",
    "path": "http://media.febcchinese.org/Streaming/sr/sr170302.mp3",
    "id": 6272000044,
    "albumId": 6272,
    "albumName": "《给力人生》2017年春季合集",
    "albumtitle": "《给力人生》2017年春季合集(44)",
    "title": "给力人生-20170302"
  },
  {
    "duration": 860,
    "size": "6.9M",
    "path": "http://media.febcchinese.org/Streaming/sr/sr170303.mp3",
    "id": 6272000045,
    "albumId": 6272,
    "albumName": "《给力人生》2017年春季合集",
    "albumtitle": "《给力人生》2017年春季合集(45)",
    "title": "给力人生-20170303"
  },
  {
    "duration": 860,
    "size": "6.9M",
    "path": "http://media.febcchinese.org/Streaming/sr/sr170306.mp3",
    "id": 6272000046,
    "albumId": 6272,
    "albumName": "《给力人生》2017年春季合集",
    "albumtitle": "《给力人生》2017年春季合集(46)",
    "title": "给力人生-20170306"
  },
  {
    "duration": 860,
    "size": "6.9M",
    "path": "http://media.febcchinese.org/Streaming/sr/sr170307.mp3",
    "id": 6272000047,
    "albumId": 6272,
    "albumName": "《给力人生》2017年春季合集",
    "albumtitle": "《给力人生》2017年春季合集(47)",
    "title": "给力人生-20170307"
  },
  {
    "duration": 860,
    "size": "6.9M",
    "path": "http://media.febcchinese.org/Streaming/sr/sr170308.mp3",
    "id": 6272000048,
    "albumId": 6272,
    "albumName": "《给力人生》2017年春季合集",
    "albumtitle": "《给力人生》2017年春季合集(48)",
    "title": "给力人生-20170308"
  },
  {
    "duration": 860,
    "size": "6.9M",
    "path": "http://media.febcchinese.org/Streaming/sr/sr170309.mp3",
    "id": 6272000049,
    "albumId": 6272,
    "albumName": "《给力人生》2017年春季合集",
    "albumtitle": "《给力人生》2017年春季合集(49)",
    "title": "给力人生-20170309"
  },
  {
    "duration": 860,
    "size": "6.9M",
    "path": "http://media.febcchinese.org/Streaming/sr/sr170310.mp3",
    "id": 6272000050,
    "albumId": 6272,
    "albumName": "《给力人生》2017年春季合集",
    "albumtitle": "《给力人生》2017年春季合集(50)",
    "title": "给力人生-20170310"
  },
  {
    "duration": 860,
    "size": "6.9M",
    "path": "http://media.febcchinese.org/Streaming/sr/sr170313.mp3",
    "id": 6272000051,
    "albumId": 6272,
    "albumName": "《给力人生》2017年春季合集",
    "albumtitle": "《给力人生》2017年春季合集(51)",
    "title": "给力人生-20170313"
  },
  {
    "duration": 860,
    "size": "6.9M",
    "path": "http://media.febcchinese.org/Streaming/sr/sr170314.mp3",
    "id": 6272000052,
    "albumId": 6272,
    "albumName": "《给力人生》2017年春季合集",
    "albumtitle": "《给力人生》2017年春季合集(52)",
    "title": "给力人生-20170314"
  },
  {
    "duration": 860,
    "size": "6.9M",
    "path": "http://media.febcchinese.org/Streaming/sr/sr170315.mp3",
    "id": 6272000053,
    "albumId": 6272,
    "albumName": "《给力人生》2017年春季合集",
    "albumtitle": "《给力人生》2017年春季合集(53)",
    "title": "给力人生-20170315"
  },
  {
    "duration": 860,
    "size": "6.9M",
    "path": "http://media.febcchinese.org/Streaming/sr/sr170316.mp3",
    "id": 6272000054,
    "albumId": 6272,
    "albumName": "《给力人生》2017年春季合集",
    "albumtitle": "《给力人生》2017年春季合集(54)",
    "title": "给力人生-20170316"
  },
  {
    "duration": 860,
    "size": "6.9M",
    "path": "http://media.febcchinese.org/Streaming/sr/sr170317.mp3",
    "id": 6272000055,
    "albumId": 6272,
    "albumName": "《给力人生》2017年春季合集",
    "albumtitle": "《给力人生》2017年春季合集(55)",
    "title": "给力人生-20170317"
  },
  {
    "duration": 860,
    "size": "6.9M",
    "path": "http://media.febcchinese.org/Streaming/sr/sr170320.mp3",
    "id": 6272000056,
    "albumId": 6272,
    "albumName": "《给力人生》2017年春季合集",
    "albumtitle": "《给力人生》2017年春季合集(56)",
    "title": "给力人生-20170320"
  },
  {
    "duration": 860,
    "size": "6.9M",
    "path": "http://media.febcchinese.org/Streaming/sr/sr170321.mp3",
    "id": 6272000057,
    "albumId": 6272,
    "albumName": "《给力人生》2017年春季合集",
    "albumtitle": "《给力人生》2017年春季合集(57)",
    "title": "给力人生-20170321"
  },
  {
    "duration": 860,
    "size": "6.9M",
    "path": "http://media.febcchinese.org/Streaming/sr/sr170322.mp3",
    "id": 6272000058,
    "albumId": 6272,
    "albumName": "《给力人生》2017年春季合集",
    "albumtitle": "《给力人生》2017年春季合集(58)",
    "title": "给力人生-20170322"
  },
  {
    "duration": 860,
    "size": "6.9M",
    "path": "http://media.febcchinese.org/Streaming/sr/sr170323.mp3",
    "id": 6272000059,
    "albumId": 6272,
    "albumName": "《给力人生》2017年春季合集",
    "albumtitle": "《给力人生》2017年春季合集(59)",
    "title": "给力人生-20170323"
  },
  {
    "duration": 860,
    "size": "6.9M",
    "path": "http://media.febcchinese.org/Streaming/sr/sr170324.mp3",
    "id": 6272000060,
    "albumId": 6272,
    "albumName": "《给力人生》2017年春季合集",
    "albumtitle": "《给力人生》2017年春季合集(60)",
    "title": "给力人生-20170324"
  },
  {
    "duration": 860,
    "size": "6.9M",
    "path": "http://media.febcchinese.org/Streaming/sr/sr170327.mp3",
    "id": 6272000061,
    "albumId": 6272,
    "albumName": "《给力人生》2017年春季合集",
    "albumtitle": "《给力人生》2017年春季合集(61)",
    "title": "给力人生-20170327"
  },
  {
    "duration": 860,
    "size": "6.9M",
    "path": "http://media.febcchinese.org/Streaming/sr/sr170328.mp3",
    "id": 6272000062,
    "albumId": 6272,
    "albumName": "《给力人生》2017年春季合集",
    "albumtitle": "《给力人生》2017年春季合集(62)",
    "title": "给力人生-20170328"
  },
  {
    "duration": 860,
    "size": "6.9M",
    "path": "http://media.febcchinese.org/Streaming/sr/sr170329.mp3",
    "id": 6272000063,
    "albumId": 6272,
    "albumName": "《给力人生》2017年春季合集",
    "albumtitle": "《给力人生》2017年春季合集(63)",
    "title": "给力人生-20170329"
  },
  {
    "duration": 860,
    "size": "6.9M",
    "path": "http://media.febcchinese.org/Streaming/sr/sr170330.mp3",
    "id": 6272000064,
    "albumId": 6272,
    "albumName": "《给力人生》2017年春季合集",
    "albumtitle": "《给力人生》2017年春季合集(64)",
    "title": "给力人生-20170330"
  },
  {
    "duration": 860,
    "size": "6.9M",
    "path": "http://media.febcchinese.org/Streaming/sr/sr170331.mp3",
    "id": 6272000065,
    "albumId": 6272,
    "albumName": "《给力人生》2017年春季合集",
    "albumtitle": "《给力人生》2017年春季合集(65)",
    "title": "给力人生-20170331"
  }
]