[
	{
		"albumtitle": "系統神學(01)",
		"title": "",
		"duration": 1860,
        "size": "17.6M",
		"albumId": 217,
		"albumName": "系統神學",
		"path": "https://rawcdn.githack.com/quiet324/Media4JAlbum/17060917/SystematicTheology/SystematicTheology01.mp3",
		"id": 217888180
	},
	{
		"albumtitle": "系統神學(02)",
		"title": "",
		"duration": 1860,
        "size": "17.6M",
		"albumId": 217,
		"albumName": "系統神學",
		"path": "https://rawcdn.githack.com/quiet324/Media4JAlbum/17060917/SystematicTheology/SystematicTheology02.mp3",
		"id": 217888181
	},
	{
		"albumtitle": "系統神學(03)",
		"title": "",
		"duration": 1860,
        "size": "17.6M",
		"albumId": 217,
		"albumName": "系統神學",
		"path": "https://rawcdn.githack.com/quiet324/Media4JAlbum/17060917/SystematicTheology/SystematicTheology03.mp3",
		"id": 217888182
	},
	{
		"albumtitle": "系統神學(04)",
		"title": "",
		"duration": 1860,
        "size": "17.6M",
		"albumId": 217,
		"albumName": "系統神學",
		"path": "https://rawcdn.githack.com/quiet324/Media4JAlbum/17060917/SystematicTheology/SystematicTheology04.mp3",
		"id": 217888183
	},

	{
		"albumtitle": "系統神學(05)",
		"title": "",
		"duration": 1860,
		"size": "17.6M",
		"albumId": 217,
		"albumName": "系統神學",
		"path": "https://rawcdn.githack.com/quiet324/Media4JAlbum/17060917/SystematicTheology/SystematicTheology05.mp3",
		"id": 217888184
	},
	{
		"albumtitle": "系統神學(06)",
		"title": "",
		"duration": 1860,
		"size": "17.6M",
		"albumId": 217,
		"albumName": "系統神學",
		"path": "https://rawcdn.githack.com/quiet324/Media4JAlbum/17060917/SystematicTheology/SystematicTheology06.mp3",
		"id": 217888185
	},
	{
		"albumtitle": "系統神學(07)",
		"title": "",
		"duration": 1860,
		"size": "7M",
		"albumId": 217,
		"albumName": "系統神學",
		"path": "https://rawcdn.githack.com/quiet324/Media4JAlbum/17060917/SystematicTheology/SystematicTheology07.mp3",
		"id": 217888186
	}

,
	{
		"albumtitle": "系統神學(08)",
		"title": "",
		"duration": 1860,
		"size": "17.6M",
		"albumId": 217,
		"albumName": "系統神學",
		"path": "https://rawcdn.githack.com/quiet324/Media4JAlbum/17060917/SystematicTheology/SystematicTheology08.mp3",
		"id": 217888187
	}

	,
	{
		"albumtitle": "系統神學(09)",
		"title": "",
		"duration": 1860,
		"size": "17.6M",
		"albumId": 217,
		"albumName": "系統神學",
		"path": "https://rawcdn.githack.com/quiet324/Media4JAlbum/17060917/SystematicTheology/SystematicTheology09.mp3",
		"id": 217888188
	},
	{
		"albumtitle": "系統神學(10)",
		"title": "",
		"duration": 1860,
		"size": "17.6M",
		"albumId": 217,
		"albumName": "系統神學",
		"path": "https://rawcdn.githack.com/quiet324/Media4JAlbum/17060917/SystematicTheology/SystematicTheology10.mp3",
		"id": 217888189
	},
	{
		"albumtitle": "系統神學(11)",
		"title": "",
		"duration": 1860,
		"size": "17.6M",
		"albumId": 217,
		"albumName": "系統神學",
		"path": "https://rawcdn.githack.com/quiet324/Media4JAlbum/17060917/SystematicTheology/SystematicTheology11.mp3",
		"id": 2178881810
	},
	{
		"albumtitle": "系統神學(12)",
		"title": "",
		"duration": 1860,
		"size": "17.6M",
		"albumId": 217,
		"albumName": "系統神學",
		"path": "https://rawcdn.githack.com/quiet324/Media4JAlbum/17060917/SystematicTheology/SystematicTheology12.mp3",
		"id": 2178881811
	},

	{
		"albumtitle": "系統神學(13)",
		"title": "",
		"duration": 1860,
		"size": "17.6M",
		"albumId": 217,
		"albumName": "系統神學",
		"path": "https://rawcdn.githack.com/quiet324/Media4JAlbum/17060917/SystematicTheology/SystematicTheology13.mp3",
		"id": 2178881812
	},
	{
		"albumtitle": "系統神學(14)",
		"title": "",
		"duration": 1860,
		"size": "17.6M",
		"albumId": 217,
		"albumName": "系統神學",
		"path": "https://rawcdn.githack.com/quiet324/Media4JAlbum/17060917/SystematicTheology/SystematicTheology14.mp3",
		"id": 2178881813
	},
	{
		"albumtitle": "系統神學(15)",
		"title": "",
		"duration": 1860,
		"size": "7M",
		"albumId": 217,
		"albumName": "系統神學",
		"path": "https://rawcdn.githack.com/quiet324/Media4JAlbum/17060917/SystematicTheology/SystematicTheology15.mp3",
		"id": 2178881814
	}

,
	{
		"albumtitle": "系統神學(16)",
		"title": "",
		"duration": 1860,
		"size": "17.6M",
		"albumId": 217,
		"albumName": "系統神學",
		"path": "https://rawcdn.githack.com/quiet324/Media4JAlbum/17060917/SystematicTheology/SystematicTheology16.mp3",
		"id": 2178881815
	}

,

	{
		"albumtitle": "系統神學(17)",
		"title": "",
		"duration": 1860,
		"size": "17.6M",
		"albumId": 217,
		"albumName": "系統神學",
		"path": "https://rawcdn.githack.com/quiet324/Media4JAlbum/17060917/SystematicTheology/SystematicTheology17.mp3",
		"id": 2178881816
	},
	{
		"albumtitle": "系統神學(18)",
		"title": "",
		"duration": 1860,
		"size": "17.6M",
		"albumId": 217,
		"albumName": "系統神學",
		"path": "https://rawcdn.githack.com/quiet324/Media4JAlbum/17060917/SystematicTheology/SystematicTheology18.mp3",
		"id": 2178881817
	},
	{
		"albumtitle": "系統神學(19)",
		"title": "",
		"duration": 1860,
		"size": "7M",
		"albumId": 217,
		"albumName": "系統神學",
		"path": "https://rawcdn.githack.com/quiet324/Media4JAlbum/17060917/SystematicTheology/SystematicTheology19.mp3",
		"id": 2178881818
	}

,
	{
		"albumtitle": "系統神學(20)",
		"title": "",
		"duration": 1860,
		"size": "17.6M",
		"albumId": 217,
		"albumName": "系統神學",
		"path": "https://rawcdn.githack.com/quiet324/Media4JAlbum/17060917/SystematicTheology/SystematicTheology20.mp3",
		"id": 2178881819
	}
]