[
	{
		"albumtitle": "《施恩座前》心心之火：爱心(01)",
		"title": "爱儿女──哈拿对撒母耳",
		"downUrl": "http://txly2.net/ly/audio/tg_FireLove/tg_FireLove01.mp3",
		"duration": 270,
		"size": "1.2M",
		"albumId": 12,
		"albumName": "《施恩座前》心心之火：爱心",
		"path": "https://rawcdn.githack.com/quiet324/LiangyouAlbums/1705203/node/tg_FireLove/tg_FireLove01.mp3",
		"id": 12888833
	},
	{
		"albumtitle": "《施恩座前》心心之火：爱心(02)",
		"title": "爱配偶──基督爱教会的榜样",
		"downUrl": "http://txly2.net/ly/audio/tg_FireLove/tg_FireLove02.mp3",
		"duration": 270,
		"size": "1.2M",
		"albumId": 12,
		"albumName": "《施恩座前》心心之火：爱心",
		"path": "https://rawcdn.githack.com/quiet324/LiangyouAlbums/1705203/node/tg_FireLove/tg_FireLove02.mp3",
		"id": 12888834
	},
	{
		"albumtitle": "《施恩座前》心心之火：爱心(03)",
		"title": "爱羊群──保罗对帖撒罗尼迦教会",
		"downUrl": "http://txly2.net/ly/audio/tg_FireLove/tg_FireLove03.mp3",
		"duration": 270,
		"size": "1.2M",
		"albumId": 12,
		"albumName": "《施恩座前》心心之火：爱心",
		"path": "https://rawcdn.githack.com/quiet324/LiangyouAlbums/1705203/node/tg_FireLove/tg_FireLove03.mp3",
		"id": 12888835
	},
	{
		"albumtitle": "《施恩座前》心心之火：爱心(04)",
		"title": "爱牧者──腓立比教会对保罗",
		"downUrl": "http://txly2.net/ly/audio/tg_FireLove/tg_FireLove04.mp3",
		"duration": 270,
		"size": "1.2M",
		"albumId": 12,
		"albumName": "《施恩座前》心心之火：爱心",
		"path": "https://rawcdn.githack.com/quiet324/LiangyouAlbums/1705203/node/tg_FireLove/tg_FireLove04.mp3",
		"id": 12888836
	},
	{
		"albumtitle": "《施恩座前》心心之火：爱心(05)",
		"title": "爱同工──腓立比教会的不同心",
		"downUrl": "http://txly2.net/ly/audio/tg_FireLove/tg_FireLove05.mp3",
		"duration": 270,
		"size": "1.2M",
		"albumId": 12,
		"albumName": "《施恩座前》心心之火：爱心",
		"path": "https://rawcdn.githack.com/quiet324/LiangyouAlbums/1705203/node/tg_FireLove/tg_FireLove05.mp3",
		"id": 12888837
	},
	{
		"albumtitle": "《施恩座前》心心之火：爱心(06)",
		"title": "爱父母──长寿秘笈（父亲节）",
		"downUrl": "http://txly2.net/ly/audio/tg_FireLove/tg_FireLove06.mp3",
		"duration": 270,
		"size": "1.2M",
		"albumId": 12,
		"albumName": "《施恩座前》心心之火：爱心",
		"path": "https://rawcdn.githack.com/quiet324/LiangyouAlbums/1705203/node/tg_FireLove/tg_FireLove06.mp3",
		"id": 12888838
	},
	{
		"albumtitle": "《施恩座前》心心之火：爱心(07)",
		"title": "爱仇敌──多走一里路",
		"downUrl": "http://txly2.net/ly/audio/tg_FireLove/tg_FireLove07.mp3",
		"duration": 270,
		"size": "1.2M",
		"albumId": 12,
		"albumName": "《施恩座前》心心之火：爱心",
		"path": "https://rawcdn.githack.com/quiet324/LiangyouAlbums/1705203/node/tg_FireLove/tg_FireLove07.mp3",
		"id": 12888839
	},
	{
		"albumtitle": "《施恩座前》心心之火：爱心(08)",
		"title": "爱父神──原来基督的爱激励我们",
		"downUrl": "http://txly2.net/ly/audio/tg_FireLove/tg_FireLove08.mp3",
		"duration": 270,
		"size": "1.2M",
		"albumId": 12,
		"albumName": "《施恩座前》心心之火：爱心",
		"path": "https://rawcdn.githack.com/quiet324/LiangyouAlbums/1705203/node/tg_FireLove/tg_FireLove08.mp3",
		"id": 12888840
	}
]