[
	{
		"albumtitle": "《施恩座前》心心之火：清心(01)",
		"title": "清洁的心",
		"downUrl": "http://txly2.net/ly/audio/tg_FirePure/tg_FirePure01.mp3",
		"duration": 270,
		"size": "1.2M",
		"albumId": 14,
		"albumName": "《施恩座前》心心之火：清心",
		"path": "https://rawcdn.githack.com/quiet324/LiangyouAlbums/1705203/node/tg_FirePure/tg_FirePure01.mp3",
		"id": 14888907
	},
	{
		"albumtitle": "《施恩座前》心心之火：清心(02)",
		"title": "清心与安静",
		"downUrl": "http://txly2.net/ly/audio/tg_FirePure/tg_FirePure02.mp3",
		"duration": 270,
		"size": "1.2M",
		"albumId": 14,
		"albumName": "《施恩座前》心心之火：清心",
		"path": "https://rawcdn.githack.com/quiet324/LiangyouAlbums/1705203/node/tg_FirePure/tg_FirePure02.mp3",
		"id": 14888908
	},
	{
		"albumtitle": "《施恩座前》心心之火：清心(03)",
		"title": "清心与试探",
		"downUrl": "http://txly2.net/ly/audio/tg_FirePure/tg_FirePure03.mp3",
		"duration": 270,
		"size": "1.2M",
		"albumId": 14,
		"albumName": "《施恩座前》心心之火：清心",
		"path": "https://rawcdn.githack.com/quiet324/LiangyouAlbums/1705203/node/tg_FirePure/tg_FirePure03.mp3",
		"id": 14888909
	},
	{
		"albumtitle": "《施恩座前》心心之火：清心(04)",
		"title": "清心与筑墙",
		"downUrl": "http://txly2.net/ly/audio/tg_FirePure/tg_FirePure04.mp3",
		"duration": 270,
		"size": "1.2M",
		"albumId": 14,
		"albumName": "《施恩座前》心心之火：清心",
		"path": "https://rawcdn.githack.com/quiet324/LiangyouAlbums/1705203/node/tg_FirePure/tg_FirePure04.mp3",
		"id": 14888910
	},
	{
		"albumtitle": "《施恩座前》心心之火：清心(05)",
		"title": "清心与植树",
		"downUrl": "http://txly2.net/ly/audio/tg_FirePure/tg_FirePure05.mp3",
		"duration": 270,
		"size": "1.2M",
		"albumId": 14,
		"albumName": "《施恩座前》心心之火：清心",
		"path": "https://rawcdn.githack.com/quiet324/LiangyouAlbums/1705203/node/tg_FirePure/tg_FirePure05.mp3",
		"id": 14888911
	},
	{
		"albumtitle": "《施恩座前》心心之火：清心(06)",
		"title": "清心与一起祷告",
		"downUrl": "http://txly2.net/ly/audio/tg_FirePure/tg_FirePure06.mp3",
		"duration": 270,
		"size": "1.2M",
		"albumId": 14,
		"albumName": "《施恩座前》心心之火：清心",
		"path": "https://rawcdn.githack.com/quiet324/LiangyouAlbums/1705203/node/tg_FirePure/tg_FirePure06.mp3",
		"id": 14888912
	},
	{
		"albumtitle": "《施恩座前》心心之火：清心(07)",
		"title": "清心与真诚",
		"downUrl": "http://txly2.net/ly/audio/tg_FirePure/tg_FirePure07.mp3",
		"duration": 270,
		"size": "1.2M",
		"albumId": 14,
		"albumName": "《施恩座前》心心之火：清心",
		"path": "https://rawcdn.githack.com/quiet324/LiangyouAlbums/1705203/node/tg_FirePure/tg_FirePure07.mp3",
		"id": 14888913
	},
	{
		"albumtitle": "《施恩座前》心心之火：清心(08)",
		"title": "清心与恩言",
		"downUrl": "http://txly2.net/ly/audio/tg_FirePure/tg_FirePure08.mp3",
		"duration": 270,
		"size": "1.2M",
		"albumId": 14,
		"albumName": "《施恩座前》心心之火：清心",
		"path": "https://rawcdn.githack.com/quiet324/LiangyouAlbums/1705203/node/tg_FirePure/tg_FirePure08.mp3",
		"id": 14888914
	},
	{
		"albumtitle": "《施恩座前》心心之火：清心(09)",
		"title": "清心与切实相爱的心",
		"downUrl": "http://txly2.net/ly/audio/tg_FirePure/tg_FirePure09.mp3",
		"duration": 270,
		"size": "1.2M",
		"albumId": 14,
		"albumName": "《施恩座前》心心之火：清心",
		"path": "https://rawcdn.githack.com/quiet324/LiangyouAlbums/1705203/node/tg_FirePure/tg_FirePure09.mp3",
		"id": 14888915
	}
]