[
	{
		"albumtitle": "《施恩座前》心心之火：虚心(01)",
		"title": "顺服行道，虚心受教（诗119:1）",
		"downUrl": "http://txly2.net/ly/audio/tg_FireModesty/tg_FireModesty01.mp3",
		"duration": 270,
		"size": "1.2M",
		"albumId": 3,
		"albumName": "《施恩座前》心心之火：虚心",
		"path": "https://rawcdn.githack.com/quiet324/LiangyouAlbums/1705203/node/tg_FireModesty/tg_FireModesty01.mp3",
		"id": 3888851
	},
	{
		"albumtitle": "《施恩座前》心心之火：虚心(02)",
		"title": "尽心尽力，全人吸收（诗119:16）",
		"downUrl": "http://txly2.net/ly/audio/tg_FireModesty/tg_FireModesty02.mp3",
		"duration": 270,
		"size": "1.2M",
		"albumId": 3,
		"albumName": "《施恩座前》心心之火：虚心",
		"path": "https://rawcdn.githack.com/quiet324/LiangyouAlbums/1705203/node/tg_FireModesty/tg_FireModesty02.mp3",
		"id": 3888852
	},
	{
		"albumtitle": "《施恩座前》心心之火：虚心(03)",
		"title": "祷告成全，求主帮助（诗119:43）",
		"downUrl": "http://txly2.net/ly/audio/tg_FireModesty/tg_FireModesty03.mp3",
		"duration": 270,
		"size": "1.2M",
		"albumId": 3,
		"albumName": "《施恩座前》心心之火：虚心",
		"path": "https://rawcdn.githack.com/quiet324/LiangyouAlbums/1705203/node/tg_FireModesty/tg_FireModesty03.mp3",
		"id": 3888853
	},
	{
		"albumtitle": "《施恩座前》心心之火：虚心(04)",
		"title": "渴求珍宝，得而后快（诗119:72）",
		"downUrl": "http://txly2.net/ly/audio/tg_FireModesty/tg_FireModesty04.mp3",
		"duration": 270,
		"size": "1.2M",
		"albumId": 3,
		"albumName": "《施恩座前》心心之火：虚心",
		"path": "https://rawcdn.githack.com/quiet324/LiangyouAlbums/1705203/node/tg_FireModesty/tg_FireModesty04.mp3",
		"id": 3888854
	},
	{
		"albumtitle": "《施恩座前》心心之火：虚心(05)",
		"title": "放下坚持，抓住应许（诗119:89）",
		"downUrl": "http://txly2.net/ly/audio/tg_FireModesty/tg_FireModesty05.mp3",
		"duration": 270,
		"size": "1.2M",
		"albumId": 3,
		"albumName": "《施恩座前》心心之火：虚心",
		"path": "https://rawcdn.githack.com/quiet324/LiangyouAlbums/1705203/node/tg_FireModesty/tg_FireModesty05.mp3",
		"id": 3888855
	},
	{
		"albumtitle": "《施恩座前》心心之火：虚心(06)",
		"title": "爱慕真道，越爱越深（诗119:97）",
		"downUrl": "http://txly2.net/ly/audio/tg_FireModesty/tg_FireModesty06.mp3",
		"duration": 270,
		"size": "1.2M",
		"albumId": 3,
		"albumName": "《施恩座前》心心之火：虚心",
		"path": "https://rawcdn.githack.com/quiet324/LiangyouAlbums/1705203/node/tg_FireModesty/tg_FireModesty06.mp3",
		"id": 3888856
	},
	{
		"albumtitle": "《施恩座前》心心之火：虚心(07)",
		"title": "生活顺逆，惟神是瞻（诗119:109）",
		"downUrl": "http://txly2.net/ly/audio/tg_FireModesty/tg_FireModesty07.mp3",
		"duration": 270,
		"size": "1.2M",
		"albumId": 3,
		"albumName": "《施恩座前》心心之火：虚心",
		"path": "https://rawcdn.githack.com/quiet324/LiangyouAlbums/1705203/node/tg_FireModesty/tg_FireModesty07.mp3",
		"id": 3888857
	},
	{
		"albumtitle": "《施恩座前》心心之火：虚心(08)",
		"title": "专心一意，不偏不离（诗119:129）",
		"downUrl": "http://txly2.net/ly/audio/tg_FireModesty/tg_FireModesty08.mp3",
		"duration": 270,
		"size": "1.2M",
		"albumId": 3,
		"albumName": "《施恩座前》心心之火：虚心",
		"path": "https://rawcdn.githack.com/quiet324/LiangyouAlbums/1705203/node/tg_FireModesty/tg_FireModesty08.mp3",
		"id": 3888858
	},
	{
		"albumtitle": "《施恩座前》心心之火：虚心(09)",
		"title": "昼夜思想，主居首位（诗119:148）",
		"downUrl": "http://txly2.net/ly/audio/tg_FireModesty/tg_FireModesty09.mp3",
		"duration": 270,
		"size": "1.2M",
		"albumId": 3,
		"albumName": "《施恩座前》心心之火：虚心",
		"path": "https://rawcdn.githack.com/quiet324/LiangyouAlbums/1705203/node/tg_FireModesty/tg_FireModesty09.mp3",
		"id": 3888859
	},
	{
		"albumtitle": "《施恩座前》心心之火：虚心(10)",
		"title": "重复阅读，虚心操练（诗119:164）",
		"downUrl": "http://txly2.net/ly/audio/tg_FireModesty/tg_FireModesty10.mp3",
		"duration": 270,
		"size": "1.2M",
		"albumId": 3,
		"albumName": "《施恩座前》心心之火：虚心",
		"path": "https://rawcdn.githack.com/quiet324/LiangyouAlbums/1705203/node/tg_FireModesty/tg_FireModesty10.mp3",
		"id": 3888860
	}
]