[
	{
		"albumtitle": "《施恩座前》心心之火：信心(01)",
		"title": "新的开始",
		"downUrl": "http://txly2.net/ly/audio/tg_FireFaith/tg_FireFaith01.mp3",
		"duration": 270,
		"size": "1.2M",
		"albumId": 17,
		"albumName": "《施恩座前》心心之火：信心",
		"path": "https://rawcdn.githack.com/quiet324/LiangyouAlbums/1705203/node/tg_FireFaith/tg_FireFaith01.mp3",
		"id": 17888897
	},
	{
		"albumtitle": "《施恩座前》心心之火：信心(02)",
		"title": "信心和自信",
		"downUrl": "http://txly2.net/ly/audio/tg_FireFaith/tg_FireFaith02.mp3",
		"duration": 270,
		"size": "1.2M",
		"albumId": 17,
		"albumName": "《施恩座前》心心之火：信心",
		"path": "https://rawcdn.githack.com/quiet324/LiangyouAlbums/1705203/node/tg_FireFaith/tg_FireFaith02.mp3",
		"id": 17888898
	},
	{
		"albumtitle": "《施恩座前》心心之火：信心(03)",
		"title": "信心来自神",
		"downUrl": "http://txly2.net/ly/audio/tg_FireFaith/tg_FireFaith03.mp3",
		"duration": 270,
		"size": "1.2M",
		"albumId": 17,
		"albumName": "《施恩座前》心心之火：信心",
		"path": "https://rawcdn.githack.com/quiet324/LiangyouAlbums/1705203/node/tg_FireFaith/tg_FireFaith03.mp3",
		"id": 17888899
	},
	{
		"albumtitle": "《施恩座前》心心之火：信心(04)",
		"title": "信心会增长",
		"downUrl": "http://txly2.net/ly/audio/tg_FireFaith/tg_FireFaith04.mp3",
		"duration": 270,
		"size": "1.2M",
		"albumId": 17,
		"albumName": "《施恩座前》心心之火：信心",
		"path": "https://rawcdn.githack.com/quiet324/LiangyouAlbums/1705203/node/tg_FireFaith/tg_FireFaith04.mp3",
		"id": 17888900
	},
	{
		"albumtitle": "《施恩座前》心心之火：信心(05)",
		"title": "穷人和富人的信心",
		"downUrl": "http://txly2.net/ly/audio/tg_FireFaith/tg_FireFaith05.mp3",
		"duration": 270,
		"size": "1.2M",
		"albumId": 17,
		"albumName": "《施恩座前》心心之火：信心",
		"path": "https://rawcdn.githack.com/quiet324/LiangyouAlbums/1705203/node/tg_FireFaith/tg_FireFaith05.mp3",
		"id": 17888901
	},
	{
		"albumtitle": "《施恩座前》心心之火：信心(06)",
		"title": "信心和大胆",
		"downUrl": "http://txly2.net/ly/audio/tg_FireFaith/tg_FireFaith06.mp3",
		"duration": 270,
		"size": "1.2M",
		"albumId": 17,
		"albumName": "《施恩座前》心心之火：信心",
		"path": "https://rawcdn.githack.com/quiet324/LiangyouAlbums/1705203/node/tg_FireFaith/tg_FireFaith06.mp3",
		"id": 17888902
	},
	{
		"albumtitle": "《施恩座前》心心之火：信心(07)",
		"title": "信心与公平",
		"downUrl": "http://txly2.net/ly/audio/tg_FireFaith/tg_FireFaith07.mp3",
		"duration": 270,
		"size": "1.2M",
		"albumId": 17,
		"albumName": "《施恩座前》心心之火：信心",
		"path": "https://rawcdn.githack.com/quiet324/LiangyouAlbums/1705203/node/tg_FireFaith/tg_FireFaith07.mp3",
		"id": 17888903
	},
	{
		"albumtitle": "《施恩座前》心心之火：信心(08)",
		"title": "信心与性别",
		"downUrl": "http://txly2.net/ly/audio/tg_FireFaith/tg_FireFaith08.mp3",
		"duration": 270,
		"size": "1.2M",
		"albumId": 17,
		"albumName": "《施恩座前》心心之火：信心",
		"path": "https://rawcdn.githack.com/quiet324/LiangyouAlbums/1705203/node/tg_FireFaith/tg_FireFaith08.mp3",
		"id": 17888904
	},
	{
		"albumtitle": "《施恩座前》心心之火：信心(09)",
		"title": "信心与感觉",
		"downUrl": "http://txly2.net/ly/audio/tg_FireFaith/tg_FireFaith09.mp3",
		"duration": 270,
		"size": "1.2M",
		"albumId": 17,
		"albumName": "《施恩座前》心心之火：信心",
		"path": "https://rawcdn.githack.com/quiet324/LiangyouAlbums/1705203/node/tg_FireFaith/tg_FireFaith09.mp3",
		"id": 17888905
	},
	{
		"albumtitle": "《施恩座前》心心之火：信心(10)",
		"title": "信心和爱心",
		"downUrl": "http://txly2.net/ly/audio/tg_FireFaith/tg_FireFaith10.mp3",
		"duration": 270,
		"size": "1.2M",
		"albumId": 17,
		"albumName": "《施恩座前》心心之火：信心",
		"path": "https://rawcdn.githack.com/quiet324/LiangyouAlbums/1705203/node/tg_FireFaith/tg_FireFaith10.mp3",
		"id": 17888906
	}
]