[
	{
		"albumtitle": "《施恩座前》心心之火：良心(01)",
		"title": "良心的“丢弃”",
		"downUrl": "http://txly2.net/ly/audio/tg_FireConscience/tg_FireConscience01.mp3",
		"duration": 270,
		"size": "1.2M",
		"albumId": 13,
		"albumName": "《施恩座前》心心之火：良心",
		"path": "https://rawcdn.githack.com/quiet324/LiangyouAlbums/1705203/node/tg_FireConscience/tg_FireConscience01.mp3",
		"id": 13888888
	},
	{
		"albumtitle": "《施恩座前》心心之火：良心(02)",
		"title": "中国人的良心观",
		"downUrl": "http://txly2.net/ly/audio/tg_FireConscience/tg_FireConscience02.mp3",
		"duration": 270,
		"size": "1.2M",
		"albumId": 13,
		"albumName": "《施恩座前》心心之火：良心",
		"path": "https://rawcdn.githack.com/quiet324/LiangyouAlbums/1705203/node/tg_FireConscience/tg_FireConscience02.mp3",
		"id": 13888889
	},
	{
		"albumtitle": "《施恩座前》心心之火：良心(03)",
		"title": "孟子的良心观与圣经佐证",
		"downUrl": "http://txly2.net/ly/audio/tg_FireConscience/tg_FireConscience03.mp3",
		"duration": 270,
		"size": "1.2M",
		"albumId": 13,
		"albumName": "《施恩座前》心心之火：良心",
		"path": "https://rawcdn.githack.com/quiet324/LiangyouAlbums/1705203/node/tg_FireConscience/tg_FireConscience03.mp3",
		"id": 13888890
	},
	{
		"albumtitle": "《施恩座前》心心之火：良心(04)",
		"title": "良心与爱心",
		"downUrl": "http://txly2.net/ly/audio/tg_FireConscience/tg_FireConscience04.mp3",
		"duration": 270,
		"size": "1.2M",
		"albumId": 13,
		"albumName": "《施恩座前》心心之火：良心",
		"path": "https://rawcdn.githack.com/quiet324/LiangyouAlbums/1705203/node/tg_FireConscience/tg_FireConscience04.mp3",
		"id": 13888891
	},
	{
		"albumtitle": "《施恩座前》心心之火：良心(05)",
		"title": "凭良心作人",
		"downUrl": "http://txly2.net/ly/audio/tg_FireConscience/tg_FireConscience05.mp3",
		"duration": 270,
		"size": "1.2M",
		"albumId": 13,
		"albumName": "《施恩座前》心心之火：良心",
		"path": "https://rawcdn.githack.com/quiet324/LiangyouAlbums/1705203/node/tg_FireConscience/tg_FireConscience05.mp3",
		"id": 13888892
	},
	{
		"albumtitle": "《施恩座前》心心之火：良心(06)",
		"title": "良心的有限",
		"downUrl": "http://txly2.net/ly/audio/tg_FireConscience/tg_FireConscience06.mp3",
		"duration": 270,
		"size": "1.2M",
		"albumId": 13,
		"albumName": "《施恩座前》心心之火：良心",
		"path": "https://rawcdn.githack.com/quiet324/LiangyouAlbums/1705203/node/tg_FireConscience/tg_FireConscience06.mp3",
		"id": 13888893
	},
	{
		"albumtitle": "《施恩座前》心心之火：良心(07)",
		"title": "良心的标准",
		"downUrl": "http://txly2.net/ly/audio/tg_FireConscience/tg_FireConscience07.mp3",
		"duration": 270,
		"size": "1.2M",
		"albumId": 13,
		"albumName": "《施恩座前》心心之火：良心",
		"path": "https://rawcdn.githack.com/quiet324/LiangyouAlbums/1705203/node/tg_FireConscience/tg_FireConscience07.mp3",
		"id": 13888894
	},
	{
		"albumtitle": "《施恩座前》心心之火：良心(08)",
		"title": "良心人人不同：非绝对",
		"downUrl": "http://txly2.net/ly/audio/tg_FireConscience/tg_FireConscience08.mp3",
		"duration": 270,
		"size": "1.2M",
		"albumId": 13,
		"albumName": "《施恩座前》心心之火：良心",
		"path": "https://rawcdn.githack.com/quiet324/LiangyouAlbums/1705203/node/tg_FireConscience/tg_FireConscience08.mp3",
		"id": 13888895
	},
	{
		"albumtitle": "《施恩座前》心心之火：良心(09)",
		"title": "良心：追求美善",
		"downUrl": "http://txly2.net/ly/audio/tg_FireConscience/tg_FireConscience09.mp3",
		"duration": 270,
		"size": "1.2M",
		"albumId": 13,
		"albumName": "《施恩座前》心心之火：良心",
		"path": "https://rawcdn.githack.com/quiet324/LiangyouAlbums/1705203/node/tg_FireConscience/tg_FireConscience09.mp3",
		"id": 13888896
	}
]