[
	{
		"albumtitle": "《施恩座前》心心之火：热心(01)",
		"title": "热心和美满的结果",
		"downUrl": "http://txly2.net/ly/audio/tg_FirePassion/tg_FirePassion01.mp3",
		"duration": 270,
		"size": "1.2M",
		"albumId": 16,
		"albumName": "《施恩座前》心心之火：热心",
		"path": "https://rawcdn.githack.com/quiet324/LiangyouAlbums/1705203/node/tg_FirePassion/tg_FirePassion01.mp3",
		"id": 16888932
	},
	{
		"albumtitle": "《施恩座前》心心之火：热心(02)",
		"title": "热心与果效评估",
		"downUrl": "http://txly2.net/ly/audio/tg_FirePassion/tg_FirePassion02.mp3",
		"duration": 270,
		"size": "1.2M",
		"albumId": 16,
		"albumName": "《施恩座前》心心之火：热心",
		"path": "https://rawcdn.githack.com/quiet324/LiangyouAlbums/1705203/node/tg_FirePassion/tg_FirePassion02.mp3",
		"id": 16888933
	},
	{
		"albumtitle": "《施恩座前》心心之火：热心(03)",
		"title": "热心与知识（1）",
		"downUrl": "http://txly2.net/ly/audio/tg_FirePassion/tg_FirePassion03.mp3",
		"duration": 270,
		"size": "1.2M",
		"albumId": 16,
		"albumName": "《施恩座前》心心之火：热心",
		"path": "https://rawcdn.githack.com/quiet324/LiangyouAlbums/1705203/node/tg_FirePassion/tg_FirePassion03.mp3",
		"id": 16888934
	},
	{
		"albumtitle": "《施恩座前》心心之火：热心(04)",
		"title": "热心与知识（2）",
		"downUrl": "http://txly2.net/ly/audio/tg_FirePassion/tg_FirePassion04.mp3",
		"duration": 270,
		"size": "1.2M",
		"albumId": 16,
		"albumName": "《施恩座前》心心之火：热心",
		"path": "https://rawcdn.githack.com/quiet324/LiangyouAlbums/1705203/node/tg_FirePassion/tg_FirePassion04.mp3",
		"id": 16888935
	},
	{
		"albumtitle": "《施恩座前》心心之火：热心(05)",
		"title": "热心过了头",
		"downUrl": "http://txly2.net/ly/audio/tg_FirePassion/tg_FirePassion05.mp3",
		"duration": 270,
		"size": "1.2M",
		"albumId": 16,
		"albumName": "《施恩座前》心心之火：热心",
		"path": "https://rawcdn.githack.com/quiet324/LiangyouAlbums/1705203/node/tg_FirePassion/tg_FirePassion05.mp3",
		"id": 16888936
	},
	{
		"albumtitle": "《施恩座前》心心之火：热心(06)",
		"title": "如何持续热心？",
		"downUrl": "http://txly2.net/ly/audio/tg_FirePassion/tg_FirePassion06.mp3",
		"duration": 270,
		"size": "1.2M",
		"albumId": 16,
		"albumName": "《施恩座前》心心之火：热心",
		"path": "https://rawcdn.githack.com/quiet324/LiangyouAlbums/1705203/node/tg_FirePassion/tg_FirePassion06.mp3",
		"id": 16888937
	},
	{
		"albumtitle": "《施恩座前》心心之火：热心(07)",
		"title": "在哪里表达热情？",
		"downUrl": "http://txly2.net/ly/audio/tg_FirePassion/tg_FirePassion07.mp3",
		"duration": 270,
		"size": "1.2M",
		"albumId": 16,
		"albumName": "《施恩座前》心心之火：热心",
		"path": "https://rawcdn.githack.com/quiet324/LiangyouAlbums/1705203/node/tg_FirePassion/tg_FirePassion07.mp3",
		"id": 16888938
	},
	{
		"albumtitle": "《施恩座前》心心之火：热心(08)",
		"title": "热心遇上了更热心",
		"downUrl": "http://txly2.net/ly/audio/tg_FirePassion/tg_FirePassion08.mp3",
		"duration": 270,
		"size": "1.2M",
		"albumId": 16,
		"albumName": "《施恩座前》心心之火：热心",
		"path": "https://rawcdn.githack.com/quiet324/LiangyouAlbums/1705203/node/tg_FirePassion/tg_FirePassion08.mp3",
		"id": 16888939
	}
]