[
	{
		"albumtitle": "《施恩座前》心心之火：甘心(01)",
		"title": "甘心是什么？",
		"downUrl": "http://txly2.net/ly/audio/tg_FireWilling/tg_FireWilling01.mp3",
		"duration": 270,
		"size": "1.2M",
		"albumId": 2,
		"albumName": "《施恩座前》心心之火：甘心",
		"path": "https://rawcdn.githack.com/quiet324/LiangyouAlbums/1705203/node/tg_FireWilling/tg_FireWilling01.mp3",
		"id": 2888825
	},
	{
		"albumtitle": "《施恩座前》心心之火：甘心(02)",
		"title": "如何可以甘心一起来服侍主？",
		"downUrl": "http://txly2.net/ly/audio/tg_FireWilling/tg_FireWilling02.mp3",
		"duration": 270,
		"size": "1.2M",
		"albumId": 2,
		"albumName": "《施恩座前》心心之火：甘心",
		"path": "https://rawcdn.githack.com/quiet324/LiangyouAlbums/1705203/node/tg_FireWilling/tg_FireWilling02.mp3",
		"id": 2888826
	},
	{
		"albumtitle": "《施恩座前》心心之火：甘心(03)",
		"title": "箴言中贤德的妇人",
		"downUrl": "http://txly2.net/ly/audio/tg_FireWilling/tg_FireWilling03.mp3",
		"duration": 270,
		"size": "1.2M",
		"albumId": 2,
		"albumName": "《施恩座前》心心之火：甘心",
		"path": "https://rawcdn.githack.com/quiet324/LiangyouAlbums/1705203/node/tg_FireWilling/tg_FireWilling03.mp3",
		"id": 2888827
	},
	{
		"albumtitle": "《施恩座前》心心之火：甘心(04)",
		"title": "夫妻关系中的甘心",
		"downUrl": "http://txly2.net/ly/audio/tg_FireWilling/tg_FireWilling04.mp3",
		"duration": 270,
		"size": "1.2M",
		"albumId": 2,
		"albumName": "《施恩座前》心心之火：甘心",
		"path": "https://rawcdn.githack.com/quiet324/LiangyouAlbums/1705203/node/tg_FireWilling/tg_FireWilling04.mp3",
		"id": 2888828
	},
	{
		"albumtitle": "《施恩座前》心心之火：甘心(05)",
		"title": "使徒保罗如何甘心传福音",
		"downUrl": "http://txly2.net/ly/audio/tg_FireWilling/tg_FireWilling05.mp3",
		"duration": 270,
		"size": "1.2M",
		"albumId": 2,
		"albumName": "《施恩座前》心心之火：甘心",
		"path": "https://rawcdn.githack.com/quiet324/LiangyouAlbums/1705203/node/tg_FireWilling/tg_FireWilling05.mp3",
		"id": 2888829
	},
	{
		"albumtitle": "《施恩座前》心心之火：甘心(06)",
		"title": "再看使徒保罗甘心传福音",
		"downUrl": "http://txly2.net/ly/audio/tg_FireWilling/tg_FireWilling06.mp3",
		"duration": 270,
		"size": "1.2M",
		"albumId": 2,
		"albumName": "《施恩座前》心心之火：甘心",
		"path": "https://rawcdn.githack.com/quiet324/LiangyouAlbums/1705203/node/tg_FireWilling/tg_FireWilling06.mp3",
		"id": 2888830
	},
	{
		"albumtitle": "《施恩座前》心心之火：甘心(07)",
		"title": "工作岗位上的甘心",
		"downUrl": "http://txly2.net/ly/audio/tg_FireWilling/tg_FireWilling07.mp3",
		"duration": 270,
		"size": "1.2M",
		"albumId": 2,
		"albumName": "《施恩座前》心心之火：甘心",
		"path": "https://rawcdn.githack.com/quiet324/LiangyouAlbums/1705203/node/tg_FireWilling/tg_FireWilling07.mp3",
		"id": 2888831
	},
	{
		"albumtitle": "《施恩座前》心心之火：甘心(08)",
		"title": "事奉神从职场开始",
		"downUrl": "http://txly2.net/ly/audio/tg_FireWilling/tg_FireWilling08.mp3",
		"duration": 270,
		"size": "1.2M",
		"albumId": 2,
		"albumName": "《施恩座前》心心之火：甘心",
		"path": "https://rawcdn.githack.com/quiet324/LiangyouAlbums/1705203/node/tg_FireWilling/tg_FireWilling08.mp3",
		"id": 2888832
	}
]