[{
	"duration": 860,
	"size": "6.9M",
	"path": "http://media.febcchinese.org/Streaming/tu/tu160101.mp3",
	"id": 6232000001,
	"albumId": 6232,
	"albumName": "《信仰百宝箱》2016年上半年合集",
	"albumtitle": "《信仰百宝箱》2016年上半年合集(1)",
	"title": "信仰百宝箱-20160101"
},
	{
		"duration": 860,
		"size": "6.9M",
		"path": "http://media.febcchinese.org/Streaming/tu/tu160104.mp3",
		"id": 6232000002,
		"albumId": 6232,
		"albumName": "《信仰百宝箱》2016年上半年合集",
		"albumtitle": "《信仰百宝箱》2016年上半年合集(2)",
		"title": "信仰百宝箱-20160104"
	},
	{
		"duration": 860,
		"size": "6.9M",
		"path": "http://media.febcchinese.org/Streaming/tu/tu160106.mp3",
		"id": 6232000003,
		"albumId": 6232,
		"albumName": "《信仰百宝箱》2016年上半年合集",
		"albumtitle": "《信仰百宝箱》2016年上半年合集(3)",
		"title": "信仰百宝箱-20160106"
	},
	{
		"duration": 860,
		"size": "6.9M",
		"path": "http://media.febcchinese.org/Streaming/tu/tu160108.mp3",
		"id": 6232000004,
		"albumId": 6232,
		"albumName": "《信仰百宝箱》2016年上半年合集",
		"albumtitle": "《信仰百宝箱》2016年上半年合集(4)",
		"title": "信仰百宝箱-20160108"
	},
	{
		"duration": 860,
		"size": "6.9M",
		"path": "http://media.febcchinese.org/Streaming/tu/tu160111.mp3",
		"id": 6232000005,
		"albumId": 6232,
		"albumName": "《信仰百宝箱》2016年上半年合集",
		"albumtitle": "《信仰百宝箱》2016年上半年合集(5)",
		"title": "信仰百宝箱-20160111"
	},
	{
		"duration": 860,
		"size": "6.9M",
		"path": "http://media.febcchinese.org/Streaming/tu/tu160113.mp3",
		"id": 6232000006,
		"albumId": 6232,
		"albumName": "《信仰百宝箱》2016年上半年合集",
		"albumtitle": "《信仰百宝箱》2016年上半年合集(6)",
		"title": "信仰百宝箱-20160113"
	},
	{
		"duration": 860,
		"size": "6.9M",
		"path": "http://media.febcchinese.org/Streaming/tu/tu160115.mp3",
		"id": 6232000007,
		"albumId": 6232,
		"albumName": "《信仰百宝箱》2016年上半年合集",
		"albumtitle": "《信仰百宝箱》2016年上半年合集(7)",
		"title": "信仰百宝箱-20160115"
	},
	{
		"duration": 860,
		"size": "6.9M",
		"path": "http://media.febcchinese.org/Streaming/tu/tu160118.mp3",
		"id": 6232000008,
		"albumId": 6232,
		"albumName": "《信仰百宝箱》2016年上半年合集",
		"albumtitle": "《信仰百宝箱》2016年上半年合集(8)",
		"title": "信仰百宝箱-20160118"
	},
	{
		"duration": 860,
		"size": "6.9M",
		"path": "http://media.febcchinese.org/Streaming/tu/tu160120.mp3",
		"id": 6232000009,
		"albumId": 6232,
		"albumName": "《信仰百宝箱》2016年上半年合集",
		"albumtitle": "《信仰百宝箱》2016年上半年合集(9)",
		"title": "信仰百宝箱-20160120"
	},
	{
		"duration": 860,
		"size": "6.9M",
		"path": "http://media.febcchinese.org/Streaming/tu/tu160122.mp3",
		"id": 6232000010,
		"albumId": 6232,
		"albumName": "《信仰百宝箱》2016年上半年合集",
		"albumtitle": "《信仰百宝箱》2016年上半年合集(10)",
		"title": "信仰百宝箱-20160122"
	},
	{
		"duration": 860,
		"size": "6.9M",
		"path": "http://media.febcchinese.org/Streaming/tu/tu160125.mp3",
		"id": 6232000011,
		"albumId": 6232,
		"albumName": "《信仰百宝箱》2016年上半年合集",
		"albumtitle": "《信仰百宝箱》2016年上半年合集(11)",
		"title": "信仰百宝箱-20160125"
	},
	{
		"duration": 860,
		"size": "6.9M",
		"path": "http://media.febcchinese.org/Streaming/tu/tu160127.mp3",
		"id": 6232000012,
		"albumId": 6232,
		"albumName": "《信仰百宝箱》2016年上半年合集",
		"albumtitle": "《信仰百宝箱》2016年上半年合集(12)",
		"title": "信仰百宝箱-20160127"
	},
	{
		"duration": 860,
		"size": "6.9M",
		"path": "http://media.febcchinese.org/Streaming/tu/tu160129.mp3",
		"id": 6232000013,
		"albumId": 6232,
		"albumName": "《信仰百宝箱》2016年上半年合集",
		"albumtitle": "《信仰百宝箱》2016年上半年合集(13)",
		"title": "信仰百宝箱-20160129"
	},
	{
		"duration": 860,
		"size": "6.9M",
		"path": "http://media.febcchinese.org/Streaming/tu/tu160201.mp3",
		"id": 6232000014,
		"albumId": 6232,
		"albumName": "《信仰百宝箱》2016年上半年合集",
		"albumtitle": "《信仰百宝箱》2016年上半年合集(14)",
		"title": "信仰百宝箱-20160201"
	},
	{
		"duration": 860,
		"size": "6.9M",
		"path": "http://media.febcchinese.org/Streaming/tu/tu160203.mp3",
		"id": 6232000015,
		"albumId": 6232,
		"albumName": "《信仰百宝箱》2016年上半年合集",
		"albumtitle": "《信仰百宝箱》2016年上半年合集(15)",
		"title": "信仰百宝箱-20160203"
	},
	{
		"duration": 860,
		"size": "6.9M",
		"path": "http://media.febcchinese.org/Streaming/tu/tu160205.mp3",
		"id": 6232000016,
		"albumId": 6232,
		"albumName": "《信仰百宝箱》2016年上半年合集",
		"albumtitle": "《信仰百宝箱》2016年上半年合集(16)",
		"title": "信仰百宝箱-20160205"
	},
	{
		"duration": 860,
		"size": "6.9M",
		"path": "http://media.febcchinese.org/Streaming/tu/tu160208.mp3",
		"id": 6232000017,
		"albumId": 6232,
		"albumName": "《信仰百宝箱》2016年上半年合集",
		"albumtitle": "《信仰百宝箱》2016年上半年合集(17)",
		"title": "信仰百宝箱-20160208"
	},
	{
		"duration": 860,
		"size": "6.9M",
		"path": "http://media.febcchinese.org/Streaming/tu/tu160210.mp3",
		"id": 6232000018,
		"albumId": 6232,
		"albumName": "《信仰百宝箱》2016年上半年合集",
		"albumtitle": "《信仰百宝箱》2016年上半年合集(18)",
		"title": "信仰百宝箱-20160210"
	},
	{
		"duration": 860,
		"size": "6.9M",
		"path": "http://media.febcchinese.org/Streaming/tu/tu160212.mp3",
		"id": 6232000019,
		"albumId": 6232,
		"albumName": "《信仰百宝箱》2016年上半年合集",
		"albumtitle": "《信仰百宝箱》2016年上半年合集(19)",
		"title": "信仰百宝箱-20160212"
	},
	{
		"duration": 860,
		"size": "6.9M",
		"path": "http://media.febcchinese.org/Streaming/tu/tu160215.mp3",
		"id": 6232000020,
		"albumId": 6232,
		"albumName": "《信仰百宝箱》2016年上半年合集",
		"albumtitle": "《信仰百宝箱》2016年上半年合集(20)",
		"title": "信仰百宝箱-20160215"
	},
	{
		"duration": 860,
		"size": "6.9M",
		"path": "http://media.febcchinese.org/Streaming/tu/tu160217.mp3",
		"id": 6232000021,
		"albumId": 6232,
		"albumName": "《信仰百宝箱》2016年上半年合集",
		"albumtitle": "《信仰百宝箱》2016年上半年合集(21)",
		"title": "信仰百宝箱-20160217"
	},
	{
		"duration": 860,
		"size": "6.9M",
		"path": "http://media.febcchinese.org/Streaming/tu/tu160219.mp3",
		"id": 6232000022,
		"albumId": 6232,
		"albumName": "《信仰百宝箱》2016年上半年合集",
		"albumtitle": "《信仰百宝箱》2016年上半年合集(22)",
		"title": "信仰百宝箱-20160219"
	},
	{
		"duration": 860,
		"size": "6.9M",
		"path": "http://media.febcchinese.org/Streaming/tu/tu160222.mp3",
		"id": 6232000023,
		"albumId": 6232,
		"albumName": "《信仰百宝箱》2016年上半年合集",
		"albumtitle": "《信仰百宝箱》2016年上半年合集(23)",
		"title": "信仰百宝箱-20160222"
	},
	{
		"duration": 860,
		"size": "6.9M",
		"path": "http://media.febcchinese.org/Streaming/tu/tu160224.mp3",
		"id": 6232000024,
		"albumId": 6232,
		"albumName": "《信仰百宝箱》2016年上半年合集",
		"albumtitle": "《信仰百宝箱》2016年上半年合集(24)",
		"title": "信仰百宝箱-20160224"
	},
	{
		"duration": 860,
		"size": "6.9M",
		"path": "http://media.febcchinese.org/Streaming/tu/tu160226.mp3",
		"id": 6232000025,
		"albumId": 6232,
		"albumName": "《信仰百宝箱》2016年上半年合集",
		"albumtitle": "《信仰百宝箱》2016年上半年合集(25)",
		"title": "信仰百宝箱-20160226"
	},
	{
		"duration": 860,
		"size": "6.9M",
		"path": "http://media.febcchinese.org/Streaming/tu/tu160229.mp3",
		"id": 6232000026,
		"albumId": 6232,
		"albumName": "《信仰百宝箱》2016年上半年合集",
		"albumtitle": "《信仰百宝箱》2016年上半年合集(26)",
		"title": "信仰百宝箱-20160229"
	},
	{
		"duration": 860,
		"size": "6.9M",
		"path": "http://media.febcchinese.org/Streaming/tu/tu160302.mp3",
		"id": 6232000027,
		"albumId": 6232,
		"albumName": "《信仰百宝箱》2016年上半年合集",
		"albumtitle": "《信仰百宝箱》2016年上半年合集(27)",
		"title": "信仰百宝箱-20160302"
	},
	{
		"duration": 860,
		"size": "6.9M",
		"path": "http://media.febcchinese.org/Streaming/tu/tu160304.mp3",
		"id": 6232000028,
		"albumId": 6232,
		"albumName": "《信仰百宝箱》2016年上半年合集",
		"albumtitle": "《信仰百宝箱》2016年上半年合集(28)",
		"title": "信仰百宝箱-20160304"
	},
	{
		"duration": 860,
		"size": "6.9M",
		"path": "http://media.febcchinese.org/Streaming/tu/tu160307.mp3",
		"id": 6232000029,
		"albumId": 6232,
		"albumName": "《信仰百宝箱》2016年上半年合集",
		"albumtitle": "《信仰百宝箱》2016年上半年合集(29)",
		"title": "信仰百宝箱-20160307"
	},
	{
		"duration": 860,
		"size": "6.9M",
		"path": "http://media.febcchinese.org/Streaming/tu/tu160309.mp3",
		"id": 6232000030,
		"albumId": 6232,
		"albumName": "《信仰百宝箱》2016年上半年合集",
		"albumtitle": "《信仰百宝箱》2016年上半年合集(30)",
		"title": "信仰百宝箱-20160309"
	},
	{
		"duration": 860,
		"size": "6.9M",
		"path": "http://media.febcchinese.org/Streaming/tu/tu160311.mp3",
		"id": 6232000031,
		"albumId": 6232,
		"albumName": "《信仰百宝箱》2016年上半年合集",
		"albumtitle": "《信仰百宝箱》2016年上半年合集(31)",
		"title": "信仰百宝箱-20160311"
	},
	{
		"duration": 860,
		"size": "6.9M",
		"path": "http://media.febcchinese.org/Streaming/tu/tu160314.mp3",
		"id": 6232000032,
		"albumId": 6232,
		"albumName": "《信仰百宝箱》2016年上半年合集",
		"albumtitle": "《信仰百宝箱》2016年上半年合集(32)",
		"title": "信仰百宝箱-20160314"
	},
	{
		"duration": 860,
		"size": "6.9M",
		"path": "http://media.febcchinese.org/Streaming/tu/tu160316.mp3",
		"id": 6232000033,
		"albumId": 6232,
		"albumName": "《信仰百宝箱》2016年上半年合集",
		"albumtitle": "《信仰百宝箱》2016年上半年合集(33)",
		"title": "信仰百宝箱-20160316"
	},
	{
		"duration": 860,
		"size": "6.9M",
		"path": "http://media.febcchinese.org/Streaming/tu/tu160318.mp3",
		"id": 6232000034,
		"albumId": 6232,
		"albumName": "《信仰百宝箱》2016年上半年合集",
		"albumtitle": "《信仰百宝箱》2016年上半年合集(34)",
		"title": "信仰百宝箱-20160318"
	},
	{
		"duration": 860,
		"size": "6.9M",
		"path": "http://media.febcchinese.org/Streaming/tu/tu160321.mp3",
		"id": 6232000035,
		"albumId": 6232,
		"albumName": "《信仰百宝箱》2016年上半年合集",
		"albumtitle": "《信仰百宝箱》2016年上半年合集(35)",
		"title": "信仰百宝箱-20160321"
	},
	{
		"duration": 860,
		"size": "6.9M",
		"path": "http://media.febcchinese.org/Streaming/tu/tu160323.mp3",
		"id": 6232000036,
		"albumId": 6232,
		"albumName": "《信仰百宝箱》2016年上半年合集",
		"albumtitle": "《信仰百宝箱》2016年上半年合集(36)",
		"title": "信仰百宝箱-20160323"
	},
	{
		"duration": 860,
		"size": "6.9M",
		"path": "http://media.febcchinese.org/Streaming/tu/tu160325.mp3",
		"id": 6232000037,
		"albumId": 6232,
		"albumName": "《信仰百宝箱》2016年上半年合集",
		"albumtitle": "《信仰百宝箱》2016年上半年合集(37)",
		"title": "信仰百宝箱-20160325"
	},
	{
		"duration": 860,
		"size": "6.9M",
		"path": "http://media.febcchinese.org/Streaming/tu/tu160328.mp3",
		"id": 6232000038,
		"albumId": 6232,
		"albumName": "《信仰百宝箱》2016年上半年合集",
		"albumtitle": "《信仰百宝箱》2016年上半年合集(38)",
		"title": "信仰百宝箱-20160328"
	},
	{
		"duration": 860,
		"size": "6.9M",
		"path": "http://media.febcchinese.org/Streaming/tu/tu160330.mp3",
		"id": 6232000039,
		"albumId": 6232,
		"albumName": "《信仰百宝箱》2016年上半年合集",
		"albumtitle": "《信仰百宝箱》2016年上半年合集(39)",
		"title": "信仰百宝箱-20160330"
	},
	{
		"duration": 860,
		"size": "6.9M",
		"path": "http://media.febcchinese.org/Streaming/tu/tu160401.mp3",
		"id": 6232000040,
		"albumId": 6232,
		"albumName": "《信仰百宝箱》2016年上半年合集",
		"albumtitle": "《信仰百宝箱》2016年上半年合集(40)",
		"title": "信仰百宝箱-20160401"
	},
	{
		"duration": 860,
		"size": "6.9M",
		"path": "http://media.febcchinese.org/Streaming/tu/tu160404.mp3",
		"id": 6232000041,
		"albumId": 6232,
		"albumName": "《信仰百宝箱》2016年上半年合集",
		"albumtitle": "《信仰百宝箱》2016年上半年合集(41)",
		"title": "信仰百宝箱-20160404"
	},
	{
		"duration": 860,
		"size": "6.9M",
		"path": "http://media.febcchinese.org/Streaming/tu/tu160406.mp3",
		"id": 6232000042,
		"albumId": 6232,
		"albumName": "《信仰百宝箱》2016年上半年合集",
		"albumtitle": "《信仰百宝箱》2016年上半年合集(42)",
		"title": "信仰百宝箱-20160406"
	},
	{
		"duration": 860,
		"size": "6.9M",
		"path": "http://media.febcchinese.org/Streaming/tu/tu160408.mp3",
		"id": 6232000043,
		"albumId": 6232,
		"albumName": "《信仰百宝箱》2016年上半年合集",
		"albumtitle": "《信仰百宝箱》2016年上半年合集(43)",
		"title": "信仰百宝箱-20160408"
	},
	{
		"duration": 860,
		"size": "6.9M",
		"path": "http://media.febcchinese.org/Streaming/tu/tu160411.mp3",
		"id": 6232000044,
		"albumId": 6232,
		"albumName": "《信仰百宝箱》2016年上半年合集",
		"albumtitle": "《信仰百宝箱》2016年上半年合集(44)",
		"title": "信仰百宝箱-20160411"
	},
	{
		"duration": 860,
		"size": "6.9M",
		"path": "http://media.febcchinese.org/Streaming/tu/tu160413.mp3",
		"id": 6232000045,
		"albumId": 6232,
		"albumName": "《信仰百宝箱》2016年上半年合集",
		"albumtitle": "《信仰百宝箱》2016年上半年合集(45)",
		"title": "信仰百宝箱-20160413"
	},
	{
		"duration": 860,
		"size": "6.9M",
		"path": "http://media.febcchinese.org/Streaming/tu/tu160415.mp3",
		"id": 6232000046,
		"albumId": 6232,
		"albumName": "《信仰百宝箱》2016年上半年合集",
		"albumtitle": "《信仰百宝箱》2016年上半年合集(46)",
		"title": "信仰百宝箱-20160415"
	},
	{
		"duration": 860,
		"size": "6.9M",
		"path": "http://media.febcchinese.org/Streaming/tu/tu160418.mp3",
		"id": 6232000047,
		"albumId": 6232,
		"albumName": "《信仰百宝箱》2016年上半年合集",
		"albumtitle": "《信仰百宝箱》2016年上半年合集(47)",
		"title": "信仰百宝箱-20160418"
	},
	{
		"duration": 860,
		"size": "6.9M",
		"path": "http://media.febcchinese.org/Streaming/tu/tu160420.mp3",
		"id": 6232000048,
		"albumId": 6232,
		"albumName": "《信仰百宝箱》2016年上半年合集",
		"albumtitle": "《信仰百宝箱》2016年上半年合集(48)",
		"title": "信仰百宝箱-20160420"
	},
	{
		"duration": 860,
		"size": "6.9M",
		"path": "http://media.febcchinese.org/Streaming/tu/tu160422.mp3",
		"id": 6232000049,
		"albumId": 6232,
		"albumName": "《信仰百宝箱》2016年上半年合集",
		"albumtitle": "《信仰百宝箱》2016年上半年合集(49)",
		"title": "信仰百宝箱-20160422"
	},
	{
		"duration": 860,
		"size": "6.9M",
		"path": "http://media.febcchinese.org/Streaming/tu/tu160425.mp3",
		"id": 6232000050,
		"albumId": 6232,
		"albumName": "《信仰百宝箱》2016年上半年合集",
		"albumtitle": "《信仰百宝箱》2016年上半年合集(50)",
		"title": "信仰百宝箱-20160425"
	},
	{
		"duration": 860,
		"size": "6.9M",
		"path": "http://media.febcchinese.org/Streaming/tu/tu160427.mp3",
		"id": 6232000051,
		"albumId": 6232,
		"albumName": "《信仰百宝箱》2016年上半年合集",
		"albumtitle": "《信仰百宝箱》2016年上半年合集(51)",
		"title": "信仰百宝箱-20160427"
	},
	{
		"duration": 860,
		"size": "6.9M",
		"path": "http://media.febcchinese.org/Streaming/tu/tu160429.mp3",
		"id": 6232000052,
		"albumId": 6232,
		"albumName": "《信仰百宝箱》2016年上半年合集",
		"albumtitle": "《信仰百宝箱》2016年上半年合集(52)",
		"title": "信仰百宝箱-20160429"
	},
	{
		"duration": 860,
		"size": "6.9M",
		"path": "http://media.febcchinese.org/Streaming/tu/tu160502.mp3",
		"id": 6232000053,
		"albumId": 6232,
		"albumName": "《信仰百宝箱》2016年上半年合集",
		"albumtitle": "《信仰百宝箱》2016年上半年合集(53)",
		"title": "信仰百宝箱-20160502"
	},
	{
		"duration": 860,
		"size": "6.9M",
		"path": "http://media.febcchinese.org/Streaming/tu/tu160504.mp3",
		"id": 6232000054,
		"albumId": 6232,
		"albumName": "《信仰百宝箱》2016年上半年合集",
		"albumtitle": "《信仰百宝箱》2016年上半年合集(54)",
		"title": "信仰百宝箱-20160504"
	},
	{
		"duration": 860,
		"size": "6.9M",
		"path": "http://media.febcchinese.org/Streaming/tu/tu160506.mp3",
		"id": 6232000055,
		"albumId": 6232,
		"albumName": "《信仰百宝箱》2016年上半年合集",
		"albumtitle": "《信仰百宝箱》2016年上半年合集(55)",
		"title": "信仰百宝箱-20160506"
	},
	{
		"duration": 860,
		"size": "6.9M",
		"path": "http://media.febcchinese.org/Streaming/tu/tu160509.mp3",
		"id": 6232000056,
		"albumId": 6232,
		"albumName": "《信仰百宝箱》2016年上半年合集",
		"albumtitle": "《信仰百宝箱》2016年上半年合集(56)",
		"title": "信仰百宝箱-20160509"
	},
	{
		"duration": 860,
		"size": "6.9M",
		"path": "http://media.febcchinese.org/Streaming/tu/tu160511.mp3",
		"id": 6232000057,
		"albumId": 6232,
		"albumName": "《信仰百宝箱》2016年上半年合集",
		"albumtitle": "《信仰百宝箱》2016年上半年合集(57)",
		"title": "信仰百宝箱-20160511"
	},
	{
		"duration": 860,
		"size": "6.9M",
		"path": "http://media.febcchinese.org/Streaming/tu/tu160513.mp3",
		"id": 6232000058,
		"albumId": 6232,
		"albumName": "《信仰百宝箱》2016年上半年合集",
		"albumtitle": "《信仰百宝箱》2016年上半年合集(58)",
		"title": "信仰百宝箱-20160513"
	},
	{
		"duration": 860,
		"size": "6.9M",
		"path": "http://media.febcchinese.org/Streaming/tu/tu160516.mp3",
		"id": 6232000059,
		"albumId": 6232,
		"albumName": "《信仰百宝箱》2016年上半年合集",
		"albumtitle": "《信仰百宝箱》2016年上半年合集(59)",
		"title": "信仰百宝箱-20160516"
	},
	{
		"duration": 860,
		"size": "6.9M",
		"path": "http://media.febcchinese.org/Streaming/tu/tu160518.mp3",
		"id": 6232000060,
		"albumId": 6232,
		"albumName": "《信仰百宝箱》2016年上半年合集",
		"albumtitle": "《信仰百宝箱》2016年上半年合集(60)",
		"title": "信仰百宝箱-20160518"
	},
	{
		"duration": 860,
		"size": "6.9M",
		"path": "http://media.febcchinese.org/Streaming/tu/tu160520.mp3",
		"id": 6232000061,
		"albumId": 6232,
		"albumName": "《信仰百宝箱》2016年上半年合集",
		"albumtitle": "《信仰百宝箱》2016年上半年合集(61)",
		"title": "信仰百宝箱-20160520"
	},
	{
		"duration": 860,
		"size": "6.9M",
		"path": "http://media.febcchinese.org/Streaming/tu/tu160523.mp3",
		"id": 6232000062,
		"albumId": 6232,
		"albumName": "《信仰百宝箱》2016年上半年合集",
		"albumtitle": "《信仰百宝箱》2016年上半年合集(62)",
		"title": "信仰百宝箱-20160523"
	},
	{
		"duration": 860,
		"size": "6.9M",
		"path": "http://media.febcchinese.org/Streaming/tu/tu160525.mp3",
		"id": 6232000063,
		"albumId": 6232,
		"albumName": "《信仰百宝箱》2016年上半年合集",
		"albumtitle": "《信仰百宝箱》2016年上半年合集(63)",
		"title": "信仰百宝箱-20160525"
	},
	{
		"duration": 860,
		"size": "6.9M",
		"path": "http://media.febcchinese.org/Streaming/tu/tu160527.mp3",
		"id": 6232000064,
		"albumId": 6232,
		"albumName": "《信仰百宝箱》2016年上半年合集",
		"albumtitle": "《信仰百宝箱》2016年上半年合集(64)",
		"title": "信仰百宝箱-20160527"
	},
	{
		"duration": 860,
		"size": "6.9M",
		"path": "http://media.febcchinese.org/Streaming/tu/tu160530.mp3",
		"id": 6232000065,
		"albumId": 6232,
		"albumName": "《信仰百宝箱》2016年上半年合集",
		"albumtitle": "《信仰百宝箱》2016年上半年合集(65)",
		"title": "信仰百宝箱-20160530"
	},
	{
		"duration": 860,
		"size": "6.9M",
		"path": "http://media.febcchinese.org/Streaming/tu/tu160601.mp3",
		"id": 6232000066,
		"albumId": 6232,
		"albumName": "《信仰百宝箱》2016年上半年合集",
		"albumtitle": "《信仰百宝箱》2016年上半年合集(66)",
		"title": "信仰百宝箱-20160601"
	},
	{
		"duration": 860,
		"size": "6.9M",
		"path": "http://media.febcchinese.org/Streaming/tu/tu160603.mp3",
		"id": 6232000067,
		"albumId": 6232,
		"albumName": "《信仰百宝箱》2016年上半年合集",
		"albumtitle": "《信仰百宝箱》2016年上半年合集(67)",
		"title": "信仰百宝箱-20160603"
	},
	{
		"duration": 860,
		"size": "6.9M",
		"path": "http://media.febcchinese.org/Streaming/tu/tu160606.mp3",
		"id": 6232000068,
		"albumId": 6232,
		"albumName": "《信仰百宝箱》2016年上半年合集",
		"albumtitle": "《信仰百宝箱》2016年上半年合集(68)",
		"title": "信仰百宝箱-20160606"
	},
	{
		"duration": 860,
		"size": "6.9M",
		"path": "http://media.febcchinese.org/Streaming/tu/tu160608.mp3",
		"id": 6232000069,
		"albumId": 6232,
		"albumName": "《信仰百宝箱》2016年上半年合集",
		"albumtitle": "《信仰百宝箱》2016年上半年合集(69)",
		"title": "信仰百宝箱-20160608"
	},
	{
		"duration": 860,
		"size": "6.9M",
		"path": "http://media.febcchinese.org/Streaming/tu/tu160610.mp3",
		"id": 6232000070,
		"albumId": 6232,
		"albumName": "《信仰百宝箱》2016年上半年合集",
		"albumtitle": "《信仰百宝箱》2016年上半年合集(70)",
		"title": "信仰百宝箱-20160610"
	},
	{
		"duration": 860,
		"size": "6.9M",
		"path": "http://media.febcchinese.org/Streaming/tu/tu160613.mp3",
		"id": 6232000071,
		"albumId": 6232,
		"albumName": "《信仰百宝箱》2016年上半年合集",
		"albumtitle": "《信仰百宝箱》2016年上半年合集(71)",
		"title": "信仰百宝箱-20160613"
	},
	{
		"duration": 860,
		"size": "6.9M",
		"path": "http://media.febcchinese.org/Streaming/tu/tu160615.mp3",
		"id": 6232000072,
		"albumId": 6232,
		"albumName": "《信仰百宝箱》2016年上半年合集",
		"albumtitle": "《信仰百宝箱》2016年上半年合集(72)",
		"title": "信仰百宝箱-20160615"
	},
	{
		"duration": 860,
		"size": "6.9M",
		"path": "http://media.febcchinese.org/Streaming/tu/tu160617.mp3",
		"id": 6232000073,
		"albumId": 6232,
		"albumName": "《信仰百宝箱》2016年上半年合集",
		"albumtitle": "《信仰百宝箱》2016年上半年合集(73)",
		"title": "信仰百宝箱-20160617"
	},
	{
		"duration": 860,
		"size": "6.9M",
		"path": "http://media.febcchinese.org/Streaming/tu/tu160620.mp3",
		"id": 6232000074,
		"albumId": 6232,
		"albumName": "《信仰百宝箱》2016年上半年合集",
		"albumtitle": "《信仰百宝箱》2016年上半年合集(74)",
		"title": "信仰百宝箱-20160620"
	},
	{
		"duration": 860,
		"size": "6.9M",
		"path": "http://media.febcchinese.org/Streaming/tu/tu160622.mp3",
		"id": 6232000075,
		"albumId": 6232,
		"albumName": "《信仰百宝箱》2016年上半年合集",
		"albumtitle": "《信仰百宝箱》2016年上半年合集(75)",
		"title": "信仰百宝箱-20160622"
	},
	{
		"duration": 860,
		"size": "6.9M",
		"path": "http://media.febcchinese.org/Streaming/tu/tu160624.mp3",
		"id": 6232000076,
		"albumId": 6232,
		"albumName": "《信仰百宝箱》2016年上半年合集",
		"albumtitle": "《信仰百宝箱》2016年上半年合集(76)",
		"title": "信仰百宝箱-20160624"
	},
	{
		"duration": 860,
		"size": "6.9M",
		"path": "http://media.febcchinese.org/Streaming/tu/tu160627.mp3",
		"id": 6232000077,
		"albumId": 6232,
		"albumName": "《信仰百宝箱》2016年上半年合集",
		"albumtitle": "《信仰百宝箱》2016年上半年合集(77)",
		"title": "信仰百宝箱-20160627"
	},
	{
		"duration": 860,
		"size": "6.9M",
		"path": "http://media.febcchinese.org/Streaming/tu/tu160629.mp3",
		"id": 6232000078,
		"albumId": 6232,
		"albumName": "《信仰百宝箱》2016年上半年合集",
		"albumtitle": "《信仰百宝箱》2016年上半年合集(78)",
		"title": "信仰百宝箱-20160629"
	}
]