[{
	"duration": 860,
	"size": "6.9M",
	"path": "http://media.febcchinese.org/Streaming/tu/tu150102.mp3",
	"id": 6230000001,
	"albumId": 6230,
	"albumName": "《信仰百宝箱》2015年上半年合集",
	"albumtitle": "《信仰百宝箱》2015年上半年合集(1)",
	"title": "信仰百宝箱-20150102"
},
	{
		"duration": 860,
		"size": "6.9M",
		"path": "http://media.febcchinese.org/Streaming/tu/tu150105.mp3",
		"id": 6230000002,
		"albumId": 6230,
		"albumName": "《信仰百宝箱》2015年上半年合集",
		"albumtitle": "《信仰百宝箱》2015年上半年合集(2)",
		"title": "信仰百宝箱-20150105"
	},
	{
		"duration": 860,
		"size": "6.9M",
		"path": "http://media.febcchinese.org/Streaming/tu/tu150107.mp3",
		"id": 6230000003,
		"albumId": 6230,
		"albumName": "《信仰百宝箱》2015年上半年合集",
		"albumtitle": "《信仰百宝箱》2015年上半年合集(3)",
		"title": "信仰百宝箱-20150107"
	},
	{
		"duration": 860,
		"size": "6.9M",
		"path": "http://media.febcchinese.org/Streaming/tu/tu150109.mp3",
		"id": 6230000004,
		"albumId": 6230,
		"albumName": "《信仰百宝箱》2015年上半年合集",
		"albumtitle": "《信仰百宝箱》2015年上半年合集(4)",
		"title": "信仰百宝箱-20150109"
	},
	{
		"duration": 860,
		"size": "6.9M",
		"path": "http://media.febcchinese.org/Streaming/tu/tu150112.mp3",
		"id": 6230000005,
		"albumId": 6230,
		"albumName": "《信仰百宝箱》2015年上半年合集",
		"albumtitle": "《信仰百宝箱》2015年上半年合集(5)",
		"title": "信仰百宝箱-20150112"
	},
	{
		"duration": 860,
		"size": "6.9M",
		"path": "http://media.febcchinese.org/Streaming/tu/tu150114.mp3",
		"id": 6230000006,
		"albumId": 6230,
		"albumName": "《信仰百宝箱》2015年上半年合集",
		"albumtitle": "《信仰百宝箱》2015年上半年合集(6)",
		"title": "信仰百宝箱-20150114"
	},
	{
		"duration": 860,
		"size": "6.9M",
		"path": "http://media.febcchinese.org/Streaming/tu/tu150116.mp3",
		"id": 6230000007,
		"albumId": 6230,
		"albumName": "《信仰百宝箱》2015年上半年合集",
		"albumtitle": "《信仰百宝箱》2015年上半年合集(7)",
		"title": "信仰百宝箱-20150116"
	},
	{
		"duration": 860,
		"size": "6.9M",
		"path": "http://media.febcchinese.org/Streaming/tu/tu150119.mp3",
		"id": 6230000008,
		"albumId": 6230,
		"albumName": "《信仰百宝箱》2015年上半年合集",
		"albumtitle": "《信仰百宝箱》2015年上半年合集(8)",
		"title": "信仰百宝箱-20150119"
	},
	{
		"duration": 860,
		"size": "6.9M",
		"path": "http://media.febcchinese.org/Streaming/tu/tu150121.mp3",
		"id": 6230000009,
		"albumId": 6230,
		"albumName": "《信仰百宝箱》2015年上半年合集",
		"albumtitle": "《信仰百宝箱》2015年上半年合集(9)",
		"title": "信仰百宝箱-20150121"
	},
	{
		"duration": 860,
		"size": "6.9M",
		"path": "http://media.febcchinese.org/Streaming/tu/tu150123.mp3",
		"id": 6230000010,
		"albumId": 6230,
		"albumName": "《信仰百宝箱》2015年上半年合集",
		"albumtitle": "《信仰百宝箱》2015年上半年合集(10)",
		"title": "信仰百宝箱-20150123"
	},
	{
		"duration": 860,
		"size": "6.9M",
		"path": "http://media.febcchinese.org/Streaming/tu/tu150126.mp3",
		"id": 6230000011,
		"albumId": 6230,
		"albumName": "《信仰百宝箱》2015年上半年合集",
		"albumtitle": "《信仰百宝箱》2015年上半年合集(11)",
		"title": "信仰百宝箱-20150126"
	},
	{
		"duration": 860,
		"size": "6.9M",
		"path": "http://media.febcchinese.org/Streaming/tu/tu150128.mp3",
		"id": 6230000012,
		"albumId": 6230,
		"albumName": "《信仰百宝箱》2015年上半年合集",
		"albumtitle": "《信仰百宝箱》2015年上半年合集(12)",
		"title": "信仰百宝箱-20150128"
	},
	{
		"duration": 860,
		"size": "6.9M",
		"path": "http://media.febcchinese.org/Streaming/tu/tu150130.mp3",
		"id": 6230000013,
		"albumId": 6230,
		"albumName": "《信仰百宝箱》2015年上半年合集",
		"albumtitle": "《信仰百宝箱》2015年上半年合集(13)",
		"title": "信仰百宝箱-20150130"
	},
	{
		"duration": 860,
		"size": "6.9M",
		"path": "http://media.febcchinese.org/Streaming/tu/tu150202.mp3",
		"id": 6230000014,
		"albumId": 6230,
		"albumName": "《信仰百宝箱》2015年上半年合集",
		"albumtitle": "《信仰百宝箱》2015年上半年合集(14)",
		"title": "信仰百宝箱-20150202"
	},
	{
		"duration": 860,
		"size": "6.9M",
		"path": "http://media.febcchinese.org/Streaming/tu/tu150204.mp3",
		"id": 6230000015,
		"albumId": 6230,
		"albumName": "《信仰百宝箱》2015年上半年合集",
		"albumtitle": "《信仰百宝箱》2015年上半年合集(15)",
		"title": "信仰百宝箱-20150204"
	},
	{
		"duration": 860,
		"size": "6.9M",
		"path": "http://media.febcchinese.org/Streaming/tu/tu150206.mp3",
		"id": 6230000016,
		"albumId": 6230,
		"albumName": "《信仰百宝箱》2015年上半年合集",
		"albumtitle": "《信仰百宝箱》2015年上半年合集(16)",
		"title": "信仰百宝箱-20150206"
	},
	{
		"duration": 860,
		"size": "6.9M",
		"path": "http://media.febcchinese.org/Streaming/tu/tu150209.mp3",
		"id": 6230000017,
		"albumId": 6230,
		"albumName": "《信仰百宝箱》2015年上半年合集",
		"albumtitle": "《信仰百宝箱》2015年上半年合集(17)",
		"title": "信仰百宝箱-20150209"
	},
	{
		"duration": 860,
		"size": "6.9M",
		"path": "http://media.febcchinese.org/Streaming/tu/tu150211.mp3",
		"id": 6230000018,
		"albumId": 6230,
		"albumName": "《信仰百宝箱》2015年上半年合集",
		"albumtitle": "《信仰百宝箱》2015年上半年合集(18)",
		"title": "信仰百宝箱-20150211"
	},
	{
		"duration": 860,
		"size": "6.9M",
		"path": "http://media.febcchinese.org/Streaming/tu/tu150213.mp3",
		"id": 6230000019,
		"albumId": 6230,
		"albumName": "《信仰百宝箱》2015年上半年合集",
		"albumtitle": "《信仰百宝箱》2015年上半年合集(19)",
		"title": "信仰百宝箱-20150213"
	},
	{
		"duration": 860,
		"size": "6.9M",
		"path": "http://media.febcchinese.org/Streaming/tu/tu150216.mp3",
		"id": 6230000020,
		"albumId": 6230,
		"albumName": "《信仰百宝箱》2015年上半年合集",
		"albumtitle": "《信仰百宝箱》2015年上半年合集(20)",
		"title": "信仰百宝箱-20150216"
	},
	{
		"duration": 860,
		"size": "6.9M",
		"path": "http://media.febcchinese.org/Streaming/tu/tu150218.mp3",
		"id": 6230000021,
		"albumId": 6230,
		"albumName": "《信仰百宝箱》2015年上半年合集",
		"albumtitle": "《信仰百宝箱》2015年上半年合集(21)",
		"title": "信仰百宝箱-20150218"
	},
	{
		"duration": 860,
		"size": "6.9M",
		"path": "http://media.febcchinese.org/Streaming/tu/tu150220.mp3",
		"id": 6230000022,
		"albumId": 6230,
		"albumName": "《信仰百宝箱》2015年上半年合集",
		"albumtitle": "《信仰百宝箱》2015年上半年合集(22)",
		"title": "信仰百宝箱-20150220"
	},
	{
		"duration": 860,
		"size": "6.9M",
		"path": "http://media.febcchinese.org/Streaming/tu/tu150223.mp3",
		"id": 6230000023,
		"albumId": 6230,
		"albumName": "《信仰百宝箱》2015年上半年合集",
		"albumtitle": "《信仰百宝箱》2015年上半年合集(23)",
		"title": "信仰百宝箱-20150223"
	},
	{
		"duration": 860,
		"size": "6.9M",
		"path": "http://media.febcchinese.org/Streaming/tu/tu150225.mp3",
		"id": 6230000024,
		"albumId": 6230,
		"albumName": "《信仰百宝箱》2015年上半年合集",
		"albumtitle": "《信仰百宝箱》2015年上半年合集(24)",
		"title": "信仰百宝箱-20150225"
	},
	{
		"duration": 860,
		"size": "6.9M",
		"path": "http://media.febcchinese.org/Streaming/tu/tu150227.mp3",
		"id": 6230000025,
		"albumId": 6230,
		"albumName": "《信仰百宝箱》2015年上半年合集",
		"albumtitle": "《信仰百宝箱》2015年上半年合集(25)",
		"title": "信仰百宝箱-20150227"
	},
	{
		"duration": 860,
		"size": "6.9M",
		"path": "http://media.febcchinese.org/Streaming/tu/tu150302.mp3",
		"id": 6230000026,
		"albumId": 6230,
		"albumName": "《信仰百宝箱》2015年上半年合集",
		"albumtitle": "《信仰百宝箱》2015年上半年合集(26)",
		"title": "信仰百宝箱-20150302"
	},
	{
		"duration": 860,
		"size": "6.9M",
		"path": "http://media.febcchinese.org/Streaming/tu/tu150304.mp3",
		"id": 6230000027,
		"albumId": 6230,
		"albumName": "《信仰百宝箱》2015年上半年合集",
		"albumtitle": "《信仰百宝箱》2015年上半年合集(27)",
		"title": "信仰百宝箱-20150304"
	},
	{
		"duration": 860,
		"size": "6.9M",
		"path": "http://media.febcchinese.org/Streaming/tu/tu150306.mp3",
		"id": 6230000028,
		"albumId": 6230,
		"albumName": "《信仰百宝箱》2015年上半年合集",
		"albumtitle": "《信仰百宝箱》2015年上半年合集(28)",
		"title": "信仰百宝箱-20150306"
	},
	{
		"duration": 860,
		"size": "6.9M",
		"path": "http://media.febcchinese.org/Streaming/tu/tu150309.mp3",
		"id": 6230000029,
		"albumId": 6230,
		"albumName": "《信仰百宝箱》2015年上半年合集",
		"albumtitle": "《信仰百宝箱》2015年上半年合集(29)",
		"title": "信仰百宝箱-20150309"
	},
	{
		"duration": 860,
		"size": "6.9M",
		"path": "http://media.febcchinese.org/Streaming/tu/tu150311.mp3",
		"id": 6230000030,
		"albumId": 6230,
		"albumName": "《信仰百宝箱》2015年上半年合集",
		"albumtitle": "《信仰百宝箱》2015年上半年合集(30)",
		"title": "信仰百宝箱-20150311"
	},
	{
		"duration": 860,
		"size": "6.9M",
		"path": "http://media.febcchinese.org/Streaming/tu/tu150313.mp3",
		"id": 6230000031,
		"albumId": 6230,
		"albumName": "《信仰百宝箱》2015年上半年合集",
		"albumtitle": "《信仰百宝箱》2015年上半年合集(31)",
		"title": "信仰百宝箱-20150313"
	},
	{
		"duration": 860,
		"size": "6.9M",
		"path": "http://media.febcchinese.org/Streaming/tu/tu150316.mp3",
		"id": 6230000032,
		"albumId": 6230,
		"albumName": "《信仰百宝箱》2015年上半年合集",
		"albumtitle": "《信仰百宝箱》2015年上半年合集(32)",
		"title": "信仰百宝箱-20150316"
	},
	{
		"duration": 860,
		"size": "6.9M",
		"path": "http://media.febcchinese.org/Streaming/tu/tu150318.mp3",
		"id": 6230000033,
		"albumId": 6230,
		"albumName": "《信仰百宝箱》2015年上半年合集",
		"albumtitle": "《信仰百宝箱》2015年上半年合集(33)",
		"title": "信仰百宝箱-20150318"
	},
	{
		"duration": 860,
		"size": "6.9M",
		"path": "http://media.febcchinese.org/Streaming/tu/tu150320.mp3",
		"id": 6230000034,
		"albumId": 6230,
		"albumName": "《信仰百宝箱》2015年上半年合集",
		"albumtitle": "《信仰百宝箱》2015年上半年合集(34)",
		"title": "信仰百宝箱-20150320"
	},
	{
		"duration": 860,
		"size": "6.9M",
		"path": "http://media.febcchinese.org/Streaming/tu/tu150323.mp3",
		"id": 6230000035,
		"albumId": 6230,
		"albumName": "《信仰百宝箱》2015年上半年合集",
		"albumtitle": "《信仰百宝箱》2015年上半年合集(35)",
		"title": "信仰百宝箱-20150323"
	},
	{
		"duration": 860,
		"size": "6.9M",
		"path": "http://media.febcchinese.org/Streaming/tu/tu150325.mp3",
		"id": 6230000036,
		"albumId": 6230,
		"albumName": "《信仰百宝箱》2015年上半年合集",
		"albumtitle": "《信仰百宝箱》2015年上半年合集(36)",
		"title": "信仰百宝箱-20150325"
	},
	{
		"duration": 860,
		"size": "6.9M",
		"path": "http://media.febcchinese.org/Streaming/tu/tu150327.mp3",
		"id": 6230000037,
		"albumId": 6230,
		"albumName": "《信仰百宝箱》2015年上半年合集",
		"albumtitle": "《信仰百宝箱》2015年上半年合集(37)",
		"title": "信仰百宝箱-20150327"
	},
	{
		"duration": 860,
		"size": "6.9M",
		"path": "http://media.febcchinese.org/Streaming/tu/tu150330.mp3",
		"id": 6230000038,
		"albumId": 6230,
		"albumName": "《信仰百宝箱》2015年上半年合集",
		"albumtitle": "《信仰百宝箱》2015年上半年合集(38)",
		"title": "信仰百宝箱-20150330"
	},
	{
		"duration": 860,
		"size": "6.9M",
		"path": "http://media.febcchinese.org/Streaming/tu/tu150401.mp3",
		"id": 6230000039,
		"albumId": 6230,
		"albumName": "《信仰百宝箱》2015年上半年合集",
		"albumtitle": "《信仰百宝箱》2015年上半年合集(39)",
		"title": "信仰百宝箱-20150401"
	},
	{
		"duration": 860,
		"size": "6.9M",
		"path": "http://media.febcchinese.org/Streaming/tu/tu150403.mp3",
		"id": 6230000040,
		"albumId": 6230,
		"albumName": "《信仰百宝箱》2015年上半年合集",
		"albumtitle": "《信仰百宝箱》2015年上半年合集(40)",
		"title": "信仰百宝箱-20150403"
	},
	{
		"duration": 860,
		"size": "6.9M",
		"path": "http://media.febcchinese.org/Streaming/tu/tu150406.mp3",
		"id": 6230000041,
		"albumId": 6230,
		"albumName": "《信仰百宝箱》2015年上半年合集",
		"albumtitle": "《信仰百宝箱》2015年上半年合集(41)",
		"title": "信仰百宝箱-20150406"
	},
	{
		"duration": 860,
		"size": "6.9M",
		"path": "http://media.febcchinese.org/Streaming/tu/tu150408.mp3",
		"id": 6230000042,
		"albumId": 6230,
		"albumName": "《信仰百宝箱》2015年上半年合集",
		"albumtitle": "《信仰百宝箱》2015年上半年合集(42)",
		"title": "信仰百宝箱-20150408"
	},
	{
		"duration": 860,
		"size": "6.9M",
		"path": "http://media.febcchinese.org/Streaming/tu/tu150410.mp3",
		"id": 6230000043,
		"albumId": 6230,
		"albumName": "《信仰百宝箱》2015年上半年合集",
		"albumtitle": "《信仰百宝箱》2015年上半年合集(43)",
		"title": "信仰百宝箱-20150410"
	},
	{
		"duration": 860,
		"size": "6.9M",
		"path": "http://media.febcchinese.org/Streaming/tu/tu150413.mp3",
		"id": 6230000044,
		"albumId": 6230,
		"albumName": "《信仰百宝箱》2015年上半年合集",
		"albumtitle": "《信仰百宝箱》2015年上半年合集(44)",
		"title": "信仰百宝箱-20150413"
	},
	{
		"duration": 860,
		"size": "6.9M",
		"path": "http://media.febcchinese.org/Streaming/tu/tu150415.mp3",
		"id": 6230000045,
		"albumId": 6230,
		"albumName": "《信仰百宝箱》2015年上半年合集",
		"albumtitle": "《信仰百宝箱》2015年上半年合集(45)",
		"title": "信仰百宝箱-20150415"
	},
	{
		"duration": 860,
		"size": "6.9M",
		"path": "http://media.febcchinese.org/Streaming/tu/tu150417.mp3",
		"id": 6230000046,
		"albumId": 6230,
		"albumName": "《信仰百宝箱》2015年上半年合集",
		"albumtitle": "《信仰百宝箱》2015年上半年合集(46)",
		"title": "信仰百宝箱-20150417"
	},
	{
		"duration": 860,
		"size": "6.9M",
		"path": "http://media.febcchinese.org/Streaming/tu/tu150420.mp3",
		"id": 6230000047,
		"albumId": 6230,
		"albumName": "《信仰百宝箱》2015年上半年合集",
		"albumtitle": "《信仰百宝箱》2015年上半年合集(47)",
		"title": "信仰百宝箱-20150420"
	},
	{
		"duration": 860,
		"size": "6.9M",
		"path": "http://media.febcchinese.org/Streaming/tu/tu150422.mp3",
		"id": 6230000048,
		"albumId": 6230,
		"albumName": "《信仰百宝箱》2015年上半年合集",
		"albumtitle": "《信仰百宝箱》2015年上半年合集(48)",
		"title": "信仰百宝箱-20150422"
	},
	{
		"duration": 860,
		"size": "6.9M",
		"path": "http://media.febcchinese.org/Streaming/tu/tu150424.mp3",
		"id": 6230000049,
		"albumId": 6230,
		"albumName": "《信仰百宝箱》2015年上半年合集",
		"albumtitle": "《信仰百宝箱》2015年上半年合集(49)",
		"title": "信仰百宝箱-20150424"
	},
	{
		"duration": 860,
		"size": "6.9M",
		"path": "http://media.febcchinese.org/Streaming/tu/tu150427.mp3",
		"id": 6230000050,
		"albumId": 6230,
		"albumName": "《信仰百宝箱》2015年上半年合集",
		"albumtitle": "《信仰百宝箱》2015年上半年合集(50)",
		"title": "信仰百宝箱-20150427"
	},
	{
		"duration": 860,
		"size": "6.9M",
		"path": "http://media.febcchinese.org/Streaming/tu/tu150429.mp3",
		"id": 6230000051,
		"albumId": 6230,
		"albumName": "《信仰百宝箱》2015年上半年合集",
		"albumtitle": "《信仰百宝箱》2015年上半年合集(51)",
		"title": "信仰百宝箱-20150429"
	},
	{
		"duration": 860,
		"size": "6.9M",
		"path": "http://media.febcchinese.org/Streaming/tu/tu150501.mp3",
		"id": 6230000052,
		"albumId": 6230,
		"albumName": "《信仰百宝箱》2015年上半年合集",
		"albumtitle": "《信仰百宝箱》2015年上半年合集(52)",
		"title": "信仰百宝箱-20150501"
	},
	{
		"duration": 860,
		"size": "6.9M",
		"path": "http://media.febcchinese.org/Streaming/tu/tu150504.mp3",
		"id": 6230000053,
		"albumId": 6230,
		"albumName": "《信仰百宝箱》2015年上半年合集",
		"albumtitle": "《信仰百宝箱》2015年上半年合集(53)",
		"title": "信仰百宝箱-20150504"
	},
	{
		"duration": 860,
		"size": "6.9M",
		"path": "http://media.febcchinese.org/Streaming/tu/tu150506.mp3",
		"id": 6230000054,
		"albumId": 6230,
		"albumName": "《信仰百宝箱》2015年上半年合集",
		"albumtitle": "《信仰百宝箱》2015年上半年合集(54)",
		"title": "信仰百宝箱-20150506"
	},
	{
		"duration": 860,
		"size": "6.9M",
		"path": "http://media.febcchinese.org/Streaming/tu/tu150508.mp3",
		"id": 6230000055,
		"albumId": 6230,
		"albumName": "《信仰百宝箱》2015年上半年合集",
		"albumtitle": "《信仰百宝箱》2015年上半年合集(55)",
		"title": "信仰百宝箱-20150508"
	},
	{
		"duration": 860,
		"size": "6.9M",
		"path": "http://media.febcchinese.org/Streaming/tu/tu150511.mp3",
		"id": 6230000056,
		"albumId": 6230,
		"albumName": "《信仰百宝箱》2015年上半年合集",
		"albumtitle": "《信仰百宝箱》2015年上半年合集(56)",
		"title": "信仰百宝箱-20150511"
	},
	{
		"duration": 860,
		"size": "6.9M",
		"path": "http://media.febcchinese.org/Streaming/tu/tu150513.mp3",
		"id": 6230000057,
		"albumId": 6230,
		"albumName": "《信仰百宝箱》2015年上半年合集",
		"albumtitle": "《信仰百宝箱》2015年上半年合集(57)",
		"title": "信仰百宝箱-20150513"
	},
	{
		"duration": 860,
		"size": "6.9M",
		"path": "http://media.febcchinese.org/Streaming/tu/tu150515.mp3",
		"id": 6230000058,
		"albumId": 6230,
		"albumName": "《信仰百宝箱》2015年上半年合集",
		"albumtitle": "《信仰百宝箱》2015年上半年合集(58)",
		"title": "信仰百宝箱-20150515"
	},
	{
		"duration": 860,
		"size": "6.9M",
		"path": "http://media.febcchinese.org/Streaming/tu/tu150518.mp3",
		"id": 6230000059,
		"albumId": 6230,
		"albumName": "《信仰百宝箱》2015年上半年合集",
		"albumtitle": "《信仰百宝箱》2015年上半年合集(59)",
		"title": "信仰百宝箱-20150518"
	},
	{
		"duration": 860,
		"size": "6.9M",
		"path": "http://media.febcchinese.org/Streaming/tu/tu150520.mp3",
		"id": 6230000060,
		"albumId": 6230,
		"albumName": "《信仰百宝箱》2015年上半年合集",
		"albumtitle": "《信仰百宝箱》2015年上半年合集(60)",
		"title": "信仰百宝箱-20150520"
	},
	{
		"duration": 860,
		"size": "6.9M",
		"path": "http://media.febcchinese.org/Streaming/tu/tu150522.mp3",
		"id": 6230000061,
		"albumId": 6230,
		"albumName": "《信仰百宝箱》2015年上半年合集",
		"albumtitle": "《信仰百宝箱》2015年上半年合集(61)",
		"title": "信仰百宝箱-20150522"
	},
	{
		"duration": 860,
		"size": "6.9M",
		"path": "http://media.febcchinese.org/Streaming/tu/tu150525.mp3",
		"id": 6230000062,
		"albumId": 6230,
		"albumName": "《信仰百宝箱》2015年上半年合集",
		"albumtitle": "《信仰百宝箱》2015年上半年合集(62)",
		"title": "信仰百宝箱-20150525"
	},
	{
		"duration": 860,
		"size": "6.9M",
		"path": "http://media.febcchinese.org/Streaming/tu/tu150527.mp3",
		"id": 6230000063,
		"albumId": 6230,
		"albumName": "《信仰百宝箱》2015年上半年合集",
		"albumtitle": "《信仰百宝箱》2015年上半年合集(63)",
		"title": "信仰百宝箱-20150527"
	},
	{
		"duration": 860,
		"size": "6.9M",
		"path": "http://media.febcchinese.org/Streaming/tu/tu150529.mp3",
		"id": 6230000064,
		"albumId": 6230,
		"albumName": "《信仰百宝箱》2015年上半年合集",
		"albumtitle": "《信仰百宝箱》2015年上半年合集(64)",
		"title": "信仰百宝箱-20150529"
	},
	{
		"duration": 860,
		"size": "6.9M",
		"path": "http://media.febcchinese.org/Streaming/tu/tu150601.mp3",
		"id": 6230000065,
		"albumId": 6230,
		"albumName": "《信仰百宝箱》2015年上半年合集",
		"albumtitle": "《信仰百宝箱》2015年上半年合集(65)",
		"title": "信仰百宝箱-20150601"
	},
	{
		"duration": 860,
		"size": "6.9M",
		"path": "http://media.febcchinese.org/Streaming/tu/tu150603.mp3",
		"id": 6230000066,
		"albumId": 6230,
		"albumName": "《信仰百宝箱》2015年上半年合集",
		"albumtitle": "《信仰百宝箱》2015年上半年合集(66)",
		"title": "信仰百宝箱-20150603"
	},
	{
		"duration": 860,
		"size": "6.9M",
		"path": "http://media.febcchinese.org/Streaming/tu/tu150605.mp3",
		"id": 6230000067,
		"albumId": 6230,
		"albumName": "《信仰百宝箱》2015年上半年合集",
		"albumtitle": "《信仰百宝箱》2015年上半年合集(67)",
		"title": "信仰百宝箱-20150605"
	},
	{
		"duration": 860,
		"size": "6.9M",
		"path": "http://media.febcchinese.org/Streaming/tu/tu150608.mp3",
		"id": 6230000068,
		"albumId": 6230,
		"albumName": "《信仰百宝箱》2015年上半年合集",
		"albumtitle": "《信仰百宝箱》2015年上半年合集(68)",
		"title": "信仰百宝箱-20150608"
	},
	{
		"duration": 860,
		"size": "6.9M",
		"path": "http://media.febcchinese.org/Streaming/tu/tu150610.mp3",
		"id": 6230000069,
		"albumId": 6230,
		"albumName": "《信仰百宝箱》2015年上半年合集",
		"albumtitle": "《信仰百宝箱》2015年上半年合集(69)",
		"title": "信仰百宝箱-20150610"
	},
	{
		"duration": 860,
		"size": "6.9M",
		"path": "http://media.febcchinese.org/Streaming/tu/tu150612.mp3",
		"id": 6230000070,
		"albumId": 6230,
		"albumName": "《信仰百宝箱》2015年上半年合集",
		"albumtitle": "《信仰百宝箱》2015年上半年合集(70)",
		"title": "信仰百宝箱-20150612"
	},
	{
		"duration": 860,
		"size": "6.9M",
		"path": "http://media.febcchinese.org/Streaming/tu/tu150615.mp3",
		"id": 6230000071,
		"albumId": 6230,
		"albumName": "《信仰百宝箱》2015年上半年合集",
		"albumtitle": "《信仰百宝箱》2015年上半年合集(71)",
		"title": "信仰百宝箱-20150615"
	},
	{
		"duration": 860,
		"size": "6.9M",
		"path": "http://media.febcchinese.org/Streaming/tu/tu150617.mp3",
		"id": 6230000072,
		"albumId": 6230,
		"albumName": "《信仰百宝箱》2015年上半年合集",
		"albumtitle": "《信仰百宝箱》2015年上半年合集(72)",
		"title": "信仰百宝箱-20150617"
	},
	{
		"duration": 860,
		"size": "6.9M",
		"path": "http://media.febcchinese.org/Streaming/tu/tu150619.mp3",
		"id": 6230000073,
		"albumId": 6230,
		"albumName": "《信仰百宝箱》2015年上半年合集",
		"albumtitle": "《信仰百宝箱》2015年上半年合集(73)",
		"title": "信仰百宝箱-20150619"
	},
	{
		"duration": 860,
		"size": "6.9M",
		"path": "http://media.febcchinese.org/Streaming/tu/tu150622.mp3",
		"id": 6230000074,
		"albumId": 6230,
		"albumName": "《信仰百宝箱》2015年上半年合集",
		"albumtitle": "《信仰百宝箱》2015年上半年合集(74)",
		"title": "信仰百宝箱-20150622"
	},
	{
		"duration": 860,
		"size": "6.9M",
		"path": "http://media.febcchinese.org/Streaming/tu/tu150624.mp3",
		"id": 6230000075,
		"albumId": 6230,
		"albumName": "《信仰百宝箱》2015年上半年合集",
		"albumtitle": "《信仰百宝箱》2015年上半年合集(75)",
		"title": "信仰百宝箱-20150624"
	},
	{
		"duration": 860,
		"size": "6.9M",
		"path": "http://media.febcchinese.org/Streaming/tu/tu150626.mp3",
		"id": 6230000076,
		"albumId": 6230,
		"albumName": "《信仰百宝箱》2015年上半年合集",
		"albumtitle": "《信仰百宝箱》2015年上半年合集(76)",
		"title": "信仰百宝箱-20150626"
	},
	{
		"duration": 860,
		"size": "6.9M",
		"path": "http://media.febcchinese.org/Streaming/tu/tu150629.mp3",
		"id": 6230000077,
		"albumId": 6230,
		"albumName": "《信仰百宝箱》2015年上半年合集",
		"albumtitle": "《信仰百宝箱》2015年上半年合集(77)",
		"title": "信仰百宝箱-20150629"
	}
]