[{
	"duration": 860,
	"size": "6.9M",
	"path": "http://media.febcchinese.org/Streaming/tu/tu140901.mp3",
	"id": 6229000001,
	"albumId": 6229,
	"albumName": "《信仰百宝箱》2014年冬季合集",
	"albumtitle": "《信仰百宝箱》2014年冬季合集(1)",
	"title": "信仰百宝箱-20140901"
},
	{
		"duration": 860,
		"size": "6.9M",
		"path": "http://media.febcchinese.org/Streaming/tu/tu140903.mp3",
		"id": 6229000002,
		"albumId": 6229,
		"albumName": "《信仰百宝箱》2014年冬季合集",
		"albumtitle": "《信仰百宝箱》2014年冬季合集(2)",
		"title": "信仰百宝箱-20140903"
	},
	{
		"duration": 860,
		"size": "6.9M",
		"path": "http://media.febcchinese.org/Streaming/tu/tu140905.mp3",
		"id": 6229000003,
		"albumId": 6229,
		"albumName": "《信仰百宝箱》2014年冬季合集",
		"albumtitle": "《信仰百宝箱》2014年冬季合集(3)",
		"title": "信仰百宝箱-20140905"
	},
	{
		"duration": 860,
		"size": "6.9M",
		"path": "http://media.febcchinese.org/Streaming/tu/tu140908.mp3",
		"id": 6229000004,
		"albumId": 6229,
		"albumName": "《信仰百宝箱》2014年冬季合集",
		"albumtitle": "《信仰百宝箱》2014年冬季合集(4)",
		"title": "信仰百宝箱-20140908"
	},
	{
		"duration": 860,
		"size": "6.9M",
		"path": "http://media.febcchinese.org/Streaming/tu/tu140910.mp3",
		"id": 6229000005,
		"albumId": 6229,
		"albumName": "《信仰百宝箱》2014年冬季合集",
		"albumtitle": "《信仰百宝箱》2014年冬季合集(5)",
		"title": "信仰百宝箱-20140910"
	},
	{
		"duration": 860,
		"size": "6.9M",
		"path": "http://media.febcchinese.org/Streaming/tu/tu140912.mp3",
		"id": 6229000006,
		"albumId": 6229,
		"albumName": "《信仰百宝箱》2014年冬季合集",
		"albumtitle": "《信仰百宝箱》2014年冬季合集(6)",
		"title": "信仰百宝箱-20140912"
	},
	{
		"duration": 860,
		"size": "6.9M",
		"path": "http://media.febcchinese.org/Streaming/tu/tu140915.mp3",
		"id": 6229000007,
		"albumId": 6229,
		"albumName": "《信仰百宝箱》2014年冬季合集",
		"albumtitle": "《信仰百宝箱》2014年冬季合集(7)",
		"title": "信仰百宝箱-20140915"
	},
	{
		"duration": 860,
		"size": "6.9M",
		"path": "http://media.febcchinese.org/Streaming/tu/tu140917.mp3",
		"id": 6229000008,
		"albumId": 6229,
		"albumName": "《信仰百宝箱》2014年冬季合集",
		"albumtitle": "《信仰百宝箱》2014年冬季合集(8)",
		"title": "信仰百宝箱-20140917"
	},
	{
		"duration": 860,
		"size": "6.9M",
		"path": "http://media.febcchinese.org/Streaming/tu/tu140919.mp3",
		"id": 6229000009,
		"albumId": 6229,
		"albumName": "《信仰百宝箱》2014年冬季合集",
		"albumtitle": "《信仰百宝箱》2014年冬季合集(9)",
		"title": "信仰百宝箱-20140919"
	},
	{
		"duration": 860,
		"size": "6.9M",
		"path": "http://media.febcchinese.org/Streaming/tu/tu140922.mp3",
		"id": 6229000010,
		"albumId": 6229,
		"albumName": "《信仰百宝箱》2014年冬季合集",
		"albumtitle": "《信仰百宝箱》2014年冬季合集(10)",
		"title": "信仰百宝箱-20140922"
	},
	{
		"duration": 860,
		"size": "6.9M",
		"path": "http://media.febcchinese.org/Streaming/tu/tu140924.mp3",
		"id": 6229000011,
		"albumId": 6229,
		"albumName": "《信仰百宝箱》2014年冬季合集",
		"albumtitle": "《信仰百宝箱》2014年冬季合集(11)",
		"title": "信仰百宝箱-20140924"
	},
	{
		"duration": 860,
		"size": "6.9M",
		"path": "http://media.febcchinese.org/Streaming/tu/tu140926.mp3",
		"id": 6229000012,
		"albumId": 6229,
		"albumName": "《信仰百宝箱》2014年冬季合集",
		"albumtitle": "《信仰百宝箱》2014年冬季合集(12)",
		"title": "信仰百宝箱-20140926"
	},
	{
		"duration": 860,
		"size": "6.9M",
		"path": "http://media.febcchinese.org/Streaming/tu/tu140929.mp3",
		"id": 6229000013,
		"albumId": 6229,
		"albumName": "《信仰百宝箱》2014年冬季合集",
		"albumtitle": "《信仰百宝箱》2014年冬季合集(13)",
		"title": "信仰百宝箱-20140929"
	},
	{
		"duration": 860,
		"size": "6.9M",
		"path": "http://media.febcchinese.org/Streaming/tu/tu141001.mp3",
		"id": 6229000014,
		"albumId": 6229,
		"albumName": "《信仰百宝箱》2014年冬季合集",
		"albumtitle": "《信仰百宝箱》2014年冬季合集(14)",
		"title": "信仰百宝箱-20141001"
	},
	{
		"duration": 860,
		"size": "6.9M",
		"path": "http://media.febcchinese.org/Streaming/tu/tu141003.mp3",
		"id": 6229000015,
		"albumId": 6229,
		"albumName": "《信仰百宝箱》2014年冬季合集",
		"albumtitle": "《信仰百宝箱》2014年冬季合集(15)",
		"title": "信仰百宝箱-20141003"
	},
	{
		"duration": 860,
		"size": "6.9M",
		"path": "http://media.febcchinese.org/Streaming/tu/tu141006.mp3",
		"id": 6229000016,
		"albumId": 6229,
		"albumName": "《信仰百宝箱》2014年冬季合集",
		"albumtitle": "《信仰百宝箱》2014年冬季合集(16)",
		"title": "信仰百宝箱-20141006"
	},
	{
		"duration": 860,
		"size": "6.9M",
		"path": "http://media.febcchinese.org/Streaming/tu/tu141008.mp3",
		"id": 6229000017,
		"albumId": 6229,
		"albumName": "《信仰百宝箱》2014年冬季合集",
		"albumtitle": "《信仰百宝箱》2014年冬季合集(17)",
		"title": "信仰百宝箱-20141008"
	},
	{
		"duration": 860,
		"size": "6.9M",
		"path": "http://media.febcchinese.org/Streaming/tu/tu141010.mp3",
		"id": 6229000018,
		"albumId": 6229,
		"albumName": "《信仰百宝箱》2014年冬季合集",
		"albumtitle": "《信仰百宝箱》2014年冬季合集(18)",
		"title": "信仰百宝箱-20141010"
	},
	{
		"duration": 860,
		"size": "6.9M",
		"path": "http://media.febcchinese.org/Streaming/tu/tu141013.mp3",
		"id": 6229000019,
		"albumId": 6229,
		"albumName": "《信仰百宝箱》2014年冬季合集",
		"albumtitle": "《信仰百宝箱》2014年冬季合集(19)",
		"title": "信仰百宝箱-20141013"
	},
	{
		"duration": 860,
		"size": "6.9M",
		"path": "http://media.febcchinese.org/Streaming/tu/tu141015.mp3",
		"id": 6229000020,
		"albumId": 6229,
		"albumName": "《信仰百宝箱》2014年冬季合集",
		"albumtitle": "《信仰百宝箱》2014年冬季合集(20)",
		"title": "信仰百宝箱-20141015"
	},
	{
		"duration": 860,
		"size": "6.9M",
		"path": "http://media.febcchinese.org/Streaming/tu/tu141017.mp3",
		"id": 6229000021,
		"albumId": 6229,
		"albumName": "《信仰百宝箱》2014年冬季合集",
		"albumtitle": "《信仰百宝箱》2014年冬季合集(21)",
		"title": "信仰百宝箱-20141017"
	},
	{
		"duration": 860,
		"size": "6.9M",
		"path": "http://media.febcchinese.org/Streaming/tu/tu141020.mp3",
		"id": 6229000022,
		"albumId": 6229,
		"albumName": "《信仰百宝箱》2014年冬季合集",
		"albumtitle": "《信仰百宝箱》2014年冬季合集(22)",
		"title": "信仰百宝箱-20141020"
	},
	{
		"duration": 860,
		"size": "6.9M",
		"path": "http://media.febcchinese.org/Streaming/tu/tu141022.mp3",
		"id": 6229000023,
		"albumId": 6229,
		"albumName": "《信仰百宝箱》2014年冬季合集",
		"albumtitle": "《信仰百宝箱》2014年冬季合集(23)",
		"title": "信仰百宝箱-20141022"
	},
	{
		"duration": 860,
		"size": "6.9M",
		"path": "http://media.febcchinese.org/Streaming/tu/tu141024.mp3",
		"id": 6229000024,
		"albumId": 6229,
		"albumName": "《信仰百宝箱》2014年冬季合集",
		"albumtitle": "《信仰百宝箱》2014年冬季合集(24)",
		"title": "信仰百宝箱-20141024"
	},
	{
		"duration": 860,
		"size": "6.9M",
		"path": "http://media.febcchinese.org/Streaming/tu/tu141027.mp3",
		"id": 6229000025,
		"albumId": 6229,
		"albumName": "《信仰百宝箱》2014年冬季合集",
		"albumtitle": "《信仰百宝箱》2014年冬季合集(25)",
		"title": "信仰百宝箱-20141027"
	},
	{
		"duration": 860,
		"size": "6.9M",
		"path": "http://media.febcchinese.org/Streaming/tu/tu141029.mp3",
		"id": 6229000026,
		"albumId": 6229,
		"albumName": "《信仰百宝箱》2014年冬季合集",
		"albumtitle": "《信仰百宝箱》2014年冬季合集(26)",
		"title": "信仰百宝箱-20141029"
	},
	{
		"duration": 860,
		"size": "6.9M",
		"path": "http://media.febcchinese.org/Streaming/tu/tu141031.mp3",
		"id": 6229000027,
		"albumId": 6229,
		"albumName": "《信仰百宝箱》2014年冬季合集",
		"albumtitle": "《信仰百宝箱》2014年冬季合集(27)",
		"title": "信仰百宝箱-20141031"
	},
	{
		"duration": 860,
		"size": "6.9M",
		"path": "http://media.febcchinese.org/Streaming/tu/tu141103.mp3",
		"id": 6229000028,
		"albumId": 6229,
		"albumName": "《信仰百宝箱》2014年冬季合集",
		"albumtitle": "《信仰百宝箱》2014年冬季合集(28)",
		"title": "信仰百宝箱-20141103"
	},
	{
		"duration": 860,
		"size": "6.9M",
		"path": "http://media.febcchinese.org/Streaming/tu/tu141105.mp3",
		"id": 6229000029,
		"albumId": 6229,
		"albumName": "《信仰百宝箱》2014年冬季合集",
		"albumtitle": "《信仰百宝箱》2014年冬季合集(29)",
		"title": "信仰百宝箱-20141105"
	},
	{
		"duration": 860,
		"size": "6.9M",
		"path": "http://media.febcchinese.org/Streaming/tu/tu141107.mp3",
		"id": 6229000030,
		"albumId": 6229,
		"albumName": "《信仰百宝箱》2014年冬季合集",
		"albumtitle": "《信仰百宝箱》2014年冬季合集(30)",
		"title": "信仰百宝箱-20141107"
	},
	{
		"duration": 860,
		"size": "6.9M",
		"path": "http://media.febcchinese.org/Streaming/tu/tu141110.mp3",
		"id": 6229000031,
		"albumId": 6229,
		"albumName": "《信仰百宝箱》2014年冬季合集",
		"albumtitle": "《信仰百宝箱》2014年冬季合集(31)",
		"title": "信仰百宝箱-20141110"
	},
	{
		"duration": 860,
		"size": "6.9M",
		"path": "http://media.febcchinese.org/Streaming/tu/tu141112.mp3",
		"id": 6229000032,
		"albumId": 6229,
		"albumName": "《信仰百宝箱》2014年冬季合集",
		"albumtitle": "《信仰百宝箱》2014年冬季合集(32)",
		"title": "信仰百宝箱-20141112"
	},
	{
		"duration": 860,
		"size": "6.9M",
		"path": "http://media.febcchinese.org/Streaming/tu/tu141114.mp3",
		"id": 6229000033,
		"albumId": 6229,
		"albumName": "《信仰百宝箱》2014年冬季合集",
		"albumtitle": "《信仰百宝箱》2014年冬季合集(33)",
		"title": "信仰百宝箱-20141114"
	},
	{
		"duration": 860,
		"size": "6.9M",
		"path": "http://media.febcchinese.org/Streaming/tu/tu141117.mp3",
		"id": 6229000034,
		"albumId": 6229,
		"albumName": "《信仰百宝箱》2014年冬季合集",
		"albumtitle": "《信仰百宝箱》2014年冬季合集(34)",
		"title": "信仰百宝箱-20141117"
	},
	{
		"duration": 860,
		"size": "6.9M",
		"path": "http://media.febcchinese.org/Streaming/tu/tu141119.mp3",
		"id": 6229000035,
		"albumId": 6229,
		"albumName": "《信仰百宝箱》2014年冬季合集",
		"albumtitle": "《信仰百宝箱》2014年冬季合集(35)",
		"title": "信仰百宝箱-20141119"
	},
	{
		"duration": 860,
		"size": "6.9M",
		"path": "http://media.febcchinese.org/Streaming/tu/tu141121.mp3",
		"id": 6229000036,
		"albumId": 6229,
		"albumName": "《信仰百宝箱》2014年冬季合集",
		"albumtitle": "《信仰百宝箱》2014年冬季合集(36)",
		"title": "信仰百宝箱-20141121"
	},
	{
		"duration": 860,
		"size": "6.9M",
		"path": "http://media.febcchinese.org/Streaming/tu/tu141124.mp3",
		"id": 6229000037,
		"albumId": 6229,
		"albumName": "《信仰百宝箱》2014年冬季合集",
		"albumtitle": "《信仰百宝箱》2014年冬季合集(37)",
		"title": "信仰百宝箱-20141124"
	},
	{
		"duration": 860,
		"size": "6.9M",
		"path": "http://media.febcchinese.org/Streaming/tu/tu141126.mp3",
		"id": 6229000038,
		"albumId": 6229,
		"albumName": "《信仰百宝箱》2014年冬季合集",
		"albumtitle": "《信仰百宝箱》2014年冬季合集(38)",
		"title": "信仰百宝箱-20141126"
	},
	{
		"duration": 860,
		"size": "6.9M",
		"path": "http://media.febcchinese.org/Streaming/tu/tu141128.mp3",
		"id": 6229000039,
		"albumId": 6229,
		"albumName": "《信仰百宝箱》2014年冬季合集",
		"albumtitle": "《信仰百宝箱》2014年冬季合集(39)",
		"title": "信仰百宝箱-20141128"
	},
	{
		"duration": 860,
		"size": "6.9M",
		"path": "http://media.febcchinese.org/Streaming/tu/tu141201.mp3",
		"id": 6229000040,
		"albumId": 6229,
		"albumName": "《信仰百宝箱》2014年冬季合集",
		"albumtitle": "《信仰百宝箱》2014年冬季合集(40)",
		"title": "信仰百宝箱-20141201"
	},
	{
		"duration": 860,
		"size": "6.9M",
		"path": "http://media.febcchinese.org/Streaming/tu/tu141203.mp3",
		"id": 6229000041,
		"albumId": 6229,
		"albumName": "《信仰百宝箱》2014年冬季合集",
		"albumtitle": "《信仰百宝箱》2014年冬季合集(41)",
		"title": "信仰百宝箱-20141203"
	},
	{
		"duration": 860,
		"size": "6.9M",
		"path": "http://media.febcchinese.org/Streaming/tu/tu141205.mp3",
		"id": 6229000042,
		"albumId": 6229,
		"albumName": "《信仰百宝箱》2014年冬季合集",
		"albumtitle": "《信仰百宝箱》2014年冬季合集(42)",
		"title": "信仰百宝箱-20141205"
	},
	{
		"duration": 860,
		"size": "6.9M",
		"path": "http://media.febcchinese.org/Streaming/tu/tu141208.mp3",
		"id": 6229000043,
		"albumId": 6229,
		"albumName": "《信仰百宝箱》2014年冬季合集",
		"albumtitle": "《信仰百宝箱》2014年冬季合集(43)",
		"title": "信仰百宝箱-20141208"
	},
	{
		"duration": 860,
		"size": "6.9M",
		"path": "http://media.febcchinese.org/Streaming/tu/tu141210.mp3",
		"id": 6229000044,
		"albumId": 6229,
		"albumName": "《信仰百宝箱》2014年冬季合集",
		"albumtitle": "《信仰百宝箱》2014年冬季合集(44)",
		"title": "信仰百宝箱-20141210"
	},
	{
		"duration": 860,
		"size": "6.9M",
		"path": "http://media.febcchinese.org/Streaming/tu/tu141212.mp3",
		"id": 6229000045,
		"albumId": 6229,
		"albumName": "《信仰百宝箱》2014年冬季合集",
		"albumtitle": "《信仰百宝箱》2014年冬季合集(45)",
		"title": "信仰百宝箱-20141212"
	},
	{
		"duration": 860,
		"size": "6.9M",
		"path": "http://media.febcchinese.org/Streaming/tu/tu141215.mp3",
		"id": 6229000046,
		"albumId": 6229,
		"albumName": "《信仰百宝箱》2014年冬季合集",
		"albumtitle": "《信仰百宝箱》2014年冬季合集(46)",
		"title": "信仰百宝箱-20141215"
	},
	{
		"duration": 860,
		"size": "6.9M",
		"path": "http://media.febcchinese.org/Streaming/tu/tu141217.mp3",
		"id": 6229000047,
		"albumId": 6229,
		"albumName": "《信仰百宝箱》2014年冬季合集",
		"albumtitle": "《信仰百宝箱》2014年冬季合集(47)",
		"title": "信仰百宝箱-20141217"
	},
	{
		"duration": 860,
		"size": "6.9M",
		"path": "http://media.febcchinese.org/Streaming/tu/tu141219.mp3",
		"id": 6229000048,
		"albumId": 6229,
		"albumName": "《信仰百宝箱》2014年冬季合集",
		"albumtitle": "《信仰百宝箱》2014年冬季合集(48)",
		"title": "信仰百宝箱-20141219"
	},
	{
		"duration": 860,
		"size": "6.9M",
		"path": "http://media.febcchinese.org/Streaming/tu/tu141222.mp3",
		"id": 6229000049,
		"albumId": 6229,
		"albumName": "《信仰百宝箱》2014年冬季合集",
		"albumtitle": "《信仰百宝箱》2014年冬季合集(49)",
		"title": "信仰百宝箱-20141222"
	},
	{
		"duration": 860,
		"size": "6.9M",
		"path": "http://media.febcchinese.org/Streaming/tu/tu141224.mp3",
		"id": 6229000050,
		"albumId": 6229,
		"albumName": "《信仰百宝箱》2014年冬季合集",
		"albumtitle": "《信仰百宝箱》2014年冬季合集(50)",
		"title": "信仰百宝箱-20141224"
	},
	{
		"duration": 860,
		"size": "6.9M",
		"path": "http://media.febcchinese.org/Streaming/tu/tu141226.mp3",
		"id": 6229000051,
		"albumId": 6229,
		"albumName": "《信仰百宝箱》2014年冬季合集",
		"albumtitle": "《信仰百宝箱》2014年冬季合集(51)",
		"title": "信仰百宝箱-20141226"
	},
	{
		"duration": 860,
		"size": "6.9M",
		"path": "http://media.febcchinese.org/Streaming/tu/tu141229.mp3",
		"id": 6229000052,
		"albumId": 6229,
		"albumName": "《信仰百宝箱》2014年冬季合集",
		"albumtitle": "《信仰百宝箱》2014年冬季合集(52)",
		"title": "信仰百宝箱-20141229"
	},
	{
		"duration": 860,
		"size": "6.9M",
		"path": "http://media.febcchinese.org/Streaming/tu/tu141231.mp3",
		"id": 6229000053,
		"albumId": 6229,
		"albumName": "《信仰百宝箱》2014年冬季合集",
		"albumtitle": "《信仰百宝箱》2014年冬季合集(53)",
		"title": "信仰百宝箱-20141231"
	}
]