[
	{
		"albumtitle": "瞭解兒童(01)",
		"title": "",
		"duration": 1760,
        "size": "7.2M",
		"albumId": 203,
		"albumName": "瞭解兒童",
		"path": "https://rawcdn.githack.com/quiet324/Media4JAlbum/1706093/UnderstandChildren/UnderstandChildren01.mp3",
		"id": 203888180
	},
	{
		"albumtitle": "瞭解兒童(02)",
		"title": "",
		"duration": 1760,
        "size": "7.2M",
		"albumId": 203,
		"albumName": "瞭解兒童",
		"path": "https://rawcdn.githack.com/quiet324/Media4JAlbum/1706093/UnderstandChildren/UnderstandChildren02.mp3",
		"id": 203888181
	}

]