[
	{
		"title": "挖掘心灵深处的灵魂 20130101",
		"path": "http://media.febcchinese.org/streaming/up/up130101.mp3",
		"duration": 1760,
		"size": "14.1M",
		"albumName": "亲情不断电 2013年春季合集",
		"id": 6247000001,
		"albumId": 6247,
		"albumtitle": "亲情不断电 2013年春季合集(1)",
		"textContent": ""
	},
	{
		"title": "走自己的路 20130102",
		"path": "http://media.febcchinese.org/streaming/up/up130102.mp3",
		"duration": 1760,
		"size": "14.1M",
		"albumName": "亲情不断电 2013年春季合集",
		"id": 6247000002,
		"albumId": 6247,
		"albumtitle": "亲情不断电 2013年春季合集(2)",
		"textContent": ""
	},
	{
		"title": "给灵魂找个家 20130103",
		"path": "http://media.febcchinese.org/streaming/up/up130103.mp3",
		"duration": 1760,
		"size": "14.1M",
		"albumName": "亲情不断电 2013年春季合集",
		"id": 6247000003,
		"albumId": 6247,
		"albumtitle": "亲情不断电 2013年春季合集(3)",
		"textContent": ""
	},
	{
		"title": "《小屋》第三集：引爆点（二） 20130104",
		"path": "http://media.febcchinese.org/streaming/up/up130104.mp3",
		"duration": 1760,
		"size": "14.1M",
		"albumName": "亲情不断电 2013年春季合集",
		"id": 6247000004,
		"albumId": 6247,
		"albumtitle": "亲情不断电 2013年春季合集(4)",
		"textContent": ""
	},
	{
		"title": "《小屋》第四集：剧痛 20130105",
		"path": "http://media.febcchinese.org/streaming/up/up130105.mp3",
		"duration": 1760,
		"size": "14.1M",
		"albumName": "亲情不断电 2013年春季合集",
		"id": 6247000005,
		"albumId": 6247,
		"albumtitle": "亲情不断电 2013年春季合集(5)",
		"textContent": ""
	},
	{
		"title": "咱家谁做饭？ 20130106",
		"path": "http://media.febcchinese.org/streaming/up/up130106.mp3",
		"duration": 1760,
		"size": "14.1M",
		"albumName": "亲情不断电 2013年春季合集",
		"id": 6247000006,
		"albumId": 6247,
		"albumtitle": "亲情不断电 2013年春季合集(6)",
		"textContent": ""
	},
	{
		"title": "男不男，女不女（上） 20130107",
		"path": "http://media.febcchinese.org/streaming/up/up130107.mp3",
		"duration": 1760,
		"size": "14.1M",
		"albumName": "亲情不断电 2013年春季合集",
		"id": 6247000007,
		"albumId": 6247,
		"albumtitle": "亲情不断电 2013年春季合集(7)",
		"textContent": ""
	},
	{
		"title": "如何尽意爱神（一）：好思想引导行为 20130108",
		"path": "http://media.febcchinese.org/streaming/up/up130108.mp3",
		"duration": 1760,
		"size": "14.1M",
		"albumName": "亲情不断电 2013年春季合集",
		"id": 6247000008,
		"albumId": 6247,
		"albumtitle": "亲情不断电 2013年春季合集(8)",
		"textContent": ""
	},
	{
		"title": "如何尽意爱神（二）：行出主的旨意 20130109",
		"path": "http://media.febcchinese.org/streaming/up/up130109.mp3",
		"duration": 1760,
		"size": "14.1M",
		"albumName": "亲情不断电 2013年春季合集",
		"id": 6247000009,
		"albumId": 6247,
		"albumtitle": "亲情不断电 2013年春季合集(9)",
		"textContent": ""
	},
	{
		"title": "如何尽意爱神（三）：竭尽全力爱神 20130110",
		"path": "http://media.febcchinese.org/streaming/up/up130110.mp3",
		"duration": 1760,
		"size": "14.1M",
		"albumName": "亲情不断电 2013年春季合集",
		"id": 6247000010,
		"albumId": 6247,
		"albumtitle": "亲情不断电 2013年春季合集(10)",
		"textContent": ""
	},
	{
		"title": "《小屋》第四集：剧痛（二） 20130111",
		"path": "http://media.febcchinese.org/streaming/up/up130111.mp3",
		"duration": 1760,
		"size": "14.1M",
		"albumName": "亲情不断电 2013年春季合集",
		"id": 6247000011,
		"albumId": 6247,
		"albumtitle": "亲情不断电 2013年春季合集(11)",
		"textContent": ""
	},
	{
		"title": "小屋第四集：剧痛（三） 20130112",
		"path": "http://media.febcchinese.org/streaming/up/up130112.mp3",
		"duration": 1760,
		"size": "14.1M",
		"albumName": "亲情不断电 2013年春季合集",
		"id": 6247000012,
		"albumId": 6247,
		"albumtitle": "亲情不断电 2013年春季合集(12)",
		"textContent": ""
	},
	{
		"title": "需要妻管严吗？ 20130113",
		"path": "http://media.febcchinese.org/streaming/up/up130113.mp3",
		"duration": 1760,
		"size": "14.1M",
		"albumName": "亲情不断电 2013年春季合集",
		"id": 6247000013,
		"albumId": 6247,
		"albumtitle": "亲情不断电 2013年春季合集(13)",
		"textContent": ""
	},
	{
		"title": "男不男，女不女（二） 20130114",
		"path": "http://media.febcchinese.org/streaming/up/up130114.mp3",
		"duration": 1760,
		"size": "14.1M",
		"albumName": "亲情不断电 2013年春季合集",
		"id": 6247000014,
		"albumId": 6247,
		"albumtitle": "亲情不断电 2013年春季合集(14)",
		"textContent": ""
	},
	{
		"title": "爱人如己 20130115",
		"path": "http://media.febcchinese.org/streaming/up/up130115.mp3",
		"duration": 1760,
		"size": "14.1M",
		"albumName": "亲情不断电 2013年春季合集",
		"id": 6247000015,
		"albumId": 6247,
		"albumtitle": "亲情不断电 2013年春季合集(15)",
		"textContent": ""
	},
	{
		"title": "活出真爱 20130116",
		"path": "http://media.febcchinese.org/streaming/up/up130116.mp3",
		"duration": 1760,
		"size": "14.1M",
		"albumName": "亲情不断电 2013年春季合集",
		"id": 6247000016,
		"albumId": 6247,
		"albumtitle": "亲情不断电 2013年春季合集(16)",
		"textContent": ""
	},
	{
		"title": "爱里没有惧怕，冒险去爱 20130117",
		"path": "http://media.febcchinese.org/streaming/up/up130117.mp3",
		"duration": 1760,
		"size": "14.1M",
		"albumName": "亲情不断电 2013年春季合集",
		"id": 6247000017,
		"albumId": 6247,
		"albumtitle": "亲情不断电 2013年春季合集(17)",
		"textContent": ""
	},
	{
		"title": "《小屋》第五集：黎明破晓 20130118",
		"path": "http://media.febcchinese.org/streaming/up/up130118.mp3",
		"duration": 1760,
		"size": "14.1M",
		"albumName": "亲情不断电 2013年春季合集",
		"id": 6247000018,
		"albumId": 6247,
		"albumtitle": "亲情不断电 2013年春季合集(18)",
		"textContent": ""
	},
	{
		"title": "亲情回信及《小屋》：黎明破晓（二） 20130119",
		"path": "http://media.febcchinese.org/streaming/up/up130119.mp3",
		"duration": 1760,
		"size": "14.1M",
		"albumName": "亲情不断电 2013年春季合集",
		"id": 6247000019,
		"albumId": 6247,
		"albumtitle": "亲情不断电 2013年春季合集(19)",
		"textContent": ""
	},
	{
		"title": "男人要赢先赢自己！ 20130120",
		"path": "http://media.febcchinese.org/streaming/up/up130120.mp3",
		"duration": 1760,
		"size": "14.1M",
		"albumName": "亲情不断电 2013年春季合集",
		"id": 6247000020,
		"albumId": 6247,
		"albumtitle": "亲情不断电 2013年春季合集(20)",
		"textContent": ""
	},
	{
		"title": "婚姻，主做主！ 20130121",
		"path": "http://media.febcchinese.org/streaming/up/up130121.mp3",
		"duration": 1760,
		"size": "14.1M",
		"albumName": "亲情不断电 2013年春季合集",
		"id": 6247000021,
		"albumId": 6247,
		"albumtitle": "亲情不断电 2013年春季合集(21)",
		"textContent": ""
	},
	{
		"title": "表达你的爱 20130122",
		"path": "http://media.febcchinese.org/streaming/up/up130122.mp3",
		"duration": 1760,
		"size": "14.1M",
		"albumName": "亲情不断电 2013年春季合集",
		"id": 6247000022,
		"albumId": 6247,
		"albumtitle": "亲情不断电 2013年春季合集(22)",
		"textContent": ""
	},
	{
		"title": "和耶稣面对面 20130123",
		"path": "http://media.febcchinese.org/streaming/up/up130123.mp3",
		"duration": 1760,
		"size": "14.1M",
		"albumName": "亲情不断电 2013年春季合集",
		"id": 6247000023,
		"albumId": 6247,
		"albumtitle": "亲情不断电 2013年春季合集(23)",
		"textContent": ""
	},
	{
		"title": "珍爱身边人 20130124",
		"path": "http://media.febcchinese.org/streaming/up/up130124.mp3",
		"duration": 1760,
		"size": "14.1M",
		"albumName": "亲情不断电 2013年春季合集",
		"id": 6247000024,
		"albumId": 6247,
		"albumtitle": "亲情不断电 2013年春季合集(24)",
		"textContent": ""
	},
	{
		"title": "一件旧衣服的价值amp;amp;amp;《小屋》第五集：猜猜谁来晚餐 20130125",
		"path": "http://media.febcchinese.org/streaming/up/up130125.mp3",
		"duration": 1760,
		"size": "14.1M",
		"albumName": "亲情不断电 2013年春季合集",
		"id": 6247000025,
		"albumId": 6247,
		"albumtitle": "亲情不断电 2013年春季合集(25)",
		"textContent": ""
	},
	{
		"title": "为教师代祷 20130126",
		"path": "http://media.febcchinese.org/streaming/up/up130126.mp3",
		"duration": 1760,
		"size": "14.1M",
		"albumName": "亲情不断电 2013年春季合集",
		"id": 6247000026,
		"albumId": 6247,
		"albumtitle": "亲情不断电 2013年春季合集(26)",
		"textContent": ""
	},
	{
		"title": "夫妻争吵了咋办？！ 20130127",
		"path": "http://media.febcchinese.org/streaming/up/up130127.mp3",
		"duration": 1760,
		"size": "14.1M",
		"albumName": "亲情不断电 2013年春季合集",
		"id": 6247000027,
		"albumId": 6247,
		"albumtitle": "亲情不断电 2013年春季合集(27)",
		"textContent": ""
	},
	{
		"title": "爱要冒险 20130128",
		"path": "http://media.febcchinese.org/streaming/up/up130128.mp3",
		"duration": 1760,
		"size": "14.1M",
		"albumName": "亲情不断电 2013年春季合集",
		"id": 6247000028,
		"albumId": 6247,
		"albumtitle": "亲情不断电 2013年春季合集(28)",
		"textContent": ""
	},
	{
		"title": "爱仇敌 20130129",
		"path": "http://media.febcchinese.org/streaming/up/up130129.mp3",
		"duration": 1760,
		"size": "14.1M",
		"albumName": "亲情不断电 2013年春季合集",
		"id": 6247000029,
		"albumId": 6247,
		"albumtitle": "亲情不断电 2013年春季合集(29)",
		"textContent": ""
	},
	{
		"title": "像耶稣那样去爱 20130130",
		"path": "http://media.febcchinese.org/streaming/up/up130130.mp3",
		"duration": 1760,
		"size": "14.1M",
		"albumName": "亲情不断电 2013年春季合集",
		"id": 6247000030,
		"albumId": 6247,
		"albumtitle": "亲情不断电 2013年春季合集(30)",
		"textContent": ""
	},
	{
		"title": "饶恕他人 20130131",
		"path": "http://media.febcchinese.org/streaming/up/up130131.mp3",
		"duration": 1760,
		"size": "14.1M",
		"albumName": "亲情不断电 2013年春季合集",
		"id": 6247000031,
		"albumId": 6247,
		"albumtitle": "亲情不断电 2013年春季合集(31)",
		"textContent": ""
	},
	{
		"title": "《小屋》第五集：猜猜谁来午餐 20130201",
		"path": "http://media.febcchinese.org/streaming/up/up130201.mp3",
		"duration": 1760,
		"size": "14.1M",
		"albumName": "亲情不断电 2013年春季合集",
		"id": 6247000032,
		"albumId": 6247,
		"albumtitle": "亲情不断电 2013年春季合集(32)",
		"textContent": ""
	},
	{
		"title": "小屋奇遇 20130202",
		"path": "http://media.febcchinese.org/streaming/up/up130202.mp3",
		"duration": 1760,
		"size": "14.1M",
		"albumName": "亲情不断电 2013年春季合集",
		"id": 6247000033,
		"albumId": 6247,
		"albumtitle": "亲情不断电 2013年春季合集(33)",
		"textContent": ""
	},
	{
		"title": "诱惑来袭，男人怎么解决？ 20130203",
		"path": "http://media.febcchinese.org/streaming/up/up130203.mp3",
		"duration": 1760,
		"size": "14.1M",
		"albumName": "亲情不断电 2013年春季合集",
		"id": 6247000034,
		"albumId": 6247,
		"albumtitle": "亲情不断电 2013年春季合集(34)",
		"textContent": ""
	},
	{
		"title": "无国界的爱 20130204",
		"path": "http://media.febcchinese.org/streaming/up/up130204.mp3",
		"duration": 1760,
		"size": "14.1M",
		"albumName": "亲情不断电 2013年春季合集",
		"id": 6247000035,
		"albumId": 6247,
		"albumtitle": "亲情不断电 2013年春季合集(35)",
		"textContent": ""
	},
	{
		"title": "命令自己去爱 20130205",
		"path": "http://media.febcchinese.org/streaming/up/up130205.mp3",
		"duration": 1760,
		"size": "14.1M",
		"albumName": "亲情不断电 2013年春季合集",
		"id": 6247000036,
		"albumId": 6247,
		"albumtitle": "亲情不断电 2013年春季合集(36)",
		"textContent": ""
	},
	{
		"title": "排除万难的爱 20130206",
		"path": "http://media.febcchinese.org/streaming/up/up130206.mp3",
		"duration": 1760,
		"size": "14.1M",
		"albumName": "亲情不断电 2013年春季合集",
		"id": 6247000037,
		"albumId": 6247,
		"albumtitle": "亲情不断电 2013年春季合集(37)",
		"textContent": ""
	},
	{
		"title": "坚持爱，不放弃 20130207",
		"path": "http://media.febcchinese.org/streaming/up/up130207.mp3",
		"duration": 1760,
		"size": "14.1M",
		"albumName": "亲情不断电 2013年春季合集",
		"id": 6247000038,
		"albumId": 6247,
		"albumtitle": "亲情不断电 2013年春季合集(38)",
		"textContent": ""
	},
	{
		"title": "小屋：见到“老爹”？ 20130208",
		"path": "http://media.febcchinese.org/streaming/up/up130208.mp3",
		"duration": 1760,
		"size": "14.1M",
		"albumName": "亲情不断电 2013年春季合集",
		"id": 6247000039,
		"albumId": 6247,
		"albumtitle": "亲情不断电 2013年春季合集(39)",
		"textContent": ""
	},
	{
		"title": "文洁心语：纯洁的希望 小屋的故事（18） 20130209",
		"path": "http://media.febcchinese.org/streaming/up/up130209.mp3",
		"duration": 1760,
		"size": "14.1M",
		"albumName": "亲情不断电 2013年春季合集",
		"id": 6247000040,
		"albumId": 6247,
		"albumtitle": "亲情不断电 2013年春季合集(40)",
		"textContent": ""
	},
	{
		"title": "脱离色情捆绑 20130210",
		"path": "http://media.febcchinese.org/streaming/up/up130210.mp3",
		"duration": 1760,
		"size": "14.1M",
		"albumName": "亲情不断电 2013年春季合集",
		"id": 6247000041,
		"albumId": 6247,
		"albumtitle": "亲情不断电 2013年春季合集(41)",
		"textContent": ""
	},
	{
		"title": "麦子宣教士的故事（一）：寻找服侍的村子 20130211",
		"path": "http://media.febcchinese.org/streaming/up/up130211.mp3",
		"duration": 1760,
		"size": "14.1M",
		"albumName": "亲情不断电 2013年春季合集",
		"id": 6247000042,
		"albumId": 6247,
		"albumtitle": "亲情不断电 2013年春季合集(42)",
		"textContent": ""
	},
	{
		"title": "麦子宣教士的故事（二）：传播福音 20130212",
		"path": "http://media.febcchinese.org/streaming/up/up130212.mp3",
		"duration": 1760,
		"size": "14.1M",
		"albumName": "亲情不断电 2013年春季合集",
		"id": 6247000043,
		"albumId": 6247,
		"albumtitle": "亲情不断电 2013年春季合集(43)",
		"textContent": ""
	},
	{
		"title": "麦子宣教士的故事（三）：见证福音 20130213",
		"path": "http://media.febcchinese.org/streaming/up/up130213.mp3",
		"duration": 1760,
		"size": "14.1M",
		"albumName": "亲情不断电 2013年春季合集",
		"id": 6247000044,
		"albumId": 6247,
		"albumtitle": "亲情不断电 2013年春季合集(44)",
		"textContent": ""
	},
	{
		"title": "麦子宣教士的故事（四）：教养孩童 20130214",
		"path": "http://media.febcchinese.org/streaming/up/up130214.mp3",
		"duration": 1760,
		"size": "14.1M",
		"albumName": "亲情不断电 2013年春季合集",
		"id": 6247000045,
		"albumId": 6247,
		"albumtitle": "亲情不断电 2013年春季合集(45)",
		"textContent": ""
	},
	{
		"title": "小屋：与老爹面对面 20130215",
		"path": "http://media.febcchinese.org/streaming/up/up130215.mp3",
		"duration": 1760,
		"size": "14.1M",
		"albumName": "亲情不断电 2013年春季合集",
		"id": 6247000046,
		"albumId": 6247,
		"albumtitle": "亲情不断电 2013年春季合集(46)",
		"textContent": ""
	},
	{
		"title": "亲情走走看&小屋：给你我的爱 20130216",
		"path": "http://media.febcchinese.org/streaming/up/up130216.mp3",
		"duration": 1760,
		"size": "14.1M",
		"albumName": "亲情不断电 2013年春季合集",
		"id": 6247000047,
		"albumId": 6247,
		"albumtitle": "亲情不断电 2013年春季合集(47)",
		"textContent": ""
	},
	{
		"title": "一个男人和两个女人 20130217",
		"path": "http://media.febcchinese.org/streaming/up/up130217.mp3",
		"duration": 1760,
		"size": "14.1M",
		"albumName": "亲情不断电 2013年春季合集",
		"id": 6247000048,
		"albumId": 6247,
		"albumtitle": "亲情不断电 2013年春季合集(48)",
		"textContent": ""
	},
	{
		"title": "这一生最美的祝福 20130218",
		"path": "http://media.febcchinese.org/streaming/up/up130218.mp3",
		"duration": 1760,
		"size": "14.1M",
		"albumName": "亲情不断电 2013年春季合集",
		"id": 6247000049,
		"albumId": 6247,
		"albumtitle": "亲情不断电 2013年春季合集(49)",
		"textContent": ""
	},
	{
		"title": "更新旧关系，赢得新关系 20130219",
		"path": "http://media.febcchinese.org/streaming/up/up130219.mp3",
		"duration": 1760,
		"size": "14.1M",
		"albumName": "亲情不断电 2013年春季合集",
		"id": 6247000050,
		"albumId": 6247,
		"albumtitle": "亲情不断电 2013年春季合集(50)",
		"textContent": ""
	},
	{
		"title": "保鲜新关系 20130220",
		"path": "http://media.febcchinese.org/streaming/up/up130220.mp3",
		"duration": 1760,
		"size": "14.1M",
		"albumName": "亲情不断电 2013年春季合集",
		"id": 6247000051,
		"albumId": 6247,
		"albumtitle": "亲情不断电 2013年春季合集(51)",
		"textContent": ""
	},
	{
		"title": "选择合宜的生活方式 20130221",
		"path": "http://media.febcchinese.org/streaming/up/up130221.mp3",
		"duration": 1760,
		"size": "14.1M",
		"albumName": "亲情不断电 2013年春季合集",
		"id": 6247000052,
		"albumId": 6247,
		"albumtitle": "亲情不断电 2013年春季合集(52)",
		"textContent": ""
	},
	{
		"title": "爱是永不止息 《小屋》：深入交谈 20130222",
		"path": "http://media.febcchinese.org/streaming/up/up130222.mp3",
		"duration": 1760,
		"size": "14.1M",
		"albumName": "亲情不断电 2013年春季合集",
		"id": 6247000053,
		"albumId": 6247,
		"albumtitle": "亲情不断电 2013年春季合集(53)",
		"textContent": ""
	},
	{
		"title": "文洁按摩 小屋 20130223",
		"path": "http://media.febcchinese.org/streaming/up/up130223.mp3",
		"duration": 1760,
		"size": "14.1M",
		"albumName": "亲情不断电 2013年春季合集",
		"id": 6247000054,
		"albumId": 6247,
		"albumtitle": "亲情不断电 2013年春季合集(54)",
		"textContent": ""
	},
	{
		"title": "男人的幸福感 20130224",
		"path": "http://media.febcchinese.org/streaming/up/up130224.mp3",
		"duration": 1760,
		"size": "14.1M",
		"albumName": "亲情不断电 2013年春季合集",
		"id": 6247000055,
		"albumId": 6247,
		"albumtitle": "亲情不断电 2013年春季合集(55)",
		"textContent": ""
	},
	{
		"title": "施比受更有福，像孩子一样的信仰 20130225",
		"path": "http://media.febcchinese.org/streaming/up/up130225.mp3",
		"duration": 1760,
		"size": "14.1M",
		"albumName": "亲情不断电 2013年春季合集",
		"id": 6247000056,
		"albumId": 6247,
		"albumtitle": "亲情不断电 2013年春季合集(56)",
		"textContent": ""
	},
	{
		"title": "掌控感觉 20130226",
		"path": "http://media.febcchinese.org/streaming/up/up130226.mp3",
		"duration": 1760,
		"size": "14.1M",
		"albumName": "亲情不断电 2013年春季合集",
		"id": 6247000057,
		"albumId": 6247,
		"albumtitle": "亲情不断电 2013年春季合集(57)",
		"textContent": ""
	},
	{
		"title": "耶稣的感觉 20130227",
		"path": "http://media.febcchinese.org/streaming/up/up130227.mp3",
		"duration": 1760,
		"size": "14.1M",
		"albumName": "亲情不断电 2013年春季合集",
		"id": 6247000058,
		"albumId": 6247,
		"albumtitle": "亲情不断电 2013年春季合集(58)",
		"textContent": ""
	},
	{
		"title": "感觉的种类 20130228",
		"path": "http://media.febcchinese.org/streaming/up/up130228.mp3",
		"duration": 1760,
		"size": "14.1M",
		"albumName": "亲情不断电 2013年春季合集",
		"id": 6247000059,
		"albumId": 6247,
		"albumtitle": "亲情不断电 2013年春季合集(59)",
		"textContent": ""
	},
	{
		"title": "《小屋》：探索奥妙 20130301",
		"path": "http://media.febcchinese.org/streaming/up/up130301.mp3",
		"duration": 1760,
		"size": "14.1M",
		"albumName": "亲情不断电 2013年春季合集",
		"id": 6247000060,
		"albumId": 6247,
		"albumtitle": "亲情不断电 2013年春季合集(60)",
		"textContent": ""
	},
	{
		"title": "“唯一”来信;小屋：优胜者的早餐 20130302",
		"path": "http://media.febcchinese.org/streaming/up/up130302.mp3",
		"duration": 1760,
		"size": "14.1M",
		"albumName": "亲情不断电 2013年春季合集",
		"id": 6247000061,
		"albumId": 6247,
		"albumtitle": "亲情不断电 2013年春季合集(61)",
		"textContent": ""
	},
	{
		"title": "男人的软弱 20130303",
		"path": "http://media.febcchinese.org/streaming/up/up130303.mp3",
		"duration": 1760,
		"size": "14.1M",
		"albumName": "亲情不断电 2013年春季合集",
		"id": 6247000062,
		"albumId": 6247,
		"albumtitle": "亲情不断电 2013年春季合集(62)",
		"textContent": ""
	},
	{
		"title": "树树带你游大英博物馆 20130304",
		"path": "http://media.febcchinese.org/streaming/up/up130304.mp3",
		"duration": 1760,
		"size": "14.1M",
		"albumName": "亲情不断电 2013年春季合集",
		"id": 6247000063,
		"albumId": 6247,
		"albumtitle": "亲情不断电 2013年春季合集(63)",
		"textContent": ""
	},
	{
		"title": "不能隐藏的感觉 20130305",
		"path": "http://media.febcchinese.org/streaming/up/up130305.mp3",
		"duration": 1760,
		"size": "14.1M",
		"albumName": "亲情不断电 2013年春季合集",
		"id": 6247000064,
		"albumId": 6247,
		"albumtitle": "亲情不断电 2013年春季合集(64)",
		"textContent": ""
	},
	{
		"title": "情绪的包袱 20130306",
		"path": "http://media.febcchinese.org/streaming/up/up130306.mp3",
		"duration": 1760,
		"size": "14.1M",
		"albumName": "亲情不断电 2013年春季合集",
		"id": 6247000065,
		"albumId": 6247,
		"albumtitle": "亲情不断电 2013年春季合集(65)",
		"textContent": ""
	},
	{
		"title": "舍弃婚外情 20130307",
		"path": "http://media.febcchinese.org/streaming/up/up130307.mp3",
		"duration": 1760,
		"size": "14.1M",
		"albumName": "亲情不断电 2013年春季合集",
		"id": 6247000066,
		"albumId": 6247,
		"albumtitle": "亲情不断电 2013年春季合集(66)",
		"textContent": ""
	},
	{
		"title": "《小屋》：上帝与人？！ 20130308",
		"path": "http://media.febcchinese.org/streaming/up/up130308.mp3",
		"duration": 1760,
		"size": "14.1M",
		"albumName": "亲情不断电 2013年春季合集",
		"id": 6247000067,
		"albumId": 6247,
		"albumtitle": "亲情不断电 2013年春季合集(67)",
		"textContent": ""
	},
	{
		"title": "勇敢做自己; 小屋：上帝的救赎 20130309",
		"path": "http://media.febcchinese.org/streaming/up/up130309.mp3",
		"duration": 1760,
		"size": "14.1M",
		"albumName": "亲情不断电 2013年春季合集",
		"id": 6247000068,
		"albumId": 6247,
		"albumtitle": "亲情不断电 2013年春季合集(68)",
		"textContent": ""
	},
	{
		"title": "男人的温柔 20130310",
		"path": "http://media.febcchinese.org/streaming/up/up130310.mp3",
		"duration": 1760,
		"size": "14.1M",
		"albumName": "亲情不断电 2013年春季合集",
		"id": 6247000069,
		"albumId": 6247,
		"albumtitle": "亲情不断电 2013年春季合集(69)",
		"textContent": ""
	},
	{
		"title": "树树带你游大英博物馆（二） 20130311",
		"path": "http://media.febcchinese.org/streaming/up/up130311.mp3",
		"duration": 1760,
		"size": "14.1M",
		"albumName": "亲情不断电 2013年春季合集",
		"id": 6247000070,
		"albumId": 6247,
		"albumtitle": "亲情不断电 2013年春季合集(70)",
		"textContent": ""
	},
	{
		"title": "像耶稣那样去爱 20130312",
		"path": "http://media.febcchinese.org/streaming/up/up130312.mp3",
		"duration": 1760,
		"size": "14.1M",
		"albumName": "亲情不断电 2013年春季合集",
		"id": 6247000071,
		"albumId": 6247,
		"albumtitle": "亲情不断电 2013年春季合集(71)",
		"textContent": ""
	},
	{
		"title": "谁是最好的心理医生？ 20130313",
		"path": "http://media.febcchinese.org/streaming/up/up130313.mp3",
		"duration": 1760,
		"size": "14.1M",
		"albumName": "亲情不断电 2013年春季合集",
		"id": 6247000072,
		"albumId": 6247,
		"albumtitle": "亲情不断电 2013年春季合集(72)",
		"textContent": ""
	},
	{
		"title": "学会饶恕 20130314",
		"path": "http://media.febcchinese.org/streaming/up/up130314.mp3",
		"duration": 1760,
		"size": "14.1M",
		"albumName": "亲情不断电 2013年春季合集",
		"id": 6247000073,
		"albumId": 6247,
		"albumtitle": "亲情不断电 2013年春季合集(73)",
		"textContent": ""
	},
	{
		"title": "小屋：花园劳作 20130315",
		"path": "http://media.febcchinese.org/streaming/up/up130315.mp3",
		"duration": 1760,
		"size": "14.1M",
		"albumName": "亲情不断电 2013年春季合集",
		"id": 6247000074,
		"albumId": 6247,
		"albumtitle": "亲情不断电 2013年春季合集(74)",
		"textContent": ""
	},
	{
		"title": "小屋：心灵的花园 20130316",
		"path": "http://media.febcchinese.org/streaming/up/up130316.mp3",
		"duration": 1760,
		"size": "14.1M",
		"albumName": "亲情不断电 2013年春季合集",
		"id": 6247000075,
		"albumId": 6247,
		"albumtitle": "亲情不断电 2013年春季合集(75)",
		"textContent": ""
	},
	{
		"title": "勇敢表达爱的语言 20130317",
		"path": "http://media.febcchinese.org/streaming/up/up130317.mp3",
		"duration": 1760,
		"size": "14.1M",
		"albumName": "亲情不断电 2013年春季合集",
		"id": 6247000076,
		"albumId": 6247,
		"albumtitle": "亲情不断电 2013年春季合集(76)",
		"textContent": ""
	},
	{
		"title": "树树带你游英国图书馆 20130318",
		"path": "http://media.febcchinese.org/streaming/up/up130318.mp3",
		"duration": 1760,
		"size": "14.1M",
		"albumName": "亲情不断电 2013年春季合集",
		"id": 6247000077,
		"albumId": 6247,
		"albumtitle": "亲情不断电 2013年春季合集(77)",
		"textContent": ""
	},
	{
		"title": "聆听的耳朵 20130319",
		"path": "http://media.febcchinese.org/streaming/up/up130319.mp3",
		"duration": 1760,
		"size": "14.1M",
		"albumName": "亲情不断电 2013年春季合集",
		"id": 6247000078,
		"albumId": 6247,
		"albumtitle": "亲情不断电 2013年春季合集(78)",
		"textContent": ""
	},
	{
		"title": "决意牺牲 20130320",
		"path": "http://media.febcchinese.org/streaming/up/up130320.mp3",
		"duration": 1760,
		"size": "14.1M",
		"albumName": "亲情不断电 2013年春季合集",
		"id": 6247000079,
		"albumId": 6247,
		"albumtitle": "亲情不断电 2013年春季合集(79)",
		"textContent": ""
	},
	{
		"title": "心保健操 20130321",
		"path": "http://media.febcchinese.org/streaming/up/up130321.mp3",
		"duration": 1760,
		"size": "14.1M",
		"albumName": "亲情不断电 2013年春季合集",
		"id": 6247000080,
		"albumId": 6247,
		"albumtitle": "亲情不断电 2013年春季合集(80)",
		"textContent": ""
	},
	{
		"title": "小屋：摆脱恐惧进光明 20130322",
		"path": "http://media.febcchinese.org/streaming/up/up130322.mp3",
		"duration": 1760,
		"size": "14.1M",
		"albumName": "亲情不断电 2013年春季合集",
		"id": 6247000081,
		"albumId": 6247,
		"albumtitle": "亲情不断电 2013年春季合集(81)",
		"textContent": ""
	},
	{
		"title": "小屋：女人存在的目的 20130323",
		"path": "http://media.febcchinese.org/streaming/up/up130323.mp3",
		"duration": 1760,
		"size": "14.1M",
		"albumName": "亲情不断电 2013年春季合集",
		"id": 6247000082,
		"albumId": 6247,
		"albumtitle": "亲情不断电 2013年春季合集(82)",
		"textContent": ""
	},
	{
		"title": "男人的信仰 20130324",
		"path": "http://media.febcchinese.org/streaming/up/up130324.mp3",
		"duration": 1760,
		"size": "14.1M",
		"albumName": "亲情不断电 2013年春季合集",
		"id": 6247000083,
		"albumId": 6247,
		"albumtitle": "亲情不断电 2013年春季合集(83)",
		"textContent": ""
	},
	{
		"title": "科学博物馆里的新发现 20130325",
		"path": "http://media.febcchinese.org/streaming/up/up130325.mp3",
		"duration": 1760,
		"size": "14.1M",
		"albumName": "亲情不断电 2013年春季合集",
		"id": 6247000084,
		"albumId": 6247,
		"albumtitle": "亲情不断电 2013年春季合集(84)",
		"textContent": ""
	},
	{
		"title": "沟通是混乱的过程？ 20130326",
		"path": "http://media.febcchinese.org/streaming/up/up130326.mp3",
		"duration": 1760,
		"size": "14.1M",
		"albumName": "亲情不断电 2013年春季合集",
		"id": 6247000085,
		"albumId": 6247,
		"albumtitle": "亲情不断电 2013年春季合集(85)",
		"textContent": ""
	},
	{
		"title": "亲情需要沟通 20130327",
		"path": "http://media.febcchinese.org/streaming/up/up130327.mp3",
		"duration": 1760,
		"size": "14.1M",
		"albumName": "亲情不断电 2013年春季合集",
		"id": 6247000086,
		"albumId": 6247,
		"albumtitle": "亲情不断电 2013年春季合集(86)",
		"textContent": ""
	},
	{
		"title": "不能有秘密 20130328",
		"path": "http://media.febcchinese.org/streaming/up/up130328.mp3",
		"duration": 1760,
		"size": "14.1M",
		"albumName": "亲情不断电 2013年春季合集",
		"id": 6247000087,
		"albumId": 6247,
		"albumtitle": "亲情不断电 2013年春季合集(87)",
		"textContent": ""
	},
	{
		"title": "小屋：大法官来了 20130329",
		"path": "http://media.febcchinese.org/streaming/up/up130329.mp3",
		"duration": 1760,
		"size": "14.1M",
		"albumName": "亲情不断电 2013年春季合集",
		"id": 6247000088,
		"albumId": 6247,
		"albumtitle": "亲情不断电 2013年春季合集(88)",
		"textContent": ""
	},
	{
		"title": "小屋：随意审判他人？ 20130330",
		"path": "http://media.febcchinese.org/streaming/up/up130330.mp3",
		"duration": 1760,
		"size": "14.1M",
		"albumName": "亲情不断电 2013年春季合集",
		"id": 6247000089,
		"albumId": 6247,
		"albumtitle": "亲情不断电 2013年春季合集(89)",
		"textContent": ""
	},
	{
		"title": "男人的幸福感 20130331",
		"path": "http://media.febcchinese.org/streaming/up/up130331.mp3",
		"duration": 1760,
		"size": "14.1M",
		"albumName": "亲情不断电 2013年春季合集",
		"id": 6247000090,
		"albumId": 6247,
		"albumtitle": "亲情不断电 2013年春季合集(90)",
		"textContent": ""
	}
]