[
	{
		"title": "造就孩子六要素（一）：忍耐 20150101",
		"path": "http://media.febcchinese.org/streaming/up/up150101.mp3",
		"duration": 1760,
		"size": "14.1M",
		"albumName": "亲情不断电 2015年春季合集",
		"id": 6255000001,
		"albumId": 6255,
		"albumtitle": "亲情不断电 2015年春季合集(1)",
		"textContent": ""
	},
	{
		"title": "造就孩子六要素（二）：怎样赞赏孩子 20150102",
		"path": "http://media.febcchinese.org/streaming/up/up150102.mp3",
		"duration": 1760,
		"size": "14.1M",
		"albumName": "亲情不断电 2015年春季合集",
		"id": 6255000002,
		"albumId": 6255,
		"albumtitle": "亲情不断电 2015年春季合集(2)",
		"textContent": ""
	},
	{
		"title": "原生家庭的影响（七）孩子空窗期 20150105",
		"path": "http://media.febcchinese.org/streaming/up/up150105.mp3",
		"duration": 1760,
		"size": "14.1M",
		"albumName": "亲情不断电 2015年春季合集",
		"id": 6255000003,
		"albumId": 6255,
		"albumtitle": "亲情不断电 2015年春季合集(3)",
		"textContent": ""
	},
	{
		"title": "原生家庭的影响（八）空巢期 20150106",
		"path": "http://media.febcchinese.org/streaming/up/up150106.mp3",
		"duration": 1760,
		"size": "14.1M",
		"albumName": "亲情不断电 2015年春季合集",
		"id": 6255000004,
		"albumId": 6255,
		"albumtitle": "亲情不断电 2015年春季合集(4)",
		"textContent": ""
	},
	{
		"title": "原生家庭的影响（九）家庭规则 20150107",
		"path": "http://media.febcchinese.org/streaming/up/up150107.mp3",
		"duration": 1760,
		"size": "14.1M",
		"albumName": "亲情不断电 2015年春季合集",
		"id": 6255000005,
		"albumId": 6255,
		"albumtitle": "亲情不断电 2015年春季合集(5)",
		"textContent": ""
	},
	{
		"title": "造就孩子六要素（三）：花时间关爱孩子 20150108",
		"path": "http://media.febcchinese.org/streaming/up/up150108.mp3",
		"duration": 1760,
		"size": "14.1M",
		"albumName": "亲情不断电 2015年春季合集",
		"id": 6255000006,
		"albumId": 6255,
		"albumtitle": "亲情不断电 2015年春季合集(6)",
		"textContent": ""
	},
	{
		"title": "造就孩子六要素（四）：责任和管教 20150109",
		"path": "http://media.febcchinese.org/streaming/up/up150109.mp3",
		"duration": 1760,
		"size": "14.1M",
		"albumName": "亲情不断电 2015年春季合集",
		"id": 6255000007,
		"albumId": 6255,
		"albumtitle": "亲情不断电 2015年春季合集(7)",
		"textContent": ""
	},
	{
		"title": "原生家庭的影响（十）：追溯故事 20150112",
		"path": "http://media.febcchinese.org/streaming/up/up150112.mp3",
		"duration": 1760,
		"size": "14.1M",
		"albumName": "亲情不断电 2015年春季合集",
		"id": 6255000008,
		"albumId": 6255,
		"albumtitle": "亲情不断电 2015年春季合集(8)",
		"textContent": ""
	},
	{
		"title": "原生家庭的影响（十一）：了解他的内在 20150113",
		"path": "http://media.febcchinese.org/streaming/up/up150113.mp3",
		"duration": 1760,
		"size": "14.1M",
		"albumName": "亲情不断电 2015年春季合集",
		"id": 6255000009,
		"albumId": 6255,
		"albumtitle": "亲情不断电 2015年春季合集(9)",
		"textContent": ""
	},
	{
		"title": "原生家庭对我们的影响（十二）：家庭排行也有影响 20150114",
		"path": "http://media.febcchinese.org/streaming/up/up150114.mp3",
		"duration": 1760,
		"size": "14.1M",
		"albumName": "亲情不断电 2015年春季合集",
		"id": 6255000010,
		"albumId": 6255,
		"albumtitle": "亲情不断电 2015年春季合集(10)",
		"textContent": ""
	},
	{
		"title": "造就孩子六要素（五）：父亲的权威 20150115",
		"path": "http://media.febcchinese.org/streaming/up/up150115.mp3",
		"duration": 1760,
		"size": "14.1M",
		"albumName": "亲情不断电 2015年春季合集",
		"id": 6255000011,
		"albumId": 6255,
		"albumtitle": "亲情不断电 2015年春季合集(11)",
		"textContent": ""
	},
	{
		"title": "洋媳妇的教育方法令中国婆婆大开眼界 20150116",
		"path": "http://media.febcchinese.org/streaming/up/up150116.mp3",
		"duration": 1760,
		"size": "14.1M",
		"albumName": "亲情不断电 2015年春季合集",
		"id": 6255000012,
		"albumId": 6255,
		"albumtitle": "亲情不断电 2015年春季合集(12)",
		"textContent": ""
	},
	{
		"title": "原生家庭的影响(十三):不同的沟通方式 20150119",
		"path": "http://media.febcchinese.org/streaming/up/up150119.mp3",
		"duration": 1760,
		"size": "14.1M",
		"albumName": "亲情不断电 2015年春季合集",
		"id": 6255000013,
		"albumId": 6255,
		"albumtitle": "亲情不断电 2015年春季合集(13)",
		"textContent": ""
	},
	{
		"title": "原生家庭的影响（十四）：你是怎样的沟通类型？ 20150120",
		"path": "http://media.febcchinese.org/streaming/up/up150120.mp3",
		"duration": 1760,
		"size": "14.1M",
		"albumName": "亲情不断电 2015年春季合集",
		"id": 6255000014,
		"albumId": 6255,
		"albumtitle": "亲情不断电 2015年春季合集(14)",
		"textContent": ""
	},
	{
		"title": "原生家庭对我们的影响（十五）：多听少说 20150121",
		"path": "http://media.febcchinese.org/streaming/up/up150121.mp3",
		"duration": 1760,
		"size": "14.1M",
		"albumName": "亲情不断电 2015年春季合集",
		"id": 6255000015,
		"albumId": 6255,
		"albumtitle": "亲情不断电 2015年春季合集(15)",
		"textContent": ""
	},
	{
		"title": "这样打开孩子的话匣子 20150122",
		"path": "http://media.febcchinese.org/streaming/up/up150122.mp3",
		"duration": 1760,
		"size": "14.1M",
		"albumName": "亲情不断电 2015年春季合集",
		"id": 6255000016,
		"albumId": 6255,
		"albumtitle": "亲情不断电 2015年春季合集(16)",
		"textContent": ""
	},
	{
		"title": "从白痴变成天才 20150123",
		"path": "http://media.febcchinese.org/streaming/up/up150123.mp3",
		"duration": 1760,
		"size": "14.1M",
		"albumName": "亲情不断电 2015年春季合集",
		"id": 6255000017,
		"albumId": 6255,
		"albumtitle": "亲情不断电 2015年春季合集(17)",
		"textContent": ""
	},
	{
		"title": "原生家庭对我们的影响（十六）：倾听与表达 20150126",
		"path": "http://media.febcchinese.org/streaming/up/up150126.mp3",
		"duration": 1760,
		"size": "14.1M",
		"albumName": "亲情不断电 2015年春季合集",
		"id": 6255000018,
		"albumId": 6255,
		"albumtitle": "亲情不断电 2015年春季合集(18)",
		"textContent": ""
	},
	{
		"title": "原生家庭对我们的影响（十七）：理清界限 20150127",
		"path": "http://media.febcchinese.org/streaming/up/up150127.mp3",
		"duration": 1760,
		"size": "14.1M",
		"albumName": "亲情不断电 2015年春季合集",
		"id": 6255000019,
		"albumId": 6255,
		"albumtitle": "亲情不断电 2015年春季合集(19)",
		"textContent": ""
	},
	{
		"title": "原生家庭的影响（十八）心理界限 20150128",
		"path": "http://media.febcchinese.org/streaming/up/up150128.mp3",
		"duration": 1760,
		"size": "14.1M",
		"albumName": "亲情不断电 2015年春季合集",
		"id": 6255000020,
		"albumId": 6255,
		"albumtitle": "亲情不断电 2015年春季合集(20)",
		"textContent": ""
	},
	{
		"title": "罪与爱 20150129",
		"path": "http://media.febcchinese.org/streaming/up/up150129.mp3",
		"duration": 1760,
		"size": "14.1M",
		"albumName": "亲情不断电 2015年春季合集",
		"id": 6255000021,
		"albumId": 6255,
		"albumtitle": "亲情不断电 2015年春季合集(21)",
		"textContent": ""
	},
	{
		"title": "避免孩子成为啃老族 20150130",
		"path": "http://media.febcchinese.org/streaming/up/up150130.mp3",
		"duration": 1760,
		"size": "14.1M",
		"albumName": "亲情不断电 2015年春季合集",
		"id": 6255000022,
		"albumId": 6255,
		"albumtitle": "亲情不断电 2015年春季合集(22)",
		"textContent": ""
	},
	{
		"title": "原生家庭的影响（十九）：建立界限 20150202",
		"path": "http://media.febcchinese.org/streaming/up/up150202.mp3",
		"duration": 1760,
		"size": "14.1M",
		"albumName": "亲情不断电 2015年春季合集",
		"id": 6255000023,
		"albumId": 6255,
		"albumtitle": "亲情不断电 2015年春季合集(23)",
		"textContent": ""
	},
	{
		"title": "原生家庭的影响（二十）：家庭重塑 20150203",
		"path": "http://media.febcchinese.org/streaming/up/up150203.mp3",
		"duration": 1760,
		"size": "14.1M",
		"albumName": "亲情不断电 2015年春季合集",
		"id": 6255000024,
		"albumId": 6255,
		"albumtitle": "亲情不断电 2015年春季合集(24)",
		"textContent": ""
	},
	{
		"title": "原生家庭的影响（二十一）：调整到平衡 20150204",
		"path": "http://media.febcchinese.org/streaming/up/up150204.mp3",
		"duration": 1760,
		"size": "14.1M",
		"albumName": "亲情不断电 2015年春季合集",
		"id": 6255000025,
		"albumId": 6255,
		"albumtitle": "亲情不断电 2015年春季合集(25)",
		"textContent": ""
	},
	{
		"title": "一封改变孩子一辈子的信 20150205",
		"path": "http://media.febcchinese.org/streaming/up/up150205.mp3",
		"duration": 1760,
		"size": "14.1M",
		"albumName": "亲情不断电 2015年春季合集",
		"id": 6255000026,
		"albumId": 6255,
		"albumtitle": "亲情不断电 2015年春季合集(26)",
		"textContent": ""
	},
	{
		"title": "有话好好说 20150206",
		"path": "http://media.febcchinese.org/streaming/up/up150206.mp3",
		"duration": 1760,
		"size": "14.1M",
		"albumName": "亲情不断电 2015年春季合集",
		"id": 6255000027,
		"albumId": 6255,
		"albumtitle": "亲情不断电 2015年春季合集(27)",
		"textContent": ""
	},
	{
		"title": "原生家庭的影响（二十二）：调整和医治 20150209",
		"path": "http://media.febcchinese.org/streaming/up/up150209.mp3",
		"duration": 1760,
		"size": "14.1M",
		"albumName": "亲情不断电 2015年春季合集",
		"id": 6255000028,
		"albumId": 6255,
		"albumtitle": "亲情不断电 2015年春季合集(28)",
		"textContent": ""
	},
	{
		"title": "原生家庭的影响（二十三）：闪婚一族的烦恼 20150210",
		"path": "http://media.febcchinese.org/streaming/up/up150210.mp3",
		"duration": 1760,
		"size": "14.1M",
		"albumName": "亲情不断电 2015年春季合集",
		"id": 6255000029,
		"albumId": 6255,
		"albumtitle": "亲情不断电 2015年春季合集(29)",
		"textContent": ""
	},
	{
		"title": "原生家庭对我们的影响（二十四）：对生命负责 20150211",
		"path": "http://media.febcchinese.org/streaming/up/up150211.mp3",
		"duration": 1760,
		"size": "14.1M",
		"albumName": "亲情不断电 2015年春季合集",
		"id": 6255000030,
		"albumId": 6255,
		"albumtitle": "亲情不断电 2015年春季合集(30)",
		"textContent": ""
	},
	{
		"title": "家庭怎样性教育 20150212",
		"path": "http://media.febcchinese.org/streaming/up/up150212.mp3",
		"duration": 1760,
		"size": "14.1M",
		"albumName": "亲情不断电 2015年春季合集",
		"id": 6255000031,
		"albumId": 6255,
		"albumtitle": "亲情不断电 2015年春季合集(31)",
		"textContent": ""
	},
	{
		"title": "情人节的由来 20150213",
		"path": "http://media.febcchinese.org/streaming/up/up150213.mp3",
		"duration": 1760,
		"size": "14.1M",
		"albumName": "亲情不断电 2015年春季合集",
		"id": 6255000032,
		"albumId": 6255,
		"albumtitle": "亲情不断电 2015年春季合集(32)",
		"textContent": ""
	},
	{
		"title": "新春送八福（一）：虚心的人有福了 20150216",
		"path": "http://media.febcchinese.org/streaming/up/up150216.mp3",
		"duration": 1760,
		"size": "14.1M",
		"albumName": "亲情不断电 2015年春季合集",
		"id": 6255000033,
		"albumId": 6255,
		"albumtitle": "亲情不断电 2015年春季合集(33)",
		"textContent": ""
	},
	{
		"title": "新春送八福（二）：哀恸的人有福了，因为他们必得安慰 20150217",
		"path": "http://media.febcchinese.org/streaming/up/up150217.mp3",
		"duration": 1760,
		"size": "14.1M",
		"albumName": "亲情不断电 2015年春季合集",
		"id": 6255000034,
		"albumId": 6255,
		"albumtitle": "亲情不断电 2015年春季合集(34)",
		"textContent": ""
	},
	{
		"title": "新春送八福（三）：使人和睦的人有福了 20150218",
		"path": "http://media.febcchinese.org/streaming/up/up150218.mp3",
		"duration": 1760,
		"size": "14.1M",
		"albumName": "亲情不断电 2015年春季合集",
		"id": 6255000035,
		"albumId": 6255,
		"albumtitle": "亲情不断电 2015年春季合集(35)",
		"textContent": ""
	},
	{
		"title": "新春送八福（四）：温柔的人有福了，因为他们必承受地土 20150219",
		"path": "http://media.febcchinese.org/streaming/up/up150219.mp3",
		"duration": 1760,
		"size": "14.1M",
		"albumName": "亲情不断电 2015年春季合集",
		"id": 6255000036,
		"albumId": 6255,
		"albumtitle": "亲情不断电 2015年春季合集(36)",
		"textContent": ""
	},
	{
		"title": "新春送八福（五）：饥渴慕义的人有福了，因为他们必得饱足 20150220",
		"path": "http://media.febcchinese.org/streaming/up/up150220.mp3",
		"duration": 1760,
		"size": "14.1M",
		"albumName": "亲情不断电 2015年春季合集",
		"id": 6255000037,
		"albumId": 6255,
		"albumtitle": "亲情不断电 2015年春季合集(37)",
		"textContent": ""
	},
	{
		"title": "新春送八福（六）：饥渴慕义的人有福了——太监受洗 20150223",
		"path": "http://media.febcchinese.org/streaming/up/up150223.mp3",
		"duration": 1760,
		"size": "14.1M",
		"albumName": "亲情不断电 2015年春季合集",
		"id": 6255000038,
		"albumId": 6255,
		"albumtitle": "亲情不断电 2015年春季合集(38)",
		"textContent": ""
	},
	{
		"title": "新春送八福(七)：怜恤人的人有福了，因为他们必蒙怜恤 20150224",
		"path": "http://media.febcchinese.org/streaming/up/up150224.mp3",
		"duration": 1760,
		"size": "14.1M",
		"albumName": "亲情不断电 2015年春季合集",
		"id": 6255000039,
		"albumId": 6255,
		"albumtitle": "亲情不断电 2015年春季合集(39)",
		"textContent": ""
	},
	{
		"title": "新春送八福（八）：清心的人有福了，因为他们必得见神 20150225",
		"path": "http://media.febcchinese.org/streaming/up/up150225.mp3",
		"duration": 1760,
		"size": "14.1M",
		"albumName": "亲情不断电 2015年春季合集",
		"id": 6255000040,
		"albumId": 6255,
		"albumtitle": "亲情不断电 2015年春季合集(40)",
		"textContent": ""
	},
	{
		"title": "新春送八福（九）：使人和睦的人有福了，因为他们必称为神的儿子 20150226",
		"path": "http://media.febcchinese.org/streaming/up/up150226.mp3",
		"duration": 1760,
		"size": "14.1M",
		"albumName": "亲情不断电 2015年春季合集",
		"id": 6255000041,
		"albumId": 6255,
		"albumtitle": "亲情不断电 2015年春季合集(41)",
		"textContent": ""
	},
	{
		"title": "新春送八福（十）：大卫和约拿单的誓言 20150227",
		"path": "http://media.febcchinese.org/streaming/up/up150227.mp3",
		"duration": 1760,
		"size": "14.1M",
		"albumName": "亲情不断电 2015年春季合集",
		"id": 6255000042,
		"albumId": 6255,
		"albumtitle": "亲情不断电 2015年春季合集(42)",
		"textContent": ""
	},
	{
		"title": "新春送八福（十一）为义受逼迫的人有福了 20150302",
		"path": "http://media.febcchinese.org/streaming/up/up150302.mp3",
		"duration": 1760,
		"size": "14.1M",
		"albumName": "亲情不断电 2015年春季合集",
		"id": 6255000043,
		"albumId": 6255,
		"albumtitle": "亲情不断电 2015年春季合集(43)",
		"textContent": ""
	},
	{
		"title": "新春送祝福（十二）：但以理和他的三个朋友 20150303",
		"path": "http://media.febcchinese.org/streaming/up/up150303.mp3",
		"duration": 1760,
		"size": "14.1M",
		"albumName": "亲情不断电 2015年春季合集",
		"id": 6255000044,
		"albumId": 6255,
		"albumtitle": "亲情不断电 2015年春季合集(44)",
		"textContent": ""
	},
	{
		"title": "新春送八福（十三）：爱是需要表达的 20150304",
		"path": "http://media.febcchinese.org/streaming/up/up150304.mp3",
		"duration": 1760,
		"size": "14.1M",
		"albumName": "亲情不断电 2015年春季合集",
		"id": 6255000045,
		"albumId": 6255,
		"albumtitle": "亲情不断电 2015年春季合集(45)",
		"textContent": ""
	},
	{
		"title": "新春八福（十四）：天国的生活置业指南（1） 20150305",
		"path": "http://media.febcchinese.org/streaming/up/up150305.mp3",
		"duration": 1760,
		"size": "14.1M",
		"albumName": "亲情不断电 2015年春季合集",
		"id": 6255000046,
		"albumId": 6255,
		"albumtitle": "亲情不断电 2015年春季合集(46)",
		"textContent": ""
	},
	{
		"title": "新春八福（十五）：天国的生活置业指南（2） 20150306",
		"path": "http://media.febcchinese.org/streaming/up/up150306.mp3",
		"duration": 1760,
		"size": "14.1M",
		"albumName": "亲情不断电 2015年春季合集",
		"id": 6255000047,
		"albumId": 6255,
		"albumtitle": "亲情不断电 2015年春季合集(47)",
		"textContent": ""
	},
	{
		"title": "家庭中的成长（一）：美满婚姻需建造 20150309",
		"path": "http://media.febcchinese.org/streaming/up/up150309.mp3",
		"duration": 1760,
		"size": "14.1M",
		"albumName": "亲情不断电 2015年春季合集",
		"id": 6255000048,
		"albumId": 6255,
		"albumtitle": "亲情不断电 2015年春季合集(48)",
		"textContent": ""
	},
	{
		"title": "家庭中的成长（二）：灵修的重要性 20150310",
		"path": "http://media.febcchinese.org/streaming/up/up150310.mp3",
		"duration": 1760,
		"size": "14.1M",
		"albumName": "亲情不断电 2015年春季合集",
		"id": 6255000049,
		"albumId": 6255,
		"albumtitle": "亲情不断电 2015年春季合集(49)",
		"textContent": ""
	},
	{
		"title": "家庭中的成长（三）：灵命成长·教育孩子成功的秘诀 20150311",
		"path": "http://media.febcchinese.org/streaming/up/up150311.mp3",
		"duration": 1760,
		"size": "14.1M",
		"albumName": "亲情不断电 2015年春季合集",
		"id": 6255000050,
		"albumId": 6255,
		"albumtitle": "亲情不断电 2015年春季合集(50)",
		"textContent": ""
	},
	{
		"title": "天下男人（一）：男人的知己 20150312",
		"path": "http://media.febcchinese.org/streaming/up/up150312.mp3",
		"duration": 1760,
		"size": "14.1M",
		"albumName": "亲情不断电 2015年春季合集",
		"id": 6255000051,
		"albumId": 6255,
		"albumtitle": "亲情不断电 2015年春季合集(51)",
		"textContent": ""
	},
	{
		"title": "羊的故事 20150313",
		"path": "http://media.febcchinese.org/streaming/up/up150313.mp3",
		"duration": 1760,
		"size": "14.1M",
		"albumName": "亲情不断电 2015年春季合集",
		"id": 6255000052,
		"albumId": 6255,
		"albumtitle": "亲情不断电 2015年春季合集(52)",
		"textContent": ""
	},
	{
		"title": "家庭中的成长（三）：婚后的恋爱 20150316",
		"path": "http://media.febcchinese.org/streaming/up/up150316.mp3",
		"duration": 1760,
		"size": "14.1M",
		"albumName": "亲情不断电 2015年春季合集",
		"id": 6255000053,
		"albumId": 6255,
		"albumtitle": "亲情不断电 2015年春季合集(53)",
		"textContent": ""
	},
	{
		"title": "家庭中的成长（四）：学习沟通 20150317",
		"path": "http://media.febcchinese.org/streaming/up/up150317.mp3",
		"duration": 1760,
		"size": "14.1M",
		"albumName": "亲情不断电 2015年春季合集",
		"id": 6255000054,
		"albumId": 6255,
		"albumtitle": "亲情不断电 2015年春季合集(54)",
		"textContent": ""
	},
	{
		"title": "家庭中的成长（五）：同心的重要 20150318",
		"path": "http://media.febcchinese.org/streaming/up/up150318.mp3",
		"duration": 1760,
		"size": "14.1M",
		"albumName": "亲情不断电 2015年春季合集",
		"id": 6255000055,
		"albumId": 6255,
		"albumtitle": "亲情不断电 2015年春季合集(55)",
		"textContent": ""
	},
	{
		"title": "天下男人（二）：双面男人 20150319",
		"path": "http://media.febcchinese.org/streaming/up/up150319.mp3",
		"duration": 1760,
		"size": "14.1M",
		"albumName": "亲情不断电 2015年春季合集",
		"id": 6255000056,
		"albumId": 6255,
		"albumtitle": "亲情不断电 2015年春季合集(56)",
		"textContent": ""
	},
	{
		"title": "羊需要牧人 20150320",
		"path": "http://media.febcchinese.org/streaming/up/up150320.mp3",
		"duration": 1760,
		"size": "14.1M",
		"albumName": "亲情不断电 2015年春季合集",
		"id": 6255000057,
		"albumId": 6255,
		"albumtitle": "亲情不断电 2015年春季合集(57)",
		"textContent": ""
	},
	{
		"title": "家庭中的成长（六）：婚姻里沟通 20150323",
		"path": "http://media.febcchinese.org/streaming/up/up150323.mp3",
		"duration": 1760,
		"size": "14.1M",
		"albumName": "亲情不断电 2015年春季合集",
		"id": 6255000058,
		"albumId": 6255,
		"albumtitle": "亲情不断电 2015年春季合集(58)",
		"textContent": ""
	},
	{
		"title": "家庭中的成长（七）：认错的是勇者 20150324",
		"path": "http://media.febcchinese.org/streaming/up/up150324.mp3",
		"duration": 1760,
		"size": "14.1M",
		"albumName": "亲情不断电 2015年春季合集",
		"id": 6255000059,
		"albumId": 6255,
		"albumtitle": "亲情不断电 2015年春季合集(59)",
		"textContent": ""
	},
	{
		"title": "家庭中的成长（八）：四思而后言 20150325",
		"path": "http://media.febcchinese.org/streaming/up/up150325.mp3",
		"duration": 1760,
		"size": "14.1M",
		"albumName": "亲情不断电 2015年春季合集",
		"id": 6255000060,
		"albumId": 6255,
		"albumtitle": "亲情不断电 2015年春季合集(60)",
		"textContent": ""
	},
	{
		"title": "天下男人（三）：父与子 20150326",
		"path": "http://media.febcchinese.org/streaming/up/up150326.mp3",
		"duration": 1760,
		"size": "14.1M",
		"albumName": "亲情不断电 2015年春季合集",
		"id": 6255000061,
		"albumId": 6255,
		"albumtitle": "亲情不断电 2015年春季合集(61)",
		"textContent": ""
	},
	{
		"title": "献祭的羔羊 20150327",
		"path": "http://media.febcchinese.org/streaming/up/up150327.mp3",
		"duration": 1760,
		"size": "14.1M",
		"albumName": "亲情不断电 2015年春季合集",
		"id": 6255000062,
		"albumId": 6255,
		"albumtitle": "亲情不断电 2015年春季合集(62)",
		"textContent": ""
	},
	{
		"title": "苏绯云教子有方：孩子任性怎么办？ 20150330",
		"path": "http://media.febcchinese.org/streaming/up/up150330.mp3",
		"duration": 1760,
		"size": "14.1M",
		"albumName": "亲情不断电 2015年春季合集",
		"id": 6255000063,
		"albumId": 6255,
		"albumtitle": "亲情不断电 2015年春季合集(63)",
		"textContent": ""
	},
	{
		"title": "家庭中的成长（十）：感激的话、幽默的话、情爱的话 20150331",
		"path": "http://media.febcchinese.org/streaming/up/up150331.mp3",
		"duration": 1760,
		"size": "14.1M",
		"albumName": "亲情不断电 2015年春季合集",
		"id": 6255000064,
		"albumId": 6255,
		"albumtitle": "亲情不断电 2015年春季合集(64)",
		"textContent": ""
	}
]