[{
        "title": "让青春风暴变成青春风采（2）：带领孩子走出身体和心灵的伤害 20131001",
        "path": "http://media.febcchinese.org/streaming/up/up131001.mp3",
        "duration": 1760,
        "size": "14.1M",
        "albumName": "亲情不断电 2013年冬季合集",
        "id": 6250000001,
        "albumId": 6250,
        "albumtitle": "亲情不断电 2013年冬季合集(1)",
        "textContent": ""
    },
    {
        "title": "让青春风暴成为青春风采（3）：孩子，真是对不起 20131002",
        "path": "http://media.febcchinese.org/streaming/up/up131002.mp3",
        "duration": 1760,
        "size": "14.1M",
        "albumName": "亲情不断电 2013年冬季合集",
        "id": 6250000002,
        "albumId": 6250,
        "albumtitle": "亲情不断电 2013年冬季合集(2)",
        "textContent": ""
    },
    {
        "title": "让青春风暴变成青春风采（4）：孩子的时间表 20131003",
        "path": "http://media.febcchinese.org/streaming/up/up131003.mp3",
        "duration": 1760,
        "size": "14.1M",
        "albumName": "亲情不断电 2013年冬季合集",
        "id": 6250000003,
        "albumId": 6250,
        "albumtitle": "亲情不断电 2013年冬季合集(3)",
        "textContent": ""
    },
    {
        "title": "让青春风暴变成青春风采（5）:把孩子放进父母的时间表 20131004",
        "path": "http://media.febcchinese.org/streaming/up/up131004.mp3",
        "duration": 1760,
        "size": "14.1M",
        "albumName": "亲情不断电 2013年冬季合集",
        "id": 6250000004,
        "albumId": 6250,
        "albumtitle": "亲情不断电 2013年冬季合集(4)",
        "textContent": ""
    },
    {
        "title": "让青春风暴变成青春风采（6）：培养孩子抗挫力 20131007",
        "path": "http://media.febcchinese.org/streaming/up/up131007.mp3",
        "duration": 1760,
        "size": "14.1M",
        "albumName": "亲情不断电 2013年冬季合集",
        "id": 6250000005,
        "albumId": 6250,
        "albumtitle": "亲情不断电 2013年冬季合集(5)",
        "textContent": ""
    },
    {
        "title": "让青春风暴变成青春风采（7）褒贬要合宜 20131008",
        "path": "http://media.febcchinese.org/streaming/up/up131008.mp3",
        "duration": 1760,
        "size": "14.1M",
        "albumName": "亲情不断电 2013年冬季合集",
        "id": 6250000006,
        "albumId": 6250,
        "albumtitle": "亲情不断电 2013年冬季合集(6)",
        "textContent": ""
    },
    {
        "title": "让青春风暴成为青春风采（8）：孩子的穿着打扮 20131009",
        "path": "http://media.febcchinese.org/streaming/up/up131009.mp3",
        "duration": 1760,
        "size": "14.1M",
        "albumName": "亲情不断电 2013年冬季合集",
        "id": 6250000007,
        "albumId": 6250,
        "albumtitle": "亲情不断电 2013年冬季合集(7)",
        "textContent": ""
    },
    {
        "title": "让青春风暴变成青春风采（9）：穿衣风波 20131010",
        "path": "http://media.febcchinese.org/streaming/up/up131010.mp3",
        "duration": 1760,
        "size": "14.1M",
        "albumName": "亲情不断电 2013年冬季合集",
        "id": 6250000008,
        "albumId": 6250,
        "albumtitle": "亲情不断电 2013年冬季合集(8)",
        "textContent": ""
    },
    {
        "title": "让青春风暴成为青春风采（10）：孩子情绪失控了，父母怎么办？ 20131011",
        "path": "http://media.febcchinese.org/streaming/up/up131011.mp3",
        "duration": 1760,
        "size": "14.1M",
        "albumName": "亲情不断电 2013年冬季合集",
        "id": 6250000009,
        "albumId": 6250,
        "albumtitle": "亲情不断电 2013年冬季合集(9)",
        "textContent": ""
    },
    {
        "title": "让青春风暴变成青春风采（11）：只要20秒 20131014",
        "path": "http://media.febcchinese.org/streaming/up/up131014.mp3",
        "duration": 1760,
        "size": "14.1M",
        "albumName": "亲情不断电 2013年冬季合集",
        "id": 6250000010,
        "albumId": 6250,
        "albumtitle": "亲情不断电 2013年冬季合集(10)",
        "textContent": ""
    },
    {
        "title": "让青春风暴变成青春风采（12）：如何预防青春风暴 20131015",
        "path": "http://media.febcchinese.org/streaming/up/up131015.mp3",
        "duration": 1760,
        "size": "14.1M",
        "albumName": "亲情不断电 2013年冬季合集",
        "id": 6250000011,
        "albumId": 6250,
        "albumtitle": "亲情不断电 2013年冬季合集(11)",
        "textContent": ""
    },
    {
        "title": "让青春风暴成为青春风采（13）让孩子保持天真 20131016",
        "path": "http://media.febcchinese.org/streaming/up/up131016.mp3",
        "duration": 1760,
        "size": "14.1M",
        "albumName": "亲情不断电 2013年冬季合集",
        "id": 6250000012,
        "albumId": 6250,
        "albumtitle": "亲情不断电 2013年冬季合集(12)",
        "textContent": ""
    },
    {
        "title": "让青春风暴成为青春风采（14）：爱的真谛 20131017",
        "path": "http://media.febcchinese.org/streaming/up/up131017.mp3",
        "duration": 1760,
        "size": "14.1M",
        "albumName": "亲情不断电 2013年冬季合集",
        "id": 6250000013,
        "albumId": 6250,
        "albumtitle": "亲情不断电 2013年冬季合集(13)",
        "textContent": ""
    },
    {
        "title": "让青春风暴成为青春风采（15）：陪孩子度过有效的时间 20131018",
        "path": "http://media.febcchinese.org/streaming/up/up131018.mp3",
        "duration": 1760,
        "size": "14.1M",
        "albumName": "亲情不断电 2013年冬季合集",
        "id": 6250000014,
        "albumId": 6250,
        "albumtitle": "亲情不断电 2013年冬季合集(14)",
        "textContent": ""
    },
    {
        "title": "让青春风暴成为青春风采（16）：提高孩子的抗压力 20131021",
        "path": "http://media.febcchinese.org/streaming/up/up131021.mp3",
        "duration": 1760,
        "size": "14.1M",
        "albumName": "亲情不断电 2013年冬季合集",
        "id": 6250000015,
        "albumId": 6250,
        "albumtitle": "亲情不断电 2013年冬季合集(15)",
        "textContent": ""
    },
    {
        "title": "让青春风暴成为青春风采（17）：辅导孩子交朋友 20131022",
        "path": "http://media.febcchinese.org/streaming/up/up131022.mp3",
        "duration": 1760,
        "size": "14.1M",
        "albumName": "亲情不断电 2013年冬季合集",
        "id": 6250000016,
        "albumId": 6250,
        "albumtitle": "亲情不断电 2013年冬季合集(16)",
        "textContent": ""
    },
    {
        "title": "让青春风暴成为青春风采（18）：关心孩子的朋友 20131023",
        "path": "http://media.febcchinese.org/streaming/up/up131023.mp3",
        "duration": 1760,
        "size": "14.1M",
        "albumName": "亲情不断电 2013年冬季合集",
        "id": 6250000017,
        "albumId": 6250,
        "albumtitle": "亲情不断电 2013年冬季合集(17)",
        "textContent": ""
    },
    {
        "title": "让青春风暴变成青春风采（19）：孩子性教育 20131024",
        "path": "http://media.febcchinese.org/streaming/up/up131024.mp3",
        "duration": 1760,
        "size": "14.1M",
        "albumName": "亲情不断电 2013年冬季合集",
        "id": 6250000018,
        "albumId": 6250,
        "albumtitle": "亲情不断电 2013年冬季合集(18)",
        "textContent": ""
    },
    {
        "title": "让青春风暴变成青春风采（20）：孩子的隐私权 20131025",
        "path": "http://media.febcchinese.org/streaming/up/up131025.mp3",
        "duration": 1760,
        "size": "14.1M",
        "albumName": "亲情不断电 2013年冬季合集",
        "id": 6250000019,
        "albumId": 6250,
        "albumtitle": "亲情不断电 2013年冬季合集(19)",
        "textContent": ""
    },
    {
        "title": "让青春风暴成为青春风采（21）：如何对付孩子的拖延症 20131028",
        "path": "http://media.febcchinese.org/streaming/up/up131028.mp3",
        "duration": 1760,
        "size": "14.1M",
        "albumName": "亲情不断电 2013年冬季合集",
        "id": 6250000020,
        "albumId": 6250,
        "albumtitle": "亲情不断电 2013年冬季合集(20)",
        "textContent": ""
    },
    {
        "title": "让青春风暴成为青春风采（22）：孩子说谎怎么办？ 20131029",
        "path": "http://media.febcchinese.org/streaming/up/up131029.mp3",
        "duration": 1760,
        "size": "14.1M",
        "albumName": "亲情不断电 2013年冬季合集",
        "id": 6250000021,
        "albumId": 6250,
        "albumtitle": "亲情不断电 2013年冬季合集(21)",
        "textContent": ""
    },
    {
        "title": "让青春风暴成为青春风采（23）：父母给孩子带来的伤害 20131030",
        "path": "http://media.febcchinese.org/streaming/up/up131030.mp3",
        "duration": 1760,
        "size": "14.1M",
        "albumName": "亲情不断电 2013年冬季合集",
        "id": 6250000022,
        "albumId": 6250,
        "albumtitle": "亲情不断电 2013年冬季合集(22)",
        "textContent": ""
    },
    {
        "title": "让青春风暴成为青春风采（24）：帮助孩子建立自我形象 20131031",
        "path": "http://media.febcchinese.org/streaming/up/up131031.mp3",
        "duration": 1760,
        "size": "14.1M",
        "albumName": "亲情不断电 2013年冬季合集",
        "id": 6250000023,
        "albumId": 6250,
        "albumtitle": "亲情不断电 2013年冬季合集(23)",
        "textContent": ""
    },
    {
        "title": "让青春风暴成为青春风采（25）：帮助孩子正确认识自己 20131101",
        "path": "http://media.febcchinese.org/streaming/up/up131101.mp3",
        "duration": 1760,
        "size": "14.1M",
        "albumName": "亲情不断电 2013年冬季合集",
        "id": 6250000024,
        "albumId": 6250,
        "albumtitle": "亲情不断电 2013年冬季合集(24)",
        "textContent": ""
    },
    {
        "title": "如何与家人沟通（1）：以同理心倾听 20131104",
        "path": "http://media.febcchinese.org/streaming/up/up131104.mp3",
        "duration": 1760,
        "size": "14.1M",
        "albumName": "亲情不断电 2013年冬季合集",
        "id": 6250000025,
        "albumId": 6250,
        "albumtitle": "亲情不断电 2013年冬季合集(25)",
        "textContent": ""
    },
    {
        "title": "如何与家人沟通（2）：划清责任界限 20131105",
        "path": "http://media.febcchinese.org/streaming/up/up131105.mp3",
        "duration": 1760,
        "size": "14.1M",
        "albumName": "亲情不断电 2013年冬季合集",
        "id": 6250000026,
        "albumId": 6250,
        "albumtitle": "亲情不断电 2013年冬季合集(26)",
        "textContent": ""
    },
    {
        "title": "如何与家人沟通（3）：欣赏与接纳孩子 20131106",
        "path": "http://media.febcchinese.org/streaming/up/up131106.mp3",
        "duration": 1760,
        "size": "14.1M",
        "albumName": "亲情不断电 2013年冬季合集",
        "id": 6250000027,
        "albumId": 6250,
        "albumtitle": "亲情不断电 2013年冬季合集(27)",
        "textContent": ""
    },
    {
        "title": "如何与家人沟通（4）：不过分苛责孩子 20131107",
        "path": "http://media.febcchinese.org/streaming/up/up131107.mp3",
        "duration": 1760,
        "size": "14.1M",
        "albumName": "亲情不断电 2013年冬季合集",
        "id": 6250000028,
        "albumId": 6250,
        "albumtitle": "亲情不断电 2013年冬季合集(28)",
        "textContent": ""
    },
    {
        "title": "如何与家人沟通（5）：搭建沟通的桥梁 20131108",
        "path": "http://media.febcchinese.org/streaming/up/up131108.mp3",
        "duration": 1760,
        "size": "14.1M",
        "albumName": "亲情不断电 2013年冬季合集",
        "id": 6250000029,
        "albumId": 6250,
        "albumtitle": "亲情不断电 2013年冬季合集(29)",
        "textContent": ""
    },
    {
        "title": "天下男人（1）：男人的知己 20131111",
        "path": "http://media.febcchinese.org/streaming/up/up131111.mp3",
        "duration": 1760,
        "size": "14.1M",
        "albumName": "亲情不断电 2013年冬季合集",
        "id": 6250000030,
        "albumId": 6250,
        "albumtitle": "亲情不断电 2013年冬季合集(30)",
        "textContent": ""
    },
    {
        "title": "天下男人（2）：双面男人 20131112",
        "path": "http://media.febcchinese.org/streaming/up/up131112.mp3",
        "duration": 1760,
        "size": "14.1M",
        "albumName": "亲情不断电 2013年冬季合集",
        "id": 6250000031,
        "albumId": 6250,
        "albumtitle": "亲情不断电 2013年冬季合集(31)",
        "textContent": ""
    },
    {
        "title": "天下男人（3）：父与子 20131113",
        "path": "http://media.febcchinese.org/streaming/up/up131113.mp3",
        "duration": 1760,
        "size": "14.1M",
        "albumName": "亲情不断电 2013年冬季合集",
        "id": 6250000032,
        "albumId": 6250,
        "albumtitle": "亲情不断电 2013年冬季合集(32)",
        "textContent": ""
    },
    {
        "title": "天下男人（4）男人的眼泪 20131114",
        "path": "http://media.febcchinese.org/streaming/up/up131114.mp3",
        "duration": 1760,
        "size": "14.1M",
        "albumName": "亲情不断电 2013年冬季合集",
        "id": 6250000033,
        "albumId": 6250,
        "albumtitle": "亲情不断电 2013年冬季合集(33)",
        "textContent": ""
    },
    {
        "title": "天下男人（5）咱家谁做饭？ 20131115",
        "path": "http://media.febcchinese.org/streaming/up/up131115.mp3",
        "duration": 1760,
        "size": "14.1M",
        "albumName": "亲情不断电 2013年冬季合集",
        "id": 6250000034,
        "albumId": 6250,
        "albumtitle": "亲情不断电 2013年冬季合集(34)",
        "textContent": ""
    },
    {
        "title": "天下男人（6)需要妻管严吗？ 20131118",
        "path": "http://media.febcchinese.org/streaming/up/up131118.mp3",
        "duration": 1760,
        "size": "14.1M",
        "albumName": "亲情不断电 2013年冬季合集",
        "id": 6250000035,
        "albumId": 6250,
        "albumtitle": "亲情不断电 2013年冬季合集(35)",
        "textContent": ""
    },
    {
        "title": "天下男人（7）：男人要赢先赢自己！ 20131119",
        "path": "http://media.febcchinese.org/streaming/up/up131119.mp3",
        "duration": 1760,
        "size": "14.1M",
        "albumName": "亲情不断电 2013年冬季合集",
        "id": 6250000036,
        "albumId": 6250,
        "albumtitle": "亲情不断电 2013年冬季合集(36)",
        "textContent": ""
    },
    {
        "title": "天下男人（8）夫妻争吵了怎么办？ 20131120",
        "path": "http://media.febcchinese.org/streaming/up/up131120.mp3",
        "duration": 1760,
        "size": "14.1M",
        "albumName": "亲情不断电 2013年冬季合集",
        "id": 6250000037,
        "albumId": 6250,
        "albumtitle": "亲情不断电 2013年冬季合集(37)",
        "textContent": ""
    },
    {
        "title": "天下男人（9）：面对诱惑 20131121",
        "path": "http://media.febcchinese.org/streaming/up/up131121.mp3",
        "duration": 1760,
        "size": "14.1M",
        "albumName": "亲情不断电 2013年冬季合集",
        "id": 6250000038,
        "albumId": 6250,
        "albumtitle": "亲情不断电 2013年冬季合集(38)",
        "textContent": ""
    },
    {
        "title": "天下男人（10）：如何面对色情捆绑 20131122",
        "path": "http://media.febcchinese.org/streaming/up/up131122.mp3",
        "duration": 1760,
        "size": "14.1M",
        "albumName": "亲情不断电 2013年冬季合集",
        "id": 6250000039,
        "albumId": 6250,
        "albumtitle": "亲情不断电 2013年冬季合集(39)",
        "textContent": ""
    },
    {
        "title": "天下男人（11）：婆媳之间的男人 20131125",
        "path": "http://media.febcchinese.org/streaming/up/up131125.mp3",
        "duration": 1760,
        "size": "14.1M",
        "albumName": "亲情不断电 2013年冬季合集",
        "id": 6250000040,
        "albumId": 6250,
        "albumtitle": "亲情不断电 2013年冬季合集(40)",
        "textContent": ""
    },
    {
        "title": "天下男人（12）：男人的幸福感 20131126",
        "path": "http://media.febcchinese.org/streaming/up/up131126.mp3",
        "duration": 1760,
        "size": "14.1M",
        "albumName": "亲情不断电 2013年冬季合集",
        "id": 6250000041,
        "albumId": 6250,
        "albumtitle": "亲情不断电 2013年冬季合集(41)",
        "textContent": ""
    },
    {
        "title": "天下男人（13）：男人也软弱 20131127",
        "path": "http://media.febcchinese.org/streaming/up/up131127.mp3",
        "duration": 1760,
        "size": "14.1M",
        "albumName": "亲情不断电 2013年冬季合集",
        "id": 6250000042,
        "albumId": 6250,
        "albumtitle": "亲情不断电 2013年冬季合集(42)",
        "textContent": ""
    },
    {
        "title": "天下男人（14）：温柔男人的力量 20131128",
        "path": "http://media.febcchinese.org/streaming/up/up131128.mp3",
        "duration": 1760,
        "size": "14.1M",
        "albumName": "亲情不断电 2013年冬季合集",
        "id": 6250000043,
        "albumId": 6250,
        "albumtitle": "亲情不断电 2013年冬季合集(43)",
        "textContent": ""
    },
    {
        "title": "天下男人（15）表达爱的语言 20131129",
        "path": "http://media.febcchinese.org/streaming/up/up131129.mp3",
        "duration": 1760,
        "size": "14.1M",
        "albumName": "亲情不断电 2013年冬季合集",
        "id": 6250000044,
        "albumId": 6250,
        "albumtitle": "亲情不断电 2013年冬季合集(44)",
        "textContent": ""
    },
    {
        "title": "天下男人（16）男人的信仰 20131202",
        "path": "http://media.febcchinese.org/streaming/up/up131202.mp3",
        "duration": 1760,
        "size": "14.1M",
        "albumName": "亲情不断电 2013年冬季合集",
        "id": 6250000045,
        "albumId": 6250,
        "albumtitle": "亲情不断电 2013年冬季合集(45)",
        "textContent": ""
    },
    {
        "title": "那个不爱笑的中国女孩 20131203",
        "path": "http://media.febcchinese.org/streaming/up/up131203.mp3",
        "duration": 1760,
        "size": "14.1M",
        "albumName": "亲情不断电 2013年冬季合集",
        "id": 6250000046,
        "albumId": 6250,
        "albumtitle": "亲情不断电 2013年冬季合集(46)",
        "textContent": ""
    },
    {
        "title": "找到自己的价值 20131204",
        "path": "http://media.febcchinese.org/streaming/up/up131204.mp3",
        "duration": 1760,
        "size": "14.1M",
        "albumName": "亲情不断电 2013年冬季合集",
        "id": 6250000047,
        "albumId": 6250,
        "albumtitle": "亲情不断电 2013年冬季合集(47)",
        "textContent": ""
    },
    {
        "title": "用音乐荣耀主名 20131205",
        "path": "http://media.febcchinese.org/streaming/up/up131205.mp3",
        "duration": 1760,
        "size": "14.1M",
        "albumName": "亲情不断电 2013年冬季合集",
        "id": 6250000048,
        "albumId": 6250,
        "albumtitle": "亲情不断电 2013年冬季合集(48)",
        "textContent": ""
    },
    {
        "title": "给朗朗传福音 20131206",
        "path": "http://media.febcchinese.org/streaming/up/up131206.mp3",
        "duration": 1760,
        "size": "14.1M",
        "albumName": "亲情不断电 2013年冬季合集",
        "id": 6250000049,
        "albumId": 6250,
        "albumtitle": "亲情不断电 2013年冬季合集(49)",
        "textContent": ""
    },
    {
        "title": "微时代中的WE话题 20131209",
        "path": "http://media.febcchinese.org/streaming/up/up131209.mp3",
        "duration": 1760,
        "size": "14.1M",
        "albumName": "亲情不断电 2013年冬季合集",
        "id": 6250000050,
        "albumId": 6250,
        "albumtitle": "亲情不断电 2013年冬季合集(50)",
        "textContent": ""
    },
    {
        "title": "感悟白发 20131210",
        "path": "http://media.febcchinese.org/streaming/up/up131210.mp3",
        "duration": 1760,
        "size": "14.1M",
        "albumName": "亲情不断电 2013年冬季合集",
        "id": 6250000051,
        "albumId": 6250,
        "albumtitle": "亲情不断电 2013年冬季合集(51)",
        "textContent": ""
    },
    {
        "title": "五天令孩子大翻新（一）：谁适合听节目 20131211",
        "path": "http://media.febcchinese.org/streaming/up/up131212.mp3",
        "duration": 1760,
        "size": "14.1M",
        "albumName": "亲情不断电 2013年冬季合集",
        "id": 6250000052,
        "albumId": 6250,
        "albumtitle": "亲情不断电 2013年冬季合集(52)",
        "textContent": ""
    },
    {
        "title": "从创世记看男人本色（一）：从当代男人说起 20131212",
        "path": "http://media.febcchinese.org/streaming/up/up131211.mp3",
        "duration": 1760,
        "size": "14.1M",
        "albumName": "亲情不断电 2013年冬季合集",
        "id": 6250000053,
        "albumId": 6250,
        "albumtitle": "亲情不断电 2013年冬季合集(53)",
        "textContent": ""
    },
    {
        "title": "古代贤德女子与当代女子的大PK;亲情回信：一位母亲的感恩 20131213",
        "path": "http://media.febcchinese.org/streaming/up/up131213.mp3",
        "duration": 1760,
        "size": "14.1M",
        "albumName": "亲情不断电 2013年冬季合集",
        "id": 6250000054,
        "albumId": 6250,
        "albumtitle": "亲情不断电 2013年冬季合集(54)",
        "textContent": ""
    },
    {
        "title": "舍友之间多沟通 20131216",
        "path": "http://media.febcchinese.org/streaming/up/up131216.mp3",
        "duration": 1760,
        "size": "14.1M",
        "albumName": "亲情不断电 2013年冬季合集",
        "id": 6250000055,
        "albumId": 6250,
        "albumtitle": "亲情不断电 2013年冬季合集(55)",
        "textContent": ""
    },
    {
        "title": "爱是什么——君儿的故事 20131217",
        "path": "http://media.febcchinese.org/streaming/up/up131217.mp3",
        "duration": 1760,
        "size": "14.1M",
        "albumName": "亲情不断电 2013年冬季合集",
        "id": 6250000056,
        "albumId": 6250,
        "albumtitle": "亲情不断电 2013年冬季合集(56)",
        "textContent": ""
    },
    {
        "title": "从《创世记》看男人本色(2)：起初 20131218",
        "path": "http://media.febcchinese.org/streaming/up/up131218.mp3",
        "duration": 1760,
        "size": "14.1M",
        "albumName": "亲情不断电 2013年冬季合集",
        "id": 6250000057,
        "albumId": 6250,
        "albumtitle": "亲情不断电 2013年冬季合集(57)",
        "textContent": ""
    },
    {
        "title": "五天令孩子大反转（2）：放手让孩子做 20131219",
        "path": "http://media.febcchinese.org/streaming/up/up131219.mp3",
        "duration": 1760,
        "size": "14.1M",
        "albumName": "亲情不断电 2013年冬季合集",
        "id": 6250000058,
        "albumId": 6250,
        "albumtitle": "亲情不断电 2013年冬季合集(58)",
        "textContent": ""
    },
    {
        "title": "挚真的爱;恋爱中的纠结 20131220",
        "path": "http://media.febcchinese.org/streaming/up/up131220.mp3",
        "duration": 1760,
        "size": "14.1M",
        "albumName": "亲情不断电 2013年冬季合集",
        "id": 6250000059,
        "albumId": 6250,
        "albumtitle": "亲情不断电 2013年冬季合集(59)",
        "textContent": ""
    },
    {
        "title": "感恩的心;饶恕伤害过你的人 20131223",
        "path": "http://media.febcchinese.org/streaming/up/up131223.mp3",
        "duration": 1760,
        "size": "14.1M",
        "albumName": "亲情不断电 2013年冬季合集",
        "id": 6250000060,
        "albumId": 6250,
        "albumtitle": "亲情不断电 2013年冬季合集(60)",
        "textContent": ""
    },
    {
        "title": "广播剧——耶稣降生 20131224",
        "path": "http://media.febcchinese.org/streaming/up/up131224.mp3",
        "duration": 1760,
        "size": "14.1M",
        "albumName": "亲情不断电 2013年冬季合集",
        "id": 6250000061,
        "albumId": 6250,
        "albumtitle": "亲情不断电 2013年冬季合集(61)",
        "textContent": ""
    },
    {
        "title": "圣诞节的意义 20131225",
        "path": "http://media.febcchinese.org/streaming/up/up131225.mp3",
        "duration": 1760,
        "size": "14.1M",
        "albumName": "亲情不断电 2013年冬季合集",
        "id": 6250000062,
        "albumId": 6250,
        "albumtitle": "亲情不断电 2013年冬季合集(62)",
        "textContent": ""
    },
    {
        "title": "五天令孩子大翻新（3）：说一遍，转身走 20131226",
        "path": "http://media.febcchinese.org/streaming/up/up131226.mp3",
        "duration": 1760,
        "size": "14.1M",
        "albumName": "亲情不断电 2013年冬季合集",
        "id": 6250000063,
        "albumId": 6250,
        "albumtitle": "亲情不断电 2013年冬季合集(63)",
        "textContent": ""
    },
    {
        "title": "真爱是什么;生命的转变 20131227",
        "path": "http://media.febcchinese.org/streaming/up/up131227.mp3",
        "duration": 1760,
        "size": "14.1M",
        "albumName": "亲情不断电 2013年冬季合集",
        "id": 6250000064,
        "albumId": 6250,
        "albumtitle": "亲情不断电 2013年冬季合集(64)",
        "textContent": ""
    },
    {
        "title": "亲情距离 文洁日记 20131230",
        "path": "http://media.febcchinese.org/streaming/up/up131230.mp3",
        "duration": 1760,
        "size": "14.1M",
        "albumName": "亲情不断电 2013年冬季合集",
        "id": 6250000065,
        "albumId": 6250,
        "albumtitle": "亲情不断电 2013年冬季合集(65)",
        "textContent": ""
    },
    {
        "title": "年度十大感人事件 20131231",
        "path": "http://media.febcchinese.org/streaming/up/up131231.mp3",
        "duration": 1760,
        "size": "14.1M",
        "albumName": "亲情不断电 2013年冬季合集",
        "id": 6250000066,
        "albumId": 6250,
        "albumtitle": "亲情不断电 2013年冬季合集(66)",
        "textContent": ""
    }
]