[
	{
		"title": "心里的雾霾 20160101",
		"path": "http://media.febcchinese.org/streaming/up/up160101.mp3",
		"duration": 1760,
		"size": "14.1M",
		"albumName": "亲情不断电 2016年春季合集",
		"id": 6259000001,
		"albumId": 6259,
		"albumtitle": "亲情不断电 2016年春季合集(1)",
		"textContent": ""
	},
	{
		"title": "父母筑巢儿女离巢——念巢桥 20160104",
		"path": "http://media.febcchinese.org/streaming/up/up160104.mp3",
		"duration": 1760,
		"size": "14.1M",
		"albumName": "亲情不断电 2016年春季合集",
		"id": 6259000002,
		"albumId": 6259,
		"albumtitle": "亲情不断电 2016年春季合集(2)",
		"textContent": ""
	},
	{
		"title": "念巢桥——爱是放手 20160105",
		"path": "http://media.febcchinese.org/streaming/up/up160105.mp3",
		"duration": 1760,
		"size": "14.1M",
		"albumName": "亲情不断电 2016年春季合集",
		"id": 6259000003,
		"albumId": 6259,
		"albumtitle": "亲情不断电 2016年春季合集(3)",
		"textContent": ""
	},
	{
		"title": "孝亲桥 20160106",
		"path": "http://media.febcchinese.org/streaming/up/up160106.mp3",
		"duration": 1760,
		"size": "14.1M",
		"albumName": "亲情不断电 2016年春季合集",
		"id": 6259000004,
		"albumId": 6259,
		"albumtitle": "亲情不断电 2016年春季合集(4)",
		"textContent": ""
	},
	{
		"title": "听孝亲桥后的分享 20160107",
		"path": "http://media.febcchinese.org/streaming/up/up160107.mp3",
		"duration": 1760,
		"size": "14.1M",
		"albumName": "亲情不断电 2016年春季合集",
		"id": 6259000005,
		"albumId": 6259,
		"albumtitle": "亲情不断电 2016年春季合集(5)",
		"textContent": ""
	},
	{
		"title": "塑造桥 20160108",
		"path": "http://media.febcchinese.org/streaming/up/up160108.mp3",
		"duration": 1760,
		"size": "14.1M",
		"albumName": "亲情不断电 2016年春季合集",
		"id": 6259000006,
		"albumId": 6259,
		"albumtitle": "亲情不断电 2016年春季合集(6)",
		"textContent": ""
	},
	{
		"title": "听塑造桥后的分享 20160111",
		"path": "http://media.febcchinese.org/streaming/up/up160111.mp3",
		"duration": 1760,
		"size": "14.1M",
		"albumName": "亲情不断电 2016年春季合集",
		"id": 6259000007,
		"albumId": 6259,
		"albumtitle": "亲情不断电 2016年春季合集(7)",
		"textContent": ""
	},
	{
		"title": "亲子桥和天上的桥 20160112",
		"path": "http://media.febcchinese.org/streaming/up/up160112.mp3",
		"duration": 1760,
		"size": "14.1M",
		"albumName": "亲情不断电 2016年春季合集",
		"id": 6259000008,
		"albumId": 6259,
		"albumtitle": "亲情不断电 2016年春季合集(8)",
		"textContent": ""
	},
	{
		"title": "亲子教育十一道桥总结篇 20160113",
		"path": "http://media.febcchinese.org/streaming/up/up160113.mp3",
		"duration": 1760,
		"size": "14.1M",
		"albumName": "亲情不断电 2016年春季合集",
		"id": 6259000009,
		"albumId": 6259,
		"albumtitle": "亲情不断电 2016年春季合集(9)",
		"textContent": ""
	},
	{
		"title": "如何与家人建立界限 20160114",
		"path": "http://media.febcchinese.org/streaming/up/up160114.mp3",
		"duration": 1760,
		"size": "14.1M",
		"albumName": "亲情不断电 2016年春季合集",
		"id": 6259000010,
		"albumId": 6259,
		"albumtitle": "亲情不断电 2016年春季合集(10)",
		"textContent": ""
	},
	{
		"title": "留守儿童的盼望 20160115",
		"path": "http://media.febcchinese.org/streaming/up/up160115.mp3",
		"duration": 1760,
		"size": "14.1M",
		"albumName": "亲情不断电 2016年春季合集",
		"id": 6259000011,
		"albumId": 6259,
		"albumtitle": "亲情不断电 2016年春季合集(11)",
		"textContent": ""
	},
	{
		"title": "彩云的见证（一）：文洁妈妈亲述跌宕人生（1） 20160118",
		"path": "http://media.febcchinese.org/streaming/up/up160118.mp3",
		"duration": 1760,
		"size": "14.1M",
		"albumName": "亲情不断电 2016年春季合集",
		"id": 6259000012,
		"albumId": 6259,
		"albumtitle": "亲情不断电 2016年春季合集(12)",
		"textContent": ""
	},
	{
		"title": "彩云的见证（二）：女儿突发恶疾，婚姻再次瓦解 20160119",
		"path": "http://media.febcchinese.org/streaming/up/up160119.mp3",
		"duration": 1760,
		"size": "14.1M",
		"albumName": "亲情不断电 2016年春季合集",
		"id": 6259000013,
		"albumId": 6259,
		"albumtitle": "亲情不断电 2016年春季合集(13)",
		"textContent": ""
	},
	{
		"title": "彩云的见证（三）苦难是化了妆的祝福 20160120",
		"path": "http://media.febcchinese.org/streaming/up/up160120.mp3",
		"duration": 1760,
		"size": "14.1M",
		"albumName": "亲情不断电 2016年春季合集",
		"id": 6259000014,
		"albumId": 6259,
		"albumtitle": "亲情不断电 2016年春季合集(14)",
		"textContent": ""
	},
	{
		"title": "男人本色（一）：两个男人的不同选择 20160121",
		"path": "http://media.febcchinese.org/streaming/up/up160121.mp3",
		"duration": 1760,
		"size": "14.1M",
		"albumName": "亲情不断电 2016年春季合集",
		"id": 6259000015,
		"albumId": 6259,
		"albumtitle": "亲情不断电 2016年春季合集(15)",
		"textContent": ""
	},
	{
		"title": "男人本色（二）从当代男人说起 20160122",
		"path": "http://media.febcchinese.org/streaming/up/up160122.mp3",
		"duration": 1760,
		"size": "14.1M",
		"albumName": "亲情不断电 2016年春季合集",
		"id": 6259000016,
		"albumId": 6259,
		"albumtitle": "亲情不断电 2016年春季合集(16)",
		"textContent": ""
	},
	{
		"title": "男人本色（三）起初 20160125",
		"path": "http://media.febcchinese.org/streaming/up/up160125.mp3",
		"duration": 1760,
		"size": "14.1M",
		"albumName": "亲情不断电 2016年春季合集",
		"id": 6259000017,
		"albumId": 6259,
		"albumtitle": "亲情不断电 2016年春季合集(17)",
		"textContent": ""
	},
	{
		"title": "男人本色（四）面对诱惑 20160126",
		"path": "http://media.febcchinese.org/streaming/up/up160126.mp3",
		"duration": 1760,
		"size": "14.1M",
		"albumName": "亲情不断电 2016年春季合集",
		"id": 6259000018,
		"albumId": 6259,
		"albumtitle": "亲情不断电 2016年春季合集(18)",
		"textContent": ""
	},
	{
		"title": "天下男人（五）婚姻的盼望 20160127",
		"path": "http://media.febcchinese.org/streaming/up/up160127.mp3",
		"duration": 1760,
		"size": "14.1M",
		"albumName": "亲情不断电 2016年春季合集",
		"id": 6259000019,
		"albumId": 6259,
		"albumtitle": "亲情不断电 2016年春季合集(19)",
		"textContent": ""
	},
	{
		"title": "天下男人（六）第一对兄弟 20160128",
		"path": "http://media.febcchinese.org/streaming/up/up160128.mp3",
		"duration": 1760,
		"size": "14.1M",
		"albumName": "亲情不断电 2016年春季合集",
		"id": 6259000020,
		"albumId": 6259,
		"albumtitle": "亲情不断电 2016年春季合集(20)",
		"textContent": ""
	},
	{
		"title": "天下男人（七）亚伯的信心 20160129",
		"path": "http://media.febcchinese.org/streaming/up/up160129.mp3",
		"duration": 1760,
		"size": "14.1M",
		"albumName": "亲情不断电 2016年春季合集",
		"id": 6259000021,
		"albumId": 6259,
		"albumtitle": "亲情不断电 2016年春季合集(21)",
		"textContent": ""
	},
	{
		"title": "天下男人（八）挪亚方舟的故事 20160201",
		"path": "http://media.febcchinese.org/streaming/up/up160201.mp3",
		"duration": 1760,
		"size": "14.1M",
		"albumName": "亲情不断电 2016年春季合集",
		"id": 6259000022,
		"albumId": 6259,
		"albumtitle": "亲情不断电 2016年春季合集(22)",
		"textContent": ""
	},
	{
		"title": "天下男人（九）男人的信心 20160202",
		"path": "http://media.febcchinese.org/streaming/up/up160202.mp3",
		"duration": 1760,
		"size": "14.1M",
		"albumName": "亲情不断电 2016年春季合集",
		"id": 6259000023,
		"albumId": 6259,
		"albumtitle": "亲情不断电 2016年春季合集(23)",
		"textContent": ""
	},
	{
		"title": "天下男人（十）亚伯拉罕的软弱 20160203",
		"path": "http://media.febcchinese.org/streaming/up/up160203.mp3",
		"duration": 1760,
		"size": "14.1M",
		"albumName": "亲情不断电 2016年春季合集",
		"id": 6259000024,
		"albumId": 6259,
		"albumtitle": "亲情不断电 2016年春季合集(24)",
		"textContent": ""
	},
	{
		"title": "天下男人（十一）以撒的故事 20160204",
		"path": "http://media.febcchinese.org/streaming/up/up160204.mp3",
		"duration": 1760,
		"size": "14.1M",
		"albumName": "亲情不断电 2016年春季合集",
		"id": 6259000025,
		"albumId": 6259,
		"albumtitle": "亲情不断电 2016年春季合集(25)",
		"textContent": ""
	},
	{
		"title": "男人本色（十二）男人的顺服 20160205",
		"path": "http://media.febcchinese.org/streaming/up/up160205.mp3",
		"duration": 1760,
		"size": "14.1M",
		"albumName": "亲情不断电 2016年春季合集",
		"id": 6259000026,
		"albumId": 6259,
		"albumtitle": "亲情不断电 2016年春季合集(26)",
		"textContent": ""
	},
	{
		"title": "春节“亲子大红包”（1）nbsp;送给孩子灵性的红包 20160208",
		"path": "http://media.febcchinese.org/streaming/up/up160208.mp3",
		"duration": 1760,
		"size": "14.1M",
		"albumName": "亲情不断电 2016年春季合集",
		"id": 6259000027,
		"albumId": 6259,
		"albumtitle": "亲情不断电 2016年春季合集(27)",
		"textContent": ""
	},
	{
		"title": "春节“亲子大红包”（2）nbsp;关乎孩子的学习、身体和情绪 20160209",
		"path": "http://media.febcchinese.org/streaming/up/up160209.mp3",
		"duration": 1760,
		"size": "14.1M",
		"albumName": "亲情不断电 2016年春季合集",
		"id": 6259000028,
		"albumId": 6259,
		"albumtitle": "亲情不断电 2016年春季合集(28)",
		"textContent": ""
	},
	{
		"title": "春节“亲子大红包”（3）：关乎孩子的交友与婚姻 20160210",
		"path": "http://media.febcchinese.org/streaming/up/up160210.mp3",
		"duration": 1760,
		"size": "14.1M",
		"albumName": "亲情不断电 2016年春季合集",
		"id": 6259000029,
		"albumId": 6259,
		"albumtitle": "亲情不断电 2016年春季合集(29)",
		"textContent": ""
	},
	{
		"title": "春节“亲子大红包”（4nbsp;）关乎孩子的事业成就，休闲与娱乐 20160211",
		"path": "http://media.febcchinese.org/streaming/up/up160211.mp3",
		"duration": 1760,
		"size": "14.1M",
		"albumName": "亲情不断电 2016年春季合集",
		"id": 6259000030,
		"albumId": 6259,
		"albumtitle": "亲情不断电 2016年春季合集(30)",
		"textContent": ""
	},
	{
		"title": "春节“亲子大红包”（5） 关乎孩子的心志与德行 20160212",
		"path": "http://media.febcchinese.org/streaming/up/up160212.mp3",
		"duration": 1760,
		"size": "14.1M",
		"albumName": "亲情不断电 2016年春季合集",
		"id": 6259000031,
		"albumId": 6259,
		"albumtitle": "亲情不断电 2016年春季合集(31)",
		"textContent": ""
	},
	{
		"title": "天下男人（十三）男人的名分 20160215",
		"path": "http://media.febcchinese.org/streaming/up/up160215.mp3",
		"duration": 1760,
		"size": "14.1M",
		"albumName": "亲情不断电 2016年春季合集",
		"id": 6259000032,
		"albumId": 6259,
		"albumtitle": "亲情不断电 2016年春季合集(32)",
		"textContent": ""
	},
	{
		"title": "天下男人（十四）男人的诡诈 20160216",
		"path": "http://media.febcchinese.org/streaming/up/up160216.mp3",
		"duration": 1760,
		"size": "14.1M",
		"albumName": "亲情不断电 2016年春季合集",
		"id": 6259000033,
		"albumId": 6259,
		"albumtitle": "亲情不断电 2016年春季合集(33)",
		"textContent": ""
	},
	{
		"title": "天下男人（十五）男人的深情 20160217",
		"path": "http://media.febcchinese.org/streaming/up/up160217.mp3",
		"duration": 1760,
		"size": "14.1M",
		"albumName": "亲情不断电 2016年春季合集",
		"id": 6259000034,
		"albumId": 6259,
		"albumtitle": "亲情不断电 2016年春季合集(34)",
		"textContent": ""
	},
	{
		"title": "天下男人（十六）男人的艳遇 20160218",
		"path": "http://media.febcchinese.org/streaming/up/up160218.mp3",
		"duration": 1760,
		"size": "14.1M",
		"albumName": "亲情不断电 2016年春季合集",
		"id": 6259000035,
		"albumId": 6259,
		"albumtitle": "亲情不断电 2016年春季合集(35)",
		"textContent": ""
	},
	{
		"title": "天下男人（十七）艳遇之后 20160219",
		"path": "http://media.febcchinese.org/streaming/up/up160219.mp3",
		"duration": 1760,
		"size": "14.1M",
		"albumName": "亲情不断电 2016年春季合集",
		"id": 6259000036,
		"albumId": 6259,
		"albumtitle": "亲情不断电 2016年春季合集(36)",
		"textContent": ""
	},
	{
		"title": "天下男人（十八）面对委屈 20160222",
		"path": "http://media.febcchinese.org/streaming/up/up160222.mp3",
		"duration": 1760,
		"size": "14.1M",
		"albumName": "亲情不断电 2016年春季合集",
		"id": 6259000037,
		"albumId": 6259,
		"albumtitle": "亲情不断电 2016年春季合集(37)",
		"textContent": ""
	},
	{
		"title": "天下男人（十九）是力量还是软弱？ 20160223",
		"path": "http://media.febcchinese.org/streaming/up/up160223.mp3",
		"duration": 1760,
		"size": "14.1M",
		"albumName": "亲情不断电 2016年春季合集",
		"id": 6259000038,
		"albumId": 6259,
		"albumtitle": "亲情不断电 2016年春季合集(38)",
		"textContent": ""
	},
	{
		"title": "天下男人（二十）谦卑 20160224",
		"path": "http://media.febcchinese.org/streaming/up/up160224.mp3",
		"duration": 1760,
		"size": "14.1M",
		"albumName": "亲情不断电 2016年春季合集",
		"id": 6259000039,
		"albumId": 6259,
		"albumtitle": "亲情不断电 2016年春季合集(39)",
		"textContent": ""
	},
	{
		"title": "天下男人（二十一）男人的苦难 20160225",
		"path": "http://media.febcchinese.org/streaming/up/up160225.mp3",
		"duration": 1760,
		"size": "14.1M",
		"albumName": "亲情不断电 2016年春季合集",
		"id": 6259000040,
		"albumId": 6259,
		"albumtitle": "亲情不断电 2016年春季合集(40)",
		"textContent": ""
	},
	{
		"title": "天下男人（二十二）男人的盼望 20160226",
		"path": "http://media.febcchinese.org/streaming/up/up160226.mp3",
		"duration": 1760,
		"size": "14.1M",
		"albumName": "亲情不断电 2016年春季合集",
		"id": 6259000041,
		"albumId": 6259,
		"albumtitle": "亲情不断电 2016年春季合集(41)",
		"textContent": ""
	},
	{
		"title": "恩泽的抑郁症 20160229",
		"path": "http://media.febcchinese.org/streaming/up/up160229.mp3",
		"duration": 1760,
		"size": "14.1M",
		"albumName": "亲情不断电 2016年春季合集",
		"id": 6259000042,
		"albumId": 6259,
		"albumtitle": "亲情不断电 2016年春季合集(42)",
		"textContent": ""
	},
	{
		"title": "人际关系需要界限 20160301",
		"path": "http://media.febcchinese.org/streaming/up/up160301.mp3",
		"duration": 1760,
		"size": "14.1M",
		"albumName": "亲情不断电 2016年春季合集",
		"id": 6259000043,
		"albumId": 6259,
		"albumtitle": "亲情不断电 2016年春季合集(43)",
		"textContent": ""
	},
	{
		"title": "走出忧郁症 20160302",
		"path": "http://media.febcchinese.org/streaming/up/up160302.mp3",
		"duration": 1760,
		"size": "14.1M",
		"albumName": "亲情不断电 2016年春季合集",
		"id": 6259000044,
		"albumId": 6259,
		"albumtitle": "亲情不断电 2016年春季合集(44)",
		"textContent": ""
	},
	{
		"title": "成为神家的孩子 20160303",
		"path": "http://media.febcchinese.org/streaming/up/up160303.mp3",
		"duration": 1760,
		"size": "14.1M",
		"albumName": "亲情不断电 2016年春季合集",
		"id": 6259000045,
		"albumId": 6259,
		"albumtitle": "亲情不断电 2016年春季合集(45)",
		"textContent": ""
	},
	{
		"title": "怎样面对和处理负面情绪 20160304",
		"path": "http://media.febcchinese.org/streaming/up/up160304.mp3",
		"duration": 1760,
		"size": "14.1M",
		"albumName": "亲情不断电 2016年春季合集",
		"id": 6259000046,
		"albumId": 6259,
		"albumtitle": "亲情不断电 2016年春季合集(46)",
		"textContent": ""
	},
	{
		"title": "圣经中的情书 20160307",
		"path": "http://media.febcchinese.org/streaming/up/up160307.mp3",
		"duration": 1760,
		"size": "14.1M",
		"albumName": "亲情不断电 2016年春季合集",
		"id": 6259000047,
		"albumId": 6259,
		"albumtitle": "亲情不断电 2016年春季合集(47)",
		"textContent": ""
	},
	{
		"title": "石头在说话 20160308",
		"path": "http://media.febcchinese.org/streaming/up/up160308.mp3",
		"duration": 1760,
		"size": "14.1M",
		"albumName": "亲情不断电 2016年春季合集",
		"id": 6259000048,
		"albumId": 6259,
		"albumtitle": "亲情不断电 2016年春季合集(48)",
		"textContent": ""
	},
	{
		"title": "好好活下去 20160309",
		"path": "http://media.febcchinese.org/streaming/up/up160309.mp3",
		"duration": 1760,
		"size": "14.1M",
		"albumName": "亲情不断电 2016年春季合集",
		"id": 6259000049,
		"albumId": 6259,
		"albumtitle": "亲情不断电 2016年春季合集(49)",
		"textContent": ""
	},
	{
		"title": "两代人之间 20160310",
		"path": "http://media.febcchinese.org/streaming/up/up160310.mp3",
		"duration": 1760,
		"size": "14.1M",
		"albumName": "亲情不断电 2016年春季合集",
		"id": 6259000050,
		"albumId": 6259,
		"albumtitle": "亲情不断电 2016年春季合集(50)",
		"textContent": ""
	},
	{
		"title": "毕业纪念册 20160311",
		"path": "http://media.febcchinese.org/streaming/up/up160311.mp3",
		"duration": 1760,
		"size": "14.1M",
		"albumName": "亲情不断电 2016年春季合集",
		"id": 6259000051,
		"albumId": 6259,
		"albumtitle": "亲情不断电 2016年春季合集(51)",
		"textContent": ""
	},
	{
		"title": "恩爱之吻 20160314",
		"path": "http://media.febcchinese.org/streaming/up/up160314.mp3",
		"duration": 1760,
		"size": "14.1M",
		"albumName": "亲情不断电 2016年春季合集",
		"id": 6259000052,
		"albumId": 6259,
		"albumtitle": "亲情不断电 2016年春季合集(52)",
		"textContent": ""
	},
	{
		"title": "夫唱妇随 20160315",
		"path": "http://media.febcchinese.org/streaming/up/up160315.mp3",
		"duration": 1760,
		"size": "14.1M",
		"albumName": "亲情不断电 2016年春季合集",
		"id": 6259000053,
		"albumId": 6259,
		"albumtitle": "亲情不断电 2016年春季合集(53)",
		"textContent": ""
	},
	{
		"title": "手足情 20160316",
		"path": "http://media.febcchinese.org/streaming/up/up160316.mp3",
		"duration": 1760,
		"size": "14.1M",
		"albumName": "亲情不断电 2016年春季合集",
		"id": 6259000054,
		"albumId": 6259,
		"albumtitle": "亲情不断电 2016年春季合集(54)",
		"textContent": ""
	},
	{
		"title": "总统的囚犯经历·婆婆有用 20160317",
		"path": "http://media.febcchinese.org/streaming/up/up160317.mp3",
		"duration": 1760,
		"size": "14.1M",
		"albumName": "亲情不断电 2016年春季合集",
		"id": 6259000055,
		"albumId": 6259,
		"albumtitle": "亲情不断电 2016年春季合集(55)",
		"textContent": ""
	},
	{
		"title": "面对老去的容颜·不许人间见白头 20160318",
		"path": "http://media.febcchinese.org/streaming/up/up160318.mp3",
		"duration": 1760,
		"size": "14.1M",
		"albumName": "亲情不断电 2016年春季合集",
		"id": 6259000056,
		"albumId": 6259,
		"albumtitle": "亲情不断电 2016年春季合集(56)",
		"textContent": ""
	},
	{
		"title": "以体恤的方式爱人 20160321",
		"path": "http://media.febcchinese.org/streaming/up/up160321.mp3",
		"duration": 1760,
		"size": "14.1M",
		"albumName": "亲情不断电 2016年春季合集",
		"id": 6259000057,
		"albumId": 6259,
		"albumtitle": "亲情不断电 2016年春季合集(57)",
		"textContent": ""
	},
	{
		"title": "祖孙情 20160322",
		"path": "http://media.febcchinese.org/streaming/up/up160322.mp3",
		"duration": 1760,
		"size": "14.1M",
		"albumName": "亲情不断电 2016年春季合集",
		"id": 6259000058,
		"albumId": 6259,
		"albumtitle": "亲情不断电 2016年春季合集(58)",
		"textContent": ""
	},
	{
		"title": "天上的家乡 20160323",
		"path": "http://media.febcchinese.org/streaming/up/up160323.mp3",
		"duration": 1760,
		"size": "14.1M",
		"albumName": "亲情不断电 2016年春季合集",
		"id": 6259000059,
		"albumId": 6259,
		"albumtitle": "亲情不断电 2016年春季合集(59)",
		"textContent": ""
	},
	{
		"title": "珍视孩子的单纯美好 20160324",
		"path": "http://media.febcchinese.org/streaming/up/up160324.mp3",
		"duration": 1760,
		"size": "14.1M",
		"albumName": "亲情不断电 2016年春季合集",
		"id": 6259000060,
		"albumId": 6259,
		"albumtitle": "亲情不断电 2016年春季合集(60)",
		"textContent": ""
	},
	{
		"title": "如何适应两级差异 20160325",
		"path": "http://media.febcchinese.org/streaming/up/up160325.mp3",
		"duration": 1760,
		"size": "14.1M",
		"albumName": "亲情不断电 2016年春季合集",
		"id": 6259000061,
		"albumId": 6259,
		"albumtitle": "亲情不断电 2016年春季合集(61)",
		"textContent": ""
	},
	{
		"title": "向撒旦宣战 20160328",
		"path": "http://media.febcchinese.org/streaming/up/up160328.mp3",
		"duration": 1760,
		"size": "14.1M",
		"albumName": "亲情不断电 2016年春季合集",
		"id": 6259000062,
		"albumId": 6259,
		"albumtitle": "亲情不断电 2016年春季合集(62)",
		"textContent": ""
	},
	{
		"title": "房子·家 20160329",
		"path": "http://media.febcchinese.org/streaming/up/up160329.mp3",
		"duration": 1760,
		"size": "14.1M",
		"albumName": "亲情不断电 2016年春季合集",
		"id": 6259000063,
		"albumId": 6259,
		"albumtitle": "亲情不断电 2016年春季合集(63)",
		"textContent": ""
	},
	{
		"title": "爱情中的输赢·真爱要等待 20160330",
		"path": "http://media.febcchinese.org/streaming/up/up160330.mp3",
		"duration": 1760,
		"size": "14.1M",
		"albumName": "亲情不断电 2016年春季合集",
		"id": 6259000064,
		"albumId": 6259,
		"albumtitle": "亲情不断电 2016年春季合集(64)",
		"textContent": ""
	},
	{
		"title": "换个角度看问题·中年四机 20160331",
		"path": "http://media.febcchinese.org/streaming/up/up160331.mp3",
		"duration": 1760,
		"size": "14.1M",
		"albumName": "亲情不断电 2016年春季合集",
		"id": 6259000065,
		"albumId": 6259,
		"albumtitle": "亲情不断电 2016年春季合集(65)",
		"textContent": ""
	}
]