[
	{
		"title": "树树带你游莎士比亚环球剧场 20130401",
		"path": "http://media.febcchinese.org/streaming/up/up130401.mp3",
		"duration": 1760,
		"size": "14.1M",
		"albumName": "亲情不断电 2013年夏季合集",
		"id": 6248000001,
		"albumId": 6248,
		"albumtitle": "亲情不断电 2013年夏季合集(1)",
		"textContent": ""
	},
	{
		"title": "“是”与“不是”组装信任 20130402",
		"path": "http://media.febcchinese.org/streaming/up/up130402.mp3",
		"duration": 1760,
		"size": "14.1M",
		"albumName": "亲情不断电 2013年夏季合集",
		"id": 6248000002,
		"albumId": 6248,
		"albumtitle": "亲情不断电 2013年夏季合集(2)",
		"textContent": ""
	},
	{
		"title": "谨防“四种方式”侵蚀信任 20130403",
		"path": "http://media.febcchinese.org/streaming/up/up130403.mp3",
		"duration": 1760,
		"size": "14.1M",
		"albumName": "亲情不断电 2013年夏季合集",
		"id": 6248000003,
		"albumId": 6248,
		"albumtitle": "亲情不断电 2013年夏季合集(3)",
		"textContent": ""
	},
	{
		"title": "小屋：审判耶稣？审判上帝？ 20130404",
		"path": "http://media.febcchinese.org/streaming/up/up130404.mp3",
		"duration": 1760,
		"size": "14.1M",
		"albumName": "亲情不断电 2013年夏季合集",
		"id": 6248000004,
		"albumId": 6248,
		"albumtitle": "亲情不断电 2013年夏季合集(4)",
		"textContent": ""
	},
	{
		"title": "小屋：再见密斯 20130405",
		"path": "http://media.febcchinese.org/streaming/up/up130405.mp3",
		"duration": 1760,
		"size": "14.1M",
		"albumName": "亲情不断电 2013年夏季合集",
		"id": 6248000005,
		"albumId": 6248,
		"albumtitle": "亲情不断电 2013年夏季合集(5)",
		"textContent": ""
	},
	{
		"title": "树树带你游伦敦塔 20130408",
		"path": "http://media.febcchinese.org/streaming/up/up130408.mp3",
		"duration": 1760,
		"size": "14.1M",
		"albumName": "亲情不断电 2013年夏季合集",
		"id": 6248000006,
		"albumId": 6248,
		"albumtitle": "亲情不断电 2013年夏季合集(6)",
		"textContent": ""
	},
	{
		"title": "构筑心灵堤坝 20130409",
		"path": "http://media.febcchinese.org/streaming/up/up130409.mp3",
		"duration": 1760,
		"size": "14.1M",
		"albumName": "亲情不断电 2013年夏季合集",
		"id": 6248000007,
		"albumId": 6248,
		"albumtitle": "亲情不断电 2013年夏季合集(7)",
		"textContent": ""
	},
	{
		"title": "打破言语恶性循环的方法 20130410",
		"path": "http://media.febcchinese.org/streaming/up/up130410.mp3",
		"duration": 1760,
		"size": "14.1M",
		"albumName": "亲情不断电 2013年夏季合集",
		"id": 6248000008,
		"albumId": 6248,
		"albumtitle": "亲情不断电 2013年夏季合集(8)",
		"textContent": ""
	},
	{
		"title": "《小屋》第十二章：怪兽的腹中（一） 20130411",
		"path": "http://media.febcchinese.org/streaming/up/up130411.mp3",
		"duration": 1760,
		"size": "14.1M",
		"albumName": "亲情不断电 2013年夏季合集",
		"id": 6248000009,
		"albumId": 6248,
		"albumtitle": "亲情不断电 2013年夏季合集(9)",
		"textContent": ""
	},
	{
		"title": "小屋：怪兽的腹中（二） 20130412",
		"path": "http://media.febcchinese.org/streaming/up/up130412.mp3",
		"duration": 1760,
		"size": "14.1M",
		"albumName": "亲情不断电 2013年夏季合集",
		"id": 6248000010,
		"albumId": 6248,
		"albumtitle": "亲情不断电 2013年夏季合集(10)",
		"textContent": ""
	},
	{
		"title": "树树带你游伦敦地牢 20130415",
		"path": "http://media.febcchinese.org/streaming/up/up130415.mp3",
		"duration": 1760,
		"size": "14.1M",
		"albumName": "亲情不断电 2013年夏季合集",
		"id": 6248000011,
		"albumId": 6248,
		"albumtitle": "亲情不断电 2013年夏季合集(11)",
		"textContent": ""
	},
	{
		"title": "真正的诚实 20130416",
		"path": "http://media.febcchinese.org/streaming/up/up130416.mp3",
		"duration": 1760,
		"size": "14.1M",
		"albumName": "亲情不断电 2013年夏季合集",
		"id": 6248000012,
		"albumId": 6248,
		"albumtitle": "亲情不断电 2013年夏季合集(12)",
		"textContent": ""
	},
	{
		"title": "用爱心说诚实话 20130417",
		"path": "http://media.febcchinese.org/streaming/up/up130417.mp3",
		"duration": 1760,
		"size": "14.1M",
		"albumName": "亲情不断电 2013年夏季合集",
		"id": 6248000013,
		"albumId": 6248,
		"albumtitle": "亲情不断电 2013年夏季合集(13)",
		"textContent": ""
	},
	{
		"title": "小屋：怪兽的腹中（三） 20130418",
		"path": "http://media.febcchinese.org/streaming/up/up130418.mp3",
		"duration": 1760,
		"size": "14.1M",
		"albumName": "亲情不断电 2013年夏季合集",
		"id": 6248000014,
		"albumId": 6248,
		"albumtitle": "亲情不断电 2013年夏季合集(14)",
		"textContent": ""
	},
	{
		"title": "小屋：腹中的怪兽（四） 20130419",
		"path": "http://media.febcchinese.org/streaming/up/up130419.mp3",
		"duration": 1760,
		"size": "14.1M",
		"albumName": "亲情不断电 2013年夏季合集",
		"id": 6248000015,
		"albumId": 6248,
		"albumtitle": "亲情不断电 2013年夏季合集(15)",
		"textContent": ""
	},
	{
		"title": "树树带你游名人教堂和故居 20130422",
		"path": "http://media.febcchinese.org/streaming/up/up130422.mp3",
		"duration": 1760,
		"size": "14.1M",
		"albumName": "亲情不断电 2013年夏季合集",
		"id": 6248000016,
		"albumId": 6248,
		"albumtitle": "亲情不断电 2013年夏季合集(16)",
		"textContent": ""
	},
	{
		"title": "警惕祷告的几大误区 20130423",
		"path": "http://media.febcchinese.org/streaming/up/up130423.mp3",
		"duration": 1760,
		"size": "14.1M",
		"albumName": "亲情不断电 2013年夏季合集",
		"id": 6248000017,
		"albumId": 6248,
		"albumtitle": "亲情不断电 2013年夏季合集(17)",
		"textContent": ""
	},
	{
		"title": "怎样向神祷告 20130424",
		"path": "http://media.febcchinese.org/streaming/up/up130424.mp3",
		"duration": 1760,
		"size": "14.1M",
		"albumName": "亲情不断电 2013年夏季合集",
		"id": 6248000018,
		"albumId": 6248,
		"albumtitle": "亲情不断电 2013年夏季合集(18)",
		"textContent": ""
	},
	{
		"title": "亲请回信：跟家人更好地沟通@@@小屋第13章：新的聚会 20130425",
		"path": "http://media.febcchinese.org/streaming/up/up130425.mp3",
		"duration": 1760,
		"size": "14.1M",
		"albumName": "亲情不断电 2013年夏季合集",
		"id": 6248000019,
		"albumId": 6248,
		"albumtitle": "亲情不断电 2013年夏季合集(19)",
		"textContent": ""
	},
	{
		"title": "小屋第13章：新的聚会（二） 20130426",
		"path": "http://media.febcchinese.org/streaming/up/up130426.mp3",
		"duration": 1760,
		"size": "14.1M",
		"albumName": "亲情不断电 2013年夏季合集",
		"id": 6248000020,
		"albumId": 6248,
		"albumtitle": "亲情不断电 2013年夏季合集(20)",
		"textContent": ""
	},
	{
		"title": "吃在英国，品尝幸福 20130429",
		"path": "http://media.febcchinese.org/streaming/up/up130429.mp3",
		"duration": 1760,
		"size": "14.1M",
		"albumName": "亲情不断电 2013年夏季合集",
		"id": 6248000021,
		"albumId": 6248,
		"albumtitle": "亲情不断电 2013年夏季合集(21)",
		"textContent": ""
	},
	{
		"title": "家人更好沟通的三种方式 20130430",
		"path": "http://media.febcchinese.org/streaming/up/up130430.mp3",
		"duration": 1760,
		"size": "14.1M",
		"albumName": "亲情不断电 2013年夏季合集",
		"id": 6248000022,
		"albumId": 6248,
		"albumtitle": "亲情不断电 2013年夏季合集(22)",
		"textContent": ""
	},
	{
		"title": "善用三种沟通方式，走进新关系 20130501",
		"path": "http://media.febcchinese.org/streaming/up/up130501.mp3",
		"duration": 1760,
		"size": "14.1M",
		"albumName": "亲情不断电 2013年夏季合集",
		"id": 6248000023,
		"albumId": 6248,
		"albumtitle": "亲情不断电 2013年夏季合集(23)",
		"textContent": ""
	},
	{
		"title": "孩子经常抠指甲怎么办？@@小屋第14章：动词及其他自由 20130502",
		"path": "http://media.febcchinese.org/streaming/up/up130502.mp3",
		"duration": 1760,
		"size": "14.1M",
		"albumName": "亲情不断电 2013年夏季合集",
		"id": 6248000024,
		"albumId": 6248,
		"albumtitle": "亲情不断电 2013年夏季合集(24)",
		"textContent": ""
	},
	{
		"title": "小屋第14集：动词及其他（二） 20130503",
		"path": "http://media.febcchinese.org/streaming/up/up130503.mp3",
		"duration": 1760,
		"size": "14.1M",
		"albumName": "亲情不断电 2013年夏季合集",
		"id": 6248000025,
		"albumId": 6248,
		"albumtitle": "亲情不断电 2013年夏季合集(25)",
		"textContent": ""
	},
	{
		"title": "一个屋檐下 20130506",
		"path": "http://media.febcchinese.org/streaming/up/up130506.mp3",
		"duration": 1760,
		"size": "14.1M",
		"albumName": "亲情不断电 2013年夏季合集",
		"id": 6248000026,
		"albumId": 6248,
		"albumtitle": "亲情不断电 2013年夏季合集(26)",
		"textContent": ""
	},
	{
		"title": "谢谢你的口香糖 20130507",
		"path": "http://media.febcchinese.org/streaming/up/up130507.mp3",
		"duration": 1760,
		"size": "14.1M",
		"albumName": "亲情不断电 2013年夏季合集",
		"id": 6248000027,
		"albumId": 6248,
		"albumtitle": "亲情不断电 2013年夏季合集(27)",
		"textContent": ""
	},
	{
		"title": "离开，静候与勇气 20130508",
		"path": "http://media.febcchinese.org/streaming/up/up130508.mp3",
		"duration": 1760,
		"size": "14.1M",
		"albumName": "亲情不断电 2013年夏季合集",
		"id": 6248000028,
		"albumId": 6248,
		"albumtitle": "亲情不断电 2013年夏季合集(28)",
		"textContent": ""
	},
	{
		"title": "文洁来信：为世界和平祷告@@小屋第14章：动词及其他 20130509",
		"path": "http://media.febcchinese.org/streaming/up/up130509.mp3",
		"duration": 1760,
		"size": "14.1M",
		"albumName": "亲情不断电 2013年夏季合集",
		"id": 6248000029,
		"albumId": 6248,
		"albumtitle": "亲情不断电 2013年夏季合集(29)",
		"textContent": ""
	},
	{
		"title": "小屋第14章：动词及其他（四） 20130510",
		"path": "http://media.febcchinese.org/streaming/up/up130510.mp3",
		"duration": 1760,
		"size": "14.1M",
		"albumName": "亲情不断电 2013年夏季合集",
		"id": 6248000030,
		"albumId": 6248,
		"albumtitle": "亲情不断电 2013年夏季合集(30)",
		"textContent": ""
	},
	{
		"title": "如何做好子女 20130513",
		"path": "http://media.febcchinese.org/streaming/up/up130513.mp3",
		"duration": 1760,
		"size": "14.1M",
		"albumName": "亲情不断电 2013年夏季合集",
		"id": 6248000031,
		"albumId": 6248,
		"albumtitle": "亲情不断电 2013年夏季合集(31)",
		"textContent": ""
	},
	{
		"title": "看见自己眼中的梁木 20130514",
		"path": "http://media.febcchinese.org/streaming/up/up130514.mp3",
		"duration": 1760,
		"size": "14.1M",
		"albumName": "亲情不断电 2013年夏季合集",
		"id": 6248000032,
		"albumId": 6248,
		"albumtitle": "亲情不断电 2013年夏季合集(32)",
		"textContent": ""
	},
	{
		"title": "看到别人眼中的刺 20130515",
		"path": "http://media.febcchinese.org/streaming/up/up130515.mp3",
		"duration": 1760,
		"size": "14.1M",
		"albumName": "亲情不断电 2013年夏季合集",
		"id": 6248000033,
		"albumId": 6248,
		"albumtitle": "亲情不断电 2013年夏季合集(33)",
		"textContent": ""
	},
	{
		"title": "小屋第15章：朋友狂欢节（一） 20130516",
		"path": "http://media.febcchinese.org/streaming/up/up130516.mp3",
		"duration": 1760,
		"size": "14.1M",
		"albumName": "亲情不断电 2013年夏季合集",
		"id": 6248000034,
		"albumId": 6248,
		"albumtitle": "亲情不断电 2013年夏季合集(34)",
		"textContent": ""
	},
	{
		"title": "小屋第15章：朋友狂欢节（二） 20130517",
		"path": "http://media.febcchinese.org/streaming/up/up130517.mp3",
		"duration": 1760,
		"size": "14.1M",
		"albumName": "亲情不断电 2013年夏季合集",
		"id": 6248000035,
		"albumId": 6248,
		"albumtitle": "亲情不断电 2013年夏季合集(35)",
		"textContent": ""
	},
	{
		"title": "身为父母 20130520",
		"path": "http://media.febcchinese.org/streaming/up/up130520.mp3",
		"duration": 1760,
		"size": "14.1M",
		"albumName": "亲情不断电 2013年夏季合集",
		"id": 6248000036,
		"albumId": 6248,
		"albumtitle": "亲情不断电 2013年夏季合集(36)",
		"textContent": ""
	},
	{
		"title": "卸下面具 20130521",
		"path": "http://media.febcchinese.org/streaming/up/up130521.mp3",
		"duration": 1760,
		"size": "14.1M",
		"albumName": "亲情不断电 2013年夏季合集",
		"id": 6248000037,
		"albumId": 6248,
		"albumtitle": "亲情不断电 2013年夏季合集(37)",
		"textContent": ""
	},
	{
		"title": "定睛在神的身上 20130522",
		"path": "http://media.febcchinese.org/streaming/up/up130522.mp3",
		"duration": 1760,
		"size": "14.1M",
		"albumName": "亲情不断电 2013年夏季合集",
		"id": 6248000038,
		"albumId": 6248,
		"albumtitle": "亲情不断电 2013年夏季合集(38)",
		"textContent": ""
	},
	{
		"title": "弑杀亲情的背后@@小屋：悲伤的早晨 20130523",
		"path": "http://media.febcchinese.org/streaming/up/up130523.mp3",
		"duration": 1760,
		"size": "14.1M",
		"albumName": "亲情不断电 2013年夏季合集",
		"id": 6248000039,
		"albumId": 6248,
		"albumtitle": "亲情不断电 2013年夏季合集(39)",
		"textContent": ""
	},
	{
		"title": "小屋第16章：悲伤的早晨（二） 20130524",
		"path": "http://media.febcchinese.org/streaming/up/up130524.mp3",
		"duration": 1760,
		"size": "14.1M",
		"albumName": "亲情不断电 2013年夏季合集",
		"id": 6248000040,
		"albumId": 6248,
		"albumtitle": "亲情不断电 2013年夏季合集(40)",
		"textContent": ""
	},
	{
		"title": "持有好的手足关系 20130527",
		"path": "http://media.febcchinese.org/streaming/up/up130527.mp3",
		"duration": 1760,
		"size": "14.1M",
		"albumName": "亲情不断电 2013年夏季合集",
		"id": 6248000041,
		"albumId": 6248,
		"albumtitle": "亲情不断电 2013年夏季合集(41)",
		"textContent": ""
	},
	{
		"title": "做个正直的人 20130528",
		"path": "http://media.febcchinese.org/streaming/up/up130528.mp3",
		"duration": 1760,
		"size": "14.1M",
		"albumName": "亲情不断电 2013年夏季合集",
		"id": 6248000042,
		"albumId": 6248,
		"albumtitle": "亲情不断电 2013年夏季合集(42)",
		"textContent": ""
	},
	{
		"title": "怎样选择正直 20130529",
		"path": "http://media.febcchinese.org/streaming/up/up130529.mp3",
		"duration": 1760,
		"size": "14.1M",
		"albumName": "亲情不断电 2013年夏季合集",
		"id": 6248000043,
		"albumId": 6248,
		"albumtitle": "亲情不断电 2013年夏季合集(43)",
		"textContent": ""
	},
	{
		"title": "小屋：原谅曾经伤害你的人 20130530",
		"path": "http://media.febcchinese.org/streaming/up/up130530.mp3",
		"duration": 1760,
		"size": "14.1M",
		"albumName": "亲情不断电 2013年夏季合集",
		"id": 6248000044,
		"albumId": 6248,
		"albumtitle": "亲情不断电 2013年夏季合集(44)",
		"textContent": ""
	},
	{
		"title": "小屋：安息吧，密斯 20130531",
		"path": "http://media.febcchinese.org/streaming/up/up130531.mp3",
		"duration": 1760,
		"size": "14.1M",
		"albumName": "亲情不断电 2013年夏季合集",
		"id": 6248000045,
		"albumId": 6248,
		"albumtitle": "亲情不断电 2013年夏季合集(45)",
		"textContent": ""
	},
	{
		"title": "恋爱就是为了结婚吗？ 20130603",
		"path": "http://media.febcchinese.org/streaming/up/up130603.mp3",
		"duration": 1760,
		"size": "14.1M",
		"albumName": "亲情不断电 2013年夏季合集",
		"id": 6248000046,
		"albumId": 6248,
		"albumtitle": "亲情不断电 2013年夏季合集(46)",
		"textContent": ""
	},
	{
		"title": "向怜悯说“立刻” 20130604",
		"path": "http://media.febcchinese.org/streaming/up/up130604.mp3",
		"duration": 1760,
		"size": "14.1M",
		"albumName": "亲情不断电 2013年夏季合集",
		"id": 6248000047,
		"albumId": 6248,
		"albumtitle": "亲情不断电 2013年夏季合集(47)",
		"textContent": ""
	},
	{
		"title": "穿上“怜悯” 20130605",
		"path": "http://media.febcchinese.org/streaming/up/up130605.mp3",
		"duration": 1760,
		"size": "14.1M",
		"albumName": "亲情不断电 2013年夏季合集",
		"id": 6248000048,
		"albumId": 6248,
		"albumtitle": "亲情不断电 2013年夏季合集(48)",
		"textContent": ""
	},
	{
		"title": "天使的名字叫妈妈; 小屋：留下？离开？ 20130606",
		"path": "http://media.febcchinese.org/streaming/up/up130606.mp3",
		"duration": 1760,
		"size": "14.1M",
		"albumName": "亲情不断电 2013年夏季合集",
		"id": 6248000049,
		"albumId": 6248,
		"albumtitle": "亲情不断电 2013年夏季合集(49)",
		"textContent": ""
	},
	{
		"title": "小屋：惨遭车祸，是真是幻 20130607",
		"path": "http://media.febcchinese.org/streaming/up/up130607.mp3",
		"duration": 1760,
		"size": "14.1M",
		"albumName": "亲情不断电 2013年夏季合集",
		"id": 6248000050,
		"albumId": 6248,
		"albumtitle": "亲情不断电 2013年夏季合集(50)",
		"textContent": ""
	},
	{
		"title": "离开父母 20130610",
		"path": "http://media.febcchinese.org/streaming/up/up130610.mp3",
		"duration": 1760,
		"size": "14.1M",
		"albumName": "亲情不断电 2013年夏季合集",
		"id": 6248000051,
		"albumId": 6248,
		"albumtitle": "亲情不断电 2013年夏季合集(51)",
		"textContent": ""
	},
	{
		"title": "明白神的怜悯 20130611",
		"path": "http://media.febcchinese.org/streaming/up/up130611.mp3",
		"duration": 1760,
		"size": "14.1M",
		"albumName": "亲情不断电 2013年夏季合集",
		"id": 6248000052,
		"albumId": 6248,
		"albumtitle": "亲情不断电 2013年夏季合集(52)",
		"textContent": ""
	},
	{
		"title": "巴菲特的不速之客 20130612",
		"path": "http://media.febcchinese.org/streaming/up/up130612.mp3",
		"duration": 1760,
		"size": "14.1M",
		"albumName": "亲情不断电 2013年夏季合集",
		"id": 6248000053,
		"albumId": 6248,
		"albumtitle": "亲情不断电 2013年夏季合集(53)",
		"textContent": ""
	},
	{
		"title": "看到孩子身上的优点@ 小屋：恢复记忆，述说神爱 20130613",
		"path": "http://media.febcchinese.org/streaming/up/up130613.mp3",
		"duration": 1760,
		"size": "14.1M",
		"albumName": "亲情不断电 2013年夏季合集",
		"id": 6248000054,
		"albumId": 6248,
		"albumtitle": "亲情不断电 2013年夏季合集(54)",
		"textContent": ""
	},
	{
		"title": "爱人如己@小屋大结局：生命翻转，影响他人 20130614",
		"path": "http://media.febcchinese.org/streaming/up/up130614.mp3",
		"duration": 1760,
		"size": "14.1M",
		"albumName": "亲情不断电 2013年夏季合集",
		"id": 6248000055,
		"albumId": 6248,
		"albumtitle": "亲情不断电 2013年夏季合集(55)",
		"textContent": ""
	},
	{
		"title": "如何处理亲家关系？ 20130617",
		"path": "http://media.febcchinese.org/streaming/up/up130617.mp3",
		"duration": 1760,
		"size": "14.1M",
		"albumName": "亲情不断电 2013年夏季合集",
		"id": 6248000056,
		"albumId": 6248,
		"albumtitle": "亲情不断电 2013年夏季合集(56)",
		"textContent": ""
	},
	{
		"title": "五好男人（一）：如何做个好丈夫 20130618",
		"path": "http://media.febcchinese.org/streaming/up/up130618.mp3",
		"duration": 1760,
		"size": "14.1M",
		"albumName": "亲情不断电 2013年夏季合集",
		"id": 6248000057,
		"albumId": 6248,
		"albumtitle": "亲情不断电 2013年夏季合集(57)",
		"textContent": ""
	},
	{
		"title": "五好男人（二）：与孩子建立美好的关系 20130619",
		"path": "http://media.febcchinese.org/streaming/up/up130619.mp3",
		"duration": 1760,
		"size": "14.1M",
		"albumName": "亲情不断电 2013年夏季合集",
		"id": 6248000058,
		"albumId": 6248,
		"albumtitle": "亲情不断电 2013年夏季合集(58)",
		"textContent": ""
	},
	{
		"title": "五好男人（三）教养孩子跟神建立关系 20130620",
		"path": "http://media.febcchinese.org/streaming/up/up130620.mp3",
		"duration": 1760,
		"size": "14.1M",
		"albumName": "亲情不断电 2013年夏季合集",
		"id": 6248000059,
		"albumId": 6248,
		"albumtitle": "亲情不断电 2013年夏季合集(59)",
		"textContent": ""
	},
	{
		"title": "五好男人（四）：管教孩子慈爱与威严并存 20130621",
		"path": "http://media.febcchinese.org/streaming/up/up130621.mp3",
		"duration": 1760,
		"size": "14.1M",
		"albumName": "亲情不断电 2013年夏季合集",
		"id": 6248000060,
		"albumId": 6248,
		"albumtitle": "亲情不断电 2013年夏季合集(60)",
		"textContent": ""
	},
	{
		"title": "婆媳关系巧处理 20130624",
		"path": "http://media.febcchinese.org/streaming/up/up130624.mp3",
		"duration": 1760,
		"size": "14.1M",
		"albumName": "亲情不断电 2013年夏季合集",
		"id": 6248000061,
		"albumId": 6248,
		"albumtitle": "亲情不断电 2013年夏季合集(61)",
		"textContent": ""
	},
	{
		"title": "不能小觑神的审判 20130625",
		"path": "http://media.febcchinese.org/streaming/up/up130625.mp3",
		"duration": 1760,
		"size": "14.1M",
		"albumName": "亲情不断电 2013年夏季合集",
		"id": 6248000062,
		"albumId": 6248,
		"albumtitle": "亲情不断电 2013年夏季合集(62)",
		"textContent": ""
	},
	{
		"title": "把终极审判权交给神 20130626",
		"path": "http://media.febcchinese.org/streaming/up/up130626.mp3",
		"duration": 1760,
		"size": "14.1M",
		"albumName": "亲情不断电 2013年夏季合集",
		"id": 6248000063,
		"albumId": 6248,
		"albumtitle": "亲情不断电 2013年夏季合集(63)",
		"textContent": ""
	},
	{
		"title": "原生家庭对孩子的影响（一） 20130627",
		"path": "http://media.febcchinese.org/streaming/up/up130627.mp3",
		"duration": 1760,
		"size": "14.1M",
		"albumName": "亲情不断电 2013年夏季合集",
		"id": 6248000064,
		"albumId": 6248,
		"albumtitle": "亲情不断电 2013年夏季合集(64)",
		"textContent": ""
	},
	{
		"title": "原生家庭对孩子的影响（二） 20130628",
		"path": "http://media.febcchinese.org/streaming/up/up130628.mp3",
		"duration": 1760,
		"size": "14.1M",
		"albumName": "亲情不断电 2013年夏季合集",
		"id": 6248000065,
		"albumId": 6248,
		"albumtitle": "亲情不断电 2013年夏季合集(65)",
		"textContent": ""
	}
]