[
	{
		"title": "家庭中的成长（十一）:爱的卡片 20150401",
		"path": "http://media.febcchinese.org/streaming/up/up150401.mp3",
		"duration": 1760,
		"size": "14.1M",
		"albumName": "亲情不断电 2015年夏季合集",
		"id": 6256000001,
		"albumId": 6256,
		"albumtitle": "亲情不断电 2015年夏季合集(1)",
		"textContent": ""
	},
	{
		"title": "天下男人（四）： 男人的眼泪 20150402",
		"path": "http://media.febcchinese.org/streaming/up/up150402.mp3",
		"duration": 1760,
		"size": "14.1M",
		"albumName": "亲情不断电 2015年夏季合集",
		"id": 6256000002,
		"albumId": 6256,
		"albumtitle": "亲情不断电 2015年夏季合集(2)",
		"textContent": ""
	},
	{
		"title": "替耶稣背十字架的人 20150403",
		"path": "http://media.febcchinese.org/streaming/up/up150403.mp3",
		"duration": 1760,
		"size": "14.1M",
		"albumName": "亲情不断电 2015年夏季合集",
		"id": 6256000003,
		"albumId": 6256,
		"albumtitle": "亲情不断电 2015年夏季合集(3)",
		"textContent": ""
	},
	{
		"title": "家庭中的成长（十二）：小不忍乱大谋 20150406",
		"path": "http://media.febcchinese.org/streaming/up/up150406.mp3",
		"duration": 1760,
		"size": "14.1M",
		"albumName": "亲情不断电 2015年夏季合集",
		"id": 6256000004,
		"albumId": 6256,
		"albumtitle": "亲情不断电 2015年夏季合集(4)",
		"textContent": ""
	},
	{
		"title": "家庭中的成长（十三）：吵架的学问 20150407",
		"path": "http://media.febcchinese.org/streaming/up/up150407.mp3",
		"duration": 1760,
		"size": "14.1M",
		"albumName": "亲情不断电 2015年夏季合集",
		"id": 6256000005,
		"albumId": 6256,
		"albumtitle": "亲情不断电 2015年夏季合集(5)",
		"textContent": ""
	},
	{
		"title": "家庭中的成长（十四）：吵架不要翻旧账 20150408",
		"path": "http://media.febcchinese.org/streaming/up/up150408.mp3",
		"duration": 1760,
		"size": "14.1M",
		"albumName": "亲情不断电 2015年夏季合集",
		"id": 6256000006,
		"albumId": 6256,
		"albumtitle": "亲情不断电 2015年夏季合集(6)",
		"textContent": ""
	},
	{
		"title": "天下男人（五）：主妇和煮夫 20150409",
		"path": "http://media.febcchinese.org/streaming/up/up150409.mp3",
		"duration": 1760,
		"size": "14.1M",
		"albumName": "亲情不断电 2015年夏季合集",
		"id": 6256000007,
		"albumId": 6256,
		"albumtitle": "亲情不断电 2015年夏季合集(7)",
		"textContent": ""
	},
	{
		"title": "逾越节的来历 20150410",
		"path": "http://media.febcchinese.org/streaming/up/up150410.mp3",
		"duration": 1760,
		"size": "14.1M",
		"albumName": "亲情不断电 2015年夏季合集",
		"id": 6256000008,
		"albumId": 6256,
		"albumtitle": "亲情不断电 2015年夏季合集(8)",
		"textContent": ""
	},
	{
		"title": "家庭中的成长（十五）：吵架不要骂父母 20150413",
		"path": "http://media.febcchinese.org/streaming/up/up150413.mp3",
		"duration": 1760,
		"size": "14.1M",
		"albumName": "亲情不断电 2015年夏季合集",
		"id": 6256000009,
		"albumId": 6256,
		"albumtitle": "亲情不断电 2015年夏季合集(9)",
		"textContent": ""
	},
	{
		"title": "家庭中的成长（十六）：吵架不要大声 20150414",
		"path": "http://media.febcchinese.org/streaming/up/up150414.mp3",
		"duration": 1760,
		"size": "14.1M",
		"albumName": "亲情不断电 2015年夏季合集",
		"id": 6256000010,
		"albumId": 6256,
		"albumtitle": "亲情不断电 2015年夏季合集(10)",
		"textContent": ""
	},
	{
		"title": "家庭中的成长（十七）：谁先道歉是谁赢 20150415",
		"path": "http://media.febcchinese.org/streaming/up/up150415.mp3",
		"duration": 1760,
		"size": "14.1M",
		"albumName": "亲情不断电 2015年夏季合集",
		"id": 6256000011,
		"albumId": 6256,
		"albumtitle": "亲情不断电 2015年夏季合集(11)",
		"textContent": ""
	},
	{
		"title": "天下男人（六）：听女人的话 20150416",
		"path": "http://media.febcchinese.org/streaming/up/up150416.mp3",
		"duration": 1760,
		"size": "14.1M",
		"albumName": "亲情不断电 2015年夏季合集",
		"id": 6256000012,
		"albumId": 6256,
		"albumtitle": "亲情不断电 2015年夏季合集(12)",
		"textContent": ""
	},
	{
		"title": "耶稣就是赎罪的羔羊 20150417",
		"path": "http://media.febcchinese.org/streaming/up/up150417.mp3",
		"duration": 1760,
		"size": "14.1M",
		"albumName": "亲情不断电 2015年夏季合集",
		"id": 6256000013,
		"albumId": 6256,
		"albumtitle": "亲情不断电 2015年夏季合集(13)",
		"textContent": ""
	},
	{
		"title": "家庭中的成长（十八）：做父母的神圣使命 20150420",
		"path": "http://media.febcchinese.org/streaming/up/up150420.mp3",
		"duration": 1760,
		"size": "14.1M",
		"albumName": "亲情不断电 2015年夏季合集",
		"id": 6256000014,
		"albumId": 6256,
		"albumtitle": "亲情不断电 2015年夏季合集(14)",
		"textContent": ""
	},
	{
		"title": "家庭中的成长（十九）：给孩子做榜样 20150421",
		"path": "http://media.febcchinese.org/streaming/up/up150421.mp3",
		"duration": 1760,
		"size": "14.1M",
		"albumName": "亲情不断电 2015年夏季合集",
		"id": 6256000015,
		"albumId": 6256,
		"albumtitle": "亲情不断电 2015年夏季合集(15)",
		"textContent": ""
	},
	{
		"title": "家庭中的成长（二十）：榜样的传承 20150422",
		"path": "http://media.febcchinese.org/streaming/up/up150422.mp3",
		"duration": 1760,
		"size": "14.1M",
		"albumName": "亲情不断电 2015年夏季合集",
		"id": 6256000016,
		"albumId": 6256,
		"albumtitle": "亲情不断电 2015年夏季合集(16)",
		"textContent": ""
	},
	{
		"title": "天下男人（七）：赢自己 20150423",
		"path": "http://media.febcchinese.org/streaming/up/up150423.mp3",
		"duration": 1760,
		"size": "14.1M",
		"albumName": "亲情不断电 2015年夏季合集",
		"id": 6256000017,
		"albumId": 6256,
		"albumtitle": "亲情不断电 2015年夏季合集(17)",
		"textContent": ""
	},
	{
		"title": "逆商 20150424",
		"path": "http://media.febcchinese.org/streaming/up/up150424.mp3",
		"duration": 1760,
		"size": "14.1M",
		"albumName": "亲情不断电 2015年夏季合集",
		"id": 6256000018,
		"albumId": 6256,
		"albumtitle": "亲情不断电 2015年夏季合集(18)",
		"textContent": ""
	},
	{
		"title": "家庭中的成长(二十一):责罚孩子五戒 20150427",
		"path": "http://media.febcchinese.org/streaming/up/up150427.mp3",
		"duration": 1760,
		"size": "14.1M",
		"albumName": "亲情不断电 2015年夏季合集",
		"id": 6256000019,
		"albumId": 6256,
		"albumtitle": "亲情不断电 2015年夏季合集(19)",
		"textContent": ""
	},
	{
		"title": "家庭中的成长（二十二）：和谐一致 20150428",
		"path": "http://media.febcchinese.org/streaming/up/up150428.mp3",
		"duration": 1760,
		"size": "14.1M",
		"albumName": "亲情不断电 2015年夏季合集",
		"id": 6256000020,
		"albumId": 6256,
		"albumtitle": "亲情不断电 2015年夏季合集(20)",
		"textContent": ""
	},
	{
		"title": "家庭中的成长（二十三）：责任分担 20150429",
		"path": "http://media.febcchinese.org/streaming/up/up150429.mp3",
		"duration": 1760,
		"size": "14.1M",
		"albumName": "亲情不断电 2015年夏季合集",
		"id": 6256000021,
		"albumId": 6256,
		"albumtitle": "亲情不断电 2015年夏季合集(21)",
		"textContent": ""
	},
	{
		"title": "天下男人（八）：争执时刻 20150430",
		"path": "http://media.febcchinese.org/streaming/up/up150430.mp3",
		"duration": 1760,
		"size": "14.1M",
		"albumName": "亲情不断电 2015年夏季合集",
		"id": 6256000022,
		"albumId": 6256,
		"albumtitle": "亲情不断电 2015年夏季合集(22)",
		"textContent": ""
	},
	{
		"title": "训练孩子的挫折忍受力 20150501",
		"path": "http://media.febcchinese.org/streaming/up/up150501.mp3",
		"duration": 1760,
		"size": "14.1M",
		"albumName": "亲情不断电 2015年夏季合集",
		"id": 6256000023,
		"albumId": 6256,
		"albumtitle": "亲情不断电 2015年夏季合集(23)",
		"textContent": ""
	},
	{
		"title": "母亲在家庭中的角色（一）：管理情绪 20150504",
		"path": "http://media.febcchinese.org/streaming/up/up150504.mp3",
		"duration": 1760,
		"size": "14.1M",
		"albumName": "亲情不断电 2015年夏季合集",
		"id": 6256000024,
		"albumId": 6256,
		"albumtitle": "亲情不断电 2015年夏季合集(24)",
		"textContent": ""
	},
	{
		"title": "母亲在家庭中的角色（二）：亲近神 20150505",
		"path": "http://media.febcchinese.org/streaming/up/up150505.mp3",
		"duration": 1760,
		"size": "14.1M",
		"albumName": "亲情不断电 2015年夏季合集",
		"id": 6256000025,
		"albumId": 6256,
		"albumtitle": "亲情不断电 2015年夏季合集(25)",
		"textContent": ""
	},
	{
		"title": "母亲在家庭中的角色（三）:不要任意妄为 20150506",
		"path": "http://media.febcchinese.org/streaming/up/up150506.mp3",
		"duration": 1760,
		"size": "14.1M",
		"albumName": "亲情不断电 2015年夏季合集",
		"id": 6256000026,
		"albumId": 6256,
		"albumtitle": "亲情不断电 2015年夏季合集(26)",
		"textContent": ""
	},
	{
		"title": "母亲在家庭中的角色（四）:为家人祷告 20150507",
		"path": "http://media.febcchinese.org/streaming/up/up150507.mp3",
		"duration": 1760,
		"size": "14.1M",
		"albumName": "亲情不断电 2015年夏季合集",
		"id": 6256000027,
		"albumId": 6256,
		"albumtitle": "亲情不断电 2015年夏季合集(27)",
		"textContent": ""
	},
	{
		"title": "母亲在家庭中的角色（五）：自我成长 20150508",
		"path": "http://media.febcchinese.org/streaming/up/up150508.mp3",
		"duration": 1760,
		"size": "14.1M",
		"albumName": "亲情不断电 2015年夏季合集",
		"id": 6256000028,
		"albumId": 6256,
		"albumtitle": "亲情不断电 2015年夏季合集(28)",
		"textContent": ""
	},
	{
		"title": "母亲在家庭中的角色（六）：相夫教子 20150511",
		"path": "http://media.febcchinese.org/streaming/up/up150511.mp3",
		"duration": 1760,
		"size": "14.1M",
		"albumName": "亲情不断电 2015年夏季合集",
		"id": 6256000029,
		"albumId": 6256,
		"albumtitle": "亲情不断电 2015年夏季合集(29)",
		"textContent": ""
	},
	{
		"title": "母亲在家庭中的角色（七）：怎样带孩子 20150512",
		"path": "http://media.febcchinese.org/streaming/up/up150512.mp3",
		"duration": 1760,
		"size": "14.1M",
		"albumName": "亲情不断电 2015年夏季合集",
		"id": 6256000030,
		"albumId": 6256,
		"albumtitle": "亲情不断电 2015年夏季合集(30)",
		"textContent": ""
	},
	{
		"title": "母亲在家庭中的角色（八）：孩子的性教育 20150513",
		"path": "http://media.febcchinese.org/streaming/up/up150513.mp3",
		"duration": 1760,
		"size": "14.1M",
		"albumName": "亲情不断电 2015年夏季合集",
		"id": 6256000031,
		"albumId": 6256,
		"albumtitle": "亲情不断电 2015年夏季合集(31)",
		"textContent": ""
	},
	{
		"title": "母亲在家庭中的角色（九）：中年危机 20150514",
		"path": "http://media.febcchinese.org/streaming/up/up150514.mp3",
		"duration": 1760,
		"size": "14.1M",
		"albumName": "亲情不断电 2015年夏季合集",
		"id": 6256000032,
		"albumId": 6256,
		"albumtitle": "亲情不断电 2015年夏季合集(32)",
		"textContent": ""
	},
	{
		"title": "母亲在家庭中的角色（十）:才德妇人 20150515",
		"path": "http://media.febcchinese.org/streaming/up/up150515.mp3",
		"duration": 1760,
		"size": "14.1M",
		"albumName": "亲情不断电 2015年夏季合集",
		"id": 6256000033,
		"albumId": 6256,
		"albumtitle": "亲情不断电 2015年夏季合集(33)",
		"textContent": ""
	},
	{
		"title": "家庭中的成长（二十四）:如何面对青少年子女 20150518",
		"path": "http://media.febcchinese.org/streaming/up/up150518.mp3",
		"duration": 1760,
		"size": "14.1M",
		"albumName": "亲情不断电 2015年夏季合集",
		"id": 6256000034,
		"albumId": 6256,
		"albumtitle": "亲情不断电 2015年夏季合集(34)",
		"textContent": ""
	},
	{
		"title": "家庭中的成长（二十五）：接受新事物 20150519",
		"path": "http://media.febcchinese.org/streaming/up/up150519.mp3",
		"duration": 1760,
		"size": "14.1M",
		"albumName": "亲情不断电 2015年夏季合集",
		"id": 6256000035,
		"albumId": 6256,
		"albumtitle": "亲情不断电 2015年夏季合集(35)",
		"textContent": ""
	},
	{
		"title": "家庭中的成长（二十六）：要了解孩子 20150520",
		"path": "http://media.febcchinese.org/streaming/up/up150520.mp3",
		"duration": 1760,
		"size": "14.1M",
		"albumName": "亲情不断电 2015年夏季合集",
		"id": 6256000036,
		"albumId": 6256,
		"albumtitle": "亲情不断电 2015年夏季合集(36)",
		"textContent": ""
	},
	{
		"title": "天下男人（九）：面对试探诱惑 20150521",
		"path": "http://media.febcchinese.org/streaming/up/up150521.mp3",
		"duration": 1760,
		"size": "14.1M",
		"albumName": "亲情不断电 2015年夏季合集",
		"id": 6256000037,
		"albumId": 6256,
		"albumtitle": "亲情不断电 2015年夏季合集(37)",
		"textContent": ""
	},
	{
		"title": "孩子是你的镜子 20150522",
		"path": "http://media.febcchinese.org/streaming/up/up150522.mp3",
		"duration": 1760,
		"size": "14.1M",
		"albumName": "亲情不断电 2015年夏季合集",
		"id": 6256000038,
		"albumId": 6256,
		"albumtitle": "亲情不断电 2015年夏季合集(38)",
		"textContent": ""
	},
	{
		"title": "家庭成长系列(二十七):父亲的重要性 20150525",
		"path": "http://media.febcchinese.org/streaming/up/up150525.mp3",
		"duration": 1760,
		"size": "14.1M",
		"albumName": "亲情不断电 2015年夏季合集",
		"id": 6256000039,
		"albumId": 6256,
		"albumtitle": "亲情不断电 2015年夏季合集(39)",
		"textContent": ""
	},
	{
		"title": "家庭中的成长（二十八）：怎样关心青少年 20150526",
		"path": "http://media.febcchinese.org/streaming/up/up150526.mp3",
		"duration": 1760,
		"size": "14.1M",
		"albumName": "亲情不断电 2015年夏季合集",
		"id": 6256000040,
		"albumId": 6256,
		"albumtitle": "亲情不断电 2015年夏季合集(40)",
		"textContent": ""
	},
	{
		"title": "家庭中的成长（二十九）：全家出游吧！ 20150527",
		"path": "http://media.febcchinese.org/streaming/up/up150527.mp3",
		"duration": 1760,
		"size": "14.1M",
		"albumName": "亲情不断电 2015年夏季合集",
		"id": 6256000041,
		"albumId": 6256,
		"albumtitle": "亲情不断电 2015年夏季合集(41)",
		"textContent": ""
	},
	{
		"title": "天下男人（十）：好色的男人 20150528",
		"path": "http://media.febcchinese.org/streaming/up/up150528.mp3",
		"duration": 1760,
		"size": "14.1M",
		"albumName": "亲情不断电 2015年夏季合集",
		"id": 6256000042,
		"albumId": 6256,
		"albumtitle": "亲情不断电 2015年夏季合集(42)",
		"textContent": ""
	},
	{
		"title": "我相信你，孩子！ 20150529",
		"path": "http://media.febcchinese.org/streaming/up/up150529.mp3",
		"duration": 1760,
		"size": "14.1M",
		"albumName": "亲情不断电 2015年夏季合集",
		"id": 6256000043,
		"albumId": 6256,
		"albumtitle": "亲情不断电 2015年夏季合集(43)",
		"textContent": ""
	},
	{
		"title": "家庭中的成长（三十）：婆媳关系 20150601",
		"path": "http://media.febcchinese.org/streaming/up/up150601.mp3",
		"duration": 1760,
		"size": "14.1M",
		"albumName": "亲情不断电 2015年夏季合集",
		"id": 6256000044,
		"albumId": 6256,
		"albumtitle": "亲情不断电 2015年夏季合集(44)",
		"textContent": ""
	},
	{
		"title": "家庭中的成长（三十一）：婚前一课 20150602",
		"path": "http://media.febcchinese.org/streaming/up/up150602.mp3",
		"duration": 1760,
		"size": "14.1M",
		"albumName": "亲情不断电 2015年夏季合集",
		"id": 6256000045,
		"albumId": 6256,
		"albumtitle": "亲情不断电 2015年夏季合集(45)",
		"textContent": ""
	},
	{
		"title": "家庭中的成长（三十二）：改善婆媳关系 20150603",
		"path": "http://media.febcchinese.org/streaming/up/up150603.mp3",
		"duration": 1760,
		"size": "14.1M",
		"albumName": "亲情不断电 2015年夏季合集",
		"id": 6256000046,
		"albumId": 6256,
		"albumtitle": "亲情不断电 2015年夏季合集(46)",
		"textContent": ""
	},
	{
		"title": "天下男人（十一）：婆媳之间的男人 20150604",
		"path": "http://media.febcchinese.org/streaming/up/up150604.mp3",
		"duration": 1760,
		"size": "14.1M",
		"albumName": "亲情不断电 2015年夏季合集",
		"id": 6256000047,
		"albumId": 6256,
		"albumtitle": "亲情不断电 2015年夏季合集(47)",
		"textContent": ""
	},
	{
		"title": "了解孩子性格的测试 20150605",
		"path": "http://media.febcchinese.org/streaming/up/up150605.mp3",
		"duration": 1760,
		"size": "14.1M",
		"albumName": "亲情不断电 2015年夏季合集",
		"id": 6256000048,
		"albumId": 6256,
		"albumtitle": "亲情不断电 2015年夏季合集(48)",
		"textContent": ""
	},
	{
		"title": "家庭中的成长（三十三）：婆婆反对我们订婚 20150608",
		"path": "http://media.febcchinese.org/streaming/up/up150608.mp3",
		"duration": 1760,
		"size": "14.1M",
		"albumName": "亲情不断电 2015年夏季合集",
		"id": 6256000049,
		"albumId": 6256,
		"albumtitle": "亲情不断电 2015年夏季合集(49)",
		"textContent": ""
	},
	{
		"title": "家庭中的成长（三十四）：婆婆改变了心意&婚姻里的应用题 20150609",
		"path": "http://media.febcchinese.org/streaming/up/up150609.mp3",
		"duration": 1760,
		"size": "14.1M",
		"albumName": "亲情不断电 2015年夏季合集",
		"id": 6256000050,
		"albumId": 6256,
		"albumtitle": "亲情不断电 2015年夏季合集(50)",
		"textContent": ""
	},
	{
		"title": "家庭中的成长（三十五）：彼此敬重 20150610",
		"path": "http://media.febcchinese.org/streaming/up/up150610.mp3",
		"duration": 1760,
		"size": "14.1M",
		"albumName": "亲情不断电 2015年夏季合集",
		"id": 6256000051,
		"albumId": 6256,
		"albumtitle": "亲情不断电 2015年夏季合集(51)",
		"textContent": ""
	},
	{
		"title": "天下男人（十二）：男人的幸福感 20150611",
		"path": "http://media.febcchinese.org/streaming/up/up150611.mp3",
		"duration": 1760,
		"size": "14.1M",
		"albumName": "亲情不断电 2015年夏季合集",
		"id": 6256000052,
		"albumId": 6256,
		"albumtitle": "亲情不断电 2015年夏季合集(52)",
		"textContent": ""
	},
	{
		"title": "孩子的性格与品格 20150612",
		"path": "http://media.febcchinese.org/streaming/up/up150612.mp3",
		"duration": 1760,
		"size": "14.1M",
		"albumName": "亲情不断电 2015年夏季合集",
		"id": 6256000053,
		"albumId": 6256,
		"albumtitle": "亲情不断电 2015年夏季合集(53)",
		"textContent": ""
	},
	{
		"title": "贤妻良母俱乐部：成功的父亲 20150615",
		"path": "http://media.febcchinese.org/streaming/up/up150615.mp3",
		"duration": 1760,
		"size": "14.1M",
		"albumName": "亲情不断电 2015年夏季合集",
		"id": 6256000054,
		"albumId": 6256,
		"albumtitle": "亲情不断电 2015年夏季合集(54)",
		"textContent": ""
	},
	{
		"title": "成功的父亲（二）：生活中的优先次序 20150616",
		"path": "http://media.febcchinese.org/streaming/up/up150616.mp3",
		"duration": 1760,
		"size": "14.1M",
		"albumName": "亲情不断电 2015年夏季合集",
		"id": 6256000055,
		"albumId": 6256,
		"albumtitle": "亲情不断电 2015年夏季合集(55)",
		"textContent": ""
	},
	{
		"title": "成功的父亲（三）:爱与接纳 20150617",
		"path": "http://media.febcchinese.org/streaming/up/up150617.mp3",
		"duration": 1760,
		"size": "14.1M",
		"albumName": "亲情不断电 2015年夏季合集",
		"id": 6256000056,
		"albumId": 6256,
		"albumtitle": "亲情不断电 2015年夏季合集(56)",
		"textContent": ""
	},
	{
		"title": "成功的父亲（四）：跟孩子定游戏规则 20150618",
		"path": "http://media.febcchinese.org/streaming/up/up150618.mp3",
		"duration": 1760,
		"size": "14.1M",
		"albumName": "亲情不断电 2015年夏季合集",
		"id": 6256000057,
		"albumId": 6256,
		"albumtitle": "亲情不断电 2015年夏季合集(57)",
		"textContent": ""
	},
	{
		"title": "成功的父亲(五)：对父亲的印象 20150619",
		"path": "http://media.febcchinese.org/streaming/up/up150619.mp3",
		"duration": 1760,
		"size": "14.1M",
		"albumName": "亲情不断电 2015年夏季合集",
		"id": 6256000058,
		"albumId": 6256,
		"albumtitle": "亲情不断电 2015年夏季合集(58)",
		"textContent": ""
	},
	{
		"title": "家庭中的成长（三十六）：中年危机 20150622",
		"path": "http://media.febcchinese.org/streaming/up/up150622.mp3",
		"duration": 1760,
		"size": "14.1M",
		"albumName": "亲情不断电 2015年夏季合集",
		"id": 6256000059,
		"albumId": 6256,
		"albumtitle": "亲情不断电 2015年夏季合集(59)",
		"textContent": ""
	},
	{
		"title": "家庭中的成长（三十七）：中年的危机、转机 20150623",
		"path": "http://media.febcchinese.org/streaming/up/up150623.mp3",
		"duration": 1760,
		"size": "14.1M",
		"albumName": "亲情不断电 2015年夏季合集",
		"id": 6256000060,
		"albumId": 6256,
		"albumtitle": "亲情不断电 2015年夏季合集(60)",
		"textContent": ""
	},
	{
		"title": "家庭中的成长（三十八）：中年之后重新定向 20150624",
		"path": "http://media.febcchinese.org/streaming/up/up150624.mp3",
		"duration": 1760,
		"size": "14.1M",
		"albumName": "亲情不断电 2015年夏季合集",
		"id": 6256000061,
		"albumId": 6256,
		"albumtitle": "亲情不断电 2015年夏季合集(61)",
		"textContent": ""
	},
	{
		"title": "天下男人（十三）：男人的软弱 20150625",
		"path": "http://media.febcchinese.org/streaming/up/up150625.mp3",
		"duration": 1760,
		"size": "14.1M",
		"albumName": "亲情不断电 2015年夏季合集",
		"id": 6256000062,
		"albumId": 6256,
		"albumtitle": "亲情不断电 2015年夏季合集(62)",
		"textContent": ""
	},
	{
		"title": "跟父亲沟通 20150626",
		"path": "http://media.febcchinese.org/streaming/up/up150626.mp3",
		"duration": 1760,
		"size": "14.1M",
		"albumName": "亲情不断电 2015年夏季合集",
		"id": 6256000063,
		"albumId": 6256,
		"albumtitle": "亲情不断电 2015年夏季合集(63)",
		"textContent": ""
	},
	{
		"title": "家庭中的成长（三十九）：老年是最美好的时光 20150629",
		"path": "http://media.febcchinese.org/streaming/up/up150629.mp3",
		"duration": 1760,
		"size": "14.1M",
		"albumName": "亲情不断电 2015年夏季合集",
		"id": 6256000064,
		"albumId": 6256,
		"albumtitle": "亲情不断电 2015年夏季合集(64)",
		"textContent": ""
	},
	{
		"title": "家庭中的成长（四十）：享受老年 20150630",
		"path": "http://media.febcchinese.org/streaming/up/up150630.mp3",
		"duration": 1760,
		"size": "14.1M",
		"albumName": "亲情不断电 2015年夏季合集",
		"id": 6256000065,
		"albumId": 6256,
		"albumtitle": "亲情不断电 2015年夏季合集(65)",
		"textContent": ""
	}
]