[
	{
		"title": "我喜欢·打开无形的大门 20160401",
		"path": "http://media.febcchinese.org/streaming/up/up160401.mp3",
		"duration": 1760,
		"size": "14.1M",
		"albumName": "亲情不断电 2016年夏季合集",
		"id": 6260000001,
		"albumId": 6260,
		"albumtitle": "亲情不断电 2016年夏季合集(1)",
		"textContent": ""
	},
	{
		"title": "回顾那些圣诞节 20160404",
		"path": "http://media.febcchinese.org/streaming/up/up160404.mp3",
		"duration": 1760,
		"size": "14.1M",
		"albumName": "亲情不断电 2016年夏季合集",
		"id": 6260000002,
		"albumId": 6260,
		"albumtitle": "亲情不断电 2016年夏季合集(2)",
		"textContent": ""
	},
	{
		"title": "林书豪的信心法则·他们将是世界的主人公 20160405",
		"path": "http://media.febcchinese.org/streaming/up/up160405.mp3",
		"duration": 1760,
		"size": "14.1M",
		"albumName": "亲情不断电 2016年夏季合集",
		"id": 6260000003,
		"albumId": 6260,
		"albumtitle": "亲情不断电 2016年夏季合集(3)",
		"textContent": ""
	},
	{
		"title": "基督徒无欲无求吗？·我曾经漂亮 20160406",
		"path": "http://media.febcchinese.org/streaming/up/up160406.mp3",
		"duration": 1760,
		"size": "14.1M",
		"albumName": "亲情不断电 2016年夏季合集",
		"id": 6260000004,
		"albumId": 6260,
		"albumtitle": "亲情不断电 2016年夏季合集(4)",
		"textContent": ""
	},
	{
		"title": "人要有幽默感·屁的故事 20160407",
		"path": "http://media.febcchinese.org/streaming/up/up160407.mp3",
		"duration": 1760,
		"size": "14.1M",
		"albumName": "亲情不断电 2016年夏季合集",
		"id": 6260000005,
		"albumId": 6260,
		"albumtitle": "亲情不断电 2016年夏季合集(5)",
		"textContent": ""
	},
	{
		"title": "老人们的事儿 20160408",
		"path": "http://media.febcchinese.org/streaming/up/up160408.mp3",
		"duration": 1760,
		"size": "14.1M",
		"albumName": "亲情不断电 2016年夏季合集",
		"id": 6260000006,
		"albumId": 6260,
		"albumtitle": "亲情不断电 2016年夏季合集(6)",
		"textContent": ""
	},
	{
		"title": "婚前慎思·精打细算信耶稣 20160411",
		"path": "http://media.febcchinese.org/streaming/up/up160411.mp3",
		"duration": 1760,
		"size": "14.1M",
		"albumName": "亲情不断电 2016年夏季合集",
		"id": 6260000007,
		"albumId": 6260,
		"albumtitle": "亲情不断电 2016年夏季合集(7)",
		"textContent": ""
	},
	{
		"title": "嫁了工作狂怎么办？·漂泊人生 20160412",
		"path": "http://media.febcchinese.org/streaming/up/up160412.mp3",
		"duration": 1760,
		"size": "14.1M",
		"albumName": "亲情不断电 2016年夏季合集",
		"id": 6260000008,
		"albumId": 6260,
		"albumtitle": "亲情不断电 2016年夏季合集(8)",
		"textContent": ""
	},
	{
		"title": "婆婆手记：邮轮失火了 20160413",
		"path": "http://media.febcchinese.org/streaming/up/up160413.mp3",
		"duration": 1760,
		"size": "14.1M",
		"albumName": "亲情不断电 2016年夏季合集",
		"id": 6260000009,
		"albumId": 6260,
		"albumtitle": "亲情不断电 2016年夏季合集(9)",
		"textContent": ""
	},
	{
		"title": "爸爸顾问团·女秘书 20160414",
		"path": "http://media.febcchinese.org/streaming/up/up160414.mp3",
		"duration": 1760,
		"size": "14.1M",
		"albumName": "亲情不断电 2016年夏季合集",
		"id": 6260000010,
		"albumId": 6260,
		"albumtitle": "亲情不断电 2016年夏季合集(10)",
		"textContent": ""
	},
	{
		"title": "好妻子的一生使丈夫有益无损·两种父母 20160415",
		"path": "http://media.febcchinese.org/streaming/up/up160415.mp3",
		"duration": 1760,
		"size": "14.1M",
		"albumName": "亲情不断电 2016年夏季合集",
		"id": 6260000011,
		"albumId": 6260,
		"albumtitle": "亲情不断电 2016年夏季合集(11)",
		"textContent": ""
	},
	{
		"title": "害怕的事 20160418",
		"path": "http://media.febcchinese.org/streaming/up/up160418.mp3",
		"duration": 1760,
		"size": "14.1M",
		"albumName": "亲情不断电 2016年夏季合集",
		"id": 6260000012,
		"albumId": 6260,
		"albumtitle": "亲情不断电 2016年夏季合集(12)",
		"textContent": ""
	},
	{
		"title": "神的子弹·儿童日记 20160419",
		"path": "http://media.febcchinese.org/streaming/up/up160419.mp3",
		"duration": 1760,
		"size": "14.1M",
		"albumName": "亲情不断电 2016年夏季合集",
		"id": 6260000013,
		"albumId": 6260,
		"albumtitle": "亲情不断电 2016年夏季合集(13)",
		"textContent": ""
	},
	{
		"title": "结婚需慎重·离婚再婚 20160420",
		"path": "http://media.febcchinese.org/streaming/up/up160420.mp3",
		"duration": 1760,
		"size": "14.1M",
		"albumName": "亲情不断电 2016年夏季合集",
		"id": 6260000014,
		"albumId": 6260,
		"albumtitle": "亲情不断电 2016年夏季合集(14)",
		"textContent": ""
	},
	{
		"title": "大男人小男孩 20160421",
		"path": "http://media.febcchinese.org/streaming/up/up160421.mp3",
		"duration": 1760,
		"size": "14.1M",
		"albumName": "亲情不断电 2016年夏季合集",
		"id": 6260000015,
		"albumId": 6260,
		"albumtitle": "亲情不断电 2016年夏季合集(15)",
		"textContent": ""
	},
	{
		"title": "安全最重要·老人的归宿 20160422",
		"path": "http://media.febcchinese.org/streaming/up/up160422.mp3",
		"duration": 1760,
		"size": "14.1M",
		"albumName": "亲情不断电 2016年夏季合集",
		"id": 6260000016,
		"albumId": 6260,
		"albumtitle": "亲情不断电 2016年夏季合集(16)",
		"textContent": ""
	},
	{
		"title": "鹣鲽情深·师母辅导记 20160425",
		"path": "http://media.febcchinese.org/streaming/up/up160425.mp3",
		"duration": 1760,
		"size": "14.1M",
		"albumName": "亲情不断电 2016年夏季合集",
		"id": 6260000017,
		"albumId": 6260,
		"albumtitle": "亲情不断电 2016年夏季合集(17)",
		"textContent": ""
	},
	{
		"title": "爱笑的妈妈·我的大嫂 20160426",
		"path": "http://media.febcchinese.org/streaming/up/up160426.mp3",
		"duration": 1760,
		"size": "14.1M",
		"albumName": "亲情不断电 2016年夏季合集",
		"id": 6260000018,
		"albumId": 6260,
		"albumtitle": "亲情不断电 2016年夏季合集(18)",
		"textContent": ""
	},
	{
		"title": "认真聆听孩子说话·妈妈说 20160427",
		"path": "http://media.febcchinese.org/streaming/up/up160427.mp3",
		"duration": 1760,
		"size": "14.1M",
		"albumName": "亲情不断电 2016年夏季合集",
		"id": 6260000019,
		"albumId": 6260,
		"albumtitle": "亲情不断电 2016年夏季合集(19)",
		"textContent": ""
	},
	{
		"title": "爱的反义词是己·我是第二 20160428",
		"path": "http://media.febcchinese.org/streaming/up/up160428.mp3",
		"duration": 1760,
		"size": "14.1M",
		"albumName": "亲情不断电 2016年夏季合集",
		"id": 6260000020,
		"albumId": 6260,
		"albumtitle": "亲情不断电 2016年夏季合集(20)",
		"textContent": ""
	},
	{
		"title": "假如我有一百万 20160429",
		"path": "http://media.febcchinese.org/streaming/up/up160429.mp3",
		"duration": 1760,
		"size": "14.1M",
		"albumName": "亲情不断电 2016年夏季合集",
		"id": 6260000021,
		"albumId": 6260,
		"albumtitle": "亲情不断电 2016年夏季合集(21)",
		"textContent": ""
	},
	{
		"title": "找到自己·施恩报恩 20160502",
		"path": "http://media.febcchinese.org/streaming/up/up160502.mp3",
		"duration": 1760,
		"size": "14.1M",
		"albumName": "亲情不断电 2016年夏季合集",
		"id": 6260000022,
		"albumId": 6260,
		"albumtitle": "亲情不断电 2016年夏季合集(22)",
		"textContent": ""
	},
	{
		"title": "婆婆手记：团圆 20160503",
		"path": "http://media.febcchinese.org/streaming/up/up160503.mp3",
		"duration": 1760,
		"size": "14.1M",
		"albumName": "亲情不断电 2016年夏季合集",
		"id": 6260000023,
		"albumId": 6260,
		"albumtitle": "亲情不断电 2016年夏季合集(23)",
		"textContent": ""
	},
	{
		"title": "婆婆手记：说造就人的好话 20160504",
		"path": "http://media.febcchinese.org/streaming/up/up160504.mp3",
		"duration": 1760,
		"size": "14.1M",
		"albumName": "亲情不断电 2016年夏季合集",
		"id": 6260000024,
		"albumId": 6260,
		"albumtitle": "亲情不断电 2016年夏季合集(24)",
		"textContent": ""
	},
	{
		"title": "老年婚纱照·丢了童心吗？ 20160505",
		"path": "http://media.febcchinese.org/streaming/up/up160505.mp3",
		"duration": 1760,
		"size": "14.1M",
		"albumName": "亲情不断电 2016年夏季合集",
		"id": 6260000025,
		"albumId": 6260,
		"albumtitle": "亲情不断电 2016年夏季合集(25)",
		"textContent": ""
	},
	{
		"title": "我是谁？·因为我是麦希真 20160506",
		"path": "http://media.febcchinese.org/streaming/up/up160506.mp3",
		"duration": 1760,
		"size": "14.1M",
		"albumName": "亲情不断电 2016年夏季合集",
		"id": 6260000026,
		"albumId": 6260,
		"albumtitle": "亲情不断电 2016年夏季合集(26)",
		"textContent": ""
	},
	{
		"title": "母亲节·留给孩子的印象 20160509",
		"path": "http://media.febcchinese.org/streaming/up/up160509.mp3",
		"duration": 1760,
		"size": "14.1M",
		"albumName": "亲情不断电 2016年夏季合集",
		"id": 6260000027,
		"albumId": 6260,
		"albumtitle": "亲情不断电 2016年夏季合集(27)",
		"textContent": ""
	},
	{
		"title": "问苍天：为什么 20160510",
		"path": "http://media.febcchinese.org/streaming/up/up160510.mp3",
		"duration": 1760,
		"size": "14.1M",
		"albumName": "亲情不断电 2016年夏季合集",
		"id": 6260000028,
		"albumId": 6260,
		"albumtitle": "亲情不断电 2016年夏季合集(28)",
		"textContent": ""
	},
	{
		"title": "生活可以有奇愈·情人 20160511",
		"path": "http://media.febcchinese.org/streaming/up/up160511.mp3",
		"duration": 1760,
		"size": "14.1M",
		"albumName": "亲情不断电 2016年夏季合集",
		"id": 6260000029,
		"albumId": 6260,
		"albumtitle": "亲情不断电 2016年夏季合集(29)",
		"textContent": ""
	},
	{
		"title": "耶稣就是宝贝·姐妹情 20160512",
		"path": "http://media.febcchinese.org/streaming/up/up160512.mp3",
		"duration": 1760,
		"size": "14.1M",
		"albumName": "亲情不断电 2016年夏季合集",
		"id": 6260000030,
		"albumId": 6260,
		"albumtitle": "亲情不断电 2016年夏季合集(30)",
		"textContent": ""
	},
	{
		"title": "快乐从哪里来·人际关系 20160513",
		"path": "http://media.febcchinese.org/streaming/up/up160513.mp3",
		"duration": 1760,
		"size": "14.1M",
		"albumName": "亲情不断电 2016年夏季合集",
		"id": 6260000031,
		"albumId": 6260,
		"albumtitle": "亲情不断电 2016年夏季合集(31)",
		"textContent": ""
	},
	{
		"title": "我们·减压方法 20160516",
		"path": "http://media.febcchinese.org/streaming/up/up160516.mp3",
		"duration": 1760,
		"size": "14.1M",
		"albumName": "亲情不断电 2016年夏季合集",
		"id": 6260000032,
		"albumId": 6260,
		"albumtitle": "亲情不断电 2016年夏季合集(32)",
		"textContent": ""
	},
	{
		"title": "清除我们之间的障碍 20160517",
		"path": "http://media.febcchinese.org/streaming/up/up160517.mp3",
		"duration": 1760,
		"size": "14.1M",
		"albumName": "亲情不断电 2016年夏季合集",
		"id": 6260000033,
		"albumId": 6260,
		"albumtitle": "亲情不断电 2016年夏季合集(33)",
		"textContent": ""
	},
	{
		"title": "我们有盼望·快乐人生 20160518",
		"path": "http://media.febcchinese.org/streaming/up/up160518.mp3",
		"duration": 1760,
		"size": "14.1M",
		"albumName": "亲情不断电 2016年夏季合集",
		"id": 6260000034,
		"albumId": 6260,
		"albumtitle": "亲情不断电 2016年夏季合集(34)",
		"textContent": ""
	},
	{
		"title": "麦婆婆亲自来分享 20160519",
		"path": "http://media.febcchinese.org/streaming/up/up160519.mp3",
		"duration": 1760,
		"size": "14.1M",
		"albumName": "亲情不断电 2016年夏季合集",
		"id": 6260000035,
		"albumId": 6260,
		"albumtitle": "亲情不断电 2016年夏季合集(35)",
		"textContent": ""
	},
	{
		"title": "麦婆婆的欢乐颂 20160520",
		"path": "http://media.febcchinese.org/streaming/up/up160520.mp3",
		"duration": 1760,
		"size": "14.1M",
		"albumName": "亲情不断电 2016年夏季合集",
		"id": 6260000036,
		"albumId": 6260,
		"albumtitle": "亲情不断电 2016年夏季合集(36)",
		"textContent": ""
	},
	{
		"title": "情绪和行为 20160523",
		"path": "http://media.febcchinese.org/streaming/up/up160523.mp3",
		"duration": 1760,
		"size": "14.1M",
		"albumName": "亲情不断电 2016年夏季合集",
		"id": 6260000037,
		"albumId": 6260,
		"albumtitle": "亲情不断电 2016年夏季合集(37)",
		"textContent": ""
	},
	{
		"title": "对孩子的心理关注 20160524",
		"path": "http://media.febcchinese.org/streaming/up/up160524.mp3",
		"duration": 1760,
		"size": "14.1M",
		"albumName": "亲情不断电 2016年夏季合集",
		"id": 6260000038,
		"albumId": 6260,
		"albumtitle": "亲情不断电 2016年夏季合集(38)",
		"textContent": ""
	},
	{
		"title": "情绪解析 20160525",
		"path": "http://media.febcchinese.org/streaming/up/up160525.mp3",
		"duration": 1760,
		"size": "14.1M",
		"albumName": "亲情不断电 2016年夏季合集",
		"id": 6260000039,
		"albumId": 6260,
		"albumtitle": "亲情不断电 2016年夏季合集(39)",
		"textContent": ""
	},
	{
		"title": "如何帮助孩子克服恐惧（一） 20160526",
		"path": "http://media.febcchinese.org/streaming/up/up160526.mp3",
		"duration": 1760,
		"size": "14.1M",
		"albumName": "亲情不断电 2016年夏季合集",
		"id": 6260000040,
		"albumId": 6260,
		"albumtitle": "亲情不断电 2016年夏季合集(40)",
		"textContent": ""
	},
	{
		"title": "如何帮助孩子克服恐惧（二） 20160527",
		"path": "http://media.febcchinese.org/streaming/up/up160527.mp3",
		"duration": 1760,
		"size": "14.1M",
		"albumName": "亲情不断电 2016年夏季合集",
		"id": 6260000041,
		"albumId": 6260,
		"albumtitle": "亲情不断电 2016年夏季合集(41)",
		"textContent": ""
	},
	{
		"title": "养花草说亲情 20160530",
		"path": "http://media.febcchinese.org/streaming/up/up160530.mp3",
		"duration": 1760,
		"size": "14.1M",
		"albumName": "亲情不断电 2016年夏季合集",
		"id": 6260000042,
		"albumId": 6260,
		"albumtitle": "亲情不断电 2016年夏季合集(42)",
		"textContent": ""
	},
	{
		"title": "阳光充足不怕虫 20160531",
		"path": "http://media.febcchinese.org/streaming/up/up160531.mp3",
		"duration": 1760,
		"size": "14.1M",
		"albumName": "亲情不断电 2016年夏季合集",
		"id": 6260000043,
		"albumId": 6260,
		"albumtitle": "亲情不断电 2016年夏季合集(43)",
		"textContent": ""
	},
	{
		"title": "婚姻需要导正 20160601",
		"path": "http://media.febcchinese.org/streaming/up/up160601.mp3",
		"duration": 1760,
		"size": "14.1M",
		"albumName": "亲情不断电 2016年夏季合集",
		"id": 6260000044,
		"albumId": 6260,
		"albumtitle": "亲情不断电 2016年夏季合集(44)",
		"textContent": ""
	},
	{
		"title": "等他回转 20160602",
		"path": "http://media.febcchinese.org/streaming/up/up160602.mp3",
		"duration": 1760,
		"size": "14.1M",
		"albumName": "亲情不断电 2016年夏季合集",
		"id": 6260000045,
		"albumId": 6260,
		"albumtitle": "亲情不断电 2016年夏季合集(45)",
		"textContent": ""
	},
	{
		"title": "需要休息！ 20160603",
		"path": "http://media.febcchinese.org/streaming/up/up160603.mp3",
		"duration": 1760,
		"size": "14.1M",
		"albumName": "亲情不断电 2016年夏季合集",
		"id": 6260000046,
		"albumId": 6260,
		"albumtitle": "亲情不断电 2016年夏季合集(46)",
		"textContent": ""
	},
	{
		"title": "欣赏各种花，接纳你我他 20160606",
		"path": "http://media.febcchinese.org/streaming/up/up160606.mp3",
		"duration": 1760,
		"size": "14.1M",
		"albumName": "亲情不断电 2016年夏季合集",
		"id": 6260000047,
		"albumId": 6260,
		"albumtitle": "亲情不断电 2016年夏季合集(47)",
		"textContent": ""
	},
	{
		"title": "接纳不完美 20160607",
		"path": "http://media.febcchinese.org/streaming/up/up160607.mp3",
		"duration": 1760,
		"size": "14.1M",
		"albumName": "亲情不断电 2016年夏季合集",
		"id": 6260000048,
		"albumId": 6260,
		"albumtitle": "亲情不断电 2016年夏季合集(48)",
		"textContent": ""
	},
	{
		"title": "亲情里的界限 20160608",
		"path": "http://media.febcchinese.org/streaming/up/up160608.mp3",
		"duration": 1760,
		"size": "14.1M",
		"albumName": "亲情不断电 2016年夏季合集",
		"id": 6260000049,
		"albumId": 6260,
		"albumtitle": "亲情不断电 2016年夏季合集(49)",
		"textContent": ""
	},
	{
		"title": "做个顺服的女子 20160609",
		"path": "http://media.febcchinese.org/streaming/up/up160609.mp3",
		"duration": 1760,
		"size": "14.1M",
		"albumName": "亲情不断电 2016年夏季合集",
		"id": 6260000050,
		"albumId": 6260,
		"albumtitle": "亲情不断电 2016年夏季合集(50)",
		"textContent": ""
	},
	{
		"title": "爱家有方 20160610",
		"path": "http://media.febcchinese.org/streaming/up/up160610.mp3",
		"duration": 1760,
		"size": "14.1M",
		"albumName": "亲情不断电 2016年夏季合集",
		"id": 6260000051,
		"albumId": 6260,
		"albumtitle": "亲情不断电 2016年夏季合集(51)",
		"textContent": ""
	},
	{
		"title": "婚姻当中的顺序（1）女人要顺服 20160613",
		"path": "http://media.febcchinese.org/streaming/up/up160613.mp3",
		"duration": 1760,
		"size": "14.1M",
		"albumName": "亲情不断电 2016年夏季合集",
		"id": 6260000052,
		"albumId": 6260,
		"albumtitle": "亲情不断电 2016年夏季合集(52)",
		"textContent": ""
	},
	{
		"title": "婚姻中的顺序（2）男人要爱妻子 20160614",
		"path": "http://media.febcchinese.org/streaming/up/up160614.mp3",
		"duration": 1760,
		"size": "14.1M",
		"albumName": "亲情不断电 2016年夏季合集",
		"id": 6260000053,
		"albumId": 6260,
		"albumtitle": "亲情不断电 2016年夏季合集(53)",
		"textContent": ""
	},
	{
		"title": "一个父亲的改变 20160615",
		"path": "http://media.febcchinese.org/streaming/up/up160615.mp3",
		"duration": 1760,
		"size": "14.1M",
		"albumName": "亲情不断电 2016年夏季合集",
		"id": 6260000054,
		"albumId": 6260,
		"albumtitle": "亲情不断电 2016年夏季合集(54)",
		"textContent": ""
	},
	{
		"title": "家庭有矛盾时，祷告归向神 20160616",
		"path": "http://media.febcchinese.org/streaming/up/up160616.mp3",
		"duration": 1760,
		"size": "14.1M",
		"albumName": "亲情不断电 2016年夏季合集",
		"id": 6260000055,
		"albumId": 6260,
		"albumtitle": "亲情不断电 2016年夏季合集(55)",
		"textContent": ""
	},
	{
		"title": "父亲的情怀 20160617",
		"path": "http://media.febcchinese.org/streaming/up/up160617.mp3",
		"duration": 1760,
		"size": "14.1M",
		"albumName": "亲情不断电 2016年夏季合集",
		"id": 6260000056,
		"albumId": 6260,
		"albumtitle": "亲情不断电 2016年夏季合集(56)",
		"textContent": ""
	},
	{
		"title": "父亲的影响力 20160620",
		"path": "http://media.febcchinese.org/streaming/up/up160620.mp3",
		"duration": 1760,
		"size": "14.1M",
		"albumName": "亲情不断电 2016年夏季合集",
		"id": 6260000057,
		"albumId": 6260,
		"albumtitle": "亲情不断电 2016年夏季合集(57)",
		"textContent": ""
	},
	{
		"title": "大卫哥谈婚姻 20160621",
		"path": "http://media.febcchinese.org/streaming/up/up160621.mp3",
		"duration": 1760,
		"size": "14.1M",
		"albumName": "亲情不断电 2016年夏季合集",
		"id": 6260000058,
		"albumId": 6260,
		"albumtitle": "亲情不断电 2016年夏季合集(58)",
		"textContent": ""
	},
	{
		"title": "父亲与儿女 20160622",
		"path": "http://media.febcchinese.org/streaming/up/up160622.mp3",
		"duration": 1760,
		"size": "14.1M",
		"albumName": "亲情不断电 2016年夏季合集",
		"id": 6260000059,
		"albumId": 6260,
		"albumtitle": "亲情不断电 2016年夏季合集(59)",
		"textContent": ""
	},
	{
		"title": "教养子女有不同 20160623",
		"path": "http://media.febcchinese.org/streaming/up/up160623.mp3",
		"duration": 1760,
		"size": "14.1M",
		"albumName": "亲情不断电 2016年夏季合集",
		"id": 6260000060,
		"albumId": 6260,
		"albumtitle": "亲情不断电 2016年夏季合集(60)",
		"textContent": ""
	},
	{
		"title": "教养子女应当做的事 20160624",
		"path": "http://media.febcchinese.org/streaming/up/up160624.mp3",
		"duration": 1760,
		"size": "14.1M",
		"albumName": "亲情不断电 2016年夏季合集",
		"id": 6260000061,
		"albumId": 6260,
		"albumtitle": "亲情不断电 2016年夏季合集(61)",
		"textContent": ""
	},
	{
		"title": "经过死荫幽谷遇见耶稣──成皿生命见证（1） 20160627",
		"path": "http://media.febcchinese.org/streaming/up/up160627.mp3",
		"duration": 1760,
		"size": "14.1M",
		"albumName": "亲情不断电 2016年夏季合集",
		"id": 6260000062,
		"albumId": 6260,
		"albumtitle": "亲情不断电 2016年夏季合集(62)",
		"textContent": ""
	},
	{
		"title": "在危难中认识神——成皿生命见证（2） 20160628",
		"path": "http://media.febcchinese.org/streaming/up/up160628.mp3",
		"duration": 1760,
		"size": "14.1M",
		"albumName": "亲情不断电 2016年夏季合集",
		"id": 6260000063,
		"albumId": 6260,
		"albumtitle": "亲情不断电 2016年夏季合集(63)",
		"textContent": ""
	},
	{
		"title": "重病中经历神——成皿生命见证（3） 20160629",
		"path": "http://media.febcchinese.org/streaming/up/up160629.mp3",
		"duration": 1760,
		"size": "14.1M",
		"albumName": "亲情不断电 2016年夏季合集",
		"id": 6260000064,
		"albumId": 6260,
		"albumtitle": "亲情不断电 2016年夏季合集(64)",
		"textContent": ""
	},
	{
		"title": "征战白血病，重获新生命——成皿生命见证（4） 20160630",
		"path": "http://media.febcchinese.org/streaming/up/up160630.mp3",
		"duration": 1760,
		"size": "14.1M",
		"albumName": "亲情不断电 2016年夏季合集",
		"id": 6260000065,
		"albumId": 6260,
		"albumtitle": "亲情不断电 2016年夏季合集(65)",
		"textContent": ""
	}
]