[
	{
		"title": "孩子的坚持与父母的妥协 20140701",
		"path": "http://media.febcchinese.org/streaming/up/up140701.mp3",
		"duration": 1760,
		"size": "14.1M",
		"albumName": "亲情不断电 2014年秋季合集",
		"id": 6253000001,
		"albumId": 6253,
		"albumtitle": "亲情不断电 2014年秋季合集(1)",
		"textContent": ""
	},
	{
		"title": "孩子的培优 20140702",
		"path": "http://media.febcchinese.org/streaming/up/up140702.mp3",
		"duration": 1760,
		"size": "14.1M",
		"albumName": "亲情不断电 2014年秋季合集",
		"id": 6253000002,
		"albumId": 6253,
		"albumtitle": "亲情不断电 2014年秋季合集(2)",
		"textContent": ""
	},
	{
		"title": "孩子的青春叛逆期 20140703",
		"path": "http://media.febcchinese.org/streaming/up/up140703.mp3",
		"duration": 1760,
		"size": "14.1M",
		"albumName": "亲情不断电 2014年秋季合集",
		"id": 6253000003,
		"albumId": 6253,
		"albumtitle": "亲情不断电 2014年秋季合集(3)",
		"textContent": ""
	},
	{
		"title": "爱的智商 20140704",
		"path": "http://media.febcchinese.org/streaming/up/up140704.mp3",
		"duration": 1760,
		"size": "14.1M",
		"albumName": "亲情不断电 2014年秋季合集",
		"id": 6253000004,
		"albumId": 6253,
		"albumtitle": "亲情不断电 2014年秋季合集(4)",
		"textContent": ""
	},
	{
		"title": "品为一生（一）教养孩子做诚信的人 20140707",
		"path": "http://media.febcchinese.org/streaming/up/up140707.mp3",
		"duration": 1760,
		"size": "14.1M",
		"albumName": "亲情不断电 2014年秋季合集",
		"id": 6253000005,
		"albumId": 6253,
		"albumtitle": "亲情不断电 2014年秋季合集(5)",
		"textContent": ""
	},
	{
		"title": "怎样对待孩子撒谎 20140708",
		"path": "http://media.febcchinese.org/streaming/up/up140708.mp3",
		"duration": 1760,
		"size": "14.1M",
		"albumName": "亲情不断电 2014年秋季合集",
		"id": 6253000006,
		"albumId": 6253,
		"albumtitle": "亲情不断电 2014年秋季合集(6)",
		"textContent": ""
	},
	{
		"title": "克服电视电脑的诱惑 20140709",
		"path": "http://media.febcchinese.org/streaming/up/up140709.mp3",
		"duration": 1760,
		"size": "14.1M",
		"albumName": "亲情不断电 2014年秋季合集",
		"id": 6253000007,
		"albumId": 6253,
		"albumtitle": "亲情不断电 2014年秋季合集(7)",
		"textContent": ""
	},
	{
		"title": "克服电子时代的诱惑 20140710",
		"path": "http://media.febcchinese.org/streaming/up/up140710.mp3",
		"duration": 1760,
		"size": "14.1M",
		"albumName": "亲情不断电 2014年秋季合集",
		"id": 6253000008,
		"albumId": 6253,
		"albumtitle": "亲情不断电 2014年秋季合集(8)",
		"textContent": ""
	},
	{
		"title": "参加葬礼之后的感慨 20140711",
		"path": "http://media.febcchinese.org/streaming/up/up140711.mp3",
		"duration": 1760,
		"size": "14.1M",
		"albumName": "亲情不断电 2014年秋季合集",
		"id": 6253000009,
		"albumId": 6253,
		"albumtitle": "亲情不断电 2014年秋季合集(9)",
		"textContent": ""
	},
	{
		"title": "孩子的性教育（一） 20140714",
		"path": "http://media.febcchinese.org/streaming/up/up140714.mp3",
		"duration": 1760,
		"size": "14.1M",
		"albumName": "亲情不断电 2014年秋季合集",
		"id": 6253000010,
		"albumId": 6253,
		"albumtitle": "亲情不断电 2014年秋季合集(10)",
		"textContent": ""
	},
	{
		"title": "孩子的性教育（二） 20140715",
		"path": "http://media.febcchinese.org/streaming/up/up140715.mp3",
		"duration": 1760,
		"size": "14.1M",
		"albumName": "亲情不断电 2014年秋季合集",
		"id": 6253000011,
		"albumId": 6253,
		"albumtitle": "亲情不断电 2014年秋季合集(11)",
		"textContent": ""
	},
	{
		"title": "多赞美您的孩子 20140716",
		"path": "http://media.febcchinese.org/streaming/up/up140716.mp3",
		"duration": 1760,
		"size": "14.1M",
		"albumName": "亲情不断电 2014年秋季合集",
		"id": 6253000012,
		"albumId": 6253,
		"albumtitle": "亲情不断电 2014年秋季合集(12)",
		"textContent": ""
	},
	{
		"title": "对孩子表达爱 20140717",
		"path": "http://media.febcchinese.org/streaming/up/up140717.mp3",
		"duration": 1760,
		"size": "14.1M",
		"albumName": "亲情不断电 2014年秋季合集",
		"id": 6253000013,
		"albumId": 6253,
		"albumtitle": "亲情不断电 2014年秋季合集(13)",
		"textContent": ""
	},
	{
		"title": "亲子互动很重要 20140718",
		"path": "http://media.febcchinese.org/streaming/up/up140718.mp3",
		"duration": 1760,
		"size": "14.1M",
		"albumName": "亲情不断电 2014年秋季合集",
		"id": 6253000014,
		"albumId": 6253,
		"albumtitle": "亲情不断电 2014年秋季合集(14)",
		"textContent": ""
	},
	{
		"title": "教导孩子学习爱惜和管理东西 20140721",
		"path": "http://media.febcchinese.org/streaming/up/up140721.mp3",
		"duration": 1760,
		"size": "14.1M",
		"albumName": "亲情不断电 2014年秋季合集",
		"id": 6253000015,
		"albumId": 6253,
		"albumtitle": "亲情不断电 2014年秋季合集(15)",
		"textContent": ""
	},
	{
		"title": "如何建立家庭传统 20140722",
		"path": "http://media.febcchinese.org/streaming/up/up140722.mp3",
		"duration": 1760,
		"size": "14.1M",
		"albumName": "亲情不断电 2014年秋季合集",
		"id": 6253000016,
		"albumId": 6253,
		"albumtitle": "亲情不断电 2014年秋季合集(16)",
		"textContent": ""
	},
	{
		"title": "引导孩子勇敢 20140723",
		"path": "http://media.febcchinese.org/streaming/up/up140723.mp3",
		"duration": 1760,
		"size": "14.1M",
		"albumName": "亲情不断电 2014年秋季合集",
		"id": 6253000017,
		"albumId": 6253,
		"albumtitle": "亲情不断电 2014年秋季合集(17)",
		"textContent": ""
	},
	{
		"title": "小孩的根 20140724",
		"path": "http://media.febcchinese.org/streaming/up/up140724.mp3",
		"duration": 1760,
		"size": "14.1M",
		"albumName": "亲情不断电 2014年秋季合集",
		"id": 6253000018,
		"albumId": 6253,
		"albumtitle": "亲情不断电 2014年秋季合集(18)",
		"textContent": ""
	},
	{
		"title": "寻根 20140725",
		"path": "http://media.febcchinese.org/streaming/up/up140725.mp3",
		"duration": 1760,
		"size": "14.1M",
		"albumName": "亲情不断电 2014年秋季合集",
		"id": 6253000019,
		"albumId": 6253,
		"albumtitle": "亲情不断电 2014年秋季合集(19)",
		"textContent": ""
	},
	{
		"title": "孩子的隐私权 20140728",
		"path": "http://media.febcchinese.org/streaming/up/up140728.mp3",
		"duration": 1760,
		"size": "14.1M",
		"albumName": "亲情不断电 2014年秋季合集",
		"id": 6253000020,
		"albumId": 6253,
		"albumtitle": "亲情不断电 2014年秋季合集(20)",
		"textContent": ""
	},
	{
		"title": "界限 20140729",
		"path": "http://media.febcchinese.org/streaming/up/up140729.mp3",
		"duration": 1760,
		"size": "14.1M",
		"albumName": "亲情不断电 2014年秋季合集",
		"id": 6253000021,
		"albumId": 6253,
		"albumtitle": "亲情不断电 2014年秋季合集(21)",
		"textContent": ""
	},
	{
		"title": "孩子的艺术与爱好 20140730",
		"path": "http://media.febcchinese.org/streaming/up/up140730.mp3",
		"duration": 1760,
		"size": "14.1M",
		"albumName": "亲情不断电 2014年秋季合集",
		"id": 6253000022,
		"albumId": 6253,
		"albumtitle": "亲情不断电 2014年秋季合集(22)",
		"textContent": ""
	},
	{
		"title": "挖掘孩子的天赋 20140731",
		"path": "http://media.febcchinese.org/streaming/up/up140731.mp3",
		"duration": 1760,
		"size": "14.1M",
		"albumName": "亲情不断电 2014年秋季合集",
		"id": 6253000023,
		"albumId": 6253,
		"albumtitle": "亲情不断电 2014年秋季合集(23)",
		"textContent": ""
	},
	{
		"title": "教育战争 20140801",
		"path": "http://media.febcchinese.org/streaming/up/up140801.mp3",
		"duration": 1760,
		"size": "14.1M",
		"albumName": "亲情不断电 2014年秋季合集",
		"id": 6253000024,
		"albumId": 6253,
		"albumtitle": "亲情不断电 2014年秋季合集(24)",
		"textContent": ""
	},
	{
		"title": "建立孩子的认知能力 20140804",
		"path": "http://media.febcchinese.org/streaming/up/up140804.mp3",
		"duration": 1760,
		"size": "14.1M",
		"albumName": "亲情不断电 2014年秋季合集",
		"id": 6253000025,
		"albumId": 6253,
		"albumtitle": "亲情不断电 2014年秋季合集(25)",
		"textContent": ""
	},
	{
		"title": "孩子的成长阶段 20140805",
		"path": "http://media.febcchinese.org/streaming/up/up140805.mp3",
		"duration": 1760,
		"size": "14.1M",
		"albumName": "亲情不断电 2014年秋季合集",
		"id": 6253000026,
		"albumId": 6253,
		"albumtitle": "亲情不断电 2014年秋季合集(26)",
		"textContent": ""
	},
	{
		"title": "经营一个有爱的家 20140806",
		"path": "http://media.febcchinese.org/streaming/up/up140806.mp3",
		"duration": 1760,
		"size": "14.1M",
		"albumName": "亲情不断电 2014年秋季合集",
		"id": 6253000027,
		"albumId": 6253,
		"albumtitle": "亲情不断电 2014年秋季合集(27)",
		"textContent": ""
	},
	{
		"title": "失败恐惧症 20140807",
		"path": "http://media.febcchinese.org/streaming/up/up140807.mp3",
		"duration": 1760,
		"size": "14.1M",
		"albumName": "亲情不断电 2014年秋季合集",
		"id": 6253000028,
		"albumId": 6253,
		"albumtitle": "亲情不断电 2014年秋季合集(28)",
		"textContent": ""
	},
	{
		"title": "面对失败恐惧 20140808",
		"path": "http://media.febcchinese.org/streaming/up/up140808.mp3",
		"duration": 1760,
		"size": "14.1M",
		"albumName": "亲情不断电 2014年秋季合集",
		"id": 6253000029,
		"albumId": 6253,
		"albumtitle": "亲情不断电 2014年秋季合集(29)",
		"textContent": ""
	},
	{
		"title": "家务对于孩子的重要 20140811",
		"path": "http://media.febcchinese.org/streaming/up/up140811.mp3",
		"duration": 1760,
		"size": "14.1M",
		"albumName": "亲情不断电 2014年秋季合集",
		"id": 6253000030,
		"albumId": 6253,
		"albumtitle": "亲情不断电 2014年秋季合集(30)",
		"textContent": ""
	},
	{
		"title": "学会自我肯定 20140812",
		"path": "http://media.febcchinese.org/streaming/up/up140812.mp3",
		"duration": 1760,
		"size": "14.1M",
		"albumName": "亲情不断电 2014年秋季合集",
		"id": 6253000031,
		"albumId": 6253,
		"albumtitle": "亲情不断电 2014年秋季合集(31)",
		"textContent": ""
	},
	{
		"title": "用心赞美鼓励孩子 20140813",
		"path": "http://media.febcchinese.org/streaming/up/up140813.mp3",
		"duration": 1760,
		"size": "14.1M",
		"albumName": "亲情不断电 2014年秋季合集",
		"id": 6253000032,
		"albumId": 6253,
		"albumtitle": "亲情不断电 2014年秋季合集(32)",
		"textContent": ""
	},
	{
		"title": "调动感恩的心 20140814",
		"path": "http://media.febcchinese.org/streaming/up/up140814.mp3",
		"duration": 1760,
		"size": "14.1M",
		"albumName": "亲情不断电 2014年秋季合集",
		"id": 6253000033,
		"albumId": 6253,
		"albumtitle": "亲情不断电 2014年秋季合集(33)",
		"textContent": ""
	},
	{
		"title": "感恩的心 20140815",
		"path": "http://media.febcchinese.org/streaming/up/up140815.mp3",
		"duration": 1760,
		"size": "14.1M",
		"albumName": "亲情不断电 2014年秋季合集",
		"id": 6253000034,
		"albumId": 6253,
		"albumtitle": "亲情不断电 2014年秋季合集(34)",
		"textContent": ""
	},
	{
		"title": "发现孩子的创造力 20140818",
		"path": "http://media.febcchinese.org/streaming/up/up140818.mp3",
		"duration": 1760,
		"size": "14.1M",
		"albumName": "亲情不断电 2014年秋季合集",
		"id": 6253000035,
		"albumId": 6253,
		"albumtitle": "亲情不断电 2014年秋季合集(35)",
		"textContent": ""
	},
	{
		"title": "无畏的精神 20140819",
		"path": "http://media.febcchinese.org/streaming/up/up140819.mp3",
		"duration": 1760,
		"size": "14.1M",
		"albumName": "亲情不断电 2014年秋季合集",
		"id": 6253000036,
		"albumId": 6253,
		"albumtitle": "亲情不断电 2014年秋季合集(36)",
		"textContent": ""
	},
	{
		"title": "培养孩子的无畏精神 20140820",
		"path": "http://media.febcchinese.org/streaming/up/up140820.mp3",
		"duration": 1760,
		"size": "14.1M",
		"albumName": "亲情不断电 2014年秋季合集",
		"id": 6253000037,
		"albumId": 6253,
		"albumtitle": "亲情不断电 2014年秋季合集(37)",
		"textContent": ""
	},
	{
		"title": "欢乐的影响 20140821",
		"path": "http://media.febcchinese.org/streaming/up/up140821.mp3",
		"duration": 1760,
		"size": "14.1M",
		"albumName": "亲情不断电 2014年秋季合集",
		"id": 6253000038,
		"albumId": 6253,
		"albumtitle": "亲情不断电 2014年秋季合集(38)",
		"textContent": ""
	},
	{
		"title": "小鸟结婚 20140822",
		"path": "http://media.febcchinese.org/streaming/up/up140822.mp3",
		"duration": 1760,
		"size": "14.1M",
		"albumName": "亲情不断电 2014年秋季合集",
		"id": 6253000039,
		"albumId": 6253,
		"albumtitle": "亲情不断电 2014年秋季合集(39)",
		"textContent": ""
	},
	{
		"title": "沟通才能达到一致 20140825",
		"path": "http://media.febcchinese.org/streaming/up/up140825.mp3",
		"duration": 1760,
		"size": "14.1M",
		"albumName": "亲情不断电 2014年秋季合集",
		"id": 6253000040,
		"albumId": 6253,
		"albumtitle": "亲情不断电 2014年秋季合集(40)",
		"textContent": ""
	},
	{
		"title": "关注孩子心理健康 20140826",
		"path": "http://media.febcchinese.org/streaming/up/up140826.mp3",
		"duration": 1760,
		"size": "14.1M",
		"albumName": "亲情不断电 2014年秋季合集",
		"id": 6253000041,
		"albumId": 6253,
		"albumtitle": "亲情不断电 2014年秋季合集(41)",
		"textContent": ""
	},
	{
		"title": "建立正确的权柄观 20140827",
		"path": "http://media.febcchinese.org/streaming/up/up140827.mp3",
		"duration": 1760,
		"size": "14.1M",
		"albumName": "亲情不断电 2014年秋季合集",
		"id": 6253000042,
		"albumId": 6253,
		"albumtitle": "亲情不断电 2014年秋季合集(42)",
		"textContent": ""
	},
	{
		"title": "权柄的平衡点 20140828",
		"path": "http://media.febcchinese.org/streaming/up/up140828.mp3",
		"duration": 1760,
		"size": "14.1M",
		"albumName": "亲情不断电 2014年秋季合集",
		"id": 6253000043,
		"albumId": 6253,
		"albumtitle": "亲情不断电 2014年秋季合集(43)",
		"textContent": ""
	},
	{
		"title": "用爱呵护家 20140829",
		"path": "http://media.febcchinese.org/streaming/up/up140829.mp3",
		"duration": 1760,
		"size": "14.1M",
		"albumName": "亲情不断电 2014年秋季合集",
		"id": 6253000044,
		"albumId": 6253,
		"albumtitle": "亲情不断电 2014年秋季合集(44)",
		"textContent": ""
	},
	{
		"title": "怎样使孩子变得简单 20140901",
		"path": "http://media.febcchinese.org/streaming/up/up140901.mp3",
		"duration": 1760,
		"size": "14.1M",
		"albumName": "亲情不断电 2014年秋季合集",
		"id": 6253000045,
		"albumId": 6253,
		"albumtitle": "亲情不断电 2014年秋季合集(45)",
		"textContent": ""
	},
	{
		"title": "控制孩子的欲望 20140902",
		"path": "http://media.febcchinese.org/streaming/up/up140902.mp3",
		"duration": 1760,
		"size": "14.1M",
		"albumName": "亲情不断电 2014年秋季合集",
		"id": 6253000046,
		"albumId": 6253,
		"albumtitle": "亲情不断电 2014年秋季合集(46)",
		"textContent": ""
	},
	{
		"title": "跟孩子谈理财 20140903",
		"path": "http://media.febcchinese.org/streaming/up/up140903.mp3",
		"duration": 1760,
		"size": "14.1M",
		"albumName": "亲情不断电 2014年秋季合集",
		"id": 6253000047,
		"albumId": 6253,
		"albumtitle": "亲情不断电 2014年秋季合集(47)",
		"textContent": ""
	},
	{
		"title": "教导孩子该怎样花钱 20140904",
		"path": "http://media.febcchinese.org/streaming/up/up140904.mp3",
		"duration": 1760,
		"size": "14.1M",
		"albumName": "亲情不断电 2014年秋季合集",
		"id": 6253000048,
		"albumId": 6253,
		"albumtitle": "亲情不断电 2014年秋季合集(48)",
		"textContent": ""
	},
	{
		"title": "给孩子均衡爱amp;如鹰展翅上腾 20140905",
		"path": "http://media.febcchinese.org/streaming/up/up140905.mp3",
		"duration": 1760,
		"size": "14.1M",
		"albumName": "亲情不断电 2014年秋季合集",
		"id": 6253000049,
		"albumId": 6253,
		"albumtitle": "亲情不断电 2014年秋季合集(49)",
		"textContent": ""
	},
	{
		"title": "教孩子做家事该有的心态 20140908",
		"path": "http://media.febcchinese.org/streaming/up/up140908.mp3",
		"duration": 1760,
		"size": "14.1M",
		"albumName": "亲情不断电 2014年秋季合集",
		"id": 6253000050,
		"albumId": 6253,
		"albumtitle": "亲情不断电 2014年秋季合集(50)",
		"textContent": ""
	},
	{
		"title": "前青春期的孩子 20140909",
		"path": "http://media.febcchinese.org/streaming/up/up140909.mp3",
		"duration": 1760,
		"size": "14.1M",
		"albumName": "亲情不断电 2014年秋季合集",
		"id": 6253000051,
		"albumId": 6253,
		"albumtitle": "亲情不断电 2014年秋季合集(51)",
		"textContent": ""
	},
	{
		"title": "教孩子做决定 20140910",
		"path": "http://media.febcchinese.org/streaming/up/up140910.mp3",
		"duration": 1760,
		"size": "14.1M",
		"albumName": "亲情不断电 2014年秋季合集",
		"id": 6253000052,
		"albumId": 6253,
		"albumtitle": "亲情不断电 2014年秋季合集(52)",
		"textContent": ""
	},
	{
		"title": "帮助孩子建立管理时间的原则 20140911",
		"path": "http://media.febcchinese.org/streaming/up/up140911.mp3",
		"duration": 1760,
		"size": "14.1M",
		"albumName": "亲情不断电 2014年秋季合集",
		"id": 6253000053,
		"albumId": 6253,
		"albumtitle": "亲情不断电 2014年秋季合集(53)",
		"textContent": ""
	},
	{
		"title": "教孩子管理时间 20140912",
		"path": "http://media.febcchinese.org/streaming/up/up140912.mp3",
		"duration": 1760,
		"size": "14.1M",
		"albumName": "亲情不断电 2014年秋季合集",
		"id": 6253000054,
		"albumId": 6253,
		"albumtitle": "亲情不断电 2014年秋季合集(54)",
		"textContent": ""
	},
	{
		"title": "帮助孩子建立友情 20140915",
		"path": "http://media.febcchinese.org/streaming/up/up140915.mp3",
		"duration": 1760,
		"size": "14.1M",
		"albumName": "亲情不断电 2014年秋季合集",
		"id": 6253000055,
		"albumId": 6253,
		"albumtitle": "亲情不断电 2014年秋季合集(55)",
		"textContent": ""
	},
	{
		"title": "教导孩子改善人际关系 20140916",
		"path": "http://media.febcchinese.org/streaming/up/up140916.mp3",
		"duration": 1760,
		"size": "14.1M",
		"albumName": "亲情不断电 2014年秋季合集",
		"id": 6253000056,
		"albumId": 6253,
		"albumtitle": "亲情不断电 2014年秋季合集(56)",
		"textContent": ""
	},
	{
		"title": "处理负疚感 20140917",
		"path": "http://media.febcchinese.org/streaming/up/up140917.mp3",
		"duration": 1760,
		"size": "14.1M",
		"albumName": "亲情不断电 2014年秋季合集",
		"id": 6253000057,
		"albumId": 6253,
		"albumtitle": "亲情不断电 2014年秋季合集(57)",
		"textContent": ""
	},
	{
		"title": "处理罪恶感 20140918",
		"path": "http://media.febcchinese.org/streaming/up/up140918.mp3",
		"duration": 1760,
		"size": "14.1M",
		"albumName": "亲情不断电 2014年秋季合集",
		"id": 6253000058,
		"albumId": 6253,
		"albumtitle": "亲情不断电 2014年秋季合集(58)",
		"textContent": ""
	},
	{
		"title": "父亲给儿子的一封信amp;乌鸦尽孝 20140919",
		"path": "http://media.febcchinese.org/streaming/up/up140919.mp3",
		"duration": 1760,
		"size": "14.1M",
		"albumName": "亲情不断电 2014年秋季合集",
		"id": 6253000059,
		"albumId": 6253,
		"albumtitle": "亲情不断电 2014年秋季合集(59)",
		"textContent": ""
	},
	{
		"title": "怎样教孩子善解人意 20140922",
		"path": "http://media.febcchinese.org/streaming/up/up140922.mp3",
		"duration": 1760,
		"size": "14.1M",
		"albumName": "亲情不断电 2014年秋季合集",
		"id": 6253000060,
		"albumId": 6253,
		"albumtitle": "亲情不断电 2014年秋季合集(60)",
		"textContent": ""
	},
	{
		"title": "善解人意 20140923",
		"path": "http://media.febcchinese.org/streaming/up/up140923.mp3",
		"duration": 1760,
		"size": "14.1M",
		"albumName": "亲情不断电 2014年秋季合集",
		"id": 6253000061,
		"albumId": 6253,
		"albumtitle": "亲情不断电 2014年秋季合集(61)",
		"textContent": ""
	},
	{
		"title": "对孩子公布家里经济状况 20140924",
		"path": "http://media.febcchinese.org/streaming/up/up140924.mp3",
		"duration": 1760,
		"size": "14.1M",
		"albumName": "亲情不断电 2014年秋季合集",
		"id": 6253000062,
		"albumId": 6253,
		"albumtitle": "亲情不断电 2014年秋季合集(62)",
		"textContent": ""
	},
	{
		"title": "管理钱财 20140925",
		"path": "http://media.febcchinese.org/streaming/up/up140925.mp3",
		"duration": 1760,
		"size": "14.1M",
		"albumName": "亲情不断电 2014年秋季合集",
		"id": 6253000063,
		"albumId": 6253,
		"albumtitle": "亲情不断电 2014年秋季合集(63)",
		"textContent": ""
	},
	{
		"title": "爱是动词 20140926",
		"path": "http://media.febcchinese.org/streaming/up/up140926.mp3",
		"duration": 1760,
		"size": "14.1M",
		"albumName": "亲情不断电 2014年秋季合集",
		"id": 6253000064,
		"albumId": 6253,
		"albumtitle": "亲情不断电 2014年秋季合集(64)",
		"textContent": ""
	},
	{
		"title": "批评的艺术 20140929",
		"path": "http://media.febcchinese.org/streaming/up/up140929.mp3",
		"duration": 1760,
		"size": "14.1M",
		"albumName": "亲情不断电 2014年秋季合集",
		"id": 6253000065,
		"albumId": 6253,
		"albumtitle": "亲情不断电 2014年秋季合集(65)",
		"textContent": ""
	},
	{
		"title": "健康的批评 20140930",
		"path": "http://media.febcchinese.org/streaming/up/up140930.mp3",
		"duration": 1760,
		"size": "14.1M",
		"albumName": "亲情不断电 2014年秋季合集",
		"id": 6253000066,
		"albumId": 6253,
		"albumtitle": "亲情不断电 2014年秋季合集(66)",
		"textContent": ""
	}
]