[
	{
		"albumtitle": "《良院专区》基督化家庭(01)",
		"title": "基督化家庭",
		"duration": 1760,
		"size": "3.5M",
		"albumId": 75,
		"albumName": "《良院专区》基督化家庭",
		"path": "https://rawcdn.githack.com/quiet324/LiangyouAlbums2/1706013/vcjdhjt/vcjdhjt01.mp3",
		"id": 75888180
	},
	{
		"albumtitle": "《良院专区》基督化家庭(02)",
		"title": "圣经的婚姻观",
		"duration": 1760,
		"size": "3.5M",
		"albumId": 75,
		"albumName": "《良院专区》基督化家庭",
		"path": "https://rawcdn.githack.com/quiet324/LiangyouAlbums2/1706013/vcjdhjt/vcjdhjt02.mp3",
		"id": 75888181
	},
	{
		"albumtitle": "《良院专区》基督化家庭(03)",
		"title": "婚变问题1离婚、同居",
		"duration": 1760,
		"size": "3.5M",
		"albumId": 75,
		"albumName": "《良院专区》基督化家庭",
		"path": "https://rawcdn.githack.com/quiet324/LiangyouAlbums2/1706013/vcjdhjt/vcjdhjt03.mp3",
		"id": 75888182
	},
	{
		"albumtitle": "《良院专区》基督化家庭(04)",
		"title": "婚变问题2色情、婚外情",
		"duration": 1760,
		"size": "3.5M",
		"albumId": 75,
		"albumName": "《良院专区》基督化家庭",
		"path": "https://rawcdn.githack.com/quiet324/LiangyouAlbums2/1706013/vcjdhjt/vcjdhjt04.mp3",
		"id": 75888183
	},
	{
		"albumtitle": "《良院专区》基督化家庭(05)",
		"title": "性、爱与健康",
		"duration": 1760,
		"size": "3.5M",
		"albumId": 75,
		"albumName": "《良院专区》基督化家庭",
		"path": "https://rawcdn.githack.com/quiet324/LiangyouAlbums2/1706013/vcjdhjt/vcjdhjt05.mp3",
		"id": 75888184
	},
	{
		"albumtitle": "《良院专区》基督化家庭(06)",
		"title": "家庭问题个案一",
		"duration": 1760,
		"size": "3.5M",
		"albumId": 75,
		"albumName": "《良院专区》基督化家庭",
		"path": "https://rawcdn.githack.com/quiet324/LiangyouAlbums2/1706013/vcjdhjt/vcjdhjt06.mp3",
		"id": 75888185
	}
,
	{
		"albumtitle": "《良院专区》基督化家庭(07)",
		"title": "二人一体1丈夫的角色与责任",
		"duration": 1760,
		"size": "3.5M",
		"albumId": 75,
		"albumName": "《良院专区》基督化家庭",
		"path": "https://rawcdn.githack.com/quiet324/LiangyouAlbums2/1706013/vcjdhjt/vcjdhjt07.mp3",
		"id": 75888186
	},
	{
		"albumtitle": "《良院专区》基督化家庭(08)",
		"title": "二人一体2妻子的角色与本份",
		"duration": 1760,
		"size": "3.5M",
		"albumId": 75,
		"albumName": "《良院专区》基督化家庭",
		"path": "https://rawcdn.githack.com/quiet324/LiangyouAlbums2/1706013/vcjdhjt/vcjdhjt08.mp3",
		"id": 75888187
	},
	{
		"albumtitle": "《良院专区》基督化家庭(09)",
		"title": "夫妻之道座谈会",
		"duration": 1760,
		"size": "3.5M",
		"albumId": 75,
		"albumName": "《良院专区》基督化家庭",
		"path": "https://rawcdn.githack.com/quiet324/LiangyouAlbums2/1706013/vcjdhjt/vcjdhjt09.mp3",
		"id": 75888188
	},
	{
		"albumtitle": "《良院专区》基督化家庭(10)",
		"title": "夫妻沟通1总体传理学",
		"duration": 1760,
		"size": "3.5M",
		"albumId": 75,
		"albumName": "《良院专区》基督化家庭",
		"path": "https://rawcdn.githack.com/quiet324/LiangyouAlbums2/1706013/vcjdhjt/vcjdhjt10.mp3",
		"id": 75888189
	},
	{
		"albumtitle": "《良院专区》基督化家庭(11)",
		"title": "夫妻沟通2语言传理学",
		"duration": 1760,
		"size": "3.5M",
		"albumId": 75,
		"albumName": "《良院专区》基督化家庭",
		"path": "https://rawcdn.githack.com/quiet324/LiangyouAlbums2/1706013/vcjdhjt/vcjdhjt11.mp3",
		"id": 75888190
	},
	{
		"albumtitle": "《良院专区》基督化家庭(12)",
		"title": "家庭问题个案二",
		"duration": 1760,
		"size": "3.5M",
		"albumId": 75,
		"albumName": "《良院专区》基督化家庭",
		"path": "https://rawcdn.githack.com/quiet324/LiangyouAlbums2/1706013/vcjdhjt/vcjdhjt12.mp3",
		"id": 75888191
	},
	{
		"albumtitle": "《良院专区》基督化家庭(13)",
		"title": "怎样才算好家长",
		"duration": 1760,
		"size": "3.5M",
		"albumId": 75,
		"albumName": "《良院专区》基督化家庭",
		"path": "https://rawcdn.githack.com/quiet324/LiangyouAlbums2/1706013/vcjdhjt/vcjdhjt13.mp3",
		"id": 75888192
	},
	{
		"albumtitle": "《良院专区》基督化家庭(14)",
		"title": "了解子女",
		"duration": 1760,
		"size": "3.5M",
		"albumId": 75,
		"albumName": "《良院专区》基督化家庭",
		"path": "https://rawcdn.githack.com/quiet324/LiangyouAlbums2/1706013/vcjdhjt/vcjdhjt14.mp3",
		"id": 75888193
	},
	{
		"albumtitle": "《良院专区》基督化家庭(15)",
		"title": "养育子女",
		"duration": 1760,
		"size": "3.5M",
		"albumId": 75,
		"albumName": "《良院专区》基督化家庭",
		"path": "https://rawcdn.githack.com/quiet324/LiangyouAlbums2/1706013/vcjdhjt/vcjdhjt15.mp3",
		"id": 75888194
	},
	{
		"albumtitle": "《良院专区》基督化家庭(16)",
		"title": "家庭经济",
		"duration": 1760,
		"size": "3.5M",
		"albumId": 75,
		"albumName": "《良院专区》基督化家庭",
		"path": "https://rawcdn.githack.com/quiet324/LiangyouAlbums2/1706013/vcjdhjt/vcjdhjt16.mp3",
		"id": 75888195
	}
,
	{
		"albumtitle": "《良院专区》基督化家庭(17)",
		"title": "家庭礼拜",
		"duration": 1760,
		"size": "3.5M",
		"albumId": 75,
		"albumName": "《良院专区》基督化家庭",
		"path": "https://rawcdn.githack.com/quiet324/LiangyouAlbums2/1706013/vcjdhjt/vcjdhjt17.mp3",
		"id": 75888196
	},
	{
		"albumtitle": "《良院专区》基督化家庭(18)",
		"title": "家庭问题个案三",
		"duration": 1760,
		"size": "3.5M",
		"albumId": 75,
		"albumName": "《良院专区》基督化家庭",
		"path": "https://rawcdn.githack.com/quiet324/LiangyouAlbums2/1706013/vcjdhjt/vcjdhjt18.mp3",
		"id": 75888197
	},
	{
		"albumtitle": "《良院专区》基督化家庭(19)",
		"title": "中国家庭的内部矛盾",
		"duration": 1760,
		"size": "3.5M",
		"albumId": 75,
		"albumName": "《良院专区》基督化家庭",
		"path": "https://rawcdn.githack.com/quiet324/LiangyouAlbums2/1706013/vcjdhjt/vcjdhjt19.mp3",
		"id": 75888198
	},
	{
		"albumtitle": "《良院专区》基督化家庭(20)",
		"title": "基督化家庭与中国传统家庭",
		"duration": 1760,
		"size": "3.5M",
		"albumId": 75,
		"albumName": "《良院专区》基督化家庭",
		"path": "https://rawcdn.githack.com/quiet324/LiangyouAlbums2/1706013/vcjdhjt/vcjdhjt20.mp3",
		"id": 75888199
	},
	{
		"albumtitle": "《良院专区》基督化家庭(21)",
		"title": "如何看待犯错的家人",
		"duration": 1760,
		"size": "3.5M",
		"albumId": 75,
		"albumName": "《良院专区》基督化家庭",
		"path": "https://rawcdn.githack.com/quiet324/LiangyouAlbums2/1706013/vcjdhjt/vcjdhjt21.mp3",
		"id": 75888200
	},
	{
		"albumtitle": "《良院专区》基督化家庭(22)",
		"title": "对未婚青年的劝勉",
		"duration": 1760,
		"size": "3.5M",
		"albumId": 75,
		"albumName": "《良院专区》基督化家庭",
		"path": "https://rawcdn.githack.com/quiet324/LiangyouAlbums2/1706013/vcjdhjt/vcjdhjt22.mp3",
		"id": 75888201
	},
	{
		"albumtitle": "《良院专区》基督化家庭(23)",
		"title": "与夫妻共勉",
		"duration": 1760,
		"size": "3.5M",
		"albumId": 75,
		"albumName": "《良院专区》基督化家庭",
		"path": "https://rawcdn.githack.com/quiet324/LiangyouAlbums2/1706013/vcjdhjt/vcjdhjt23.mp3",
		"id": 75888202
	},
	{
		"albumtitle": "《良院专区》基督化家庭(24)",
		"title": "家庭感恩见证会",
		"duration": 1760,
		"size": "3.5M",
		"albumId": 75,
		"albumName": "《良院专区》基督化家庭",
		"path": "https://rawcdn.githack.com/quiet324/LiangyouAlbums2/1706013/vcjdhjt/vcjdhjt24.mp3",
		"id": 75888203
	}
]