[
	{
		"albumtitle": "《良院专区》末世论(01)",
		"title": "末世论的定义",
		"duration": 1760,
		"size": "3.5M",
		"albumId": 76,
		"albumName": "《良院专区》末世论",
		"path": "https://rawcdn.githack.com/quiet324/LiangyouAlbums2/1706014/vcmsl/vcmsl01.mp3",
		"id": 76888180
	},
	{
		"albumtitle": "《良院专区》末世论(02)",
		"title": "个人层面的末世论",
		"duration": 1760,
		"size": "3.5M",
		"albumId": 76,
		"albumName": "《良院专区》末世论",
		"path": "https://rawcdn.githack.com/quiet324/LiangyouAlbums2/1706014/vcmsl/vcmsl02.mp3",
		"id": 76888181
	},
	{
		"albumtitle": "《良院专区》末世论(03)",
		"title": "末世论的圣经基础",
		"duration": 1760,
		"size": "3.5M",
		"albumId": 76,
		"albumName": "《良院专区》末世论",
		"path": "https://rawcdn.githack.com/quiet324/LiangyouAlbums2/1706014/vcmsl/vcmsl03.mp3",
		"id": 76888182
	},
	{
		"albumtitle": "《良院专区》末世论(04)",
		"title": "主耶稣的末世论",
		"duration": 1760,
		"size": "3.5M",
		"albumId": 76,
		"albumName": "《良院专区》末世论",
		"path": "https://rawcdn.githack.com/quiet324/LiangyouAlbums2/1706014/vcmsl/vcmsl04.mp3",
		"id": 76888183
	},
	{
		"albumtitle": "《良院专区》末世论(05)",
		"title": "时代主义的末世论1",
		"duration": 1760,
		"size": "3.5M",
		"albumId": 76,
		"albumName": "《良院专区》末世论",
		"path": "https://rawcdn.githack.com/quiet324/LiangyouAlbums2/1706014/vcmsl/vcmsl05.mp3",
		"id": 76888184
	},
	{
		"albumtitle": "《良院专区》末世论(06)",
		"title": "时代主义的末世论2",
		"duration": 1760,
		"size": "3.5M",
		"albumId": 76,
		"albumName": "《良院专区》末世论",
		"path": "https://rawcdn.githack.com/quiet324/LiangyouAlbums2/1706014/vcmsl/vcmsl06.mp3",
		"id": 76888185
	}
,
	{
		"albumtitle": "《良院专区》末世论(07)",
		"title": "内地教会对末世论的争议1",
		"duration": 1760,
		"size": "3.5M",
		"albumId": 76,
		"albumName": "《良院专区》末世论",
		"path": "https://rawcdn.githack.com/quiet324/LiangyouAlbums2/1706014/vcmsl/vcmsl07.mp3",
		"id": 76888186
	},
	{
		"albumtitle": "《良院专区》末世论(08)",
		"title": "内地教会对末世论的争议2",
		"duration": 1760,
		"size": "3.5M",
		"albumId": 76,
		"albumName": "《良院专区》末世论",
		"path": "https://rawcdn.githack.com/quiet324/LiangyouAlbums2/1706014/vcmsl/vcmsl08.mp3",
		"id": 76888187
	},
	{
		"albumtitle": "《良院专区》末世论(09)",
		"title": "末世论的主要论题1神的国",
		"duration": 1760,
		"size": "3.5M",
		"albumId": 76,
		"albumName": "《良院专区》末世论",
		"path": "https://rawcdn.githack.com/quiet324/LiangyouAlbums2/1706014/vcmsl/vcmsl09.mp3",
		"id": 76888188
	},
	{
		"albumtitle": "《良院专区》末世论(10)",
		"title": "末世论的主要论题2主再来",
		"duration": 1760,
		"size": "3.5M",
		"albumId": 76,
		"albumName": "《良院专区》末世论",
		"path": "https://rawcdn.githack.com/quiet324/LiangyouAlbums2/1706014/vcmsl/vcmsl10.mp3",
		"id": 76888189
	},
	{
		"albumtitle": "《良院专区》末世论(11)",
		"title": "千禧年1历史前千禧年观",
		"duration": 1760,
		"size": "3.5M",
		"albumId": 76,
		"albumName": "《良院专区》末世论",
		"path": "https://rawcdn.githack.com/quiet324/LiangyouAlbums2/1706014/vcmsl/vcmsl11.mp3",
		"id": 76888190
	},
	{
		"albumtitle": "《良院专区》末世论(12)",
		"title": "千禧年2时共前千禧年观",
		"duration": 1760,
		"size": "3.5M",
		"albumId": 76,
		"albumName": "《良院专区》末世论",
		"path": "https://rawcdn.githack.com/quiet324/LiangyouAlbums2/1706014/vcmsl/vcmsl12.mp3",
		"id": 76888191
	},
	{
		"albumtitle": "《良院专区》末世论(13)",
		"title": "千禧年3对前千禧年观的评估",
		"duration": 1760,
		"size": "3.5M",
		"albumId": 76,
		"albumName": "《良院专区》末世论",
		"path": "https://rawcdn.githack.com/quiet324/LiangyouAlbums2/1706014/vcmsl/vcmsl13.mp3",
		"id": 76888192
	},
	{
		"albumtitle": "《良院专区》末世论(14)",
		"title": "千禧年4后千禧年观",
		"duration": 1760,
		"size": "3.5M",
		"albumId": 76,
		"albumName": "《良院专区》末世论",
		"path": "https://rawcdn.githack.com/quiet324/LiangyouAlbums2/1706014/vcmsl/vcmsl14.mp3",
		"id": 76888193
	},
	{
		"albumtitle": "《良院专区》末世论(15)",
		"title": "千禧年5对后千禧年观的评估",
		"duration": 1760,
		"size": "3.5M",
		"albumId": 76,
		"albumName": "《良院专区》末世论",
		"path": "https://rawcdn.githack.com/quiet324/LiangyouAlbums2/1706014/vcmsl/vcmsl15.mp3",
		"id": 76888194
	},
	{
		"albumtitle": "《良院专区》末世论(16)",
		"title": "千禧年6无千禧年观",
		"duration": 1760,
		"size": "3.5M",
		"albumId": 76,
		"albumName": "《良院专区》末世论",
		"path": "https://rawcdn.githack.com/quiet324/LiangyouAlbums2/1706014/vcmsl/vcmsl16.mp3",
		"id": 76888195
	}
,
	{
		"albumtitle": "《良院专区》末世论(17)",
		"title": "千禧年7对无千禧年观的平估",
		"duration": 1760,
		"size": "3.5M",
		"albumId": 76,
		"albumName": "《良院专区》末世论",
		"path": "https://rawcdn.githack.com/quiet324/LiangyouAlbums2/1706014/vcmsl/vcmsl17.mp3",
		"id": 76888196
	},
	{
		"albumtitle": "《良院专区》末世论(18)",
		"title": "大灾难与被提",
		"duration": 1760,
		"size": "3.5M",
		"albumId": 76,
		"albumName": "《良院专区》末世论",
		"path": "https://rawcdn.githack.com/quiet324/LiangyouAlbums2/1706014/vcmsl/vcmsl18.mp3",
		"id": 76888197
	},
	{
		"albumtitle": "《良院专区》末世论(19)",
		"title": "审判与终局",
		"duration": 1760,
		"size": "3.5M",
		"albumId": 76,
		"albumName": "《良院专区》末世论",
		"path": "https://rawcdn.githack.com/quiet324/LiangyouAlbums2/1706014/vcmsl/vcmsl19.mp3",
		"id": 76888198
	},
	{
		"albumtitle": "《良院专区》末世论(20)",
		"title": "新天新地",
		"duration": 1760,
		"size": "3.5M",
		"albumId": 76,
		"albumName": "《良院专区》末世论",
		"path": "https://rawcdn.githack.com/quiet324/LiangyouAlbums2/1706014/vcmsl/vcmsl20.mp3",
		"id": 76888199
	},
	{
		"albumtitle": "《良院专区》末世论(21)",
		"title": "教会与末世的使命1建立整全的圣经观",
		"duration": 1760,
		"size": "3.5M",
		"albumId": 76,
		"albumName": "《良院专区》末世论",
		"path": "https://rawcdn.githack.com/quiet324/LiangyouAlbums2/1706014/vcmsl/vcmsl21.mp3",
		"id": 76888200
	},
	{
		"albumtitle": "《良院专区》末世论(22)",
		"title": "教会与末世的使命2为主而活",
		"duration": 1760,
		"size": "3.5M",
		"albumId": 76,
		"albumName": "《良院专区》末世论",
		"path": "https://rawcdn.githack.com/quiet324/LiangyouAlbums2/1706014/vcmsl/vcmsl22.mp3",
		"id": 76888201
	},
	{
		"albumtitle": "《良院专区》末世论(23)",
		"title": "教会与末世的使命3广传福音",
		"duration": 1760,
		"size": "3.5M",
		"albumId": 76,
		"albumName": "《良院专区》末世论",
		"path": "https://rawcdn.githack.com/quiet324/LiangyouAlbums2/1706014/vcmsl/vcmsl23.mp3",
		"id": 76888202
	},
	{
		"albumtitle": "《良院专区》末世论(24)",
		"title": "总结-末世与盼望",
		"duration": 1760,
		"size": "3.5M",
		"albumId": 76,
		"albumName": "《良院专区》末世论",
		"path": "https://rawcdn.githack.com/quiet324/LiangyouAlbums2/1706014/vcmsl/vcmsl24.mp3",
		"id": 76888203
	}
]