[
	{
		"albumtitle": "《良院专区》无神论与信仰(01)",
		"title": "什么是无神论",
		"duration": 1760,
		"size": "3.5M",
		"albumId": 73,
		"albumName": "《良院专区》无神论与信仰",
		"path": "https://rawcdn.githack.com/quiet324/LiangyouAlbums2/170601/vcwsl/vcwsl01.mp3",
		"id": 73888180
	},
	{
		"albumtitle": "《良院专区》无神论与信仰(02)",
		"title": "无神论的错误观点",
		"duration": 1760,
		"size": "3.5M",
		"albumId": 73,
		"albumName": "《良院专区》无神论与信仰",
		"path": "https://rawcdn.githack.com/quiet324/LiangyouAlbums2/170601/vcwsl/vcwsl02.mp3",
		"id": 73888181
	},
	{
		"albumtitle": "《良院专区》无神论与信仰(03)",
		"title": "无神论对人类历史和社会所造成的影响",
		"duration": 1760,
		"size": "3.5M",
		"albumId": 73,
		"albumName": "《良院专区》无神论与信仰",
		"path": "https://rawcdn.githack.com/quiet324/LiangyouAlbums2/170601/vcwsl/vcwsl03.mp3",
		"id": 73888182
	},
	{
		"albumtitle": "《良院专区》无神论与信仰(04)",
		"title": "无神论对个人生命所造成的影响",
		"duration": 1760,
		"size": "3.5M",
		"albumId": 73,
		"albumName": "《良院专区》无神论与信仰",
		"path": "https://rawcdn.githack.com/quiet324/LiangyouAlbums2/170601/vcwsl/vcwsl04.mp3",
		"id": 73888183
	},
	{
		"albumtitle": "《良院专区》无神论与信仰(05)",
		"title": "如何证明神的存在",
		"duration": 1760,
		"size": "3.5M",
		"albumId": 73,
		"albumName": "《良院专区》无神论与信仰",
		"path": "https://rawcdn.githack.com/quiet324/LiangyouAlbums2/170601/vcwsl/vcwsl05.mp3",
		"id": 73888184
	},
	{
		"albumtitle": "《良院专区》无神论与信仰(06)",
		"title": "如何走出无神论的陷阱",
		"duration": 1760,
		"size": "3.5M",
		"albumId": 73,
		"albumName": "《良院专区》无神论与信仰",
		"path": "https://rawcdn.githack.com/quiet324/LiangyouAlbums2/170601/vcwsl/vcwsl06.mp3",
		"id": 73888185
	}
]