[
  {
    "path": "https://rawcdn.githack.com/quiet324/VOSAlbum2/1706174/voschinadoctortalkhealth/voschinadoctortalkhealth01.mp3",
    "title": "「手腳冰冷的原因」",
    "duration": 600,
    "size": "4.5M",
    "albumName": "中醫師談健康",
    "albumId": 313,
    "id": 313888180,
    "albumtitle": "中醫師談健康(1)"
  },
  {
    "path": "https://rawcdn.githack.com/quiet324/VOSAlbum2/1706174/voschinadoctortalkhealth/voschinadoctortalkhealth02.mp3",
    "title": "「熬夜的代價」",
    "duration": 600,
    "size": "4.5M",
    "albumName": "中醫師談健康",
    "albumId": 313,
    "id": 313888181,
    "albumtitle": "中醫師談健康(2)"
  },
  {
    "path": "https://rawcdn.githack.com/quiet324/VOSAlbum2/1706174/voschinadoctortalkhealth/voschinadoctortalkhealth03.mp3",
    "title": "「惹人的青春痘」",
    "duration": 600,
    "size": "4.5M",
    "albumName": "中醫師談健康",
    "albumId": 313,
    "id": 313888182,
    "albumtitle": "中醫師談健康(3)"
  },
  {
    "path": "https://rawcdn.githack.com/quiet324/VOSAlbum2/1706174/voschinadoctortalkhealth/voschinadoctortalkhealth04.mp3",
    "title": "「過敏原因大哉問」",
    "duration": 600,
    "size": "4.5M",
    "albumName": "中醫師談健康",
    "albumId": 313,
    "id": 313888183,
    "albumtitle": "中醫師談健康(4)"
  },
  {
    "path": "https://rawcdn.githack.com/quiet324/VOSAlbum2/1706174/voschinadoctortalkhealth/voschinadoctortalkhealth05.mp3",
    "title": "「中醫v.s.西醫 (1)」",
    "duration": 600,
    "size": "4.5M",
    "albumName": "中醫師談健康",
    "albumId": 313,
    "id": 313888184,
    "albumtitle": "中醫師談健康(5)"
  },
  {
    "path": "https://rawcdn.githack.com/quiet324/VOSAlbum2/1706174/voschinadoctortalkhealth/voschinadoctortalkhealth06.mp3",
    "title": "「中醫v.s.西醫 (2)」",
    "duration": 600,
    "size": "4.5M",
    "albumName": "中醫師談健康",
    "albumId": 313,
    "id": 313888185,
    "albumtitle": "中醫師談健康(6)"
  },
  {
    "path": "https://rawcdn.githack.com/quiet324/VOSAlbum2/1706174/voschinadoctortalkhealth/voschinadoctortalkhealth07.mp3",
    "title": "「如何選擇合適的中醫診所就診」",
    "duration": 600,
    "size": "4.5M",
    "albumName": "中醫師談健康",
    "albumId": 313,
    "id": 313888186,
    "albumtitle": "中醫師談健康(7)"
  },
  {
    "path": "https://rawcdn.githack.com/quiet324/VOSAlbum2/1706174/voschinadoctortalkhealth/voschinadoctortalkhealth08.mp3",
    "title": "「把脈知百病 (1)」",
    "duration": 600,
    "size": "4.5M",
    "albumName": "中醫師談健康",
    "albumId": 313,
    "id": 313888187,
    "albumtitle": "中醫師談健康(8)"
  },
  {
    "path": "https://rawcdn.githack.com/quiet324/VOSAlbum2/1706174/voschinadoctortalkhealth/voschinadoctortalkhealth09.mp3",
    "title": "「把脈知百病 (2)」",
    "duration": 600,
    "size": "4.5M",
    "albumName": "中醫師談健康",
    "albumId": 313,
    "id": 313888188,
    "albumtitle": "中醫師談健康(9)"
  },
  {
    "path": "https://rawcdn.githack.com/quiet324/VOSAlbum2/1706174/voschinadoctortalkhealth/voschinadoctortalkhealth010.mp3",
    "title": "「針灸」",
    "duration": 600,
    "size": "4.5M",
    "albumName": "中醫師談健康",
    "albumId": 313,
    "id": 313888189,
    "albumtitle": "中醫師談健康(10)"
  },
  {
    "path": "https://rawcdn.githack.com/quiet324/VOSAlbum2/1706174/voschinadoctortalkhealth/voschinadoctortalkhealth011.mp3",
    "title": "「中醫減重知多少」",
    "duration": 600,
    "size": "4.5M",
    "albumName": "中醫師談健康",
    "albumId": 313,
    "id": 313888190,
    "albumtitle": "中醫師談健康(11)"
  },
  {
    "path": "https://rawcdn.githack.com/quiet324/VOSAlbum2/1706174/voschinadoctortalkhealth/voschinadoctortalkhealth012.mp3",
    "title": "「一生的計畫在祂手中」",
    "duration": 600,
    "size": "4.5M",
    "albumName": "中醫師談健康",
    "albumId": 313,
    "id": 313888191,
    "albumtitle": "中醫師談健康(12)"
  }
]