[
  {
    "path": "https://rawcdn.githack.com/quiet324/VOSAlbum3/1706192/vosechoingvalley/vosechoingvalley01.mp3",
    "title": "",
    "duration": 1760,
    "size": "14M",
    "albumName": "迴聲谷 Echoing Valley",
    "albumId": 326,
    "id": 326888180,
    "albumtitle": "迴聲谷 Echoing Valley(1)"
  },
  {
    "path": "https://rawcdn.githack.com/quiet324/VOSAlbum3/1706192/vosechoingvalley/vosechoingvalley02.mp3",
    "title": "",
    "duration": 1760,
    "size": "14M",
    "albumName": "迴聲谷 Echoing Valley",
    "albumId": 326,
    "id": 326888181,
    "albumtitle": "迴聲谷 Echoing Valley(2)"
  },
  {
    "path": "https://rawcdn.githack.com/quiet324/VOSAlbum3/1706192/vosechoingvalley/vosechoingvalley03.mp3",
    "title": "",
    "duration": 1760,
    "size": "14M",
    "albumName": "迴聲谷 Echoing Valley",
    "albumId": 326,
    "id": 326888182,
    "albumtitle": "迴聲谷 Echoing Valley(3)"
  },
  {
    "path": "https://rawcdn.githack.com/quiet324/VOSAlbum3/1706192/vosechoingvalley/vosechoingvalley04.mp3",
    "title": "",
    "duration": 1760,
    "size": "14M",
    "albumName": "迴聲谷 Echoing Valley",
    "albumId": 326,
    "id": 326888183,
    "albumtitle": "迴聲谷 Echoing Valley(4)"
  },
  {
    "path": "https://rawcdn.githack.com/quiet324/VOSAlbum3/1706192/vosechoingvalley/vosechoingvalley05.mp3",
    "title": "",
    "duration": 1760,
    "size": "14M",
    "albumName": "迴聲谷 Echoing Valley",
    "albumId": 326,
    "id": 326888184,
    "albumtitle": "迴聲谷 Echoing Valley(5)"
  },
  {
    "path": "https://rawcdn.githack.com/quiet324/VOSAlbum3/1706192/vosechoingvalley/vosechoingvalley06.mp3",
    "title": "",
    "duration": 1760,
    "size": "14M",
    "albumName": "迴聲谷 Echoing Valley",
    "albumId": 326,
    "id": 326888185,
    "albumtitle": "迴聲谷 Echoing Valley(6)"
  },
  {
    "path": "https://rawcdn.githack.com/quiet324/VOSAlbum3/1706192/vosechoingvalley/vosechoingvalley07.mp3",
    "title": "",
    "duration": 1760,
    "size": "14M",
    "albumName": "迴聲谷 Echoing Valley",
    "albumId": 326,
    "id": 326888186,
    "albumtitle": "迴聲谷 Echoing Valley(7)"
  },
  {
    "path": "https://rawcdn.githack.com/quiet324/VOSAlbum3/1706192/vosechoingvalley/vosechoingvalley08.mp3",
    "title": "",
    "duration": 1760,
    "size": "14M",
    "albumName": "迴聲谷 Echoing Valley",
    "albumId": 326,
    "id": 326888187,
    "albumtitle": "迴聲谷 Echoing Valley(8)"
  },
  {
    "path": "https://rawcdn.githack.com/quiet324/VOSAlbum3/1706192/vosechoingvalley/vosechoingvalley09.mp3",
    "title": "",
    "duration": 1760,
    "size": "14M",
    "albumName": "迴聲谷 Echoing Valley",
    "albumId": 326,
    "id": 326888188,
    "albumtitle": "迴聲谷 Echoing Valley(9)"
  },
  {
    "path": "https://rawcdn.githack.com/quiet324/VOSAlbum3/1706192/vosechoingvalley/vosechoingvalley010.mp3",
    "title": "",
    "duration": 1760,
    "size": "14M",
    "albumName": "迴聲谷 Echoing Valley",
    "albumId": 326,
    "id": 326888189,
    "albumtitle": "迴聲谷 Echoing Valley(10)"
  },
  {
    "path": "https://rawcdn.githack.com/quiet324/VOSAlbum3/1706192/vosechoingvalley/vosechoingvalley011.mp3",
    "title": "",
    "duration": 1760,
    "size": "14M",
    "albumName": "迴聲谷 Echoing Valley",
    "albumId": 326,
    "id": 326888190,
    "albumtitle": "迴聲谷 Echoing Valley(11)"
  },
  {
    "path": "https://rawcdn.githack.com/quiet324/VOSAlbum3/1706192/vosechoingvalley/vosechoingvalley012.mp3",
    "title": "",
    "duration": 1760,
    "size": "14M",
    "albumName": "迴聲谷 Echoing Valley",
    "albumId": 326,
    "id": 326888191,
    "albumtitle": "迴聲谷 Echoing Valley(12)"
  },
  {
    "path": "https://rawcdn.githack.com/quiet324/VOSAlbum3/1706192/vosechoingvalley/vosechoingvalley013.mp3",
    "title": "",
    "duration": 1760,
    "size": "14M",
    "albumName": "迴聲谷 Echoing Valley",
    "albumId": 326,
    "id": 326888192,
    "albumtitle": "迴聲谷 Echoing Valley(13)"
  },
  {
    "path": "https://rawcdn.githack.com/quiet324/VOSAlbum3/1706192/vosechoingvalley/vosechoingvalley014.mp3",
    "title": "",
    "duration": 1760,
    "size": "14M",
    "albumName": "迴聲谷 Echoing Valley",
    "albumId": 326,
    "id": 326888193,
    "albumtitle": "迴聲谷 Echoing Valley(14)"
  },
  {
    "path": "https://rawcdn.githack.com/quiet324/VOSAlbum3/1706192/vosechoingvalley/vosechoingvalley015.mp3",
    "title": "",
    "duration": 1760,
    "size": "14M",
    "albumName": "迴聲谷 Echoing Valley",
    "albumId": 326,
    "id": 326888194,
    "albumtitle": "迴聲谷 Echoing Valley(15)"
  },
  {
    "path": "https://rawcdn.githack.com/quiet324/VOSAlbum3/1706192/vosechoingvalley/vosechoingvalley016.mp3",
    "title": "",
    "duration": 1760,
    "size": "14M",
    "albumName": "迴聲谷 Echoing Valley",
    "albumId": 326,
    "id": 326888195,
    "albumtitle": "迴聲谷 Echoing Valley(16)"
  },
  {
    "path": "https://rawcdn.githack.com/quiet324/VOSAlbum3/1706192/vosechoingvalley/vosechoingvalley017.mp3",
    "title": "",
    "duration": 1760,
    "size": "14M",
    "albumName": "迴聲谷 Echoing Valley",
    "albumId": 326,
    "id": 326888196,
    "albumtitle": "迴聲谷 Echoing Valley(17)"
  },
  {
    "path": "https://rawcdn.githack.com/quiet324/VOSAlbum3/1706192/vosechoingvalley/vosechoingvalley018.mp3",
    "title": "",
    "duration": 1760,
    "size": "14M",
    "albumName": "迴聲谷 Echoing Valley",
    "albumId": 326,
    "id": 326888197,
    "albumtitle": "迴聲谷 Echoing Valley(18)"
  },
  {
    "path": "https://rawcdn.githack.com/quiet324/VOSAlbum3/1706192/vosechoingvalley/vosechoingvalley019.mp3",
    "title": "",
    "duration": 1760,
    "size": "14M",
    "albumName": "迴聲谷 Echoing Valley",
    "albumId": 326,
    "id": 326888198,
    "albumtitle": "迴聲谷 Echoing Valley(19)"
  },
  {
    "path": "https://rawcdn.githack.com/quiet324/VOSAlbum3/1706192/vosechoingvalley/vosechoingvalley020.mp3",
    "title": "",
    "duration": 1760,
    "size": "14M",
    "albumName": "迴聲谷 Echoing Valley",
    "albumId": 326,
    "id": 326888199,
    "albumtitle": "迴聲谷 Echoing Valley(20)"
  },
  {
    "path": "https://rawcdn.githack.com/quiet324/VOSAlbum3/1706192/vosechoingvalley/vosechoingvalley021.mp3",
    "title": "",
    "duration": 1760,
    "size": "14M",
    "albumName": "迴聲谷 Echoing Valley",
    "albumId": 326,
    "id": 326888200,
    "albumtitle": "迴聲谷 Echoing Valley(21)"
  },
  {
    "path": "https://rawcdn.githack.com/quiet324/VOSAlbum3/1706192/vosechoingvalley/vosechoingvalley022.mp3",
    "title": "",
    "duration": 1760,
    "size": "14M",
    "albumName": "迴聲谷 Echoing Valley",
    "albumId": 326,
    "id": 326888201,
    "albumtitle": "迴聲谷 Echoing Valley(22)"
  },
  {
    "path": "https://rawcdn.githack.com/quiet324/VOSAlbum3/1706192/vosechoingvalley/vosechoingvalley023.mp3",
    "title": "",
    "duration": 1760,
    "size": "14M",
    "albumName": "迴聲谷 Echoing Valley",
    "albumId": 326,
    "id": 326888202,
    "albumtitle": "迴聲谷 Echoing Valley(23)"
  },
  {
    "path": "https://rawcdn.githack.com/quiet324/VOSAlbum3/1706192/vosechoingvalley/vosechoingvalley024.mp3",
    "title": "",
    "duration": 1760,
    "size": "14M",
    "albumName": "迴聲谷 Echoing Valley",
    "albumId": 326,
    "id": 326888203,
    "albumtitle": "迴聲谷 Echoing Valley(24)"
  },
  {
    "path": "https://rawcdn.githack.com/quiet324/VOSAlbum3/1706192/vosechoingvalley/vosechoingvalley025.mp3",
    "title": "",
    "duration": 1760,
    "size": "14M",
    "albumName": "迴聲谷 Echoing Valley",
    "albumId": 326,
    "id": 326888204,
    "albumtitle": "迴聲谷 Echoing Valley(25)"
  },
  {
    "path": "https://rawcdn.githack.com/quiet324/VOSAlbum3/1706192/vosechoingvalley/vosechoingvalley026.mp3",
    "title": "",
    "duration": 1760,
    "size": "14M",
    "albumName": "迴聲谷 Echoing Valley",
    "albumId": 326,
    "id": 326888205,
    "albumtitle": "迴聲谷 Echoing Valley(26)"
  },
  {
    "path": "https://rawcdn.githack.com/quiet324/VOSAlbum3/1706192/vosechoingvalley/vosechoingvalley027.mp3",
    "title": "",
    "duration": 1760,
    "size": "14M",
    "albumName": "迴聲谷 Echoing Valley",
    "albumId": 326,
    "id": 326888206,
    "albumtitle": "迴聲谷 Echoing Valley(27)"
  },
  {
    "path": "https://rawcdn.githack.com/quiet324/VOSAlbum3/1706192/vosechoingvalley/vosechoingvalley028.mp3",
    "title": "",
    "duration": 1760,
    "size": "14M",
    "albumName": "迴聲谷 Echoing Valley",
    "albumId": 326,
    "id": 326888207,
    "albumtitle": "迴聲谷 Echoing Valley(28)"
  },
  {
    "path": "https://rawcdn.githack.com/quiet324/VOSAlbum3/1706192/vosechoingvalley/vosechoingvalley029.mp3",
    "title": "",
    "duration": 1760,
    "size": "14M",
    "albumName": "迴聲谷 Echoing Valley",
    "albumId": 326,
    "id": 326888208,
    "albumtitle": "迴聲谷 Echoing Valley(29)"
  },
  {
    "path": "https://rawcdn.githack.com/quiet324/VOSAlbum3/1706192/vosechoingvalley/vosechoingvalley030.mp3",
    "title": "",
    "duration": 1760,
    "size": "14M",
    "albumName": "迴聲谷 Echoing Valley",
    "albumId": 326,
    "id": 326888209,
    "albumtitle": "迴聲谷 Echoing Valley(30)"
  },
  {
    "path": "https://rawcdn.githack.com/quiet324/VOSAlbum3/1706192/vosechoingvalley/vosechoingvalley031.mp3",
    "title": "",
    "duration": 1760,
    "size": "14M",
    "albumName": "迴聲谷 Echoing Valley",
    "albumId": 326,
    "id": 326888210,
    "albumtitle": "迴聲谷 Echoing Valley(31)"
  },
  {
    "path": "https://rawcdn.githack.com/quiet324/VOSAlbum3/1706192/vosechoingvalley/vosechoingvalley032.mp3",
    "title": "",
    "duration": 1760,
    "size": "14M",
    "albumName": "迴聲谷 Echoing Valley",
    "albumId": 326,
    "id": 326888211,
    "albumtitle": "迴聲谷 Echoing Valley(32)"
  },
  {
    "path": "https://rawcdn.githack.com/quiet324/VOSAlbum3/1706192/vosechoingvalley/vosechoingvalley033.mp3",
    "title": "",
    "duration": 1760,
    "size": "14M",
    "albumName": "迴聲谷 Echoing Valley",
    "albumId": 326,
    "id": 326888212,
    "albumtitle": "迴聲谷 Echoing Valley(33)"
  },
  {
    "path": "https://rawcdn.githack.com/quiet324/VOSAlbum3/1706192/vosechoingvalley/vosechoingvalley034.mp3",
    "title": "",
    "duration": 1760,
    "size": "14M",
    "albumName": "迴聲谷 Echoing Valley",
    "albumId": 326,
    "id": 326888213,
    "albumtitle": "迴聲谷 Echoing Valley(34)"
  },
  {
    "path": "https://rawcdn.githack.com/quiet324/VOSAlbum3/1706192/vosechoingvalley/vosechoingvalley035.mp3",
    "title": "",
    "duration": 1760,
    "size": "14M",
    "albumName": "迴聲谷 Echoing Valley",
    "albumId": 326,
    "id": 326888214,
    "albumtitle": "迴聲谷 Echoing Valley(35)"
  },
  {
    "path": "https://rawcdn.githack.com/quiet324/VOSAlbum3/1706192/vosechoingvalley/vosechoingvalley036.mp3",
    "title": "",
    "duration": 1760,
    "size": "14M",
    "albumName": "迴聲谷 Echoing Valley",
    "albumId": 326,
    "id": 326888215,
    "albumtitle": "迴聲谷 Echoing Valley(36)"
  },
  {
    "path": "https://rawcdn.githack.com/quiet324/VOSAlbum3/1706192/vosechoingvalley/vosechoingvalley037.mp3",
    "title": "",
    "duration": 1760,
    "size": "14M",
    "albumName": "迴聲谷 Echoing Valley",
    "albumId": 326,
    "id": 326888216,
    "albumtitle": "迴聲谷 Echoing Valley(37)"
  },
  {
    "path": "https://rawcdn.githack.com/quiet324/VOSAlbum3/1706192/vosechoingvalley/vosechoingvalley038.mp3",
    "title": "",
    "duration": 1760,
    "size": "14M",
    "albumName": "迴聲谷 Echoing Valley",
    "albumId": 326,
    "id": 326888217,
    "albumtitle": "迴聲谷 Echoing Valley(38)"
  },
  {
    "path": "https://rawcdn.githack.com/quiet324/VOSAlbum3/1706192/vosechoingvalley/vosechoingvalley039.mp3",
    "title": "",
    "duration": 1760,
    "size": "14M",
    "albumName": "迴聲谷 Echoing Valley",
    "albumId": 326,
    "id": 326888218,
    "albumtitle": "迴聲谷 Echoing Valley(39)"
  },
  {
    "path": "https://rawcdn.githack.com/quiet324/VOSAlbum3/1706192/vosechoingvalley/vosechoingvalley040.mp3",
    "title": "",
    "duration": 1760,
    "size": "14M",
    "albumName": "迴聲谷 Echoing Valley",
    "albumId": 326,
    "id": 326888219,
    "albumtitle": "迴聲谷 Echoing Valley(40)"
  },
  {
    "path": "https://rawcdn.githack.com/quiet324/VOSAlbum3/1706192/vosechoingvalley/vosechoingvalley041.mp3",
    "title": "",
    "duration": 1760,
    "size": "14M",
    "albumName": "迴聲谷 Echoing Valley",
    "albumId": 326,
    "id": 326888220,
    "albumtitle": "迴聲谷 Echoing Valley(41)"
  },
  {
    "path": "https://rawcdn.githack.com/quiet324/VOSAlbum3/1706192/vosechoingvalley/vosechoingvalley042.mp3",
    "title": "",
    "duration": 1760,
    "size": "14M",
    "albumName": "迴聲谷 Echoing Valley",
    "albumId": 326,
    "id": 326888221,
    "albumtitle": "迴聲谷 Echoing Valley(42)"
  },
  {
    "path": "https://rawcdn.githack.com/quiet324/VOSAlbum3/1706192/vosechoingvalley/vosechoingvalley043.mp3",
    "title": "",
    "duration": 1760,
    "size": "14M",
    "albumName": "迴聲谷 Echoing Valley",
    "albumId": 326,
    "id": 326888222,
    "albumtitle": "迴聲谷 Echoing Valley(43)"
  },
  {
    "path": "https://rawcdn.githack.com/quiet324/VOSAlbum3/1706192/vosechoingvalley/vosechoingvalley044.mp3",
    "title": "",
    "duration": 1760,
    "size": "14M",
    "albumName": "迴聲谷 Echoing Valley",
    "albumId": 326,
    "id": 326888223,
    "albumtitle": "迴聲谷 Echoing Valley(44)"
  },
  {
    "path": "https://rawcdn.githack.com/quiet324/VOSAlbum3/1706192/vosechoingvalley/vosechoingvalley045.mp3",
    "title": "",
    "duration": 1760,
    "size": "14M",
    "albumName": "迴聲谷 Echoing Valley",
    "albumId": 326,
    "id": 326888224,
    "albumtitle": "迴聲谷 Echoing Valley(45)"
  },
  {
    "path": "https://rawcdn.githack.com/quiet324/VOSAlbum3/1706192/vosechoingvalley/vosechoingvalley046.mp3",
    "title": "",
    "duration": 1760,
    "size": "14M",
    "albumName": "迴聲谷 Echoing Valley",
    "albumId": 326,
    "id": 326888225,
    "albumtitle": "迴聲谷 Echoing Valley(46)"
  },
  {
    "path": "https://rawcdn.githack.com/quiet324/VOSAlbum3/1706192/vosechoingvalley/vosechoingvalley047.mp3",
    "title": "",
    "duration": 1760,
    "size": "14M",
    "albumName": "迴聲谷 Echoing Valley",
    "albumId": 326,
    "id": 326888226,
    "albumtitle": "迴聲谷 Echoing Valley(47)"
  },
  {
    "path": "https://rawcdn.githack.com/quiet324/VOSAlbum3/1706192/vosechoingvalley/vosechoingvalley048.mp3",
    "title": "",
    "duration": 1760,
    "size": "14M",
    "albumName": "迴聲谷 Echoing Valley",
    "albumId": 326,
    "id": 326888227,
    "albumtitle": "迴聲谷 Echoing Valley(48)"
  },
  {
    "path": "https://rawcdn.githack.com/quiet324/VOSAlbum3/1706192/vosechoingvalley/vosechoingvalley049.mp3",
    "title": "",
    "duration": 1760,
    "size": "14M",
    "albumName": "迴聲谷 Echoing Valley",
    "albumId": 326,
    "id": 326888228,
    "albumtitle": "迴聲谷 Echoing Valley(49)"
  },
  {
    "path": "https://rawcdn.githack.com/quiet324/VOSAlbum3/1706192/vosechoingvalley/vosechoingvalley050.mp3",
    "title": "",
    "duration": 1760,
    "size": "14M",
    "albumName": "迴聲谷 Echoing Valley",
    "albumId": 326,
    "id": 326888229,
    "albumtitle": "迴聲谷 Echoing Valley(50)"
  },
  {
    "path": "https://rawcdn.githack.com/quiet324/VOSAlbum3/1706192/vosechoingvalley/vosechoingvalley051.mp3",
    "title": "",
    "duration": 1760,
    "size": "14M",
    "albumName": "迴聲谷 Echoing Valley",
    "albumId": 326,
    "id": 326888230,
    "albumtitle": "迴聲谷 Echoing Valley(51)"
  },
  {
    "path": "https://rawcdn.githack.com/quiet324/VOSAlbum3/1706192/vosechoingvalley/vosechoingvalley052.mp3",
    "title": "",
    "duration": 1760,
    "size": "14M",
    "albumName": "迴聲谷 Echoing Valley",
    "albumId": 326,
    "id": 326888231,
    "albumtitle": "迴聲谷 Echoing Valley(52)"
  },
  {
    "path": "https://rawcdn.githack.com/quiet324/VOSAlbum3/1706192/vosechoingvalley/vosechoingvalley053.mp3",
    "title": "",
    "duration": 1760,
    "size": "14M",
    "albumName": "迴聲谷 Echoing Valley",
    "albumId": 326,
    "id": 326888232,
    "albumtitle": "迴聲谷 Echoing Valley(53)"
  },
  {
    "path": "https://rawcdn.githack.com/quiet324/VOSAlbum3/1706192/vosechoingvalley/vosechoingvalley054.mp3",
    "title": "",
    "duration": 1760,
    "size": "14M",
    "albumName": "迴聲谷 Echoing Valley",
    "albumId": 326,
    "id": 326888233,
    "albumtitle": "迴聲谷 Echoing Valley(54)"
  },
  {
    "path": "https://rawcdn.githack.com/quiet324/VOSAlbum3/1706192/vosechoingvalley/vosechoingvalley055.mp3",
    "title": "",
    "duration": 1760,
    "size": "14M",
    "albumName": "迴聲谷 Echoing Valley",
    "albumId": 326,
    "id": 326888234,
    "albumtitle": "迴聲谷 Echoing Valley(55)"
  },
  {
    "path": "https://rawcdn.githack.com/quiet324/VOSAlbum3/1706192/vosechoingvalley/vosechoingvalley056.mp3",
    "title": "",
    "duration": 1760,
    "size": "14M",
    "albumName": "迴聲谷 Echoing Valley",
    "albumId": 326,
    "id": 326888235,
    "albumtitle": "迴聲谷 Echoing Valley(56)"
  },
  {
    "path": "https://rawcdn.githack.com/quiet324/VOSAlbum3/1706192/vosechoingvalley/vosechoingvalley057.mp3",
    "title": "",
    "duration": 1760,
    "size": "14M",
    "albumName": "迴聲谷 Echoing Valley",
    "albumId": 326,
    "id": 326888236,
    "albumtitle": "迴聲谷 Echoing Valley(57)"
  },
  {
    "path": "https://rawcdn.githack.com/quiet324/VOSAlbum3/1706192/vosechoingvalley/vosechoingvalley058.mp3",
    "title": "",
    "duration": 1760,
    "size": "14M",
    "albumName": "迴聲谷 Echoing Valley",
    "albumId": 326,
    "id": 326888237,
    "albumtitle": "迴聲谷 Echoing Valley(58)"
  },
  {
    "path": "https://rawcdn.githack.com/quiet324/VOSAlbum3/1706192/vosechoingvalley/vosechoingvalley059.mp3",
    "title": "",
    "duration": 1760,
    "size": "14M",
    "albumName": "迴聲谷 Echoing Valley",
    "albumId": 326,
    "id": 326888238,
    "albumtitle": "迴聲谷 Echoing Valley(59)"
  },
  {
    "path": "https://rawcdn.githack.com/quiet324/VOSAlbum3/1706192/vosechoingvalley/vosechoingvalley060.mp3",
    "title": "",
    "duration": 1760,
    "size": "14M",
    "albumName": "迴聲谷 Echoing Valley",
    "albumId": 326,
    "id": 326888239,
    "albumtitle": "迴聲谷 Echoing Valley(60)"
  },
  {
    "path": "https://rawcdn.githack.com/quiet324/VOSAlbum3/1706192/vosechoingvalley/vosechoingvalley061.mp3",
    "title": "",
    "duration": 1760,
    "size": "14M",
    "albumName": "迴聲谷 Echoing Valley",
    "albumId": 326,
    "id": 326888240,
    "albumtitle": "迴聲谷 Echoing Valley(61)"
  },
  {
    "path": "https://rawcdn.githack.com/quiet324/VOSAlbum3/1706192/vosechoingvalley/vosechoingvalley062.mp3",
    "title": "",
    "duration": 1760,
    "size": "14M",
    "albumName": "迴聲谷 Echoing Valley",
    "albumId": 326,
    "id": 326888241,
    "albumtitle": "迴聲谷 Echoing Valley(62)"
  },
  {
    "path": "https://rawcdn.githack.com/quiet324/VOSAlbum3/1706192/vosechoingvalley/vosechoingvalley063.mp3",
    "title": "",
    "duration": 1760,
    "size": "14M",
    "albumName": "迴聲谷 Echoing Valley",
    "albumId": 326,
    "id": 326888242,
    "albumtitle": "迴聲谷 Echoing Valley(63)"
  },
  {
    "path": "https://rawcdn.githack.com/quiet324/VOSAlbum3/1706192/vosechoingvalley/vosechoingvalley064.mp3",
    "title": "",
    "duration": 1760,
    "size": "14M",
    "albumName": "迴聲谷 Echoing Valley",
    "albumId": 326,
    "id": 326888243,
    "albumtitle": "迴聲谷 Echoing Valley(64)"
  },
  {
    "path": "https://rawcdn.githack.com/quiet324/VOSAlbum3/1706192/vosechoingvalley/vosechoingvalley065.mp3",
    "title": "",
    "duration": 1760,
    "size": "14M",
    "albumName": "迴聲谷 Echoing Valley",
    "albumId": 326,
    "id": 326888244,
    "albumtitle": "迴聲谷 Echoing Valley(65)"
  },
  {
    "path": "https://rawcdn.githack.com/quiet324/VOSAlbum3/1706192/vosechoingvalley/vosechoingvalley066.mp3",
    "title": "",
    "duration": 1760,
    "size": "14M",
    "albumName": "迴聲谷 Echoing Valley",
    "albumId": 326,
    "id": 326888245,
    "albumtitle": "迴聲谷 Echoing Valley(66)"
  },
  {
    "path": "https://rawcdn.githack.com/quiet324/VOSAlbum3/1706192/vosechoingvalley/vosechoingvalley067.mp3",
    "title": "",
    "duration": 1760,
    "size": "14M",
    "albumName": "迴聲谷 Echoing Valley",
    "albumId": 326,
    "id": 326888246,
    "albumtitle": "迴聲谷 Echoing Valley(67)"
  },
  {
    "path": "https://rawcdn.githack.com/quiet324/VOSAlbum3/1706192/vosechoingvalley/vosechoingvalley068.mp3",
    "title": "",
    "duration": 1760,
    "size": "14M",
    "albumName": "迴聲谷 Echoing Valley",
    "albumId": 326,
    "id": 326888247,
    "albumtitle": "迴聲谷 Echoing Valley(68)"
  },
  {
    "path": "https://rawcdn.githack.com/quiet324/VOSAlbum3/1706192/vosechoingvalley/vosechoingvalley069.mp3",
    "title": "",
    "duration": 1760,
    "size": "14M",
    "albumName": "迴聲谷 Echoing Valley",
    "albumId": 326,
    "id": 326888248,
    "albumtitle": "迴聲谷 Echoing Valley(69)"
  },
  {
    "path": "https://rawcdn.githack.com/quiet324/VOSAlbum3/1706192/vosechoingvalley/vosechoingvalley070.mp3",
    "title": "",
    "duration": 1760,
    "size": "14M",
    "albumName": "迴聲谷 Echoing Valley",
    "albumId": 326,
    "id": 326888249,
    "albumtitle": "迴聲谷 Echoing Valley(70)"
  },
  {
    "path": "https://rawcdn.githack.com/quiet324/VOSAlbum3/1706192/vosechoingvalley/vosechoingvalley071.mp3",
    "title": "",
    "duration": 1760,
    "size": "14M",
    "albumName": "迴聲谷 Echoing Valley",
    "albumId": 326,
    "id": 326888250,
    "albumtitle": "迴聲谷 Echoing Valley(71)"
  },
  {
    "path": "https://rawcdn.githack.com/quiet324/VOSAlbum3/1706192/vosechoingvalley/vosechoingvalley072.mp3",
    "title": "",
    "duration": 1760,
    "size": "14M",
    "albumName": "迴聲谷 Echoing Valley",
    "albumId": 326,
    "id": 326888251,
    "albumtitle": "迴聲谷 Echoing Valley(72)"
  },
  {
    "path": "https://rawcdn.githack.com/quiet324/VOSAlbum3/1706192/vosechoingvalley/vosechoingvalley073.mp3",
    "title": "",
    "duration": 1760,
    "size": "14M",
    "albumName": "迴聲谷 Echoing Valley",
    "albumId": 326,
    "id": 326888252,
    "albumtitle": "迴聲谷 Echoing Valley(73)"
  },
  {
    "path": "https://rawcdn.githack.com/quiet324/VOSAlbum3/1706192/vosechoingvalley/vosechoingvalley074.mp3",
    "title": "",
    "duration": 1760,
    "size": "14M",
    "albumName": "迴聲谷 Echoing Valley",
    "albumId": 326,
    "id": 326888253,
    "albumtitle": "迴聲谷 Echoing Valley(74)"
  },
  {
    "path": "https://rawcdn.githack.com/quiet324/VOSAlbum3/1706192/vosechoingvalley/vosechoingvalley075.mp3",
    "title": "",
    "duration": 1760,
    "size": "14M",
    "albumName": "迴聲谷 Echoing Valley",
    "albumId": 326,
    "id": 326888254,
    "albumtitle": "迴聲谷 Echoing Valley(75)"
  },
  {
    "path": "https://rawcdn.githack.com/quiet324/VOSAlbum3/1706192/vosechoingvalley/vosechoingvalley076.mp3",
    "title": "",
    "duration": 1760,
    "size": "14M",
    "albumName": "迴聲谷 Echoing Valley",
    "albumId": 326,
    "id": 326888255,
    "albumtitle": "迴聲谷 Echoing Valley(76)"
  },
  {
    "path": "https://rawcdn.githack.com/quiet324/VOSAlbum3/1706192/vosechoingvalley/vosechoingvalley077.mp3",
    "title": "",
    "duration": 1760,
    "size": "14M",
    "albumName": "迴聲谷 Echoing Valley",
    "albumId": 326,
    "id": 326888256,
    "albumtitle": "迴聲谷 Echoing Valley(77)"
  },
  {
    "path": "https://rawcdn.githack.com/quiet324/VOSAlbum3/1706192/vosechoingvalley/vosechoingvalley078.mp3",
    "title": "",
    "duration": 1760,
    "size": "14M",
    "albumName": "迴聲谷 Echoing Valley",
    "albumId": 326,
    "id": 326888257,
    "albumtitle": "迴聲谷 Echoing Valley(78)"
  },
  {
    "path": "https://rawcdn.githack.com/quiet324/VOSAlbum3/1706192/vosechoingvalley/vosechoingvalley079.mp3",
    "title": "",
    "duration": 1760,
    "size": "14M",
    "albumName": "迴聲谷 Echoing Valley",
    "albumId": 326,
    "id": 326888258,
    "albumtitle": "迴聲谷 Echoing Valley(79)"
  },
  {
    "path": "https://rawcdn.githack.com/quiet324/VOSAlbum3/1706192/vosechoingvalley/vosechoingvalley080.mp3",
    "title": "",
    "duration": 1760,
    "size": "14M",
    "albumName": "迴聲谷 Echoing Valley",
    "albumId": 326,
    "id": 326888259,
    "albumtitle": "迴聲谷 Echoing Valley(80)"
  },
  {
    "path": "https://rawcdn.githack.com/quiet324/VOSAlbum3/1706192/vosechoingvalley/vosechoingvalley081.mp3",
    "title": "",
    "duration": 1760,
    "size": "14M",
    "albumName": "迴聲谷 Echoing Valley",
    "albumId": 326,
    "id": 326888260,
    "albumtitle": "迴聲谷 Echoing Valley(81)"
  },
  {
    "path": "https://rawcdn.githack.com/quiet324/VOSAlbum3/1706192/vosechoingvalley/vosechoingvalley082.mp3",
    "title": "",
    "duration": 1760,
    "size": "14M",
    "albumName": "迴聲谷 Echoing Valley",
    "albumId": 326,
    "id": 326888261,
    "albumtitle": "迴聲谷 Echoing Valley(82)"
  },
  {
    "path": "https://rawcdn.githack.com/quiet324/VOSAlbum3/1706192/vosechoingvalley/vosechoingvalley083.mp3",
    "title": "",
    "duration": 1760,
    "size": "14M",
    "albumName": "迴聲谷 Echoing Valley",
    "albumId": 326,
    "id": 326888262,
    "albumtitle": "迴聲谷 Echoing Valley(83)"
  },
  {
    "path": "https://rawcdn.githack.com/quiet324/VOSAlbum3/1706192/vosechoingvalley/vosechoingvalley084.mp3",
    "title": "",
    "duration": 1760,
    "size": "14M",
    "albumName": "迴聲谷 Echoing Valley",
    "albumId": 326,
    "id": 326888263,
    "albumtitle": "迴聲谷 Echoing Valley(84)"
  },
  {
    "path": "https://rawcdn.githack.com/quiet324/VOSAlbum3/1706192/vosechoingvalley/vosechoingvalley085.mp3",
    "title": "",
    "duration": 1760,
    "size": "14M",
    "albumName": "迴聲谷 Echoing Valley",
    "albumId": 326,
    "id": 326888264,
    "albumtitle": "迴聲谷 Echoing Valley(85)"
  },
  {
    "path": "https://rawcdn.githack.com/quiet324/VOSAlbum3/1706192/vosechoingvalley/vosechoingvalley086.mp3",
    "title": "",
    "duration": 1760,
    "size": "14M",
    "albumName": "迴聲谷 Echoing Valley",
    "albumId": 326,
    "id": 326888265,
    "albumtitle": "迴聲谷 Echoing Valley(86)"
  },
  {
    "path": "https://rawcdn.githack.com/quiet324/VOSAlbum3/1706192/vosechoingvalley/vosechoingvalley087.mp3",
    "title": "",
    "duration": 1760,
    "size": "14M",
    "albumName": "迴聲谷 Echoing Valley",
    "albumId": 326,
    "id": 326888266,
    "albumtitle": "迴聲谷 Echoing Valley(87)"
  },
  {
    "path": "https://rawcdn.githack.com/quiet324/VOSAlbum3/1706192/vosechoingvalley/vosechoingvalley088.mp3",
    "title": "",
    "duration": 1760,
    "size": "14M",
    "albumName": "迴聲谷 Echoing Valley",
    "albumId": 326,
    "id": 326888267,
    "albumtitle": "迴聲谷 Echoing Valley(88)"
  },
  {
    "path": "https://rawcdn.githack.com/quiet324/VOSAlbum3/1706192/vosechoingvalley/vosechoingvalley089.mp3",
    "title": "",
    "duration": 1760,
    "size": "14M",
    "albumName": "迴聲谷 Echoing Valley",
    "albumId": 326,
    "id": 326888268,
    "albumtitle": "迴聲谷 Echoing Valley(89)"
  },
  {
    "path": "https://rawcdn.githack.com/quiet324/VOSAlbum3/1706192/vosechoingvalley/vosechoingvalley090.mp3",
    "title": "",
    "duration": 1760,
    "size": "14M",
    "albumName": "迴聲谷 Echoing Valley",
    "albumId": 326,
    "id": 326888269,
    "albumtitle": "迴聲谷 Echoing Valley(90)"
  },
  {
    "path": "https://rawcdn.githack.com/quiet324/VOSAlbum3/1706192/vosechoingvalley/vosechoingvalley091.mp3",
    "title": "",
    "duration": 1760,
    "size": "14M",
    "albumName": "迴聲谷 Echoing Valley",
    "albumId": 326,
    "id": 326888270,
    "albumtitle": "迴聲谷 Echoing Valley(91)"
  },
  {
    "path": "https://rawcdn.githack.com/quiet324/VOSAlbum3/1706192/vosechoingvalley/vosechoingvalley092.mp3",
    "title": "",
    "duration": 1760,
    "size": "14M",
    "albumName": "迴聲谷 Echoing Valley",
    "albumId": 326,
    "id": 326888271,
    "albumtitle": "迴聲谷 Echoing Valley(92)"
  },
  {
    "path": "https://rawcdn.githack.com/quiet324/VOSAlbum3/1706192/vosechoingvalley/vosechoingvalley093.mp3",
    "title": "",
    "duration": 1760,
    "size": "14M",
    "albumName": "迴聲谷 Echoing Valley",
    "albumId": 326,
    "id": 326888272,
    "albumtitle": "迴聲谷 Echoing Valley(93)"
  },
  {
    "path": "https://rawcdn.githack.com/quiet324/VOSAlbum3/1706192/vosechoingvalley/vosechoingvalley094.mp3",
    "title": "",
    "duration": 1760,
    "size": "14M",
    "albumName": "迴聲谷 Echoing Valley",
    "albumId": 326,
    "id": 326888273,
    "albumtitle": "迴聲谷 Echoing Valley(94)"
  },
  {
    "path": "https://rawcdn.githack.com/quiet324/VOSAlbum3/1706192/vosechoingvalley/vosechoingvalley181.mp3",
    "title": "",
    "duration": 1760,
    "size": "14M",
    "albumName": "迴聲谷 Echoing Valley",
    "albumId": 326,
    "id": 326888274,
    "albumtitle": "迴聲谷 Echoing Valley(95)"
  },
  {
    "path": "https://rawcdn.githack.com/quiet324/VOSAlbum3/1706192/vosechoingvalley/vosechoingvalley191.mp3",
    "title": "",
    "duration": 1760,
    "size": "14M",
    "albumName": "迴聲谷 Echoing Valley",
    "albumId": 326,
    "id": 326888275,
    "albumtitle": "迴聲谷 Echoing Valley(96)"
  },
  {
    "path": "https://rawcdn.githack.com/quiet324/VOSAlbum3/1706192/vosechoingvalley/vosechoingvalley201.mp3",
    "title": "",
    "duration": 1760,
    "size": "14M",
    "albumName": "迴聲谷 Echoing Valley",
    "albumId": 326,
    "id": 326888276,
    "albumtitle": "迴聲谷 Echoing Valley(97)"
  }
]