[
	{
		"albumtitle": "輕鬆快樂學英文進階版 Easy and Happy English – Advanced(01)",
		"title": "「【英文聖經】羅馬書3：29~30」",
		"duration": 1200,
		"size": "9.5M",
		"albumId": 304,
		"albumName": "輕鬆快樂學英文進階版 Easy and Happy English – Advanced",
		"path": "https://rawcdn.githack.com/quiet324/VOSAlbum/1706154/voshappyeasyenglishadvanced/voshappyeasyenglishadvanced01.mp3",
		"id": 304888180
	},
	{
		"albumtitle": "輕鬆快樂學英文進階版 Easy and Happy English – Advanced(02)",
		"title": "「【英文會話學習】我累壞了！」",
		"duration": 1200,
		"size": "9.5M",
		"albumId": 304,
		"albumName": "輕鬆快樂學英文進階版 Easy and Happy English – Advanced",
		"path": "https://rawcdn.githack.com/quiet324/VOSAlbum/1706154/voshappyeasyenglishadvanced/voshappyeasyenglishadvanced02.mp3",
		"id": 304888181
	},
	{
		"albumtitle": "輕鬆快樂學英文進階版 Easy and Happy English – Advanced(03)",
		"title": "「【英文諺語】變換一下工作就像是個很好的休息。」",
		"duration": 1200,
		"size": "9.5M",
		"albumId": 304,
		"albumName": "輕鬆快樂學英文進階版 Easy and Happy English – Advanced",
		"path": "https://rawcdn.githack.com/quiet324/VOSAlbum/1706154/voshappyeasyenglishadvanced/voshappyeasyenglishadvanced03.mp3",
		"id": 304888182
	},
	{
		"albumtitle": "輕鬆快樂學英文進階版 Easy and Happy English – Advanced(04)",
		"title": "「【音樂盒】穩固磐石」",
		"duration": 1200,
		"size": "9.5M",
		"albumId": 304,
		"albumName": "輕鬆快樂學英文進階版 Easy and Happy English – Advanced",
		"path": "https://rawcdn.githack.com/quiet324/VOSAlbum/1706154/voshappyeasyenglishadvanced/voshappyeasyenglishadvanced04.mp3",
		"id": 304888183
	},
	{
		"albumtitle": "輕鬆快樂學英文進階版 Easy and Happy English – Advanced(05)",
		"title": "「【天使聊天室】作白日夢」",
		"duration": 1200,
		"size": "9.5M",
		"albumId": 304,
		"albumName": "輕鬆快樂學英文進階版 Easy and Happy English – Advanced",
		"path": "https://rawcdn.githack.com/quiet324/VOSAlbum/1706154/voshappyeasyenglishadvanced/voshappyeasyenglishadvanced05.mp3",
		"id": 304888184
	}
]