[
	{
		"albumtitle": "耶穌的故事廣播劇 （華語）(01)",
		"title": "",
		"duration": 360,
		"size": "10M",
		"albumId": 306,
		"albumName": "耶穌的故事廣播劇 （華語）",
		"path": "https://rawcdn.githack.com/quiet324/VOSAlbum/1706156/vosjesusstorychinese/vosjesusstorychinese0001.mp3",
		"id": 306888180
	},
	{
		"albumtitle": "耶穌的故事廣播劇 （華語）(02)",
		"title": "",
		"duration": 360,
		"size": "10M",
		"albumId": 306,
		"albumName": "耶穌的故事廣播劇 （華語）",
		"path": "https://rawcdn.githack.com/quiet324/VOSAlbum/1706156/vosjesusstorychinese/vosjesusstorychinese0002.mp3",
		"id": 306888181
	},
	{
		"albumtitle": "耶穌的故事廣播劇 （華語）(03)",
		"title": "",
		"duration": 360,
		"size": "10M",
		"albumId": 306,
		"albumName": "耶穌的故事廣播劇 （華語）",
		"path": "https://rawcdn.githack.com/quiet324/VOSAlbum/1706156/vosjesusstorychinese/vosjesusstorychinese0003.mp3",
		"id": 306888182
	},
	{
		"albumtitle": "耶穌的故事廣播劇 （華語）(04)",
		"title": "",
		"duration": 360,
		"size": "10M",
		"albumId": 306,
		"albumName": "耶穌的故事廣播劇 （華語）",
		"path": "https://rawcdn.githack.com/quiet324/VOSAlbum/1706156/vosjesusstorychinese/vosjesusstorychinese0004.mp3",
		"id": 306888183
	},
	{
		"albumtitle": "耶穌的故事廣播劇 （華語）(05)",
		"title": "",
		"duration": 360,
		"size": "10M",
		"albumId": 306,
		"albumName": "耶穌的故事廣播劇 （華語）",
		"path": "https://rawcdn.githack.com/quiet324/VOSAlbum/1706156/vosjesusstorychinese/vosjesusstorychinese0005.mp3",
		"id": 306888184
	},
	{
		"albumtitle": "耶穌的故事廣播劇 （華語）(06)",
		"title": "",
		"duration": 360,
		"size": "10M",
		"albumId": 306,
		"albumName": "耶穌的故事廣播劇 （華語）",
		"path": "https://rawcdn.githack.com/quiet324/VOSAlbum/1706156/vosjesusstorychinese/vosjesusstorychinese0006.mp3",
		"id": 306888185
	},
	{
		"albumtitle": "耶穌的故事廣播劇 （華語）(07)",
		"title": "",
		"duration": 360,
		"size": "10M",
		"albumId": 306,
		"albumName": "耶穌的故事廣播劇 （華語）",
		"path": "https://rawcdn.githack.com/quiet324/VOSAlbum/1706156/vosjesusstorychinese/vosjesusstorychinese0007.mp3",
		"id": 306888186
	},
	{
		"albumtitle": "耶穌的故事廣播劇 （華語）(08)",
		"title": "",
		"duration": 360,
		"size": "10M",
		"albumId": 306,
		"albumName": "耶穌的故事廣播劇 （華語）",
		"path": "https://rawcdn.githack.com/quiet324/VOSAlbum/1706156/vosjesusstorychinese/vosjesusstorychinese0008.mp3",
		"id": 306888187
	},
	{
		"albumtitle": "耶穌的故事廣播劇 （華語）(09)",
		"title": "",
		"duration": 360,
		"size": "10M",
		"albumId": 306,
		"albumName": "耶穌的故事廣播劇 （華語）",
		"path": "https://rawcdn.githack.com/quiet324/VOSAlbum/1706156/vosjesusstorychinese/vosjesusstorychinese0009.mp3",
		"id": 306888188
	},
	{
		"albumtitle": "耶穌的故事廣播劇 （華語）(10)",
		"title": "",
		"duration": 360,
		"size": "10M",
		"albumId": 306,
		"albumName": "耶穌的故事廣播劇 （華語）",
		"path": "https://rawcdn.githack.com/quiet324/VOSAlbum/1706156/vosjesusstorychinese/vosjesusstorychinese0010.mp3",
		"id": 306888189
	},
	{
		"albumtitle": "耶穌的故事廣播劇 （華語）(11)",
		"title": "",
		"duration": 360,
		"size": "10M",
		"albumId": 306,
		"albumName": "耶穌的故事廣播劇 （華語）",
		"path": "https://rawcdn.githack.com/quiet324/VOSAlbum/1706156/vosjesusstorychinese/vosjesusstorychinese0011.mp3",
		"id": 306888190
	},
	{
		"albumtitle": "耶穌的故事廣播劇 （華語）(12)",
		"title": "",
		"duration": 360,
		"size": "10M",
		"albumId": 306,
		"albumName": "耶穌的故事廣播劇 （華語）",
		"path": "https://rawcdn.githack.com/quiet324/VOSAlbum/1706156/vosjesusstorychinese/vosjesusstorychinese0012.mp3",
		"id": 306888191
	},
	{
		"albumtitle": "耶穌的故事廣播劇 （華語）(13)",
		"title": "",
		"duration": 360,
		"size": "10M",
		"albumId": 306,
		"albumName": "耶穌的故事廣播劇 （華語）",
		"path": "https://rawcdn.githack.com/quiet324/VOSAlbum/1706156/vosjesusstorychinese/vosjesusstorychinese0013.mp3",
		"id": 306888192
	},
	{
		"albumtitle": "耶穌的故事廣播劇 （華語）(14)",
		"title": "",
		"duration": 360,
		"size": "10M",
		"albumId": 306,
		"albumName": "耶穌的故事廣播劇 （華語）",
		"path": "https://rawcdn.githack.com/quiet324/VOSAlbum/1706156/vosjesusstorychinese/vosjesusstorychinese0014.mp3",
		"id": 306888193
	},
	{
		"albumtitle": "耶穌的故事廣播劇 （華語）(15)",
		"title": "",
		"duration": 360,
		"size": "10M",
		"albumId": 306,
		"albumName": "耶穌的故事廣播劇 （華語）",
		"path": "https://rawcdn.githack.com/quiet324/VOSAlbum/1706156/vosjesusstorychinese/vosjesusstorychinese0015.mp3",
		"id": 306888194
	},
	{
		"albumtitle": "耶穌的故事廣播劇 （華語）(16)",
		"title": "",
		"duration": 360,
		"size": "10M",
		"albumId": 306,
		"albumName": "耶穌的故事廣播劇 （華語）",
		"path": "https://rawcdn.githack.com/quiet324/VOSAlbum/1706156/vosjesusstorychinese/vosjesusstorychinese0016.mp3",
		"id": 306888195
	},
	{
		"albumtitle": "耶穌的故事廣播劇 （華語）(17)",
		"title": "",
		"duration": 360,
		"size": "10M",
		"albumId": 306,
		"albumName": "耶穌的故事廣播劇 （華語）",
		"path": "https://rawcdn.githack.com/quiet324/VOSAlbum/1706156/vosjesusstorychinese/vosjesusstorychinese0017.mp3",
		"id": 306888196
	},
	{
		"albumtitle": "耶穌的故事廣播劇 （華語）(18)",
		"title": "",
		"duration": 360,
		"size": "10M",
		"albumId": 306,
		"albumName": "耶穌的故事廣播劇 （華語）",
		"path": "https://rawcdn.githack.com/quiet324/VOSAlbum/1706156/vosjesusstorychinese/vosjesusstorychinese0018.mp3",
		"id": 306888197
	},
	{
		"albumtitle": "耶穌的故事廣播劇 （華語）(19)",
		"title": "",
		"duration": 360,
		"size": "10M",
		"albumId": 306,
		"albumName": "耶穌的故事廣播劇 （華語）",
		"path": "https://rawcdn.githack.com/quiet324/VOSAlbum/1706156/vosjesusstorychinese/vosjesusstorychinese0019.mp3",
		"id": 306888198
	},
	{
		"albumtitle": "耶穌的故事廣播劇 （華語）(20)",
		"title": "",
		"duration": 360,
		"size": "10M",
		"albumId": 306,
		"albumName": "耶穌的故事廣播劇 （華語）",
		"path": "https://rawcdn.githack.com/quiet324/VOSAlbum/1706156/vosjesusstorychinese/vosjesusstorychinese0020.mp3",
		"id": 306888199
	},
	{
		"albumtitle": "耶穌的故事廣播劇 （華語）(21)",
		"title": "",
		"duration": 360,
		"size": "10M",
		"albumId": 306,
		"albumName": "耶穌的故事廣播劇 （華語）",
		"path": "https://rawcdn.githack.com/quiet324/VOSAlbum/1706156/vosjesusstorychinese/vosjesusstorychinese0021.mp3",
		"id": 306888200
	},
	{
		"albumtitle": "耶穌的故事廣播劇 （華語）(22)",
		"title": "",
		"duration": 360,
		"size": "10M",
		"albumId": 306,
		"albumName": "耶穌的故事廣播劇 （華語）",
		"path": "https://rawcdn.githack.com/quiet324/VOSAlbum/1706156/vosjesusstorychinese/vosjesusstorychinese0022.mp3",
		"id": 306888201
	},
	{
		"albumtitle": "耶穌的故事廣播劇 （華語）(23)",
		"title": "",
		"duration": 360,
		"size": "10M",
		"albumId": 306,
		"albumName": "耶穌的故事廣播劇 （華語）",
		"path": "https://rawcdn.githack.com/quiet324/VOSAlbum/1706156/vosjesusstorychinese/vosjesusstorychinese0023.mp3",
		"id": 306888202
	},
	{
		"albumtitle": "耶穌的故事廣播劇 （華語）(24)",
		"title": "",
		"duration": 360,
		"size": "10M",
		"albumId": 306,
		"albumName": "耶穌的故事廣播劇 （華語）",
		"path": "https://rawcdn.githack.com/quiet324/VOSAlbum/1706156/vosjesusstorychinese/vosjesusstorychinese0024.mp3",
		"id": 306888203
	},
	{
		"albumtitle": "耶穌的故事廣播劇 （華語）(25)",
		"title": "",
		"duration": 360,
		"size": "10M",
		"albumId": 306,
		"albumName": "耶穌的故事廣播劇 （華語）",
		"path": "https://rawcdn.githack.com/quiet324/VOSAlbum/1706156/vosjesusstorychinese/vosjesusstorychinese0025.mp3",
		"id": 306888204
	},
	{
		"albumtitle": "耶穌的故事廣播劇 （華語）(26)",
		"title": "",
		"duration": 360,
		"size": "10M",
		"albumId": 306,
		"albumName": "耶穌的故事廣播劇 （華語）",
		"path": "https://rawcdn.githack.com/quiet324/VOSAlbum/1706156/vosjesusstorychinese/vosjesusstorychinese0026.mp3",
		"id": 306888205
	},
	{
		"albumtitle": "耶穌的故事廣播劇 （華語）(27)",
		"title": "",
		"duration": 360,
		"size": "10M",
		"albumId": 306,
		"albumName": "耶穌的故事廣播劇 （華語）",
		"path": "https://rawcdn.githack.com/quiet324/VOSAlbum/1706156/vosjesusstorychinese/vosjesusstorychinese0027.mp3",
		"id": 306888206
	},
	{
		"albumtitle": "耶穌的故事廣播劇 （華語）(28)",
		"title": "",
		"duration": 360,
		"size": "10M",
		"albumId": 306,
		"albumName": "耶穌的故事廣播劇 （華語）",
		"path": "https://rawcdn.githack.com/quiet324/VOSAlbum/1706156/vosjesusstorychinese/vosjesusstorychinese0028.mp3",
		"id": 306888207
	},
	{
		"albumtitle": "耶穌的故事廣播劇 （華語）(29)",
		"title": "",
		"duration": 360,
		"size": "10M",
		"albumId": 306,
		"albumName": "耶穌的故事廣播劇 （華語）",
		"path": "https://rawcdn.githack.com/quiet324/VOSAlbum/1706156/vosjesusstorychinese/vosjesusstorychinese0029.mp3",
		"id": 306888208
	},
	{
		"albumtitle": "耶穌的故事廣播劇 （華語）(30)",
		"title": "",
		"duration": 360,
		"size": "10M",
		"albumId": 306,
		"albumName": "耶穌的故事廣播劇 （華語）",
		"path": "https://rawcdn.githack.com/quiet324/VOSAlbum/1706156/vosjesusstorychinese/vosjesusstorychinese0030.mp3",
		"id": 306888209
	},
	{
		"albumtitle": "耶穌的故事廣播劇 （華語）(31)",
		"title": "",
		"duration": 360,
		"size": "10M",
		"albumId": 306,
		"albumName": "耶穌的故事廣播劇 （華語）",
		"path": "https://rawcdn.githack.com/quiet324/VOSAlbum/1706156/vosjesusstorychinese/vosjesusstorychinese0031.mp3",
		"id": 306888210
	},
	{
		"albumtitle": "耶穌的故事廣播劇 （華語）(32)",
		"title": "",
		"duration": 360,
		"size": "10M",
		"albumId": 306,
		"albumName": "耶穌的故事廣播劇 （華語）",
		"path": "https://rawcdn.githack.com/quiet324/VOSAlbum/1706156/vosjesusstorychinese/vosjesusstorychinese0032.mp3",
		"id": 306888211
	},
	{
		"albumtitle": "耶穌的故事廣播劇 （華語）(33)",
		"title": "",
		"duration": 360,
		"size": "10M",
		"albumId": 306,
		"albumName": "耶穌的故事廣播劇 （華語）",
		"path": "https://rawcdn.githack.com/quiet324/VOSAlbum/1706156/vosjesusstorychinese/vosjesusstorychinese0033.mp3",
		"id": 306888212
	},
	{
		"albumtitle": "耶穌的故事廣播劇 （華語）(34)",
		"title": "",
		"duration": 360,
		"size": "10M",
		"albumId": 306,
		"albumName": "耶穌的故事廣播劇 （華語）",
		"path": "https://rawcdn.githack.com/quiet324/VOSAlbum/1706156/vosjesusstorychinese/vosjesusstorychinese0034.mp3",
		"id": 306888213
	},
	{
		"albumtitle": "耶穌的故事廣播劇 （華語）(35)",
		"title": "",
		"duration": 360,
		"size": "10M",
		"albumId": 306,
		"albumName": "耶穌的故事廣播劇 （華語）",
		"path": "https://rawcdn.githack.com/quiet324/VOSAlbum/1706156/vosjesusstorychinese/vosjesusstorychinese0035.mp3",
		"id": 306888214
	},
	{
		"albumtitle": "耶穌的故事廣播劇 （華語）(36)",
		"title": "",
		"duration": 360,
		"size": "10M",
		"albumId": 306,
		"albumName": "耶穌的故事廣播劇 （華語）",
		"path": "https://rawcdn.githack.com/quiet324/VOSAlbum/1706156/vosjesusstorychinese/vosjesusstorychinese0036.mp3",
		"id": 306888215
	},
	{
		"albumtitle": "耶穌的故事廣播劇 （華語）(37)",
		"title": "",
		"duration": 360,
		"size": "10M",
		"albumId": 306,
		"albumName": "耶穌的故事廣播劇 （華語）",
		"path": "https://rawcdn.githack.com/quiet324/VOSAlbum/1706156/vosjesusstorychinese/vosjesusstorychinese0037.mp3",
		"id": 306888216
	},
	{
		"albumtitle": "耶穌的故事廣播劇 （華語）(38)",
		"title": "",
		"duration": 360,
		"size": "10M",
		"albumId": 306,
		"albumName": "耶穌的故事廣播劇 （華語）",
		"path": "https://rawcdn.githack.com/quiet324/VOSAlbum/1706156/vosjesusstorychinese/vosjesusstorychinese0038.mp3",
		"id": 306888217
	},
	{
		"albumtitle": "耶穌的故事廣播劇 （華語）(39)",
		"title": "",
		"duration": 360,
		"size": "10M",
		"albumId": 306,
		"albumName": "耶穌的故事廣播劇 （華語）",
		"path": "https://rawcdn.githack.com/quiet324/VOSAlbum/1706156/vosjesusstorychinese/vosjesusstorychinese0039.mp3",
		"id": 306888218
	},
	{
		"albumtitle": "耶穌的故事廣播劇 （華語）(40)",
		"title": "",
		"duration": 360,
		"size": "10M",
		"albumId": 306,
		"albumName": "耶穌的故事廣播劇 （華語）",
		"path": "https://rawcdn.githack.com/quiet324/VOSAlbum/1706156/vosjesusstorychinese/vosjesusstorychinese0040.mp3",
		"id": 306888219
	}
,
	{
		"albumtitle": "耶穌的故事廣播劇 （華語）(41)",
		"title": "",
		"duration": 360,
		"size": "10M",
		"albumId": 306,
		"albumName": "耶穌的故事廣播劇 （華語）",
		"path": "https://rawcdn.githack.com/quiet324/VOSAlbum/1706156/vosjesusstorychinese/vosjesusstorychinese0041.mp3",
		"id": 306888220
	},
	{
		"albumtitle": "耶穌的故事廣播劇 （華語）(42)",
		"title": "",
		"duration": 360,
		"size": "10M",
		"albumId": 306,
		"albumName": "耶穌的故事廣播劇 （華語）",
		"path": "https://rawcdn.githack.com/quiet324/VOSAlbum/1706156/vosjesusstorychinese/vosjesusstorychinese0042.mp3",
		"id": 306888221
	},
	{
		"albumtitle": "耶穌的故事廣播劇 （華語）(43)",
		"title": "",
		"duration": 360,
		"size": "10M",
		"albumId": 306,
		"albumName": "耶穌的故事廣播劇 （華語）",
		"path": "https://rawcdn.githack.com/quiet324/VOSAlbum/1706156/vosjesusstorychinese/vosjesusstorychinese0043.mp3",
		"id": 306888222
	},
	{
		"albumtitle": "耶穌的故事廣播劇 （華語）(44)",
		"title": "",
		"duration": 360,
		"size": "10M",
		"albumId": 306,
		"albumName": "耶穌的故事廣播劇 （華語）",
		"path": "https://rawcdn.githack.com/quiet324/VOSAlbum/1706156/vosjesusstorychinese/vosjesusstorychinese0044.mp3",
		"id": 306888223
	},
	{
		"albumtitle": "耶穌的故事廣播劇 （華語）(45)",
		"title": "",
		"duration": 360,
		"size": "10M",
		"albumId": 306,
		"albumName": "耶穌的故事廣播劇 （華語）",
		"path": "https://rawcdn.githack.com/quiet324/VOSAlbum/1706156/vosjesusstorychinese/vosjesusstorychinese0045.mp3",
		"id": 306888224
	},
	{
		"albumtitle": "耶穌的故事廣播劇 （華語）(46)",
		"title": "",
		"duration": 360,
		"size": "10M",
		"albumId": 306,
		"albumName": "耶穌的故事廣播劇 （華語）",
		"path": "https://rawcdn.githack.com/quiet324/VOSAlbum/1706156/vosjesusstorychinese/vosjesusstorychinese0046.mp3",
		"id": 306888225
	},
	{
		"albumtitle": "耶穌的故事廣播劇 （華語）(47)",
		"title": "",
		"duration": 360,
		"size": "10M",
		"albumId": 306,
		"albumName": "耶穌的故事廣播劇 （華語）",
		"path": "https://rawcdn.githack.com/quiet324/VOSAlbum/1706156/vosjesusstorychinese/vosjesusstorychinese0047.mp3",
		"id": 306888226
	},
	{
		"albumtitle": "耶穌的故事廣播劇 （華語）(48)",
		"title": "",
		"duration": 360,
		"size": "10M",
		"albumId": 306,
		"albumName": "耶穌的故事廣播劇 （華語）",
		"path": "https://rawcdn.githack.com/quiet324/VOSAlbum/1706156/vosjesusstorychinese/vosjesusstorychinese0048.mp3",
		"id": 306888227
	},
	{
		"albumtitle": "耶穌的故事廣播劇 （華語）(49)",
		"title": "",
		"duration": 360,
		"size": "10M",
		"albumId": 306,
		"albumName": "耶穌的故事廣播劇 （華語）",
		"path": "https://rawcdn.githack.com/quiet324/VOSAlbum/1706156/vosjesusstorychinese/vosjesusstorychinese0049.mp3",
		"id": 306888228
	},
	{
		"albumtitle": "耶穌的故事廣播劇 （華語）(50)",
		"title": "",
		"duration": 360,
		"size": "10M",
		"albumId": 306,
		"albumName": "耶穌的故事廣播劇 （華語）",
		"path": "https://rawcdn.githack.com/quiet324/VOSAlbum/1706156/vosjesusstorychinese/vosjesusstorychinese0050.mp3",
		"id": 306888229
	},
	{
		"albumtitle": "耶穌的故事廣播劇 （華語）(51)",
		"title": "",
		"duration": 360,
		"size": "10M",
		"albumId": 306,
		"albumName": "耶穌的故事廣播劇 （華語）",
		"path": "https://rawcdn.githack.com/quiet324/VOSAlbum/1706156/vosjesusstorychinese/vosjesusstorychinese0051.mp3",
		"id": 306888230
	},
	{
		"albumtitle": "耶穌的故事廣播劇 （華語）(52)",
		"title": "",
		"duration": 360,
		"size": "10M",
		"albumId": 306,
		"albumName": "耶穌的故事廣播劇 （華語）",
		"path": "https://rawcdn.githack.com/quiet324/VOSAlbum/1706156/vosjesusstorychinese/vosjesusstorychinese0052.mp3",
		"id": 306888231
	},
	{
		"albumtitle": "耶穌的故事廣播劇 （華語）(53)",
		"title": "",
		"duration": 360,
		"size": "10M",
		"albumId": 306,
		"albumName": "耶穌的故事廣播劇 （華語）",
		"path": "https://rawcdn.githack.com/quiet324/VOSAlbum/1706156/vosjesusstorychinese/vosjesusstorychinese0053.mp3",
		"id": 306888232
	},
	{
		"albumtitle": "耶穌的故事廣播劇 （華語）(54)",
		"title": "",
		"duration": 360,
		"size": "10M",
		"albumId": 306,
		"albumName": "耶穌的故事廣播劇 （華語）",
		"path": "https://rawcdn.githack.com/quiet324/VOSAlbum/1706156/vosjesusstorychinese/vosjesusstorychinese0054.mp3",
		"id": 306888233
	},
	{
		"albumtitle": "耶穌的故事廣播劇 （華語）(55)",
		"title": "",
		"duration": 360,
		"size": "10M",
		"albumId": 306,
		"albumName": "耶穌的故事廣播劇 （華語）",
		"path": "https://rawcdn.githack.com/quiet324/VOSAlbum/1706156/vosjesusstorychinese/vosjesusstorychinese0055.mp3",
		"id": 306888234
	},
	{
		"albumtitle": "耶穌的故事廣播劇 （華語）(56)",
		"title": "",
		"duration": 360,
		"size": "10M",
		"albumId": 306,
		"albumName": "耶穌的故事廣播劇 （華語）",
		"path": "https://rawcdn.githack.com/quiet324/VOSAlbum/1706156/vosjesusstorychinese/vosjesusstorychinese0056.mp3",
		"id": 306888235
	},
	{
		"albumtitle": "耶穌的故事廣播劇 （華語）(57)",
		"title": "",
		"duration": 360,
		"size": "10M",
		"albumId": 306,
		"albumName": "耶穌的故事廣播劇 （華語）",
		"path": "https://rawcdn.githack.com/quiet324/VOSAlbum/1706156/vosjesusstorychinese/vosjesusstorychinese0057.mp3",
		"id": 306888236
	},
	{
		"albumtitle": "耶穌的故事廣播劇 （華語）(58)",
		"title": "",
		"duration": 360,
		"size": "10M",
		"albumId": 306,
		"albumName": "耶穌的故事廣播劇 （華語）",
		"path": "https://rawcdn.githack.com/quiet324/VOSAlbum/1706156/vosjesusstorychinese/vosjesusstorychinese0058.mp3",
		"id": 306888237
	},
	{
		"albumtitle": "耶穌的故事廣播劇 （華語）(59)",
		"title": "",
		"duration": 360,
		"size": "10M",
		"albumId": 306,
		"albumName": "耶穌的故事廣播劇 （華語）",
		"path": "https://rawcdn.githack.com/quiet324/VOSAlbum/1706156/vosjesusstorychinese/vosjesusstorychinese0059.mp3",
		"id": 306888238
	},
	{
		"albumtitle": "耶穌的故事廣播劇 （華語）(60)",
		"title": "",
		"duration": 360,
		"size": "10M",
		"albumId": 306,
		"albumName": "耶穌的故事廣播劇 （華語）",
		"path": "https://rawcdn.githack.com/quiet324/VOSAlbum/1706156/vosjesusstorychinese/vosjesusstorychinese0060.mp3",
		"id": 306888239
	}
]