[
  {
    "path": "https://rawcdn.githack.com/quiet324/VOSAlbum2/1706176/vosmeddoctortalkmedsafe/vosmeddoctortalkmedsafe01.mp3",
    "title": "「藥師的角色」",
    "duration": 600,
    "size": "4.5M",
    "albumName": "藥師談用藥安全",
    "albumId": 315,
    "id": 315888180,
    "albumtitle": "藥師談用藥安全(1)"
  },
  {
    "path": "https://rawcdn.githack.com/quiet324/VOSAlbum2/1706176/vosmeddoctortalkmedsafe/vosmeddoctortalkmedsafe02.mp3",
    "title": "「藥物的種類分別」",
    "duration": 600,
    "size": "4.5M",
    "albumName": "藥師談用藥安全",
    "albumId": 315,
    "id": 315888181,
    "albumtitle": "藥師談用藥安全(2)"
  },
  {
    "path": "https://rawcdn.githack.com/quiet324/VOSAlbum2/1706176/vosmeddoctortalkmedsafe/vosmeddoctortalkmedsafe03.mp3",
    "title": "「當一個聰明的病人」",
    "duration": 600,
    "size": "4.5M",
    "albumName": "藥師談用藥安全",
    "albumId": 315,
    "id": 315888182,
    "albumtitle": "藥師談用藥安全(3)"
  },
  {
    "path": "https://rawcdn.githack.com/quiet324/VOSAlbum2/1706176/vosmeddoctortalkmedsafe/vosmeddoctortalkmedsafe04.mp3",
    "title": "「廢棄藥物如何處置」",
    "duration": 600,
    "size": "4.5M",
    "albumName": "藥師談用藥安全",
    "albumId": 315,
    "id": 315888183,
    "albumtitle": "藥師談用藥安全(4)"
  },
  {
    "path": "https://rawcdn.githack.com/quiet324/VOSAlbum2/1706176/vosmeddoctortalkmedsafe/vosmeddoctortalkmedsafe05.mp3",
    "title": "「用藥安全須知」",
    "duration": 600,
    "size": "4.5M",
    "albumName": "藥師談用藥安全",
    "albumId": 315,
    "id": 315888184,
    "albumtitle": "藥師談用藥安全(5)"
  },
  {
    "path": "https://rawcdn.githack.com/quiet324/VOSAlbum2/1706176/vosmeddoctortalkmedsafe/vosmeddoctortalkmedsafe06.mp3",
    "title": "「出外必備藥品」",
    "duration": 600,
    "size": "4.5M",
    "albumName": "藥師談用藥安全",
    "albumId": 315,
    "id": 315888185,
    "albumtitle": "藥師談用藥安全(6)"
  },
  {
    "path": "https://rawcdn.githack.com/quiet324/VOSAlbum2/1706176/vosmeddoctortalkmedsafe/vosmeddoctortalkmedsafe07.mp3",
    "title": "「醫療短宣隊」",
    "duration": 600,
    "size": "4.5M",
    "albumName": "藥師談用藥安全",
    "albumId": 315,
    "id": 315888186,
    "albumtitle": "藥師談用藥安全(7)"
  }
]