[
  {
    "path": "https://rawcdn.githack.com/quiet324/VOSAlbum3/1706192/vosoldshepherdchatswithyou/vosoldshepherdchatswithyou01.mp3",
    "title": "",
    "duration": 580,
    "size": "4M",
    "albumName": "老牧人與你談心 Old Shepherd chats with you",
    "albumId": 327,
    "id": 327888180,
    "albumtitle": "老牧人與你談心 Old Shepherd chats with you(1)"
  },
  {
    "path": "https://rawcdn.githack.com/quiet324/VOSAlbum3/1706192/vosoldshepherdchatswithyou/vosoldshepherdchatswithyou02.mp3",
    "title": "",
    "duration": 580,
    "size": "4M",
    "albumName": "老牧人與你談心 Old Shepherd chats with you",
    "albumId": 327,
    "id": 327888181,
    "albumtitle": "老牧人與你談心 Old Shepherd chats with you(2)"
  },
  {
    "path": "https://rawcdn.githack.com/quiet324/VOSAlbum3/1706192/vosoldshepherdchatswithyou/vosoldshepherdchatswithyou03.mp3",
    "title": "",
    "duration": 580,
    "size": "4M",
    "albumName": "老牧人與你談心 Old Shepherd chats with you",
    "albumId": 327,
    "id": 327888182,
    "albumtitle": "老牧人與你談心 Old Shepherd chats with you(3)"
  },
  {
    "path": "https://rawcdn.githack.com/quiet324/VOSAlbum3/1706192/vosoldshepherdchatswithyou/vosoldshepherdchatswithyou04.mp3",
    "title": "",
    "duration": 580,
    "size": "4M",
    "albumName": "老牧人與你談心 Old Shepherd chats with you",
    "albumId": 327,
    "id": 327888183,
    "albumtitle": "老牧人與你談心 Old Shepherd chats with you(4)"
  },
  {
    "path": "https://rawcdn.githack.com/quiet324/VOSAlbum3/1706192/vosoldshepherdchatswithyou/vosoldshepherdchatswithyou05.mp3",
    "title": "",
    "duration": 580,
    "size": "4M",
    "albumName": "老牧人與你談心 Old Shepherd chats with you",
    "albumId": 327,
    "id": 327888184,
    "albumtitle": "老牧人與你談心 Old Shepherd chats with you(5)"
  },
  {
    "path": "https://rawcdn.githack.com/quiet324/VOSAlbum3/1706192/vosoldshepherdchatswithyou/vosoldshepherdchatswithyou06.mp3",
    "title": "",
    "duration": 580,
    "size": "4M",
    "albumName": "老牧人與你談心 Old Shepherd chats with you",
    "albumId": 327,
    "id": 327888185,
    "albumtitle": "老牧人與你談心 Old Shepherd chats with you(6)"
  },
  {
    "path": "https://rawcdn.githack.com/quiet324/VOSAlbum3/1706192/vosoldshepherdchatswithyou/vosoldshepherdchatswithyou07.mp3",
    "title": "",
    "duration": 580,
    "size": "4M",
    "albumName": "老牧人與你談心 Old Shepherd chats with you",
    "albumId": 327,
    "id": 327888186,
    "albumtitle": "老牧人與你談心 Old Shepherd chats with you(7)"
  },
  {
    "path": "https://rawcdn.githack.com/quiet324/VOSAlbum3/1706192/vosoldshepherdchatswithyou/vosoldshepherdchatswithyou08.mp3",
    "title": "",
    "duration": 580,
    "size": "4M",
    "albumName": "老牧人與你談心 Old Shepherd chats with you",
    "albumId": 327,
    "id": 327888187,
    "albumtitle": "老牧人與你談心 Old Shepherd chats with you(8)"
  },
  {
    "path": "https://rawcdn.githack.com/quiet324/VOSAlbum3/1706192/vosoldshepherdchatswithyou/vosoldshepherdchatswithyou09.mp3",
    "title": "",
    "duration": 580,
    "size": "4M",
    "albumName": "老牧人與你談心 Old Shepherd chats with you",
    "albumId": 327,
    "id": 327888188,
    "albumtitle": "老牧人與你談心 Old Shepherd chats with you(9)"
  },
  {
    "path": "https://rawcdn.githack.com/quiet324/VOSAlbum3/1706192/vosoldshepherdchatswithyou/vosoldshepherdchatswithyou010.mp3",
    "title": "",
    "duration": 580,
    "size": "4M",
    "albumName": "老牧人與你談心 Old Shepherd chats with you",
    "albumId": 327,
    "id": 327888189,
    "albumtitle": "老牧人與你談心 Old Shepherd chats with you(10)"
  },
  {
    "path": "https://rawcdn.githack.com/quiet324/VOSAlbum3/1706192/vosoldshepherdchatswithyou/vosoldshepherdchatswithyou011.mp3",
    "title": "",
    "duration": 580,
    "size": "4M",
    "albumName": "老牧人與你談心 Old Shepherd chats with you",
    "albumId": 327,
    "id": 327888190,
    "albumtitle": "老牧人與你談心 Old Shepherd chats with you(11)"
  },
  {
    "path": "https://rawcdn.githack.com/quiet324/VOSAlbum3/1706192/vosoldshepherdchatswithyou/vosoldshepherdchatswithyou012.mp3",
    "title": "",
    "duration": 580,
    "size": "4M",
    "albumName": "老牧人與你談心 Old Shepherd chats with you",
    "albumId": 327,
    "id": 327888191,
    "albumtitle": "老牧人與你談心 Old Shepherd chats with you(12)"
  },
  {
    "path": "https://rawcdn.githack.com/quiet324/VOSAlbum3/1706192/vosoldshepherdchatswithyou/vosoldshepherdchatswithyou013.mp3",
    "title": "",
    "duration": 580,
    "size": "4M",
    "albumName": "老牧人與你談心 Old Shepherd chats with you",
    "albumId": 327,
    "id": 327888192,
    "albumtitle": "老牧人與你談心 Old Shepherd chats with you(13)"
  },
  {
    "path": "https://rawcdn.githack.com/quiet324/VOSAlbum3/1706192/vosoldshepherdchatswithyou/vosoldshepherdchatswithyou014.mp3",
    "title": "",
    "duration": 580,
    "size": "4M",
    "albumName": "老牧人與你談心 Old Shepherd chats with you",
    "albumId": 327,
    "id": 327888193,
    "albumtitle": "老牧人與你談心 Old Shepherd chats with you(14)"
  },
  {
    "path": "https://rawcdn.githack.com/quiet324/VOSAlbum3/1706192/vosoldshepherdchatswithyou/vosoldshepherdchatswithyou015.mp3",
    "title": "",
    "duration": 580,
    "size": "4M",
    "albumName": "老牧人與你談心 Old Shepherd chats with you",
    "albumId": 327,
    "id": 327888194,
    "albumtitle": "老牧人與你談心 Old Shepherd chats with you(15)"
  },
  {
    "path": "https://rawcdn.githack.com/quiet324/VOSAlbum3/1706192/vosoldshepherdchatswithyou/vosoldshepherdchatswithyou016.mp3",
    "title": "",
    "duration": 580,
    "size": "4M",
    "albumName": "老牧人與你談心 Old Shepherd chats with you",
    "albumId": 327,
    "id": 327888195,
    "albumtitle": "老牧人與你談心 Old Shepherd chats with you(16)"
  },
  {
    "path": "https://rawcdn.githack.com/quiet324/VOSAlbum3/1706192/vosoldshepherdchatswithyou/vosoldshepherdchatswithyou017.mp3",
    "title": "",
    "duration": 580,
    "size": "4M",
    "albumName": "老牧人與你談心 Old Shepherd chats with you",
    "albumId": 327,
    "id": 327888196,
    "albumtitle": "老牧人與你談心 Old Shepherd chats with you(17)"
  },
  {
    "path": "https://rawcdn.githack.com/quiet324/VOSAlbum3/1706192/vosoldshepherdchatswithyou/vosoldshepherdchatswithyou018.mp3",
    "title": "",
    "duration": 580,
    "size": "4M",
    "albumName": "老牧人與你談心 Old Shepherd chats with you",
    "albumId": 327,
    "id": 327888197,
    "albumtitle": "老牧人與你談心 Old Shepherd chats with you(18)"
  },
  {
    "path": "https://rawcdn.githack.com/quiet324/VOSAlbum3/1706192/vosoldshepherdchatswithyou/vosoldshepherdchatswithyou019.mp3",
    "title": "",
    "duration": 580,
    "size": "4M",
    "albumName": "老牧人與你談心 Old Shepherd chats with you",
    "albumId": 327,
    "id": 327888198,
    "albumtitle": "老牧人與你談心 Old Shepherd chats with you(19)"
  },
  {
    "path": "https://rawcdn.githack.com/quiet324/VOSAlbum3/1706192/vosoldshepherdchatswithyou/vosoldshepherdchatswithyou020.mp3",
    "title": "",
    "duration": 580,
    "size": "4M",
    "albumName": "老牧人與你談心 Old Shepherd chats with you",
    "albumId": 327,
    "id": 327888199,
    "albumtitle": "老牧人與你談心 Old Shepherd chats with you(20)"
  },
  {
    "path": "https://rawcdn.githack.com/quiet324/VOSAlbum3/1706192/vosoldshepherdchatswithyou/vosoldshepherdchatswithyou021.mp3",
    "title": "",
    "duration": 580,
    "size": "4M",
    "albumName": "老牧人與你談心 Old Shepherd chats with you",
    "albumId": 327,
    "id": 327888200,
    "albumtitle": "老牧人與你談心 Old Shepherd chats with you(21)"
  },
  {
    "path": "https://rawcdn.githack.com/quiet324/VOSAlbum3/1706192/vosoldshepherdchatswithyou/vosoldshepherdchatswithyou022.mp3",
    "title": "",
    "duration": 580,
    "size": "4M",
    "albumName": "老牧人與你談心 Old Shepherd chats with you",
    "albumId": 327,
    "id": 327888201,
    "albumtitle": "老牧人與你談心 Old Shepherd chats with you(22)"
  },
  {
    "path": "https://rawcdn.githack.com/quiet324/VOSAlbum3/1706192/vosoldshepherdchatswithyou/vosoldshepherdchatswithyou023.mp3",
    "title": "",
    "duration": 580,
    "size": "4M",
    "albumName": "老牧人與你談心 Old Shepherd chats with you",
    "albumId": 327,
    "id": 327888202,
    "albumtitle": "老牧人與你談心 Old Shepherd chats with you(23)"
  },
  {
    "path": "https://rawcdn.githack.com/quiet324/VOSAlbum3/1706192/vosoldshepherdchatswithyou/vosoldshepherdchatswithyou024.mp3",
    "title": "",
    "duration": 580,
    "size": "4M",
    "albumName": "老牧人與你談心 Old Shepherd chats with you",
    "albumId": 327,
    "id": 327888203,
    "albumtitle": "老牧人與你談心 Old Shepherd chats with you(24)"
  },
  {
    "path": "https://rawcdn.githack.com/quiet324/VOSAlbum3/1706192/vosoldshepherdchatswithyou/vosoldshepherdchatswithyou025.mp3",
    "title": "",
    "duration": 580,
    "size": "4M",
    "albumName": "老牧人與你談心 Old Shepherd chats with you",
    "albumId": 327,
    "id": 327888204,
    "albumtitle": "老牧人與你談心 Old Shepherd chats with you(25)"
  },
  {
    "path": "https://rawcdn.githack.com/quiet324/VOSAlbum3/1706192/vosoldshepherdchatswithyou/vosoldshepherdchatswithyou026.mp3",
    "title": "",
    "duration": 580,
    "size": "4M",
    "albumName": "老牧人與你談心 Old Shepherd chats with you",
    "albumId": 327,
    "id": 327888205,
    "albumtitle": "老牧人與你談心 Old Shepherd chats with you(26)"
  },
  {
    "path": "https://rawcdn.githack.com/quiet324/VOSAlbum3/1706192/vosoldshepherdchatswithyou/vosoldshepherdchatswithyou027.mp3",
    "title": "",
    "duration": 580,
    "size": "4M",
    "albumName": "老牧人與你談心 Old Shepherd chats with you",
    "albumId": 327,
    "id": 327888206,
    "albumtitle": "老牧人與你談心 Old Shepherd chats with you(27)"
  },
  {
    "path": "https://rawcdn.githack.com/quiet324/VOSAlbum3/1706192/vosoldshepherdchatswithyou/vosoldshepherdchatswithyou028.mp3",
    "title": "",
    "duration": 580,
    "size": "4M",
    "albumName": "老牧人與你談心 Old Shepherd chats with you",
    "albumId": 327,
    "id": 327888207,
    "albumtitle": "老牧人與你談心 Old Shepherd chats with you(28)"
  },
  {
    "path": "https://rawcdn.githack.com/quiet324/VOSAlbum3/1706192/vosoldshepherdchatswithyou/vosoldshepherdchatswithyou029.mp3",
    "title": "",
    "duration": 580,
    "size": "4M",
    "albumName": "老牧人與你談心 Old Shepherd chats with you",
    "albumId": 327,
    "id": 327888208,
    "albumtitle": "老牧人與你談心 Old Shepherd chats with you(29)"
  },
  {
    "path": "https://rawcdn.githack.com/quiet324/VOSAlbum3/1706192/vosoldshepherdchatswithyou/vosoldshepherdchatswithyou030.mp3",
    "title": "",
    "duration": 580,
    "size": "4M",
    "albumName": "老牧人與你談心 Old Shepherd chats with you",
    "albumId": 327,
    "id": 327888209,
    "albumtitle": "老牧人與你談心 Old Shepherd chats with you(30)"
  },
  {
    "path": "https://rawcdn.githack.com/quiet324/VOSAlbum3/1706192/vosoldshepherdchatswithyou/vosoldshepherdchatswithyou031.mp3",
    "title": "",
    "duration": 580,
    "size": "4M",
    "albumName": "老牧人與你談心 Old Shepherd chats with you",
    "albumId": 327,
    "id": 327888210,
    "albumtitle": "老牧人與你談心 Old Shepherd chats with you(31)"
  },
  {
    "path": "https://rawcdn.githack.com/quiet324/VOSAlbum3/1706192/vosoldshepherdchatswithyou/vosoldshepherdchatswithyou032.mp3",
    "title": "",
    "duration": 580,
    "size": "4M",
    "albumName": "老牧人與你談心 Old Shepherd chats with you",
    "albumId": 327,
    "id": 327888211,
    "albumtitle": "老牧人與你談心 Old Shepherd chats with you(32)"
  },
  {
    "path": "https://rawcdn.githack.com/quiet324/VOSAlbum3/1706192/vosoldshepherdchatswithyou/vosoldshepherdchatswithyou033.mp3",
    "title": "",
    "duration": 580,
    "size": "4M",
    "albumName": "老牧人與你談心 Old Shepherd chats with you",
    "albumId": 327,
    "id": 327888212,
    "albumtitle": "老牧人與你談心 Old Shepherd chats with you(33)"
  },
  {
    "path": "https://rawcdn.githack.com/quiet324/VOSAlbum3/1706192/vosoldshepherdchatswithyou/vosoldshepherdchatswithyou034.mp3",
    "title": "",
    "duration": 580,
    "size": "4M",
    "albumName": "老牧人與你談心 Old Shepherd chats with you",
    "albumId": 327,
    "id": 327888213,
    "albumtitle": "老牧人與你談心 Old Shepherd chats with you(34)"
  },
  {
    "path": "https://rawcdn.githack.com/quiet324/VOSAlbum3/1706192/vosoldshepherdchatswithyou/vosoldshepherdchatswithyou035.mp3",
    "title": "",
    "duration": 580,
    "size": "4M",
    "albumName": "老牧人與你談心 Old Shepherd chats with you",
    "albumId": 327,
    "id": 327888214,
    "albumtitle": "老牧人與你談心 Old Shepherd chats with you(35)"
  },
  {
    "path": "https://rawcdn.githack.com/quiet324/VOSAlbum3/1706192/vosoldshepherdchatswithyou/vosoldshepherdchatswithyou036.mp3",
    "title": "",
    "duration": 580,
    "size": "4M",
    "albumName": "老牧人與你談心 Old Shepherd chats with you",
    "albumId": 327,
    "id": 327888215,
    "albumtitle": "老牧人與你談心 Old Shepherd chats with you(36)"
  },
  {
    "path": "https://rawcdn.githack.com/quiet324/VOSAlbum3/1706192/vosoldshepherdchatswithyou/vosoldshepherdchatswithyou037.mp3",
    "title": "",
    "duration": 580,
    "size": "4M",
    "albumName": "老牧人與你談心 Old Shepherd chats with you",
    "albumId": 327,
    "id": 327888216,
    "albumtitle": "老牧人與你談心 Old Shepherd chats with you(37)"
  },
  {
    "path": "https://rawcdn.githack.com/quiet324/VOSAlbum3/1706192/vosoldshepherdchatswithyou/vosoldshepherdchatswithyou038.mp3",
    "title": "",
    "duration": 580,
    "size": "4M",
    "albumName": "老牧人與你談心 Old Shepherd chats with you",
    "albumId": 327,
    "id": 327888217,
    "albumtitle": "老牧人與你談心 Old Shepherd chats with you(38)"
  },
  {
    "path": "https://rawcdn.githack.com/quiet324/VOSAlbum3/1706192/vosoldshepherdchatswithyou/vosoldshepherdchatswithyou039.mp3",
    "title": "",
    "duration": 580,
    "size": "4M",
    "albumName": "老牧人與你談心 Old Shepherd chats with you",
    "albumId": 327,
    "id": 327888218,
    "albumtitle": "老牧人與你談心 Old Shepherd chats with you(39)"
  },
  {
    "path": "https://rawcdn.githack.com/quiet324/VOSAlbum3/1706192/vosoldshepherdchatswithyou/vosoldshepherdchatswithyou040.mp3",
    "title": "",
    "duration": 580,
    "size": "4M",
    "albumName": "老牧人與你談心 Old Shepherd chats with you",
    "albumId": 327,
    "id": 327888219,
    "albumtitle": "老牧人與你談心 Old Shepherd chats with you(40)"
  },
  {
    "path": "https://rawcdn.githack.com/quiet324/VOSAlbum3/1706192/vosoldshepherdchatswithyou/vosoldshepherdchatswithyou041.mp3",
    "title": "",
    "duration": 580,
    "size": "4M",
    "albumName": "老牧人與你談心 Old Shepherd chats with you",
    "albumId": 327,
    "id": 327888220,
    "albumtitle": "老牧人與你談心 Old Shepherd chats with you(41)"
  },
  {
    "path": "https://rawcdn.githack.com/quiet324/VOSAlbum3/1706192/vosoldshepherdchatswithyou/vosoldshepherdchatswithyou042.mp3",
    "title": "",
    "duration": 580,
    "size": "4M",
    "albumName": "老牧人與你談心 Old Shepherd chats with you",
    "albumId": 327,
    "id": 327888221,
    "albumtitle": "老牧人與你談心 Old Shepherd chats with you(42)"
  },
  {
    "path": "https://rawcdn.githack.com/quiet324/VOSAlbum3/1706192/vosoldshepherdchatswithyou/vosoldshepherdchatswithyou043.mp3",
    "title": "",
    "duration": 580,
    "size": "4M",
    "albumName": "老牧人與你談心 Old Shepherd chats with you",
    "albumId": 327,
    "id": 327888222,
    "albumtitle": "老牧人與你談心 Old Shepherd chats with you(43)"
  },
  {
    "path": "https://rawcdn.githack.com/quiet324/VOSAlbum3/1706192/vosoldshepherdchatswithyou/vosoldshepherdchatswithyou044.mp3",
    "title": "",
    "duration": 580,
    "size": "4M",
    "albumName": "老牧人與你談心 Old Shepherd chats with you",
    "albumId": 327,
    "id": 327888223,
    "albumtitle": "老牧人與你談心 Old Shepherd chats with you(44)"
  },
  {
    "path": "https://rawcdn.githack.com/quiet324/VOSAlbum3/1706192/vosoldshepherdchatswithyou/vosoldshepherdchatswithyou045.mp3",
    "title": "",
    "duration": 580,
    "size": "4M",
    "albumName": "老牧人與你談心 Old Shepherd chats with you",
    "albumId": 327,
    "id": 327888224,
    "albumtitle": "老牧人與你談心 Old Shepherd chats with you(45)"
  },
  {
    "path": "https://rawcdn.githack.com/quiet324/VOSAlbum3/1706192/vosoldshepherdchatswithyou/vosoldshepherdchatswithyou046.mp3",
    "title": "",
    "duration": 580,
    "size": "4M",
    "albumName": "老牧人與你談心 Old Shepherd chats with you",
    "albumId": 327,
    "id": 327888225,
    "albumtitle": "老牧人與你談心 Old Shepherd chats with you(46)"
  },
  {
    "path": "https://rawcdn.githack.com/quiet324/VOSAlbum3/1706192/vosoldshepherdchatswithyou/vosoldshepherdchatswithyou047.mp3",
    "title": "",
    "duration": 580,
    "size": "4M",
    "albumName": "老牧人與你談心 Old Shepherd chats with you",
    "albumId": 327,
    "id": 327888226,
    "albumtitle": "老牧人與你談心 Old Shepherd chats with you(47)"
  },
  {
    "path": "https://rawcdn.githack.com/quiet324/VOSAlbum3/1706192/vosoldshepherdchatswithyou/vosoldshepherdchatswithyou048.mp3",
    "title": "",
    "duration": 580,
    "size": "4M",
    "albumName": "老牧人與你談心 Old Shepherd chats with you",
    "albumId": 327,
    "id": 327888227,
    "albumtitle": "老牧人與你談心 Old Shepherd chats with you(48)"
  },
  {
    "path": "https://rawcdn.githack.com/quiet324/VOSAlbum3/1706192/vosoldshepherdchatswithyou/vosoldshepherdchatswithyou049.mp3",
    "title": "",
    "duration": 580,
    "size": "4M",
    "albumName": "老牧人與你談心 Old Shepherd chats with you",
    "albumId": 327,
    "id": 327888228,
    "albumtitle": "老牧人與你談心 Old Shepherd chats with you(49)"
  },
  {
    "path": "https://rawcdn.githack.com/quiet324/VOSAlbum3/1706192/vosoldshepherdchatswithyou/vosoldshepherdchatswithyou050.mp3",
    "title": "",
    "duration": 580,
    "size": "4M",
    "albumName": "老牧人與你談心 Old Shepherd chats with you",
    "albumId": 327,
    "id": 327888229,
    "albumtitle": "老牧人與你談心 Old Shepherd chats with you(50)"
  },
  {
    "path": "https://rawcdn.githack.com/quiet324/VOSAlbum3/1706192/vosoldshepherdchatswithyou/vosoldshepherdchatswithyou051.mp3",
    "title": "",
    "duration": 580,
    "size": "4M",
    "albumName": "老牧人與你談心 Old Shepherd chats with you",
    "albumId": 327,
    "id": 327888230,
    "albumtitle": "老牧人與你談心 Old Shepherd chats with you(51)"
  },
  {
    "path": "https://rawcdn.githack.com/quiet324/VOSAlbum3/1706192/vosoldshepherdchatswithyou/vosoldshepherdchatswithyou052.mp3",
    "title": "",
    "duration": 580,
    "size": "4M",
    "albumName": "老牧人與你談心 Old Shepherd chats with you",
    "albumId": 327,
    "id": 327888231,
    "albumtitle": "老牧人與你談心 Old Shepherd chats with you(52)"
  },
  {
    "path": "https://rawcdn.githack.com/quiet324/VOSAlbum3/1706192/vosoldshepherdchatswithyou/vosoldshepherdchatswithyou053.mp3",
    "title": "",
    "duration": 580,
    "size": "4M",
    "albumName": "老牧人與你談心 Old Shepherd chats with you",
    "albumId": 327,
    "id": 327888232,
    "albumtitle": "老牧人與你談心 Old Shepherd chats with you(53)"
  },
  {
    "path": "https://rawcdn.githack.com/quiet324/VOSAlbum3/1706192/vosoldshepherdchatswithyou/vosoldshepherdchatswithyou054.mp3",
    "title": "",
    "duration": 580,
    "size": "4M",
    "albumName": "老牧人與你談心 Old Shepherd chats with you",
    "albumId": 327,
    "id": 327888233,
    "albumtitle": "老牧人與你談心 Old Shepherd chats with you(54)"
  },
  {
    "path": "https://rawcdn.githack.com/quiet324/VOSAlbum3/1706192/vosoldshepherdchatswithyou/vosoldshepherdchatswithyou055.mp3",
    "title": "",
    "duration": 580,
    "size": "4M",
    "albumName": "老牧人與你談心 Old Shepherd chats with you",
    "albumId": 327,
    "id": 327888234,
    "albumtitle": "老牧人與你談心 Old Shepherd chats with you(55)"
  },
  {
    "path": "https://rawcdn.githack.com/quiet324/VOSAlbum3/1706192/vosoldshepherdchatswithyou/vosoldshepherdchatswithyou056.mp3",
    "title": "",
    "duration": 580,
    "size": "4M",
    "albumName": "老牧人與你談心 Old Shepherd chats with you",
    "albumId": 327,
    "id": 327888235,
    "albumtitle": "老牧人與你談心 Old Shepherd chats with you(56)"
  },
  {
    "path": "https://rawcdn.githack.com/quiet324/VOSAlbum3/1706192/vosoldshepherdchatswithyou/vosoldshepherdchatswithyou057.mp3",
    "title": "",
    "duration": 580,
    "size": "4M",
    "albumName": "老牧人與你談心 Old Shepherd chats with you",
    "albumId": 327,
    "id": 327888236,
    "albumtitle": "老牧人與你談心 Old Shepherd chats with you(57)"
  },
  {
    "path": "https://rawcdn.githack.com/quiet324/VOSAlbum3/1706192/vosoldshepherdchatswithyou/vosoldshepherdchatswithyou058.mp3",
    "title": "",
    "duration": 580,
    "size": "4M",
    "albumName": "老牧人與你談心 Old Shepherd chats with you",
    "albumId": 327,
    "id": 327888237,
    "albumtitle": "老牧人與你談心 Old Shepherd chats with you(58)"
  },
  {
    "path": "https://rawcdn.githack.com/quiet324/VOSAlbum3/1706192/vosoldshepherdchatswithyou/vosoldshepherdchatswithyou059.mp3",
    "title": "",
    "duration": 580,
    "size": "4M",
    "albumName": "老牧人與你談心 Old Shepherd chats with you",
    "albumId": 327,
    "id": 327888238,
    "albumtitle": "老牧人與你談心 Old Shepherd chats with you(59)"
  },
  {
    "path": "https://rawcdn.githack.com/quiet324/VOSAlbum3/1706192/vosoldshepherdchatswithyou/vosoldshepherdchatswithyou060.mp3",
    "title": "",
    "duration": 580,
    "size": "4M",
    "albumName": "老牧人與你談心 Old Shepherd chats with you",
    "albumId": 327,
    "id": 327888239,
    "albumtitle": "老牧人與你談心 Old Shepherd chats with you(60)"
  },
  {
    "path": "https://rawcdn.githack.com/quiet324/VOSAlbum3/1706192/vosoldshepherdchatswithyou/vosoldshepherdchatswithyou061.mp3",
    "title": "",
    "duration": 580,
    "size": "4M",
    "albumName": "老牧人與你談心 Old Shepherd chats with you",
    "albumId": 327,
    "id": 327888240,
    "albumtitle": "老牧人與你談心 Old Shepherd chats with you(61)"
  },
  {
    "path": "https://rawcdn.githack.com/quiet324/VOSAlbum3/1706192/vosoldshepherdchatswithyou/vosoldshepherdchatswithyou062.mp3",
    "title": "",
    "duration": 580,
    "size": "4M",
    "albumName": "老牧人與你談心 Old Shepherd chats with you",
    "albumId": 327,
    "id": 327888241,
    "albumtitle": "老牧人與你談心 Old Shepherd chats with you(62)"
  },
  {
    "path": "https://rawcdn.githack.com/quiet324/VOSAlbum3/1706192/vosoldshepherdchatswithyou/vosoldshepherdchatswithyou063.mp3",
    "title": "",
    "duration": 580,
    "size": "4M",
    "albumName": "老牧人與你談心 Old Shepherd chats with you",
    "albumId": 327,
    "id": 327888242,
    "albumtitle": "老牧人與你談心 Old Shepherd chats with you(63)"
  },
  {
    "path": "https://rawcdn.githack.com/quiet324/VOSAlbum3/1706192/vosoldshepherdchatswithyou/vosoldshepherdchatswithyou064.mp3",
    "title": "",
    "duration": 580,
    "size": "4M",
    "albumName": "老牧人與你談心 Old Shepherd chats with you",
    "albumId": 327,
    "id": 327888243,
    "albumtitle": "老牧人與你談心 Old Shepherd chats with you(64)"
  },
  {
    "path": "https://rawcdn.githack.com/quiet324/VOSAlbum3/1706192/vosoldshepherdchatswithyou/vosoldshepherdchatswithyou065.mp3",
    "title": "",
    "duration": 580,
    "size": "4M",
    "albumName": "老牧人與你談心 Old Shepherd chats with you",
    "albumId": 327,
    "id": 327888244,
    "albumtitle": "老牧人與你談心 Old Shepherd chats with you(65)"
  },
  {
    "path": "https://rawcdn.githack.com/quiet324/VOSAlbum3/1706192/vosoldshepherdchatswithyou/vosoldshepherdchatswithyou066.mp3",
    "title": "",
    "duration": 580,
    "size": "4M",
    "albumName": "老牧人與你談心 Old Shepherd chats with you",
    "albumId": 327,
    "id": 327888245,
    "albumtitle": "老牧人與你談心 Old Shepherd chats with you(66)"
  },
  {
    "path": "https://rawcdn.githack.com/quiet324/VOSAlbum3/1706192/vosoldshepherdchatswithyou/vosoldshepherdchatswithyou067.mp3",
    "title": "",
    "duration": 580,
    "size": "4M",
    "albumName": "老牧人與你談心 Old Shepherd chats with you",
    "albumId": 327,
    "id": 327888246,
    "albumtitle": "老牧人與你談心 Old Shepherd chats with you(67)"
  },
  {
    "path": "https://rawcdn.githack.com/quiet324/VOSAlbum3/1706192/vosoldshepherdchatswithyou/vosoldshepherdchatswithyou068.mp3",
    "title": "",
    "duration": 580,
    "size": "4M",
    "albumName": "老牧人與你談心 Old Shepherd chats with you",
    "albumId": 327,
    "id": 327888247,
    "albumtitle": "老牧人與你談心 Old Shepherd chats with you(68)"
  },
  {
    "path": "https://rawcdn.githack.com/quiet324/VOSAlbum3/1706192/vosoldshepherdchatswithyou/vosoldshepherdchatswithyou069.mp3",
    "title": "",
    "duration": 580,
    "size": "4M",
    "albumName": "老牧人與你談心 Old Shepherd chats with you",
    "albumId": 327,
    "id": 327888248,
    "albumtitle": "老牧人與你談心 Old Shepherd chats with you(69)"
  },
  {
    "path": "https://rawcdn.githack.com/quiet324/VOSAlbum3/1706192/vosoldshepherdchatswithyou/vosoldshepherdchatswithyou070.mp3",
    "title": "",
    "duration": 580,
    "size": "4M",
    "albumName": "老牧人與你談心 Old Shepherd chats with you",
    "albumId": 327,
    "id": 327888249,
    "albumtitle": "老牧人與你談心 Old Shepherd chats with you(70)"
  },
  {
    "path": "https://rawcdn.githack.com/quiet324/VOSAlbum3/1706192/vosoldshepherdchatswithyou/vosoldshepherdchatswithyou071.mp3",
    "title": "",
    "duration": 580,
    "size": "4M",
    "albumName": "老牧人與你談心 Old Shepherd chats with you",
    "albumId": 327,
    "id": 327888250,
    "albumtitle": "老牧人與你談心 Old Shepherd chats with you(71)"
  },
  {
    "path": "https://rawcdn.githack.com/quiet324/VOSAlbum3/1706192/vosoldshepherdchatswithyou/vosoldshepherdchatswithyou072.mp3",
    "title": "",
    "duration": 580,
    "size": "4M",
    "albumName": "老牧人與你談心 Old Shepherd chats with you",
    "albumId": 327,
    "id": 327888251,
    "albumtitle": "老牧人與你談心 Old Shepherd chats with you(72)"
  },
  {
    "path": "https://rawcdn.githack.com/quiet324/VOSAlbum3/1706192/vosoldshepherdchatswithyou/vosoldshepherdchatswithyou073.mp3",
    "title": "",
    "duration": 580,
    "size": "4M",
    "albumName": "老牧人與你談心 Old Shepherd chats with you",
    "albumId": 327,
    "id": 327888252,
    "albumtitle": "老牧人與你談心 Old Shepherd chats with you(73)"
  },
  {
    "path": "https://rawcdn.githack.com/quiet324/VOSAlbum3/1706192/vosoldshepherdchatswithyou/vosoldshepherdchatswithyou074.mp3",
    "title": "",
    "duration": 580,
    "size": "4M",
    "albumName": "老牧人與你談心 Old Shepherd chats with you",
    "albumId": 327,
    "id": 327888253,
    "albumtitle": "老牧人與你談心 Old Shepherd chats with you(74)"
  },
  {
    "path": "https://rawcdn.githack.com/quiet324/VOSAlbum3/1706192/vosoldshepherdchatswithyou/vosoldshepherdchatswithyou075.mp3",
    "title": "",
    "duration": 580,
    "size": "4M",
    "albumName": "老牧人與你談心 Old Shepherd chats with you",
    "albumId": 327,
    "id": 327888254,
    "albumtitle": "老牧人與你談心 Old Shepherd chats with you(75)"
  },
  {
    "path": "https://rawcdn.githack.com/quiet324/VOSAlbum3/1706192/vosoldshepherdchatswithyou/vosoldshepherdchatswithyou076.mp3",
    "title": "",
    "duration": 580,
    "size": "4M",
    "albumName": "老牧人與你談心 Old Shepherd chats with you",
    "albumId": 327,
    "id": 327888255,
    "albumtitle": "老牧人與你談心 Old Shepherd chats with you(76)"
  },
  {
    "path": "https://rawcdn.githack.com/quiet324/VOSAlbum3/1706192/vosoldshepherdchatswithyou/vosoldshepherdchatswithyou077.mp3",
    "title": "",
    "duration": 580,
    "size": "4M",
    "albumName": "老牧人與你談心 Old Shepherd chats with you",
    "albumId": 327,
    "id": 327888256,
    "albumtitle": "老牧人與你談心 Old Shepherd chats with you(77)"
  },
  {
    "path": "https://rawcdn.githack.com/quiet324/VOSAlbum3/1706192/vosoldshepherdchatswithyou/vosoldshepherdchatswithyou078.mp3",
    "title": "",
    "duration": 580,
    "size": "4M",
    "albumName": "老牧人與你談心 Old Shepherd chats with you",
    "albumId": 327,
    "id": 327888257,
    "albumtitle": "老牧人與你談心 Old Shepherd chats with you(78)"
  },
  {
    "path": "https://rawcdn.githack.com/quiet324/VOSAlbum3/1706192/vosoldshepherdchatswithyou/vosoldshepherdchatswithyou079.mp3",
    "title": "",
    "duration": 580,
    "size": "4M",
    "albumName": "老牧人與你談心 Old Shepherd chats with you",
    "albumId": 327,
    "id": 327888258,
    "albumtitle": "老牧人與你談心 Old Shepherd chats with you(79)"
  },
  {
    "path": "https://rawcdn.githack.com/quiet324/VOSAlbum3/1706192/vosoldshepherdchatswithyou/vosoldshepherdchatswithyou080.mp3",
    "title": "",
    "duration": 580,
    "size": "4M",
    "albumName": "老牧人與你談心 Old Shepherd chats with you",
    "albumId": 327,
    "id": 327888259,
    "albumtitle": "老牧人與你談心 Old Shepherd chats with you(80)"
  },
  {
    "path": "https://rawcdn.githack.com/quiet324/VOSAlbum3/1706192/vosoldshepherdchatswithyou/vosoldshepherdchatswithyou081.mp3",
    "title": "",
    "duration": 580,
    "size": "4M",
    "albumName": "老牧人與你談心 Old Shepherd chats with you",
    "albumId": 327,
    "id": 327888260,
    "albumtitle": "老牧人與你談心 Old Shepherd chats with you(81)"
  },
  {
    "path": "https://rawcdn.githack.com/quiet324/VOSAlbum3/1706192/vosoldshepherdchatswithyou/vosoldshepherdchatswithyou082.mp3",
    "title": "",
    "duration": 580,
    "size": "4M",
    "albumName": "老牧人與你談心 Old Shepherd chats with you",
    "albumId": 327,
    "id": 327888261,
    "albumtitle": "老牧人與你談心 Old Shepherd chats with you(82)"
  },
  {
    "path": "https://rawcdn.githack.com/quiet324/VOSAlbum3/1706192/vosoldshepherdchatswithyou/vosoldshepherdchatswithyou083.mp3",
    "title": "",
    "duration": 580,
    "size": "4M",
    "albumName": "老牧人與你談心 Old Shepherd chats with you",
    "albumId": 327,
    "id": 327888262,
    "albumtitle": "老牧人與你談心 Old Shepherd chats with you(83)"
  },
  {
    "path": "https://rawcdn.githack.com/quiet324/VOSAlbum3/1706192/vosoldshepherdchatswithyou/vosoldshepherdchatswithyou084.mp3",
    "title": "",
    "duration": 580,
    "size": "4M",
    "albumName": "老牧人與你談心 Old Shepherd chats with you",
    "albumId": 327,
    "id": 327888263,
    "albumtitle": "老牧人與你談心 Old Shepherd chats with you(84)"
  },
  {
    "path": "https://rawcdn.githack.com/quiet324/VOSAlbum3/1706192/vosoldshepherdchatswithyou/vosoldshepherdchatswithyou085.mp3",
    "title": "",
    "duration": 580,
    "size": "4M",
    "albumName": "老牧人與你談心 Old Shepherd chats with you",
    "albumId": 327,
    "id": 327888264,
    "albumtitle": "老牧人與你談心 Old Shepherd chats with you(85)"
  },
  {
    "path": "https://rawcdn.githack.com/quiet324/VOSAlbum3/1706192/vosoldshepherdchatswithyou/vosoldshepherdchatswithyou086.mp3",
    "title": "",
    "duration": 580,
    "size": "4M",
    "albumName": "老牧人與你談心 Old Shepherd chats with you",
    "albumId": 327,
    "id": 327888265,
    "albumtitle": "老牧人與你談心 Old Shepherd chats with you(86)"
  },
  {
    "path": "https://rawcdn.githack.com/quiet324/VOSAlbum3/1706192/vosoldshepherdchatswithyou/vosoldshepherdchatswithyou087.mp3",
    "title": "",
    "duration": 580,
    "size": "4M",
    "albumName": "老牧人與你談心 Old Shepherd chats with you",
    "albumId": 327,
    "id": 327888266,
    "albumtitle": "老牧人與你談心 Old Shepherd chats with you(87)"
  },
  {
    "path": "https://rawcdn.githack.com/quiet324/VOSAlbum3/1706192/vosoldshepherdchatswithyou/vosoldshepherdchatswithyou088.mp3",
    "title": "",
    "duration": 580,
    "size": "4M",
    "albumName": "老牧人與你談心 Old Shepherd chats with you",
    "albumId": 327,
    "id": 327888267,
    "albumtitle": "老牧人與你談心 Old Shepherd chats with you(88)"
  },
  {
    "path": "https://rawcdn.githack.com/quiet324/VOSAlbum3/1706192/vosoldshepherdchatswithyou/vosoldshepherdchatswithyou089.mp3",
    "title": "",
    "duration": 580,
    "size": "4M",
    "albumName": "老牧人與你談心 Old Shepherd chats with you",
    "albumId": 327,
    "id": 327888268,
    "albumtitle": "老牧人與你談心 Old Shepherd chats with you(89)"
  },
  {
    "path": "https://rawcdn.githack.com/quiet324/VOSAlbum3/1706192/vosoldshepherdchatswithyou/vosoldshepherdchatswithyou090.mp3",
    "title": "",
    "duration": 580,
    "size": "4M",
    "albumName": "老牧人與你談心 Old Shepherd chats with you",
    "albumId": 327,
    "id": 327888269,
    "albumtitle": "老牧人與你談心 Old Shepherd chats with you(90)"
  },
  {
    "path": "https://rawcdn.githack.com/quiet324/VOSAlbum3/1706192/vosoldshepherdchatswithyou/vosoldshepherdchatswithyou091.mp3",
    "title": "",
    "duration": 580,
    "size": "4M",
    "albumName": "老牧人與你談心 Old Shepherd chats with you",
    "albumId": 327,
    "id": 327888270,
    "albumtitle": "老牧人與你談心 Old Shepherd chats with you(91)"
  },
  {
    "path": "https://rawcdn.githack.com/quiet324/VOSAlbum3/1706192/vosoldshepherdchatswithyou/vosoldshepherdchatswithyou092.mp3",
    "title": "",
    "duration": 580,
    "size": "4M",
    "albumName": "老牧人與你談心 Old Shepherd chats with you",
    "albumId": 327,
    "id": 327888271,
    "albumtitle": "老牧人與你談心 Old Shepherd chats with you(92)"
  },
  {
    "path": "https://rawcdn.githack.com/quiet324/VOSAlbum3/1706192/vosoldshepherdchatswithyou/vosoldshepherdchatswithyou093.mp3",
    "title": "",
    "duration": 580,
    "size": "4M",
    "albumName": "老牧人與你談心 Old Shepherd chats with you",
    "albumId": 327,
    "id": 327888272,
    "albumtitle": "老牧人與你談心 Old Shepherd chats with you(93)"
  },
  {
    "path": "https://rawcdn.githack.com/quiet324/VOSAlbum3/1706192/vosoldshepherdchatswithyou/vosoldshepherdchatswithyou094.mp3",
    "title": "",
    "duration": 580,
    "size": "4M",
    "albumName": "老牧人與你談心 Old Shepherd chats with you",
    "albumId": 327,
    "id": 327888273,
    "albumtitle": "老牧人與你談心 Old Shepherd chats with you(94)"
  },
  {
    "path": "https://rawcdn.githack.com/quiet324/VOSAlbum3/1706192/vosoldshepherdchatswithyou/vosoldshepherdchatswithyou095.mp3",
    "title": "",
    "duration": 580,
    "size": "4M",
    "albumName": "老牧人與你談心 Old Shepherd chats with you",
    "albumId": 327,
    "id": 327888274,
    "albumtitle": "老牧人與你談心 Old Shepherd chats with you(95)"
  },
  {
    "path": "https://rawcdn.githack.com/quiet324/VOSAlbum3/1706192/vosoldshepherdchatswithyou/vosoldshepherdchatswithyou096.mp3",
    "title": "",
    "duration": 580,
    "size": "4M",
    "albumName": "老牧人與你談心 Old Shepherd chats with you",
    "albumId": 327,
    "id": 327888275,
    "albumtitle": "老牧人與你談心 Old Shepherd chats with you(96)"
  },
  {
    "path": "https://rawcdn.githack.com/quiet324/VOSAlbum3/1706192/vosoldshepherdchatswithyou/vosoldshepherdchatswithyou097.mp3",
    "title": "",
    "duration": 580,
    "size": "4M",
    "albumName": "老牧人與你談心 Old Shepherd chats with you",
    "albumId": 327,
    "id": 327888276,
    "albumtitle": "老牧人與你談心 Old Shepherd chats with you(97)"
  },
  {
    "path": "https://rawcdn.githack.com/quiet324/VOSAlbum3/1706192/vosoldshepherdchatswithyou/vosoldshepherdchatswithyou098.mp3",
    "title": "",
    "duration": 580,
    "size": "4M",
    "albumName": "老牧人與你談心 Old Shepherd chats with you",
    "albumId": 327,
    "id": 327888277,
    "albumtitle": "老牧人與你談心 Old Shepherd chats with you(98)"
  }
]