[
	{
		"albumtitle": "智慧有情人──相爱到白头的秘诀(01)",
		"title": "爱情需要条件吗？",
		"downUrl": "http://txly2.net/ly/audio/WisdomLovers/WisdomLovers01.mp3",
		"duration": 1760,
		"size": "14.1M",
		"albumId": 68,
		"albumName": "智慧有情人──相爱到白头的秘诀",
		"path": "https://rawcdn.githack.com/quiet324/LiangyouAlbums/1705203/node/WisdomLovers/WisdomLovers01.mp3",
		"id": 68889247
	},
	{
		"albumtitle": "智慧有情人──相爱到白头的秘诀(02)",
		"title": "甜蜜爱情的绝招",
		"downUrl": "http://txly2.net/ly/audio/WisdomLovers/WisdomLovers02.mp3",
		"duration": 1760,
		"size": "14.1M",
		"albumId": 68,
		"albumName": "智慧有情人──相爱到白头的秘诀",
		"path": "https://rawcdn.githack.com/quiet324/LiangyouAlbums/1705203/node/WisdomLovers/WisdomLovers02.mp3",
		"id": 68889248
	},
	{
		"albumtitle": "智慧有情人──相爱到白头的秘诀(03)",
		"title": "两性相处的艺术",
		"downUrl": "http://txly2.net/ly/audio/WisdomLovers/WisdomLovers03.mp3",
		"duration": 1760,
		"size": "14.1M",
		"albumId": 68,
		"albumName": "智慧有情人──相爱到白头的秘诀",
		"path": "https://rawcdn.githack.com/quiet324/LiangyouAlbums/1705203/node/WisdomLovers/WisdomLovers03.mp3",
		"id": 68889249
	},
	{
		"albumtitle": "智慧有情人──相爱到白头的秘诀(04)",
		"title": "定下亲密的界线",
		"downUrl": "http://txly2.net/ly/audio/WisdomLovers/WisdomLovers04.mp3",
		"duration": 1760,
		"size": "14.1M",
		"albumId": 68,
		"albumName": "智慧有情人──相爱到白头的秘诀",
		"path": "https://rawcdn.githack.com/quiet324/LiangyouAlbums/1705203/node/WisdomLovers/WisdomLovers04.mp3",
		"id": 68889250
	},
	{
		"albumtitle": "智慧有情人──相爱到白头的秘诀(05)",
		"title": "失恋了怎么办？",
		"downUrl": "http://txly2.net/ly/audio/WisdomLovers/WisdomLovers05.mp3",
		"duration": 1760,
		"size": "14.1M",
		"albumId": 68,
		"albumName": "智慧有情人──相爱到白头的秘诀",
		"path": "https://rawcdn.githack.com/quiet324/LiangyouAlbums/1705203/node/WisdomLovers/WisdomLovers05.mp3",
		"id": 68889251
	},
	{
		"albumtitle": "智慧有情人──相爱到白头的秘诀(06)",
		"title": "夫妻沟通有秘方",
		"downUrl": "http://txly2.net/ly/audio/WisdomLovers/WisdomLovers06.mp3",
		"duration": 1760,
		"size": "14.1M",
		"albumId": 68,
		"albumName": "智慧有情人──相爱到白头的秘诀",
		"path": "https://rawcdn.githack.com/quiet324/LiangyouAlbums/1705203/node/WisdomLovers/WisdomLovers06.mp3",
		"id": 68889252
	},
	{
		"albumtitle": "智慧有情人──相爱到白头的秘诀(07)",
		"title": "吵架的艺术",
		"downUrl": "http://txly2.net/ly/audio/WisdomLovers/WisdomLovers07.mp3",
		"duration": 1760,
		"size": "14.1M",
		"albumId": 68,
		"albumName": "智慧有情人──相爱到白头的秘诀",
		"path": "https://rawcdn.githack.com/quiet324/LiangyouAlbums/1705203/node/WisdomLovers/WisdomLovers07.mp3",
		"id": 68889253
	},
	{
		"albumtitle": "智慧有情人──相爱到白头的秘诀(08)",
		"title": "爱的相对论",
		"downUrl": "http://txly2.net/ly/audio/WisdomLovers/WisdomLovers08.mp3",
		"duration": 1760,
		"size": "14.1M",
		"albumId": 68,
		"albumName": "智慧有情人──相爱到白头的秘诀",
		"path": "https://rawcdn.githack.com/quiet324/LiangyouAlbums/1705203/node/WisdomLovers/WisdomLovers08.mp3",
		"id": 68889254
	},
	{
		"albumtitle": "智慧有情人──相爱到白头的秘诀(09)",
		"title": "防治婚外情",
		"downUrl": "http://txly2.net/ly/audio/WisdomLovers/WisdomLovers09.mp3",
		"duration": 1760,
		"size": "14.1M",
		"albumId": 68,
		"albumName": "智慧有情人──相爱到白头的秘诀",
		"path": "https://rawcdn.githack.com/quiet324/LiangyouAlbums/1705203/node/WisdomLovers/WisdomLovers09.mp3",
		"id": 68889255
	}
]