[
	{
		"path": "http://media.feearadio.net/downloads/others/CD/2011/06/02.mp3",
		"title": "2.有意義的生活-1",
		"duration": 550,
		"size": "4M",
		"albumName": "【節目精選CD】2011年6月份 - 有意義的生活。活出意義",
		"id": 6087000001,
		"albumId": 6087,
		"albumtitle": "【節目精選CD】2011年6月份 - 有意義的生活。活出意義(1)"
	},
	{
		"path": "http://media.feearadio.net/downloads/others/CD/2011/06/03.mp3",
		"title": "3.生命的盼望",
		"duration": 550,
		"size": "4M",
		"albumName": "【節目精選CD】2011年6月份 - 有意義的生活。活出意義",
		"id": 6087000002,
		"albumId": 6087,
		"albumtitle": "【節目精選CD】2011年6月份 - 有意義的生活。活出意義(2)"
	},
	{
		"path": "http://media.feearadio.net/downloads/others/CD/2011/06/04.mp3",
		"title": "4.有意義的生活-2",
		"duration": 550,
		"size": "4M",
		"albumName": "【節目精選CD】2011年6月份 - 有意義的生活。活出意義",
		"id": 6087000003,
		"albumId": 6087,
		"albumtitle": "【節目精選CD】2011年6月份 - 有意義的生活。活出意義(3)"
	},
	{
		"path": "http://media.feearadio.net/downloads/others/CD/2011/06/05.mp3",
		"title": "5.雖然見不到月光",
		"duration": 550,
		"size": "4M",
		"albumName": "【節目精選CD】2011年6月份 - 有意義的生活。活出意義",
		"id": 6087000004,
		"albumId": 6087,
		"albumtitle": "【節目精選CD】2011年6月份 - 有意義的生活。活出意義(4)"
	},
	{
		"path": "http://media.feearadio.net/downloads/uff3f",
		"title": "6.有意義的生活-3",
		"duration": 550,
		"size": "4M",
		"albumName": "【節目精選CD】2011年6月份 - 有意義的生活。活出意義",
		"id": 6087000005,
		"albumId": 6087,
		"albumtitle": "【節目精選CD】2011年6月份 - 有意義的生活。活出意義(5)"
	},
	{
		"path": "http://media.feearadio.net/downloads/others/CD/2011/06/07.mp3",
		"title": "7.永遠的光",
		"duration": 550,
		"size": "4M",
		"albumName": "【節目精選CD】2011年6月份 - 有意義的生活。活出意義",
		"id": 6087000006,
		"albumId": 6087,
		"albumtitle": "【節目精選CD】2011年6月份 - 有意義的生活。活出意義(6)"
	},
	{
		"path": "http://media.feearadio.net/downloads/others/CD/2011/06/08.mp3",
		"title": "8.有意義的生活-4",
		"duration": 550,
		"size": "4M",
		"albumName": "【節目精選CD】2011年6月份 - 有意義的生活。活出意義",
		"id": 6087000007,
		"albumId": 6087,
		"albumtitle": "【節目精選CD】2011年6月份 - 有意義的生活。活出意義(7)"
	},
	{
		"path": "http://media.feearadio.net/downloads/others/CD/2011/06/09.mp3",
		"title": "9.活潑的盼望",
		"duration": 550,
		"size": "4M",
		"albumName": "【節目精選CD】2011年6月份 - 有意義的生活。活出意義",
		"id": 6087000008,
		"albumId": 6087,
		"albumtitle": "【節目精選CD】2011年6月份 - 有意義的生活。活出意義(8)"
	}
]