[
	{
		"path": "http://media.feearadio.net/downloads/others/CD/2015/01/01.mp3",
		"title": "1.深知所信",
		"duration": 860,
		"size": "6.9M",
		"albumName": "【節目精選CD】2015年1月份 - 信心之歌。如此我信",
		"id": 6130000001,
		"albumId": 6130,
		"albumtitle": "【節目精選CD】2015年1月份 - 信心之歌。如此我信(1)"
	},
	{
		"path": "http://media.feearadio.net/downloads/others/CD/2015/01/02.mp3",
		"title": "2.我心所信，確有根基",
		"duration": 860,
		"size": "6.9M",
		"albumName": "【節目精選CD】2015年1月份 - 信心之歌。如此我信",
		"id": 6130000002,
		"albumId": 6130,
		"albumtitle": "【節目精選CD】2015年1月份 - 信心之歌。如此我信(2)"
	},
	{
		"path": "http://media.feearadio.net/downloads/others/CD/2015/01/03.mp3",
		"title": "3.信靠耶穌真是甜美",
		"duration": 860,
		"size": "6.9M",
		"albumName": "【節目精選CD】2015年1月份 - 信心之歌。如此我信",
		"id": 6130000003,
		"albumId": 6130,
		"albumtitle": "【節目精選CD】2015年1月份 - 信心之歌。如此我信(3)"
	},
	{
		"path": "http://media.feearadio.net/downloads/others/CD/2015/01/04.mp3",
		"title": "4.信靠順服",
		"duration": 860,
		"size": "6.9M",
		"albumName": "【節目精選CD】2015年1月份 - 信心之歌。如此我信",
		"id": 6130000004,
		"albumId": 6130,
		"albumtitle": "【節目精選CD】2015年1月份 - 信心之歌。如此我信(4)"
	}
]