[
	{
		"path": "http://media.feearadio.net/downloads/others/CD/2014/04/01.mp3",
		"title": "1.天父的小孩",
		"duration": 550,
		"size": "4M",
		"albumName": "【節目精選CD】2014年4月份 - 品味人生。真有意思",
		"id": 6121000001,
		"albumId": 6121,
		"albumtitle": "【節目精選CD】2014年4月份 - 品味人生。真有意思(1)"
	},
	{
		"path": "http://media.feearadio.net/downloads/others/CD/2014/04/02.mp3",
		"title": "2.孝敬大比拼",
		"duration": 550,
		"size": "4M",
		"albumName": "【節目精選CD】2014年4月份 - 品味人生。真有意思",
		"id": 6121000002,
		"albumId": 6121,
		"albumtitle": "【節目精選CD】2014年4月份 - 品味人生。真有意思(2)"
	},
	{
		"path": "http://media.feearadio.net/downloads/others/CD/2014/04/03.mp3",
		"title": "3.明白愛",
		"duration": 550,
		"size": "4M",
		"albumName": "【節目精選CD】2014年4月份 - 品味人生。真有意思",
		"id": 6121000003,
		"albumId": 6121,
		"albumtitle": "【節目精選CD】2014年4月份 - 品味人生。真有意思(3)"
	},
	{
		"path": "http://media.feearadio.net/downloads/others/CD/2014/04/04.mp3",
		"title": "4.救救哼哼龍",
		"duration": 550,
		"size": "4M",
		"albumName": "【節目精選CD】2014年4月份 - 品味人生。真有意思",
		"id": 6121000004,
		"albumId": 6121,
		"albumtitle": "【節目精選CD】2014年4月份 - 品味人生。真有意思(4)"
	},
	{
		"path": "http://media.feearadio.net/downloads/others/CD/2014/04/05.mp3",
		"title": "5.親密的朋友",
		"duration": 550,
		"size": "4M",
		"albumName": "【節目精選CD】2014年4月份 - 品味人生。真有意思",
		"id": 6121000005,
		"albumId": 6121,
		"albumtitle": "【節目精選CD】2014年4月份 - 品味人生。真有意思(5)"
	},
	{
		"path": "http://media.feearadio.net/downloads/others/CD/2014/04/06.mp3",
		"title": "6.時尚達人的多多鴿",
		"duration": 550,
		"size": "4M",
		"albumName": "【節目精選CD】2014年4月份 - 品味人生。真有意思",
		"id": 6121000006,
		"albumId": 6121,
		"albumtitle": "【節目精選CD】2014年4月份 - 品味人生。真有意思(6)"
	},
	{
		"path": "http://media.feearadio.net/downloads/others/CD/2014/04/07.mp3",
		"title": "7.別讓地球再流淚",
		"duration": 550,
		"size": "4M",
		"albumName": "【節目精選CD】2014年4月份 - 品味人生。真有意思",
		"id": 6121000007,
		"albumId": 6121,
		"albumtitle": "【節目精選CD】2014年4月份 - 品味人生。真有意思(7)"
	},
	{
		"path": "http://media.feearadio.net/downloads/others/CD/2014/04/08.mp3",
		"title": "8.喜樂之國奇遇記",
		"duration": 550,
		"size": "4M",
		"albumName": "【節目精選CD】2014年4月份 - 品味人生。真有意思",
		"id": 6121000008,
		"albumId": 6121,
		"albumtitle": "【節目精選CD】2014年4月份 - 品味人生。真有意思(8)"
	},
	{
		"path": "http://media.feearadio.net/downloads/others/CD/2014/04/09.mp3",
		"title": "9.尊主喜樂",
		"duration": 550,
		"size": "4M",
		"albumName": "【節目精選CD】2014年4月份 - 品味人生。真有意思",
		"id": 6121000009,
		"albumId": 6121,
		"albumtitle": "【節目精選CD】2014年4月份 - 品味人生。真有意思(9)"
	}
]