[
	{
		"path": "http://media.feearadio.net/downloads/others/CD/2010/10/01.mp3",
		"title": "1.她賜下愛",
		"duration": 550,
		"size": "4M",
		"albumName": "【節目精選CD】2010年10月份 - 上帝是愛。同行在愛中",
		"id": 6079000001,
		"albumId": 6079,
		"albumtitle": "【節目精選CD】2010年10月份 - 上帝是愛。同行在愛中(1)"
	},
	{
		"path": "http://media.feearadio.net/downloads/others/CD/2010/10/02.mp3",
		"title": "2.上帝是愛-1",
		"duration": 550,
		"size": "4M",
		"albumName": "【節目精選CD】2010年10月份 - 上帝是愛。同行在愛中",
		"id": 6079000002,
		"albumId": 6079,
		"albumtitle": "【節目精選CD】2010年10月份 - 上帝是愛。同行在愛中(2)"
	},
	{
		"path": "http://media.feearadio.net/downloads/others/CD/2010/10/03.mp3",
		"title": "3.傾聽",
		"duration": 550,
		"size": "4M",
		"albumName": "【節目精選CD】2010年10月份 - 上帝是愛。同行在愛中",
		"id": 6079000003,
		"albumId": 6079,
		"albumtitle": "【節目精選CD】2010年10月份 - 上帝是愛。同行在愛中(3)"
	},
	{
		"path": "http://media.feearadio.net/downloads/others/CD/2010/10/04.mp3",
		"title": "4.上帝是愛-2",
		"duration": 550,
		"size": "4M",
		"albumName": "【節目精選CD】2010年10月份 - 上帝是愛。同行在愛中",
		"id": 6079000004,
		"albumId": 6079,
		"albumtitle": "【節目精選CD】2010年10月份 - 上帝是愛。同行在愛中(4)"
	},
	{
		"path": "http://media.feearadio.net/downloads/others/CD/2010/10/05.mp3",
		"title": "5.有祢真好",
		"duration": 550,
		"size": "4M",
		"albumName": "【節目精選CD】2010年10月份 - 上帝是愛。同行在愛中",
		"id": 6079000005,
		"albumId": 6079,
		"albumtitle": "【節目精選CD】2010年10月份 - 上帝是愛。同行在愛中(5)"
	},
	{
		"path": "http://media.feearadio.net/downloads/others/CD/2010/10/06.mp3",
		"title": "6.上帝是愛-3",
		"duration": 550,
		"size": "4M",
		"albumName": "【節目精選CD】2010年10月份 - 上帝是愛。同行在愛中",
		"id": 6079000006,
		"albumId": 6079,
		"albumtitle": "【節目精選CD】2010年10月份 - 上帝是愛。同行在愛中(6)"
	},
	{
		"path": "http://media.feearadio.net/downloads/others/CD/2010/10/07.mp3",
		"title": "7.雖然看不見月光",
		"duration": 550,
		"size": "4M",
		"albumName": "【節目精選CD】2010年10月份 - 上帝是愛。同行在愛中",
		"id": 6079000007,
		"albumId": 6079,
		"albumtitle": "【節目精選CD】2010年10月份 - 上帝是愛。同行在愛中(7)"
	},
	{
		"path": "http://media.feearadio.net/downloads/others/CD/2010/10/08.mp3",
		"title": "8.上帝是愛-4",
		"duration": 550,
		"size": "4M",
		"albumName": "【節目精選CD】2010年10月份 - 上帝是愛。同行在愛中",
		"id": 6079000008,
		"albumId": 6079,
		"albumtitle": "【節目精選CD】2010年10月份 - 上帝是愛。同行在愛中(8)"
	},
	{
		"path": "http://media.feearadio.net/downloads/others/CD/2010/10/09.mp3",
		"title": "9.期待",
		"duration": 550,
		"size": "4M",
		"albumName": "【節目精選CD】2010年10月份 - 上帝是愛。同行在愛中",
		"id": 6079000009,
		"albumId": 6079,
		"albumtitle": "【節目精選CD】2010年10月份 - 上帝是愛。同行在愛中(9)"
	}
]