[
  {
    "path": "http://media.feearadio.net/downloads/others/Febc/YU_GYN/01.mp3",
    "title": "1.正常女性的生理結構",
    "duration": 1200,
    "size": "10M",
    "albumName": "【祝你健康】婦產科",
    "id": 6055000001,
    "albumId": 6055,
    "albumtitle": "【祝你健康】婦產科(1)"
  },
  {
    "path": "http://media.feearadio.net/downloads/others/Febc/YU_GYN/02.mp3",
    "title": "2.子宮肌瘤",
    "duration": 1200,
    "size": "10M",
    "albumName": "【祝你健康】婦產科",
    "id": 6055000002,
    "albumId": 6055,
    "albumtitle": "【祝你健康】婦產科(2)"
  },
  {
    "path": "http://media.feearadio.net/downloads/others/Febc/YU_GYN/03.mp3",
    "title": "3.子宮內膜異位症及巧克力囊腫",
    "duration": 1200,
    "size": "10M",
    "albumName": "【祝你健康】婦產科",
    "id": 6055000003,
    "albumId": 6055,
    "albumtitle": "【祝你健康】婦產科(3)"
  },
  {
    "path": "http://media.feearadio.net/downloads/others/Febc/YU_GYN/04.mp3",
    "title": "4.子宮頸癌",
    "duration": 1200,
    "size": "10M",
    "albumName": "【祝你健康】婦產科",
    "id": 6055000004,
    "albumId": 6055,
    "albumtitle": "【祝你健康】婦產科(4)"
  },
  {
    "path": "http://media.feearadio.net/downloads/others/Febc/YU_GYN/05.mp3",
    "title": "5.一般孕期照護",
    "duration": 1200,
    "size": "10M",
    "albumName": "【祝你健康】婦產科",
    "id": 6055000005,
    "albumId": 6055,
    "albumtitle": "【祝你健康】婦產科(5)"
  },
  {
    "path": "http://media.feearadio.net/downloads/others/Febc/YU_GYN/06.mp3",
    "title": "6.產檢重要檢查",
    "duration": 1200,
    "size": "10M",
    "albumName": "【祝你健康】婦產科",
    "id": 6055000006,
    "albumId": 6055,
    "albumtitle": "【祝你健康】婦產科(6)"
  },
  {
    "path": "http://media.feearadio.net/downloads/others/Febc/YU_GYN/07.mp3",
    "title": "7.妊娠糖尿病",
    "duration": 1200,
    "size": "10M",
    "albumName": "【祝你健康】婦產科",
    "id": 6055000007,
    "albumId": 6055,
    "albumtitle": "【祝你健康】婦產科(7)"
  },
  {
    "path": "http://media.feearadio.net/downloads/others/Febc/YU_GYN/08.mp3",
    "title": "8.妊娠高血壓、子癲癇症（妊娠毒血症）",
    "duration": 1200,
    "size": "10M",
    "albumName": "【祝你健康】婦產科",
    "id": 6055000008,
    "albumId": 6055,
    "albumtitle": "【祝你健康】婦產科(8)"
  }
]