[
  {
    "path": "http://media.feearadio.net/downloads/others/Febc/movie/01-1.mp3",
    "title": "01-1　芭比的盛宴",
    "duration": 600,
    "size": "5M",
    "albumName": "電影的故事 - 陳韻琳",
    "id": 6031000001,
    "albumId": 6031,
    "albumtitle": "電影的故事 - 陳韻琳(1)"
  },
  {
    "path": "http://media.feearadio.net/downloads/others/Febc/movie/01-2.mp3",
    "title": "01-2　芭比的盛宴",
    "duration": 600,
    "size": "5M",
    "albumName": "電影的故事 - 陳韻琳",
    "id": 6031000002,
    "albumId": 6031,
    "albumtitle": "電影的故事 - 陳韻琳(2)"
  },
  {
    "path": "http://media.feearadio.net/downloads/others/Febc/movie/01-3.mp3",
    "title": "01-3　芭比的盛宴",
    "duration": 600,
    "size": "5M",
    "albumName": "電影的故事 - 陳韻琳",
    "id": 6031000003,
    "albumId": 6031,
    "albumtitle": "電影的故事 - 陳韻琳(3)"
  },
  {
    "path": "http://media.feearadio.net/downloads/others/Febc/movie/01-4.mp3",
    "title": "01-4　芭比的盛宴",
    "duration": 600,
    "size": "5M",
    "albumName": "電影的故事 - 陳韻琳",
    "id": 6031000004,
    "albumId": 6031,
    "albumtitle": "電影的故事 - 陳韻琳(4)"
  },
  {
    "path": "http://media.feearadio.net/downloads/others/Febc/movie/01-5.mp3",
    "title": "01-5　芭比的盛宴",
    "duration": 600,
    "size": "5M",
    "albumName": "電影的故事 - 陳韻琳",
    "id": 6031000005,
    "albumId": 6031,
    "albumtitle": "電影的故事 - 陳韻琳(5)"
  },
  {
    "path": "http://media.feearadio.net/downloads/others/Febc/movie/01-6.mp3",
    "title": "01-6　芭比的盛宴",
    "duration": 600,
    "size": "5M",
    "albumName": "電影的故事 - 陳韻琳",
    "id": 6031000006,
    "albumId": 6031,
    "albumtitle": "電影的故事 - 陳韻琳(6)"
  },
  {
    "path": "http://media.feearadio.net/downloads/others/Febc/movie/02.mp3",
    "title": "02　　大河戀",
    "duration": 600,
    "size": "5M",
    "albumName": "電影的故事 - 陳韻琳",
    "id": 6031000007,
    "albumId": 6031,
    "albumtitle": "電影的故事 - 陳韻琳(7)"
  },
  {
    "path": "http://media.feearadio.net/downloads/others/Febc/movie/03.mp3",
    "title": "03　　天降神蹟",
    "duration": 600,
    "size": "5M",
    "albumName": "電影的故事 - 陳韻琳",
    "id": 6031000008,
    "albumId": 6031,
    "albumtitle": "電影的故事 - 陳韻琳(8)"
  },
  {
    "path": "http://media.feearadio.net/downloads/others/Febc/movie/04-1.mp3",
    "title": "04-1　在天堂裡遇見的五個人",
    "duration": 600,
    "size": "5M",
    "albumName": "電影的故事 - 陳韻琳",
    "id": 6031000009,
    "albumId": 6031,
    "albumtitle": "電影的故事 - 陳韻琳(9)"
  },
  {
    "path": "http://media.feearadio.net/downloads/others/Febc/movie/04-2.mp3",
    "title": "04-2　在天堂裡遇見的五個人",
    "duration": 600,
    "size": "5M",
    "albumName": "電影的故事 - 陳韻琳",
    "id": 6031000010,
    "albumId": 6031,
    "albumtitle": "電影的故事 - 陳韻琳(10)"
  },
  {
    "path": "http://media.feearadio.net/downloads/others/Febc/movie/05.mp3",
    "title": "05　　近距交戰",
    "duration": 600,
    "size": "5M",
    "albumName": "電影的故事 - 陳韻琳",
    "id": 6031000011,
    "albumId": 6031,
    "albumtitle": "電影的故事 - 陳韻琳(11)"
  },
  {
    "path": "http://media.feearadio.net/downloads/others/Febc/movie/06.mp3",
    "title": "06　　屋頂上的提琴手",
    "duration": 600,
    "size": "5M",
    "albumName": "電影的故事 - 陳韻琳",
    "id": 6031000012,
    "albumId": 6031,
    "albumtitle": "電影的故事 - 陳韻琳(12)"
  },
  {
    "path": "http://media.feearadio.net/downloads/others/Febc/movie/07-1.mp3",
    "title": "07-1　第九日",
    "duration": 600,
    "size": "5M",
    "albumName": "電影的故事 - 陳韻琳",
    "id": 6031000013,
    "albumId": 6031,
    "albumtitle": "電影的故事 - 陳韻琳(13)"
  },
  {
    "path": "http://media.feearadio.net/downloads/others/Febc/movie/07-2.mp3",
    "title": "07-2　第九日",
    "duration": 600,
    "size": "5M",
    "albumName": "電影的故事 - 陳韻琳",
    "id": 6031000014,
    "albumId": 6031,
    "albumtitle": "電影的故事 - 陳韻琳(14)"
  },
  {
    "path": "http://media.feearadio.net/downloads/others/Febc/movie/08-1.mp3",
    "title": "08-1　聖經密碼戰",
    "duration": 600,
    "size": "5M",
    "albumName": "電影的故事 - 陳韻琳",
    "id": 6031000015,
    "albumId": 6031,
    "albumtitle": "電影的故事 - 陳韻琳(15)"
  },
  {
    "path": "http://media.feearadio.net/downloads/others/Febc/movie/08-2.mp3",
    "title": "08-2　聖經密碼戰",
    "duration": 600,
    "size": "5M",
    "albumName": "電影的故事 - 陳韻琳",
    "id": 6031000016,
    "albumId": 6031,
    "albumtitle": "電影的故事 - 陳韻琳(16)"
  },
  {
    "path": "http://media.feearadio.net/downloads/others/Febc/movie/09.mp3",
    "title": "09　　聖誕故事",
    "duration": 600,
    "size": "5M",
    "albumName": "電影的故事 - 陳韻琳",
    "id": 6031000017,
    "albumId": 6031,
    "albumtitle": "電影的故事 - 陳韻琳(17)"
  },
  {
    "path": "http://media.feearadio.net/downloads/others/Febc/movie/10-1.mp3",
    "title": "10-1　影子大地",
    "duration": 600,
    "size": "5M",
    "albumName": "電影的故事 - 陳韻琳",
    "id": 6031000018,
    "albumId": 6031,
    "albumtitle": "電影的故事 - 陳韻琳(18)"
  },
  {
    "path": "http://media.feearadio.net/downloads/others/Febc/movie/10-2.mp3",
    "title": "10-2　影子大地",
    "duration": 600,
    "size": "5M",
    "albumName": "電影的故事 - 陳韻琳",
    "id": 6031000019,
    "albumId": 6031,
    "albumtitle": "電影的故事 - 陳韻琳(19)"
  },
  {
    "path": "http://media.feearadio.net/downloads/others/Febc/movie/10-3.mp3",
    "title": "10-3　影子大地",
    "duration": 600,
    "size": "5M",
    "albumName": "電影的故事 - 陳韻琳",
    "id": 6031000020,
    "albumId": 6031,
    "albumtitle": "電影的故事 - 陳韻琳(20)"
  },
  {
    "path": "http://media.feearadio.net/downloads/others/Febc/movie/10-4.mp3",
    "title": "10-4　影子大地",
    "duration": 600,
    "size": "5M",
    "albumName": "電影的故事 - 陳韻琳",
    "id": 6031000021,
    "albumId": 6031,
    "albumtitle": "電影的故事 - 陳韻琳(21)"
  },
  {
    "path": "http://media.feearadio.net/downloads/others/Febc/movie/10-5.mp3",
    "title": "10-5　影子大地",
    "duration": 600,
    "size": "5M",
    "albumName": "電影的故事 - 陳韻琳",
    "id": 6031000022,
    "albumId": 6031,
    "albumtitle": "電影的故事 - 陳韻琳(22)"
  },
  {
    "path": "http://media.feearadio.net/downloads/others/Febc/movie/10-6.mp3",
    "title": "10-6　影子大地",
    "duration": 600,
    "size": "5M",
    "albumName": "電影的故事 - 陳韻琳",
    "id": 6031000023,
    "albumId": 6031,
    "albumtitle": "電影的故事 - 陳韻琳(23)"
  },
  {
    "path": "http://media.feearadio.net/downloads/others/Febc/movie/11.mp3",
    "title": "11　　戰地琴人",
    "duration": 600,
    "size": "5M",
    "albumName": "電影的故事 - 陳韻琳",
    "id": 6031000024,
    "albumId": 6031,
    "albumtitle": "電影的故事 - 陳韻琳(24)"
  },
  {
    "path": "http://media.feearadio.net/downloads/others/Febc/movie/12-1.mp3",
    "title": "12-1　濃情巧克力",
    "duration": 600,
    "size": "5M",
    "albumName": "電影的故事 - 陳韻琳",
    "id": 6031000025,
    "albumId": 6031,
    "albumtitle": "電影的故事 - 陳韻琳(25)"
  },
  {
    "path": "http://media.feearadio.net/downloads/others/Febc/movie/12-2.mp3",
    "title": "12-2　濃情巧克力",
    "duration": 600,
    "size": "5M",
    "albumName": "電影的故事 - 陳韻琳",
    "id": 6031000026,
    "albumId": 6031,
    "albumtitle": "電影的故事 - 陳韻琳(26)"
  },
  {
    "path": "http://media.feearadio.net/downloads/others/Febc/movie/13-1.mp3",
    "title": "13-1　點燃生命之海VS生殺大權",
    "duration": 600,
    "size": "5M",
    "albumName": "電影的故事 - 陳韻琳",
    "id": 6031000027,
    "albumId": 6031,
    "albumtitle": "電影的故事 - 陳韻琳(27)"
  },
  {
    "path": "http://media.feearadio.net/downloads/others/Febc/movie/13-2.mp3",
    "title": "13-2　點燃生命之海VS生殺大權",
    "duration": 600,
    "size": "5M",
    "albumName": "電影的故事 - 陳韻琳",
    "id": 6031000028,
    "albumId": 6031,
    "albumtitle": "電影的故事 - 陳韻琳(28)"
  }
]