[
	{
		"path": "http://media.feearadio.net/downloads/others/CD/2012/11/01.mp3",
		"title": "1.擁抱新的每一天",
		"duration": 550,
		"size": "4M",
		"albumName": "【節目精選CD】2012年11月份 - 新的動力。新一片天",
		"id": 6104000001,
		"albumId": 6104,
		"albumtitle": "【節目精選CD】2012年11月份 - 新的動力。新一片天(1)"
	},
	{
		"path": "http://media.feearadio.net/downloads/others/CD/2012/11/02.mp3",
		"title": "2.因為遇見你(下)-1",
		"duration": 550,
		"size": "4M",
		"albumName": "【節目精選CD】2012年11月份 - 新的動力。新一片天",
		"id": 6104000002,
		"albumId": 6104,
		"albumtitle": "【節目精選CD】2012年11月份 - 新的動力。新一片天(2)"
	},
	{
		"path": "http://media.feearadio.net/downloads/others/CD/2012/11/03.mp3",
		"title": "3.一生的歸屬",
		"duration": 550,
		"size": "4M",
		"albumName": "【節目精選CD】2012年11月份 - 新的動力。新一片天",
		"id": 6104000003,
		"albumId": 6104,
		"albumtitle": "【節目精選CD】2012年11月份 - 新的動力。新一片天(3)"
	},
	{
		"path": "http://media.feearadio.net/downloads/others/CD/2012/11/04.mp3",
		"title": "4.因為遇見你(下)-2",
		"duration": 550,
		"size": "4M",
		"albumName": "【節目精選CD】2012年11月份 - 新的動力。新一片天",
		"id": 6104000004,
		"albumId": 6104,
		"albumtitle": "【節目精選CD】2012年11月份 - 新的動力。新一片天(4)"
	},
	{
		"path": "http://media.feearadio.net/downloads/others/CD/2012/11/05.mp3",
		"title": "5.總有一件事",
		"duration": 550,
		"size": "4M",
		"albumName": "【節目精選CD】2012年11月份 - 新的動力。新一片天",
		"id": 6104000005,
		"albumId": 6104,
		"albumtitle": "【節目精選CD】2012年11月份 - 新的動力。新一片天(5)"
	},
	{
		"path": "http://media.feearadio.net/downloads/others/CD/2012/11/06.mp3",
		"title": "6.因為遇見你(下)-3",
		"duration": 550,
		"size": "4M",
		"albumName": "【節目精選CD】2012年11月份 - 新的動力。新一片天",
		"id": 6104000006,
		"albumId": 6104,
		"albumtitle": "【節目精選CD】2012年11月份 - 新的動力。新一片天(6)"
	},
	{
		"path": "http://media.feearadio.net/downloads/others/CD/2012/11/07.mp3",
		"title": "7.讓夢想出發",
		"duration": 550,
		"size": "4M",
		"albumName": "【節目精選CD】2012年11月份 - 新的動力。新一片天",
		"id": 6104000007,
		"albumId": 6104,
		"albumtitle": "【節目精選CD】2012年11月份 - 新的動力。新一片天(7)"
	}
]