[
	{
		"path": "http://media.feearadio.net/downloads/others/CD/2009/01/01.mp3",
		"title": "1.耶和華是愛",
		"duration": 500,
		"size": "3M",
		"albumName": "【節目精選CD】2009年1月份 - 主愛中華。愛的見證",
		"id": 6058000001,
		"albumId": 6058,
		"albumtitle": "【節目精選CD】2009年1月份 - 主愛中華。愛的見證(1)"
	},
	{
		"path": "http://media.feearadio.net/downloads/others/CD/2009/01/02.mp3",
		"title": "2.上帝的愛",
		"duration": 500,
		"size": "3M",
		"albumName": "【節目精選CD】2009年1月份 - 主愛中華。愛的見證",
		"id": 6058000002,
		"albumId": 6058,
		"albumtitle": "【節目精選CD】2009年1月份 - 主愛中華。愛的見證(2)"
	},
	{
		"path": "http://media.feearadio.net/downloads/others/CD/2009/01/03.mp3",
		"title": "3.你是否禱告",
		"duration": 500,
		"size": "3M",
		"albumName": "【節目精選CD】2009年1月份 - 主愛中華。愛的見證",
		"id": 6058000003,
		"albumId": 6058,
		"albumtitle": "【節目精選CD】2009年1月份 - 主愛中華。愛的見證(3)"
	},
	{
		"path": "http://media.feearadio.net/downloads/others/CD/2009/01/04.mp3",
		"title": "4.麵包的愛",
		"duration": 500,
		"size": "3M",
		"albumName": "【節目精選CD】2009年1月份 - 主愛中華。愛的見證",
		"id": 6058000004,
		"albumId": 6058,
		"albumtitle": "【節目精選CD】2009年1月份 - 主愛中華。愛的見證(4)"
	},
	{
		"path": "http://media.feearadio.net/downloads/others/CD/2009/01/05.mp3",
		"title": "5.沒有難成就的事",
		"duration": 500,
		"size": "3M",
		"albumName": "【節目精選CD】2009年1月份 - 主愛中華。愛的見證",
		"id": 6058000005,
		"albumId": 6058,
		"albumtitle": "【節目精選CD】2009年1月份 - 主愛中華。愛的見證(5)"
	},
	{
		"path": "http://media.feearadio.net/downloads/others/CD/2009/01/06.mp3",
		"title": "6.道歉的愛",
		"duration": 500,
		"size": "3M",
		"albumName": "【節目精選CD】2009年1月份 - 主愛中華。愛的見證",
		"id": 6058000006,
		"albumId": 6058,
		"albumtitle": "【節目精選CD】2009年1月份 - 主愛中華。愛的見證(6)"
	},
	{
		"path": "http://media.feearadio.net/downloads/others/CD/2009/01/07.mp3",
		"title": "7.我將憂慮卸給你",
		"duration": 500,
		"size": "3M",
		"albumName": "【節目精選CD】2009年1月份 - 主愛中華。愛的見證",
		"id": 6058000007,
		"albumId": 6058,
		"albumtitle": "【節目精選CD】2009年1月份 - 主愛中華。愛的見證(7)"
	},
	{
		"path": "http://media.feearadio.net/downloads/others/CD/2009/01/08.mp3",
		"title": "8.無私的愛",
		"duration": 500,
		"size": "3M",
		"albumName": "【節目精選CD】2009年1月份 - 主愛中華。愛的見證",
		"id": 6058000008,
		"albumId": 6058,
		"albumtitle": "【節目精選CD】2009年1月份 - 主愛中華。愛的見證(8)"
	},
	{
		"path": "http://media.feearadio.net/downloads/others/CD/2009/01/09.mp3",
		"title": "9.從你見耶穌",
		"duration": 500,
		"size": "3M",
		"albumName": "【節目精選CD】2009年1月份 - 主愛中華。愛的見證",
		"id": 6058000009,
		"albumId": 6058,
		"albumtitle": "【節目精選CD】2009年1月份 - 主愛中華。愛的見證(9)"
	},
	{
		"path": "http://media.feearadio.net/downloads/others/CD/2009/01/10.mp3",
		"title": "10.無比的愛",
		"duration": 500,
		"size": "3M",
		"albumName": "【節目精選CD】2009年1月份 - 主愛中華。愛的見證",
		"id": 6058000010,
		"albumId": 6058,
		"albumtitle": "【節目精選CD】2009年1月份 - 主愛中華。愛的見證(10)"
	},
	{
		"path": "http://media.feearadio.net/downloads/others/CD/2009/01/11.mp3",
		"title": "11.主愛說不盡",
		"duration": 500,
		"size": "3M",
		"albumName": "【節目精選CD】2009年1月份 - 主愛中華。愛的見證",
		"id": 6058000011,
		"albumId": 6058,
		"albumtitle": "【節目精選CD】2009年1月份 - 主愛中華。愛的見證(11)"
	}
]