[
	{
		"path": "http://media.feearadio.net/downloads/others/CD/2017/06/01.mp3",
		"title": "1.跳舞之主 (聖歌特戰隊)",
		"duration": 550,
		"size": "4M",
		"albumName": "【節目精選CD】2017年6月份 - 國際街舞冠軍 黃柏青的故事。夥速行動",
		"id": 6159000001,
		"albumId": 6159,
		"albumtitle": "【節目精選CD】2017年6月份 - 國際街舞冠軍 黃柏青的故事。夥速行動(1)"
	},
	{
		"path": "http://media.feearadio.net/downloads/others/CD/2017/06/02.mp3",
		"title": "2.黃柏青_見證-01",
		"duration": 550,
		"size": "4M",
		"albumName": "【節目精選CD】2017年6月份 - 國際街舞冠軍 黃柏青的故事。夥速行動",
		"id": 6159000002,
		"albumId": 6159,
		"albumtitle": "【節目精選CD】2017年6月份 - 國際街舞冠軍 黃柏青的故事。夥速行動(2)"
	},
	{
		"path": "http://media.feearadio.net/downloads/others/CD/2017/06/03.mp3",
		"title": "3.心靈的空處 (盛曉玫)",
		"duration": 550,
		"size": "4M",
		"albumName": "【節目精選CD】2017年6月份 - 國際街舞冠軍 黃柏青的故事。夥速行動",
		"id": 6159000003,
		"albumId": 6159,
		"albumtitle": "【節目精選CD】2017年6月份 - 國際街舞冠軍 黃柏青的故事。夥速行動(3)"
	},
	{
		"path": "http://media.feearadio.net/downloads/others/CD/2017/06/04.mp3",
		"title": "4.黃柏青_見證-02",
		"duration": 550,
		"size": "4M",
		"albumName": "【節目精選CD】2017年6月份 - 國際街舞冠軍 黃柏青的故事。夥速行動",
		"id": 6159000004,
		"albumId": 6159,
		"albumtitle": "【節目精選CD】2017年6月份 - 國際街舞冠軍 黃柏青的故事。夥速行動(4)"
	},
	{
		"path": "http://media.feearadio.net/downloads/others/CD/2017/06/05.mp3",
		"title": "5.踏上回家的路(王子音樂)",
		"duration": 550,
		"size": "4M",
		"albumName": "【節目精選CD】2017年6月份 - 國際街舞冠軍 黃柏青的故事。夥速行動",
		"id": 6159000005,
		"albumId": 6159,
		"albumtitle": "【節目精選CD】2017年6月份 - 國際街舞冠軍 黃柏青的故事。夥速行動(5)"
	},
	{
		"path": "http://media.feearadio.net/downloads/others/CD/2017/06/06.mp3",
		"title": "6.黃柏青_見證-03",
		"duration": 550,
		"size": "4M",
		"albumName": "【節目精選CD】2017年6月份 - 國際街舞冠軍 黃柏青的故事。夥速行動",
		"id": 6159000006,
		"albumId": 6159,
		"albumtitle": "【節目精選CD】2017年6月份 - 國際街舞冠軍 黃柏青的故事。夥速行動(6)"
	},
	{
		"path": "http://media.feearadio.net/downloads/others/CD/2017/06/07.mp3",
		"title": "7.謙卑 (生命河靈糧堂)",
		"duration": 550,
		"size": "4M",
		"albumName": "【節目精選CD】2017年6月份 - 國際街舞冠軍 黃柏青的故事。夥速行動",
		"id": 6159000007,
		"albumId": 6159,
		"albumtitle": "【節目精選CD】2017年6月份 - 國際街舞冠軍 黃柏青的故事。夥速行動(7)"
	},
	{
		"path": "http://media.feearadio.net/downloads/others/CD/2017/06/08.mp3",
		"title": "8.黃柏青_見證-04",
		"duration": 550,
		"size": "4M",
		"albumName": "【節目精選CD】2017年6月份 - 國際街舞冠軍 黃柏青的故事。夥速行動",
		"id": 6159000008,
		"albumId": 6159,
		"albumtitle": "【節目精選CD】2017年6月份 - 國際街舞冠軍 黃柏青的故事。夥速行動(8)"
	},
	{
		"path": "http://media.feearadio.net/downloads/others/CD/2017/06/09.mp3",
		"title": "9.我的泉源在你裡面 (崔迪)",
		"duration": 550,
		"size": "4M",
		"albumName": "【節目精選CD】2017年6月份 - 國際街舞冠軍 黃柏青的故事。夥速行動",
		"id": 6159000009,
		"albumId": 6159,
		"albumtitle": "【節目精選CD】2017年6月份 - 國際街舞冠軍 黃柏青的故事。夥速行動(9)"
	}
]