[
  {
    "path": "http://media.feearadio.net/downloads/others/Febc/brightlife/01.mp3",
    "title": "1.生命與生活",
    "duration": 2300,
    "size": "17.6M",
    "albumName": "光明的人生系列-王壽南",
    "id": 6037000001,
    "albumId": 6037,
    "albumtitle": "光明的人生系列-王壽南(1)"
  },
  {
    "path": "http://media.feearadio.net/downloads/others/Febc/brightlife/02.mp3",
    "title": "2.快樂的人生",
    "duration": 2300,
    "size": "17.6M",
    "albumName": "光明的人生系列-王壽南",
    "id": 6037000002,
    "albumId": 6037,
    "albumtitle": "光明的人生系列-王壽南(2)"
  },
  {
    "path": "http://media.feearadio.net/downloads/others/Febc/brightlife/03.mp3",
    "title": "3.人生的選擇",
    "duration": 2300,
    "size": "17.6M",
    "albumName": "光明的人生系列-王壽南",
    "id": 6037000003,
    "albumId": 6037,
    "albumtitle": "光明的人生系列-王壽南(3)"
  },
  {
    "path": "http://media.feearadio.net/downloads/others/Febc/brightlife/04.mp3",
    "title": "4.人生的角色",
    "duration": 2300,
    "size": "17.6M",
    "albumName": "光明的人生系列-王壽南",
    "id": 6037000004,
    "albumId": 6037,
    "albumtitle": "光明的人生系列-王壽南(4)"
  },
  {
    "path": "http://media.feearadio.net/downloads/others/Febc/brightlife/05.mp3",
    "title": "5.人性中的善與惡",
    "duration": 2300,
    "size": "17.6M",
    "albumName": "光明的人生系列-王壽南",
    "id": 6037000005,
    "albumId": 6037,
    "albumtitle": "光明的人生系列-王壽南(5)"
  },
  {
    "path": "http://media.feearadio.net/downloads/others/Febc/brightlife/06.mp3",
    "title": "6.誰在導引命運及歷史發展",
    "duration": 2300,
    "size": "17.6M",
    "albumName": "光明的人生系列-王壽南",
    "id": 6037000006,
    "albumId": 6037,
    "albumtitle": "光明的人生系列-王壽南(6)"
  },
  {
    "path": "http://media.feearadio.net/downloads/others/Febc/brightlife/07.mp3",
    "title": "7.福與禍",
    "duration": 2300,
    "size": "17.6M",
    "albumName": "光明的人生系列-王壽南",
    "id": 6037000007,
    "albumId": 6037,
    "albumtitle": "光明的人生系列-王壽南(7)"
  },
  {
    "path": "http://media.feearadio.net/downloads/others/Febc/brightlife/08.mp3",
    "title": "8.人生是虛空嗎",
    "duration": 2300,
    "size": "17.6M",
    "albumName": "光明的人生系列-王壽南",
    "id": 6037000008,
    "albumId": 6037,
    "albumtitle": "光明的人生系列-王壽南(8)"
  },
  {
    "path": "http://media.feearadio.net/downloads/others/Febc/brightlife/09.mp3",
    "title": "9.談天",
    "duration": 2300,
    "size": "17.6M",
    "albumName": "光明的人生系列-王壽南",
    "id": 6037000009,
    "albumId": 6037,
    "albumtitle": "光明的人生系列-王壽南(9)"
  },
  {
    "path": "http://media.feearadio.net/downloads/others/Febc/brightlife/10.mp3",
    "title": "10.突破人生的困境",
    "duration": 2300,
    "size": "17.6M",
    "albumName": "光明的人生系列-王壽南",
    "id": 6037000010,
    "albumId": 6037,
    "albumtitle": "光明的人生系列-王壽南(10)"
  },
  {
    "path": "http://media.feearadio.net/downloads/others/Febc/brightlife/11.mp3",
    "title": "11.打破前世孽障的魔咒",
    "duration": 2300,
    "size": "17.6M",
    "albumName": "光明的人生系列-王壽南",
    "id": 6037000011,
    "albumId": 6037,
    "albumtitle": "光明的人生系列-王壽南(11)"
  },
  {
    "path": "http://media.feearadio.net/downloads/others/Febc/brightlife/12.mp3",
    "title": "12.作永遠的贏家",
    "duration": 2300,
    "size": "17.6M",
    "albumName": "光明的人生系列-王壽南",
    "id": 6037000012,
    "albumId": 6037,
    "albumtitle": "光明的人生系列-王壽南(12)"
  },
  {
    "path": "http://media.feearadio.net/downloads/others/Febc/brightlife/13.mp3",
    "title": "13.追求成功",
    "duration": 2300,
    "size": "17.6M",
    "albumName": "光明的人生系列-王壽南",
    "id": 6037000013,
    "albumId": 6037,
    "albumtitle": "光明的人生系列-王壽南(13)"
  },
  {
    "path": "http://media.feearadio.net/downloads/others/Febc/brightlife/14.mp3",
    "title": "14.走出苦難",
    "duration": 2300,
    "size": "17.6M",
    "albumName": "光明的人生系列-王壽南",
    "id": 6037000014,
    "albumId": 6037,
    "albumtitle": "光明的人生系列-王壽南(14)"
  },
  {
    "path": "http://media.feearadio.net/downloads/others/Febc/brightlife/15.mp3",
    "title": "15.愛與忍耐",
    "duration": 2300,
    "size": "17.6M",
    "albumName": "光明的人生系列-王壽南",
    "id": 6037000015,
    "albumId": 6037,
    "albumtitle": "光明的人生系列-王壽南(15)"
  },
  {
    "path": "http://media.feearadio.net/downloads/others/Febc/brightlife/16.mp3",
    "title": "16.愛與寬恕",
    "duration": 2300,
    "size": "17.6M",
    "albumName": "光明的人生系列-王壽南",
    "id": 6037000016,
    "albumId": 6037,
    "albumtitle": "光明的人生系列-王壽南(16)"
  },
  {
    "path": "http://media.feearadio.net/downloads/others/Febc/brightlife/17.mp3",
    "title": "17.反省與懺悔",
    "duration": 2300,
    "size": "17.6M",
    "albumName": "光明的人生系列-王壽南",
    "id": 6037000017,
    "albumId": 6037,
    "albumtitle": "光明的人生系列-王壽南(17)"
  },
  {
    "path": "http://media.feearadio.net/downloads/others/Febc/brightlife/18.mp3",
    "title": "18.責任",
    "duration": 2300,
    "size": "17.6M",
    "albumName": "光明的人生系列-王壽南",
    "id": 6037000018,
    "albumId": 6037,
    "albumtitle": "光明的人生系列-王壽南(18)"
  },
  {
    "path": "http://media.feearadio.net/downloads/others/Febc/brightlife/19.mp3",
    "title": "19.孝道與祭祖",
    "duration": 2300,
    "size": "17.6M",
    "albumName": "光明的人生系列-王壽南",
    "id": 6037000019,
    "albumId": 6037,
    "albumtitle": "光明的人生系列-王壽南(19)"
  },
  {
    "path": "http://media.feearadio.net/downloads/others/Febc/brightlife/20.mp3",
    "title": "20.變",
    "duration": 2300,
    "size": "17.6M",
    "albumName": "光明的人生系列-王壽南",
    "id": 6037000020,
    "albumId": 6037,
    "albumtitle": "光明的人生系列-王壽南(20)"
  },
  {
    "path": "http://media.feearadio.net/downloads/others/Febc/brightlife/21.mp3",
    "title": "21.英雄與英雄崇拜",
    "duration": 2300,
    "size": "17.6M",
    "albumName": "光明的人生系列-王壽南",
    "id": 6037000021,
    "albumId": 6037,
    "albumtitle": "光明的人生系列-王壽南(21)"
  },
  {
    "path": "http://media.feearadio.net/downloads/others/Febc/brightlife/22.mp3",
    "title": "22.唐玄宗與所羅門王",
    "duration": 2300,
    "size": "17.6M",
    "albumName": "光明的人生系列-王壽南",
    "id": 6037000022,
    "albumId": 6037,
    "albumtitle": "光明的人生系列-王壽南(22)"
  },
  {
    "path": "http://media.feearadio.net/downloads/others/Febc/brightlife/23.mp3",
    "title": "23.我怎樣進入基督信仰",
    "duration": 2300,
    "size": "17.6M",
    "albumName": "光明的人生系列-王壽南",
    "id": 6037000023,
    "albumId": 6037,
    "albumtitle": "光明的人生系列-王壽南(23)"
  },
  {
    "path": "http://media.feearadio.net/downloads/others/Febc/brightlife/24.mp3",
    "title": "24.苦難是從哪裡來的",
    "duration": 2300,
    "size": "17.6M",
    "albumName": "光明的人生系列-王壽南",
    "id": 6037000024,
    "albumId": 6037,
    "albumtitle": "光明的人生系列-王壽南(24)"
  }
]