[
	{
		"path": "http://media.feearadio.net/downloads/others/CD/2013/10/01.mp3",
		"title": "1.傳",
		"duration": 550,
		"size": "4M",
		"albumName": "【節目精選CD】2013年10月份 - 宣教的亮點",
		"id": 6115000001,
		"albumId": 6115,
		"albumtitle": "【節目精選CD】2013年10月份 - 宣教的亮點(1)"
	},
	{
		"path": "http://media.feearadio.net/downloads/others/CD/2013/10/02.mp3",
		"title": "2.行仁的能人-富能仁 上",
		"duration": 550,
		"size": "4M",
		"albumName": "【節目精選CD】2013年10月份 - 宣教的亮點",
		"id": 6115000002,
		"albumId": 6115,
		"albumtitle": "【節目精選CD】2013年10月份 - 宣教的亮點(2)"
	},
	{
		"path": "http://media.feearadio.net/downloads/others/CD/2013/10/03.mp3",
		"title": "3.走出去",
		"duration": 550,
		"size": "4M",
		"albumName": "【節目精選CD】2013年10月份 - 宣教的亮點",
		"id": 6115000003,
		"albumId": 6115,
		"albumtitle": "【節目精選CD】2013年10月份 - 宣教的亮點(3)"
	},
	{
		"path": "http://media.feearadio.net/downloads/others/CD/2013/10/04.mp3",
		"title": "4.行仁的能人-富能仁 中",
		"duration": 550,
		"size": "4M",
		"albumName": "【節目精選CD】2013年10月份 - 宣教的亮點",
		"id": 6115000004,
		"albumId": 6115,
		"albumtitle": "【節目精選CD】2013年10月份 - 宣教的亮點(4)"
	},
	{
		"path": "http://media.feearadio.net/downloads/others/CD/2013/10/05.mp3",
		"title": "5.主的恩召",
		"duration": 550,
		"size": "4M",
		"albumName": "【節目精選CD】2013年10月份 - 宣教的亮點",
		"id": 6115000005,
		"albumId": 6115,
		"albumtitle": "【節目精選CD】2013年10月份 - 宣教的亮點(5)"
	},
	{
		"path": "http://media.feearadio.net/downloads/others/CD/2013/10/06.mp3",
		"title": "6.行仁的能人-富能仁 下",
		"duration": 550,
		"size": "4M",
		"albumName": "【節目精選CD】2013年10月份 - 宣教的亮點",
		"id": 6115000006,
		"albumId": 6115,
		"albumtitle": "【節目精選CD】2013年10月份 - 宣教的亮點(6)"
	},
	{
		"path": "http://media.feearadio.net/downloads/others/CD/2013/10/07.mp3",
		"title": "7.歡呼收割",
		"duration": 550,
		"size": "4M",
		"albumName": "【節目精選CD】2013年10月份 - 宣教的亮點",
		"id": 6115000007,
		"albumId": 6115,
		"albumtitle": "【節目精選CD】2013年10月份 - 宣教的亮點(7)"
	}
]