[
	{
		"path": "http://media.feearadio.net/downloads/others/CD/2010/09/01.mp3",
		"title": "1.以愛為翅膀",
		"duration": 550,
		"size": "4M",
		"albumName": "【節目精選CD】2010年9月份 - 愛與寬恕。同行在愛中",
		"id": 6078000001,
		"albumId": 6078,
		"albumtitle": "【節目精選CD】2010年9月份 - 愛與寬恕。同行在愛中(1)"
	},
	{
		"path": "http://media.feearadio.net/downloads/others/CD/2010/09/02.mp3",
		"title": "2.愛與寬恕-1",
		"duration": 550,
		"size": "4M",
		"albumName": "【節目精選CD】2010年9月份 - 愛與寬恕。同行在愛中",
		"id": 6078000002,
		"albumId": 6078,
		"albumtitle": "【節目精選CD】2010年9月份 - 愛與寬恕。同行在愛中(2)"
	},
	{
		"path": "http://media.feearadio.net/downloads/others/CD/2010/09/03.mp3",
		"title": "3.昨日的我",
		"duration": 550,
		"size": "4M",
		"albumName": "【節目精選CD】2010年9月份 - 愛與寬恕。同行在愛中",
		"id": 6078000003,
		"albumId": 6078,
		"albumtitle": "【節目精選CD】2010年9月份 - 愛與寬恕。同行在愛中(3)"
	},
	{
		"path": "http://media.feearadio.net/downloads/others/CD/2010/09/04.mp3",
		"title": "4.愛與寬恕-2",
		"duration": 550,
		"size": "4M",
		"albumName": "【節目精選CD】2010年9月份 - 愛與寬恕。同行在愛中",
		"id": 6078000004,
		"albumId": 6078,
		"albumtitle": "【節目精選CD】2010年9月份 - 愛與寬恕。同行在愛中(4)"
	},
	{
		"path": "http://media.feearadio.net/downloads/others/CD/2010/09/05.mp3",
		"title": "5.寬恕",
		"duration": 550,
		"size": "4M",
		"albumName": "【節目精選CD】2010年9月份 - 愛與寬恕。同行在愛中",
		"id": 6078000005,
		"albumId": 6078,
		"albumtitle": "【節目精選CD】2010年9月份 - 愛與寬恕。同行在愛中(5)"
	},
	{
		"path": "http://media.feearadio.net/downloads/others/CD/2010/09/06.mp3",
		"title": "6.愛與寬恕-3",
		"duration": 550,
		"size": "4M",
		"albumName": "【節目精選CD】2010年9月份 - 愛與寬恕。同行在愛中",
		"id": 6078000006,
		"albumId": 6078,
		"albumtitle": "【節目精選CD】2010年9月份 - 愛與寬恕。同行在愛中(6)"
	},
	{
		"path": "http://media.feearadio.net/downloads/others/CD/2010/09/07.mp3",
		"title": "7.聖法蘭西斯的禱告",
		"duration": 550,
		"size": "4M",
		"albumName": "【節目精選CD】2010年9月份 - 愛與寬恕。同行在愛中",
		"id": 6078000007,
		"albumId": 6078,
		"albumtitle": "【節目精選CD】2010年9月份 - 愛與寬恕。同行在愛中(7)"
	},
	{
		"path": "http://media.feearadio.net/downloads/others/CD/2010/09/08.mp3",
		"title": "8.愛與寬恕-4",
		"duration": 550,
		"size": "4M",
		"albumName": "【節目精選CD】2010年9月份 - 愛與寬恕。同行在愛中",
		"id": 6078000008,
		"albumId": 6078,
		"albumtitle": "【節目精選CD】2010年9月份 - 愛與寬恕。同行在愛中(8)"
	},
	{
		"path": "http://media.feearadio.net/downloads/others/CD/2010/09/09.mp3",
		"title": "9.最痛的時候",
		"duration": 550,
		"size": "4M",
		"albumName": "【節目精選CD】2010年9月份 - 愛與寬恕。同行在愛中",
		"id": 6078000009,
		"albumId": 6078,
		"albumtitle": "【節目精選CD】2010年9月份 - 愛與寬恕。同行在愛中(9)"
	}
]