[
  {
    "path": "http://media.feearadio.net/downloads/others/Febc/Man&women/01.mp3",
    "title": "第一集：基督教信仰對婚姻的重要性",
    "duration": 1100,
    "size": "7.7M",
    "albumName": "兩性之間",
    "id": 6047000001,
    "albumId": 6047,
    "albumtitle": "兩性之間(1)"
  },
  {
    "path": "http://media.feearadio.net/downloads/others/Febc/Man&women/02.mp3",
    "title": "第二集：男女如何正常交往",
    "duration": 1100,
    "size": "7.7M",
    "albumName": "兩性之間",
    "id": 6047000002,
    "albumId": 6047,
    "albumtitle": "兩性之間(2)"
  },
  {
    "path": "http://media.feearadio.net/downloads/others/Febc/Man&women/03.mp3",
    "title": "第三集：婚前預防工作--腳踏多條船的預防",
    "duration": 1100,
    "size": "7.7M",
    "albumName": "兩性之間",
    "id": 6047000003,
    "albumId": 6047,
    "albumtitle": "兩性之間(3)"
  },
  {
    "path": "http://media.feearadio.net/downloads/others/Febc/Man&women/04.mp3",
    "title": "第四集：夫妻定位--傳統觀念的迷思突破",
    "duration": 1100,
    "size": "7.7M",
    "albumName": "兩性之間",
    "id": 6047000004,
    "albumId": 6047,
    "albumtitle": "兩性之間(4)"
  },
  {
    "path": "http://media.feearadio.net/downloads/others/Febc/Man&women/05.mp3",
    "title": "第五集：婚姻暴力(一)--成因",
    "duration": 1100,
    "size": "7.7M",
    "albumName": "兩性之間",
    "id": 6047000005,
    "albumId": 6047,
    "albumtitle": "兩性之間(5)"
  },
  {
    "path": "http://media.feearadio.net/downloads/others/Febc/Man&women/06.mp3",
    "title": "第六集：婚姻暴力(二)--輔導原則",
    "duration": 1100,
    "size": "7.7M",
    "albumName": "兩性之間",
    "id": 6047000006,
    "albumId": 6047,
    "albumtitle": "兩性之間(6)"
  },
  {
    "path": "http://media.feearadio.net/downloads/others/Febc/Man&women/07.mp3",
    "title": "第七集：婚姻暴力(三)--如何控制情緒",
    "duration": 1100,
    "size": "7.7M",
    "albumName": "兩性之間",
    "id": 6047000007,
    "albumId": 6047,
    "albumtitle": "兩性之間(7)"
  },
  {
    "path": "http://media.feearadio.net/downloads/others/Febc/Man&women/08.mp3",
    "title": "第八集：婚姻暴力(四)--個案處理",
    "duration": 1100,
    "size": "7.7M",
    "albumName": "兩性之間",
    "id": 6047000008,
    "albumId": 6047,
    "albumtitle": "兩性之間(8)"
  },
  {
    "path": "http://media.feearadio.net/downloads/others/Febc/Man&women/09.mp3",
    "title": "第九集：威而剛的使用須知及影響",
    "duration": 1100,
    "size": "7.7M",
    "albumName": "兩性之間",
    "id": 6047000009,
    "albumId": 6047,
    "albumtitle": "兩性之間(9)"
  }
]