[
	{
		"path": "http://media.feearadio.net/downloads/others/CD/2011/10/01.mp3",
		"title": "1.歡樂卡恰碰",
		"duration": 550,
		"size": "4M",
		"albumName": "【節目精選CD】2011年10月份 - 有意義的節慶。活出意義",
		"id": 6091000001,
		"albumId": 6091,
		"albumtitle": "【節目精選CD】2011年10月份 - 有意義的節慶。活出意義(1)"
	},
	{
		"path": "http://media.feearadio.net/downloads/others/CD/2011/10/02.mp3",
		"title": "2.基督精兵",
		"duration": 550,
		"size": "4M",
		"albumName": "【節目精選CD】2011年10月份 - 有意義的節慶。活出意義",
		"id": 6091000002,
		"albumId": 6091,
		"albumtitle": "【節目精選CD】2011年10月份 - 有意義的節慶。活出意義(2)"
	},
	{
		"path": "http://media.feearadio.net/downloads/others/CD/2011/10/03.mp3",
		"title": "3.舊約-基甸",
		"duration": 550,
		"size": "4M",
		"albumName": "【節目精選CD】2011年10月份 - 有意義的節慶。活出意義",
		"id": 6091000003,
		"albumId": 6091,
		"albumtitle": "【節目精選CD】2011年10月份 - 有意義的節慶。活出意義(3)"
	},
	{
		"path": "http://media.feearadio.net/downloads/others/CD/2011/10/04.mp3",
		"title": "4.大能的勇士",
		"duration": 550,
		"size": "4M",
		"albumName": "【節目精選CD】2011年10月份 - 有意義的節慶。活出意義",
		"id": 6091000004,
		"albumId": 6091,
		"albumtitle": "【節目精選CD】2011年10月份 - 有意義的節慶。活出意義(4)"
	},
	{
		"path": "http://media.feearadio.net/downloads/others/CD/2011/10/05.mp3",
		"title": "5.舊約-巴蘭",
		"duration": 550,
		"size": "4M",
		"albumName": "【節目精選CD】2011年10月份 - 有意義的節慶。活出意義",
		"id": 6091000005,
		"albumId": 6091,
		"albumtitle": "【節目精選CD】2011年10月份 - 有意義的節慶。活出意義(5)"
	},
	{
		"path": "http://media.feearadio.net/downloads/others/CD/2011/10/06.mp3",
		"title": "6.主祢更可貴",
		"duration": 550,
		"size": "4M",
		"albumName": "【節目精選CD】2011年10月份 - 有意義的節慶。活出意義",
		"id": 6091000006,
		"albumId": 6091,
		"albumtitle": "【節目精選CD】2011年10月份 - 有意義的節慶。活出意義(6)"
	},
	{
		"path": "http://media.feearadio.net/downloads/others/CD/2011/10/07.mp3",
		"title": "7.米奇-神給人自由意志",
		"duration": 550,
		"size": "4M",
		"albumName": "【節目精選CD】2011年10月份 - 有意義的節慶。活出意義",
		"id": 6091000007,
		"albumId": 6091,
		"albumtitle": "【節目精選CD】2011年10月份 - 有意義的節慶。活出意義(7)"
	},
	{
		"path": "http://media.feearadio.net/downloads/others/CD/2011/10/08.mp3",
		"title": "8.在你心外",
		"duration": 550,
		"size": "4M",
		"albumName": "【節目精選CD】2011年10月份 - 有意義的節慶。活出意義",
		"id": 6091000008,
		"albumId": 6091,
		"albumtitle": "【節目精選CD】2011年10月份 - 有意義的節慶。活出意義(8)"
	},
	{
		"path": "http://media.feearadio.net/downloads/others/CD/2011/10/09.mp3",
		"title": "9.成語-打草驚蛇",
		"duration": 550,
		"size": "4M",
		"albumName": "【節目精選CD】2011年10月份 - 有意義的節慶。活出意義",
		"id": 6091000009,
		"albumId": 6091,
		"albumtitle": "【節目精選CD】2011年10月份 - 有意義的節慶。活出意義(9)"
	},
	{
		"path": "http://media.feearadio.net/downloads/others/CD/2011/10/10.mp3",
		"title": "10.諺語-眼不見為淨",
		"duration": 550,
		"size": "4M",
		"albumName": "【節目精選CD】2011年10月份 - 有意義的節慶。活出意義",
		"id": 6091000010,
		"albumId": 6091,
		"albumtitle": "【節目精選CD】2011年10月份 - 有意義的節慶。活出意義(10)"
	},
	{
		"path": "http://media.feearadio.net/downloads/others/CD/2011/10/11.mp3",
		"title": "11.心中兩個王",
		"duration": 550,
		"size": "4M",
		"albumName": "【節目精選CD】2011年10月份 - 有意義的節慶。活出意義",
		"id": 6091000011,
		"albumId": 6091,
		"albumtitle": "【節目精選CD】2011年10月份 - 有意義的節慶。活出意義(11)"
	},
	{
		"path": "http://media.feearadio.net/downloads/others/CD/2011/10/12.mp3",
		"title": "12.為什麼好人還不能上天堂",
		"duration": 550,
		"size": "4M",
		"albumName": "【節目精選CD】2011年10月份 - 有意義的節慶。活出意義",
		"id": 6091000012,
		"albumId": 6091,
		"albumtitle": "【節目精選CD】2011年10月份 - 有意義的節慶。活出意義(12)"
	},
	{
		"path": "http://media.feearadio.net/downloads/others/CD/2011/10/13.mp3",
		"title": "13.為什麼牧師禱告都這麼長",
		"duration": 550,
		"size": "4M",
		"albumName": "【節目精選CD】2011年10月份 - 有意義的節慶。活出意義",
		"id": 6091000013,
		"albumId": 6091,
		"albumtitle": "【節目精選CD】2011年10月份 - 有意義的節慶。活出意義(13)"
	},
	{
		"path": "http://media.feearadio.net/downloads/others/CD/2011/10/14.mp3",
		"title": "14.我要唱我主耶穌的大愛",
		"duration": 550,
		"size": "4M",
		"albumName": "【節目精選CD】2011年10月份 - 有意義的節慶。活出意義",
		"id": 6091000014,
		"albumId": 6091,
		"albumtitle": "【節目精選CD】2011年10月份 - 有意義的節慶。活出意義(14)"
	}
]