[
	{
		"path": "http://media.feearadio.net/downloads/others/Febc/unique/96.mp3",
		"title": "096 喜樂的秘訣是看自己「有的」勝過看自己「沒有的」",
		"duration": 300,
		"size": "2.5M",
		"albumName": "絕妙啟示錄-張得仁-合集二",
		"id": 6294000001,
		"albumId": 6294,
		"albumtitle": "絕妙啟示錄-張得仁-合集二(1)"
	},
	{
		"path": "http://media.feearadio.net/downloads/others/Febc/unique/97.mp3",
		"title": "097 善事不怕做得多，只怕做得慢",
		"duration": 300,
		"size": "2.5M",
		"albumName": "絕妙啟示錄-張得仁-合集二",
		"id": 6294000002,
		"albumId": 6294,
		"albumtitle": "絕妙啟示錄-張得仁-合集二(2)"
	},
	{
		"path": "http://media.feearadio.net/downloads/others/Febc/unique/98.mp3",
		"title": "098 對於別人對自己要不拘小節；對於自己對別人要留意細節",
		"duration": 300,
		"size": "2.5M",
		"albumName": "絕妙啟示錄-張得仁-合集二",
		"id": 6294000003,
		"albumId": 6294,
		"albumtitle": "絕妙啟示錄-張得仁-合集二(3)"
	},
	{
		"path": "http://media.feearadio.net/downloads/others/Febc/unique/99.mp3",
		"title": "099 珍惜別人的提醒是成功者必要的覺醒",
		"duration": 300,
		"size": "2.5M",
		"albumName": "絕妙啟示錄-張得仁-合集二",
		"id": 6294000004,
		"albumId": 6294,
		"albumtitle": "絕妙啟示錄-張得仁-合集二(4)"
	},
	{
		"path": "http://media.feearadio.net/downloads/others/Febc/unique/100.mp3",
		"title": "100 最大的影響力，它的名字叫饒恕",
		"duration": 300,
		"size": "2.5M",
		"albumName": "絕妙啟示錄-張得仁-合集二",
		"id": 6294000005,
		"albumId": 6294,
		"albumtitle": "絕妙啟示錄-張得仁-合集二(5)"
	},
	{
		"path": "http://media.feearadio.net/downloads/others/Febc/unique/101.mp3",
		"title": "101 謙卑使得位高權重者讓人尊重",
		"duration": 300,
		"size": "2.5M",
		"albumName": "絕妙啟示錄-張得仁-合集二",
		"id": 6294000006,
		"albumId": 6294,
		"albumtitle": "絕妙啟示錄-張得仁-合集二(6)"
	},
	{
		"path": "http://media.feearadio.net/downloads/others/Febc/unique/102.mp3",
		"title": "102 責備別人前，先看看自己",
		"duration": 300,
		"size": "2.5M",
		"albumName": "絕妙啟示錄-張得仁-合集二",
		"id": 6294000007,
		"albumId": 6294,
		"albumtitle": "絕妙啟示錄-張得仁-合集二(7)"
	},
	{
		"path": "http://media.feearadio.net/downloads/others/Febc/unique/103.mp3",
		"title": "103 人生要有目標，才會有快樂",
		"duration": 300,
		"size": "2.5M",
		"albumName": "絕妙啟示錄-張得仁-合集二",
		"id": 6294000008,
		"albumId": 6294,
		"albumtitle": "絕妙啟示錄-張得仁-合集二(8)"
	},
	{
		"path": "http://media.feearadio.net/downloads/others/Febc/unique/104.mp3",
		"title": "104 對不熟悉的部份保持沉默，人生才會多有收穫",
		"duration": 300,
		"size": "2.5M",
		"albumName": "絕妙啟示錄-張得仁-合集二",
		"id": 6294000009,
		"albumId": 6294,
		"albumtitle": "絕妙啟示錄-張得仁-合集二(9)"
	},
	{
		"path": "http://media.feearadio.net/downloads/others/Febc/unique/105.mp3",
		"title": "105 現在的「亳無意義」將來可能會為你效力",
		"duration": 300,
		"size": "2.5M",
		"albumName": "絕妙啟示錄-張得仁-合集二",
		"id": 6294000010,
		"albumId": 6294,
		"albumtitle": "絕妙啟示錄-張得仁-合集二(10)"
	},
	{
		"path": "http://media.feearadio.net/downloads/others/Febc/unique/106.mp3",
		"title": "106 大目標的成功是有許多成功的小目標所累積成的",
		"duration": 300,
		"size": "2.5M",
		"albumName": "絕妙啟示錄-張得仁-合集二",
		"id": 6294000011,
		"albumId": 6294,
		"albumtitle": "絕妙啟示錄-張得仁-合集二(11)"
	},
	{
		"path": "http://media.feearadio.net/downloads/others/Febc/unique/107.mp3",
		"title": "107 你的人生帶子是「黑帶」嗎",
		"duration": 300,
		"size": "2.5M",
		"albumName": "絕妙啟示錄-張得仁-合集二",
		"id": 6294000012,
		"albumId": 6294,
		"albumtitle": "絕妙啟示錄-張得仁-合集二(12)"
	},
	{
		"path": "http://media.feearadio.net/downloads/others/Febc/unique/108.mp3",
		"title": "108 血染的和平",
		"duration": 300,
		"size": "2.5M",
		"albumName": "絕妙啟示錄-張得仁-合集二",
		"id": 6294000013,
		"albumId": 6294,
		"albumtitle": "絕妙啟示錄-張得仁-合集二(13)"
	},
	{
		"path": "http://media.feearadio.net/downloads/others/Febc/unique/109.mp3",
		"title": "109 幸福常在轉念間",
		"duration": 300,
		"size": "2.5M",
		"albumName": "絕妙啟示錄-張得仁-合集二",
		"id": 6294000014,
		"albumId": 6294,
		"albumtitle": "絕妙啟示錄-張得仁-合集二(14)"
	},
	{
		"path": "http://media.feearadio.net/downloads/others/Febc/unique/110.mp3",
		"title": "110 哲學家的最後一課",
		"duration": 300,
		"size": "2.5M",
		"albumName": "絕妙啟示錄-張得仁-合集二",
		"id": 6294000015,
		"albumId": 6294,
		"albumtitle": "絕妙啟示錄-張得仁-合集二(15)"
	},
	{
		"path": "http://media.feearadio.net/downloads/others/Febc/unique/111.mp3",
		"title": "111 學習拼命再來拼命學習",
		"duration": 300,
		"size": "2.5M",
		"albumName": "絕妙啟示錄-張得仁-合集二",
		"id": 6294000016,
		"albumId": 6294,
		"albumtitle": "絕妙啟示錄-張得仁-合集二(16)"
	},
	{
		"path": "http://media.feearadio.net/downloads/others/Febc/unique/112.mp3",
		"title": "112 從低處開始才不會在高處摔死",
		"duration": 300,
		"size": "2.5M",
		"albumName": "絕妙啟示錄-張得仁-合集二",
		"id": 6294000017,
		"albumId": 6294,
		"albumtitle": "絕妙啟示錄-張得仁-合集二(17)"
	},
	{
		"path": "http://media.feearadio.net/downloads/others/Febc/unique/113.mp3",
		"title": "113 調好最佳狀態卓越才會指日可待",
		"duration": 300,
		"size": "2.5M",
		"albumName": "絕妙啟示錄-張得仁-合集二",
		"id": 6294000018,
		"albumId": 6294,
		"albumtitle": "絕妙啟示錄-張得仁-合集二(18)"
	},
	{
		"path": "http://media.feearadio.net/downloads/others/Febc/unique/114.mp3",
		"title": "114 別人的議論只是參考而不是必考",
		"duration": 300,
		"size": "2.5M",
		"albumName": "絕妙啟示錄-張得仁-合集二",
		"id": 6294000019,
		"albumId": 6294,
		"albumtitle": "絕妙啟示錄-張得仁-合集二(19)"
	},
	{
		"path": "http://media.feearadio.net/downloads/others/Febc/unique/115.mp3",
		"title": "115 用負面來保護自己終將因負面而傷害自己",
		"duration": 300,
		"size": "2.5M",
		"albumName": "絕妙啟示錄-張得仁-合集二",
		"id": 6294000020,
		"albumId": 6294,
		"albumtitle": "絕妙啟示錄-張得仁-合集二(20)"
	},
	{
		"path": "http://media.feearadio.net/downloads/others/Febc/unique/116.mp3",
		"title": "116 知識要加上創意",
		"duration": 300,
		"size": "2.5M",
		"albumName": "絕妙啟示錄-張得仁-合集二",
		"id": 6294000021,
		"albumId": 6294,
		"albumtitle": "絕妙啟示錄-張得仁-合集二(21)"
	},
	{
		"path": "http://media.feearadio.net/downloads/others/Febc/unique/117.mp3",
		"title": "117 聖誕禮物",
		"duration": 300,
		"size": "2.5M",
		"albumName": "絕妙啟示錄-張得仁-合集二",
		"id": 6294000022,
		"albumId": 6294,
		"albumtitle": "絕妙啟示錄-張得仁-合集二(22)"
	},
	{
		"path": "http://media.feearadio.net/downloads/others/Febc/unique/118.mp3",
		"title": "118 生氣是自討苦吃，消氣是重視生活品質",
		"duration": 300,
		"size": "2.5M",
		"albumName": "絕妙啟示錄-張得仁-合集二",
		"id": 6294000023,
		"albumId": 6294,
		"albumtitle": "絕妙啟示錄-張得仁-合集二(23)"
	},
	{
		"path": "http://media.feearadio.net/downloads/others/Febc/unique/119.mp3",
		"title": "119 不要讓壞人得逞，唯有先讓自己站起得勝",
		"duration": 300,
		"size": "2.5M",
		"albumName": "絕妙啟示錄-張得仁-合集二",
		"id": 6294000024,
		"albumId": 6294,
		"albumtitle": "絕妙啟示錄-張得仁-合集二(24)"
	},
	{
		"path": "http://media.feearadio.net/downloads/others/Febc/unique/120.mp3",
		"title": "120 好的決定來自於壞的決定",
		"duration": 300,
		"size": "2.5M",
		"albumName": "絕妙啟示錄-張得仁-合集二",
		"id": 6294000025,
		"albumId": 6294,
		"albumtitle": "絕妙啟示錄-張得仁-合集二(25)"
	},
	{
		"path": "http://media.feearadio.net/downloads/others/Febc/unique/121.mp3",
		"title": "121 懂得數算自己的日子，才會得著智慧的心",
		"duration": 300,
		"size": "2.5M",
		"albumName": "絕妙啟示錄-張得仁-合集二",
		"id": 6294000026,
		"albumId": 6294,
		"albumtitle": "絕妙啟示錄-張得仁-合集二(26)"
	},
	{
		"path": "http://media.feearadio.net/downloads/others/Febc/unique/122.mp3",
		"title": "122 美好的期望要有美好的表達方法",
		"duration": 300,
		"size": "2.5M",
		"albumName": "絕妙啟示錄-張得仁-合集二",
		"id": 6294000027,
		"albumId": 6294,
		"albumtitle": "絕妙啟示錄-張得仁-合集二(27)"
	},
	{
		"path": "http://media.feearadio.net/downloads/others/Febc/unique/123.mp3",
		"title": "123 有時鑽牛角尖不如想像力優先",
		"duration": 300,
		"size": "2.5M",
		"albumName": "絕妙啟示錄-張得仁-合集二",
		"id": 6294000028,
		"albumId": 6294,
		"albumtitle": "絕妙啟示錄-張得仁-合集二(28)"
	},
	{
		"path": "http://media.feearadio.net/downloads/others/Febc/unique/124.mp3",
		"title": "124 生死一瞬間，好的反應力才能動燭機先",
		"duration": 300,
		"size": "2.5M",
		"albumName": "絕妙啟示錄-張得仁-合集二",
		"id": 6294000029,
		"albumId": 6294,
		"albumtitle": "絕妙啟示錄-張得仁-合集二(29)"
	},
	{
		"path": "http://media.feearadio.net/downloads/others/Febc/unique/125.mp3",
		"title": "125 人生如逆水行舟，不進則退",
		"duration": 300,
		"size": "2.5M",
		"albumName": "絕妙啟示錄-張得仁-合集二",
		"id": 6294000030,
		"albumId": 6294,
		"albumtitle": "絕妙啟示錄-張得仁-合集二(30)"
	},
	{
		"path": "http://media.feearadio.net/downloads/others/Febc/unique/126.mp3",
		"title": "126 自我的價值不因別人的對待而貶值，而是會因自己不放棄而加值",
		"duration": 300,
		"size": "2.5M",
		"albumName": "絕妙啟示錄-張得仁-合集二",
		"id": 6294000031,
		"albumId": 6294,
		"albumtitle": "絕妙啟示錄-張得仁-合集二(31)"
	},
	{
		"path": "http://media.feearadio.net/downloads/others/Febc/unique/127.mp3",
		"title": "127 成功的人常從外太空看自己的成就",
		"duration": 300,
		"size": "2.5M",
		"albumName": "絕妙啟示錄-張得仁-合集二",
		"id": 6294000032,
		"albumId": 6294,
		"albumtitle": "絕妙啟示錄-張得仁-合集二(32)"
	},
	{
		"path": "http://media.feearadio.net/downloads/others/Febc/unique/128.mp3",
		"title": "128 人的腿該有多長？夠長就好！",
		"duration": 300,
		"size": "2.5M",
		"albumName": "絕妙啟示錄-張得仁-合集二",
		"id": 6294000033,
		"albumId": 6294,
		"albumtitle": "絕妙啟示錄-張得仁-合集二(33)"
	},
	{
		"path": "http://media.feearadio.net/downloads/others/Febc/unique/129.mp3",
		"title": "129 一般的鼓掌來自於對勝利的努力，但最大的鼓掌來自於對愛的鼓勵！",
		"duration": 300,
		"size": "2.5M",
		"albumName": "絕妙啟示錄-張得仁-合集二",
		"id": 6294000034,
		"albumId": 6294,
		"albumtitle": "絕妙啟示錄-張得仁-合集二(34)"
	},
	{
		"path": "http://media.feearadio.net/downloads/others/Febc/unique/130.mp3",
		"title": "130 正確的方法是成功的一半",
		"duration": 300,
		"size": "2.5M",
		"albumName": "絕妙啟示錄-張得仁-合集二",
		"id": 6294000035,
		"albumId": 6294,
		"albumtitle": "絕妙啟示錄-張得仁-合集二(35)"
	},
	{
		"path": "http://media.feearadio.net/downloads/others/Febc/unique/131.mp3",
		"title": "131 態度是讓悲劇變成喜劇的鑰匙",
		"duration": 300,
		"size": "2.5M",
		"albumName": "絕妙啟示錄-張得仁-合集二",
		"id": 6294000036,
		"albumId": 6294,
		"albumtitle": "絕妙啟示錄-張得仁-合集二(36)"
	},
	{
		"path": "http://media.feearadio.net/downloads/others/Febc/unique/132.mp3",
		"title": "132 神的話讓失望變成希望",
		"duration": 300,
		"size": "2.5M",
		"albumName": "絕妙啟示錄-張得仁-合集二",
		"id": 6294000037,
		"albumId": 6294,
		"albumtitle": "絕妙啟示錄-張得仁-合集二(37)"
	},
	{
		"path": "http://media.feearadio.net/downloads/others/Febc/unique/133.mp3",
		"title": "133 要做個好畫家，先要做個好人",
		"duration": 300,
		"size": "2.5M",
		"albumName": "絕妙啟示錄-張得仁-合集二",
		"id": 6294000038,
		"albumId": 6294,
		"albumtitle": "絕妙啟示錄-張得仁-合集二(38)"
	},
	{
		"path": "http://media.feearadio.net/downloads/others/Febc/unique/134.mp3",
		"title": "134 觀念對了，坐著也能改變了世界─羅莎‧派克斯",
		"duration": 300,
		"size": "2.5M",
		"albumName": "絕妙啟示錄-張得仁-合集二",
		"id": 6294000039,
		"albumId": 6294,
		"albumtitle": "絕妙啟示錄-張得仁-合集二(39)"
	},
	{
		"path": "http://media.feearadio.net/downloads/others/Febc/unique/135.mp3",
		"title": "135 當愛經過考驗，真摯的感動才會出現",
		"duration": 300,
		"size": "2.5M",
		"albumName": "絕妙啟示錄-張得仁-合集二",
		"id": 6294000040,
		"albumId": 6294,
		"albumtitle": "絕妙啟示錄-張得仁-合集二(40)"
	},
	{
		"path": "http://media.feearadio.net/downloads/others/Febc/unique/136.mp3",
		"title": "136 生命的敵人也可以成為你的貴人",
		"duration": 300,
		"size": "2.5M",
		"albumName": "絕妙啟示錄-張得仁-合集二",
		"id": 6294000041,
		"albumId": 6294,
		"albumtitle": "絕妙啟示錄-張得仁-合集二(41)"
	},
	{
		"path": "http://media.feearadio.net/downloads/others/Febc/unique/137.mp3",
		"title": "137 卓越的人生常識就是要去嘗試",
		"duration": 300,
		"size": "2.5M",
		"albumName": "絕妙啟示錄-張得仁-合集二",
		"id": 6294000042,
		"albumId": 6294,
		"albumtitle": "絕妙啟示錄-張得仁-合集二(42)"
	},
	{
		"path": "http://media.feearadio.net/downloads/others/Febc/unique/138.mp3",
		"title": "138 恍然大悟有時不是真正的領悟",
		"duration": 300,
		"size": "2.5M",
		"albumName": "絕妙啟示錄-張得仁-合集二",
		"id": 6294000043,
		"albumId": 6294,
		"albumtitle": "絕妙啟示錄-張得仁-合集二(43)"
	},
	{
		"path": "http://media.feearadio.net/downloads/others/Febc/unique/139.mp3",
		"title": "139 真正的價值來自於裡面",
		"duration": 300,
		"size": "2.5M",
		"albumName": "絕妙啟示錄-張得仁-合集二",
		"id": 6294000044,
		"albumId": 6294,
		"albumtitle": "絕妙啟示錄-張得仁-合集二(44)"
	},
	{
		"path": "http://media.feearadio.net/downloads/others/Febc/unique/140.mp3",
		"title": "140 計畫教訓",
		"duration": 300,
		"size": "2.5M",
		"albumName": "絕妙啟示錄-張得仁-合集二",
		"id": 6294000045,
		"albumId": 6294,
		"albumtitle": "絕妙啟示錄-張得仁-合集二(45)"
	},
	{
		"path": "http://media.feearadio.net/downloads/others/Febc/unique/141.mp3",
		"title": "141 神所看重的事",
		"duration": 300,
		"size": "2.5M",
		"albumName": "絕妙啟示錄-張得仁-合集二",
		"id": 6294000046,
		"albumId": 6294,
		"albumtitle": "絕妙啟示錄-張得仁-合集二(46)"
	},
	{
		"path": "http://media.feearadio.net/downloads/others/Febc/unique/142.mp3",
		"title": "142 打破玉瓶的服事",
		"duration": 300,
		"size": "2.5M",
		"albumName": "絕妙啟示錄-張得仁-合集二",
		"id": 6294000047,
		"albumId": 6294,
		"albumtitle": "絕妙啟示錄-張得仁-合集二(47)"
	},
	{
		"path": "http://media.feearadio.net/downloads/others/Febc/unique/143.mp3",
		"title": "143 幫別人洗腳",
		"duration": 300,
		"size": "2.5M",
		"albumName": "絕妙啟示錄-張得仁-合集二",
		"id": 6294000048,
		"albumId": 6294,
		"albumtitle": "絕妙啟示錄-張得仁-合集二(48)"
	},
	{
		"path": "http://media.feearadio.net/downloads/others/Febc/unique/144.mp3",
		"title": "144 憐恤的人有福了",
		"duration": 300,
		"size": "2.5M",
		"albumName": "絕妙啟示錄-張得仁-合集二",
		"id": 6294000049,
		"albumId": 6294,
		"albumtitle": "絕妙啟示錄-張得仁-合集二(49)"
	},
	{
		"path": "http://media.feearadio.net/downloads/others/Febc/unique/145.mp3",
		"title": "145 耶穌復活的好消息",
		"duration": 300,
		"size": "2.5M",
		"albumName": "絕妙啟示錄-張得仁-合集二",
		"id": 6294000050,
		"albumId": 6294,
		"albumtitle": "絕妙啟示錄-張得仁-合集二(50)"
	},
	{
		"path": "http://media.feearadio.net/downloads/others/Febc/unique/146.mp3",
		"title": "146 好好把握人生所選擇的，就是人生最好的選擇！",
		"duration": 300,
		"size": "2.5M",
		"albumName": "絕妙啟示錄-張得仁-合集二",
		"id": 6294000051,
		"albumId": 6294,
		"albumtitle": "絕妙啟示錄-張得仁-合集二(51)"
	},
	{
		"path": "http://media.feearadio.net/downloads/others/Febc/unique/147.mp3",
		"title": "147 不被困境羈絆，別人才會刮目相看！",
		"duration": 300,
		"size": "2.5M",
		"albumName": "絕妙啟示錄-張得仁-合集二",
		"id": 6294000052,
		"albumId": 6294,
		"albumtitle": "絕妙啟示錄-張得仁-合集二(52)"
	},
	{
		"path": "http://media.feearadio.net/downloads/others/Febc/unique/148.mp3",
		"title": "148 循循善誘勝過老生常談",
		"duration": 300,
		"size": "2.5M",
		"albumName": "絕妙啟示錄-張得仁-合集二",
		"id": 6294000053,
		"albumId": 6294,
		"albumtitle": "絕妙啟示錄-張得仁-合集二(53)"
	},
	{
		"path": "http://media.feearadio.net/downloads/others/Febc/unique/149.mp3",
		"title": "149 責任可以讓我們將事做完整，愛可以讓我們將事情做好",
		"duration": 300,
		"size": "2.5M",
		"albumName": "絕妙啟示錄-張得仁-合集二",
		"id": 6294000054,
		"albumId": 6294,
		"albumtitle": "絕妙啟示錄-張得仁-合集二(54)"
	},
	{
		"path": "http://media.feearadio.net/downloads/others/Febc/unique/150.mp3",
		"title": "150 危機意識是成功人生的常識",
		"duration": 300,
		"size": "2.5M",
		"albumName": "絕妙啟示錄-張得仁-合集二",
		"id": 6294000055,
		"albumId": 6294,
		"albumtitle": "絕妙啟示錄-張得仁-合集二(55)"
	},
	{
		"path": "http://media.feearadio.net/downloads/others/Febc/unique/151.mp3",
		"title": "151 從前的錯誤就是將來的智慧",
		"duration": 300,
		"size": "2.5M",
		"albumName": "絕妙啟示錄-張得仁-合集二",
		"id": 6294000056,
		"albumId": 6294,
		"albumtitle": "絕妙啟示錄-張得仁-合集二(56)"
	},
	{
		"path": "http://media.feearadio.net/downloads/others/Febc/unique/152.mp3",
		"title": "152 感動常常事出自一樣的是不一樣的嘴",
		"duration": 300,
		"size": "2.5M",
		"albumName": "絕妙啟示錄-張得仁-合集二",
		"id": 6294000057,
		"albumId": 6294,
		"albumtitle": "絕妙啟示錄-張得仁-合集二(57)"
	},
	{
		"path": "http://media.feearadio.net/downloads/others/Febc/unique/153.mp3",
		"title": "153 冷漠的結果終將是落寞",
		"duration": 300,
		"size": "2.5M",
		"albumName": "絕妙啟示錄-張得仁-合集二",
		"id": 6294000058,
		"albumId": 6294,
		"albumtitle": "絕妙啟示錄-張得仁-合集二(58)"
	},
	{
		"path": "http://media.feearadio.net/downloads/others/Febc/unique/154.mp3",
		"title": "154 懂得反省的自己人生才會是烏日放晴的人生",
		"duration": 300,
		"size": "2.5M",
		"albumName": "絕妙啟示錄-張得仁-合集二",
		"id": 6294000059,
		"albumId": 6294,
		"albumtitle": "絕妙啟示錄-張得仁-合集二(59)"
	},
	{
		"path": "http://media.feearadio.net/downloads/others/Febc/unique/155.mp3",
		"title": "155 偷偷摸摸的快樂將帶來辜孤單單的痛苦",
		"duration": 300,
		"size": "2.5M",
		"albumName": "絕妙啟示錄-張得仁-合集二",
		"id": 6294000060,
		"albumId": 6294,
		"albumtitle": "絕妙啟示錄-張得仁-合集二(60)"
	},
	{
		"path": "http://media.feearadio.net/downloads/others/Febc/unique/156.mp3",
		"title": "156 分工合作勝過單獨工作",
		"duration": 300,
		"size": "2.5M",
		"albumName": "絕妙啟示錄-張得仁-合集二",
		"id": 6294000061,
		"albumId": 6294,
		"albumtitle": "絕妙啟示錄-張得仁-合集二(61)"
	},
	{
		"path": "http://media.feearadio.net/downloads/others/Febc/unique/157.mp3",
		"title": "157 順其自然有時也能減少遺憾",
		"duration": 300,
		"size": "2.5M",
		"albumName": "絕妙啟示錄-張得仁-合集二",
		"id": 6294000062,
		"albumId": 6294,
		"albumtitle": "絕妙啟示錄-張得仁-合集二(62)"
	},
	{
		"path": "http://media.feearadio.net/downloads/others/Febc/unique/158.mp3",
		"title": "158 生命要常常倒數計時，人生才會活出真正的價值",
		"duration": 300,
		"size": "2.5M",
		"albumName": "絕妙啟示錄-張得仁-合集二",
		"id": 6294000063,
		"albumId": 6294,
		"albumtitle": "絕妙啟示錄-張得仁-合集二(63)"
	},
	{
		"path": "http://media.feearadio.net/downloads/others/Febc/unique/159.mp3",
		"title": "159 人生沒有定見，未來怎會被看見",
		"duration": 300,
		"size": "2.5M",
		"albumName": "絕妙啟示錄-張得仁-合集二",
		"id": 6294000064,
		"albumId": 6294,
		"albumtitle": "絕妙啟示錄-張得仁-合集二(64)"
	},
	{
		"path": "http://media.feearadio.net/downloads/others/Febc/unique/160.mp3",
		"title": "160 一天的憂慮一天當就好了！",
		"duration": 300,
		"size": "2.5M",
		"albumName": "絕妙啟示錄-張得仁-合集二",
		"id": 6294000065,
		"albumId": 6294,
		"albumtitle": "絕妙啟示錄-張得仁-合集二(65)"
	},
	{
		"path": "http://media.feearadio.net/downloads/others/Febc/unique/161.mp3",
		"title": "161 老實其實是一種智慧",
		"duration": 300,
		"size": "2.5M",
		"albumName": "絕妙啟示錄-張得仁-合集二",
		"id": 6294000066,
		"albumId": 6294,
		"albumtitle": "絕妙啟示錄-張得仁-合集二(66)"
	},
	{
		"path": "http://media.feearadio.net/downloads/others/Febc/unique/162.mp3",
		"title": "162 若是能行總要與眾人和睦",
		"duration": 300,
		"size": "2.5M",
		"albumName": "絕妙啟示錄-張得仁-合集二",
		"id": 6294000067,
		"albumId": 6294,
		"albumtitle": "絕妙啟示錄-張得仁-合集二(67)"
	},
	{
		"path": "http://media.feearadio.net/downloads/others/Febc/unique/163.mp3",
		"title": "163 把炭火堆在敵人的頭上",
		"duration": 300,
		"size": "2.5M",
		"albumName": "絕妙啟示錄-張得仁-合集二",
		"id": 6294000068,
		"albumId": 6294,
		"albumtitle": "絕妙啟示錄-張得仁-合集二(68)"
	},
	{
		"path": "http://media.feearadio.net/downloads/others/Febc/unique/164.mp3",
		"title": "164 冷靜永遠是人生智慧的黃金",
		"duration": 300,
		"size": "2.5M",
		"albumName": "絕妙啟示錄-張得仁-合集二",
		"id": 6294000069,
		"albumId": 6294,
		"albumtitle": "絕妙啟示錄-張得仁-合集二(69)"
	},
	{
		"path": "http://media.feearadio.net/downloads/others/Febc/unique/165.mp3",
		"title": "165 真正的愛是心裡有數而不是不知歸向何處",
		"duration": 300,
		"size": "2.5M",
		"albumName": "絕妙啟示錄-張得仁-合集二",
		"id": 6294000070,
		"albumId": 6294,
		"albumtitle": "絕妙啟示錄-張得仁-合集二(70)"
	},
	{
		"path": "http://media.feearadio.net/downloads/others/Febc/unique/166.mp3",
		"title": "166 耐性讓人生可以彈出正確的調性",
		"duration": 300,
		"size": "2.5M",
		"albumName": "絕妙啟示錄-張得仁-合集二",
		"id": 6294000071,
		"albumId": 6294,
		"albumtitle": "絕妙啟示錄-張得仁-合集二(71)"
	},
	{
		"path": "http://media.feearadio.net/downloads/others/Febc/unique/167.mp3",
		"title": "167 你如何看自己，決定別人如何看你",
		"duration": 300,
		"size": "2.5M",
		"albumName": "絕妙啟示錄-張得仁-合集二",
		"id": 6294000072,
		"albumId": 6294,
		"albumtitle": "絕妙啟示錄-張得仁-合集二(72)"
	},
	{
		"path": "http://media.feearadio.net/downloads/others/Febc/unique/168.mp3",
		"title": "168 聰明的人不只照顧對方的需要，更會照顧別人的情緒",
		"duration": 300,
		"size": "2.5M",
		"albumName": "絕妙啟示錄-張得仁-合集二",
		"id": 6294000073,
		"albumId": 6294,
		"albumtitle": "絕妙啟示錄-張得仁-合集二(73)"
	},
	{
		"path": "http://media.feearadio.net/downloads/others/Febc/unique/169.mp3",
		"title": "169 讚美也需「畫龍點睛」",
		"duration": 300,
		"size": "2.5M",
		"albumName": "絕妙啟示錄-張得仁-合集二",
		"id": 6294000074,
		"albumId": 6294,
		"albumtitle": "絕妙啟示錄-張得仁-合集二(74)"
	},
	{
		"path": "http://media.feearadio.net/downloads/others/Febc/unique/170.mp3",
		"title": "170 你的小動作，也可以是人生的大成功",
		"duration": 300,
		"size": "2.5M",
		"albumName": "絕妙啟示錄-張得仁-合集二",
		"id": 6294000075,
		"albumId": 6294,
		"albumtitle": "絕妙啟示錄-張得仁-合集二(75)"
	},
	{
		"path": "http://media.feearadio.net/downloads/others/Febc/unique/171.mp3",
		"title": "171 自以為是，到頭來將什麼都不是",
		"duration": 300,
		"size": "2.5M",
		"albumName": "絕妙啟示錄-張得仁-合集二",
		"id": 6294000076,
		"albumId": 6294,
		"albumtitle": "絕妙啟示錄-張得仁-合集二(76)"
	},
	{
		"path": "http://media.feearadio.net/downloads/others/Febc/unique/172.mp3",
		"title": "172 想一想你現在在做什麼，為何而做？才不會白做！",
		"duration": 300,
		"size": "2.5M",
		"albumName": "絕妙啟示錄-張得仁-合集二",
		"id": 6294000077,
		"albumId": 6294,
		"albumtitle": "絕妙啟示錄-張得仁-合集二(77)"
	},
	{
		"path": "http://media.feearadio.net/downloads/others/Febc/unique/173.mp3",
		"title": "173 輕視是有錢人的毛病；嫉妒是窮人的問題",
		"duration": 300,
		"size": "2.5M",
		"albumName": "絕妙啟示錄-張得仁-合集二",
		"id": 6294000078,
		"albumId": 6294,
		"albumtitle": "絕妙啟示錄-張得仁-合集二(78)"
	},
	{
		"path": "http://media.feearadio.net/downloads/others/Febc/unique/174.mp3",
		"title": "174 給予鼓勵不在乎理解而在乎了解！",
		"duration": 300,
		"size": "2.5M",
		"albumName": "絕妙啟示錄-張得仁-合集二",
		"id": 6294000079,
		"albumId": 6294,
		"albumtitle": "絕妙啟示錄-張得仁-合集二(79)"
	},
	{
		"path": "http://media.feearadio.net/downloads/others/Febc/unique/175.mp3",
		"title": "175 生活趣味的秘訣在於不一樣就是不一樣",
		"duration": 300,
		"size": "2.5M",
		"albumName": "絕妙啟示錄-張得仁-合集二",
		"id": 6294000080,
		"albumId": 6294,
		"albumtitle": "絕妙啟示錄-張得仁-合集二(80)"
	},
	{
		"path": "http://media.feearadio.net/downloads/others/Febc/unique/176.mp3",
		"title": "176 貪心是成功者最大的擔心",
		"duration": 300,
		"size": "2.5M",
		"albumName": "絕妙啟示錄-張得仁-合集二",
		"id": 6294000081,
		"albumId": 6294,
		"albumtitle": "絕妙啟示錄-張得仁-合集二(81)"
	},
	{
		"path": "http://media.feearadio.net/downloads/others/Febc/unique/177.mp3",
		"title": "177 利用或被時間利用",
		"duration": 300,
		"size": "2.5M",
		"albumName": "絕妙啟示錄-張得仁-合集二",
		"id": 6294000082,
		"albumId": 6294,
		"albumtitle": "絕妙啟示錄-張得仁-合集二(82)"
	},
	{
		"path": "http://media.feearadio.net/downloads/others/Febc/unique/178.mp3",
		"title": "178 太多成功的例子告訴我們微小的關心會變成梯子",
		"duration": 300,
		"size": "2.5M",
		"albumName": "絕妙啟示錄-張得仁-合集二",
		"id": 6294000083,
		"albumId": 6294,
		"albumtitle": "絕妙啟示錄-張得仁-合集二(83)"
	},
	{
		"path": "http://media.feearadio.net/downloads/others/Febc/unique/179.mp3",
		"title": "179 安慰有時不是拉他一把，而是陪他一會兒",
		"duration": 300,
		"size": "2.5M",
		"albumName": "絕妙啟示錄-張得仁-合集二",
		"id": 6294000084,
		"albumId": 6294,
		"albumtitle": "絕妙啟示錄-張得仁-合集二(84)"
	},
	{
		"path": "http://media.feearadio.net/downloads/others/Febc/unique/180.mp3",
		"title": "180 在人情味裡，斤斤計較不是常客！",
		"duration": 300,
		"size": "2.5M",
		"albumName": "絕妙啟示錄-張得仁-合集二",
		"id": 6294000085,
		"albumId": 6294,
		"albumtitle": "絕妙啟示錄-張得仁-合集二(85)"
	},
	{
		"path": "http://media.feearadio.net/downloads/others/Febc/unique/181.mp3",
		"title": "181 風雨無阻，成功的機會可能非你莫屬",
		"duration": 300,
		"size": "2.5M",
		"albumName": "絕妙啟示錄-張得仁-合集二",
		"id": 6294000086,
		"albumId": 6294,
		"albumtitle": "絕妙啟示錄-張得仁-合集二(86)"
	},
	{
		"path": "http://media.feearadio.net/downloads/others/Febc/unique/182.mp3",
		"title": "182 懂得融合各家優點，才是締造偉大的重點",
		"duration": 300,
		"size": "2.5M",
		"albumName": "絕妙啟示錄-張得仁-合集二",
		"id": 6294000087,
		"albumId": 6294,
		"albumtitle": "絕妙啟示錄-張得仁-合集二(87)"
	},
	{
		"path": "http://media.feearadio.net/downloads/others/Febc/unique/183.mp3",
		"title": "183 我們全家都是壞人",
		"duration": 300,
		"size": "2.5M",
		"albumName": "絕妙啟示錄-張得仁-合集二",
		"id": 6294000088,
		"albumId": 6294,
		"albumtitle": "絕妙啟示錄-張得仁-合集二(88)"
	},
	{
		"path": "http://media.feearadio.net/downloads/others/Febc/unique/184.mp3",
		"title": "184 把目標加點甜味，成功才容易起飛",
		"duration": 300,
		"size": "2.5M",
		"albumName": "絕妙啟示錄-張得仁-合集二",
		"id": 6294000089,
		"albumId": 6294,
		"albumtitle": "絕妙啟示錄-張得仁-合集二(89)"
	},
	{
		"path": "http://media.feearadio.net/downloads/others/Febc/unique/185.mp3",
		"title": "185 學歷不等於工作的能力，工作的能力還需要加上謙卑的努力",
		"duration": 300,
		"size": "2.5M",
		"albumName": "絕妙啟示錄-張得仁-合集二",
		"id": 6294000090,
		"albumId": 6294,
		"albumtitle": "絕妙啟示錄-張得仁-合集二(90)"
	},
	{
		"path": "http://media.feearadio.net/downloads/others/Febc/unique/186.mp3",
		"title": "186 與其幸災樂禍還不如扶他走過",
		"duration": 300,
		"size": "2.5M",
		"albumName": "絕妙啟示錄-張得仁-合集二",
		"id": 6294000091,
		"albumId": 6294,
		"albumtitle": "絕妙啟示錄-張得仁-合集二(91)"
	},
	{
		"path": "http://media.feearadio.net/downloads/others/Febc/unique/187.mp3",
		"title": "187 坐冷板凳，坐久了也會變熱",
		"duration": 300,
		"size": "2.5M",
		"albumName": "絕妙啟示錄-張得仁-合集二",
		"id": 6294000092,
		"albumId": 6294,
		"albumtitle": "絕妙啟示錄-張得仁-合集二(92)"
	},
	{
		"path": "http://media.feearadio.net/downloads/others/Febc/unique/188.mp3",
		"title": "188 先問清楚，之後才不會後悔痛苦─「明天」是個大騙局",
		"duration": 300,
		"size": "2.5M",
		"albumName": "絕妙啟示錄-張得仁-合集二",
		"id": 6294000093,
		"albumId": 6294,
		"albumtitle": "絕妙啟示錄-張得仁-合集二(93)"
	},
	{
		"path": "http://media.feearadio.net/downloads/others/Febc/unique/189.mp3",
		"title": "189 祝福經常是埋在誠實的下面",
		"duration": 300,
		"size": "2.5M",
		"albumName": "絕妙啟示錄-張得仁-合集二",
		"id": 6294000094,
		"albumId": 6294,
		"albumtitle": "絕妙啟示錄-張得仁-合集二(94)"
	},
	{
		"path": "http://media.feearadio.net/downloads/others/Febc/unique/190.mp3",
		"title": "190 照顧別人的面子是人際關係中最有利的金子",
		"duration": 300,
		"size": "2.5M",
		"albumName": "絕妙啟示錄-張得仁-合集二",
		"id": 6294000095,
		"albumId": 6294,
		"albumtitle": "絕妙啟示錄-張得仁-合集二(95)"
	}
]