[
	{
		"path": "http://media.feearadio.net/downloads/others/CD/2017/01/01.mp3",
		"title": "1.求主容我與祢同行",
		"duration": 860,
		"size": "6.9M",
		"albumName": "【節目精選CD】2017年1月份 - 異曲同工。夥速行動",
		"id": 6154000001,
		"albumId": 6154,
		"albumtitle": "【節目精選CD】2017年1月份 - 異曲同工。夥速行動(1)"
	},
	{
		"path": "http://media.feearadio.net/downloads/others/CD/2017/01/02.mp3",
		"title": "2.將你最好的獻給主",
		"duration": 860,
		"size": "6.9M",
		"albumName": "【節目精選CD】2017年1月份 - 異曲同工。夥速行動",
		"id": 6154000002,
		"albumId": 6154,
		"albumtitle": "【節目精選CD】2017年1月份 - 異曲同工。夥速行動(2)"
	},
	{
		"path": "http://media.feearadio.net/downloads/others/CD/2017/01/03.mp3",
		"title": "3.因祢與我同行 - 有情天",
		"duration": 860,
		"size": "6.9M",
		"albumName": "【節目精選CD】2017年1月份 - 異曲同工。夥速行動",
		"id": 6154000003,
		"albumId": 6154,
		"albumtitle": "【節目精選CD】2017年1月份 - 異曲同工。夥速行動(3)"
	},
	{
		"path": "http://media.feearadio.net/downloads/others/CD/2017/01/04.mp3",
		"title": "4.與人同得福音的好處 - 許南盛",
		"duration": 860,
		"size": "6.9M",
		"albumName": "【節目精選CD】2017年1月份 - 異曲同工。夥速行動",
		"id": 6154000004,
		"albumId": 6154,
		"albumtitle": "【節目精選CD】2017年1月份 - 異曲同工。夥速行動(4)"
	}
]