[
	{
		"path": "http://media.feearadio.net/downloads/others/CD/2014/09/01.mp3",
		"title": "1.我心靈得安寧",
		"duration": 860,
		"size": "6.9M",
		"albumName": "【節目精選CD】2014年9月份 - 聖樂的故事。真有意思",
		"id": 6126000001,
		"albumId": 6126,
		"albumtitle": "【節目精選CD】2014年9月份 - 聖樂的故事。真有意思(1)"
	},
	{
		"path": "http://media.feearadio.net/downloads/others/CD/2014/09/02.mp3",
		"title": "2.在花園裡",
		"duration": 860,
		"size": "6.9M",
		"albumName": "【節目精選CD】2014年9月份 - 聖樂的故事。真有意思",
		"id": 6126000002,
		"albumId": 6126,
		"albumtitle": "【節目精選CD】2014年9月份 - 聖樂的故事。真有意思(2)"
	},
	{
		"path": "http://media.feearadio.net/downloads/others/CD/2014/09/03.mp3",
		"title": "3.耶穌恩友",
		"duration": 860,
		"size": "6.9M",
		"albumName": "【節目精選CD】2014年9月份 - 聖樂的故事。真有意思",
		"id": 6126000003,
		"albumId": 6126,
		"albumtitle": "【節目精選CD】2014年9月份 - 聖樂的故事。真有意思(3)"
	},
	{
		"path": "http://media.feearadio.net/downloads/others/CD/2014/09/04.mp3",
		"title": "4.堅固保障歌",
		"duration": 860,
		"size": "6.9M",
		"albumName": "【節目精選CD】2014年9月份 - 聖樂的故事。真有意思",
		"id": 6126000004,
		"albumId": 6126,
		"albumtitle": "【節目精選CD】2014年9月份 - 聖樂的故事。真有意思(4)"
	},
	{
		"path": "http://media.feearadio.net/downloads/others/CD/2014/09/05.mp3",
		"title": "5.所有全奉獻",
		"duration": 860,
		"size": "6.9M",
		"albumName": "【節目精選CD】2014年9月份 - 聖樂的故事。真有意思",
		"id": 6126000005,
		"albumId": 6126,
		"albumtitle": "【節目精選CD】2014年9月份 - 聖樂的故事。真有意思(5)"
	}
]