[
	{
		"path": "http://media.feearadio.net/downloads/others/CD/2012/09/01.mp3",
		"title": "1.朋友請聽",
		"duration": 550,
		"size": "4M",
		"albumName": "【節目精選CD】2012年9月份 - 新造的人。新一片天",
		"id": 6102000001,
		"albumId": 6102,
		"albumtitle": "【節目精選CD】2012年9月份 - 新造的人。新一片天(1)"
	},
	{
		"path": "http://media.feearadio.net/downloads/others/CD/2012/09/02.mp3",
		"title": "2.晴宣傳道見證-1",
		"duration": 550,
		"size": "4M",
		"albumName": "【節目精選CD】2012年9月份 - 新造的人。新一片天",
		"id": 6102000002,
		"albumId": 6102,
		"albumtitle": "【節目精選CD】2012年9月份 - 新造的人。新一片天(2)"
	},
	{
		"path": "http://media.feearadio.net/downloads/others/CD/2012/09/03.mp3",
		"title": "3.有一天",
		"duration": 550,
		"size": "4M",
		"albumName": "【節目精選CD】2012年9月份 - 新造的人。新一片天",
		"id": 6102000003,
		"albumId": 6102,
		"albumtitle": "【節目精選CD】2012年9月份 - 新造的人。新一片天(3)"
	},
	{
		"path": "http://media.feearadio.net/downloads/others/CD/2012/09/04.mp3",
		"title": "4.晴宣傳道見證-2",
		"duration": 550,
		"size": "4M",
		"albumName": "【節目精選CD】2012年9月份 - 新造的人。新一片天",
		"id": 6102000004,
		"albumId": 6102,
		"albumtitle": "【節目精選CD】2012年9月份 - 新造的人。新一片天(4)"
	},
	{
		"path": "http://media.feearadio.net/downloads/others/CD/2012/09/05.mp3",
		"title": "5.浪子",
		"duration": 550,
		"size": "4M",
		"albumName": "【節目精選CD】2012年9月份 - 新造的人。新一片天",
		"id": 6102000005,
		"albumId": 6102,
		"albumtitle": "【節目精選CD】2012年9月份 - 新造的人。新一片天(5)"
	},
	{
		"path": "http://media.feearadio.net/downloads/others/CD/2012/09/06.mp3",
		"title": "6.晴宣傳道見證-3",
		"duration": 550,
		"size": "4M",
		"albumName": "【節目精選CD】2012年9月份 - 新造的人。新一片天",
		"id": 6102000006,
		"albumId": 6102,
		"albumtitle": "【節目精選CD】2012年9月份 - 新造的人。新一片天(6)"
	},
	{
		"path": "http://media.feearadio.net/downloads/others/CD/2012/09/07.mp3",
		"title": "7.為何對我這麼好",
		"duration": 550,
		"size": "4M",
		"albumName": "【節目精選CD】2012年9月份 - 新造的人。新一片天",
		"id": 6102000007,
		"albumId": 6102,
		"albumtitle": "【節目精選CD】2012年9月份 - 新造的人。新一片天(7)"
	},
	{
		"path": "http://media.feearadio.net/downloads/others/CD/2012/09/08.mp3",
		"title": "8.晴宣傳道見證-4",
		"duration": 550,
		"size": "4M",
		"albumName": "【節目精選CD】2012年9月份 - 新造的人。新一片天",
		"id": 6102000008,
		"albumId": 6102,
		"albumtitle": "【節目精選CD】2012年9月份 - 新造的人。新一片天(8)"
	},
	{
		"path": "http://media.feearadio.net/downloads/others/CD/2012/09/09.mp3",
		"title": "9.不再是我",
		"duration": 550,
		"size": "4M",
		"albumName": "【節目精選CD】2012年9月份 - 新造的人。新一片天",
		"id": 6102000009,
		"albumId": 6102,
		"albumtitle": "【節目精選CD】2012年9月份 - 新造的人。新一片天(9)"
	}
]