[
	{
		"path": "http://media.feearadio.net/downloads/others/CD/2011/07/01.mp3",
		"title": "1.回來",
		"duration": 550,
		"size": "4M",
		"albumName": "【節目精選CD】2011年7月份 - 有意義的選擇。活出意義",
		"id": 6088000001,
		"albumId": 6088,
		"albumtitle": "【節目精選CD】2011年7月份 - 有意義的選擇。活出意義(1)"
	},
	{
		"path": "http://media.feearadio.net/downloads/others/CD/2011/07/02.mp3",
		"title": "2.得救見證-1",
		"duration": 550,
		"size": "4M",
		"albumName": "【節目精選CD】2011年7月份 - 有意義的選擇。活出意義",
		"id": 6088000002,
		"albumId": 6088,
		"albumtitle": "【節目精選CD】2011年7月份 - 有意義的選擇。活出意義(2)"
	},
	{
		"path": "http://media.feearadio.net/downloads/others/CD/2011/07/03.mp3",
		"title": "3.人間煩事",
		"duration": 550,
		"size": "4M",
		"albumName": "【節目精選CD】2011年7月份 - 有意義的選擇。活出意義",
		"id": 6088000003,
		"albumId": 6088,
		"albumtitle": "【節目精選CD】2011年7月份 - 有意義的選擇。活出意義(3)"
	},
	{
		"path": "http://media.feearadio.net/downloads/others/CD/2011/07/04.mp3",
		"title": "4.得救見證-2",
		"duration": 550,
		"size": "4M",
		"albumName": "【節目精選CD】2011年7月份 - 有意義的選擇。活出意義",
		"id": 6088000004,
		"albumId": 6088,
		"albumtitle": "【節目精選CD】2011年7月份 - 有意義的選擇。活出意義(4)"
	},
	{
		"path": "http://media.feearadio.net/downloads/others/CD/2011/07/05.mp3",
		"title": "5.祢的慈愛扶助我",
		"duration": 550,
		"size": "4M",
		"albumName": "【節目精選CD】2011年7月份 - 有意義的選擇。活出意義",
		"id": 6088000005,
		"albumId": 6088,
		"albumtitle": "【節目精選CD】2011年7月份 - 有意義的選擇。活出意義(5)"
	},
	{
		"path": "http://media.feearadio.net/downloads/others/CD/2011/07/06.mp3",
		"title": "6.與自己和好-1",
		"duration": 550,
		"size": "4M",
		"albumName": "【節目精選CD】2011年7月份 - 有意義的選擇。活出意義",
		"id": 6088000006,
		"albumId": 6088,
		"albumtitle": "【節目精選CD】2011年7月份 - 有意義的選擇。活出意義(6)"
	},
	{
		"path": "http://media.feearadio.net/downloads/others/CD/2011/07/07.mp3",
		"title": "7.因祂喜悅我",
		"duration": 550,
		"size": "4M",
		"albumName": "【節目精選CD】2011年7月份 - 有意義的選擇。活出意義",
		"id": 6088000007,
		"albumId": 6088,
		"albumtitle": "【節目精選CD】2011年7月份 - 有意義的選擇。活出意義(7)"
	},
	{
		"path": "http://media.feearadio.net/downloads/others/CD/2011/07/08.mp3",
		"title": "8.與自己和好-2",
		"duration": 550,
		"size": "4M",
		"albumName": "【節目精選CD】2011年7月份 - 有意義的選擇。活出意義",
		"id": 6088000008,
		"albumId": 6088,
		"albumtitle": "【節目精選CD】2011年7月份 - 有意義的選擇。活出意義(8)"
	},
	{
		"path": "http://media.feearadio.net/downloads/others/CD/2011/07/09.mp3",
		"title": "9.如願以償",
		"duration": 550,
		"size": "4M",
		"albumName": "【節目精選CD】2011年7月份 - 有意義的選擇。活出意義",
		"id": 6088000009,
		"albumId": 6088,
		"albumtitle": "【節目精選CD】2011年7月份 - 有意義的選擇。活出意義(9)"
	}
]