[
	{
		"path": "http://media.feearadio.net/downloads/others/CD/2012/12/01.mp3",
		"title": "1.新的一天",
		"duration": 550,
		"size": "4M",
		"albumName": "【節目精選CD】2012年12月份 - 新的品格。新一片天",
		"id": 6105000001,
		"albumId": 6105,
		"albumtitle": "【節目精選CD】2012年12月份 - 新的品格。新一片天(1)"
	},
	{
		"path": "http://media.feearadio.net/downloads/others/CD/2012/12/02.mp3",
		"title": "2.堅韌-不可思議的不不螞蟻",
		"duration": 550,
		"size": "4M",
		"albumName": "【節目精選CD】2012年12月份 - 新的品格。新一片天",
		"id": 6105000002,
		"albumId": 6105,
		"albumtitle": "【節目精選CD】2012年12月份 - 新的品格。新一片天(2)"
	},
	{
		"path": "http://media.feearadio.net/downloads/others/CD/2012/12/03.mp3",
		"title": "3.勇敢",
		"duration": 550,
		"size": "4M",
		"albumName": "【節目精選CD】2012年12月份 - 新的品格。新一片天",
		"id": 6105000003,
		"albumId": 6105,
		"albumtitle": "【節目精選CD】2012年12月份 - 新的品格。新一片天(3)"
	},
	{
		"path": "http://media.feearadio.net/downloads/others/CD/2012/12/04.mp3",
		"title": "4.感恩-完美的豐收派對",
		"duration": 550,
		"size": "4M",
		"albumName": "【節目精選CD】2012年12月份 - 新的品格。新一片天",
		"id": 6105000004,
		"albumId": 6105,
		"albumtitle": "【節目精選CD】2012年12月份 - 新的品格。新一片天(4)"
	},
	{
		"path": "http://media.feearadio.net/downloads/others/CD/2012/12/05.mp3",
		"title": "5.數主恩惠",
		"duration": 550,
		"size": "4M",
		"albumName": "【節目精選CD】2012年12月份 - 新的品格。新一片天",
		"id": 6105000005,
		"albumId": 6105,
		"albumtitle": "【節目精選CD】2012年12月份 - 新的品格。新一片天(5)"
	},
	{
		"path": "http://media.feearadio.net/downloads/others/CD/2012/12/06.mp3",
		"title": "6.忠誠-雪地探險隊",
		"duration": 550,
		"size": "4M",
		"albumName": "【節目精選CD】2012年12月份 - 新的品格。新一片天",
		"id": 6105000006,
		"albumId": 6105,
		"albumtitle": "【節目精選CD】2012年12月份 - 新的品格。新一片天(6)"
	},
	{
		"path": "http://media.feearadio.net/downloads/others/CD/2012/12/07.mp3",
		"title": "7.小事上忠心",
		"duration": 550,
		"size": "4M",
		"albumName": "【節目精選CD】2012年12月份 - 新的品格。新一片天",
		"id": 6105000007,
		"albumId": 6105,
		"albumtitle": "【節目精選CD】2012年12月份 - 新的品格。新一片天(7)"
	},
	{
		"path": "http://media.feearadio.net/downloads/others/CD/2012/12/08.mp3",
		"title": "8.尊重-故事大王哼哼龍",
		"duration": 550,
		"size": "4M",
		"albumName": "【節目精選CD】2012年12月份 - 新的品格。新一片天",
		"id": 6105000008,
		"albumId": 6105,
		"albumtitle": "【節目精選CD】2012年12月份 - 新的品格。新一片天(8)"
	},
	{
		"path": "http://media.feearadio.net/downloads/others/CD/2012/12/09.mp3",
		"title": "9.主寶貴可愛的孩子在一起",
		"duration": 550,
		"size": "4M",
		"albumName": "【節目精選CD】2012年12月份 - 新的品格。新一片天",
		"id": 6105000009,
		"albumId": 6105,
		"albumtitle": "【節目精選CD】2012年12月份 - 新的品格。新一片天(9)"
	}
]