[
	{
		"path": "http://media.feearadio.net/downloads/others/CD/2010/04/01.mp3",
		"title": "1.我家是天堂",
		"duration": 550,
		"size": "4M",
		"albumName": "【節目精選CD】2010年4月份 - 歡樂童年。同行在愛中",
		"id": 6073000001,
		"albumId": 6073,
		"albumtitle": "【節目精選CD】2010年4月份 - 歡樂童年。同行在愛中(1)"
	},
	{
		"path": "http://media.feearadio.net/downloads/others/CD/2010/04/02.mp3",
		"title": "2.歡樂童年-1",
		"duration": 550,
		"size": "4M",
		"albumName": "【節目精選CD】2010年4月份 - 歡樂童年。同行在愛中",
		"id": 6073000002,
		"albumId": 6073,
		"albumtitle": "【節目精選CD】2010年4月份 - 歡樂童年。同行在愛中(2)"
	},
	{
		"path": "http://media.feearadio.net/downloads/others/CD/2010/04/03.mp3",
		"title": "3.哎呀！不是罪",
		"duration": 550,
		"size": "4M",
		"albumName": "【節目精選CD】2010年4月份 - 歡樂童年。同行在愛中",
		"id": 6073000003,
		"albumId": 6073,
		"albumtitle": "【節目精選CD】2010年4月份 - 歡樂童年。同行在愛中(3)"
	},
	{
		"path": "http://media.feearadio.net/downloads/others/CD/2010/04/04.mp3",
		"title": "4.歡樂童年-2",
		"duration": 550,
		"size": "4M",
		"albumName": "【節目精選CD】2010年4月份 - 歡樂童年。同行在愛中",
		"id": 6073000004,
		"albumId": 6073,
		"albumtitle": "【節目精選CD】2010年4月份 - 歡樂童年。同行在愛中(4)"
	},
	{
		"path": "http://media.feearadio.net/downloads/others/CD/2010/04/05.mp3",
		"title": "5.愛的印記",
		"duration": 550,
		"size": "4M",
		"albumName": "【節目精選CD】2010年4月份 - 歡樂童年。同行在愛中",
		"id": 6073000005,
		"albumId": 6073,
		"albumtitle": "【節目精選CD】2010年4月份 - 歡樂童年。同行在愛中(5)"
	},
	{
		"path": "http://media.feearadio.net/downloads/others/CD/2010/04/06.mp3",
		"title": "6.歡樂童年-3",
		"duration": 550,
		"size": "4M",
		"albumName": "【節目精選CD】2010年4月份 - 歡樂童年。同行在愛中",
		"id": 6073000006,
		"albumId": 6073,
		"albumtitle": "【節目精選CD】2010年4月份 - 歡樂童年。同行在愛中(6)"
	},
	{
		"path": "http://media.feearadio.net/downloads/others/CD/2010/04/07.mp3",
		"title": "7.獻上感恩",
		"duration": 550,
		"size": "4M",
		"albumName": "【節目精選CD】2010年4月份 - 歡樂童年。同行在愛中",
		"id": 6073000007,
		"albumId": 6073,
		"albumtitle": "【節目精選CD】2010年4月份 - 歡樂童年。同行在愛中(7)"
	},
	{
		"path": "http://media.feearadio.net/downloads/others/CD/2010/04/08.mp3",
		"title": "8.歡樂童年-4",
		"duration": 550,
		"size": "4M",
		"albumName": "【節目精選CD】2010年4月份 - 歡樂童年。同行在愛中",
		"id": 6073000008,
		"albumId": 6073,
		"albumtitle": "【節目精選CD】2010年4月份 - 歡樂童年。同行在愛中(8)"
	},
	{
		"path": "http://media.feearadio.net/downloads/others/CD/2010/04/09.mp3",
		"title": "9.你很特別",
		"duration": 550,
		"size": "4M",
		"albumName": "【節目精選CD】2010年4月份 - 歡樂童年。同行在愛中",
		"id": 6073000009,
		"albumId": 6073,
		"albumtitle": "【節目精選CD】2010年4月份 - 歡樂童年。同行在愛中(9)"
	}
]