[
	{
		"path": "http://media.feearadio.net/downloads/others/CD/2015/07/01.mp3",
		"title": "1.自然的書 - 天韻",
		"duration": 550,
		"size": "4M",
		"albumName": "【節目精選CD】2015年7月份 - 先後有序。如此我信",
		"id": 6136000001,
		"albumId": 6136,
		"albumtitle": "【節目精選CD】2015年7月份 - 先後有序。如此我信(1)"
	},
	{
		"path": "http://media.feearadio.net/downloads/others/CD/2015/07/02.mp3",
		"title": "2.先後有序-1a",
		"duration": 550,
		"size": "4M",
		"albumName": "【節目精選CD】2015年7月份 - 先後有序。如此我信",
		"id": 6136000002,
		"albumId": 6136,
		"albumtitle": "【節目精選CD】2015年7月份 - 先後有序。如此我信(2)"
	},
	{
		"path": "http://media.feearadio.net/downloads/others/CD/2015/07/03.mp3",
		"title": "3.天父世界 - 聖歌特戰隊",
		"duration": 550,
		"size": "4M",
		"albumName": "【節目精選CD】2015年7月份 - 先後有序。如此我信",
		"id": 6136000003,
		"albumId": 6136,
		"albumtitle": "【節目精選CD】2015年7月份 - 先後有序。如此我信(3)"
	},
	{
		"path": "http://media.feearadio.net/downloads/others/CD/2015/07/04.mp3",
		"title": "4.先後有序-1b",
		"duration": 550,
		"size": "4M",
		"albumName": "【節目精選CD】2015年7月份 - 先後有序。如此我信",
		"id": 6136000004,
		"albumId": 6136,
		"albumtitle": "【節目精選CD】2015年7月份 - 先後有序。如此我信(4)"
	},
	{
		"path": "http://media.feearadio.net/downloads/others/CD/2015/07/06.mp3",
		"title": "6.先後有序-2a",
		"duration": 550,
		"size": "4M",
		"albumName": "【節目精選CD】2015年7月份 - 先後有序。如此我信",
		"id": 6136000005,
		"albumId": 6136,
		"albumtitle": "【節目精選CD】2015年7月份 - 先後有序。如此我信(5)"
	},
	{
		"path": "http://media.feearadio.net/downloads/others/CD/2015/07/07.mp3",
		"title": "7.祢真偉大 - 傳神頻道網",
		"duration": 550,
		"size": "4M",
		"albumName": "【節目精選CD】2015年7月份 - 先後有序。如此我信",
		"id": 6136000006,
		"albumId": 6136,
		"albumtitle": "【節目精選CD】2015年7月份 - 先後有序。如此我信(6)"
	},
	{
		"path": "http://media.feearadio.net/downloads/others/CD/2015/07/08.mp3",
		"title": "8.先後有序-2b",
		"duration": 550,
		"size": "4M",
		"albumName": "【節目精選CD】2015年7月份 - 先後有序。如此我信",
		"id": 6136000007,
		"albumId": 6136,
		"albumtitle": "【節目精選CD】2015年7月份 - 先後有序。如此我信(7)"
	},
	{
		"path": "http://media.feearadio.net/downloads/others/CD/2015/07/09.mp3",
		"title": "9.祢的榮耀彰顯於天 - 小羊詩歌",
		"duration": 550,
		"size": "4M",
		"albumName": "【節目精選CD】2015年7月份 - 先後有序。如此我信",
		"id": 6136000008,
		"albumId": 6136,
		"albumtitle": "【節目精選CD】2015年7月份 - 先後有序。如此我信(8)"
	}
]