[
	{
		"path": "http://media.feearadio.net/downloads/others/CD/2013/01/01.mp3",
		"title": "1.最幸福的一對",
		"duration": 550,
		"size": "4M",
		"albumName": "【節目精選CD】2013年1月份 - 夫妻的亮點",
		"id": 6106000001,
		"albumId": 6106,
		"albumtitle": "【節目精選CD】2013年1月份 - 夫妻的亮點(1)"
	},
	{
		"path": "http://media.feearadio.net/downloads/others/CD/2013/01/02.mp3",
		"title": "2.新婚夫妻的調適-1",
		"duration": 550,
		"size": "4M",
		"albumName": "【節目精選CD】2013年1月份 - 夫妻的亮點",
		"id": 6106000002,
		"albumId": 6106,
		"albumtitle": "【節目精選CD】2013年1月份 - 夫妻的亮點(2)"
	},
	{
		"path": "http://media.feearadio.net/downloads/others/CD/2013/01/03.mp3",
		"title": "3.這一條路(ORTV)",
		"duration": 550,
		"size": "4M",
		"albumName": "【節目精選CD】2013年1月份 - 夫妻的亮點",
		"id": 6106000003,
		"albumId": 6106,
		"albumtitle": "【節目精選CD】2013年1月份 - 夫妻的亮點(3)"
	},
	{
		"path": "http://media.feearadio.net/downloads/others/CD/2013/01/04.mp3",
		"title": "4.新婚夫妻的調適-2",
		"duration": 550,
		"size": "4M",
		"albumName": "【節目精選CD】2013年1月份 - 夫妻的亮點",
		"id": 6106000004,
		"albumId": 6106,
		"albumtitle": "【節目精選CD】2013年1月份 - 夫妻的亮點(4)"
	},
	{
		"path": "http://media.feearadio.net/downloads/others/CD/2013/01/05.mp3",
		"title": "5.愛的宣言",
		"duration": 550,
		"size": "4M",
		"albumName": "【節目精選CD】2013年1月份 - 夫妻的亮點",
		"id": 6106000005,
		"albumId": 6106,
		"albumtitle": "【節目精選CD】2013年1月份 - 夫妻的亮點(5)"
	},
	{
		"path": "http://media.feearadio.net/downloads/others/CD/2013/01/06.mp3",
		"title": "6.打造優美的家庭文化-1",
		"duration": 550,
		"size": "4M",
		"albumName": "【節目精選CD】2013年1月份 - 夫妻的亮點",
		"id": 6106000006,
		"albumId": 6106,
		"albumtitle": "【節目精選CD】2013年1月份 - 夫妻的亮點(6)"
	},
	{
		"path": "http://media.feearadio.net/downloads/others/CD/2013/01/07.mp3",
		"title": "7.表達(ORTV)",
		"duration": 550,
		"size": "4M",
		"albumName": "【節目精選CD】2013年1月份 - 夫妻的亮點",
		"id": 6106000007,
		"albumId": 6106,
		"albumtitle": "【節目精選CD】2013年1月份 - 夫妻的亮點(7)"
	},
	{
		"path": "http://media.feearadio.net/downloads/others/CD/2013/01/08.mp3",
		"title": "8.打造優美的家庭文化-2",
		"duration": 550,
		"size": "4M",
		"albumName": "【節目精選CD】2013年1月份 - 夫妻的亮點",
		"id": 6106000008,
		"albumId": 6106,
		"albumtitle": "【節目精選CD】2013年1月份 - 夫妻的亮點(8)"
	},
	{
		"path": "http://media.feearadio.net/downloads/others/CD/2013/01/09.mp3",
		"title": "9.愛我們的家(ORTV)",
		"duration": 550,
		"size": "4M",
		"albumName": "【節目精選CD】2013年1月份 - 夫妻的亮點",
		"id": 6106000009,
		"albumId": 6106,
		"albumtitle": "【節目精選CD】2013年1月份 - 夫妻的亮點(9)"
	}
]