[
  {
    "path": "http://media.feearadio.net/downloads/others/Febc/Choir/01.mp3",
    "title": "第一集：詩班與合唱團的差異",
    "duration": 1200,
    "size": "17M",
    "albumName": "從敬拜看詩班與指揮-李忠民",
    "id": 6042000001,
    "albumId": 6042,
    "albumtitle": "從敬拜看詩班與指揮-李忠民(1)"
  },
  {
    "path": "http://media.feearadio.net/downloads/others/Febc/Choir/02.mp3",
    "title": "第二集：敬拜詩歌的挑選與預備",
    "duration": 1200,
    "size": "17M",
    "albumName": "從敬拜看詩班與指揮-李忠民",
    "id": 6042000002,
    "albumId": 6042,
    "albumtitle": "從敬拜看詩班與指揮-李忠民(2)"
  },
  {
    "path": "http://media.feearadio.net/downloads/others/Febc/Choir/03.mp3",
    "title": "第三集：詩班的選歌與練習",
    "duration": 1200,
    "size": "17M",
    "albumName": "從敬拜看詩班與指揮-李忠民",
    "id": 6042000003,
    "albumId": 6042,
    "albumtitle": "從敬拜看詩班與指揮-李忠民(3)"
  },
  {
    "path": "http://media.feearadio.net/downloads/others/Febc/Choir/04.mp3",
    "title": "第四集：詩班訓練的注意事項",
    "duration": 1200,
    "size": "17M",
    "albumName": "從敬拜看詩班與指揮-李忠民",
    "id": 6042000004,
    "albumId": 6042,
    "albumtitle": "從敬拜看詩班與指揮-李忠民(4)"
  },
  {
    "path": "http://media.feearadio.net/downloads/others/Febc/Choir/05.mp3",
    "title": "第五集：音色練習的五大技巧",
    "duration": 1200,
    "size": "17M",
    "albumName": "從敬拜看詩班與指揮-李忠民",
    "id": 6042000005,
    "albumId": 6042,
    "albumtitle": "從敬拜看詩班與指揮-李忠民(5)"
  },
  {
    "path": "http://media.feearadio.net/downloads/others/Febc/Choir/06.mp3",
    "title": "第六集：發音的技巧練習",
    "duration": 1200,
    "size": "17M",
    "albumName": "從敬拜看詩班與指揮-李忠民",
    "id": 6042000006,
    "albumId": 6042,
    "albumtitle": "從敬拜看詩班與指揮-李忠民(6)"
  },
  {
    "path": "http://media.feearadio.net/downloads/others/Febc/Choir/07.mp3",
    "title": "第七集：詩班中指揮的角色",
    "duration": 1200,
    "size": "17M",
    "albumName": "從敬拜看詩班與指揮-李忠民",
    "id": 6042000007,
    "albumId": 6042,
    "albumtitle": "從敬拜看詩班與指揮-李忠民(7)"
  },
  {
    "path": "http://media.feearadio.net/downloads/others/Febc/Choir/08.mp3",
    "title": "第八集：音樂興趣的培養",
    "duration": 1200,
    "size": "17M",
    "albumName": "從敬拜看詩班與指揮-李忠民",
    "id": 6042000008,
    "albumId": 6042,
    "albumtitle": "從敬拜看詩班與指揮-李忠民(8)"
  }
]