[
	{
		"path": "http://media.feearadio.net/downloads/others/CD/2011/01/01.mp3",
		"title": "1.走過的路",
		"duration": 550,
		"size": "4M",
		"albumName": "【節目精選CD】2011年1月份 - 有意義的人生。活出意義",
		"id": 6082000001,
		"albumId": 6082,
		"albumtitle": "【節目精選CD】2011年1月份 - 有意義的人生。活出意義(1)"
	},
	{
		"path": "http://media.feearadio.net/downloads/others/CD/2011/01/02.mp3",
		"title": "2.陳傳道個人見證-1",
		"duration": 550,
		"size": "4M",
		"albumName": "【節目精選CD】2011年1月份 - 有意義的人生。活出意義",
		"id": 6082000002,
		"albumId": 6082,
		"albumtitle": "【節目精選CD】2011年1月份 - 有意義的人生。活出意義(2)"
	},
	{
		"path": "http://media.feearadio.net/downloads/others/CD/2011/01/03.mp3",
		"title": "3.在愛中找到自己",
		"duration": 550,
		"size": "4M",
		"albumName": "【節目精選CD】2011年1月份 - 有意義的人生。活出意義",
		"id": 6082000003,
		"albumId": 6082,
		"albumtitle": "【節目精選CD】2011年1月份 - 有意義的人生。活出意義(3)"
	},
	{
		"path": "http://media.feearadio.net/downloads/others/CD/2011/01/04.mp3",
		"title": "4.陳傳道個人見證-2",
		"duration": 550,
		"size": "4M",
		"albumName": "【節目精選CD】2011年1月份 - 有意義的人生。活出意義",
		"id": 6082000004,
		"albumId": 6082,
		"albumtitle": "【節目精選CD】2011年1月份 - 有意義的人生。活出意義(4)"
	},
	{
		"path": "http://media.feearadio.net/downloads/others/CD/2011/01/05.mp3",
		"title": "5.自從我認識耶穌",
		"duration": 550,
		"size": "4M",
		"albumName": "【節目精選CD】2011年1月份 - 有意義的人生。活出意義",
		"id": 6082000005,
		"albumId": 6082,
		"albumtitle": "【節目精選CD】2011年1月份 - 有意義的人生。活出意義(5)"
	},
	{
		"path": "http://media.feearadio.net/downloads/others/CD/2011/01/06.mp3",
		"title": "6.陳傳道印度宣教-1",
		"duration": 550,
		"size": "4M",
		"albumName": "【節目精選CD】2011年1月份 - 有意義的人生。活出意義",
		"id": 6082000006,
		"albumId": 6082,
		"albumtitle": "【節目精選CD】2011年1月份 - 有意義的人生。活出意義(6)"
	},
	{
		"path": "http://media.feearadio.net/downloads/others/CD/2011/01/07.mp3",
		"title": "7.求主揀選我道路",
		"duration": 550,
		"size": "4M",
		"albumName": "【節目精選CD】2011年1月份 - 有意義的人生。活出意義",
		"id": 6082000007,
		"albumId": 6082,
		"albumtitle": "【節目精選CD】2011年1月份 - 有意義的人生。活出意義(7)"
	},
	{
		"path": "http://media.feearadio.net/downloads/others/CD/2011/01/08.mp3",
		"title": "8.陳傳道印度宣教-2",
		"duration": 550,
		"size": "4M",
		"albumName": "【節目精選CD】2011年1月份 - 有意義的人生。活出意義",
		"id": 6082000008,
		"albumId": 6082,
		"albumtitle": "【節目精選CD】2011年1月份 - 有意義的人生。活出意義(8)"
	},
	{
		"path": "http://media.feearadio.net/downloads/others/CD/2011/01/09.mp3",
		"title": "9.轉變",
		"duration": 550,
		"size": "4M",
		"albumName": "【節目精選CD】2011年1月份 - 有意義的人生。活出意義",
		"id": 6082000009,
		"albumId": 6082,
		"albumtitle": "【節目精選CD】2011年1月份 - 有意義的人生。活出意義(9)"
	}
]