[
  {
    "path": "http://media.feearadio.net/downloads/others/Febc/YU_worker3/01.mp3",
    "title": "01　舒適圈的定義",
    "duration": 1400,
    "size": "11M",
    "albumName": "走出舒适，迎向美好人生 - 朱正中",
    "id": 6028000001,
    "albumId": 6028,
    "albumtitle": "走出舒适，迎向美好人生 - 朱正中(1)"
  },
  {
    "path": "http://media.feearadio.net/downloads/others/Febc/YU_worker3/02.mp3",
    "title": "02　工作中的舒適圈",
    "duration": 1400,
    "size": "11M",
    "albumName": "走出舒适，迎向美好人生 - 朱正中",
    "id": 6028000002,
    "albumId": 6028,
    "albumtitle": "走出舒适，迎向美好人生 - 朱正中(2)"
  },
  {
    "path": "http://media.feearadio.net/downloads/others/Febc/YU_worker3/03.mp3",
    "title": "03　舒適圈的負面表現",
    "duration": 1400,
    "size": "11M",
    "albumName": "走出舒适，迎向美好人生 - 朱正中",
    "id": 6028000003,
    "albumId": 6028,
    "albumtitle": "走出舒适，迎向美好人生 - 朱正中(3)"
  },
  {
    "path": "http://media.feearadio.net/downloads/others/Febc/YU_worker3/04.mp3",
    "title": "04　如何脫離舒適圈",
    "duration": 1400,
    "size": "11M",
    "albumName": "走出舒适，迎向美好人生 - 朱正中",
    "id": 6028000004,
    "albumId": 6028,
    "albumtitle": "走出舒适，迎向美好人生 - 朱正中(4)"
  }
]