[
	{
		"path": "http://media.feearadio.net/downloads/others/CD/2009/10/01.mp3",
		"title": "1.開我的眼",
		"duration": 550,
		"size": "8.5M",
		"albumName": "【節目精選CD】2009年10月份 - 主愛中華。愛的突破",
		"id": 6067000001,
		"albumId": 6067,
		"albumtitle": "【節目精選CD】2009年10月份 - 主愛中華。愛的突破(1)"
	},
	{
		"path": "http://media.feearadio.net/downloads/others/CD/2009/10/02.mp3",
		"title": "2.愛的突破-1",
		"duration": 550,
		"size": "8.5M",
		"albumName": "【節目精選CD】2009年10月份 - 主愛中華。愛的突破",
		"id": 6067000002,
		"albumId": 6067,
		"albumtitle": "【節目精選CD】2009年10月份 - 主愛中華。愛的突破(2)"
	},
	{
		"path": "http://media.feearadio.net/downloads/others/CD/2009/10/03.mp3",
		"title": "3.因祢與我同行",
		"duration": 550,
		"size": "8.5M",
		"albumName": "【節目精選CD】2009年10月份 - 主愛中華。愛的突破",
		"id": 6067000003,
		"albumId": 6067,
		"albumtitle": "【節目精選CD】2009年10月份 - 主愛中華。愛的突破(3)"
	},
	{
		"path": "http://media.feearadio.net/downloads/others/CD/2009/10/04.mp3",
		"title": "4.愛的突破-2",
		"duration": 550,
		"size": "8.5M",
		"albumName": "【節目精選CD】2009年10月份 - 主愛中華。愛的突破",
		"id": 6067000004,
		"albumId": 6067,
		"albumtitle": "【節目精選CD】2009年10月份 - 主愛中華。愛的突破(4)"
	},
	{
		"path": "http://media.feearadio.net/downloads/others/CD/2009/10/05.mp3",
		"title": "5.我心緊緊跟隨祢",
		"duration": 550,
		"size": "8.5M",
		"albumName": "【節目精選CD】2009年10月份 - 主愛中華。愛的突破",
		"id": 6067000005,
		"albumId": 6067,
		"albumtitle": "【節目精選CD】2009年10月份 - 主愛中華。愛的突破(5)"
	},
	{
		"path": "http://media.feearadio.net/downloads/others/CD/2009/10/06.mp3",
		"title": "6.愛的突破-3",
		"duration": 550,
		"size": "8.5M",
		"albumName": "【節目精選CD】2009年10月份 - 主愛中華。愛的突破",
		"id": 6067000006,
		"albumId": 6067,
		"albumtitle": "【節目精選CD】2009年10月份 - 主愛中華。愛的突破(6)"
	},
	{
		"path": "http://media.feearadio.net/downloads/others/CD/2009/10/07.mp3",
		"title": "7.靠主有福",
		"duration": 550,
		"size": "8.5M",
		"albumName": "【節目精選CD】2009年10月份 - 主愛中華。愛的突破",
		"id": 6067000007,
		"albumId": 6067,
		"albumtitle": "【節目精選CD】2009年10月份 - 主愛中華。愛的突破(7)"
	},
	{
		"path": "http://media.feearadio.net/downloads/others/CD/2009/10/08.mp3",
		"title": "8.愛的突破-4",
		"duration": 550,
		"size": "8.5M",
		"albumName": "【節目精選CD】2009年10月份 - 主愛中華。愛的突破",
		"id": 6067000008,
		"albumId": 6067,
		"albumtitle": "【節目精選CD】2009年10月份 - 主愛中華。愛的突破(8)"
	},
	{
		"path": "http://media.feearadio.net/downloads/others/CD/2009/10/09.mp3",
		"title": "9.靠著耶穌得勝",
		"duration": 550,
		"size": "8.5M",
		"albumName": "【節目精選CD】2009年10月份 - 主愛中華。愛的突破",
		"id": 6067000009,
		"albumId": 6067,
		"albumtitle": "【節目精選CD】2009年10月份 - 主愛中華。愛的突破(9)"
	}
]