[
	{
		"path": "http://media.feearadio.net/downloads/others/CD/2013/11/01.mp3",
		"title": "1.標竿人生",
		"duration": 550,
		"size": "4M",
		"albumName": "【節目精選CD】2013年11月份 - 傳愛的亮點",
		"id": 6116000001,
		"albumId": 6116,
		"albumtitle": "【節目精選CD】2013年11月份 - 傳愛的亮點(1)"
	},
	{
		"path": "http://media.feearadio.net/downloads/others/CD/2013/11/02.mp3",
		"title": "2.克理威廉-1",
		"duration": 550,
		"size": "4M",
		"albumName": "【節目精選CD】2013年11月份 - 傳愛的亮點",
		"id": 6116000002,
		"albumId": 6116,
		"albumtitle": "【節目精選CD】2013年11月份 - 傳愛的亮點(2)"
	},
	{
		"path": "http://media.feearadio.net/downloads/others/CD/2013/11/03.mp3",
		"title": "3.我不再是自己的主人",
		"duration": 550,
		"size": "4M",
		"albumName": "【節目精選CD】2013年11月份 - 傳愛的亮點",
		"id": 6116000003,
		"albumId": 6116,
		"albumtitle": "【節目精選CD】2013年11月份 - 傳愛的亮點(3)"
	},
	{
		"path": "http://media.feearadio.net/downloads/others/CD/2013/11/04.mp3",
		"title": "4.克理威廉-2",
		"duration": 550,
		"size": "4M",
		"albumName": "【節目精選CD】2013年11月份 - 傳愛的亮點",
		"id": 6116000004,
		"albumId": 6116,
		"albumtitle": "【節目精選CD】2013年11月份 - 傳愛的亮點(4)"
	},
	{
		"path": "http://media.feearadio.net/downloads/others/CD/2013/11/05.mp3",
		"title": "5.我願去愛",
		"duration": 550,
		"size": "4M",
		"albumName": "【節目精選CD】2013年11月份 - 傳愛的亮點",
		"id": 6116000005,
		"albumId": 6116,
		"albumtitle": "【節目精選CD】2013年11月份 - 傳愛的亮點(5)"
	},
	{
		"path": "http://media.feearadio.net/downloads/others/CD/2013/11/06.mp3",
		"title": "6.克理威廉-3",
		"duration": 550,
		"size": "4M",
		"albumName": "【節目精選CD】2013年11月份 - 傳愛的亮點",
		"id": 6116000006,
		"albumId": 6116,
		"albumtitle": "【節目精選CD】2013年11月份 - 傳愛的亮點(6)"
	},
	{
		"path": "http://media.feearadio.net/downloads/others/CD/2013/11/07.mp3",
		"title": "7.全然為祢",
		"duration": 550,
		"size": "4M",
		"albumName": "【節目精選CD】2013年11月份 - 傳愛的亮點",
		"id": 6116000007,
		"albumId": 6116,
		"albumtitle": "【節目精選CD】2013年11月份 - 傳愛的亮點(7)"
	},
	{
		"path": "http://media.feearadio.net/downloads/others/CD/2013/11/08.mp3",
		"title": "8.克理威廉-4",
		"duration": 550,
		"size": "4M",
		"albumName": "【節目精選CD】2013年11月份 - 傳愛的亮點",
		"id": 6116000008,
		"albumId": 6116,
		"albumtitle": "【節目精選CD】2013年11月份 - 傳愛的亮點(8)"
	},
	{
		"path": "http://media.feearadio.net/downloads/others/CD/2013/11/09.mp3",
		"title": "9.到世界各處傳揚",
		"duration": 550,
		"size": "4M",
		"albumName": "【節目精選CD】2013年11月份 - 傳愛的亮點",
		"id": 6116000009,
		"albumId": 6116,
		"albumtitle": "【節目精選CD】2013年11月份 - 傳愛的亮點(9)"
	}
]