[
	{
		"path": "http://media.feearadio.net/downloads/others/CD/2017/07/01.mp3",
		"title": "1.請改變我(施孝榮)",
		"duration": 550,
		"size": "4M",
		"albumName": "【節目精選CD】2017年7月份 - 黑道變傳道 林榮賜的故事。夥速行動",
		"id": 6160000001,
		"albumId": 6160,
		"albumtitle": "【節目精選CD】2017年7月份 - 黑道變傳道 林榮賜的故事。夥速行動(1)"
	},
	{
		"path": "http://media.feearadio.net/downloads/others/CD/2017/07/02.mp3",
		"title": "2.林榮賜傳道見證-01",
		"duration": 550,
		"size": "4M",
		"albumName": "【節目精選CD】2017年7月份 - 黑道變傳道 林榮賜的故事。夥速行動",
		"id": 6160000002,
		"albumId": 6160,
		"albumtitle": "【節目精選CD】2017年7月份 - 黑道變傳道 林榮賜的故事。夥速行動(2)"
	},
	{
		"path": "http://media.feearadio.net/downloads/others/CD/2017/07/03.mp3",
		"title": "3.悔改的心 (天韻)",
		"duration": 550,
		"size": "4M",
		"albumName": "【節目精選CD】2017年7月份 - 黑道變傳道 林榮賜的故事。夥速行動",
		"id": 6160000003,
		"albumId": 6160,
		"albumtitle": "【節目精選CD】2017年7月份 - 黑道變傳道 林榮賜的故事。夥速行動(3)"
	},
	{
		"path": "http://media.feearadio.net/downloads/others/CD/2017/07/04.mp3",
		"title": "4.林榮賜傳道見證-02",
		"duration": 550,
		"size": "4M",
		"albumName": "【節目精選CD】2017年7月份 - 黑道變傳道 林榮賜的故事。夥速行動",
		"id": 6160000004,
		"albumId": 6160,
		"albumtitle": "【節目精選CD】2017年7月份 - 黑道變傳道 林榮賜的故事。夥速行動(4)"
	},
	{
		"path": "http://media.feearadio.net/downloads/others/CD/2017/07/05.mp3",
		"title": "5.給我真正的自由 (天韻)",
		"duration": 550,
		"size": "4M",
		"albumName": "【節目精選CD】2017年7月份 - 黑道變傳道 林榮賜的故事。夥速行動",
		"id": 6160000005,
		"albumId": 6160,
		"albumtitle": "【節目精選CD】2017年7月份 - 黑道變傳道 林榮賜的故事。夥速行動(5)"
	},
	{
		"path": "http://media.feearadio.net/downloads/others/CD/2017/07/06.mp3",
		"title": "6.林榮賜傳道見證-03",
		"duration": 550,
		"size": "4M",
		"albumName": "【節目精選CD】2017年7月份 - 黑道變傳道 林榮賜的故事。夥速行動",
		"id": 6160000006,
		"albumId": 6160,
		"albumtitle": "【節目精選CD】2017年7月份 - 黑道變傳道 林榮賜的故事。夥速行動(6)"
	},
	{
		"path": "http://media.feearadio.net/downloads/others/CD/2017/07/07.mp3",
		"title": "7.祂是道路 (盛曉玫)",
		"duration": 550,
		"size": "4M",
		"albumName": "【節目精選CD】2017年7月份 - 黑道變傳道 林榮賜的故事。夥速行動",
		"id": 6160000007,
		"albumId": 6160,
		"albumtitle": "【節目精選CD】2017年7月份 - 黑道變傳道 林榮賜的故事。夥速行動(7)"
	},
	{
		"path": "http://media.feearadio.net/downloads/others/CD/2017/07/08.mp3",
		"title": "8.林榮賜傳道見證-04",
		"duration": 550,
		"size": "4M",
		"albumName": "【節目精選CD】2017年7月份 - 黑道變傳道 林榮賜的故事。夥速行動",
		"id": 6160000008,
		"albumId": 6160,
		"albumtitle": "【節目精選CD】2017年7月份 - 黑道變傳道 林榮賜的故事。夥速行動(8)"
	},
	{
		"path": "http://media.feearadio.net/downloads/others/CD/2017/07/09.mp3",
		"title": "9.只要你願意 (原始製作)",
		"duration": 550,
		"size": "4M",
		"albumName": "【節目精選CD】2017年7月份 - 黑道變傳道 林榮賜的故事。夥速行動",
		"id": 6160000009,
		"albumId": 6160,
		"albumtitle": "【節目精選CD】2017年7月份 - 黑道變傳道 林榮賜的故事。夥速行動(9)"
	}
]