[
	{
		"path": "http://media.feearadio.net/downloads/others/CD/2010/11/07.mp3",
		"title": "7.一切憂慮卸給主",
		"duration": 550,
		"size": "4M",
		"albumName": "【節目精選CD】2011年11月份 - 有意義的日子。活出意義",
		"id": 6092000001,
		"albumId": 6092,
		"albumtitle": "【節目精選CD】2011年11月份 - 有意義的日子。活出意義(1)"
	},
	{
		"path": "http://media.feearadio.net/downloads/others/CD/2010/11/09.mp3",
		"title": "9.蒙福的奧秘",
		"duration": 550,
		"size": "4M",
		"albumName": "【節目精選CD】2011年11月份 - 有意義的日子。活出意義",
		"id": 6092000002,
		"albumId": 6092,
		"albumtitle": "【節目精選CD】2011年11月份 - 有意義的日子。活出意義(2)"
	},
	{
		"path": "http://media.feearadio.net/downloads/others/CD/2011/11/01.mp3",
		"title": "1.是愛",
		"duration": 550,
		"size": "4M",
		"albumName": "【節目精選CD】2011年11月份 - 有意義的日子。活出意義",
		"id": 6092000003,
		"albumId": 6092,
		"albumtitle": "【節目精選CD】2011年11月份 - 有意義的日子。活出意義(3)"
	},
	{
		"path": "http://media.feearadio.net/downloads/others/CD/2011/11/02.mp3",
		"title": "2.有愛最美",
		"duration": 550,
		"size": "4M",
		"albumName": "【節目精選CD】2011年11月份 - 有意義的日子。活出意義",
		"id": 6092000004,
		"albumId": 6092,
		"albumtitle": "【節目精選CD】2011年11月份 - 有意義的日子。活出意義(4)"
	},
	{
		"path": "http://media.feearadio.net/downloads/others/CD/2011/11/03.mp3",
		"title": "3.獨特",
		"duration": 550,
		"size": "4M",
		"albumName": "【節目精選CD】2011年11月份 - 有意義的日子。活出意義",
		"id": 6092000005,
		"albumId": 6092,
		"albumtitle": "【節目精選CD】2011年11月份 - 有意義的日子。活出意義(5)"
	},
	{
		"path": "http://media.feearadio.net/downloads/others/CD/2011/11/04.mp3",
		"title": "4.承受壓力",
		"duration": 550,
		"size": "4M",
		"albumName": "【節目精選CD】2011年11月份 - 有意義的日子。活出意義",
		"id": 6092000006,
		"albumId": 6092,
		"albumtitle": "【節目精選CD】2011年11月份 - 有意義的日子。活出意義(6)"
	},
	{
		"path": "http://media.feearadio.net/downloads/others/CD/2011/11/05.mp3",
		"title": "5.告訴你",
		"duration": 550,
		"size": "4M",
		"albumName": "【節目精選CD】2011年11月份 - 有意義的日子。活出意義",
		"id": 6092000007,
		"albumId": 6092,
		"albumtitle": "【節目精選CD】2011年11月份 - 有意義的日子。活出意義(7)"
	},
	{
		"path": "http://media.feearadio.net/downloads/others/CD/2011/11/06.mp3",
		"title": "6.彼此祝福",
		"duration": 550,
		"size": "4M",
		"albumName": "【節目精選CD】2011年11月份 - 有意義的日子。活出意義",
		"id": 6092000008,
		"albumId": 6092,
		"albumtitle": "【節目精選CD】2011年11月份 - 有意義的日子。活出意義(8)"
	},
	{
		"path": "http://media.feearadio.net/downloads/others/CD/2011/11/07.mp3",
		"title": "7.渴慕",
		"duration": 550,
		"size": "4M",
		"albumName": "【節目精選CD】2011年11月份 - 有意義的日子。活出意義",
		"id": 6092000009,
		"albumId": 6092,
		"albumtitle": "【節目精選CD】2011年11月份 - 有意義的日子。活出意義(9)"
	},
	{
		"path": "http://media.feearadio.net/downloads/others/CD/2011/11/08.mp3",
		"title": "8.心想事成",
		"duration": 550,
		"size": "4M",
		"albumName": "【節目精選CD】2011年11月份 - 有意義的日子。活出意義",
		"id": 6092000010,
		"albumId": 6092,
		"albumtitle": "【節目精選CD】2011年11月份 - 有意義的日子。活出意義(10)"
	},
	{
		"path": "http://media.feearadio.net/downloads/others/CD/2011/11/09.mp3",
		"title": "9.主祢的手",
		"duration": 550,
		"size": "4M",
		"albumName": "【節目精選CD】2011年11月份 - 有意義的日子。活出意義",
		"id": 6092000011,
		"albumId": 6092,
		"albumtitle": "【節目精選CD】2011年11月份 - 有意義的日子。活出意義(11)"
	},
	{
		"path": "http://media.feearadio.net/downloads/others/CD/2011/11/10.mp3",
		"title": "10.選擇相信",
		"duration": 550,
		"size": "4M",
		"albumName": "【節目精選CD】2011年11月份 - 有意義的日子。活出意義",
		"id": 6092000012,
		"albumId": 6092,
		"albumtitle": "【節目精選CD】2011年11月份 - 有意義的日子。活出意義(12)"
	},
	{
		"path": "http://media.feearadio.net/downloads/others/CD/2011/11/11.mp3",
		"title": "11.祢的愛在我裡面",
		"duration": 550,
		"size": "4M",
		"albumName": "【節目精選CD】2011年11月份 - 有意義的日子。活出意義",
		"id": 6092000013,
		"albumId": 6092,
		"albumtitle": "【節目精選CD】2011年11月份 - 有意義的日子。活出意義(13)"
	}
]