[
  {
    "path": "http://media.feearadio.net/downloads/others/Febc/YU_worker0/001-1.mp3",
    "title": "001-1　家庭主婦",
    "duration": 1400,
    "size": "11M",
    "albumName": "窝客（worker）你在做什么？",
    "id": 6025000001,
    "albumId": 6025,
    "albumtitle": "窝客（worker）你在做什么？(1)"
  },
  {
    "path": "http://media.feearadio.net/downloads/others/Febc/YU_worker0/001-2.mp3",
    "title": "001-2　家庭主婦",
    "duration": 1400,
    "size": "11M",
    "albumName": "窝客（worker）你在做什么？",
    "id": 6025000002,
    "albumId": 6025,
    "albumtitle": "窝客（worker）你在做什么？(2)"
  },
  {
    "path": "http://media.feearadio.net/downloads/others/Febc/YU_worker0/002-1.mp3",
    "title": "002-1　英語教學",
    "duration": 1400,
    "size": "11M",
    "albumName": "窝客（worker）你在做什么？",
    "id": 6025000003,
    "albumId": 6025,
    "albumtitle": "窝客（worker）你在做什么？(3)"
  },
  {
    "path": "http://media.feearadio.net/downloads/others/Febc/YU_worker0/002-2.mp3",
    "title": "002-2　英語教學",
    "duration": 1400,
    "size": "11M",
    "albumName": "窝客（worker）你在做什么？",
    "id": 6025000004,
    "albumId": 6025,
    "albumtitle": "窝客（worker）你在做什么？(4)"
  },
  {
    "path": "http://media.feearadio.net/downloads/others/Febc/YU_worker0/003-1.mp3",
    "title": "003-1　華以教育交流",
    "duration": 1400,
    "size": "11M",
    "albumName": "窝客（worker）你在做什么？",
    "id": 6025000005,
    "albumId": 6025,
    "albumtitle": "窝客（worker）你在做什么？(5)"
  },
  {
    "path": "http://media.feearadio.net/downloads/others/Febc/YU_worker0/003-2.mp3",
    "title": "003-2　華以教育交流",
    "duration": 1400,
    "size": "11M",
    "albumName": "窝客（worker）你在做什么？",
    "id": 6025000006,
    "albumId": 6025,
    "albumtitle": "窝客（worker）你在做什么？(6)"
  },
  {
    "path": "http://media.feearadio.net/downloads/others/Febc/YU_worker0/004-1.mp3",
    "title": "004-1　學校行政工作",
    "duration": 1400,
    "size": "11M",
    "albumName": "窝客（worker）你在做什么？",
    "id": 6025000007,
    "albumId": 6025,
    "albumtitle": "窝客（worker）你在做什么？(7)"
  },
  {
    "path": "http://media.feearadio.net/downloads/others/Febc/YU_worker0/004-2.mp3",
    "title": "004-2　學校行政工作",
    "duration": 1400,
    "size": "11M",
    "albumName": "窝客（worker）你在做什么？",
    "id": 6025000008,
    "albumId": 6025,
    "albumtitle": "窝客（worker）你在做什么？(8)"
  },
  {
    "path": "http://media.feearadio.net/downloads/others/Febc/YU_worker0/005-1.mp3",
    "title": "005-1　電腦公司秘書",
    "duration": 1400,
    "size": "11M",
    "albumName": "窝客（worker）你在做什么？",
    "id": 6025000009,
    "albumId": 6025,
    "albumtitle": "窝客（worker）你在做什么？(9)"
  },
  {
    "path": "http://media.feearadio.net/downloads/others/Febc/YU_worker0/005-2.mp3",
    "title": "005-2　電腦公司秘書",
    "duration": 1400,
    "size": "11M",
    "albumName": "窝客（worker）你在做什么？",
    "id": 6025000010,
    "albumId": 6025,
    "albumtitle": "窝客（worker）你在做什么？(10)"
  },
  {
    "path": "http://media.feearadio.net/downloads/others/Febc/YU_worker0/006-1.mp3",
    "title": "006-1　電腦顧問",
    "duration": 1400,
    "size": "11M",
    "albumName": "窝客（worker）你在做什么？",
    "id": 6025000011,
    "albumId": 6025,
    "albumtitle": "窝客（worker）你在做什么？(11)"
  },
  {
    "path": "http://media.feearadio.net/downloads/others/Febc/YU_worker0/006-2.mp3",
    "title": "006-2　電腦顧問",
    "duration": 1400,
    "size": "11M",
    "albumName": "窝客（worker）你在做什么？",
    "id": 6025000012,
    "albumId": 6025,
    "albumtitle": "窝客（worker）你在做什么？(12)"
  },
  {
    "path": "http://media.feearadio.net/downloads/others/Febc/YU_worker0/007-1.mp3",
    "title": "007-1　建築師事務所設計師",
    "duration": 1400,
    "size": "11M",
    "albumName": "窝客（worker）你在做什么？",
    "id": 6025000013,
    "albumId": 6025,
    "albumtitle": "窝客（worker）你在做什么？(13)"
  },
  {
    "path": "http://media.feearadio.net/downloads/others/Febc/YU_worker0/007-2.mp3",
    "title": "007-2　建築師事務所設計師",
    "duration": 1400,
    "size": "11M",
    "albumName": "窝客（worker）你在做什么？",
    "id": 6025000014,
    "albumId": 6025,
    "albumtitle": "窝客（worker）你在做什么？(14)"
  },
  {
    "path": "http://media.feearadio.net/downloads/others/Febc/YU_worker0/008-1.mp3",
    "title": "008-1　驗屋師（房檢師）",
    "duration": 1400,
    "size": "11M",
    "albumName": "窝客（worker）你在做什么？",
    "id": 6025000015,
    "albumId": 6025,
    "albumtitle": "窝客（worker）你在做什么？(15)"
  },
  {
    "path": "http://media.feearadio.net/downloads/others/Febc/YU_worker0/008-2.mp3",
    "title": "008-2　驗屋師（房檢師）",
    "duration": 1400,
    "size": "11M",
    "albumName": "窝客（worker）你在做什么？",
    "id": 6025000016,
    "albumId": 6025,
    "albumtitle": "窝客（worker）你在做什么？(16)"
  },
  {
    "path": "http://media.feearadio.net/downloads/others/Febc/YU_worker0/009-1.mp3",
    "title": "009-1　導遊",
    "duration": 1400,
    "size": "11M",
    "albumName": "窝客（worker）你在做什么？",
    "id": 6025000017,
    "albumId": 6025,
    "albumtitle": "窝客（worker）你在做什么？(17)"
  },
  {
    "path": "http://media.feearadio.net/downloads/others/Febc/YU_worker0/009-2.mp3",
    "title": "009-2　導遊",
    "duration": 1400,
    "size": "11M",
    "albumName": "窝客（worker）你在做什么？",
    "id": 6025000018,
    "albumId": 6025,
    "albumtitle": "窝客（worker）你在做什么？(18)"
  },
  {
    "path": "http://media.feearadio.net/downloads/others/Febc/YU_worker0/010.mp3",
    "title": "010　　廚師",
    "duration": 1400,
    "size": "11M",
    "albumName": "窝客（worker）你在做什么？",
    "id": 6025000019,
    "albumId": 6025,
    "albumtitle": "窝客（worker）你在做什么？(19)"
  },
  {
    "path": "http://media.feearadio.net/downloads/others/Febc/YU_worker0/011.mp3",
    "title": "011　　餐廳管理者",
    "duration": 1400,
    "size": "11M",
    "albumName": "窝客（worker）你在做什么？",
    "id": 6025000020,
    "albumId": 6025,
    "albumtitle": "窝客（worker）你在做什么？(20)"
  },
  {
    "path": "http://media.feearadio.net/downloads/others/Febc/YU_worker0/012-1.mp3",
    "title": "012-1　酒店餐飲管理者",
    "duration": 1400,
    "size": "11M",
    "albumName": "窝客（worker）你在做什么？",
    "id": 6025000021,
    "albumId": 6025,
    "albumtitle": "窝客（worker）你在做什么？(21)"
  },
  {
    "path": "http://media.feearadio.net/downloads/others/Febc/YU_worker0/012-2.mp3",
    "title": "012-2　酒店餐飲管理者",
    "duration": 1400,
    "size": "11M",
    "albumName": "窝客（worker）你在做什么？",
    "id": 6025000022,
    "albumId": 6025,
    "albumtitle": "窝客（worker）你在做什么？(22)"
  },
  {
    "path": "http://media.feearadio.net/downloads/others/Febc/YU_worker0/013-1.mp3",
    "title": "013-1　免稅店店長",
    "duration": 1400,
    "size": "11M",
    "albumName": "窝客（worker）你在做什么？",
    "id": 6025000023,
    "albumId": 6025,
    "albumtitle": "窝客（worker）你在做什么？(23)"
  },
  {
    "path": "http://media.feearadio.net/downloads/others/Febc/YU_worker0/013-2.mp3",
    "title": "013-2　免稅店店長",
    "duration": 1400,
    "size": "11M",
    "albumName": "窝客（worker）你在做什么？",
    "id": 6025000024,
    "albumId": 6025,
    "albumtitle": "窝客（worker）你在做什么？(24)"
  },
  {
    "path": "http://media.feearadio.net/downloads/others/Febc/YU_worker0/014-1.mp3",
    "title": "014-1　禮品店老闆",
    "duration": 1400,
    "size": "11M",
    "albumName": "窝客（worker）你在做什么？",
    "id": 6025000025,
    "albumId": 6025,
    "albumtitle": "窝客（worker）你在做什么？(25)"
  },
  {
    "path": "http://media.feearadio.net/downloads/others/Febc/YU_worker0/014-2.mp3",
    "title": "014-2　禮品店老闆",
    "duration": 1400,
    "size": "11M",
    "albumName": "窝客（worker）你在做什么？",
    "id": 6025000026,
    "albumId": 6025,
    "albumtitle": "窝客（worker）你在做什么？(26)"
  },
  {
    "path": "http://media.feearadio.net/downloads/others/Febc/YU_worker0/015.mp3",
    "title": "015　　泡沫紅茶事業",
    "duration": 1400,
    "size": "11M",
    "albumName": "窝客（worker）你在做什么？",
    "id": 6025000027,
    "albumId": 6025,
    "albumtitle": "窝客（worker）你在做什么？(27)"
  },
  {
    "path": "http://media.feearadio.net/downloads/others/Febc/YU_worker0/016.mp3",
    "title": "016　　居服員",
    "duration": 1400,
    "size": "11M",
    "albumName": "窝客（worker）你在做什么？",
    "id": 6025000028,
    "albumId": 6025,
    "albumtitle": "窝客（worker）你在做什么？(28)"
  },
  {
    "path": "http://media.feearadio.net/downloads/others/Febc/YU_worker0/017-1.mp3",
    "title": "017-1　保養品家族企業",
    "duration": 1400,
    "size": "11M",
    "albumName": "窝客（worker）你在做什么？",
    "id": 6025000029,
    "albumId": 6025,
    "albumtitle": "窝客（worker）你在做什么？(29)"
  },
  {
    "path": "http://media.feearadio.net/downloads/others/Febc/YU_worker0/017-2.mp3",
    "title": "017-2　保養品家族企業",
    "duration": 1400,
    "size": "11M",
    "albumName": "窝客（worker）你在做什么？",
    "id": 6025000030,
    "albumId": 6025,
    "albumtitle": "窝客（worker）你在做什么？(30)"
  },
  {
    "path": "http://media.feearadio.net/downloads/others/Febc/YU_worker0/018-1.mp3",
    "title": "018-1　手工製刀業",
    "duration": 1400,
    "size": "11M",
    "albumName": "窝客（worker）你在做什么？",
    "id": 6025000031,
    "albumId": 6025,
    "albumtitle": "窝客（worker）你在做什么？(31)"
  },
  {
    "path": "http://media.feearadio.net/downloads/others/Febc/YU_worker0/018-2.mp3",
    "title": "018-2　手工製刀業",
    "duration": 1400,
    "size": "11M",
    "albumName": "窝客（worker）你在做什么？",
    "id": 6025000032,
    "albumId": 6025,
    "albumtitle": "窝客（worker）你在做什么？(32)"
  },
  {
    "path": "http://media.feearadio.net/downloads/others/Febc/YU_worker0/019-1.mp3",
    "title": "019-1　鐵路",
    "duration": 1400,
    "size": "11M",
    "albumName": "窝客（worker）你在做什么？",
    "id": 6025000033,
    "albumId": 6025,
    "albumtitle": "窝客（worker）你在做什么？(33)"
  },
  {
    "path": "http://media.feearadio.net/downloads/others/Febc/YU_worker0/019-2.mp3",
    "title": "019-2　鐵路",
    "duration": 1400,
    "size": "11M",
    "albumName": "窝客（worker）你在做什么？",
    "id": 6025000034,
    "albumId": 6025,
    "albumtitle": "窝客（worker）你在做什么？(34)"
  },
  {
    "path": "http://media.feearadio.net/downloads/others/Febc/YU_worker0/020-1.mp3",
    "title": "020-1　飛行航空業",
    "duration": 1400,
    "size": "11M",
    "albumName": "窝客（worker）你在做什么？",
    "id": 6025000035,
    "albumId": 6025,
    "albumtitle": "窝客（worker）你在做什么？(35)"
  },
  {
    "path": "http://media.feearadio.net/downloads/others/Febc/YU_worker0/020-2.mp3",
    "title": "020-2　飛行航空業",
    "duration": 1400,
    "size": "11M",
    "albumName": "窝客（worker）你在做什么？",
    "id": 6025000036,
    "albumId": 6025,
    "albumtitle": "窝客（worker）你在做什么？(36)"
  },
  {
    "path": "http://media.feearadio.net/downloads/others/Febc/YU_worker0/021-1.mp3",
    "title": "021-1　警察",
    "duration": 1400,
    "size": "11M",
    "albumName": "窝客（worker）你在做什么？",
    "id": 6025000037,
    "albumId": 6025,
    "albumtitle": "窝客（worker）你在做什么？(37)"
  },
  {
    "path": "http://media.feearadio.net/downloads/others/Febc/YU_worker0/021-2.mp3",
    "title": "021-2　警察",
    "duration": 1400,
    "size": "11M",
    "albumName": "窝客（worker）你在做什么？",
    "id": 6025000038,
    "albumId": 6025,
    "albumtitle": "窝客（worker）你在做什么？(38)"
  },
  {
    "path": "http://media.feearadio.net/downloads/others/Febc/YU_worker0/022-1.mp3",
    "title": "022-1　模特兒",
    "duration": 1400,
    "size": "11M",
    "albumName": "窝客（worker）你在做什么？",
    "id": 6025000039,
    "albumId": 6025,
    "albumtitle": "窝客（worker）你在做什么？(39)"
  },
  {
    "path": "http://media.feearadio.net/downloads/others/Febc/YU_worker0/022-2.mp3",
    "title": "022-2　模特兒",
    "duration": 1400,
    "size": "11M",
    "albumName": "窝客（worker）你在做什么？",
    "id": 6025000040,
    "albumId": 6025,
    "albumtitle": "窝客（worker）你在做什么？(40)"
  },
  {
    "path": "http://media.feearadio.net/downloads/others/Febc/YU_worker0/023-1.mp3",
    "title": "023-1　職業演員",
    "duration": 1400,
    "size": "11M",
    "albumName": "窝客（worker）你在做什么？",
    "id": 6025000041,
    "albumId": 6025,
    "albumtitle": "窝客（worker）你在做什么？(41)"
  },
  {
    "path": "http://media.feearadio.net/downloads/others/Febc/YU_worker0/023-2.mp3",
    "title": "023-2　職業演員",
    "duration": 1400,
    "size": "11M",
    "albumName": "窝客（worker）你在做什么？",
    "id": 6025000042,
    "albumId": 6025,
    "albumtitle": "窝客（worker）你在做什么？(42)"
  },
  {
    "path": "http://media.feearadio.net/downloads/others/Febc/YU_worker0/024-1.mp3",
    "title": "024-1　唱片公司",
    "duration": 1400,
    "size": "11M",
    "albumName": "窝客（worker）你在做什么？",
    "id": 6025000043,
    "albumId": 6025,
    "albumtitle": "窝客（worker）你在做什么？(43)"
  },
  {
    "path": "http://media.feearadio.net/downloads/others/Febc/YU_worker0/024-2.mp3",
    "title": "024-2　唱片公司",
    "duration": 1400,
    "size": "11M",
    "albumName": "窝客（worker）你在做什么？",
    "id": 6025000044,
    "albumId": 6025,
    "albumtitle": "窝客（worker）你在做什么？(44)"
  },
  {
    "path": "http://media.feearadio.net/downloads/others/Febc/YU_worker0/025-1.mp3",
    "title": "025-1　街頭藝人",
    "duration": 1400,
    "size": "11M",
    "albumName": "窝客（worker）你在做什么？",
    "id": 6025000045,
    "albumId": 6025,
    "albumtitle": "窝客（worker）你在做什么？(45)"
  },
  {
    "path": "http://media.feearadio.net/downloads/others/Febc/YU_worker0/025-2.mp3",
    "title": "025-2　街頭藝人",
    "duration": 1400,
    "size": "11M",
    "albumName": "窝客（worker）你在做什么？",
    "id": 6025000046,
    "albumId": 6025,
    "albumtitle": "窝客（worker）你在做什么？(46)"
  },
  {
    "path": "http://media.feearadio.net/downloads/others/Febc/YU_worker0/026-1.mp3",
    "title": "026-1　街舞團長",
    "duration": 1400,
    "size": "11M",
    "albumName": "窝客（worker）你在做什么？",
    "id": 6025000047,
    "albumId": 6025,
    "albumtitle": "窝客（worker）你在做什么？(47)"
  },
  {
    "path": "http://media.feearadio.net/downloads/others/Febc/YU_worker0/026-2.mp3",
    "title": "026-2　街舞團長",
    "duration": 1400,
    "size": "11M",
    "albumName": "窝客（worker）你在做什么？",
    "id": 6025000048,
    "albumId": 6025,
    "albumtitle": "窝客（worker）你在做什么？(48)"
  },
  {
    "path": "http://media.feearadio.net/downloads/others/Febc/YU_worker0/027-1.mp3",
    "title": "027-1　影片製作人",
    "duration": 1400,
    "size": "11M",
    "albumName": "窝客（worker）你在做什么？",
    "id": 6025000049,
    "albumId": 6025,
    "albumtitle": "窝客（worker）你在做什么？(49)"
  },
  {
    "path": "http://media.feearadio.net/downloads/others/Febc/YU_worker0/027-2.mp3",
    "title": "027-2　影片製作人",
    "duration": 1400,
    "size": "11M",
    "albumName": "窝客（worker）你在做什么？",
    "id": 6025000050,
    "albumId": 6025,
    "albumtitle": "窝客（worker）你在做什么？(50)"
  },
  {
    "path": "http://media.feearadio.net/downloads/others/Febc/YU_worker0/028.mp3",
    "title": "028　　沙畫表演藝術家",
    "duration": 1400,
    "size": "11M",
    "albumName": "窝客（worker）你在做什么？",
    "id": 6025000051,
    "albumId": 6025,
    "albumtitle": "窝客（worker）你在做什么？(51)"
  },
  {
    "path": "http://media.feearadio.net/downloads/others/Febc/YU_worker0/029.mp3",
    "title": "029　　人體彩繪藝術家",
    "duration": 1400,
    "size": "11M",
    "albumName": "窝客（worker）你在做什么？",
    "id": 6025000052,
    "albumId": 6025,
    "albumtitle": "窝客（worker）你在做什么？(52)"
  },
  {
    "path": "http://media.feearadio.net/downloads/others/Febc/YU_worker0/030-1.mp3",
    "title": "030-1　台灣藝起發光促進協會",
    "duration": 1400,
    "size": "11M",
    "albumName": "窝客（worker）你在做什么？",
    "id": 6025000053,
    "albumId": 6025,
    "albumtitle": "窝客（worker）你在做什么？(53)"
  },
  {
    "path": "http://media.feearadio.net/downloads/others/Febc/YU_worker0/030-2.mp3",
    "title": "030-2　台灣藝起發光促進協會",
    "duration": 1400,
    "size": "11M",
    "albumName": "窝客（worker）你在做什么？",
    "id": 6025000054,
    "albumId": 6025,
    "albumtitle": "窝客（worker）你在做什么？(54)"
  },
  {
    "path": "http://media.feearadio.net/downloads/others/Febc/YU_worker0/031-1.mp3",
    "title": "031-1　網路書店",
    "duration": 1400,
    "size": "11M",
    "albumName": "窝客（worker）你在做什么？",
    "id": 6025000055,
    "albumId": 6025,
    "albumtitle": "窝客（worker）你在做什么？(55)"
  },
  {
    "path": "http://media.feearadio.net/downloads/others/Febc/YU_worker0/031-2.mp3",
    "title": "031-2　網路書店",
    "duration": 1400,
    "size": "11M",
    "albumName": "窝客（worker）你在做什么？",
    "id": 6025000056,
    "albumId": 6025,
    "albumtitle": "窝客（worker）你在做什么？(56)"
  },
  {
    "path": "http://media.feearadio.net/downloads/others/Febc/YU_worker0/032-1.mp3",
    "title": "032-1　作家",
    "duration": 1400,
    "size": "11M",
    "albumName": "窝客（worker）你在做什么？",
    "id": 6025000057,
    "albumId": 6025,
    "albumtitle": "窝客（worker）你在做什么？(57)"
  },
  {
    "path": "http://media.feearadio.net/downloads/others/Febc/YU_worker0/032-2.mp3",
    "title": "032-2　作家",
    "duration": 1400,
    "size": "11M",
    "albumName": "窝客（worker）你在做什么？",
    "id": 6025000058,
    "albumId": 6025,
    "albumtitle": "窝客（worker）你在做什么？(58)"
  },
  {
    "path": "http://media.feearadio.net/downloads/others/Febc/YU_worker0/033-1.mp3",
    "title": "033-1　出版人",
    "duration": 1400,
    "size": "11M",
    "albumName": "窝客（worker）你在做什么？",
    "id": 6025000059,
    "albumId": 6025,
    "albumtitle": "窝客（worker）你在做什么？(59)"
  },
  {
    "path": "http://media.feearadio.net/downloads/others/Febc/YU_worker0/033-2.mp3",
    "title": "033-2　出版人",
    "duration": 1400,
    "size": "11M",
    "albumName": "窝客（worker）你在做什么？",
    "id": 6025000060,
    "albumId": 6025,
    "albumtitle": "窝客（worker）你在做什么？(60)"
  },
  {
    "path": "http://media.feearadio.net/downloads/others/Febc/YU_worker0/034-1.mp3",
    "title": "034-1　公共藝術",
    "duration": 1400,
    "size": "11M",
    "albumName": "窝客（worker）你在做什么？",
    "id": 6025000061,
    "albumId": 6025,
    "albumtitle": "窝客（worker）你在做什么？(61)"
  },
  {
    "path": "http://media.feearadio.net/downloads/others/Febc/YU_worker0/034-2.mp3",
    "title": "034-2　公共藝術",
    "duration": 1400,
    "size": "11M",
    "albumName": "窝客（worker）你在做什么？",
    "id": 6025000062,
    "albumId": 6025,
    "albumtitle": "窝客（worker）你在做什么？(62)"
  },
  {
    "path": "http://media.feearadio.net/downloads/others/Febc/YU_worker0/034-3.mp3",
    "title": "034-3　公共藝術",
    "duration": 1400,
    "size": "11M",
    "albumName": "窝客（worker）你在做什么？",
    "id": 6025000063,
    "albumId": 6025,
    "albumtitle": "窝客（worker）你在做什么？(63)"
  },
  {
    "path": "http://media.feearadio.net/downloads/others/Febc/YU_worker0/035-1.mp3",
    "title": "035-1　總機接待",
    "duration": 1400,
    "size": "11M",
    "albumName": "窝客（worker）你在做什么？",
    "id": 6025000064,
    "albumId": 6025,
    "albumtitle": "窝客（worker）你在做什么？(64)"
  },
  {
    "path": "http://media.feearadio.net/downloads/others/Febc/YU_worker0/035-2.mp3",
    "title": "035-2　總機接待",
    "duration": 1400,
    "size": "11M",
    "albumName": "窝客（worker）你在做什么？",
    "id": 6025000065,
    "albumId": 6025,
    "albumtitle": "窝客（worker）你在做什么？(65)"
  },
  {
    "path": "http://media.feearadio.net/downloads/others/Febc/YU_worker0/036.mp3",
    "title": "036　　農業信息編播員",
    "duration": 1400,
    "size": "11M",
    "albumName": "窝客（worker）你在做什么？",
    "id": 6025000066,
    "albumId": 6025,
    "albumtitle": "窝客（worker）你在做什么？(66)"
  },
  {
    "path": "http://media.feearadio.net/downloads/others/Febc/YU_worker0/037-1.mp3",
    "title": "037-1　催眠治療師",
    "duration": 1400,
    "size": "11M",
    "albumName": "窝客（worker）你在做什么？",
    "id": 6025000067,
    "albumId": 6025,
    "albumtitle": "窝客（worker）你在做什么？(67)"
  },
  {
    "path": "http://media.feearadio.net/downloads/others/Febc/YU_worker0/037-2.mp3",
    "title": "037-2　催眠治療師",
    "duration": 1400,
    "size": "11M",
    "albumName": "窝客（worker）你在做什么？",
    "id": 6025000068,
    "albumId": 6025,
    "albumtitle": "窝客（worker）你在做什么？(68)"
  },
  {
    "path": "http://media.feearadio.net/downloads/others/Febc/YU_worker0/038-1.mp3",
    "title": "038-1　護士",
    "duration": 1400,
    "size": "11M",
    "albumName": "窝客（worker）你在做什么？",
    "id": 6025000069,
    "albumId": 6025,
    "albumtitle": "窝客（worker）你在做什么？(69)"
  },
  {
    "path": "http://media.feearadio.net/downloads/others/Febc/YU_worker0/038-2.mp3",
    "title": "038-2　護士",
    "duration": 1400,
    "size": "11M",
    "albumName": "窝客（worker）你在做什么？",
    "id": 6025000070,
    "albumId": 6025,
    "albumtitle": "窝客（worker）你在做什么？(70)"
  },
  {
    "path": "http://media.feearadio.net/downloads/others/Febc/YU_worker0/039-1.mp3",
    "title": "039-1　生物科技管理師",
    "duration": 1400,
    "size": "11M",
    "albumName": "窝客（worker）你在做什么？",
    "id": 6025000071,
    "albumId": 6025,
    "albumtitle": "窝客（worker）你在做什么？(71)"
  },
  {
    "path": "http://media.feearadio.net/downloads/others/Febc/YU_worker0/039-2.mp3",
    "title": "039-2　生物科技管理師",
    "duration": 1400,
    "size": "11M",
    "albumName": "窝客（worker）你在做什么？",
    "id": 6025000072,
    "albumId": 6025,
    "albumtitle": "窝客（worker）你在做什么？(72)"
  }
]