[
	{
		"path": "http://media.feearadio.net/downloads/others/Febc/unique/666.mp3",
		"title": "666 首位",
		"duration": 300,
		"size": "2.5M",
		"albumName": "絕妙啟示錄-張得仁-合集八",
		"id": 6300000001,
		"albumId": 6300,
		"albumtitle": "絕妙啟示錄-張得仁-合集八(1)"
	},
	{
		"path": "http://media.feearadio.net/downloads/others/Febc/unique/667.mp3",
		"title": "667 誠意",
		"duration": 300,
		"size": "2.5M",
		"albumName": "絕妙啟示錄-張得仁-合集八",
		"id": 6300000002,
		"albumId": 6300,
		"albumtitle": "絕妙啟示錄-張得仁-合集八(2)"
	},
	{
		"path": "http://media.feearadio.net/downloads/others/Febc/unique/668.mp3",
		"title": "668 欣賞他人",
		"duration": 300,
		"size": "2.5M",
		"albumName": "絕妙啟示錄-張得仁-合集八",
		"id": 6300000003,
		"albumId": 6300,
		"albumtitle": "絕妙啟示錄-張得仁-合集八(3)"
	},
	{
		"path": "http://media.feearadio.net/downloads/others/Febc/unique/669.mp3",
		"title": "669 真愛",
		"duration": 300,
		"size": "2.5M",
		"albumName": "絕妙啟示錄-張得仁-合集八",
		"id": 6300000004,
		"albumId": 6300,
		"albumtitle": "絕妙啟示錄-張得仁-合集八(4)"
	},
	{
		"path": "http://media.feearadio.net/downloads/others/Febc/unique/670.mp3",
		"title": "670 取捨",
		"duration": 300,
		"size": "2.5M",
		"albumName": "絕妙啟示錄-張得仁-合集八",
		"id": 6300000005,
		"albumId": 6300,
		"albumtitle": "絕妙啟示錄-張得仁-合集八(5)"
	},
	{
		"path": "http://media.feearadio.net/downloads/others/Febc/unique/671.mp3",
		"title": "671 抬頭看看",
		"duration": 300,
		"size": "2.5M",
		"albumName": "絕妙啟示錄-張得仁-合集八",
		"id": 6300000006,
		"albumId": 6300,
		"albumtitle": "絕妙啟示錄-張得仁-合集八(6)"
	},
	{
		"path": "http://media.feearadio.net/downloads/others/Febc/unique/672.mp3",
		"title": "672 善意",
		"duration": 300,
		"size": "2.5M",
		"albumName": "絕妙啟示錄-張得仁-合集八",
		"id": 6300000007,
		"albumId": 6300,
		"albumtitle": "絕妙啟示錄-張得仁-合集八(7)"
	},
	{
		"path": "http://media.feearadio.net/downloads/others/Febc/unique/673.mp3",
		"title": "673 責任",
		"duration": 300,
		"size": "2.5M",
		"albumName": "絕妙啟示錄-張得仁-合集八",
		"id": 6300000008,
		"albumId": 6300,
		"albumtitle": "絕妙啟示錄-張得仁-合集八(8)"
	},
	{
		"path": "http://media.feearadio.net/downloads/others/Febc/unique/674.mp3",
		"title": "674 準備",
		"duration": 300,
		"size": "2.5M",
		"albumName": "絕妙啟示錄-張得仁-合集八",
		"id": 6300000009,
		"albumId": 6300,
		"albumtitle": "絕妙啟示錄-張得仁-合集八(9)"
	},
	{
		"path": "http://media.feearadio.net/downloads/others/Febc/unique/675.mp3",
		"title": "675 愛能化敵為友",
		"duration": 300,
		"size": "2.5M",
		"albumName": "絕妙啟示錄-張得仁-合集八",
		"id": 6300000010,
		"albumId": 6300,
		"albumtitle": "絕妙啟示錄-張得仁-合集八(10)"
	},
	{
		"path": "http://media.feearadio.net/downloads/others/Febc/unique/676.mp3",
		"title": "676 專注",
		"duration": 300,
		"size": "2.5M",
		"albumName": "絕妙啟示錄-張得仁-合集八",
		"id": 6300000011,
		"albumId": 6300,
		"albumtitle": "絕妙啟示錄-張得仁-合集八(11)"
	},
	{
		"path": "http://media.feearadio.net/downloads/others/Febc/unique/677.mp3",
		"title": "677 一視同仁",
		"duration": 300,
		"size": "2.5M",
		"albumName": "絕妙啟示錄-張得仁-合集八",
		"id": 6300000012,
		"albumId": 6300,
		"albumtitle": "絕妙啟示錄-張得仁-合集八(12)"
	},
	{
		"path": "http://media.feearadio.net/downloads/others/Febc/unique/678.mp3",
		"title": "678 尊重",
		"duration": 300,
		"size": "2.5M",
		"albumName": "絕妙啟示錄-張得仁-合集八",
		"id": 6300000013,
		"albumId": 6300,
		"albumtitle": "絕妙啟示錄-張得仁-合集八(13)"
	},
	{
		"path": "http://media.feearadio.net/downloads/others/Febc/unique/679.mp3",
		"title": "679 無悔",
		"duration": 300,
		"size": "2.5M",
		"albumName": "絕妙啟示錄-張得仁-合集八",
		"id": 6300000014,
		"albumId": 6300,
		"albumtitle": "絕妙啟示錄-張得仁-合集八(14)"
	},
	{
		"path": "http://media.feearadio.net/downloads/others/Febc/unique/680.mp3",
		"title": "680 樂在其中",
		"duration": 300,
		"size": "2.5M",
		"albumName": "絕妙啟示錄-張得仁-合集八",
		"id": 6300000015,
		"albumId": 6300,
		"albumtitle": "絕妙啟示錄-張得仁-合集八(15)"
	},
	{
		"path": "http://media.feearadio.net/downloads/others/Febc/unique/681.mp3",
		"title": "681 善用劣勢",
		"duration": 300,
		"size": "2.5M",
		"albumName": "絕妙啟示錄-張得仁-合集八",
		"id": 6300000016,
		"albumId": 6300,
		"albumtitle": "絕妙啟示錄-張得仁-合集八(16)"
	},
	{
		"path": "http://media.feearadio.net/downloads/others/Febc/unique/682.mp3",
		"title": "682 表達",
		"duration": 300,
		"size": "2.5M",
		"albumName": "絕妙啟示錄-張得仁-合集八",
		"id": 6300000017,
		"albumId": 6300,
		"albumtitle": "絕妙啟示錄-張得仁-合集八(17)"
	},
	{
		"path": "http://media.feearadio.net/downloads/others/Febc/unique/683.mp3",
		"title": "683 安逸",
		"duration": 300,
		"size": "2.5M",
		"albumName": "絕妙啟示錄-張得仁-合集八",
		"id": 6300000018,
		"albumId": 6300,
		"albumtitle": "絕妙啟示錄-張得仁-合集八(18)"
	},
	{
		"path": "http://media.feearadio.net/downloads/others/Febc/unique/684.mp3",
		"title": "684 黑帶",
		"duration": 300,
		"size": "2.5M",
		"albumName": "絕妙啟示錄-張得仁-合集八",
		"id": 6300000019,
		"albumId": 6300,
		"albumtitle": "絕妙啟示錄-張得仁-合集八(19)"
	},
	{
		"path": "http://media.feearadio.net/downloads/others/Febc/unique/685.mp3",
		"title": "685 發揮",
		"duration": 300,
		"size": "2.5M",
		"albumName": "絕妙啟示錄-張得仁-合集八",
		"id": 6300000020,
		"albumId": 6300,
		"albumtitle": "絕妙啟示錄-張得仁-合集八(20)"
	},
	{
		"path": "http://media.feearadio.net/downloads/others/Febc/unique/686.mp3",
		"title": "686 機會",
		"duration": 300,
		"size": "2.5M",
		"albumName": "絕妙啟示錄-張得仁-合集八",
		"id": 6300000021,
		"albumId": 6300,
		"albumtitle": "絕妙啟示錄-張得仁-合集八(21)"
	},
	{
		"path": "http://media.feearadio.net/downloads/others/Febc/unique/687.mp3",
		"title": "687 美",
		"duration": 300,
		"size": "2.5M",
		"albumName": "絕妙啟示錄-張得仁-合集八",
		"id": 6300000022,
		"albumId": 6300,
		"albumtitle": "絕妙啟示錄-張得仁-合集八(22)"
	},
	{
		"path": "http://media.feearadio.net/downloads/others/Febc/unique/688.mp3",
		"title": "688 付出",
		"duration": 300,
		"size": "2.5M",
		"albumName": "絕妙啟示錄-張得仁-合集八",
		"id": 6300000023,
		"albumId": 6300,
		"albumtitle": "絕妙啟示錄-張得仁-合集八(23)"
	},
	{
		"path": "http://media.feearadio.net/downloads/others/Febc/unique/689.mp3",
		"title": "689 寬容",
		"duration": 300,
		"size": "2.5M",
		"albumName": "絕妙啟示錄-張得仁-合集八",
		"id": 6300000024,
		"albumId": 6300,
		"albumtitle": "絕妙啟示錄-張得仁-合集八(24)"
	},
	{
		"path": "http://media.feearadio.net/downloads/others/Febc/unique/690.mp3",
		"title": "690 微小",
		"duration": 300,
		"size": "2.5M",
		"albumName": "絕妙啟示錄-張得仁-合集八",
		"id": 6300000025,
		"albumId": 6300,
		"albumtitle": "絕妙啟示錄-張得仁-合集八(25)"
	},
	{
		"path": "http://media.feearadio.net/downloads/others/Febc/unique/691.mp3",
		"title": "691 嘗試",
		"duration": 300,
		"size": "2.5M",
		"albumName": "絕妙啟示錄-張得仁-合集八",
		"id": 6300000026,
		"albumId": 6300,
		"albumtitle": "絕妙啟示錄-張得仁-合集八(26)"
	},
	{
		"path": "http://media.feearadio.net/downloads/others/Febc/unique/692.mp3",
		"title": "692 理由",
		"duration": 300,
		"size": "2.5M",
		"albumName": "絕妙啟示錄-張得仁-合集八",
		"id": 6300000027,
		"albumId": 6300,
		"albumtitle": "絕妙啟示錄-張得仁-合集八(27)"
	},
	{
		"path": "http://media.feearadio.net/downloads/others/Febc/unique/693.mp3",
		"title": "693 忠心",
		"duration": 300,
		"size": "2.5M",
		"albumName": "絕妙啟示錄-張得仁-合集八",
		"id": 6300000028,
		"albumId": 6300,
		"albumtitle": "絕妙啟示錄-張得仁-合集八(28)"
	},
	{
		"path": "http://media.feearadio.net/downloads/others/Febc/unique/694.mp3",
		"title": "694 賽馬",
		"duration": 300,
		"size": "2.5M",
		"albumName": "絕妙啟示錄-張得仁-合集八",
		"id": 6300000029,
		"albumId": 6300,
		"albumtitle": "絕妙啟示錄-張得仁-合集八(29)"
	},
	{
		"path": "http://media.feearadio.net/downloads/others/Febc/unique/695.mp3",
		"title": "695 志向",
		"duration": 300,
		"size": "2.5M",
		"albumName": "絕妙啟示錄-張得仁-合集八",
		"id": 6300000030,
		"albumId": 6300,
		"albumtitle": "絕妙啟示錄-張得仁-合集八(30)"
	},
	{
		"path": "http://media.feearadio.net/downloads/others/Febc/unique/696.mp3",
		"title": "696 曲折",
		"duration": 300,
		"size": "2.5M",
		"albumName": "絕妙啟示錄-張得仁-合集八",
		"id": 6300000031,
		"albumId": 6300,
		"albumtitle": "絕妙啟示錄-張得仁-合集八(31)"
	},
	{
		"path": "http://media.feearadio.net/downloads/others/Febc/unique/697.mp3",
		"title": "697 捨得",
		"duration": 300,
		"size": "2.5M",
		"albumName": "絕妙啟示錄-張得仁-合集八",
		"id": 6300000032,
		"albumId": 6300,
		"albumtitle": "絕妙啟示錄-張得仁-合集八(32)"
	},
	{
		"path": "http://media.feearadio.net/downloads/others/Febc/unique/698.mp3",
		"title": "698 居安思危",
		"duration": 300,
		"size": "2.5M",
		"albumName": "絕妙啟示錄-張得仁-合集八",
		"id": 6300000033,
		"albumId": 6300,
		"albumtitle": "絕妙啟示錄-張得仁-合集八(33)"
	},
	{
		"path": "http://media.feearadio.net/downloads/others/Febc/unique/699.mp3",
		"title": "699 自制力",
		"duration": 300,
		"size": "2.5M",
		"albumName": "絕妙啟示錄-張得仁-合集八",
		"id": 6300000034,
		"albumId": 6300,
		"albumtitle": "絕妙啟示錄-張得仁-合集八(34)"
	},
	{
		"path": "http://media.feearadio.net/downloads/others/Febc/unique/700.mp3",
		"title": "700 理直氣和",
		"duration": 300,
		"size": "2.5M",
		"albumName": "絕妙啟示錄-張得仁-合集八",
		"id": 6300000035,
		"albumId": 6300,
		"albumtitle": "絕妙啟示錄-張得仁-合集八(35)"
	},
	{
		"path": "http://media.feearadio.net/downloads/others/Febc/unique/701.mp3",
		"title": "701 別人的立場",
		"duration": 300,
		"size": "2.5M",
		"albumName": "絕妙啟示錄-張得仁-合集八",
		"id": 6300000036,
		"albumId": 6300,
		"albumtitle": "絕妙啟示錄-張得仁-合集八(36)"
	},
	{
		"path": "http://media.feearadio.net/downloads/others/Febc/unique/702.mp3",
		"title": "702 感謝對手",
		"duration": 300,
		"size": "2.5M",
		"albumName": "絕妙啟示錄-張得仁-合集八",
		"id": 6300000037,
		"albumId": 6300,
		"albumtitle": "絕妙啟示錄-張得仁-合集八(37)"
	},
	{
		"path": "http://media.feearadio.net/downloads/others/Febc/unique/703.mp3",
		"title": "703 制伏脾氣",
		"duration": 300,
		"size": "2.5M",
		"albumName": "絕妙啟示錄-張得仁-合集八",
		"id": 6300000038,
		"albumId": 6300,
		"albumtitle": "絕妙啟示錄-張得仁-合集八(38)"
	},
	{
		"path": "http://media.feearadio.net/downloads/others/Febc/unique/704.mp3",
		"title": "704 冷靜",
		"duration": 300,
		"size": "2.5M",
		"albumName": "絕妙啟示錄-張得仁-合集八",
		"id": 6300000039,
		"albumId": 6300,
		"albumtitle": "絕妙啟示錄-張得仁-合集八(39)"
	},
	{
		"path": "http://media.feearadio.net/downloads/others/Febc/unique/705.mp3",
		"title": "705 活著不是為了生氣",
		"duration": 300,
		"size": "2.5M",
		"albumName": "絕妙啟示錄-張得仁-合集八",
		"id": 6300000040,
		"albumId": 6300,
		"albumtitle": "絕妙啟示錄-張得仁-合集八(40)"
	},
	{
		"path": "http://media.feearadio.net/downloads/others/Febc/unique/706.mp3",
		"title": "706 好心情",
		"duration": 300,
		"size": "2.5M",
		"albumName": "絕妙啟示錄-張得仁-合集八",
		"id": 6300000041,
		"albumId": 6300,
		"albumtitle": "絕妙啟示錄-張得仁-合集八(41)"
	},
	{
		"path": "http://media.feearadio.net/downloads/others/Febc/unique/707.mp3",
		"title": "707 包容",
		"duration": 300,
		"size": "2.5M",
		"albumName": "絕妙啟示錄-張得仁-合集八",
		"id": 6300000042,
		"albumId": 6300,
		"albumtitle": "絕妙啟示錄-張得仁-合集八(42)"
	},
	{
		"path": "http://media.feearadio.net/downloads/others/Febc/unique/708.mp3",
		"title": "708 人非聖賢",
		"duration": 300,
		"size": "2.5M",
		"albumName": "絕妙啟示錄-張得仁-合集八",
		"id": 6300000043,
		"albumId": 6300,
		"albumtitle": "絕妙啟示錄-張得仁-合集八(43)"
	},
	{
		"path": "http://media.feearadio.net/downloads/others/Febc/unique/709.mp3",
		"title": "709 原諒",
		"duration": 300,
		"size": "2.5M",
		"albumName": "絕妙啟示錄-張得仁-合集八",
		"id": 6300000044,
		"albumId": 6300,
		"albumtitle": "絕妙啟示錄-張得仁-合集八(44)"
	},
	{
		"path": "http://media.feearadio.net/downloads/others/Febc/unique/710.mp3",
		"title": "710 提醒自己",
		"duration": 300,
		"size": "2.5M",
		"albumName": "絕妙啟示錄-張得仁-合集八",
		"id": 6300000045,
		"albumId": 6300,
		"albumtitle": "絕妙啟示錄-張得仁-合集八(45)"
	},
	{
		"path": "http://media.feearadio.net/downloads/others/Febc/unique/711.mp3",
		"title": "711 愛的鼓勵",
		"duration": 300,
		"size": "2.5M",
		"albumName": "絕妙啟示錄-張得仁-合集八",
		"id": 6300000046,
		"albumId": 6300,
		"albumtitle": "絕妙啟示錄-張得仁-合集八(46)"
	},
	{
		"path": "http://media.feearadio.net/downloads/others/Febc/unique/712.mp3",
		"title": "712 平凡的幸福",
		"duration": 300,
		"size": "2.5M",
		"albumName": "絕妙啟示錄-張得仁-合集八",
		"id": 6300000047,
		"albumId": 6300,
		"albumtitle": "絕妙啟示錄-張得仁-合集八(47)"
	},
	{
		"path": "http://media.feearadio.net/downloads/others/Febc/unique/713.mp3",
		"title": "713 不貪心",
		"duration": 300,
		"size": "2.5M",
		"albumName": "絕妙啟示錄-張得仁-合集八",
		"id": 6300000048,
		"albumId": 6300,
		"albumtitle": "絕妙啟示錄-張得仁-合集八(48)"
	},
	{
		"path": "http://media.feearadio.net/downloads/others/Febc/unique/714.mp3",
		"title": "714 不忘記過去的苦",
		"duration": 300,
		"size": "2.5M",
		"albumName": "絕妙啟示錄-張得仁-合集八",
		"id": 6300000049,
		"albumId": 6300,
		"albumtitle": "絕妙啟示錄-張得仁-合集八(49)"
	},
	{
		"path": "http://media.feearadio.net/downloads/others/Febc/unique/715.mp3",
		"title": "715 付出的幸福",
		"duration": 300,
		"size": "2.5M",
		"albumName": "絕妙啟示錄-張得仁-合集八",
		"id": 6300000050,
		"albumId": 6300,
		"albumtitle": "絕妙啟示錄-張得仁-合集八(50)"
	},
	{
		"path": "http://media.feearadio.net/downloads/others/Febc/unique/716.mp3",
		"title": "716 相對與絕對",
		"duration": 300,
		"size": "2.5M",
		"albumName": "絕妙啟示錄-張得仁-合集八",
		"id": 6300000051,
		"albumId": 6300,
		"albumtitle": "絕妙啟示錄-張得仁-合集八(51)"
	},
	{
		"path": "http://media.feearadio.net/downloads/others/Febc/unique/717.mp3",
		"title": "717 適當的限制可以點燃渴望",
		"duration": 300,
		"size": "2.5M",
		"albumName": "絕妙啟示錄-張得仁-合集八",
		"id": 6300000052,
		"albumId": 6300,
		"albumtitle": "絕妙啟示錄-張得仁-合集八(52)"
	},
	{
		"path": "http://media.feearadio.net/downloads/others/Febc/unique/718.mp3",
		"title": "718 學習把每一個人當做自己的親人",
		"duration": 300,
		"size": "2.5M",
		"albumName": "絕妙啟示錄-張得仁-合集八",
		"id": 6300000053,
		"albumId": 6300,
		"albumtitle": "絕妙啟示錄-張得仁-合集八(53)"
	},
	{
		"path": "http://media.feearadio.net/downloads/others/Febc/unique/719.mp3",
		"title": "719 每天照一次鏡子的強者",
		"duration": 300,
		"size": "2.5M",
		"albumName": "絕妙啟示錄-張得仁-合集八",
		"id": 6300000054,
		"albumId": 6300,
		"albumtitle": "絕妙啟示錄-張得仁-合集八(54)"
	},
	{
		"path": "http://media.feearadio.net/downloads/others/Febc/unique/720.mp3",
		"title": "720 錯誤已造成就難以復原",
		"duration": 300,
		"size": "2.5M",
		"albumName": "絕妙啟示錄-張得仁-合集八",
		"id": 6300000055,
		"albumId": 6300,
		"albumtitle": "絕妙啟示錄-張得仁-合集八(55)"
	},
	{
		"path": "http://media.feearadio.net/downloads/others/Febc/unique/721.mp3",
		"title": "721 遠見就是不要因小失大",
		"duration": 300,
		"size": "2.5M",
		"albumName": "絕妙啟示錄-張得仁-合集八",
		"id": 6300000056,
		"albumId": 6300,
		"albumtitle": "絕妙啟示錄-張得仁-合集八(56)"
	},
	{
		"path": "http://media.feearadio.net/downloads/others/Febc/unique/722.mp3",
		"title": "722 減少敵人的方法",
		"duration": 300,
		"size": "2.5M",
		"albumName": "絕妙啟示錄-張得仁-合集八",
		"id": 6300000057,
		"albumId": 6300,
		"albumtitle": "絕妙啟示錄-張得仁-合集八(57)"
	},
	{
		"path": "http://media.feearadio.net/downloads/others/Febc/unique/723.mp3",
		"title": "723 無意義的目標結局注定是後悔",
		"duration": 300,
		"size": "2.5M",
		"albumName": "絕妙啟示錄-張得仁-合集八",
		"id": 6300000058,
		"albumId": 6300,
		"albumtitle": "絕妙啟示錄-張得仁-合集八(58)"
	},
	{
		"path": "http://media.feearadio.net/downloads/others/Febc/unique/724.mp3",
		"title": "724 節制是成功的方式",
		"duration": 300,
		"size": "2.5M",
		"albumName": "絕妙啟示錄-張得仁-合集八",
		"id": 6300000059,
		"albumId": 6300,
		"albumtitle": "絕妙啟示錄-張得仁-合集八(59)"
	},
	{
		"path": "http://media.feearadio.net/downloads/others/Febc/unique/725.mp3",
		"title": "725 專注才是保持領先的方式",
		"duration": 300,
		"size": "2.5M",
		"albumName": "絕妙啟示錄-張得仁-合集八",
		"id": 6300000060,
		"albumId": 6300,
		"albumtitle": "絕妙啟示錄-張得仁-合集八(60)"
	},
	{
		"path": "http://media.feearadio.net/downloads/others/Febc/unique/726.mp3",
		"title": "726 要好好活著而非撐著不死",
		"duration": 300,
		"size": "2.5M",
		"albumName": "絕妙啟示錄-張得仁-合集八",
		"id": 6300000061,
		"albumId": 6300,
		"albumtitle": "絕妙啟示錄-張得仁-合集八(61)"
	},
	{
		"path": "http://media.feearadio.net/downloads/others/Febc/unique/727.mp3",
		"title": "727 以善才能勝惡",
		"duration": 300,
		"size": "2.5M",
		"albumName": "絕妙啟示錄-張得仁-合集八",
		"id": 6300000062,
		"albumId": 6300,
		"albumtitle": "絕妙啟示錄-張得仁-合集八(62)"
	},
	{
		"path": "http://media.feearadio.net/downloads/others/Febc/unique/728.mp3",
		"title": "728 不要看輕任何人才是聰明人",
		"duration": 300,
		"size": "2.5M",
		"albumName": "絕妙啟示錄-張得仁-合集八",
		"id": 6300000063,
		"albumId": 6300,
		"albumtitle": "絕妙啟示錄-張得仁-合集八(63)"
	},
	{
		"path": "http://media.feearadio.net/downloads/others/Febc/unique/729.mp3",
		"title": "729 照單全收不加分辨 成功將很難出現",
		"duration": 300,
		"size": "2.5M",
		"albumName": "絕妙啟示錄-張得仁-合集八",
		"id": 6300000064,
		"albumId": 6300,
		"albumtitle": "絕妙啟示錄-張得仁-合集八(64)"
	},
	{
		"path": "http://media.feearadio.net/downloads/others/Febc/unique/730.mp3",
		"title": "730 內在的清潔勝過外在的華美",
		"duration": 300,
		"size": "2.5M",
		"albumName": "絕妙啟示錄-張得仁-合集八",
		"id": 6300000065,
		"albumId": 6300,
		"albumtitle": "絕妙啟示錄-張得仁-合集八(65)"
	},
	{
		"path": "http://media.feearadio.net/downloads/others/Febc/unique/731.mp3",
		"title": "731 吝嗇原諒 人生不會發亮",
		"duration": 300,
		"size": "2.5M",
		"albumName": "絕妙啟示錄-張得仁-合集八",
		"id": 6300000066,
		"albumId": 6300,
		"albumtitle": "絕妙啟示錄-張得仁-合集八(66)"
	},
	{
		"path": "http://media.feearadio.net/downloads/others/Febc/unique/732.mp3",
		"title": "732 有感動卻沒有行對仍舊等於是零",
		"duration": 300,
		"size": "2.5M",
		"albumName": "絕妙啟示錄-張得仁-合集八",
		"id": 6300000067,
		"albumId": 6300,
		"albumtitle": "絕妙啟示錄-張得仁-合集八(67)"
	},
	{
		"path": "http://media.feearadio.net/downloads/others/Febc/unique/733.mp3",
		"title": "733 學習做一個讓人覺得值得的人",
		"duration": 300,
		"size": "2.5M",
		"albumName": "絕妙啟示錄-張得仁-合集八",
		"id": 6300000068,
		"albumId": 6300,
		"albumtitle": "絕妙啟示錄-張得仁-合集八(68)"
	},
	{
		"path": "http://media.feearadio.net/downloads/others/Febc/unique/734.mp3",
		"title": "734 請把先苦後甘的原理擺在心理",
		"duration": 300,
		"size": "2.5M",
		"albumName": "絕妙啟示錄-張得仁-合集八",
		"id": 6300000069,
		"albumId": 6300,
		"albumtitle": "絕妙啟示錄-張得仁-合集八(69)"
	},
	{
		"path": "http://media.feearadio.net/downloads/others/Febc/unique/735.mp3",
		"title": "735 彩虹是受了挫折的陽光",
		"duration": 300,
		"size": "2.5M",
		"albumName": "絕妙啟示錄-張得仁-合集八",
		"id": 6300000070,
		"albumId": 6300,
		"albumtitle": "絕妙啟示錄-張得仁-合集八(70)"
	},
	{
		"path": "http://media.feearadio.net/downloads/others/Febc/unique/736.mp3",
		"title": "736 找到衝突的平衡點是一難得的優點",
		"duration": 300,
		"size": "2.5M",
		"albumName": "絕妙啟示錄-張得仁-合集八",
		"id": 6300000071,
		"albumId": 6300,
		"albumtitle": "絕妙啟示錄-張得仁-合集八(71)"
	},
	{
		"path": "http://media.feearadio.net/downloads/others/Febc/unique/737.mp3",
		"title": "737 英雄的悲歌真相",
		"duration": 300,
		"size": "2.5M",
		"albumName": "絕妙啟示錄-張得仁-合集八",
		"id": 6300000072,
		"albumId": 6300,
		"albumtitle": "絕妙啟示錄-張得仁-合集八(72)"
	},
	{
		"path": "http://media.feearadio.net/downloads/others/Febc/unique/738.mp3",
		"title": "738 合作勝過單打獨鬥",
		"duration": 300,
		"size": "2.5M",
		"albumName": "絕妙啟示錄-張得仁-合集八",
		"id": 6300000073,
		"albumId": 6300,
		"albumtitle": "絕妙啟示錄-張得仁-合集八(73)"
	},
	{
		"path": "http://media.feearadio.net/downloads/others/Febc/unique/739.mp3",
		"title": "739 化解他人嘲笑的良方",
		"duration": 300,
		"size": "2.5M",
		"albumName": "絕妙啟示錄-張得仁-合集八",
		"id": 6300000074,
		"albumId": 6300,
		"albumtitle": "絕妙啟示錄-張得仁-合集八(74)"
	},
	{
		"path": "http://media.feearadio.net/downloads/others/Febc/unique/740.mp3",
		"title": "740 選擇正確的位置是走向成功的方式",
		"duration": 300,
		"size": "2.5M",
		"albumName": "絕妙啟示錄-張得仁-合集八",
		"id": 6300000075,
		"albumId": 6300,
		"albumtitle": "絕妙啟示錄-張得仁-合集八(75)"
	},
	{
		"path": "http://media.feearadio.net/downloads/others/Febc/unique/741.mp3",
		"title": "741 反敗為勝的思考模式",
		"duration": 300,
		"size": "2.5M",
		"albumName": "絕妙啟示錄-張得仁-合集八",
		"id": 6300000076,
		"albumId": 6300,
		"albumtitle": "絕妙啟示錄-張得仁-合集八(76)"
	},
	{
		"path": "http://media.feearadio.net/downloads/others/Febc/unique/742.mp3",
		"title": "742 微笑可以化解怒氣",
		"duration": 300,
		"size": "2.5M",
		"albumName": "絕妙啟示錄-張得仁-合集八",
		"id": 6300000077,
		"albumId": 6300,
		"albumtitle": "絕妙啟示錄-張得仁-合集八(77)"
	},
	{
		"path": "http://media.feearadio.net/downloads/others/Febc/unique/743.mp3",
		"title": "743 要常想對方需要什麼而非我想給對方什麼",
		"duration": 300,
		"size": "2.5M",
		"albumName": "絕妙啟示錄-張得仁-合集八",
		"id": 6300000078,
		"albumId": 6300,
		"albumtitle": "絕妙啟示錄-張得仁-合集八(78)"
	},
	{
		"path": "http://media.feearadio.net/downloads/others/Febc/unique/744.mp3",
		"title": "744 和睦是成功的第一要務",
		"duration": 300,
		"size": "2.5M",
		"albumName": "絕妙啟示錄-張得仁-合集八",
		"id": 6300000079,
		"albumId": 6300,
		"albumtitle": "絕妙啟示錄-張得仁-合集八(79)"
	},
	{
		"path": "http://media.feearadio.net/downloads/others/Febc/unique/745.mp3",
		"title": "745 成功者總是先看到別人的需要",
		"duration": 300,
		"size": "2.5M",
		"albumName": "絕妙啟示錄-張得仁-合集八",
		"id": 6300000080,
		"albumId": 6300,
		"albumtitle": "絕妙啟示錄-張得仁-合集八(80)"
	},
	{
		"path": "http://media.feearadio.net/downloads/others/Febc/unique/746.mp3",
		"title": "746 聞過則改是登向成功之路",
		"duration": 300,
		"size": "2.5M",
		"albumName": "絕妙啟示錄-張得仁-合集八",
		"id": 6300000081,
		"albumId": 6300,
		"albumtitle": "絕妙啟示錄-張得仁-合集八(81)"
	},
	{
		"path": "http://media.feearadio.net/downloads/others/Febc/unique/747.mp3",
		"title": "747 忠言逆耳",
		"duration": 300,
		"size": "2.5M",
		"albumName": "絕妙啟示錄-張得仁-合集八",
		"id": 6300000082,
		"albumId": 6300,
		"albumtitle": "絕妙啟示錄-張得仁-合集八(82)"
	},
	{
		"path": "http://media.feearadio.net/downloads/others/Febc/unique/748.mp3",
		"title": "748 有雅量人生才會為之一亮",
		"duration": 300,
		"size": "2.5M",
		"albumName": "絕妙啟示錄-張得仁-合集八",
		"id": 6300000083,
		"albumId": 6300,
		"albumtitle": "絕妙啟示錄-張得仁-合集八(83)"
	},
	{
		"path": "http://media.feearadio.net/downloads/others/Febc/unique/749.mp3",
		"title": "749 有時放棄一些東西比得到一些東西更重要",
		"duration": 300,
		"size": "2.5M",
		"albumName": "絕妙啟示錄-張得仁-合集八",
		"id": 6300000084,
		"albumId": 6300,
		"albumtitle": "絕妙啟示錄-張得仁-合集八(84)"
	},
	{
		"path": "http://media.feearadio.net/downloads/others/Febc/unique/750.mp3",
		"title": "750 看見自我弱點的秘訣",
		"duration": 300,
		"size": "2.5M",
		"albumName": "絕妙啟示錄-張得仁-合集八",
		"id": 6300000085,
		"albumId": 6300,
		"albumtitle": "絕妙啟示錄-張得仁-合集八(85)"
	},
	{
		"path": "http://media.feearadio.net/downloads/others/Febc/unique/751.mp3",
		"title": "751 開放參與是最好的說服",
		"duration": 300,
		"size": "2.5M",
		"albumName": "絕妙啟示錄-張得仁-合集八",
		"id": 6300000086,
		"albumId": 6300,
		"albumtitle": "絕妙啟示錄-張得仁-合集八(86)"
	},
	{
		"path": "http://media.feearadio.net/downloads/others/Febc/unique/752.mp3",
		"title": "752 找到自己的興趣才容易將生命的惰性除去",
		"duration": 300,
		"size": "2.5M",
		"albumName": "絕妙啟示錄-張得仁-合集八",
		"id": 6300000087,
		"albumId": 6300,
		"albumtitle": "絕妙啟示錄-張得仁-合集八(87)"
	},
	{
		"path": "http://media.feearadio.net/downloads/others/Febc/unique/753.mp3",
		"title": "753 不要為失敗回頭 而要繼續向前走",
		"duration": 300,
		"size": "2.5M",
		"albumName": "絕妙啟示錄-張得仁-合集八",
		"id": 6300000088,
		"albumId": 6300,
		"albumtitle": "絕妙啟示錄-張得仁-合集八(88)"
	},
	{
		"path": "http://media.feearadio.net/downloads/others/Febc/unique/754.mp3",
		"title": "754 一鳥在手勝過二鳥在林",
		"duration": 300,
		"size": "2.5M",
		"albumName": "絕妙啟示錄-張得仁-合集八",
		"id": 6300000089,
		"albumId": 6300,
		"albumtitle": "絕妙啟示錄-張得仁-合集八(89)"
	},
	{
		"path": "http://media.feearadio.net/downloads/others/Febc/unique/755.mp3",
		"title": "755 尊重不分貴賤成功才會看得見",
		"duration": 300,
		"size": "2.5M",
		"albumName": "絕妙啟示錄-張得仁-合集八",
		"id": 6300000090,
		"albumId": 6300,
		"albumtitle": "絕妙啟示錄-張得仁-合集八(90)"
	},
	{
		"path": "http://media.feearadio.net/downloads/others/Febc/unique/756.mp3",
		"title": "756 學習不要受他人負面斷語的影響",
		"duration": 300,
		"size": "2.5M",
		"albumName": "絕妙啟示錄-張得仁-合集八",
		"id": 6300000091,
		"albumId": 6300,
		"albumtitle": "絕妙啟示錄-張得仁-合集八(91)"
	},
	{
		"path": "http://media.feearadio.net/downloads/others/Febc/unique/757.mp3",
		"title": "757 經驗的累積是了解問題的途徑之一",
		"duration": 300,
		"size": "2.5M",
		"albumName": "絕妙啟示錄-張得仁-合集八",
		"id": 6300000092,
		"albumId": 6300,
		"albumtitle": "絕妙啟示錄-張得仁-合集八(92)"
	},
	{
		"path": "http://media.feearadio.net/downloads/others/Febc/unique/758.mp3",
		"title": "758 偉大的領悟",
		"duration": 300,
		"size": "2.5M",
		"albumName": "絕妙啟示錄-張得仁-合集八",
		"id": 6300000093,
		"albumId": 6300,
		"albumtitle": "絕妙啟示錄-張得仁-合集八(93)"
	},
	{
		"path": "http://media.feearadio.net/downloads/others/Febc/unique/759.mp3",
		"title": "759 不要衝動",
		"duration": 300,
		"size": "2.5M",
		"albumName": "絕妙啟示錄-張得仁-合集八",
		"id": 6300000094,
		"albumId": 6300,
		"albumtitle": "絕妙啟示錄-張得仁-合集八(94)"
	},
	{
		"path": "http://media.feearadio.net/downloads/others/Febc/unique/760.mp3",
		"title": "760 不要失去",
		"duration": 300,
		"size": "2.5M",
		"albumName": "絕妙啟示錄-張得仁-合集八",
		"id": 6300000095,
		"albumId": 6300,
		"albumtitle": "絕妙啟示錄-張得仁-合集八(95)"
	}
]