[
  {
    "path": "http://media.feearadio.net/downloads/others/Febc/Holysongs/Chen/01.mp3",
    "title": "第一集",
    "duration": 1800,
    "size": "13.7M",
    "albumName": "聖樂中的合唱精華-陳麗芬",
    "id": 6039000001,
    "albumId": 6039,
    "albumtitle": "聖樂中的合唱精華-陳麗芬(1)"
  },
  {
    "path": "http://media.feearadio.net/downloads/others/Febc/Holysongs/Chen/02.mp3",
    "title": "第二集",
    "duration": 1800,
    "size": "13.7M",
    "albumName": "聖樂中的合唱精華-陳麗芬",
    "id": 6039000002,
    "albumId": 6039,
    "albumtitle": "聖樂中的合唱精華-陳麗芬(2)"
  },
  {
    "path": "http://media.feearadio.net/downloads/others/Febc/Holysongs/Chen/03.mp3",
    "title": "第三集",
    "duration": 1800,
    "size": "13.7M",
    "albumName": "聖樂中的合唱精華-陳麗芬",
    "id": 6039000003,
    "albumId": 6039,
    "albumtitle": "聖樂中的合唱精華-陳麗芬(3)"
  },
  {
    "path": "http://media.feearadio.net/downloads/others/Febc/Holysongs/Chen/04.mp3",
    "title": "第四集",
    "duration": 1800,
    "size": "13.7M",
    "albumName": "聖樂中的合唱精華-陳麗芬",
    "id": 6039000004,
    "albumId": 6039,
    "albumtitle": "聖樂中的合唱精華-陳麗芬(4)"
  },
  {
    "path": "http://media.feearadio.net/downloads/others/Febc/Holysongs/Chen/05.mp3",
    "title": "第五集",
    "duration": 1800,
    "size": "13.7M",
    "albumName": "聖樂中的合唱精華-陳麗芬",
    "id": 6039000005,
    "albumId": 6039,
    "albumtitle": "聖樂中的合唱精華-陳麗芬(5)"
  },
  {
    "path": "http://media.feearadio.net/downloads/others/Febc/Holysongs/Chen/06.mp3",
    "title": "第六集",
    "duration": 1800,
    "size": "13.7M",
    "albumName": "聖樂中的合唱精華-陳麗芬",
    "id": 6039000006,
    "albumId": 6039,
    "albumtitle": "聖樂中的合唱精華-陳麗芬(6)"
  },
  {
    "path": "http://media.feearadio.net/downloads/others/Febc/Holysongs/Chen/07.mp3",
    "title": "第七集",
    "duration": 1800,
    "size": "13.7M",
    "albumName": "聖樂中的合唱精華-陳麗芬",
    "id": 6039000007,
    "albumId": 6039,
    "albumtitle": "聖樂中的合唱精華-陳麗芬(7)"
  },
  {
    "path": "http://media.feearadio.net/downloads/others/Febc/Holysongs/Chen/08.mp3",
    "title": "第八集",
    "duration": 1800,
    "size": "13.7M",
    "albumName": "聖樂中的合唱精華-陳麗芬",
    "id": 6039000008,
    "albumId": 6039,
    "albumtitle": "聖樂中的合唱精華-陳麗芬(8)"
  },
  {
    "path": "http://media.feearadio.net/downloads/others/Febc/Holysongs/Chen/09.mp3",
    "title": "第九集",
    "duration": 1800,
    "size": "13.7M",
    "albumName": "聖樂中的合唱精華-陳麗芬",
    "id": 6039000009,
    "albumId": 6039,
    "albumtitle": "聖樂中的合唱精華-陳麗芬(9)"
  },
  {
    "path": "http://media.feearadio.net/downloads/others/Febc/Holysongs/Chen/10.mp3",
    "title": "第十集",
    "duration": 1800,
    "size": "13.7M",
    "albumName": "聖樂中的合唱精華-陳麗芬",
    "id": 6039000010,
    "albumId": 6039,
    "albumtitle": "聖樂中的合唱精華-陳麗芬(10)"
  },
  {
    "path": "http://media.feearadio.net/downloads/others/Febc/Holysongs/Chen/11.mp3",
    "title": "第十一集",
    "duration": 1800,
    "size": "13.7M",
    "albumName": "聖樂中的合唱精華-陳麗芬",
    "id": 6039000011,
    "albumId": 6039,
    "albumtitle": "聖樂中的合唱精華-陳麗芬(11)"
  },
  {
    "path": "http://media.feearadio.net/downloads/others/Febc/Holysongs/Chen/12.mp3",
    "title": "第十二集",
    "duration": 1800,
    "size": "13.7M",
    "albumName": "聖樂中的合唱精華-陳麗芬",
    "id": 6039000012,
    "albumId": 6039,
    "albumtitle": "聖樂中的合唱精華-陳麗芬(12)"
  },
  {
    "path": "http://media.feearadio.net/downloads/others/Febc/Holysongs/Chen/13.mp3",
    "title": "第十三集",
    "duration": 1800,
    "size": "13.7M",
    "albumName": "聖樂中的合唱精華-陳麗芬",
    "id": 6039000013,
    "albumId": 6039,
    "albumtitle": "聖樂中的合唱精華-陳麗芬(13)"
  },
  {
    "path": "http://media.feearadio.net/downloads/others/Febc/Holysongs/Chen/14.mp3",
    "title": "第十四集",
    "duration": 1800,
    "size": "13.7M",
    "albumName": "聖樂中的合唱精華-陳麗芬",
    "id": 6039000014,
    "albumId": 6039,
    "albumtitle": "聖樂中的合唱精華-陳麗芬(14)"
  },
  {
    "path": "http://media.feearadio.net/downloads/others/Febc/Holysongs/Chen/15.mp3",
    "title": "第十五集",
    "duration": 1800,
    "size": "13.7M",
    "albumName": "聖樂中的合唱精華-陳麗芬",
    "id": 6039000015,
    "albumId": 6039,
    "albumtitle": "聖樂中的合唱精華-陳麗芬(15)"
  },
  {
    "path": "http://media.feearadio.net/downloads/others/Febc/Holysongs/Chen/16.mp3",
    "title": "第十六集",
    "duration": 1800,
    "size": "13.7M",
    "albumName": "聖樂中的合唱精華-陳麗芬",
    "id": 6039000016,
    "albumId": 6039,
    "albumtitle": "聖樂中的合唱精華-陳麗芬(16)"
  },
  {
    "path": "http://media.feearadio.net/downloads/others/Febc/Holysongs/Chen/17.mp3",
    "title": "第十七集",
    "duration": 1800,
    "size": "13.7M",
    "albumName": "聖樂中的合唱精華-陳麗芬",
    "id": 6039000017,
    "albumId": 6039,
    "albumtitle": "聖樂中的合唱精華-陳麗芬(17)"
  },
  {
    "path": "http://media.feearadio.net/downloads/others/Febc/Holysongs/Chen/18.mp3",
    "title": "第十八集",
    "duration": 1800,
    "size": "13.7M",
    "albumName": "聖樂中的合唱精華-陳麗芬",
    "id": 6039000018,
    "albumId": 6039,
    "albumtitle": "聖樂中的合唱精華-陳麗芬(18)"
  },
  {
    "path": "http://media.feearadio.net/downloads/others/Febc/Holysongs/Chen/19.mp3",
    "title": "第十九集",
    "duration": 1800,
    "size": "13.7M",
    "albumName": "聖樂中的合唱精華-陳麗芬",
    "id": 6039000019,
    "albumId": 6039,
    "albumtitle": "聖樂中的合唱精華-陳麗芬(19)"
  },
  {
    "path": "http://media.feearadio.net/downloads/others/Febc/Holysongs/Chen/20.mp3",
    "title": "第二十集",
    "duration": 1800,
    "size": "13.7M",
    "albumName": "聖樂中的合唱精華-陳麗芬",
    "id": 6039000020,
    "albumId": 6039,
    "albumtitle": "聖樂中的合唱精華-陳麗芬(20)"
  },
  {
    "path": "http://media.feearadio.net/downloads/others/Febc/Holysongs/Chen/21.mp3",
    "title": "第二十一集",
    "duration": 1800,
    "size": "13.7M",
    "albumName": "聖樂中的合唱精華-陳麗芬",
    "id": 6039000021,
    "albumId": 6039,
    "albumtitle": "聖樂中的合唱精華-陳麗芬(21)"
  },
  {
    "path": "http://media.feearadio.net/downloads/others/Febc/Holysongs/Chen/22.mp3",
    "title": "第二十二集",
    "duration": 1800,
    "size": "13.7M",
    "albumName": "聖樂中的合唱精華-陳麗芬",
    "id": 6039000022,
    "albumId": 6039,
    "albumtitle": "聖樂中的合唱精華-陳麗芬(22)"
  },
  {
    "path": "http://media.feearadio.net/downloads/others/Febc/Holysongs/Chen/23.mp3",
    "title": "第二十三集",
    "duration": 1800,
    "size": "13.7M",
    "albumName": "聖樂中的合唱精華-陳麗芬",
    "id": 6039000023,
    "albumId": 6039,
    "albumtitle": "聖樂中的合唱精華-陳麗芬(23)"
  },
  {
    "path": "http://media.feearadio.net/downloads/others/Febc/Holysongs/Chen/24.mp3",
    "title": "第二十四集",
    "duration": 1800,
    "size": "13.7M",
    "albumName": "聖樂中的合唱精華-陳麗芬",
    "id": 6039000024,
    "albumId": 6039,
    "albumtitle": "聖樂中的合唱精華-陳麗芬(24)"
  },
  {
    "path": "http://media.feearadio.net/downloads/others/Febc/Holysongs/Chen/25.mp3",
    "title": "第二十五集",
    "duration": 1800,
    "size": "13.7M",
    "albumName": "聖樂中的合唱精華-陳麗芬",
    "id": 6039000025,
    "albumId": 6039,
    "albumtitle": "聖樂中的合唱精華-陳麗芬(25)"
  },
  {
    "path": "http://media.feearadio.net/downloads/others/Febc/Holysongs/Chen/26.mp3",
    "title": "第二十六集",
    "duration": 1800,
    "size": "13.7M",
    "albumName": "聖樂中的合唱精華-陳麗芬",
    "id": 6039000026,
    "albumId": 6039,
    "albumtitle": "聖樂中的合唱精華-陳麗芬(26)"
  },
  {
    "path": "http://media.feearadio.net/downloads/others/Febc/Holysongs/Chen/27.mp3",
    "title": "第二十七集",
    "duration": 1800,
    "size": "13.7M",
    "albumName": "聖樂中的合唱精華-陳麗芬",
    "id": 6039000027,
    "albumId": 6039,
    "albumtitle": "聖樂中的合唱精華-陳麗芬(27)"
  },
  {
    "path": "http://media.feearadio.net/downloads/others/Febc/Holysongs/Chen/28.mp3",
    "title": "第二十八集",
    "duration": 1800,
    "size": "13.7M",
    "albumName": "聖樂中的合唱精華-陳麗芬",
    "id": 6039000028,
    "albumId": 6039,
    "albumtitle": "聖樂中的合唱精華-陳麗芬(28)"
  },
  {
    "path": "http://media.feearadio.net/downloads/others/Febc/Holysongs/Chen/29.mp3",
    "title": "第二十九集",
    "duration": 1800,
    "size": "13.7M",
    "albumName": "聖樂中的合唱精華-陳麗芬",
    "id": 6039000029,
    "albumId": 6039,
    "albumtitle": "聖樂中的合唱精華-陳麗芬(29)"
  },
  {
    "path": "http://media.feearadio.net/downloads/others/Febc/Holysongs/Chen/30.mp3",
    "title": "第三十集",
    "duration": 1800,
    "size": "13.7M",
    "albumName": "聖樂中的合唱精華-陳麗芬",
    "id": 6039000030,
    "albumId": 6039,
    "albumtitle": "聖樂中的合唱精華-陳麗芬(30)"
  },
  {
    "path": "http://media.feearadio.net/downloads/others/Febc/Holysongs/Chen/31.mp3",
    "title": "第三十一集",
    "duration": 1800,
    "size": "13.7M",
    "albumName": "聖樂中的合唱精華-陳麗芬",
    "id": 6039000031,
    "albumId": 6039,
    "albumtitle": "聖樂中的合唱精華-陳麗芬(31)"
  },
  {
    "path": "http://media.feearadio.net/downloads/others/Febc/Holysongs/Chen/32.mp3",
    "title": "第三十二集",
    "duration": 1800,
    "size": "13.7M",
    "albumName": "聖樂中的合唱精華-陳麗芬",
    "id": 6039000032,
    "albumId": 6039,
    "albumtitle": "聖樂中的合唱精華-陳麗芬(32)"
  },
  {
    "path": "http://media.feearadio.net/downloads/others/Febc/Holysongs/Chen/33.mp3",
    "title": "第三十三集",
    "duration": 1800,
    "size": "13.7M",
    "albumName": "聖樂中的合唱精華-陳麗芬",
    "id": 6039000033,
    "albumId": 6039,
    "albumtitle": "聖樂中的合唱精華-陳麗芬(33)"
  },
  {
    "path": "http://media.feearadio.net/downloads/others/Febc/Holysongs/Chen/34.mp3",
    "title": "第三十四集",
    "duration": 1800,
    "size": "13.7M",
    "albumName": "聖樂中的合唱精華-陳麗芬",
    "id": 6039000034,
    "albumId": 6039,
    "albumtitle": "聖樂中的合唱精華-陳麗芬(34)"
  },
  {
    "path": "http://media.feearadio.net/downloads/others/Febc/Holysongs/Chen/35.mp3",
    "title": "第三十五集",
    "duration": 1800,
    "size": "13.7M",
    "albumName": "聖樂中的合唱精華-陳麗芬",
    "id": 6039000035,
    "albumId": 6039,
    "albumtitle": "聖樂中的合唱精華-陳麗芬(35)"
  },
  {
    "path": "http://media.feearadio.net/downloads/others/Febc/Holysongs/Chen/36.mp3",
    "title": "第三十六集",
    "duration": 1800,
    "size": "13.7M",
    "albumName": "聖樂中的合唱精華-陳麗芬",
    "id": 6039000036,
    "albumId": 6039,
    "albumtitle": "聖樂中的合唱精華-陳麗芬(36)"
  },
  {
    "path": "http://media.feearadio.net/downloads/others/Febc/Holysongs/Chen/37.mp3",
    "title": "第三十七集",
    "duration": 1800,
    "size": "13.7M",
    "albumName": "聖樂中的合唱精華-陳麗芬",
    "id": 6039000037,
    "albumId": 6039,
    "albumtitle": "聖樂中的合唱精華-陳麗芬(37)"
  },
  {
    "path": "http://media.feearadio.net/downloads/others/Febc/Holysongs/Chen/38.mp3",
    "title": "第三十八集",
    "duration": 1800,
    "size": "13.7M",
    "albumName": "聖樂中的合唱精華-陳麗芬",
    "id": 6039000038,
    "albumId": 6039,
    "albumtitle": "聖樂中的合唱精華-陳麗芬(38)"
  },
  {
    "path": "http://media.feearadio.net/downloads/others/Febc/Holysongs/Chen/39.mp3",
    "title": "第三十九集",
    "duration": 1800,
    "size": "13.7M",
    "albumName": "聖樂中的合唱精華-陳麗芬",
    "id": 6039000039,
    "albumId": 6039,
    "albumtitle": "聖樂中的合唱精華-陳麗芬(39)"
  }
]