[
	{
		"path": "http://media.feearadio.net/downloads/others/CD/2010/11/01.mp3",
		"title": "1.主愛有多少",
		"duration": 550,
		"size": "4M",
		"albumName": "【節目精選CD】2010年11月份 - 主愛不盡。同行在愛中",
		"id": 6080000001,
		"albumId": 6080,
		"albumtitle": "【節目精選CD】2010年11月份 - 主愛不盡。同行在愛中(1)"
	},
	{
		"path": "http://media.feearadio.net/downloads/others/CD/2010/11/02.mp3",
		"title": "2.主愛不盡-1",
		"duration": 550,
		"size": "4M",
		"albumName": "【節目精選CD】2010年11月份 - 主愛不盡。同行在愛中",
		"id": 6080000002,
		"albumId": 6080,
		"albumtitle": "【節目精選CD】2010年11月份 - 主愛不盡。同行在愛中(2)"
	},
	{
		"path": "http://media.feearadio.net/downloads/others/CD/2010/11/03.mp3",
		"title": "3.詩篇23篇",
		"duration": 550,
		"size": "4M",
		"albumName": "【節目精選CD】2010年11月份 - 主愛不盡。同行在愛中",
		"id": 6080000003,
		"albumId": 6080,
		"albumtitle": "【節目精選CD】2010年11月份 - 主愛不盡。同行在愛中(3)"
	},
	{
		"path": "http://media.feearadio.net/downloads/others/CD/2010/11/04.mp3",
		"title": "4.主愛不盡-2",
		"duration": 550,
		"size": "4M",
		"albumName": "【節目精選CD】2010年11月份 - 主愛不盡。同行在愛中",
		"id": 6080000004,
		"albumId": 6080,
		"albumtitle": "【節目精選CD】2010年11月份 - 主愛不盡。同行在愛中(4)"
	},
	{
		"path": "http://media.feearadio.net/downloads/others/CD/2010/11/05.mp3",
		"title": "5.主是我密友良伴",
		"duration": 550,
		"size": "4M",
		"albumName": "【節目精選CD】2010年11月份 - 主愛不盡。同行在愛中",
		"id": 6080000005,
		"albumId": 6080,
		"albumtitle": "【節目精選CD】2010年11月份 - 主愛不盡。同行在愛中(5)"
	},
	{
		"path": "http://media.feearadio.net/downloads/others/CD/2010/11/06.mp3",
		"title": "6.主愛不盡-3",
		"duration": 550,
		"size": "4M",
		"albumName": "【節目精選CD】2010年11月份 - 主愛不盡。同行在愛中",
		"id": 6080000006,
		"albumId": 6080,
		"albumtitle": "【節目精選CD】2010年11月份 - 主愛不盡。同行在愛中(6)"
	},
	{
		"path": "http://media.feearadio.net/downloads/others/CD/2010/11/08.mp3",
		"title": "8.主愛不盡-4",
		"duration": 550,
		"size": "4M",
		"albumName": "【節目精選CD】2010年11月份 - 主愛不盡。同行在愛中",
		"id": 6080000007,
		"albumId": 6080,
		"albumtitle": "【節目精選CD】2010年11月份 - 主愛不盡。同行在愛中(7)"
	}
]