[
	{
		"path": "http://media.feearadio.net/downloads/others/CD/2016/09/01.mp3",
		"title": "1.期待 - 天韻詩班",
		"duration": 550,
		"size": "4M",
		"albumName": "【節目精選CD】2016年9月份 - 福音沙畫藝術家。心心之火",
		"id": 6150000001,
		"albumId": 6150,
		"albumtitle": "【節目精選CD】2016年9月份 - 福音沙畫藝術家。心心之火(1)"
	},
	{
		"path": "http://media.feearadio.net/downloads/others/CD/2016/09/02.mp3",
		"title": "2.莊明達的故事-01",
		"duration": 550,
		"size": "4M",
		"albumName": "【節目精選CD】2016年9月份 - 福音沙畫藝術家。心心之火",
		"id": 6150000002,
		"albumId": 6150,
		"albumtitle": "【節目精選CD】2016年9月份 - 福音沙畫藝術家。心心之火(2)"
	},
	{
		"path": "http://media.feearadio.net/downloads/others/CD/2016/09/03.mp3",
		"title": "3.祢的愛在我心裡面 - 芥菜種音樂",
		"duration": 550,
		"size": "4M",
		"albumName": "【節目精選CD】2016年9月份 - 福音沙畫藝術家。心心之火",
		"id": 6150000003,
		"albumId": 6150,
		"albumtitle": "【節目精選CD】2016年9月份 - 福音沙畫藝術家。心心之火(3)"
	},
	{
		"path": "http://media.feearadio.net/downloads/others/CD/2016/09/04.mp3",
		"title": "4.莊明達的故事-02",
		"duration": 550,
		"size": "4M",
		"albumName": "【節目精選CD】2016年9月份 - 福音沙畫藝術家。心心之火",
		"id": 6150000004,
		"albumId": 6150,
		"albumtitle": "【節目精選CD】2016年9月份 - 福音沙畫藝術家。心心之火(4)"
	},
	{
		"path": "http://media.feearadio.net/downloads/others/CD/2016/09/05.mp3",
		"title": "5.轉變 - 天韻詩班",
		"duration": 550,
		"size": "4M",
		"albumName": "【節目精選CD】2016年9月份 - 福音沙畫藝術家。心心之火",
		"id": 6150000005,
		"albumId": 6150,
		"albumtitle": "【節目精選CD】2016年9月份 - 福音沙畫藝術家。心心之火(5)"
	},
	{
		"path": "http://media.feearadio.net/downloads/others/CD/2016/09/06.mp3",
		"title": "6.莊明達的故事-03",
		"duration": 550,
		"size": "4M",
		"albumName": "【節目精選CD】2016年9月份 - 福音沙畫藝術家。心心之火",
		"id": 6150000006,
		"albumId": 6150,
		"albumtitle": "【節目精選CD】2016年9月份 - 福音沙畫藝術家。心心之火(6)"
	},
	{
		"path": "http://media.feearadio.net/downloads/others/CD/2016/09/07.mp3",
		"title": "7.我要歌唱天父奇妙的愛 - 以斯拉詩歌",
		"duration": 550,
		"size": "4M",
		"albumName": "【節目精選CD】2016年9月份 - 福音沙畫藝術家。心心之火",
		"id": 6150000007,
		"albumId": 6150,
		"albumtitle": "【節目精選CD】2016年9月份 - 福音沙畫藝術家。心心之火(7)"
	},
	{
		"path": "http://media.feearadio.net/downloads/others/CD/2016/09/08.mp3",
		"title": "8.莊明達的故事-04",
		"duration": 550,
		"size": "4M",
		"albumName": "【節目精選CD】2016年9月份 - 福音沙畫藝術家。心心之火",
		"id": 6150000008,
		"albumId": 6150,
		"albumtitle": "【節目精選CD】2016年9月份 - 福音沙畫藝術家。心心之火(8)"
	},
	{
		"path": "http://media.feearadio.net/downloads/others/CD/2016/09/09.mp3",
		"title": "9.奧秘 - 天韻詩班",
		"duration": 550,
		"size": "4M",
		"albumName": "【節目精選CD】2016年9月份 - 福音沙畫藝術家。心心之火",
		"id": 6150000009,
		"albumId": 6150,
		"albumtitle": "【節目精選CD】2016年9月份 - 福音沙畫藝術家。心心之火(9)"
	}
]