[
  {
    "path": "http://media.feearadio.net/downloads/others/Febc/Easter Column/01.mp3",
    "title": "1.誰殺害了耶穌？",
    "duration": 1500,
    "size": "11.6M",
    "albumName": "復活節專題-王壽南",
    "id": 6036000001,
    "albumId": 6036,
    "albumtitle": "復活節專題-王壽南(1)"
  },
  {
    "path": "http://media.feearadio.net/downloads/others/Febc/Easter Column/02.mp3",
    "title": "2.為什麼耶穌願意死在十字架上？",
    "duration": 1500,
    "size": "11.6M",
    "albumName": "復活節專題-王壽南",
    "id": 6036000002,
    "albumId": 6036,
    "albumtitle": "復活節專題-王壽南(2)"
  },
  {
    "path": "http://media.feearadio.net/downloads/others/Febc/Easter Column/03.mp3",
    "title": "3.耶穌的復活",
    "duration": 1500,
    "size": "11.6M",
    "albumName": "復活節專題-王壽南",
    "id": 6036000003,
    "albumId": 6036,
    "albumtitle": "復活節專題-王壽南(3)"
  }
]