[
	{
		"path": "http://media.feearadio.net/downloads/others/CD/2010/07/01.mp3",
		"title": "1.祂能改變",
		"duration": 550,
		"size": "4M",
		"albumName": "【節目精選CD】2010年7月份 - 活出基督。同行在愛中",
		"id": 6076000001,
		"albumId": 6076,
		"albumtitle": "【節目精選CD】2010年7月份 - 活出基督。同行在愛中(1)"
	},
	{
		"path": "http://media.feearadio.net/downloads/others/CD/2010/07/02.mp3",
		"title": "2.林榮恩見證-1",
		"duration": 550,
		"size": "4M",
		"albumName": "【節目精選CD】2010年7月份 - 活出基督。同行在愛中",
		"id": 6076000002,
		"albumId": 6076,
		"albumtitle": "【節目精選CD】2010年7月份 - 活出基督。同行在愛中(2)"
	},
	{
		"path": "http://media.feearadio.net/downloads/others/CD/2010/07/03.mp3",
		"title": "3.主愛滋潤我心",
		"duration": 550,
		"size": "4M",
		"albumName": "【節目精選CD】2010年7月份 - 活出基督。同行在愛中",
		"id": 6076000003,
		"albumId": 6076,
		"albumtitle": "【節目精選CD】2010年7月份 - 活出基督。同行在愛中(3)"
	},
	{
		"path": "http://media.feearadio.net/downloads/others/CD/2010/07/04.mp3",
		"title": "4.林榮恩見證-2",
		"duration": 550,
		"size": "4M",
		"albumName": "【節目精選CD】2010年7月份 - 活出基督。同行在愛中",
		"id": 6076000004,
		"albumId": 6076,
		"albumtitle": "【節目精選CD】2010年7月份 - 活出基督。同行在愛中(4)"
	},
	{
		"path": "http://media.feearadio.net/downloads/others/CD/2010/07/05.mp3",
		"title": "5.天父必看顧我",
		"duration": 550,
		"size": "4M",
		"albumName": "【節目精選CD】2010年7月份 - 活出基督。同行在愛中",
		"id": 6076000005,
		"albumId": 6076,
		"albumtitle": "【節目精選CD】2010年7月份 - 活出基督。同行在愛中(5)"
	},
	{
		"path": "http://media.feearadio.net/downloads/others/CD/2010/07/06.mp3",
		"title": "6.黃青芬見證-1",
		"duration": 550,
		"size": "4M",
		"albumName": "【節目精選CD】2010年7月份 - 活出基督。同行在愛中",
		"id": 6076000006,
		"albumId": 6076,
		"albumtitle": "【節目精選CD】2010年7月份 - 活出基督。同行在愛中(6)"
	},
	{
		"path": "http://media.feearadio.net/downloads/others/CD/2010/07/07.mp3",
		"title": "7.沒有難成的事",
		"duration": 550,
		"size": "4M",
		"albumName": "【節目精選CD】2010年7月份 - 活出基督。同行在愛中",
		"id": 6076000007,
		"albumId": 6076,
		"albumtitle": "【節目精選CD】2010年7月份 - 活出基督。同行在愛中(7)"
	},
	{
		"path": "http://media.feearadio.net/downloads/others/CD/2010/07/08.mp3",
		"title": "8.黃青芬見證-2",
		"duration": 550,
		"size": "4M",
		"albumName": "【節目精選CD】2010年7月份 - 活出基督。同行在愛中",
		"id": 6076000008,
		"albumId": 6076,
		"albumtitle": "【節目精選CD】2010年7月份 - 活出基督。同行在愛中(8)"
	},
	{
		"path": "http://media.feearadio.net/downloads/others/CD/2010/07/09.mp3",
		"title": "9.我知誰掌管明天",
		"duration": 550,
		"size": "4M",
		"albumName": "【節目精選CD】2010年7月份 - 活出基督。同行在愛中",
		"id": 6076000009,
		"albumId": 6076,
		"albumtitle": "【節目精選CD】2010年7月份 - 活出基督。同行在愛中(9)"
	}
]