[
	{
		"path": "http://media.feearadio.net/downloads/others/CD/2014/12/01.mp3",
		"title": "1.普世歡騰組曲 - 天韻",
		"duration": 550,
		"size": "4M",
		"albumName": "【節目精選CD】2014年12月份 - 聖誕故事。真有意思",
		"id": 6129000001,
		"albumId": 6129,
		"albumtitle": "【節目精選CD】2014年12月份 - 聖誕故事。真有意思(1)"
	},
	{
		"path": "http://media.feearadio.net/downloads/others/CD/2014/12/02.mp3",
		"title": "2.第四個博士",
		"duration": 550,
		"size": "4M",
		"albumName": "【節目精選CD】2014年12月份 - 聖誕故事。真有意思",
		"id": 6129000002,
		"albumId": 6129,
		"albumtitle": "【節目精選CD】2014年12月份 - 聖誕故事。真有意思(2)"
	},
	{
		"path": "http://media.feearadio.net/downloads/others/CD/2014/12/03.mp3",
		"title": "3.有什麼能獻給祂 - 主恩女聲三重唱",
		"duration": 550,
		"size": "4M",
		"albumName": "【節目精選CD】2014年12月份 - 聖誕故事。真有意思",
		"id": 6129000003,
		"albumId": 6129,
		"albumtitle": "【節目精選CD】2014年12月份 - 聖誕故事。真有意思(3)"
	},
	{
		"path": "http://media.feearadio.net/downloads/others/CD/2014/12/04.mp3",
		"title": "4.聖誕大夢",
		"duration": 550,
		"size": "4M",
		"albumName": "【節目精選CD】2014年12月份 - 聖誕故事。真有意思",
		"id": 6129000004,
		"albumId": 6129,
		"albumtitle": "【節目精選CD】2014年12月份 - 聖誕故事。真有意思(4)"
	},
	{
		"path": "http://media.feearadio.net/downloads/others/CD/2014/12/05.mp3",
		"title": "5.平安夜/聖嬰孩主耶穌 - 聖歌特戰隊",
		"duration": 550,
		"size": "4M",
		"albumName": "【節目精選CD】2014年12月份 - 聖誕故事。真有意思",
		"id": 6129000005,
		"albumId": 6129,
		"albumtitle": "【節目精選CD】2014年12月份 - 聖誕故事。真有意思(5)"
	}
]