[
	{
		"path": "http://media.feearadio.net/downloads/others/CD/2012/05/01.mp3",
		"title": "1.天父的小孩",
		"duration": 550,
		"size": "4M",
		"albumName": "【節目精選CD】2012年5月份 - 新的心情。新一片天",
		"id": 6098000001,
		"albumId": 6098,
		"albumtitle": "【節目精選CD】2012年5月份 - 新的心情。新一片天(1)"
	},
	{
		"path": "http://media.feearadio.net/downloads/others/CD/2012/05/02.mp3",
		"title": "2.小單的探險筆記-1",
		"duration": 550,
		"size": "4M",
		"albumName": "【節目精選CD】2012年5月份 - 新的心情。新一片天",
		"id": 6098000002,
		"albumId": 6098,
		"albumtitle": "【節目精選CD】2012年5月份 - 新的心情。新一片天(2)"
	},
	{
		"path": "http://media.feearadio.net/downloads/others/CD/2012/05/03.mp3",
		"title": "3.母親的愛",
		"duration": 550,
		"size": "4M",
		"albumName": "【節目精選CD】2012年5月份 - 新的心情。新一片天",
		"id": 6098000003,
		"albumId": 6098,
		"albumtitle": "【節目精選CD】2012年5月份 - 新的心情。新一片天(3)"
	},
	{
		"path": "http://media.feearadio.net/downloads/others/CD/2012/05/04.mp3",
		"title": "4.小單的探險筆記-2",
		"duration": 550,
		"size": "4M",
		"albumName": "【節目精選CD】2012年5月份 - 新的心情。新一片天",
		"id": 6098000004,
		"albumId": 6098,
		"albumtitle": "【節目精選CD】2012年5月份 - 新的心情。新一片天(4)"
	},
	{
		"path": "http://media.feearadio.net/downloads/others/CD/2012/05/05.mp3",
		"title": "5.風和愛",
		"duration": 550,
		"size": "4M",
		"albumName": "【節目精選CD】2012年5月份 - 新的心情。新一片天",
		"id": 6098000005,
		"albumId": 6098,
		"albumtitle": "【節目精選CD】2012年5月份 - 新的心情。新一片天(5)"
	},
	{
		"path": "http://media.feearadio.net/downloads/others/CD/2012/05/06.mp3",
		"title": "6.小單的探險筆記-3",
		"duration": 550,
		"size": "4M",
		"albumName": "【節目精選CD】2012年5月份 - 新的心情。新一片天",
		"id": 6098000006,
		"albumId": 6098,
		"albumtitle": "【節目精選CD】2012年5月份 - 新的心情。新一片天(6)"
	},
	{
		"path": "http://media.feearadio.net/downloads/others/CD/2012/05/07.mp3",
		"title": "7.陪我",
		"duration": 550,
		"size": "4M",
		"albumName": "【節目精選CD】2012年5月份 - 新的心情。新一片天",
		"id": 6098000007,
		"albumId": 6098,
		"albumtitle": "【節目精選CD】2012年5月份 - 新的心情。新一片天(7)"
	},
	{
		"path": "http://media.feearadio.net/downloads/others/CD/2012/05/08.mp3",
		"title": "8.小單的探險筆記-4",
		"duration": 550,
		"size": "4M",
		"albumName": "【節目精選CD】2012年5月份 - 新的心情。新一片天",
		"id": 6098000008,
		"albumId": 6098,
		"albumtitle": "【節目精選CD】2012年5月份 - 新的心情。新一片天(8)"
	},
	{
		"path": "http://media.feearadio.net/downloads/others/CD/2012/05/09.mp3",
		"title": "9.另一種愛情",
		"duration": 550,
		"size": "4M",
		"albumName": "【節目精選CD】2012年5月份 - 新的心情。新一片天",
		"id": 6098000009,
		"albumId": 6098,
		"albumtitle": "【節目精選CD】2012年5月份 - 新的心情。新一片天(9)"
	},
	{
		"path": "http://media.feearadio.net/downloads/others/CD/2012/05/10.mp3",
		"title": "10.小單的探險筆記-5",
		"duration": 550,
		"size": "4M",
		"albumName": "【節目精選CD】2012年5月份 - 新的心情。新一片天",
		"id": 6098000010,
		"albumId": 6098,
		"albumtitle": "【節目精選CD】2012年5月份 - 新的心情。新一片天(10)"
	},
	{
		"path": "http://media.feearadio.net/downloads/others/CD/2012/05/11.mp3",
		"title": "11.測不透的愛",
		"duration": 550,
		"size": "4M",
		"albumName": "【節目精選CD】2012年5月份 - 新的心情。新一片天",
		"id": 6098000011,
		"albumId": 6098,
		"albumtitle": "【節目精選CD】2012年5月份 - 新的心情。新一片天(11)"
	}
]