[
	{
		"path": "http://media.feearadio.net/downloads/others/CD/2015/06/01.mp3",
		"title": "1.如果我能唱 - 天韻",
		"duration": 550,
		"size": "4M",
		"albumName": "【節目精選CD】2015年6月份 - 寫歌的人。如此我信",
		"id": 6135000001,
		"albumId": 6135,
		"albumtitle": "【節目精選CD】2015年6月份 - 寫歌的人。如此我信(1)"
	},
	{
		"path": "http://media.feearadio.net/downloads/others/CD/2015/06/02.mp3",
		"title": "2.林毓倫-帶領我的腳步",
		"duration": 550,
		"size": "4M",
		"albumName": "【節目精選CD】2015年6月份 - 寫歌的人。如此我信",
		"id": 6135000002,
		"albumId": 6135,
		"albumtitle": "【節目精選CD】2015年6月份 - 寫歌的人。如此我信(2)"
	},
	{
		"path": "http://media.feearadio.net/downloads/others/CD/2015/06/03.mp3",
		"title": "3.帶領我的腳步",
		"duration": 550,
		"size": "4M",
		"albumName": "【節目精選CD】2015年6月份 - 寫歌的人。如此我信",
		"id": 6135000003,
		"albumId": 6135,
		"albumtitle": "【節目精選CD】2015年6月份 - 寫歌的人。如此我信(3)"
	},
	{
		"path": "http://media.feearadio.net/downloads/others/CD/2015/06/04.mp3",
		"title": "4.蔡嘉揚-牽牽",
		"duration": 550,
		"size": "4M",
		"albumName": "【節目精選CD】2015年6月份 - 寫歌的人。如此我信",
		"id": 6135000004,
		"albumId": 6135,
		"albumtitle": "【節目精選CD】2015年6月份 - 寫歌的人。如此我信(4)"
	},
	{
		"path": "http://media.feearadio.net/downloads/others/CD/2015/06/05.mp3",
		"title": "5.牽牽",
		"duration": 550,
		"size": "4M",
		"albumName": "【節目精選CD】2015年6月份 - 寫歌的人。如此我信",
		"id": 6135000005,
		"albumId": 6135,
		"albumtitle": "【節目精選CD】2015年6月份 - 寫歌的人。如此我信(5)"
	},
	{
		"path": "http://media.feearadio.net/downloads/others/CD/2015/06/06.mp3",
		"title": "6.袁培華-眼光（培華版）",
		"duration": 550,
		"size": "4M",
		"albumName": "【節目精選CD】2015年6月份 - 寫歌的人。如此我信",
		"id": 6135000006,
		"albumId": 6135,
		"albumtitle": "【節目精選CD】2015年6月份 - 寫歌的人。如此我信(6)"
	},
	{
		"path": "http://media.feearadio.net/downloads/others/CD/2015/06/07.mp3",
		"title": "7.袁培華-眼光（福音版）",
		"duration": 550,
		"size": "4M",
		"albumName": "【節目精選CD】2015年6月份 - 寫歌的人。如此我信",
		"id": 6135000007,
		"albumId": 6135,
		"albumtitle": "【節目精選CD】2015年6月份 - 寫歌的人。如此我信(7)"
	}
]