[
	{
		"path": "http://media.feearadio.net/downloads/others/Febc/unique/761.mp3",
		"title": "761 團隊合作",
		"duration": 300,
		"size": "2.5M",
		"albumName": "絕妙啟示錄-張得仁-合集九",
		"id": 6301000001,
		"albumId": 6301,
		"albumtitle": "絕妙啟示錄-張得仁-合集九(1)"
	},
	{
		"path": "http://media.feearadio.net/downloads/others/Febc/unique/762.mp3",
		"title": "762 適應是最好的適合",
		"duration": 300,
		"size": "2.5M",
		"albumName": "絕妙啟示錄-張得仁-合集九",
		"id": 6301000002,
		"albumId": 6301,
		"albumtitle": "絕妙啟示錄-張得仁-合集九(2)"
	},
	{
		"path": "http://media.feearadio.net/downloads/others/Febc/unique/763.mp3",
		"title": "763 自知之明",
		"duration": 300,
		"size": "2.5M",
		"albumName": "絕妙啟示錄-張得仁-合集九",
		"id": 6301000003,
		"albumId": 6301,
		"albumtitle": "絕妙啟示錄-張得仁-合集九(3)"
	},
	{
		"path": "http://media.feearadio.net/downloads/others/Febc/unique/764.mp3",
		"title": "764 劣勢造英雄",
		"duration": 300,
		"size": "2.5M",
		"albumName": "絕妙啟示錄-張得仁-合集九",
		"id": 6301000004,
		"albumId": 6301,
		"albumtitle": "絕妙啟示錄-張得仁-合集九(4)"
	},
	{
		"path": "http://media.feearadio.net/downloads/others/Febc/unique/765.mp3",
		"title": "765 長春藤般的人生",
		"duration": 300,
		"size": "2.5M",
		"albumName": "絕妙啟示錄-張得仁-合集九",
		"id": 6301000005,
		"albumId": 6301,
		"albumtitle": "絕妙啟示錄-張得仁-合集九(5)"
	},
	{
		"path": "http://media.feearadio.net/downloads/others/Febc/unique/766.mp3",
		"title": "766 熟悉的地方無風景",
		"duration": 300,
		"size": "2.5M",
		"albumName": "絕妙啟示錄-張得仁-合集九",
		"id": 6301000006,
		"albumId": 6301,
		"albumtitle": "絕妙啟示錄-張得仁-合集九(6)"
	},
	{
		"path": "http://media.feearadio.net/downloads/others/Febc/unique/767.mp3",
		"title": "767 人人有度 方知怎麼做",
		"duration": 300,
		"size": "2.5M",
		"albumName": "絕妙啟示錄-張得仁-合集九",
		"id": 6301000007,
		"albumId": 6301,
		"albumtitle": "絕妙啟示錄-張得仁-合集九(7)"
	},
	{
		"path": "http://media.feearadio.net/downloads/others/Febc/unique/768.mp3",
		"title": "768 高手是什麼",
		"duration": 300,
		"size": "2.5M",
		"albumName": "絕妙啟示錄-張得仁-合集九",
		"id": 6301000008,
		"albumId": 6301,
		"albumtitle": "絕妙啟示錄-張得仁-合集九(8)"
	},
	{
		"path": "http://media.feearadio.net/downloads/others/Febc/unique/769.mp3",
		"title": "769 愛人如己",
		"duration": 300,
		"size": "2.5M",
		"albumName": "絕妙啟示錄-張得仁-合集九",
		"id": 6301000009,
		"albumId": 6301,
		"albumtitle": "絕妙啟示錄-張得仁-合集九(9)"
	},
	{
		"path": "http://media.feearadio.net/downloads/others/Febc/unique/770.mp3",
		"title": "770 感同身受",
		"duration": 300,
		"size": "2.5M",
		"albumName": "絕妙啟示錄-張得仁-合集九",
		"id": 6301000010,
		"albumId": 6301,
		"albumtitle": "絕妙啟示錄-張得仁-合集九(10)"
	},
	{
		"path": "http://media.feearadio.net/downloads/others/Febc/unique/771.mp3",
		"title": "771 掌握核心價值",
		"duration": 300,
		"size": "2.5M",
		"albumName": "絕妙啟示錄-張得仁-合集九",
		"id": 6301000011,
		"albumId": 6301,
		"albumtitle": "絕妙啟示錄-張得仁-合集九(11)"
	},
	{
		"path": "http://media.feearadio.net/downloads/others/Febc/unique/772.mp3",
		"title": "772 與人相處",
		"duration": 300,
		"size": "2.5M",
		"albumName": "絕妙啟示錄-張得仁-合集九",
		"id": 6301000012,
		"albumId": 6301,
		"albumtitle": "絕妙啟示錄-張得仁-合集九(12)"
	},
	{
		"path": "http://media.feearadio.net/downloads/others/Febc/unique/773.mp3",
		"title": "773 授人以欲才是高明之計",
		"duration": 300,
		"size": "2.5M",
		"albumName": "絕妙啟示錄-張得仁-合集九",
		"id": 6301000013,
		"albumId": 6301,
		"albumtitle": "絕妙啟示錄-張得仁-合集九(13)"
	},
	{
		"path": "http://media.feearadio.net/downloads/others/Febc/unique/774.mp3",
		"title": "774 垃圾不會被罵進垃圾桶 除非你採取行動",
		"duration": 300,
		"size": "2.5M",
		"albumName": "絕妙啟示錄-張得仁-合集九",
		"id": 6301000014,
		"albumId": 6301,
		"albumtitle": "絕妙啟示錄-張得仁-合集九(14)"
	},
	{
		"path": "http://media.feearadio.net/downloads/others/Febc/unique/775.mp3",
		"title": "775 虛張聲勢",
		"duration": 300,
		"size": "2.5M",
		"albumName": "絕妙啟示錄-張得仁-合集九",
		"id": 6301000015,
		"albumId": 6301,
		"albumtitle": "絕妙啟示錄-張得仁-合集九(15)"
	},
	{
		"path": "http://media.feearadio.net/downloads/others/Febc/unique/776.mp3",
		"title": "776 不要輕視下頭的忠告",
		"duration": 300,
		"size": "2.5M",
		"albumName": "絕妙啟示錄-張得仁-合集九",
		"id": 6301000016,
		"albumId": 6301,
		"albumtitle": "絕妙啟示錄-張得仁-合集九(16)"
	},
	{
		"path": "http://media.feearadio.net/downloads/others/Febc/unique/777.mp3",
		"title": "777 隨遇而安的秘訣",
		"duration": 300,
		"size": "2.5M",
		"albumName": "絕妙啟示錄-張得仁-合集九",
		"id": 6301000017,
		"albumId": 6301,
		"albumtitle": "絕妙啟示錄-張得仁-合集九(17)"
	},
	{
		"path": "http://media.feearadio.net/downloads/others/Febc/unique/778.mp3",
		"title": "778 挫折能給人深刻的提醒",
		"duration": 300,
		"size": "2.5M",
		"albumName": "絕妙啟示錄-張得仁-合集九",
		"id": 6301000018,
		"albumId": 6301,
		"albumtitle": "絕妙啟示錄-張得仁-合集九(18)"
	},
	{
		"path": "http://media.feearadio.net/downloads/others/Febc/unique/779.mp3",
		"title": "779 不要瞧不起自己的親人",
		"duration": 300,
		"size": "2.5M",
		"albumName": "絕妙啟示錄-張得仁-合集九",
		"id": 6301000019,
		"albumId": 6301,
		"albumtitle": "絕妙啟示錄-張得仁-合集九(19)"
	},
	{
		"path": "http://media.feearadio.net/downloads/others/Febc/unique/780.mp3",
		"title": "780 不智的吹毛求疵",
		"duration": 300,
		"size": "2.5M",
		"albumName": "絕妙啟示錄-張得仁-合集九",
		"id": 6301000020,
		"albumId": 6301,
		"albumtitle": "絕妙啟示錄-張得仁-合集九(20)"
	},
	{
		"path": "http://media.feearadio.net/downloads/others/Febc/unique/781.mp3",
		"title": "781 未下工夫前不要輕易判斷",
		"duration": 300,
		"size": "2.5M",
		"albumName": "絕妙啟示錄-張得仁-合集九",
		"id": 6301000021,
		"albumId": 6301,
		"albumtitle": "絕妙啟示錄-張得仁-合集九(21)"
	},
	{
		"path": "http://media.feearadio.net/downloads/others/Febc/unique/782.mp3",
		"title": "782 沒有腳所以走不了正路",
		"duration": 300,
		"size": "2.5M",
		"albumName": "絕妙啟示錄-張得仁-合集九",
		"id": 6301000022,
		"albumId": 6301,
		"albumtitle": "絕妙啟示錄-張得仁-合集九(22)"
	},
	{
		"path": "http://media.feearadio.net/downloads/others/Febc/unique/783.mp3",
		"title": "783 善用業餘時間",
		"duration": 300,
		"size": "2.5M",
		"albumName": "絕妙啟示錄-張得仁-合集九",
		"id": 6301000023,
		"albumId": 6301,
		"albumtitle": "絕妙啟示錄-張得仁-合集九(23)"
	},
	{
		"path": "http://media.feearadio.net/downloads/others/Febc/unique/784.mp3",
		"title": "784 永不提對方的落魄是一種修養",
		"duration": 300,
		"size": "2.5M",
		"albumName": "絕妙啟示錄-張得仁-合集九",
		"id": 6301000024,
		"albumId": 6301,
		"albumtitle": "絕妙啟示錄-張得仁-合集九(24)"
	},
	{
		"path": "http://media.feearadio.net/downloads/others/Febc/unique/785.mp3",
		"title": "785 要敏銳不要敏感",
		"duration": 300,
		"size": "2.5M",
		"albumName": "絕妙啟示錄-張得仁-合集九",
		"id": 6301000025,
		"albumId": 6301,
		"albumtitle": "絕妙啟示錄-張得仁-合集九(25)"
	},
	{
		"path": "http://media.feearadio.net/downloads/others/Febc/unique/786.mp3",
		"title": "786 存平常心行事",
		"duration": 300,
		"size": "2.5M",
		"albumName": "絕妙啟示錄-張得仁-合集九",
		"id": 6301000026,
		"albumId": 6301,
		"albumtitle": "絕妙啟示錄-張得仁-合集九(26)"
	},
	{
		"path": "http://media.feearadio.net/downloads/others/Febc/unique/787.mp3",
		"title": "787 細心",
		"duration": 300,
		"size": "2.5M",
		"albumName": "絕妙啟示錄-張得仁-合集九",
		"id": 6301000027,
		"albumId": 6301,
		"albumtitle": "絕妙啟示錄-張得仁-合集九(27)"
	},
	{
		"path": "http://media.feearadio.net/downloads/others/Febc/unique/788.mp3",
		"title": "788 學習向長者請教",
		"duration": 300,
		"size": "2.5M",
		"albumName": "絕妙啟示錄-張得仁-合集九",
		"id": 6301000028,
		"albumId": 6301,
		"albumtitle": "絕妙啟示錄-張得仁-合集九(28)"
	},
	{
		"path": "http://media.feearadio.net/downloads/others/Febc/unique/789.mp3",
		"title": "789 看得見的提醒",
		"duration": 300,
		"size": "2.5M",
		"albumName": "絕妙啟示錄-張得仁-合集九",
		"id": 6301000029,
		"albumId": 6301,
		"albumtitle": "絕妙啟示錄-張得仁-合集九(29)"
	},
	{
		"path": "http://media.feearadio.net/downloads/others/Febc/unique/790.mp3",
		"title": "790 速度和效率有時不是最重要的考慮",
		"duration": 300,
		"size": "2.5M",
		"albumName": "絕妙啟示錄-張得仁-合集九",
		"id": 6301000030,
		"albumId": 6301,
		"albumtitle": "絕妙啟示錄-張得仁-合集九(30)"
	},
	{
		"path": "http://media.feearadio.net/downloads/others/Febc/unique/791.mp3",
		"title": "791 要記得冷靜",
		"duration": 300,
		"size": "2.5M",
		"albumName": "絕妙啟示錄-張得仁-合集九",
		"id": 6301000031,
		"albumId": 6301,
		"albumtitle": "絕妙啟示錄-張得仁-合集九(31)"
	},
	{
		"path": "http://media.feearadio.net/downloads/others/Febc/unique/792.mp3",
		"title": "792 用人法則",
		"duration": 300,
		"size": "2.5M",
		"albumName": "絕妙啟示錄-張得仁-合集九",
		"id": 6301000032,
		"albumId": 6301,
		"albumtitle": "絕妙啟示錄-張得仁-合集九(32)"
	},
	{
		"path": "http://media.feearadio.net/downloads/others/Febc/unique/793.mp3",
		"title": "793 計畫大事業不能計較小花費",
		"duration": 300,
		"size": "2.5M",
		"albumName": "絕妙啟示錄-張得仁-合集九",
		"id": 6301000033,
		"albumId": 6301,
		"albumtitle": "絕妙啟示錄-張得仁-合集九(33)"
	},
	{
		"path": "http://media.feearadio.net/downloads/others/Febc/unique/794.mp3",
		"title": "794 學習降低慾望",
		"duration": 300,
		"size": "2.5M",
		"albumName": "絕妙啟示錄-張得仁-合集九",
		"id": 6301000034,
		"albumId": 6301,
		"albumtitle": "絕妙啟示錄-張得仁-合集九(34)"
	},
	{
		"path": "http://media.feearadio.net/downloads/others/Febc/unique/795.mp3",
		"title": "795 尋找好老師",
		"duration": 300,
		"size": "2.5M",
		"albumName": "絕妙啟示錄-張得仁-合集九",
		"id": 6301000035,
		"albumId": 6301,
		"albumtitle": "絕妙啟示錄-張得仁-合集九(35)"
	},
	{
		"path": "http://media.feearadio.net/downloads/others/Febc/unique/796.mp3",
		"title": "796 不求甚解的提醒",
		"duration": 300,
		"size": "2.5M",
		"albumName": "絕妙啟示錄-張得仁-合集九",
		"id": 6301000036,
		"albumId": 6301,
		"albumtitle": "絕妙啟示錄-張得仁-合集九(36)"
	},
	{
		"path": "http://media.feearadio.net/downloads/others/Febc/unique/797.mp3",
		"title": "797 少一點強詞奪理 多一點同理",
		"duration": 300,
		"size": "2.5M",
		"albumName": "絕妙啟示錄-張得仁-合集九",
		"id": 6301000037,
		"albumId": 6301,
		"albumtitle": "絕妙啟示錄-張得仁-合集九(37)"
	},
	{
		"path": "http://media.feearadio.net/downloads/others/Febc/unique/798.mp3",
		"title": "798 智慧的人不必什麼都會 但至少不會的不要裝會",
		"duration": 300,
		"size": "2.5M",
		"albumName": "絕妙啟示錄-張得仁-合集九",
		"id": 6301000038,
		"albumId": 6301,
		"albumtitle": "絕妙啟示錄-張得仁-合集九(38)"
	},
	{
		"path": "http://media.feearadio.net/downloads/others/Febc/unique/799.mp3",
		"title": "799 人生要先有定見才不會常常改變",
		"duration": 300,
		"size": "2.5M",
		"albumName": "絕妙啟示錄-張得仁-合集九",
		"id": 6301000039,
		"albumId": 6301,
		"albumtitle": "絕妙啟示錄-張得仁-合集九(39)"
	},
	{
		"path": "http://media.feearadio.net/downloads/others/Febc/unique/800.mp3",
		"title": "800 學習把話聽完",
		"duration": 300,
		"size": "2.5M",
		"albumName": "絕妙啟示錄-張得仁-合集九",
		"id": 6301000040,
		"albumId": 6301,
		"albumtitle": "絕妙啟示錄-張得仁-合集九(40)"
	},
	{
		"path": "http://media.feearadio.net/downloads/others/Febc/unique/801.mp3",
		"title": "801 因時而動的智慧之一",
		"duration": 300,
		"size": "2.5M",
		"albumName": "絕妙啟示錄-張得仁-合集九",
		"id": 6301000041,
		"albumId": 6301,
		"albumtitle": "絕妙啟示錄-張得仁-合集九(41)"
	},
	{
		"path": "http://media.feearadio.net/downloads/others/Febc/unique/802.mp3",
		"title": "802 因時而動的智慧之二",
		"duration": 300,
		"size": "2.5M",
		"albumName": "絕妙啟示錄-張得仁-合集九",
		"id": 6301000042,
		"albumId": 6301,
		"albumtitle": "絕妙啟示錄-張得仁-合集九(42)"
	},
	{
		"path": "http://media.feearadio.net/downloads/others/Febc/unique/803.mp3",
		"title": "803 順序也會影響情緒",
		"duration": 300,
		"size": "2.5M",
		"albumName": "絕妙啟示錄-張得仁-合集九",
		"id": 6301000043,
		"albumId": 6301,
		"albumtitle": "絕妙啟示錄-張得仁-合集九(43)"
	},
	{
		"path": "http://media.feearadio.net/downloads/others/Febc/unique/804.mp3",
		"title": "804 留意做事動機者幾希矣",
		"duration": 300,
		"size": "2.5M",
		"albumName": "絕妙啟示錄-張得仁-合集九",
		"id": 6301000044,
		"albumId": 6301,
		"albumtitle": "絕妙啟示錄-張得仁-合集九(44)"
	},
	{
		"path": "http://media.feearadio.net/downloads/others/Febc/unique/805.mp3",
		"title": "805 不要只看事情的表面也要學習看事情的裡面",
		"duration": 300,
		"size": "2.5M",
		"albumName": "絕妙啟示錄-張得仁-合集九",
		"id": 6301000045,
		"albumId": 6301,
		"albumtitle": "絕妙啟示錄-張得仁-合集九(45)"
	},
	{
		"path": "http://media.feearadio.net/downloads/others/Febc/unique/806.mp3",
		"title": "806 驕傲久了他人也懶得理你了",
		"duration": 300,
		"size": "2.5M",
		"albumName": "絕妙啟示錄-張得仁-合集九",
		"id": 6301000046,
		"albumId": 6301,
		"albumtitle": "絕妙啟示錄-張得仁-合集九(46)"
	},
	{
		"path": "http://media.feearadio.net/downloads/others/Febc/unique/807.mp3",
		"title": "807 活出影響力",
		"duration": 300,
		"size": "2.5M",
		"albumName": "絕妙啟示錄-張得仁-合集九",
		"id": 6301000047,
		"albumId": 6301,
		"albumtitle": "絕妙啟示錄-張得仁-合集九(47)"
	},
	{
		"path": "http://media.feearadio.net/downloads/others/Febc/unique/808.mp3",
		"title": "808 創意是什麼",
		"duration": 300,
		"size": "2.5M",
		"albumName": "絕妙啟示錄-張得仁-合集九",
		"id": 6301000048,
		"albumId": 6301,
		"albumtitle": "絕妙啟示錄-張得仁-合集九(48)"
	},
	{
		"path": "http://media.feearadio.net/downloads/others/Febc/unique/809.mp3",
		"title": "809 全力彌補錯誤也是邁向成功的一步",
		"duration": 300,
		"size": "2.5M",
		"albumName": "絕妙啟示錄-張得仁-合集九",
		"id": 6301000049,
		"albumId": 6301,
		"albumtitle": "絕妙啟示錄-張得仁-合集九(49)"
	},
	{
		"path": "http://media.feearadio.net/downloads/others/Febc/unique/810.mp3",
		"title": "810 三思而後言",
		"duration": 300,
		"size": "2.5M",
		"albumName": "絕妙啟示錄-張得仁-合集九",
		"id": 6301000050,
		"albumId": 6301,
		"albumtitle": "絕妙啟示錄-張得仁-合集九(50)"
	},
	{
		"path": "http://media.feearadio.net/downloads/others/Febc/unique/811.mp3",
		"title": "811 苦中作樂",
		"duration": 300,
		"size": "2.5M",
		"albumName": "絕妙啟示錄-張得仁-合集九",
		"id": 6301000051,
		"albumId": 6301,
		"albumtitle": "絕妙啟示錄-張得仁-合集九(51)"
	},
	{
		"path": "http://media.feearadio.net/downloads/others/Febc/unique/812.mp3",
		"title": "812 慢活才是好生活",
		"duration": 300,
		"size": "2.5M",
		"albumName": "絕妙啟示錄-張得仁-合集九",
		"id": 6301000052,
		"albumId": 6301,
		"albumtitle": "絕妙啟示錄-張得仁-合集九(52)"
	},
	{
		"path": "http://media.feearadio.net/downloads/others/Febc/unique/813.mp3",
		"title": "813 帕金森的辦公大樓法則",
		"duration": 300,
		"size": "2.5M",
		"albumName": "絕妙啟示錄-張得仁-合集九",
		"id": 6301000053,
		"albumId": 6301,
		"albumtitle": "絕妙啟示錄-張得仁-合集九(53)"
	},
	{
		"path": "http://media.feearadio.net/downloads/others/Febc/unique/814.mp3",
		"title": "814 學以致用",
		"duration": 300,
		"size": "2.5M",
		"albumName": "絕妙啟示錄-張得仁-合集九",
		"id": 6301000054,
		"albumId": 6301,
		"albumtitle": "絕妙啟示錄-張得仁-合集九(54)"
	},
	{
		"path": "http://media.feearadio.net/downloads/others/Febc/unique/815.mp3",
		"title": "815 信用至上",
		"duration": 300,
		"size": "2.5M",
		"albumName": "絕妙啟示錄-張得仁-合集九",
		"id": 6301000055,
		"albumId": 6301,
		"albumtitle": "絕妙啟示錄-張得仁-合集九(55)"
	},
	{
		"path": "http://media.feearadio.net/downloads/others/Febc/unique/816.mp3",
		"title": "816 成功的代價",
		"duration": 300,
		"size": "2.5M",
		"albumName": "絕妙啟示錄-張得仁-合集九",
		"id": 6301000056,
		"albumId": 6301,
		"albumtitle": "絕妙啟示錄-張得仁-合集九(56)"
	},
	{
		"path": "http://media.feearadio.net/downloads/others/Febc/unique/817.mp3",
		"title": "817 他人的經驗是參考而非照抄",
		"duration": 300,
		"size": "2.5M",
		"albumName": "絕妙啟示錄-張得仁-合集九",
		"id": 6301000057,
		"albumId": 6301,
		"albumtitle": "絕妙啟示錄-張得仁-合集九(57)"
	},
	{
		"path": "http://media.feearadio.net/downloads/others/Febc/unique/818.mp3",
		"title": "818 真實的瑕疵勝過夢幻的完美",
		"duration": 300,
		"size": "2.5M",
		"albumName": "絕妙啟示錄-張得仁-合集九",
		"id": 6301000058,
		"albumId": 6301,
		"albumtitle": "絕妙啟示錄-張得仁-合集九(58)"
	},
	{
		"path": "http://media.feearadio.net/downloads/others/Febc/unique/819.mp3",
		"title": "819 一句鼓勵的話會影響一個地方的文化",
		"duration": 300,
		"size": "2.5M",
		"albumName": "絕妙啟示錄-張得仁-合集九",
		"id": 6301000059,
		"albumId": 6301,
		"albumtitle": "絕妙啟示錄-張得仁-合集九(59)"
	},
	{
		"path": "http://media.feearadio.net/downloads/others/Febc/unique/820.mp3",
		"title": "820 工作心態決定身體狀態",
		"duration": 300,
		"size": "2.5M",
		"albumName": "絕妙啟示錄-張得仁-合集九",
		"id": 6301000060,
		"albumId": 6301,
		"albumtitle": "絕妙啟示錄-張得仁-合集九(60)"
	},
	{
		"path": "http://media.feearadio.net/downloads/others/Febc/unique/821.mp3",
		"title": "821 鬆懈是人生的慢性毒藥",
		"duration": 300,
		"size": "2.5M",
		"albumName": "絕妙啟示錄-張得仁-合集九",
		"id": 6301000061,
		"albumId": 6301,
		"albumtitle": "絕妙啟示錄-張得仁-合集九(61)"
	},
	{
		"path": "http://media.feearadio.net/downloads/others/Febc/unique/822.mp3",
		"title": "822 萬事掛懷容易半途而廢",
		"duration": 300,
		"size": "2.5M",
		"albumName": "絕妙啟示錄-張得仁-合集九",
		"id": 6301000062,
		"albumId": 6301,
		"albumtitle": "絕妙啟示錄-張得仁-合集九(62)"
	},
	{
		"path": "http://media.feearadio.net/downloads/others/Febc/unique/823.mp3",
		"title": "823 不要贏才會贏",
		"duration": 300,
		"size": "2.5M",
		"albumName": "絕妙啟示錄-張得仁-合集九",
		"id": 6301000063,
		"albumId": 6301,
		"albumtitle": "絕妙啟示錄-張得仁-合集九(63)"
	},
	{
		"path": "http://media.feearadio.net/downloads/others/Febc/unique/824.mp3",
		"title": "824 最重要的時刻與最重要的人",
		"duration": 300,
		"size": "2.5M",
		"albumName": "絕妙啟示錄-張得仁-合集九",
		"id": 6301000064,
		"albumId": 6301,
		"albumtitle": "絕妙啟示錄-張得仁-合集九(64)"
	},
	{
		"path": "http://media.feearadio.net/downloads/others/Febc/unique/825.mp3",
		"title": "825 落不落伍由自己決定",
		"duration": 300,
		"size": "2.5M",
		"albumName": "絕妙啟示錄-張得仁-合集九",
		"id": 6301000065,
		"albumId": 6301,
		"albumtitle": "絕妙啟示錄-張得仁-合集九(65)"
	},
	{
		"path": "http://media.feearadio.net/downloads/others/Febc/unique/826.mp3",
		"title": "826 不信任是破壞群體最快的毒藥",
		"duration": 300,
		"size": "2.5M",
		"albumName": "絕妙啟示錄-張得仁-合集九",
		"id": 6301000066,
		"albumId": 6301,
		"albumtitle": "絕妙啟示錄-張得仁-合集九(66)"
	},
	{
		"path": "http://media.feearadio.net/downloads/others/Febc/unique/827.mp3",
		"title": "827 缺點優點一線之間",
		"duration": 300,
		"size": "2.5M",
		"albumName": "絕妙啟示錄-張得仁-合集九",
		"id": 6301000067,
		"albumId": 6301,
		"albumtitle": "絕妙啟示錄-張得仁-合集九(67)"
	},
	{
		"path": "http://media.feearadio.net/downloads/others/Febc/unique/828.mp3",
		"title": "828 不輕易發怒才容易給人有效的幫助",
		"duration": 300,
		"size": "2.5M",
		"albumName": "絕妙啟示錄-張得仁-合集九",
		"id": 6301000068,
		"albumId": 6301,
		"albumtitle": "絕妙啟示錄-張得仁-合集九(68)"
	}
]