[
  {
    "path": "http://media.feearadio.net/downloads/others/Febc/YU_ENT/01.mp3",
    "title": "1.耳朵的構造、功能與創造",
    "duration": 700,
    "size": "5.4M",
    "albumName": "【祝你健康】耳鼻喉科",
    "id": 6054000001,
    "albumId": 6054,
    "albumtitle": "【祝你健康】耳鼻喉科(1)"
  },
  {
    "path": "http://media.feearadio.net/downloads/others/Febc/YU_ENT/02.mp3",
    "title": "2.耳朵常見的疾病",
    "duration": 700,
    "size": "5.4M",
    "albumName": "【祝你健康】耳鼻喉科",
    "id": 6054000002,
    "albumId": 6054,
    "albumtitle": "【祝你健康】耳鼻喉科(2)"
  },
  {
    "path": "http://media.feearadio.net/downloads/others/Febc/YU_ENT/03.mp3",
    "title": "3.聽覺的重要性",
    "duration": 700,
    "size": "5.4M",
    "albumName": "【祝你健康】耳鼻喉科",
    "id": 6054000003,
    "albumId": 6054,
    "albumtitle": "【祝你健康】耳鼻喉科(3)"
  },
  {
    "path": "http://media.feearadio.net/downloads/others/Febc/YU_ENT/04.mp3",
    "title": "4.聽覺的保護",
    "duration": 700,
    "size": "5.4M",
    "albumName": "【祝你健康】耳鼻喉科",
    "id": 6054000004,
    "albumId": 6054,
    "albumtitle": "【祝你健康】耳鼻喉科(4)"
  },
  {
    "path": "http://media.feearadio.net/downloads/others/Febc/YU_ENT/05.mp3",
    "title": "5.暈眩",
    "duration": 700,
    "size": "5.4M",
    "albumName": "【祝你健康】耳鼻喉科",
    "id": 6054000005,
    "albumId": 6054,
    "albumtitle": "【祝你健康】耳鼻喉科(5)"
  },
  {
    "path": "http://media.feearadio.net/downloads/others/Febc/YU_ENT/06.mp3",
    "title": "6.放鬆",
    "duration": 700,
    "size": "5.4M",
    "albumName": "【祝你健康】耳鼻喉科",
    "id": 6054000006,
    "albumId": 6054,
    "albumtitle": "【祝你健康】耳鼻喉科(6)"
  },
  {
    "path": "http://media.feearadio.net/downloads/others/Febc/YU_ENT/07.mp3",
    "title": "7.鼻功用與鼻病變",
    "duration": 700,
    "size": "5.4M",
    "albumName": "【祝你健康】耳鼻喉科",
    "id": 6054000007,
    "albumId": 6054,
    "albumtitle": "【祝你健康】耳鼻喉科(7)"
  },
  {
    "path": "http://media.feearadio.net/downloads/others/Febc/YU_ENT/08.mp3",
    "title": "8.流感、普通感冒與自我照護",
    "duration": 700,
    "size": "5.4M",
    "albumName": "【祝你健康】耳鼻喉科",
    "id": 6054000008,
    "albumId": 6054,
    "albumtitle": "【祝你健康】耳鼻喉科(8)"
  },
  {
    "path": "http://media.feearadio.net/downloads/others/Febc/YU_ENT/09.mp3",
    "title": "9.流感會有生命危險",
    "duration": 700,
    "size": "5.4M",
    "albumName": "【祝你健康】耳鼻喉科",
    "id": 6054000009,
    "albumId": 6054,
    "albumtitle": "【祝你健康】耳鼻喉科(9)"
  },
  {
    "path": "http://media.feearadio.net/downloads/others/Febc/YU_ENT/10.mp3",
    "title": "10.鼻竇炎與洗鼻器",
    "duration": 700,
    "size": "5.4M",
    "albumName": "【祝你健康】耳鼻喉科",
    "id": 6054000010,
    "albumId": 6054,
    "albumtitle": "【祝你健康】耳鼻喉科(10)"
  },
  {
    "path": "http://media.feearadio.net/downloads/others/Febc/YU_ENT/11.mp3",
    "title": "11.鼻過敏、鼻塞、鼻中膈彎曲",
    "duration": 700,
    "size": "5.4M",
    "albumName": "【祝你健康】耳鼻喉科",
    "id": 6054000011,
    "albumId": 6054,
    "albumtitle": "【祝你健康】耳鼻喉科(11)"
  },
  {
    "path": "http://media.feearadio.net/downloads/others/Febc/YU_ENT/12.mp3",
    "title": "12.鼻手術及術後復原",
    "duration": 700,
    "size": "5.4M",
    "albumName": "【祝你健康】耳鼻喉科",
    "id": 6054000012,
    "albumId": 6054,
    "albumtitle": "【祝你健康】耳鼻喉科(12)"
  },
  {
    "path": "http://media.feearadio.net/downloads/others/Febc/YU_ENT/13.mp3",
    "title": "13.咳嗽",
    "duration": 700,
    "size": "5.4M",
    "albumName": "【祝你健康】耳鼻喉科",
    "id": 6054000013,
    "albumId": 6054,
    "albumtitle": "【祝你健康】耳鼻喉科(13)"
  },
  {
    "path": "http://media.feearadio.net/downloads/others/Febc/YU_ENT/14.mp3",
    "title": "14.慢性咽喉炎",
    "duration": 700,
    "size": "5.4M",
    "albumName": "【祝你健康】耳鼻喉科",
    "id": 6054000014,
    "albumId": 6054,
    "albumtitle": "【祝你健康】耳鼻喉科(14)"
  },
  {
    "path": "http://media.feearadio.net/downloads/others/Febc/YU_ENT/15.mp3",
    "title": "15.扁桃腺發炎",
    "duration": 700,
    "size": "5.4M",
    "albumName": "【祝你健康】耳鼻喉科",
    "id": 6054000015,
    "albumId": 6054,
    "albumtitle": "【祝你健康】耳鼻喉科(15)"
  },
  {
    "path": "http://media.feearadio.net/downloads/others/Febc/YU_ENT/16.mp3",
    "title": "16.保護聲帶",
    "duration": 700,
    "size": "5.4M",
    "albumName": "【祝你健康】耳鼻喉科",
    "id": 6054000016,
    "albumId": 6054,
    "albumtitle": "【祝你健康】耳鼻喉科(16)"
  }
]