[
  {
    "path": "http://media.feearadio.net/downloads/others/Febc/YU_GU/01.mp3",
    "title": "1.泌尿系統的生理機能介紹",
    "duration": 1200,
    "size": "10M",
    "albumName": "【祝你健康】泌尿科",
    "id": 6056000001,
    "albumId": 6056,
    "albumtitle": "【祝你健康】泌尿科(1)"
  },
  {
    "path": "http://media.feearadio.net/downloads/others/Febc/YU_GU/02.mp3",
    "title": "2.結石",
    "duration": 1200,
    "size": "10M",
    "albumName": "【祝你健康】泌尿科",
    "id": 6056000002,
    "albumId": 6056,
    "albumtitle": "【祝你健康】泌尿科(2)"
  },
  {
    "path": "http://media.feearadio.net/downloads/others/Febc/YU_GU/03.mp3",
    "title": "3.泌尿道感染 / 膀胱過動",
    "duration": 1200,
    "size": "10M",
    "albumName": "【祝你健康】泌尿科",
    "id": 6056000003,
    "albumId": 6056,
    "albumtitle": "【祝你健康】泌尿科(3)"
  },
  {
    "path": "http://media.feearadio.net/downloads/others/Febc/YU_GU/04.mp3",
    "title": "4.攝護腺肥大",
    "duration": 1200,
    "size": "10M",
    "albumName": "【祝你健康】泌尿科",
    "id": 6056000004,
    "albumId": 6056,
    "albumtitle": "【祝你健康】泌尿科(4)"
  },
  {
    "path": "http://media.feearadio.net/downloads/others/Febc/YU_GU/05.mp3",
    "title": "5.血尿",
    "duration": 1200,
    "size": "10M",
    "albumName": "【祝你健康】泌尿科",
    "id": 6056000005,
    "albumId": 6056,
    "albumtitle": "【祝你健康】泌尿科(5)"
  },
  {
    "path": "http://media.feearadio.net/downloads/others/Febc/YU_GU/06.mp3",
    "title": "6.尿失禁",
    "duration": 1200,
    "size": "10M",
    "albumName": "【祝你健康】泌尿科",
    "id": 6056000006,
    "albumId": 6056,
    "albumtitle": "【祝你健康】泌尿科(6)"
  },
  {
    "path": "http://media.feearadio.net/downloads/others/Febc/YU_GU/07.mp3",
    "title": "7.男性更年期",
    "duration": 1200,
    "size": "10M",
    "albumName": "【祝你健康】泌尿科",
    "id": 6056000007,
    "albumId": 6056,
    "albumtitle": "【祝你健康】泌尿科(7)"
  },
  {
    "path": "http://media.feearadio.net/downloads/others/Febc/YU_GU/08.mp3",
    "title": "8.性功能障礙",
    "duration": 1200,
    "size": "10M",
    "albumName": "【祝你健康】泌尿科",
    "id": 6056000008,
    "albumId": 6056,
    "albumtitle": "【祝你健康】泌尿科(8)"
  }
]