[
	{
		"path": "http://media.feearadio.net/downloads/others/CD/2010/02/01.mp3",
		"title": "1.主領我何往必去",
		"duration": 550,
		"size": "4M",
		"albumName": "【節目精選CD】2010年2月份 - 可靠的嚮導。同行在愛中",
		"id": 6071000001,
		"albumId": 6071,
		"albumtitle": "【節目精選CD】2010年2月份 - 可靠的嚮導。同行在愛中(1)"
	},
	{
		"path": "http://media.feearadio.net/downloads/others/CD/2010/02/02.mp3",
		"title": "2.可靠的嚮導-1",
		"duration": 550,
		"size": "4M",
		"albumName": "【節目精選CD】2010年2月份 - 可靠的嚮導。同行在愛中",
		"id": 6071000002,
		"albumId": 6071,
		"albumtitle": "【節目精選CD】2010年2月份 - 可靠的嚮導。同行在愛中(2)"
	},
	{
		"path": "http://media.feearadio.net/downloads/others/CD/2010/02/03.mp3",
		"title": "3.耶穌我來",
		"duration": 550,
		"size": "4M",
		"albumName": "【節目精選CD】2010年2月份 - 可靠的嚮導。同行在愛中",
		"id": 6071000003,
		"albumId": 6071,
		"albumtitle": "【節目精選CD】2010年2月份 - 可靠的嚮導。同行在愛中(3)"
	},
	{
		"path": "http://media.feearadio.net/downloads/others/CD/2010/02/04.mp3",
		"title": "4.可靠的嚮導-2",
		"duration": 550,
		"size": "4M",
		"albumName": "【節目精選CD】2010年2月份 - 可靠的嚮導。同行在愛中",
		"id": 6071000004,
		"albumId": 6071,
		"albumtitle": "【節目精選CD】2010年2月份 - 可靠的嚮導。同行在愛中(4)"
	},
	{
		"path": "http://media.feearadio.net/downloads/others/CD/2010/02/05.mp3",
		"title": "5.主拯救我",
		"duration": 550,
		"size": "4M",
		"albumName": "【節目精選CD】2010年2月份 - 可靠的嚮導。同行在愛中",
		"id": 6071000005,
		"albumId": 6071,
		"albumtitle": "【節目精選CD】2010年2月份 - 可靠的嚮導。同行在愛中(5)"
	},
	{
		"path": "http://media.feearadio.net/downloads/others/CD/2010/02/06.mp3",
		"title": "6.可靠的嚮導-3",
		"duration": 550,
		"size": "4M",
		"albumName": "【節目精選CD】2010年2月份 - 可靠的嚮導。同行在愛中",
		"id": 6071000006,
		"albumId": 6071,
		"albumtitle": "【節目精選CD】2010年2月份 - 可靠的嚮導。同行在愛中(6)"
	},
	{
		"path": "http://media.feearadio.net/downloads/others/CD/2010/02/07.mp3",
		"title": "7.主 我願像祢",
		"duration": 550,
		"size": "4M",
		"albumName": "【節目精選CD】2010年2月份 - 可靠的嚮導。同行在愛中",
		"id": 6071000007,
		"albumId": 6071,
		"albumtitle": "【節目精選CD】2010年2月份 - 可靠的嚮導。同行在愛中(7)"
	},
	{
		"path": "http://media.feearadio.net/downloads/others/CD/2010/02/08.mp3",
		"title": "8.可靠的嚮導-4",
		"duration": 550,
		"size": "4M",
		"albumName": "【節目精選CD】2010年2月份 - 可靠的嚮導。同行在愛中",
		"id": 6071000008,
		"albumId": 6071,
		"albumtitle": "【節目精選CD】2010年2月份 - 可靠的嚮導。同行在愛中(8)"
	},
	{
		"path": "http://media.feearadio.net/downloads/others/CD/2010/02/09.mp3",
		"title": "9.懇求聖靈充滿我",
		"duration": 550,
		"size": "4M",
		"albumName": "【節目精選CD】2010年2月份 - 可靠的嚮導。同行在愛中",
		"id": 6071000009,
		"albumId": 6071,
		"albumtitle": "【節目精選CD】2010年2月份 - 可靠的嚮導。同行在愛中(9)"
	}
]