[
	{
		"path": "http://media.feearadio.net/downloads/others/CD/2015/04/01.mp3",
		"title": "1.回轉像小孩 - Danny&Jill",
		"duration": 550,
		"size": "4M",
		"albumName": "【節目精選CD】2015年4月份 - 回轉像小孩。如此我信",
		"id": 6133000001,
		"albumId": 6133,
		"albumtitle": "【節目精選CD】2015年4月份 - 回轉像小孩。如此我信(1)"
	},
	{
		"path": "http://media.feearadio.net/downloads/others/CD/2015/04/02.mp3",
		"title": "2.信心-神奇的輪滑鞋",
		"duration": 550,
		"size": "4M",
		"albumName": "【節目精選CD】2015年4月份 - 回轉像小孩。如此我信",
		"id": 6133000002,
		"albumId": 6133,
		"albumtitle": "【節目精選CD】2015年4月份 - 回轉像小孩。如此我信(2)"
	},
	{
		"path": "http://media.feearadio.net/downloads/others/CD/2015/04/03.mp3",
		"title": "3.神的孩子 - 曾毓蘭",
		"duration": 550,
		"size": "4M",
		"albumName": "【節目精選CD】2015年4月份 - 回轉像小孩。如此我信",
		"id": 6133000003,
		"albumId": 6133,
		"albumtitle": "【節目精選CD】2015年4月份 - 回轉像小孩。如此我信(3)"
	},
	{
		"path": "http://media.feearadio.net/downloads/others/CD/2015/04/04.mp3",
		"title": "4.謙卑-誰坐在生日派對的首位",
		"duration": 550,
		"size": "4M",
		"albumName": "【節目精選CD】2015年4月份 - 回轉像小孩。如此我信",
		"id": 6133000004,
		"albumId": 6133,
		"albumtitle": "【節目精選CD】2015年4月份 - 回轉像小孩。如此我信(4)"
	},
	{
		"path": "http://media.feearadio.net/downloads/others/CD/2015/04/05.mp3",
		"title": "5.謙卑 - 生命河靈糧堂",
		"duration": 550,
		"size": "4M",
		"albumName": "【節目精選CD】2015年4月份 - 回轉像小孩。如此我信",
		"id": 6133000005,
		"albumId": 6133,
		"albumtitle": "【節目精選CD】2015年4月份 - 回轉像小孩。如此我信(5)"
	},
	{
		"path": "http://media.feearadio.net/downloads/others/CD/2015/04/06.mp3",
		"title": "6.單純-競選班長",
		"duration": 550,
		"size": "4M",
		"albumName": "【節目精選CD】2015年4月份 - 回轉像小孩。如此我信",
		"id": 6133000006,
		"albumId": 6133,
		"albumtitle": "【節目精選CD】2015年4月份 - 回轉像小孩。如此我信(6)"
	},
	{
		"path": "http://media.feearadio.net/downloads/others/CD/2015/04/07.mp3",
		"title": "7.為我造清潔的心 - 小羊詩歌",
		"duration": 550,
		"size": "4M",
		"albumName": "【節目精選CD】2015年4月份 - 回轉像小孩。如此我信",
		"id": 6133000007,
		"albumId": 6133,
		"albumtitle": "【節目精選CD】2015年4月份 - 回轉像小孩。如此我信(7)"
	},
	{
		"path": "http://media.feearadio.net/downloads/others/CD/2015/04/08.mp3",
		"title": "8.信任-決戰時刻",
		"duration": 550,
		"size": "4M",
		"albumName": "【節目精選CD】2015年4月份 - 回轉像小孩。如此我信",
		"id": 6133000008,
		"albumId": 6133,
		"albumtitle": "【節目精選CD】2015年4月份 - 回轉像小孩。如此我信(8)"
	},
	{
		"path": "http://media.feearadio.net/downloads/others/CD/2015/04/09.mp3",
		"title": "9.我用信心抬起頭 - 盛曉玫",
		"duration": 550,
		"size": "4M",
		"albumName": "【節目精選CD】2015年4月份 - 回轉像小孩。如此我信",
		"id": 6133000009,
		"albumId": 6133,
		"albumtitle": "【節目精選CD】2015年4月份 - 回轉像小孩。如此我信(9)"
	}
]