[
  {
    "path": "http://media.feearadio.net/downloads/others/Febc/Olympic/01.mp3",
    "title": "1.心心之火─蘿拉‧威爾金森（女子跳水）",
    "duration": 650,
    "size": "5M",
    "albumName": "标杆名人堂奥运特辑",
    "id": 6029000001,
    "albumId": 6029,
    "albumtitle": "标杆名人堂奥运特辑(1)"
  },
  {
    "path": "http://media.feearadio.net/downloads/others/Febc/Olympic/02.mp3",
    "title": "2.生命的金牌選手─利亞‧奧布萊恩（女子壘球）",
    "duration": 650,
    "size": "5M",
    "albumName": "标杆名人堂奥运特辑",
    "id": 6029000002,
    "albumId": 6029,
    "albumtitle": "标杆名人堂奥运特辑(2)"
  },
  {
    "path": "http://media.feearadio.net/downloads/others/Febc/Olympic/03.mp3",
    "title": "3.在任何的環境下相信神─艾莉森‧菲力克斯（女子接力）",
    "duration": 650,
    "size": "5M",
    "albumName": "标杆名人堂奥运特辑",
    "id": 6029000003,
    "albumId": 6029,
    "albumtitle": "标杆名人堂奥运特辑(3)"
  },
  {
    "path": "http://media.feearadio.net/downloads/others/Febc/Olympic/04.mp3",
    "title": "4.Run Your Race 跑自己的路─布萊恩‧克雷（男子十項全能）",
    "duration": 650,
    "size": "5M",
    "albumName": "标杆名人堂奥运特辑",
    "id": 6029000004,
    "albumId": 6029,
    "albumtitle": "标杆名人堂奥运特辑(4)"
  },
  {
    "path": "http://media.feearadio.net/downloads/others/Febc/Olympic/05.mp3",
    "title": "5.發揮自身恩賜，成為他人祝福─史蒂夫‧庫克（女子現代五項）",
    "duration": 650,
    "size": "5M",
    "albumName": "标杆名人堂奥运特辑",
    "id": 6029000005,
    "albumId": 6029,
    "albumtitle": "标杆名人堂奥运特辑(5)"
  },
  {
    "path": "http://media.feearadio.net/downloads/others/Febc/Olympic/06.mp3",
    "title": "6.真正的力量─約翰‧彼得森（男子摔角）",
    "duration": 650,
    "size": "5M",
    "albumName": "标杆名人堂奥运特辑",
    "id": 6029000006,
    "albumId": 6029,
    "albumtitle": "标杆名人堂奥运特辑(6)"
  },
  {
    "path": "http://media.feearadio.net/downloads/others/Febc/Olympic/07.mp3",
    "title": "7.在耶穌裡找到生命─凱莉‧克拉克（女子單板滑雪）",
    "duration": 650,
    "size": "5M",
    "albumName": "标杆名人堂奥运特辑",
    "id": 6029000007,
    "albumId": 6029,
    "albumtitle": "标杆名人堂奥运特辑(7)"
  },
  {
    "path": "http://media.feearadio.net/downloads/others/Febc/Olympic/08.mp3",
    "title": "8.光環下的謙卑─凱文.杜蘭特（男子籃球）",
    "duration": 650,
    "size": "5M",
    "albumName": "标杆名人堂奥运特辑",
    "id": 6029000008,
    "albumId": 6029,
    "albumtitle": "标杆名人堂奥运特辑(8)"
  },
  {
    "path": "http://media.feearadio.net/downloads/others/Febc/Olympic/09.mp3",
    "title": "9.不被負面批評擊倒的戰士─凱蒂‧泰勒（女子拳擊）",
    "duration": 650,
    "size": "5M",
    "albumName": "标杆名人堂奥运特辑",
    "id": 6029000009,
    "albumId": 6029,
    "albumtitle": "标杆名人堂奥运特辑(9)"
  },
  {
    "path": "http://media.feearadio.net/downloads/others/Febc/Olympic/10.mp3",
    "title": "10.用天賦榮耀天父─喬許‧戴維斯（男子游泳）",
    "duration": 650,
    "size": "5M",
    "albumName": "标杆名人堂奥运特辑",
    "id": 6029000010,
    "albumId": 6029,
    "albumtitle": "标杆名人堂奥运特辑(10)"
  },
  {
    "path": "http://media.feearadio.net/downloads/others/Febc/Olympic/11.mp3",
    "title": "11.跳水女皇：找到人生真正的滿足─伏明霞（女子跳水）",
    "duration": 650,
    "size": "5M",
    "albumName": "标杆名人堂奥运特辑",
    "id": 6029000011,
    "albumId": 6029,
    "albumtitle": "标杆名人堂奥运特辑(11)"
  },
  {
    "path": "http://media.feearadio.net/downloads/others/Febc/Olympic/12.mp3",
    "title": "12.最美的祝福：信靠耶穌─史考特.漢彌爾頓（男子花式滑冰）",
    "duration": 650,
    "size": "5M",
    "albumName": "标杆名人堂奥运特辑",
    "id": 6029000012,
    "albumId": 6029,
    "albumtitle": "标杆名人堂奥运特辑(12)"
  },
  {
    "path": "http://media.feearadio.net/downloads/others/Febc/Olympic/13.mp3",
    "title": "13.Catch the Star─塔米卡‧卡欽斯（女子籃球）",
    "duration": 650,
    "size": "5M",
    "albumName": "标杆名人堂奥运特辑",
    "id": 6029000013,
    "albumId": 6029,
    "albumtitle": "标杆名人堂奥运特辑(13)"
  },
  {
    "path": "http://media.feearadio.net/downloads/others/Febc/Olympic/14.mp3",
    "title": "14.比贏更重要的事：作基督的跟隨者─勞倫‧霍樂迪（女子足球）",
    "duration": 650,
    "size": "5M",
    "albumName": "标杆名人堂奥运特辑",
    "id": 6029000014,
    "albumId": 6029,
    "albumtitle": "标杆名人堂奥运特辑(14)"
  },
  {
    "path": "http://media.feearadio.net/downloads/others/Febc/Olympic/15.mp3",
    "title": "15.突破缺陷，看見上帝眼中的圓滿─萊納‧施密特（男子桌球）",
    "duration": 650,
    "size": "5M",
    "albumName": "标杆名人堂奥运特辑",
    "id": 6029000015,
    "albumId": 6029,
    "albumtitle": "标杆名人堂奥运特辑(15)"
  },
  {
    "path": "http://media.feearadio.net/downloads/others/Febc/Olympic/16.mp3",
    "title": "16.你當剛強壯膽─史蒂芬妮‧布朗‧特雷夫頓（女子鐵餅）",
    "duration": 650,
    "size": "5M",
    "albumName": "标杆名人堂奥运特辑",
    "id": 6029000016,
    "albumId": 6029,
    "albumtitle": "标杆名人堂奥运特辑(16)"
  },
  {
    "path": "http://media.feearadio.net/downloads/others/Febc/Olympic/17.mp3",
    "title": "17.比奧運金牌更閃亮的生命─蓋比‧道格拉斯（女子體操）",
    "duration": 650,
    "size": "5M",
    "albumName": "标杆名人堂奥运特辑",
    "id": 6029000017,
    "albumId": 6029,
    "albumtitle": "标杆名人堂奥运特辑(17)"
  },
  {
    "path": "http://media.feearadio.net/downloads/others/Febc/Olympic/18.mp3",
    "title": "18.總回顧",
    "duration": 650,
    "size": "5M",
    "albumName": "标杆名人堂奥运特辑",
    "id": 6029000018,
    "albumId": 6029,
    "albumtitle": "标杆名人堂奥运特辑(18)"
  }
]