[
	{
		"path": "http://media.feearadio.net/downloads/others/CD/2016/12/01.mp3",
		"title": "1.聖誕節的故事 - 主恩合唱團",
		"duration": 550,
		"size": "4M",
		"albumName": "【節目精選CD】2016年12月份 - 小故事大啟示。心心之火",
		"id": 6153000001,
		"albumId": 6153,
		"albumtitle": "【節目精選CD】2016年12月份 - 小故事大啟示。心心之火(1)"
	},
	{
		"path": "http://media.feearadio.net/downloads/others/CD/2016/12/02.mp3",
		"title": "2.第一份聖誕禮物 （最珍貴的禮物 - 泥土音樂 / 盛曉玫）",
		"duration": 550,
		"size": "4M",
		"albumName": "【節目精選CD】2016年12月份 - 小故事大啟示。心心之火",
		"id": 6153000002,
		"albumId": 6153,
		"albumtitle": "【節目精選CD】2016年12月份 - 小故事大啟示。心心之火(2)"
	},
	{
		"path": "http://media.feearadio.net/downloads/others/CD/2016/12/03.mp3",
		"title": "3.聖誕的驚喜（聖誕節是每一天 - 音為愛福音事工）",
		"duration": 550,
		"size": "4M",
		"albumName": "【節目精選CD】2016年12月份 - 小故事大啟示。心心之火",
		"id": 6153000003,
		"albumId": 6153,
		"albumtitle": "【節目精選CD】2016年12月份 - 小故事大啟示。心心之火(3)"
	},
	{
		"path": "http://media.feearadio.net/downloads/others/CD/2016/12/04.mp3",
		"title": "4.最美好的聖誕禮物（我家是天堂 - 彩虹愛家）",
		"duration": 550,
		"size": "4M",
		"albumName": "【節目精選CD】2016年12月份 - 小故事大啟示。心心之火",
		"id": 6153000004,
		"albumId": 6153,
		"albumtitle": "【節目精選CD】2016年12月份 - 小故事大啟示。心心之火(4)"
	},
	{
		"path": "http://media.feearadio.net/downloads/others/CD/2016/12/05.mp3",
		"title": "5.聖誕老人度假去（台北的聖誕節 - 約書亞樂團）",
		"duration": 550,
		"size": "4M",
		"albumName": "【節目精選CD】2016年12月份 - 小故事大啟示。心心之火",
		"id": 6153000005,
		"albumId": 6153,
		"albumtitle": "【節目精選CD】2016年12月份 - 小故事大啟示。心心之火(5)"
	},
	{
		"path": "http://media.feearadio.net/downloads/others/CD/2016/12/06.mp3",
		"title": "6.聖誕奇蹟（有一位嬰孩 - 聖歌特戰隊）",
		"duration": 550,
		"size": "4M",
		"albumName": "【節目精選CD】2016年12月份 - 小故事大啟示。心心之火",
		"id": 6153000006,
		"albumId": 6153,
		"albumtitle": "【節目精選CD】2016年12月份 - 小故事大啟示。心心之火(6)"
	},
	{
		"path": "http://media.feearadio.net/downloads/others/CD/2016/12/07.mp3",
		"title": "7.平安夜（平安夜 - 天韻）",
		"duration": 550,
		"size": "4M",
		"albumName": "【節目精選CD】2016年12月份 - 小故事大啟示。心心之火",
		"id": 6153000007,
		"albumId": 6153,
		"albumtitle": "【節目精選CD】2016年12月份 - 小故事大啟示。心心之火(7)"
	}
]