[
	{
		"path": "http://media.feearadio.net/downloads/others/Febc/unique/191.mp3",
		"title": "191 人生不隨便是成功的關鍵",
		"duration": 300,
		"size": "2.5M",
		"albumName": "絕妙啟示錄-張得仁-合集三",
		"id": 6295000001,
		"albumId": 6295,
		"albumtitle": "絕妙啟示錄-張得仁-合集三(1)"
	},
	{
		"path": "http://media.feearadio.net/downloads/others/Febc/unique/192.mp3",
		"title": "192 考慮太多的問題有時反而不容易解決問題",
		"duration": 300,
		"size": "2.5M",
		"albumName": "絕妙啟示錄-張得仁-合集三",
		"id": 6295000002,
		"albumId": 6295,
		"albumtitle": "絕妙啟示錄-張得仁-合集三(2)"
	},
	{
		"path": "http://media.feearadio.net/downloads/others/Febc/unique/193.mp3",
		"title": "193 心中容量決定福氣的份量",
		"duration": 300,
		"size": "2.5M",
		"albumName": "絕妙啟示錄-張得仁-合集三",
		"id": 6295000003,
		"albumId": 6295,
		"albumtitle": "絕妙啟示錄-張得仁-合集三(3)"
	},
	{
		"path": "http://media.feearadio.net/downloads/others/Febc/unique/194.mp3",
		"title": "194 與其腳亂手忙不如不慌不忙",
		"duration": 300,
		"size": "2.5M",
		"albumName": "絕妙啟示錄-張得仁-合集三",
		"id": 6295000004,
		"albumId": 6295,
		"albumtitle": "絕妙啟示錄-張得仁-合集三(4)"
	},
	{
		"path": "http://media.feearadio.net/downloads/others/Febc/unique/195.mp3",
		"title": "195 忘記成功才能繼續成功",
		"duration": 300,
		"size": "2.5M",
		"albumName": "絕妙啟示錄-張得仁-合集三",
		"id": 6295000005,
		"albumId": 6295,
		"albumtitle": "絕妙啟示錄-張得仁-合集三(5)"
	},
	{
		"path": "http://media.feearadio.net/downloads/others/Febc/unique/196.mp3",
		"title": "196 仁愛比聰明更難做到",
		"duration": 300,
		"size": "2.5M",
		"albumName": "絕妙啟示錄-張得仁-合集三",
		"id": 6295000006,
		"albumId": 6295,
		"albumtitle": "絕妙啟示錄-張得仁-合集三(6)"
	},
	{
		"path": "http://media.feearadio.net/downloads/others/Febc/unique/197.mp3",
		"title": "197 改變環境不如改換心境",
		"duration": 300,
		"size": "2.5M",
		"albumName": "絕妙啟示錄-張得仁-合集三",
		"id": 6295000007,
		"albumId": 6295,
		"albumtitle": "絕妙啟示錄-張得仁-合集三(7)"
	},
	{
		"path": "http://media.feearadio.net/downloads/others/Febc/unique/198.mp3",
		"title": "198 水到才能渠成，不要只想著速成",
		"duration": 300,
		"size": "2.5M",
		"albumName": "絕妙啟示錄-張得仁-合集三",
		"id": 6295000008,
		"albumId": 6295,
		"albumtitle": "絕妙啟示錄-張得仁-合集三(8)"
	},
	{
		"path": "http://media.feearadio.net/downloads/others/Febc/unique/199.mp3",
		"title": "199 不要用你的資歷來看別人的努力",
		"duration": 300,
		"size": "2.5M",
		"albumName": "絕妙啟示錄-張得仁-合集三",
		"id": 6295000009,
		"albumId": 6295,
		"albumtitle": "絕妙啟示錄-張得仁-合集三(9)"
	},
	{
		"path": "http://media.feearadio.net/downloads/others/Febc/unique/200.mp3",
		"title": "200 領袖不只在乎能力更在乎感力",
		"duration": 300,
		"size": "2.5M",
		"albumName": "絕妙啟示錄-張得仁-合集三",
		"id": 6295000010,
		"albumId": 6295,
		"albumtitle": "絕妙啟示錄-張得仁-合集三(10)"
	},
	{
		"path": "http://media.feearadio.net/downloads/others/Febc/unique/201.mp3",
		"title": "201 懂得苦中作樂發現快樂的人才配作領袖",
		"duration": 300,
		"size": "2.5M",
		"albumName": "絕妙啟示錄-張得仁-合集三",
		"id": 6295000011,
		"albumId": 6295,
		"albumtitle": "絕妙啟示錄-張得仁-合集三(11)"
	},
	{
		"path": "http://media.feearadio.net/downloads/others/Febc/unique/202.mp3",
		"title": "202 有所長才還要知所去向─所長無用",
		"duration": 300,
		"size": "2.5M",
		"albumName": "絕妙啟示錄-張得仁-合集三",
		"id": 6295000012,
		"albumId": 6295,
		"albumtitle": "絕妙啟示錄-張得仁-合集三(12)"
	},
	{
		"path": "http://media.feearadio.net/downloads/others/Febc/unique/203.mp3",
		"title": "203 懂的劉個缺口給別人也是愛人的方式之一",
		"duration": 300,
		"size": "2.5M",
		"albumName": "絕妙啟示錄-張得仁-合集三",
		"id": 6295000013,
		"albumId": 6295,
		"albumtitle": "絕妙啟示錄-張得仁-合集三(13)"
	},
	{
		"path": "http://media.feearadio.net/downloads/others/Febc/unique/204.mp3",
		"title": "204 責怪別人前先反省自己",
		"duration": 300,
		"size": "2.5M",
		"albumName": "絕妙啟示錄-張得仁-合集三",
		"id": 6295000014,
		"albumId": 6295,
		"albumtitle": "絕妙啟示錄-張得仁-合集三(14)"
	},
	{
		"path": "http://media.feearadio.net/downloads/others/Febc/unique/205.mp3",
		"title": "205 提醒別人容易，自己警醒卻很難",
		"duration": 300,
		"size": "2.5M",
		"albumName": "絕妙啟示錄-張得仁-合集三",
		"id": 6295000015,
		"albumId": 6295,
		"albumtitle": "絕妙啟示錄-張得仁-合集三(15)"
	},
	{
		"path": "http://media.feearadio.net/downloads/others/Febc/unique/206.mp3",
		"title": "206 善解人意才會多有福氣",
		"duration": 300,
		"size": "2.5M",
		"albumName": "絕妙啟示錄-張得仁-合集三",
		"id": 6295000016,
		"albumId": 6295,
		"albumtitle": "絕妙啟示錄-張得仁-合集三(16)"
	},
	{
		"path": "http://media.feearadio.net/downloads/others/Febc/unique/207.mp3",
		"title": "207 尊重經驗！苦頭才會少點被你遇見！",
		"duration": 300,
		"size": "2.5M",
		"albumName": "絕妙啟示錄-張得仁-合集三",
		"id": 6295000017,
		"albumId": 6295,
		"albumtitle": "絕妙啟示錄-張得仁-合集三(17)"
	},
	{
		"path": "http://media.feearadio.net/downloads/others/Febc/unique/208.mp3",
		"title": "208 擁有資源的人不一定成功，善用資源的人一定不會失敗",
		"duration": 300,
		"size": "2.5M",
		"albumName": "絕妙啟示錄-張得仁-合集三",
		"id": 6295000018,
		"albumId": 6295,
		"albumtitle": "絕妙啟示錄-張得仁-合集三(18)"
	},
	{
		"path": "http://media.feearadio.net/downloads/others/Febc/unique/209.mp3",
		"title": "209 人生有些抉擇不是你可以決定的",
		"duration": 300,
		"size": "2.5M",
		"albumName": "絕妙啟示錄-張得仁-合集三",
		"id": 6295000019,
		"albumId": 6295,
		"albumtitle": "絕妙啟示錄-張得仁-合集三(19)"
	},
	{
		"path": "http://media.feearadio.net/downloads/others/Febc/unique/210.mp3",
		"title": "210 一路順風有時不如半路失蹤",
		"duration": 300,
		"size": "2.5M",
		"albumName": "絕妙啟示錄-張得仁-合集三",
		"id": 6295000020,
		"albumId": 6295,
		"albumtitle": "絕妙啟示錄-張得仁-合集三(20)"
	},
	{
		"path": "http://media.feearadio.net/downloads/others/Febc/unique/211.mp3",
		"title": "211 讓別人幸福有時是給自己輕鬆",
		"duration": 300,
		"size": "2.5M",
		"albumName": "絕妙啟示錄-張得仁-合集三",
		"id": 6295000021,
		"albumId": 6295,
		"albumtitle": "絕妙啟示錄-張得仁-合集三(21)"
	},
	{
		"path": "http://media.feearadio.net/downloads/others/Febc/unique/212.mp3",
		"title": "212 能防患於未然，更勝於治亂于成後",
		"duration": 300,
		"size": "2.5M",
		"albumName": "絕妙啟示錄-張得仁-合集三",
		"id": 6295000022,
		"albumId": 6295,
		"albumtitle": "絕妙啟示錄-張得仁-合集三(22)"
	},
	{
		"path": "http://media.feearadio.net/downloads/others/Febc/unique/213.mp3",
		"title": "213 名氣大不一定偉大",
		"duration": 300,
		"size": "2.5M",
		"albumName": "絕妙啟示錄-張得仁-合集三",
		"id": 6295000023,
		"albumId": 6295,
		"albumtitle": "絕妙啟示錄-張得仁-合集三(23)"
	},
	{
		"path": "http://media.feearadio.net/downloads/others/Febc/unique/214.mp3",
		"title": "214 破點就是人生的支點",
		"duration": 300,
		"size": "2.5M",
		"albumName": "絕妙啟示錄-張得仁-合集三",
		"id": 6295000024,
		"albumId": 6295,
		"albumtitle": "絕妙啟示錄-張得仁-合集三(24)"
	},
	{
		"path": "http://media.feearadio.net/downloads/others/Febc/unique/215.mp3",
		"title": "215 我們常常不是人",
		"duration": 300,
		"size": "2.5M",
		"albumName": "絕妙啟示錄-張得仁-合集三",
		"id": 6295000025,
		"albumId": 6295,
		"albumtitle": "絕妙啟示錄-張得仁-合集三(25)"
	},
	{
		"path": "http://media.feearadio.net/downloads/others/Febc/unique/216.mp3",
		"title": "216 人生若總是專注於案例，就不會看見成功的特例",
		"duration": 300,
		"size": "2.5M",
		"albumName": "絕妙啟示錄-張得仁-合集三",
		"id": 6295000026,
		"albumId": 6295,
		"albumtitle": "絕妙啟示錄-張得仁-合集三(26)"
	},
	{
		"path": "http://media.feearadio.net/downloads/others/Febc/unique/217.mp3",
		"title": "217 舌頭的能耐決定結局的方向",
		"duration": 300,
		"size": "2.5M",
		"albumName": "絕妙啟示錄-張得仁-合集三",
		"id": 6295000027,
		"albumId": 6295,
		"albumtitle": "絕妙啟示錄-張得仁-合集三(27)"
	},
	{
		"path": "http://media.feearadio.net/downloads/others/Febc/unique/218.mp3",
		"title": "218 成功的人懂得增加好習慣，失敗的人無意間增加壞習慣",
		"duration": 300,
		"size": "2.5M",
		"albumName": "絕妙啟示錄-張得仁-合集三",
		"id": 6295000028,
		"albumId": 6295,
		"albumtitle": "絕妙啟示錄-張得仁-合集三(28)"
	},
	{
		"path": "http://media.feearadio.net/downloads/others/Febc/unique/219.mp3",
		"title": "219 有伴相隨人生才不容易向下墜",
		"duration": 300,
		"size": "2.5M",
		"albumName": "絕妙啟示錄-張得仁-合集三",
		"id": 6295000029,
		"albumId": 6295,
		"albumtitle": "絕妙啟示錄-張得仁-合集三(29)"
	},
	{
		"path": "http://media.feearadio.net/downloads/others/Febc/unique/220.mp3",
		"title": "220 適得其反，不如緘默自觀",
		"duration": 300,
		"size": "2.5M",
		"albumName": "絕妙啟示錄-張得仁-合集三",
		"id": 6295000030,
		"albumId": 6295,
		"albumtitle": "絕妙啟示錄-張得仁-合集三(30)"
	},
	{
		"path": "http://media.feearadio.net/downloads/others/Febc/unique/221.mp3",
		"title": "221 浪費生命來傷害別人最終也傷害了自己",
		"duration": 300,
		"size": "2.5M",
		"albumName": "絕妙啟示錄-張得仁-合集三",
		"id": 6295000031,
		"albumId": 6295,
		"albumtitle": "絕妙啟示錄-張得仁-合集三(31)"
	},
	{
		"path": "http://media.feearadio.net/downloads/others/Febc/unique/222.mp3",
		"title": "222 物以稀為貴，人人皆可貴",
		"duration": 300,
		"size": "2.5M",
		"albumName": "絕妙啟示錄-張得仁-合集三",
		"id": 6295000032,
		"albumId": 6295,
		"albumtitle": "絕妙啟示錄-張得仁-合集三(32)"
	},
	{
		"path": "http://media.feearadio.net/downloads/others/Febc/unique/223.mp3",
		"title": "223 成功是來自學以致用；失敗是因為學而不用",
		"duration": 300,
		"size": "2.5M",
		"albumName": "絕妙啟示錄-張得仁-合集三",
		"id": 6295000033,
		"albumId": 6295,
		"albumtitle": "絕妙啟示錄-張得仁-合集三(33)"
	},
	{
		"path": "http://media.feearadio.net/downloads/others/Febc/unique/224.mp3",
		"title": "224 什麼樣的選擇決定什麼樣的生活",
		"duration": 300,
		"size": "2.5M",
		"albumName": "絕妙啟示錄-張得仁-合集三",
		"id": 6295000034,
		"albumId": 6295,
		"albumtitle": "絕妙啟示錄-張得仁-合集三(34)"
	},
	{
		"path": "http://media.feearadio.net/downloads/others/Febc/unique/225.mp3",
		"title": "225 機會就是在廢棄中重新發現利用的價值",
		"duration": 300,
		"size": "2.5M",
		"albumName": "絕妙啟示錄-張得仁-合集三",
		"id": 6295000035,
		"albumId": 6295,
		"albumtitle": "絕妙啟示錄-張得仁-合集三(35)"
	},
	{
		"path": "http://media.feearadio.net/downloads/others/Febc/unique/226.mp3",
		"title": "226 互助交流才不會辛苦淚流",
		"duration": 300,
		"size": "2.5M",
		"albumName": "絕妙啟示錄-張得仁-合集三",
		"id": 6295000036,
		"albumId": 6295,
		"albumtitle": "絕妙啟示錄-張得仁-合集三(36)"
	},
	{
		"path": "http://media.feearadio.net/downloads/others/Febc/unique/227.mp3",
		"title": "227 台上三分鐘，台下十年功",
		"duration": 300,
		"size": "2.5M",
		"albumName": "絕妙啟示錄-張得仁-合集三",
		"id": 6295000037,
		"albumId": 6295,
		"albumtitle": "絕妙啟示錄-張得仁-合集三(37)"
	},
	{
		"path": "http://media.feearadio.net/downloads/others/Febc/unique/228.mp3",
		"title": "228 正視自己的弱點是邁向成功的關鍵特點",
		"duration": 300,
		"size": "2.5M",
		"albumName": "絕妙啟示錄-張得仁-合集三",
		"id": 6295000038,
		"albumId": 6295,
		"albumtitle": "絕妙啟示錄-張得仁-合集三(38)"
	},
	{
		"path": "http://media.feearadio.net/downloads/others/Febc/unique/229.mp3",
		"title": "229 與其等死不如孤注一擲",
		"duration": 300,
		"size": "2.5M",
		"albumName": "絕妙啟示錄-張得仁-合集三",
		"id": 6295000039,
		"albumId": 6295,
		"albumtitle": "絕妙啟示錄-張得仁-合集三(39)"
	},
	{
		"path": "http://media.feearadio.net/downloads/others/Febc/unique/230.mp3",
		"title": "230 勤能補拙是良訓，一分辛苦一分才",
		"duration": 300,
		"size": "2.5M",
		"albumName": "絕妙啟示錄-張得仁-合集三",
		"id": 6295000040,
		"albumId": 6295,
		"albumtitle": "絕妙啟示錄-張得仁-合集三(40)"
	},
	{
		"path": "http://media.feearadio.net/downloads/others/Febc/unique/231.mp3",
		"title": "231 在大海上航行的船沒有不帶傷的",
		"duration": 300,
		"size": "2.5M",
		"albumName": "絕妙啟示錄-張得仁-合集三",
		"id": 6295000041,
		"albumId": 6295,
		"albumtitle": "絕妙啟示錄-張得仁-合集三(41)"
	},
	{
		"path": "http://media.feearadio.net/downloads/others/Febc/unique/232.mp3",
		"title": "232 不屈服永遠勝於被欺負",
		"duration": 300,
		"size": "2.5M",
		"albumName": "絕妙啟示錄-張得仁-合集三",
		"id": 6295000042,
		"albumId": 6295,
		"albumtitle": "絕妙啟示錄-張得仁-合集三(42)"
	},
	{
		"path": "http://media.feearadio.net/downloads/others/Febc/unique/233.mp3",
		"title": "233 行動是為了確保自己不致錯誤的移動",
		"duration": 300,
		"size": "2.5M",
		"albumName": "絕妙啟示錄-張得仁-合集三",
		"id": 6295000043,
		"albumId": 6295,
		"albumtitle": "絕妙啟示錄-張得仁-合集三(43)"
	},
	{
		"path": "http://media.feearadio.net/downloads/others/Febc/unique/234.mp3",
		"title": "234 偉大的念頭來自於一個跌人的石頭",
		"duration": 300,
		"size": "2.5M",
		"albumName": "絕妙啟示錄-張得仁-合集三",
		"id": 6295000044,
		"albumId": 6295,
		"albumtitle": "絕妙啟示錄-張得仁-合集三(44)"
	},
	{
		"path": "http://media.feearadio.net/downloads/others/Febc/unique/235.mp3",
		"title": "235 說話三思才會受人尊重",
		"duration": 300,
		"size": "2.5M",
		"albumName": "絕妙啟示錄-張得仁-合集三",
		"id": 6295000045,
		"albumId": 6295,
		"albumtitle": "絕妙啟示錄-張得仁-合集三(45)"
	},
	{
		"path": "http://media.feearadio.net/downloads/others/Febc/unique/236.mp3",
		"title": "236 先想自己有沒有問題是我們最常忽略的問題",
		"duration": 300,
		"size": "2.5M",
		"albumName": "絕妙啟示錄-張得仁-合集三",
		"id": 6295000046,
		"albumId": 6295,
		"albumtitle": "絕妙啟示錄-張得仁-合集三(46)"
	},
	{
		"path": "http://media.feearadio.net/downloads/others/Febc/unique/237.mp3",
		"title": "237 「試試看」你才會有機會與成功相伴",
		"duration": 300,
		"size": "2.5M",
		"albumName": "絕妙啟示錄-張得仁-合集三",
		"id": 6295000047,
		"albumId": 6295,
		"albumtitle": "絕妙啟示錄-張得仁-合集三(47)"
	},
	{
		"path": "http://media.feearadio.net/downloads/others/Febc/unique/238.mp3",
		"title": "238 成功的辦法常來自於單純的想法",
		"duration": 300,
		"size": "2.5M",
		"albumName": "絕妙啟示錄-張得仁-合集三",
		"id": 6295000048,
		"albumId": 6295,
		"albumtitle": "絕妙啟示錄-張得仁-合集三(48)"
	},
	{
		"path": "http://media.feearadio.net/downloads/others/Febc/unique/239.mp3",
		"title": "239 各奔西東與希望落空",
		"duration": 300,
		"size": "2.5M",
		"albumName": "絕妙啟示錄-張得仁-合集三",
		"id": 6295000049,
		"albumId": 6295,
		"albumtitle": "絕妙啟示錄-張得仁-合集三(49)"
	},
	{
		"path": "http://media.feearadio.net/downloads/others/Febc/unique/240.mp3",
		"title": "240 一公噸的說教不如一公克的笑話",
		"duration": 300,
		"size": "2.5M",
		"albumName": "絕妙啟示錄-張得仁-合集三",
		"id": 6295000050,
		"albumId": 6295,
		"albumtitle": "絕妙啟示錄-張得仁-合集三(50)"
	},
	{
		"path": "http://media.feearadio.net/downloads/others/Febc/unique/241.mp3",
		"title": "241 常說造就人的好話，春城無處不飛花",
		"duration": 300,
		"size": "2.5M",
		"albumName": "絕妙啟示錄-張得仁-合集三",
		"id": 6295000051,
		"albumId": 6295,
		"albumtitle": "絕妙啟示錄-張得仁-合集三(51)"
	},
	{
		"path": "http://media.feearadio.net/downloads/others/Febc/unique/242.mp3",
		"title": "242 毫無損失─懂得耐煩才會不平凡",
		"duration": 300,
		"size": "2.5M",
		"albumName": "絕妙啟示錄-張得仁-合集三",
		"id": 6295000052,
		"albumId": 6295,
		"albumtitle": "絕妙啟示錄-張得仁-合集三(52)"
	},
	{
		"path": "http://media.feearadio.net/downloads/others/Febc/unique/243.mp3",
		"title": "243 絕望的結局常來自於一無所用的騙局",
		"duration": 300,
		"size": "2.5M",
		"albumName": "絕妙啟示錄-張得仁-合集三",
		"id": 6295000053,
		"albumId": 6295,
		"albumtitle": "絕妙啟示錄-張得仁-合集三(53)"
	},
	{
		"path": "http://media.feearadio.net/downloads/others/Febc/unique/244.mp3",
		"title": "244 濃縮頭腦努力才不會亂跑",
		"duration": 300,
		"size": "2.5M",
		"albumName": "絕妙啟示錄-張得仁-合集三",
		"id": 6295000054,
		"albumId": 6295,
		"albumtitle": "絕妙啟示錄-張得仁-合集三(54)"
	},
	{
		"path": "http://media.feearadio.net/downloads/others/Febc/unique/245.mp3",
		"title": "245 自動幫別人補洞，可以讓別人的人生重新出動",
		"duration": 300,
		"size": "2.5M",
		"albumName": "絕妙啟示錄-張得仁-合集三",
		"id": 6295000055,
		"albumId": 6295,
		"albumtitle": "絕妙啟示錄-張得仁-合集三(55)"
	},
	{
		"path": "http://media.feearadio.net/downloads/others/Febc/unique/246.mp3",
		"title": "246 痛苦的條件常能偉大的出現",
		"duration": 300,
		"size": "2.5M",
		"albumName": "絕妙啟示錄-張得仁-合集三",
		"id": 6295000056,
		"albumId": 6295,
		"albumtitle": "絕妙啟示錄-張得仁-合集三(56)"
	},
	{
		"path": "http://media.feearadio.net/downloads/others/Febc/unique/247.mp3",
		"title": "247 家人才是最重要的財富",
		"duration": 300,
		"size": "2.5M",
		"albumName": "絕妙啟示錄-張得仁-合集三",
		"id": 6295000057,
		"albumId": 6295,
		"albumtitle": "絕妙啟示錄-張得仁-合集三(57)"
	},
	{
		"path": "http://media.feearadio.net/downloads/others/Febc/unique/248.mp3",
		"title": "248 愛是為著別人走出去",
		"duration": 300,
		"size": "2.5M",
		"albumName": "絕妙啟示錄-張得仁-合集三",
		"id": 6295000058,
		"albumId": 6295,
		"albumtitle": "絕妙啟示錄-張得仁-合集三(58)"
	},
	{
		"path": "http://media.feearadio.net/downloads/others/Febc/unique/249.mp3",
		"title": "249 輕鬆是來自於不比較也不計較",
		"duration": 300,
		"size": "2.5M",
		"albumName": "絕妙啟示錄-張得仁-合集三",
		"id": 6295000059,
		"albumId": 6295,
		"albumtitle": "絕妙啟示錄-張得仁-合集三(59)"
	},
	{
		"path": "http://media.feearadio.net/downloads/others/Febc/unique/250.mp3",
		"title": "250 從頭到尾聽完，誤會才不會常在人生瀰漫",
		"duration": 300,
		"size": "2.5M",
		"albumName": "絕妙啟示錄-張得仁-合集三",
		"id": 6295000060,
		"albumId": 6295,
		"albumtitle": "絕妙啟示錄-張得仁-合集三(60)"
	},
	{
		"path": "http://media.feearadio.net/downloads/others/Febc/unique/251.mp3",
		"title": "251 世界上最大的假象就是證明苦難的現象是證明神不存在的真相",
		"duration": 300,
		"size": "2.5M",
		"albumName": "絕妙啟示錄-張得仁-合集三",
		"id": 6295000061,
		"albumId": 6295,
		"albumtitle": "絕妙啟示錄-張得仁-合集三(61)"
	},
	{
		"path": "http://media.feearadio.net/downloads/others/Febc/unique/252.mp3",
		"title": "252 善待別人就是幫助自己",
		"duration": 300,
		"size": "2.5M",
		"albumName": "絕妙啟示錄-張得仁-合集三",
		"id": 6295000062,
		"albumId": 6295,
		"albumtitle": "絕妙啟示錄-張得仁-合集三(62)"
	},
	{
		"path": "http://media.feearadio.net/downloads/others/Febc/unique/253.mp3",
		"title": "253 除去罪惡最好的方法就是栽種良善",
		"duration": 300,
		"size": "2.5M",
		"albumName": "絕妙啟示錄-張得仁-合集三",
		"id": 6295000063,
		"albumId": 6295,
		"albumtitle": "絕妙啟示錄-張得仁-合集三(63)"
	},
	{
		"path": "http://media.feearadio.net/downloads/others/Febc/unique/254.mp3",
		"title": "254 神所造的都有好處，絕對不會一無是處",
		"duration": 300,
		"size": "2.5M",
		"albumName": "絕妙啟示錄-張得仁-合集三",
		"id": 6295000064,
		"albumId": 6295,
		"albumtitle": "絕妙啟示錄-張得仁-合集三(64)"
	},
	{
		"path": "http://media.feearadio.net/downloads/others/Febc/unique/255.mp3",
		"title": "255 豐富的目的不是自己安逸，而是使人受益",
		"duration": 300,
		"size": "2.5M",
		"albumName": "絕妙啟示錄-張得仁-合集三",
		"id": 6295000065,
		"albumId": 6295,
		"albumtitle": "絕妙啟示錄-張得仁-合集三(65)"
	},
	{
		"path": "http://media.feearadio.net/downloads/others/Febc/unique/256.mp3",
		"title": "256 塞翁失馬焉知非福",
		"duration": 300,
		"size": "2.5M",
		"albumName": "絕妙啟示錄-張得仁-合集三",
		"id": 6295000066,
		"albumId": 6295,
		"albumtitle": "絕妙啟示錄-張得仁-合集三(66)"
	},
	{
		"path": "http://media.feearadio.net/downloads/others/Febc/unique/257.mp3",
		"title": "257 庸人自擾常是為過去與將來煩惱",
		"duration": 300,
		"size": "2.5M",
		"albumName": "絕妙啟示錄-張得仁-合集三",
		"id": 6295000067,
		"albumId": 6295,
		"albumtitle": "絕妙啟示錄-張得仁-合集三(67)"
	},
	{
		"path": "http://media.feearadio.net/downloads/others/Febc/unique/258.mp3",
		"title": "258 自我中心常換來最後的傷心",
		"duration": 300,
		"size": "2.5M",
		"albumName": "絕妙啟示錄-張得仁-合集三",
		"id": 6295000068,
		"albumId": 6295,
		"albumtitle": "絕妙啟示錄-張得仁-合集三(68)"
	},
	{
		"path": "http://media.feearadio.net/downloads/others/Febc/unique/259.mp3",
		"title": "259 小女孩的五十七分錢",
		"duration": 300,
		"size": "2.5M",
		"albumName": "絕妙啟示錄-張得仁-合集三",
		"id": 6295000069,
		"albumId": 6295,
		"albumtitle": "絕妙啟示錄-張得仁-合集三(69)"
	},
	{
		"path": "http://media.feearadio.net/downloads/others/Febc/unique/260.mp3",
		"title": "260 快樂相處的秘訣就是要把忍耐學",
		"duration": 300,
		"size": "2.5M",
		"albumName": "絕妙啟示錄-張得仁-合集三",
		"id": 6295000070,
		"albumId": 6295,
		"albumtitle": "絕妙啟示錄-張得仁-合集三(70)"
	},
	{
		"path": "http://media.feearadio.net/downloads/others/Febc/unique/261.mp3",
		"title": "261 一天的難處一天當就夠了",
		"duration": 300,
		"size": "2.5M",
		"albumName": "絕妙啟示錄-張得仁-合集三",
		"id": 6295000071,
		"albumId": 6295,
		"albumtitle": "絕妙啟示錄-張得仁-合集三(71)"
	},
	{
		"path": "http://media.feearadio.net/downloads/others/Febc/unique/262.mp3",
		"title": "262 偉大的人常將別人的批評轉化成自己的打拼",
		"duration": 300,
		"size": "2.5M",
		"albumName": "絕妙啟示錄-張得仁-合集三",
		"id": 6295000072,
		"albumId": 6295,
		"albumtitle": "絕妙啟示錄-張得仁-合集三(72)"
	},
	{
		"path": "http://media.feearadio.net/downloads/others/Febc/unique/263.mp3",
		"title": "263 不懂節制！美好的事也會隨風而逝",
		"duration": 300,
		"size": "2.5M",
		"albumName": "絕妙啟示錄-張得仁-合集三",
		"id": 6295000073,
		"albumId": 6295,
		"albumtitle": "絕妙啟示錄-張得仁-合集三(73)"
	},
	{
		"path": "http://media.feearadio.net/downloads/others/Febc/unique/264.mp3",
		"title": "264 樂觀！既使是困難也不能把它關",
		"duration": 300,
		"size": "2.5M",
		"albumName": "絕妙啟示錄-張得仁-合集三",
		"id": 6295000074,
		"albumId": 6295,
		"albumtitle": "絕妙啟示錄-張得仁-合集三(74)"
	},
	{
		"path": "http://media.feearadio.net/downloads/others/Febc/unique/265.mp3",
		"title": "265 掌握基本的道理，人生就不容易在錯誤中迷失",
		"duration": 300,
		"size": "2.5M",
		"albumName": "絕妙啟示錄-張得仁-合集三",
		"id": 6295000075,
		"albumId": 6295,
		"albumtitle": "絕妙啟示錄-張得仁-合集三(75)"
	},
	{
		"path": "http://media.feearadio.net/downloads/others/Febc/unique/266.mp3",
		"title": "266 現在的發光是因過去的努力成鋼",
		"duration": 300,
		"size": "2.5M",
		"albumName": "絕妙啟示錄-張得仁-合集三",
		"id": 6295000076,
		"albumId": 6295,
		"albumtitle": "絕妙啟示錄-張得仁-合集三(76)"
	},
	{
		"path": "http://media.feearadio.net/downloads/others/Febc/unique/267.mp3",
		"title": "267 懂得對症下藥，人生才會嚇嚇叫",
		"duration": 300,
		"size": "2.5M",
		"albumName": "絕妙啟示錄-張得仁-合集三",
		"id": 6295000077,
		"albumId": 6295,
		"albumtitle": "絕妙啟示錄-張得仁-合集三(77)"
	},
	{
		"path": "http://media.feearadio.net/downloads/others/Febc/unique/268.mp3",
		"title": "268 人生要獲得高分，就必須先進行深耕",
		"duration": 300,
		"size": "2.5M",
		"albumName": "絕妙啟示錄-張得仁-合集三",
		"id": 6295000078,
		"albumId": 6295,
		"albumtitle": "絕妙啟示錄-張得仁-合集三(78)"
	},
	{
		"path": "http://media.feearadio.net/downloads/others/Febc/unique/269.mp3",
		"title": "269 換個想法是處理危機的好辦法",
		"duration": 300,
		"size": "2.5M",
		"albumName": "絕妙啟示錄-張得仁-合集三",
		"id": 6295000079,
		"albumId": 6295,
		"albumtitle": "絕妙啟示錄-張得仁-合集三(79)"
	},
	{
		"path": "http://media.feearadio.net/downloads/others/Febc/unique/270.mp3",
		"title": "270 昆蟲的創意不一定是唯一",
		"duration": 300,
		"size": "2.5M",
		"albumName": "絕妙啟示錄-張得仁-合集三",
		"id": 6295000080,
		"albumId": 6295,
		"albumtitle": "絕妙啟示錄-張得仁-合集三(80)"
	},
	{
		"path": "http://media.feearadio.net/downloads/others/Febc/unique/271.mp3",
		"title": "271 盲目的跟隨只會讓人生走入死胡同",
		"duration": 300,
		"size": "2.5M",
		"albumName": "絕妙啟示錄-張得仁-合集三",
		"id": 6295000081,
		"albumId": 6295,
		"albumtitle": "絕妙啟示錄-張得仁-合集三(81)"
	},
	{
		"path": "http://media.feearadio.net/downloads/others/Febc/unique/272.mp3",
		"title": "272 懂得讓人佔便宜成功才不會遠離",
		"duration": 300,
		"size": "2.5M",
		"albumName": "絕妙啟示錄-張得仁-合集三",
		"id": 6295000082,
		"albumId": 6295,
		"albumtitle": "絕妙啟示錄-張得仁-合集三(82)"
	},
	{
		"path": "http://media.feearadio.net/downloads/others/Febc/unique/273.mp3",
		"title": "273 失敗者的病例常是以為人生總有用不到的經歷",
		"duration": 300,
		"size": "2.5M",
		"albumName": "絕妙啟示錄-張得仁-合集三",
		"id": 6295000083,
		"albumId": 6295,
		"albumtitle": "絕妙啟示錄-張得仁-合集三(83)"
	},
	{
		"path": "http://media.feearadio.net/downloads/others/Febc/unique/274.mp3",
		"title": "274 用心是讓關心可以溫暖的中心",
		"duration": 300,
		"size": "2.5M",
		"albumName": "絕妙啟示錄-張得仁-合集三",
		"id": 6295000084,
		"albumId": 6295,
		"albumtitle": "絕妙啟示錄-張得仁-合集三(84)"
	},
	{
		"path": "http://media.feearadio.net/downloads/others/Febc/unique/275.mp3",
		"title": "275 固執經驗會讓成功的延續消失不見",
		"duration": 300,
		"size": "2.5M",
		"albumName": "絕妙啟示錄-張得仁-合集三",
		"id": 6295000085,
		"albumId": 6295,
		"albumtitle": "絕妙啟示錄-張得仁-合集三(85)"
	},
	{
		"path": "http://media.feearadio.net/downloads/others/Febc/unique/276.mp3",
		"title": "276 持續的努力才是一般人最難擁有的能力",
		"duration": 300,
		"size": "2.5M",
		"albumName": "絕妙啟示錄-張得仁-合集三",
		"id": 6295000086,
		"albumId": 6295,
		"albumtitle": "絕妙啟示錄-張得仁-合集三(86)"
	},
	{
		"path": "http://media.feearadio.net/downloads/others/Febc/unique/277.mp3",
		"title": "277 原來困難也是成功的搖籃",
		"duration": 300,
		"size": "2.5M",
		"albumName": "絕妙啟示錄-張得仁-合集三",
		"id": 6295000087,
		"albumId": 6295,
		"albumtitle": "絕妙啟示錄-張得仁-合集三(87)"
	},
	{
		"path": "http://media.feearadio.net/downloads/others/Febc/unique/278.mp3",
		"title": "278 先接納他人的缺陷，美好的一面才有可能被看見",
		"duration": 300,
		"size": "2.5M",
		"albumName": "絕妙啟示錄-張得仁-合集三",
		"id": 6295000088,
		"albumId": 6295,
		"albumtitle": "絕妙啟示錄-張得仁-合集三(88)"
	},
	{
		"path": "http://media.feearadio.net/downloads/others/Febc/unique/279.mp3",
		"title": "279 處處留心皆學問，萬物靜觀皆自得",
		"duration": 300,
		"size": "2.5M",
		"albumName": "絕妙啟示錄-張得仁-合集三",
		"id": 6295000089,
		"albumId": 6295,
		"albumtitle": "絕妙啟示錄-張得仁-合集三(89)"
	},
	{
		"path": "http://media.feearadio.net/downloads/others/Febc/unique/280.mp3",
		"title": "280 被人理解是幸福，被人誤解是考驗",
		"duration": 300,
		"size": "2.5M",
		"albumName": "絕妙啟示錄-張得仁-合集三",
		"id": 6295000090,
		"albumId": 6295,
		"albumtitle": "絕妙啟示錄-張得仁-合集三(90)"
	},
	{
		"path": "http://media.feearadio.net/downloads/others/Febc/unique/281.mp3",
		"title": "281 照亮別人也是幫助自己",
		"duration": 300,
		"size": "2.5M",
		"albumName": "絕妙啟示錄-張得仁-合集三",
		"id": 6295000091,
		"albumId": 6295,
		"albumtitle": "絕妙啟示錄-張得仁-合集三(91)"
	},
	{
		"path": "http://media.feearadio.net/downloads/others/Febc/unique/282.mp3",
		"title": "282 笑迎挫折是成功的法則",
		"duration": 300,
		"size": "2.5M",
		"albumName": "絕妙啟示錄-張得仁-合集三",
		"id": 6295000092,
		"albumId": 6295,
		"albumtitle": "絕妙啟示錄-張得仁-合集三(92)"
	},
	{
		"path": "http://media.feearadio.net/downloads/others/Febc/unique/283.mp3",
		"title": "283 懂得看正反，人生才會不凡",
		"duration": 300,
		"size": "2.5M",
		"albumName": "絕妙啟示錄-張得仁-合集三",
		"id": 6295000093,
		"albumId": 6295,
		"albumtitle": "絕妙啟示錄-張得仁-合集三(93)"
	},
	{
		"path": "http://media.feearadio.net/downloads/others/Febc/unique/284.mp3",
		"title": "284 超越自己需要先留隻眼睛給自己",
		"duration": 300,
		"size": "2.5M",
		"albumName": "絕妙啟示錄-張得仁-合集三",
		"id": 6295000094,
		"albumId": 6295,
		"albumtitle": "絕妙啟示錄-張得仁-合集三(94)"
	},
	{
		"path": "http://media.feearadio.net/downloads/others/Febc/unique/285.mp3",
		"title": "285 人間的可悲就是相信人有絕對的權威",
		"duration": 300,
		"size": "2.5M",
		"albumName": "絕妙啟示錄-張得仁-合集三",
		"id": 6295000095,
		"albumId": 6295,
		"albumtitle": "絕妙啟示錄-張得仁-合集三(95)"
	}
]