[
  {
    "path": "http://media.feearadio.net/downloads/others/Febc/YU_Oph/01.mp3",
    "title": "1.眼睛構造",
    "duration": 700,
    "size": "5.4M",
    "albumName": "【祝你健康】視力保健",
    "id": 6053000001,
    "albumId": 6053,
    "albumtitle": "【祝你健康】視力保健(1)"
  },
  {
    "path": "http://media.feearadio.net/downloads/others/Febc/YU_Oph/02.mp3",
    "title": "2.視覺疲勞",
    "duration": 700,
    "size": "5.4M",
    "albumName": "【祝你健康】視力保健",
    "id": 6053000002,
    "albumId": 6053,
    "albumtitle": "【祝你健康】視力保健(2)"
  },
  {
    "path": "http://media.feearadio.net/downloads/others/Febc/YU_Oph/03.mp3",
    "title": "3.乾眼症",
    "duration": 700,
    "size": "5.4M",
    "albumName": "【祝你健康】視力保健",
    "id": 6053000003,
    "albumId": 6053,
    "albumtitle": "【祝你健康】視力保健(3)"
  },
  {
    "path": "http://media.feearadio.net/downloads/others/Febc/YU_Oph/04.mp3",
    "title": "4.紅眼症",
    "duration": 700,
    "size": "5.4M",
    "albumName": "【祝你健康】視力保健",
    "id": 6053000004,
    "albumId": 6053,
    "albumtitle": "【祝你健康】視力保健(4)"
  },
  {
    "path": "http://media.feearadio.net/downloads/others/Febc/YU_Oph/05.mp3",
    "title": "5.飛蚊症",
    "duration": 700,
    "size": "5.4M",
    "albumName": "【祝你健康】視力保健",
    "id": 6053000005,
    "albumId": 6053,
    "albumtitle": "【祝你健康】視力保健(5)"
  },
  {
    "path": "http://media.feearadio.net/downloads/others/Febc/YU_Oph/06.mp3",
    "title": "6.近視",
    "duration": 700,
    "size": "5.4M",
    "albumName": "【祝你健康】視力保健",
    "id": 6053000006,
    "albumId": 6053,
    "albumtitle": "【祝你健康】視力保健(6)"
  },
  {
    "path": "http://media.feearadio.net/downloads/others/Febc/YU_Oph/07.mp3",
    "title": "7.遠視",
    "duration": 700,
    "size": "5.4M",
    "albumName": "【祝你健康】視力保健",
    "id": 6053000007,
    "albumId": 6053,
    "albumtitle": "【祝你健康】視力保健(7)"
  },
  {
    "path": "http://media.feearadio.net/downloads/others/Febc/YU_Oph/08.mp3",
    "title": "8.弱視",
    "duration": 700,
    "size": "5.4M",
    "albumName": "【祝你健康】視力保健",
    "id": 6053000008,
    "albumId": 6053,
    "albumtitle": "【祝你健康】視力保健(8)"
  },
  {
    "path": "http://media.feearadio.net/downloads/others/Febc/YU_Oph/09.mp3",
    "title": "9.白內障",
    "duration": 700,
    "size": "5.4M",
    "albumName": "【祝你健康】視力保健",
    "id": 6053000009,
    "albumId": 6053,
    "albumtitle": "【祝你健康】視力保健(9)"
  },
  {
    "path": "http://media.feearadio.net/downloads/others/Febc/YU_Oph/10.mp3",
    "title": "10.青光眼",
    "duration": 700,
    "size": "5.4M",
    "albumName": "【祝你健康】視力保健",
    "id": 6053000010,
    "albumId": 6053,
    "albumtitle": "【祝你健康】視力保健(10)"
  },
  {
    "path": "http://media.feearadio.net/downloads/others/Febc/YU_Oph/11.mp3",
    "title": "11.糖尿病病變",
    "duration": 700,
    "size": "5.4M",
    "albumName": "【祝你健康】視力保健",
    "id": 6053000011,
    "albumId": 6053,
    "albumtitle": "【祝你健康】視力保健(11)"
  },
  {
    "path": "http://media.feearadio.net/downloads/others/Febc/YU_Oph/12.mp3",
    "title": "12.黃斑部病變",
    "duration": 700,
    "size": "5.4M",
    "albumName": "【祝你健康】視力保健",
    "id": 6053000012,
    "albumId": 6053,
    "albumtitle": "【祝你健康】視力保健(12)"
  },
  {
    "path": "http://media.feearadio.net/downloads/others/Febc/YU_Oph/13.mp3",
    "title": "13.眼睛用藥觀念",
    "duration": 700,
    "size": "5.4M",
    "albumName": "【祝你健康】視力保健",
    "id": 6053000013,
    "albumId": 6053,
    "albumtitle": "【祝你健康】視力保健(13)"
  }
]