[
  {
    "path": "http://media.feearadio.net/downloads/others/Febc/YU_PSY/01.mp3",
    "title": "1.過去傷害處理",
    "duration": 700,
    "size": "5.4M",
    "albumName": "【祝你健康】你比自己想得更好",
    "id": 6051000001,
    "albumId": 6051,
    "albumtitle": "【祝你健康】你比自己想得更好(1)"
  },
  {
    "path": "http://media.feearadio.net/downloads/others/Febc/YU_PSY/02.mp3",
    "title": "2.如何饒恕傷害者",
    "duration": 700,
    "size": "5.4M",
    "albumName": "【祝你健康】你比自己想得更好",
    "id": 6051000002,
    "albumId": 6051,
    "albumtitle": "【祝你健康】你比自己想得更好(2)"
  },
  {
    "path": "http://media.feearadio.net/downloads/others/Febc/YU_PSY/03.mp3",
    "title": "3.如何處理怒氣",
    "duration": 700,
    "size": "5.4M",
    "albumName": "【祝你健康】你比自己想得更好",
    "id": 6051000003,
    "albumId": 6051,
    "albumtitle": "【祝你健康】你比自己想得更好(3)"
  },
  {
    "path": "http://media.feearadio.net/downloads/others/Febc/YU_PSY/04.mp3",
    "title": "4.兩性差異",
    "duration": 700,
    "size": "5.4M",
    "albumName": "【祝你健康】你比自己想得更好",
    "id": 6051000004,
    "albumId": 6051,
    "albumtitle": "【祝你健康】你比自己想得更好(4)"
  },
  {
    "path": "http://media.feearadio.net/downloads/others/Febc/YU_PSY/05.mp3",
    "title": "5.如何獨處",
    "duration": 700,
    "size": "5.4M",
    "albumName": "【祝你健康】你比自己想得更好",
    "id": 6051000005,
    "albumId": 6051,
    "albumtitle": "【祝你健康】你比自己想得更好(5)"
  },
  {
    "path": "http://media.feearadio.net/downloads/others/Febc/YU_PSY/06.mp3",
    "title": "6.自我肯定",
    "duration": 700,
    "size": "5.4M",
    "albumName": "【祝你健康】你比自己想得更好",
    "id": 6051000006,
    "albumId": 6051,
    "albumtitle": "【祝你健康】你比自己想得更好(6)"
  },
  {
    "path": "http://media.feearadio.net/downloads/others/Febc/YU_PSY/07.mp3",
    "title": "7.自我價值",
    "duration": 700,
    "size": "5.4M",
    "albumName": "【祝你健康】你比自己想得更好",
    "id": 6051000007,
    "albumId": 6051,
    "albumtitle": "【祝你健康】你比自己想得更好(7)"
  },
  {
    "path": "http://media.feearadio.net/downloads/others/Febc/YU_PSY/08.mp3",
    "title": "8.完美主義",
    "duration": 700,
    "size": "5.4M",
    "albumName": "【祝你健康】你比自己想得更好",
    "id": 6051000008,
    "albumId": 6051,
    "albumtitle": "【祝你健康】你比自己想得更好(8)"
  },
  {
    "path": "http://media.feearadio.net/downloads/others/Febc/YU_PSY/09.mp3",
    "title": "9.非理性思考",
    "duration": 700,
    "size": "5.4M",
    "albumName": "【祝你健康】你比自己想得更好",
    "id": 6051000009,
    "albumId": 6051,
    "albumtitle": "【祝你健康】你比自己想得更好(9)"
  },
  {
    "path": "http://media.feearadio.net/downloads/others/Febc/YU_PSY/10.mp3",
    "title": "10.輸在起跑點 vs 贏在轉折點",
    "duration": 700,
    "size": "5.4M",
    "albumName": "【祝你健康】你比自己想得更好",
    "id": 6051000010,
    "albumId": 6051,
    "albumtitle": "【祝你健康】你比自己想得更好(10)"
  },
  {
    "path": "http://media.feearadio.net/downloads/others/Febc/YU_PSY/11.mp3",
    "title": "11.正向情緒替代負像情緒",
    "duration": 700,
    "size": "5.4M",
    "albumName": "【祝你健康】你比自己想得更好",
    "id": 6051000011,
    "albumId": 6051,
    "albumtitle": "【祝你健康】你比自己想得更好(11)"
  },
  {
    "path": "http://media.feearadio.net/downloads/others/Febc/YU_PSY/12.mp3",
    "title": "12.親子互動",
    "duration": 700,
    "size": "5.4M",
    "albumName": "【祝你健康】你比自己想得更好",
    "id": 6051000012,
    "albumId": 6051,
    "albumtitle": "【祝你健康】你比自己想得更好(12)"
  },
  {
    "path": "http://media.feearadio.net/downloads/others/Febc/YU_PSY/13.mp3",
    "title": "13.夫妻溝通",
    "duration": 700,
    "size": "5.4M",
    "albumName": "【祝你健康】你比自己想得更好",
    "id": 6051000013,
    "albumId": 6051,
    "albumtitle": "【祝你健康】你比自己想得更好(13)"
  },
  {
    "path": "http://media.feearadio.net/downloads/others/Febc/YU_PSY/14.mp3",
    "title": "14.婆媳關係注意事項",
    "duration": 700,
    "size": "5.4M",
    "albumName": "【祝你健康】你比自己想得更好",
    "id": 6051000014,
    "albumId": 6051,
    "albumtitle": "【祝你健康】你比自己想得更好(14)"
  },
  {
    "path": "http://media.feearadio.net/downloads/others/Febc/YU_PSY/15.mp3",
    "title": "15.同事互動",
    "duration": 700,
    "size": "5.4M",
    "albumName": "【祝你健康】你比自己想得更好",
    "id": 6051000015,
    "albumId": 6051,
    "albumtitle": "【祝你健康】你比自己想得更好(15)"
  },
  {
    "path": "http://media.feearadio.net/downloads/others/Febc/YU_PSY/16.mp3",
    "title": "16.如何面對沮喪",
    "duration": 700,
    "size": "5.4M",
    "albumName": "【祝你健康】你比自己想得更好",
    "id": 6051000016,
    "albumId": 6051,
    "albumtitle": "【祝你健康】你比自己想得更好(16)"
  },
  {
    "path": "http://media.feearadio.net/downloads/others/Febc/YU_PSY/17.mp3",
    "title": "17.提升心智能力",
    "duration": 700,
    "size": "5.4M",
    "albumName": "【祝你健康】你比自己想得更好",
    "id": 6051000017,
    "albumId": 6051,
    "albumtitle": "【祝你健康】你比自己想得更好(17)"
  },
  {
    "path": "http://media.feearadio.net/downloads/others/Febc/YU_PSY/18.mp3",
    "title": "18.放手系列：放手為何困難",
    "duration": 700,
    "size": "5.4M",
    "albumName": "【祝你健康】你比自己想得更好",
    "id": 6051000018,
    "albumId": 6051,
    "albumtitle": "【祝你健康】你比自己想得更好(18)"
  },
  {
    "path": "http://media.feearadio.net/downloads/others/Febc/YU_PSY/19.mp3",
    "title": "19.放手系列：為何必須放手",
    "duration": 700,
    "size": "5.4M",
    "albumName": "【祝你健康】你比自己想得更好",
    "id": 6051000019,
    "albumId": 6051,
    "albumtitle": "【祝你健康】你比自己想得更好(19)"
  },
  {
    "path": "http://media.feearadio.net/downloads/others/Febc/YU_PSY/20.mp3",
    "title": "20.放手系列：如何放手",
    "duration": 700,
    "size": "5.4M",
    "albumName": "【祝你健康】你比自己想得更好",
    "id": 6051000020,
    "albumId": 6051,
    "albumtitle": "【祝你健康】你比自己想得更好(20)"
  },
  {
    "path": "http://media.feearadio.net/downloads/others/Febc/YU_PSY/21.mp3",
    "title": "21.放手系列：怎麼比較容易放手",
    "duration": 700,
    "size": "5.4M",
    "albumName": "【祝你健康】你比自己想得更好",
    "id": 6051000021,
    "albumId": 6051,
    "albumtitle": "【祝你健康】你比自己想得更好(21)"
  },
  {
    "path": "http://media.feearadio.net/downloads/others/Febc/YU_PSY/22.mp3",
    "title": "22.危機處理",
    "duration": 700,
    "size": "5.4M",
    "albumName": "【祝你健康】你比自己想得更好",
    "id": 6051000022,
    "albumId": 6051,
    "albumtitle": "【祝你健康】你比自己想得更好(22)"
  },
  {
    "path": "http://media.feearadio.net/downloads/others/Febc/YU_PSY/23.mp3",
    "title": "23.如何面對欺騙",
    "duration": 700,
    "size": "5.4M",
    "albumName": "【祝你健康】你比自己想得更好",
    "id": 6051000023,
    "albumId": 6051,
    "albumtitle": "【祝你健康】你比自己想得更好(23)"
  },
  {
    "path": "http://media.feearadio.net/downloads/others/Febc/YU_PSY/24.mp3",
    "title": "24.如何安慰他人",
    "duration": 700,
    "size": "5.4M",
    "albumName": "【祝你健康】你比自己想得更好",
    "id": 6051000024,
    "albumId": 6051,
    "albumtitle": "【祝你健康】你比自己想得更好(24)"
  },
  {
    "path": "http://media.feearadio.net/downloads/others/Febc/YU_PSY/25.mp3",
    "title": "25.單身壓力排解",
    "duration": 700,
    "size": "5.4M",
    "albumName": "【祝你健康】你比自己想得更好",
    "id": 6051000025,
    "albumId": 6051,
    "albumtitle": "【祝你健康】你比自己想得更好(25)"
  },
  {
    "path": "http://media.feearadio.net/downloads/others/Febc/YU_PSY/26.mp3",
    "title": "26.如何面對親友死亡",
    "duration": 700,
    "size": "5.4M",
    "albumName": "【祝你健康】你比自己想得更好",
    "id": 6051000026,
    "albumId": 6051,
    "albumtitle": "【祝你健康】你比自己想得更好(26)"
  }
]