[
	{
		"path": "http://media.feearadio.net/downloads/others/Febc/unique/381.mp3",
		"title": "381 價值與成就",
		"duration": 300,
		"size": "2.5M",
		"albumName": "絕妙啟示錄-張得仁-合集五",
		"id": 6297000001,
		"albumId": 6297,
		"albumtitle": "絕妙啟示錄-張得仁-合集五(1)"
	},
	{
		"path": "http://media.feearadio.net/downloads/others/Febc/unique/382.mp3",
		"title": "382 站著做人跪著做事",
		"duration": 300,
		"size": "2.5M",
		"albumName": "絕妙啟示錄-張得仁-合集五",
		"id": 6297000002,
		"albumId": 6297,
		"albumtitle": "絕妙啟示錄-張得仁-合集五(2)"
	},
	{
		"path": "http://media.feearadio.net/downloads/others/Febc/unique/383.mp3",
		"title": "383 先考慮對方感受 再把想說的話說出口",
		"duration": 300,
		"size": "2.5M",
		"albumName": "絕妙啟示錄-張得仁-合集五",
		"id": 6297000003,
		"albumId": 6297,
		"albumtitle": "絕妙啟示錄-張得仁-合集五(3)"
	},
	{
		"path": "http://media.feearadio.net/downloads/others/Febc/unique/384.mp3",
		"title": "384 堅守崗位的人最讓人回味",
		"duration": 300,
		"size": "2.5M",
		"albumName": "絕妙啟示錄-張得仁-合集五",
		"id": 6297000004,
		"albumId": 6297,
		"albumtitle": "絕妙啟示錄-張得仁-合集五(4)"
	},
	{
		"path": "http://media.feearadio.net/downloads/others/Febc/unique/385.mp3",
		"title": "385 何必因為生氣浪費力氣 失去福氣",
		"duration": 300,
		"size": "2.5M",
		"albumName": "絕妙啟示錄-張得仁-合集五",
		"id": 6297000005,
		"albumId": 6297,
		"albumtitle": "絕妙啟示錄-張得仁-合集五(5)"
	},
	{
		"path": "http://media.feearadio.net/downloads/others/Febc/unique/386.mp3",
		"title": "386 堅持休息才能繼續馬不停蹄",
		"duration": 300,
		"size": "2.5M",
		"albumName": "絕妙啟示錄-張得仁-合集五",
		"id": 6297000006,
		"albumId": 6297,
		"albumtitle": "絕妙啟示錄-張得仁-合集五(6)"
	},
	{
		"path": "http://media.feearadio.net/downloads/others/Febc/unique/387.mp3",
		"title": "387 競賽與競爭",
		"duration": 300,
		"size": "2.5M",
		"albumName": "絕妙啟示錄-張得仁-合集五",
		"id": 6297000007,
		"albumId": 6297,
		"albumtitle": "絕妙啟示錄-張得仁-合集五(7)"
	},
	{
		"path": "http://media.feearadio.net/downloads/others/Febc/unique/388.mp3",
		"title": "388 不猶豫與不後悔",
		"duration": 300,
		"size": "2.5M",
		"albumName": "絕妙啟示錄-張得仁-合集五",
		"id": 6297000008,
		"albumId": 6297,
		"albumtitle": "絕妙啟示錄-張得仁-合集五(8)"
	},
	{
		"path": "http://media.feearadio.net/downloads/others/Febc/unique/389.mp3",
		"title": "389 寬容與異動",
		"duration": 300,
		"size": "2.5M",
		"albumName": "絕妙啟示錄-張得仁-合集五",
		"id": 6297000009,
		"albumId": 6297,
		"albumtitle": "絕妙啟示錄-張得仁-合集五(9)"
	},
	{
		"path": "http://media.feearadio.net/downloads/others/Febc/unique/390.mp3",
		"title": "390 失去的不一定不再有",
		"duration": 300,
		"size": "2.5M",
		"albumName": "絕妙啟示錄-張得仁-合集五",
		"id": 6297000010,
		"albumId": 6297,
		"albumtitle": "絕妙啟示錄-張得仁-合集五(10)"
	},
	{
		"path": "http://media.feearadio.net/downloads/others/Febc/unique/391.mp3",
		"title": "391 下山至少證明你曾經爬過山",
		"duration": 300,
		"size": "2.5M",
		"albumName": "絕妙啟示錄-張得仁-合集五",
		"id": 6297000011,
		"albumId": 6297,
		"albumtitle": "絕妙啟示錄-張得仁-合集五(11)"
	},
	{
		"path": "http://media.feearadio.net/downloads/others/Febc/unique/392.mp3",
		"title": "392 走好每一段路 成功自然就在不遠處",
		"duration": 300,
		"size": "2.5M",
		"albumName": "絕妙啟示錄-張得仁-合集五",
		"id": 6297000012,
		"albumId": 6297,
		"albumtitle": "絕妙啟示錄-張得仁-合集五(12)"
	},
	{
		"path": "http://media.feearadio.net/downloads/others/Febc/unique/393.mp3",
		"title": "393 自己的問題只有自己心裡數",
		"duration": 300,
		"size": "2.5M",
		"albumName": "絕妙啟示錄-張得仁-合集五",
		"id": 6297000013,
		"albumId": 6297,
		"albumtitle": "絕妙啟示錄-張得仁-合集五(13)"
	},
	{
		"path": "http://media.feearadio.net/downloads/others/Febc/unique/394.mp3",
		"title": "394 文字不是用來賣弄的是用來使用的",
		"duration": 300,
		"size": "2.5M",
		"albumName": "絕妙啟示錄-張得仁-合集五",
		"id": 6297000014,
		"albumId": 6297,
		"albumtitle": "絕妙啟示錄-張得仁-合集五(14)"
	},
	{
		"path": "http://media.feearadio.net/downloads/others/Febc/unique/395.mp3",
		"title": "395 多一點了解問題將不是問題",
		"duration": 300,
		"size": "2.5M",
		"albumName": "絕妙啟示錄-張得仁-合集五",
		"id": 6297000015,
		"albumId": 6297,
		"albumtitle": "絕妙啟示錄-張得仁-合集五(15)"
	},
	{
		"path": "http://media.feearadio.net/downloads/others/Febc/unique/396.mp3",
		"title": "396 改變那能改變的",
		"duration": 300,
		"size": "2.5M",
		"albumName": "絕妙啟示錄-張得仁-合集五",
		"id": 6297000016,
		"albumId": 6297,
		"albumtitle": "絕妙啟示錄-張得仁-合集五(16)"
	},
	{
		"path": "http://media.feearadio.net/downloads/others/Febc/unique/397.mp3",
		"title": "397 預備成功",
		"duration": 300,
		"size": "2.5M",
		"albumName": "絕妙啟示錄-張得仁-合集五",
		"id": 6297000017,
		"albumId": 6297,
		"albumtitle": "絕妙啟示錄-張得仁-合集五(17)"
	},
	{
		"path": "http://media.feearadio.net/downloads/others/Febc/unique/398.mp3",
		"title": "398 行善不要過分",
		"duration": 300,
		"size": "2.5M",
		"albumName": "絕妙啟示錄-張得仁-合集五",
		"id": 6297000018,
		"albumId": 6297,
		"albumtitle": "絕妙啟示錄-張得仁-合集五(18)"
	},
	{
		"path": "http://media.feearadio.net/downloads/others/Febc/unique/399.mp3",
		"title": "399 部分的真不一定是全部的真",
		"duration": 300,
		"size": "2.5M",
		"albumName": "絕妙啟示錄-張得仁-合集五",
		"id": 6297000019,
		"albumId": 6297,
		"albumtitle": "絕妙啟示錄-張得仁-合集五(19)"
	},
	{
		"path": "http://media.feearadio.net/downloads/others/Febc/unique/400.mp3",
		"title": "400 坦然面對是人生最好的應對",
		"duration": 300,
		"size": "2.5M",
		"albumName": "絕妙啟示錄-張得仁-合集五",
		"id": 6297000020,
		"albumId": 6297,
		"albumtitle": "絕妙啟示錄-張得仁-合集五(20)"
	},
	{
		"path": "http://media.feearadio.net/downloads/others/Febc/unique/401.mp3",
		"title": "401 卓越的生命開始於一個動機",
		"duration": 300,
		"size": "2.5M",
		"albumName": "絕妙啟示錄-張得仁-合集五",
		"id": 6297000021,
		"albumId": 6297,
		"albumtitle": "絕妙啟示錄-張得仁-合集五(21)"
	},
	{
		"path": "http://media.feearadio.net/downloads/others/Febc/unique/402.mp3",
		"title": "402 藉口找不到出口",
		"duration": 300,
		"size": "2.5M",
		"albumName": "絕妙啟示錄-張得仁-合集五",
		"id": 6297000022,
		"albumId": 6297,
		"albumtitle": "絕妙啟示錄-張得仁-合集五(22)"
	},
	{
		"path": "http://media.feearadio.net/downloads/others/Febc/unique/403.mp3",
		"title": "403 不誠實的結局令人不勝唏噓",
		"duration": 300,
		"size": "2.5M",
		"albumName": "絕妙啟示錄-張得仁-合集五",
		"id": 6297000023,
		"albumId": 6297,
		"albumtitle": "絕妙啟示錄-張得仁-合集五(23)"
	},
	{
		"path": "http://media.feearadio.net/downloads/others/Febc/unique/404.mp3",
		"title": "404 沒有價格不等於沒有價值",
		"duration": 300,
		"size": "2.5M",
		"albumName": "絕妙啟示錄-張得仁-合集五",
		"id": 6297000024,
		"albumId": 6297,
		"albumtitle": "絕妙啟示錄-張得仁-合集五(24)"
	},
	{
		"path": "http://media.feearadio.net/downloads/others/Febc/unique/405.mp3",
		"title": "405 問題人物減少人物問題",
		"duration": 300,
		"size": "2.5M",
		"albumName": "絕妙啟示錄-張得仁-合集五",
		"id": 6297000025,
		"albumId": 6297,
		"albumtitle": "絕妙啟示錄-張得仁-合集五(25)"
	},
	{
		"path": "http://media.feearadio.net/downloads/others/Febc/unique/406.mp3",
		"title": "406 沒有原則常會半路夭折",
		"duration": 300,
		"size": "2.5M",
		"albumName": "絕妙啟示錄-張得仁-合集五",
		"id": 6297000026,
		"albumId": 6297,
		"albumtitle": "絕妙啟示錄-張得仁-合集五(26)"
	},
	{
		"path": "http://media.feearadio.net/downloads/others/Febc/unique/407.mp3",
		"title": "407 有些堅持不一定要到底 成功才會為你開啟",
		"duration": 300,
		"size": "2.5M",
		"albumName": "絕妙啟示錄-張得仁-合集五",
		"id": 6297000027,
		"albumId": 6297,
		"albumtitle": "絕妙啟示錄-張得仁-合集五(27)"
	},
	{
		"path": "http://media.feearadio.net/downloads/others/Febc/unique/408.mp3",
		"title": "408 跟對人才會做對事",
		"duration": 300,
		"size": "2.5M",
		"albumName": "絕妙啟示錄-張得仁-合集五",
		"id": 6297000028,
		"albumId": 6297,
		"albumtitle": "絕妙啟示錄-張得仁-合集五(28)"
	},
	{
		"path": "http://media.feearadio.net/downloads/others/Febc/unique/409.mp3",
		"title": "409 給人關懷常常可以幫助自己走出陰霾",
		"duration": 300,
		"size": "2.5M",
		"albumName": "絕妙啟示錄-張得仁-合集五",
		"id": 6297000029,
		"albumId": 6297,
		"albumtitle": "絕妙啟示錄-張得仁-合集五(29)"
	},
	{
		"path": "http://media.feearadio.net/downloads/others/Febc/unique/410.mp3",
		"title": "410 智慧的人是董得享受過程的人",
		"duration": 300,
		"size": "2.5M",
		"albumName": "絕妙啟示錄-張得仁-合集五",
		"id": 6297000030,
		"albumId": 6297,
		"albumtitle": "絕妙啟示錄-張得仁-合集五(30)"
	},
	{
		"path": "http://media.feearadio.net/downloads/others/Febc/unique/411.mp3",
		"title": "411 不同的教育來不同的際遇",
		"duration": 300,
		"size": "2.5M",
		"albumName": "絕妙啟示錄-張得仁-合集五",
		"id": 6297000031,
		"albumId": 6297,
		"albumtitle": "絕妙啟示錄-張得仁-合集五(31)"
	},
	{
		"path": "http://media.feearadio.net/downloads/others/Febc/unique/412.mp3",
		"title": "412 完善的制度帶來不同的出路",
		"duration": 300,
		"size": "2.5M",
		"albumName": "絕妙啟示錄-張得仁-合集五",
		"id": 6297000032,
		"albumId": 6297,
		"albumtitle": "絕妙啟示錄-張得仁-合集五(32)"
	},
	{
		"path": "http://media.feearadio.net/downloads/others/Febc/unique/413.mp3",
		"title": "413 專看污穢還是發展機會",
		"duration": 300,
		"size": "2.5M",
		"albumName": "絕妙啟示錄-張得仁-合集五",
		"id": 6297000033,
		"albumId": 6297,
		"albumtitle": "絕妙啟示錄-張得仁-合集五(33)"
	},
	{
		"path": "http://media.feearadio.net/downloads/others/Febc/unique/414.mp3",
		"title": "414 面對批評不回嘴 人生才不會痛苦相隨",
		"duration": 300,
		"size": "2.5M",
		"albumName": "絕妙啟示錄-張得仁-合集五",
		"id": 6297000034,
		"albumId": 6297,
		"albumtitle": "絕妙啟示錄-張得仁-合集五(34)"
	},
	{
		"path": "http://media.feearadio.net/downloads/others/Febc/unique/415.mp3",
		"title": "415 最容易忘掉的常是禮貌",
		"duration": 300,
		"size": "2.5M",
		"albumName": "絕妙啟示錄-張得仁-合集五",
		"id": 6297000035,
		"albumId": 6297,
		"albumtitle": "絕妙啟示錄-張得仁-合集五(35)"
	},
	{
		"path": "http://media.feearadio.net/downloads/others/Febc/unique/416.mp3",
		"title": "416 堅持對的事",
		"duration": 300,
		"size": "2.5M",
		"albumName": "絕妙啟示錄-張得仁-合集五",
		"id": 6297000036,
		"albumId": 6297,
		"albumtitle": "絕妙啟示錄-張得仁-合集五(36)"
	},
	{
		"path": "http://media.feearadio.net/downloads/others/Febc/unique/417.mp3",
		"title": "417 慢一點將責備脫口而出 你會發現水落石出",
		"duration": 300,
		"size": "2.5M",
		"albumName": "絕妙啟示錄-張得仁-合集五",
		"id": 6297000037,
		"albumId": 6297,
		"albumtitle": "絕妙啟示錄-張得仁-合集五(37)"
	},
	{
		"path": "http://media.feearadio.net/downloads/others/Febc/unique/418.mp3",
		"title": "418 新年新啟示--十二生肖的牛",
		"duration": 300,
		"size": "2.5M",
		"albumName": "絕妙啟示錄-張得仁-合集五",
		"id": 6297000038,
		"albumId": 6297,
		"albumtitle": "絕妙啟示錄-張得仁-合集五(38)"
	},
	{
		"path": "http://media.feearadio.net/downloads/others/Febc/unique/419.mp3",
		"title": "419 新年新啟示--休息",
		"duration": 300,
		"size": "2.5M",
		"albumName": "絕妙啟示錄-張得仁-合集五",
		"id": 6297000039,
		"albumId": 6297,
		"albumtitle": "絕妙啟示錄-張得仁-合集五(39)"
	},
	{
		"path": "http://media.feearadio.net/downloads/others/Febc/unique/420.mp3",
		"title": "420 新年新啟示--春聯",
		"duration": 300,
		"size": "2.5M",
		"albumName": "絕妙啟示錄-張得仁-合集五",
		"id": 6297000040,
		"albumId": 6297,
		"albumtitle": "絕妙啟示錄-張得仁-合集五(40)"
	},
	{
		"path": "http://media.feearadio.net/downloads/others/Febc/unique/421.mp3",
		"title": "421 新年新啟示--鞭炮",
		"duration": 300,
		"size": "2.5M",
		"albumName": "絕妙啟示錄-張得仁-合集五",
		"id": 6297000041,
		"albumId": 6297,
		"albumtitle": "絕妙啟示錄-張得仁-合集五(41)"
	},
	{
		"path": "http://media.feearadio.net/downloads/others/Febc/unique/422.mp3",
		"title": "422 新年新啟示--紅包",
		"duration": 300,
		"size": "2.5M",
		"albumName": "絕妙啟示錄-張得仁-合集五",
		"id": 6297000042,
		"albumId": 6297,
		"albumtitle": "絕妙啟示錄-張得仁-合集五(42)"
	},
	{
		"path": "http://media.feearadio.net/downloads/others/Febc/unique/423.mp3",
		"title": "423 成功就是站起來的次數比倒下去多一次",
		"duration": 300,
		"size": "2.5M",
		"albumName": "絕妙啟示錄-張得仁-合集五",
		"id": 6297000043,
		"albumId": 6297,
		"albumtitle": "絕妙啟示錄-張得仁-合集五(43)"
	},
	{
		"path": "http://media.feearadio.net/downloads/others/Febc/unique/424.mp3",
		"title": "424 處變不驚",
		"duration": 300,
		"size": "2.5M",
		"albumName": "絕妙啟示錄-張得仁-合集五",
		"id": 6297000044,
		"albumId": 6297,
		"albumtitle": "絕妙啟示錄-張得仁-合集五(44)"
	},
	{
		"path": "http://media.feearadio.net/downloads/others/Febc/unique/425.mp3",
		"title": "425 別讓過去決定未來",
		"duration": 300,
		"size": "2.5M",
		"albumName": "絕妙啟示錄-張得仁-合集五",
		"id": 6297000045,
		"albumId": 6297,
		"albumtitle": "絕妙啟示錄-張得仁-合集五(45)"
	},
	{
		"path": "http://media.feearadio.net/downloads/others/Febc/unique/426.mp3",
		"title": "426 饒恕別人終止傷痛",
		"duration": 300,
		"size": "2.5M",
		"albumName": "絕妙啟示錄-張得仁-合集五",
		"id": 6297000046,
		"albumId": 6297,
		"albumtitle": "絕妙啟示錄-張得仁-合集五(46)"
	},
	{
		"path": "http://media.feearadio.net/downloads/others/Febc/unique/427.mp3",
		"title": "427 一切都是多餘的",
		"duration": 300,
		"size": "2.5M",
		"albumName": "絕妙啟示錄-張得仁-合集五",
		"id": 6297000047,
		"albumId": 6297,
		"albumtitle": "絕妙啟示錄-張得仁-合集五(47)"
	},
	{
		"path": "http://media.feearadio.net/downloads/others/Febc/unique/428.mp3",
		"title": "428 等我一分鐘",
		"duration": 300,
		"size": "2.5M",
		"albumName": "絕妙啟示錄-張得仁-合集五",
		"id": 6297000048,
		"albumId": 6297,
		"albumtitle": "絕妙啟示錄-張得仁-合集五(48)"
	},
	{
		"path": "http://media.feearadio.net/downloads/others/Febc/unique/429.mp3",
		"title": "429 銀色屋頂",
		"duration": 300,
		"size": "2.5M",
		"albumName": "絕妙啟示錄-張得仁-合集五",
		"id": 6297000049,
		"albumId": 6297,
		"albumtitle": "絕妙啟示錄-張得仁-合集五(49)"
	},
	{
		"path": "http://media.feearadio.net/downloads/others/Febc/unique/430.mp3",
		"title": "430 先愛人際才會少點障礙",
		"duration": 300,
		"size": "2.5M",
		"albumName": "絕妙啟示錄-張得仁-合集五",
		"id": 6297000050,
		"albumId": 6297,
		"albumtitle": "絕妙啟示錄-張得仁-合集五(50)"
	},
	{
		"path": "http://media.feearadio.net/downloads/others/Febc/unique/431.mp3",
		"title": "431 急中可以生智",
		"duration": 300,
		"size": "2.5M",
		"albumName": "絕妙啟示錄-張得仁-合集五",
		"id": 6297000051,
		"albumId": 6297,
		"albumtitle": "絕妙啟示錄-張得仁-合集五(51)"
	},
	{
		"path": "http://media.feearadio.net/downloads/others/Febc/unique/432.mp3",
		"title": "432 錯誤的比較",
		"duration": 300,
		"size": "2.5M",
		"albumName": "絕妙啟示錄-張得仁-合集五",
		"id": 6297000052,
		"albumId": 6297,
		"albumtitle": "絕妙啟示錄-張得仁-合集五(52)"
	},
	{
		"path": "http://media.feearadio.net/downloads/others/Febc/unique/433.mp3",
		"title": "433 成功非垂手可得",
		"duration": 300,
		"size": "2.5M",
		"albumName": "絕妙啟示錄-張得仁-合集五",
		"id": 6297000053,
		"albumId": 6297,
		"albumtitle": "絕妙啟示錄-張得仁-合集五(53)"
	},
	{
		"path": "http://media.feearadio.net/downloads/others/Febc/unique/434.mp3",
		"title": "434 轉換心境",
		"duration": 300,
		"size": "2.5M",
		"albumName": "絕妙啟示錄-張得仁-合集五",
		"id": 6297000054,
		"albumId": 6297,
		"albumtitle": "絕妙啟示錄-張得仁-合集五(54)"
	},
	{
		"path": "http://media.feearadio.net/downloads/others/Febc/unique/435.mp3",
		"title": "435 紀律是攀越巔峰的定律",
		"duration": 300,
		"size": "2.5M",
		"albumName": "絕妙啟示錄-張得仁-合集五",
		"id": 6297000055,
		"albumId": 6297,
		"albumtitle": "絕妙啟示錄-張得仁-合集五(55)"
	},
	{
		"path": "http://media.feearadio.net/downloads/others/Febc/unique/436.mp3",
		"title": "436 胸有成足地面對我們的舉手投足",
		"duration": 300,
		"size": "2.5M",
		"albumName": "絕妙啟示錄-張得仁-合集五",
		"id": 6297000056,
		"albumId": 6297,
		"albumtitle": "絕妙啟示錄-張得仁-合集五(56)"
	},
	{
		"path": "http://media.feearadio.net/downloads/others/Febc/unique/437.mp3",
		"title": "437 品格是磨練出來的",
		"duration": 300,
		"size": "2.5M",
		"albumName": "絕妙啟示錄-張得仁-合集五",
		"id": 6297000057,
		"albumId": 6297,
		"albumtitle": "絕妙啟示錄-張得仁-合集五(57)"
	},
	{
		"path": "http://media.feearadio.net/downloads/others/Febc/unique/438.mp3",
		"title": "438 重要的常容易忘掉",
		"duration": 300,
		"size": "2.5M",
		"albumName": "絕妙啟示錄-張得仁-合集五",
		"id": 6297000058,
		"albumId": 6297,
		"albumtitle": "絕妙啟示錄-張得仁-合集五(58)"
	},
	{
		"path": "http://media.feearadio.net/downloads/others/Febc/unique/439.mp3",
		"title": "439 保留夢想",
		"duration": 300,
		"size": "2.5M",
		"albumName": "絕妙啟示錄-張得仁-合集五",
		"id": 6297000059,
		"albumId": 6297,
		"albumtitle": "絕妙啟示錄-張得仁-合集五(59)"
	},
	{
		"path": "http://media.feearadio.net/downloads/others/Febc/unique/440.mp3",
		"title": "440 客套",
		"duration": 300,
		"size": "2.5M",
		"albumName": "絕妙啟示錄-張得仁-合集五",
		"id": 6297000060,
		"albumId": 6297,
		"albumtitle": "絕妙啟示錄-張得仁-合集五(60)"
	},
	{
		"path": "http://media.feearadio.net/downloads/others/Febc/unique/441.mp3",
		"title": "441 親人與外人",
		"duration": 300,
		"size": "2.5M",
		"albumName": "絕妙啟示錄-張得仁-合集五",
		"id": 6297000061,
		"albumId": 6297,
		"albumtitle": "絕妙啟示錄-張得仁-合集五(61)"
	},
	{
		"path": "http://media.feearadio.net/downloads/others/Febc/unique/442.mp3",
		"title": "442 欺騙人者自己丟人",
		"duration": 300,
		"size": "2.5M",
		"albumName": "絕妙啟示錄-張得仁-合集五",
		"id": 6297000062,
		"albumId": 6297,
		"albumtitle": "絕妙啟示錄-張得仁-合集五(62)"
	},
	{
		"path": "http://media.feearadio.net/downloads/others/Febc/unique/443.mp3",
		"title": "443 奔放的生命",
		"duration": 300,
		"size": "2.5M",
		"albumName": "絕妙啟示錄-張得仁-合集五",
		"id": 6297000063,
		"albumId": 6297,
		"albumtitle": "絕妙啟示錄-張得仁-合集五(63)"
	},
	{
		"path": "http://media.feearadio.net/downloads/others/Febc/unique/444.mp3",
		"title": "444 幸福不需要別人來定義",
		"duration": 300,
		"size": "2.5M",
		"albumName": "絕妙啟示錄-張得仁-合集五",
		"id": 6297000064,
		"albumId": 6297,
		"albumtitle": "絕妙啟示錄-張得仁-合集五(64)"
	},
	{
		"path": "http://media.feearadio.net/downloads/others/Febc/unique/445.mp3",
		"title": "445 信心與失敗",
		"duration": 300,
		"size": "2.5M",
		"albumName": "絕妙啟示錄-張得仁-合集五",
		"id": 6297000065,
		"albumId": 6297,
		"albumtitle": "絕妙啟示錄-張得仁-合集五(65)"
	},
	{
		"path": "http://media.feearadio.net/downloads/others/Febc/unique/446.mp3",
		"title": "446 懶惰的藉口",
		"duration": 300,
		"size": "2.5M",
		"albumName": "絕妙啟示錄-張得仁-合集五",
		"id": 6297000066,
		"albumId": 6297,
		"albumtitle": "絕妙啟示錄-張得仁-合集五(66)"
	},
	{
		"path": "http://media.feearadio.net/downloads/others/Febc/unique/447.mp3",
		"title": "447 小心關心",
		"duration": 300,
		"size": "2.5M",
		"albumName": "絕妙啟示錄-張得仁-合集五",
		"id": 6297000067,
		"albumId": 6297,
		"albumtitle": "絕妙啟示錄-張得仁-合集五(67)"
	},
	{
		"path": "http://media.feearadio.net/downloads/others/Febc/unique/448.mp3",
		"title": "448 按部就班",
		"duration": 300,
		"size": "2.5M",
		"albumName": "絕妙啟示錄-張得仁-合集五",
		"id": 6297000068,
		"albumId": 6297,
		"albumtitle": "絕妙啟示錄-張得仁-合集五(68)"
	},
	{
		"path": "http://media.feearadio.net/downloads/others/Febc/unique/449.mp3",
		"title": "449 弱點與優點",
		"duration": 300,
		"size": "2.5M",
		"albumName": "絕妙啟示錄-張得仁-合集五",
		"id": 6297000069,
		"albumId": 6297,
		"albumtitle": "絕妙啟示錄-張得仁-合集五(69)"
	},
	{
		"path": "http://media.feearadio.net/downloads/others/Febc/unique/450.mp3",
		"title": "450 多一點說明",
		"duration": 300,
		"size": "2.5M",
		"albumName": "絕妙啟示錄-張得仁-合集五",
		"id": 6297000070,
		"albumId": 6297,
		"albumtitle": "絕妙啟示錄-張得仁-合集五(70)"
	},
	{
		"path": "http://media.feearadio.net/downloads/others/Febc/unique/451.mp3",
		"title": "451 敬業",
		"duration": 300,
		"size": "2.5M",
		"albumName": "絕妙啟示錄-張得仁-合集五",
		"id": 6297000071,
		"albumId": 6297,
		"albumtitle": "絕妙啟示錄-張得仁-合集五(71)"
	},
	{
		"path": "http://media.feearadio.net/downloads/others/Febc/unique/452.mp3",
		"title": "452 熱心阻人",
		"duration": 300,
		"size": "2.5M",
		"albumName": "絕妙啟示錄-張得仁-合集五",
		"id": 6297000072,
		"albumId": 6297,
		"albumtitle": "絕妙啟示錄-張得仁-合集五(72)"
	},
	{
		"path": "http://media.feearadio.net/downloads/others/Febc/unique/453.mp3",
		"title": "453 趾高氣昂",
		"duration": 300,
		"size": "2.5M",
		"albumName": "絕妙啟示錄-張得仁-合集五",
		"id": 6297000073,
		"albumId": 6297,
		"albumtitle": "絕妙啟示錄-張得仁-合集五(73)"
	},
	{
		"path": "http://media.feearadio.net/downloads/others/Febc/unique/454.mp3",
		"title": "454 歸罪別人易害己傷人",
		"duration": 300,
		"size": "2.5M",
		"albumName": "絕妙啟示錄-張得仁-合集五",
		"id": 6297000074,
		"albumId": 6297,
		"albumtitle": "絕妙啟示錄-張得仁-合集五(74)"
	},
	{
		"path": "http://media.feearadio.net/downloads/others/Febc/unique/455.mp3",
		"title": "455 先說服自己",
		"duration": 300,
		"size": "2.5M",
		"albumName": "絕妙啟示錄-張得仁-合集五",
		"id": 6297000075,
		"albumId": 6297,
		"albumtitle": "絕妙啟示錄-張得仁-合集五(75)"
	},
	{
		"path": "http://media.feearadio.net/downloads/others/Febc/unique/456.mp3",
		"title": "456 能拖就拖",
		"duration": 300,
		"size": "2.5M",
		"albumName": "絕妙啟示錄-張得仁-合集五",
		"id": 6297000076,
		"albumId": 6297,
		"albumtitle": "絕妙啟示錄-張得仁-合集五(76)"
	},
	{
		"path": "http://media.feearadio.net/downloads/others/Febc/unique/457.mp3",
		"title": "457 杞人憂天",
		"duration": 300,
		"size": "2.5M",
		"albumName": "絕妙啟示錄-張得仁-合集五",
		"id": 6297000077,
		"albumId": 6297,
		"albumtitle": "絕妙啟示錄-張得仁-合集五(77)"
	},
	{
		"path": "http://media.feearadio.net/downloads/others/Febc/unique/458.mp3",
		"title": "458 真本事",
		"duration": 300,
		"size": "2.5M",
		"albumName": "絕妙啟示錄-張得仁-合集五",
		"id": 6297000078,
		"albumId": 6297,
		"albumtitle": "絕妙啟示錄-張得仁-合集五(78)"
	},
	{
		"path": "http://media.feearadio.net/downloads/others/Febc/unique/459.mp3",
		"title": "459 不怕比較",
		"duration": 300,
		"size": "2.5M",
		"albumName": "絕妙啟示錄-張得仁-合集五",
		"id": 6297000079,
		"albumId": 6297,
		"albumtitle": "絕妙啟示錄-張得仁-合集五(79)"
	},
	{
		"path": "http://media.feearadio.net/downloads/others/Febc/unique/460.mp3",
		"title": "460 表裡一致",
		"duration": 300,
		"size": "2.5M",
		"albumName": "絕妙啟示錄-張得仁-合集五",
		"id": 6297000080,
		"albumId": 6297,
		"albumtitle": "絕妙啟示錄-張得仁-合集五(80)"
	},
	{
		"path": "http://media.feearadio.net/downloads/others/Febc/unique/461.mp3",
		"title": "461 關注自己還有的",
		"duration": 300,
		"size": "2.5M",
		"albumName": "絕妙啟示錄-張得仁-合集五",
		"id": 6297000081,
		"albumId": 6297,
		"albumtitle": "絕妙啟示錄-張得仁-合集五(81)"
	},
	{
		"path": "http://media.feearadio.net/downloads/others/Febc/unique/462.mp3",
		"title": "462 逢迎拍馬",
		"duration": 300,
		"size": "2.5M",
		"albumName": "絕妙啟示錄-張得仁-合集五",
		"id": 6297000082,
		"albumId": 6297,
		"albumtitle": "絕妙啟示錄-張得仁-合集五(82)"
	},
	{
		"path": "http://media.feearadio.net/downloads/others/Febc/unique/463.mp3",
		"title": "463 鑰匙帶了沒",
		"duration": 300,
		"size": "2.5M",
		"albumName": "絕妙啟示錄-張得仁-合集五",
		"id": 6297000083,
		"albumId": 6297,
		"albumtitle": "絕妙啟示錄-張得仁-合集五(83)"
	},
	{
		"path": "http://media.feearadio.net/downloads/others/Febc/unique/464.mp3",
		"title": "464 錯在哪裡",
		"duration": 300,
		"size": "2.5M",
		"albumName": "絕妙啟示錄-張得仁-合集五",
		"id": 6297000084,
		"albumId": 6297,
		"albumtitle": "絕妙啟示錄-張得仁-合集五(84)"
	},
	{
		"path": "http://media.feearadio.net/downloads/others/Febc/unique/465.mp3",
		"title": "465 東窗事發",
		"duration": 300,
		"size": "2.5M",
		"albumName": "絕妙啟示錄-張得仁-合集五",
		"id": 6297000085,
		"albumId": 6297,
		"albumtitle": "絕妙啟示錄-張得仁-合集五(85)"
	},
	{
		"path": "http://media.feearadio.net/downloads/others/Febc/unique/466.mp3",
		"title": "466 沒有督導",
		"duration": 300,
		"size": "2.5M",
		"albumName": "絕妙啟示錄-張得仁-合集五",
		"id": 6297000086,
		"albumId": 6297,
		"albumtitle": "絕妙啟示錄-張得仁-合集五(86)"
	},
	{
		"path": "http://media.feearadio.net/downloads/others/Febc/unique/467.mp3",
		"title": "467 問題根源",
		"duration": 300,
		"size": "2.5M",
		"albumName": "絕妙啟示錄-張得仁-合集五",
		"id": 6297000087,
		"albumId": 6297,
		"albumtitle": "絕妙啟示錄-張得仁-合集五(87)"
	},
	{
		"path": "http://media.feearadio.net/downloads/others/Febc/unique/468.mp3",
		"title": "468 慈悲的手段",
		"duration": 300,
		"size": "2.5M",
		"albumName": "絕妙啟示錄-張得仁-合集五",
		"id": 6297000088,
		"albumId": 6297,
		"albumtitle": "絕妙啟示錄-張得仁-合集五(88)"
	},
	{
		"path": "http://media.feearadio.net/downloads/others/Febc/unique/469.mp3",
		"title": "469 一味索取",
		"duration": 300,
		"size": "2.5M",
		"albumName": "絕妙啟示錄-張得仁-合集五",
		"id": 6297000089,
		"albumId": 6297,
		"albumtitle": "絕妙啟示錄-張得仁-合集五(89)"
	},
	{
		"path": "http://media.feearadio.net/downloads/others/Febc/unique/470.mp3",
		"title": "470 請求支援",
		"duration": 300,
		"size": "2.5M",
		"albumName": "絕妙啟示錄-張得仁-合集五",
		"id": 6297000090,
		"albumId": 6297,
		"albumtitle": "絕妙啟示錄-張得仁-合集五(90)"
	},
	{
		"path": "http://media.feearadio.net/downloads/others/Febc/unique/471.mp3",
		"title": "471 磨練",
		"duration": 300,
		"size": "2.5M",
		"albumName": "絕妙啟示錄-張得仁-合集五",
		"id": 6297000091,
		"albumId": 6297,
		"albumtitle": "絕妙啟示錄-張得仁-合集五(91)"
	},
	{
		"path": "http://media.feearadio.net/downloads/others/Febc/unique/472.mp3",
		"title": "472 財富與豐富",
		"duration": 300,
		"size": "2.5M",
		"albumName": "絕妙啟示錄-張得仁-合集五",
		"id": 6297000092,
		"albumId": 6297,
		"albumtitle": "絕妙啟示錄-張得仁-合集五(92)"
	},
	{
		"path": "http://media.feearadio.net/downloads/others/Febc/unique/473.mp3",
		"title": "473 當機立斷",
		"duration": 300,
		"size": "2.5M",
		"albumName": "絕妙啟示錄-張得仁-合集五",
		"id": 6297000093,
		"albumId": 6297,
		"albumtitle": "絕妙啟示錄-張得仁-合集五(93)"
	},
	{
		"path": "http://media.feearadio.net/downloads/others/Febc/unique/474.mp3",
		"title": "474 萬無一失",
		"duration": 300,
		"size": "2.5M",
		"albumName": "絕妙啟示錄-張得仁-合集五",
		"id": 6297000094,
		"albumId": 6297,
		"albumtitle": "絕妙啟示錄-張得仁-合集五(94)"
	},
	{
		"path": "http://media.feearadio.net/downloads/others/Febc/unique/475.mp3",
		"title": "475 忘記",
		"duration": 300,
		"size": "2.5M",
		"albumName": "絕妙啟示錄-張得仁-合集五",
		"id": 6297000095,
		"albumId": 6297,
		"albumtitle": "絕妙啟示錄-張得仁-合集五(95)"
	}
]