[
	{
		"path": "http://media.feearadio.net/downloads/others/Febc/unique/286.mp3",
		"title": "286 以貌取人是最笨的人",
		"duration": 300,
		"size": "2.5M",
		"albumName": "絕妙啟示錄-張得仁-合集四",
		"id": 6296000001,
		"albumId": 6296,
		"albumtitle": "絕妙啟示錄-張得仁-合集四(1)"
	},
	{
		"path": "http://media.feearadio.net/downloads/others/Febc/unique/287.mp3",
		"title": "287 憐憫的心是擦乾眼淚的毛巾",
		"duration": 300,
		"size": "2.5M",
		"albumName": "絕妙啟示錄-張得仁-合集四",
		"id": 6296000002,
		"albumId": 6296,
		"albumtitle": "絕妙啟示錄-張得仁-合集四(2)"
	},
	{
		"path": "http://media.feearadio.net/downloads/others/Febc/unique/288.mp3",
		"title": "288 偉大的意義就是絕不坐以待斃",
		"duration": 300,
		"size": "2.5M",
		"albumName": "絕妙啟示錄-張得仁-合集四",
		"id": 6296000003,
		"albumId": 6296,
		"albumtitle": "絕妙啟示錄-張得仁-合集四(3)"
	},
	{
		"path": "http://media.feearadio.net/downloads/others/Febc/unique/289.mp3",
		"title": "289 偉大是決定於成功之後",
		"duration": 300,
		"size": "2.5M",
		"albumName": "絕妙啟示錄-張得仁-合集四",
		"id": 6296000004,
		"albumId": 6296,
		"albumtitle": "絕妙啟示錄-張得仁-合集四(4)"
	},
	{
		"path": "http://media.feearadio.net/downloads/others/Febc/unique/290.mp3",
		"title": "290 真正的知識總是在實踐的裡面",
		"duration": 300,
		"size": "2.5M",
		"albumName": "絕妙啟示錄-張得仁-合集四",
		"id": 6296000005,
		"albumId": 6296,
		"albumtitle": "絕妙啟示錄-張得仁-合集四(5)"
	},
	{
		"path": "http://media.feearadio.net/downloads/others/Febc/unique/291.mp3",
		"title": "291 不想當元帥的士兵不是好士兵",
		"duration": 300,
		"size": "2.5M",
		"albumName": "絕妙啟示錄-張得仁-合集四",
		"id": 6296000006,
		"albumId": 6296,
		"albumtitle": "絕妙啟示錄-張得仁-合集四(6)"
	},
	{
		"path": "http://media.feearadio.net/downloads/others/Febc/unique/292.mp3",
		"title": "292 偉大的人總是把〝最好〞放在未來",
		"duration": 300,
		"size": "2.5M",
		"albumName": "絕妙啟示錄-張得仁-合集四",
		"id": 6296000007,
		"albumId": 6296,
		"albumtitle": "絕妙啟示錄-張得仁-合集四(7)"
	},
	{
		"path": "http://media.feearadio.net/downloads/others/Febc/unique/293.mp3",
		"title": "293 假定別人不懷好意常會錯過生命中美好的交集",
		"duration": 300,
		"size": "2.5M",
		"albumName": "絕妙啟示錄-張得仁-合集四",
		"id": 6296000008,
		"albumId": 6296,
		"albumtitle": "絕妙啟示錄-張得仁-合集四(8)"
	},
	{
		"path": "http://media.feearadio.net/downloads/others/Febc/unique/294.mp3",
		"title": "294 良善的比較會讓世界變得美好",
		"duration": 300,
		"size": "2.5M",
		"albumName": "絕妙啟示錄-張得仁-合集四",
		"id": 6296000009,
		"albumId": 6296,
		"albumtitle": "絕妙啟示錄-張得仁-合集四(9)"
	},
	{
		"path": "http://media.feearadio.net/downloads/others/Febc/unique/295.mp3",
		"title": "295 認錯也是一種影響力",
		"duration": 300,
		"size": "2.5M",
		"albumName": "絕妙啟示錄-張得仁-合集四",
		"id": 6296000010,
		"albumId": 6296,
		"albumtitle": "絕妙啟示錄-張得仁-合集四(10)"
	},
	{
		"path": "http://media.feearadio.net/downloads/others/Febc/unique/296.mp3",
		"title": "296 輸了愛卻贏了其它，結果還是白搭！",
		"duration": 300,
		"size": "2.5M",
		"albumName": "絕妙啟示錄-張得仁-合集四",
		"id": 6296000011,
		"albumId": 6296,
		"albumtitle": "絕妙啟示錄-張得仁-合集四(11)"
	},
	{
		"path": "http://media.feearadio.net/downloads/others/Febc/unique/297.mp3",
		"title": "297 老師沒教的你也願意學習，人生勢必終將登峰造極",
		"duration": 300,
		"size": "2.5M",
		"albumName": "絕妙啟示錄-張得仁-合集四",
		"id": 6296000012,
		"albumId": 6296,
		"albumtitle": "絕妙啟示錄-張得仁-合集四(12)"
	},
	{
		"path": "http://media.feearadio.net/downloads/others/Febc/unique/298.mp3",
		"title": "298 愛你的敵人就是增加你的朋友",
		"duration": 300,
		"size": "2.5M",
		"albumName": "絕妙啟示錄-張得仁-合集四",
		"id": 6296000013,
		"albumId": 6296,
		"albumtitle": "絕妙啟示錄-張得仁-合集四(13)"
	},
	{
		"path": "http://media.feearadio.net/downloads/others/Febc/unique/299.mp3",
		"title": "299 怨天尤人不如反躬自省─耶穌與肥皂",
		"duration": 300,
		"size": "2.5M",
		"albumName": "絕妙啟示錄-張得仁-合集四",
		"id": 6296000014,
		"albumId": 6296,
		"albumtitle": "絕妙啟示錄-張得仁-合集四(14)"
	},
	{
		"path": "http://media.feearadio.net/downloads/others/Febc/unique/300.mp3",
		"title": "300 先問清楚才不會做事糊塗",
		"duration": 300,
		"size": "2.5M",
		"albumName": "絕妙啟示錄-張得仁-合集四",
		"id": 6296000015,
		"albumId": 6296,
		"albumtitle": "絕妙啟示錄-張得仁-合集四(15)"
	},
	{
		"path": "http://media.feearadio.net/downloads/others/Febc/unique/301.mp3",
		"title": "301 成功的人無私！失敗的人自私！",
		"duration": 300,
		"size": "2.5M",
		"albumName": "絕妙啟示錄-張得仁-合集四",
		"id": 6296000016,
		"albumId": 6296,
		"albumtitle": "絕妙啟示錄-張得仁-合集四(16)"
	},
	{
		"path": "http://media.feearadio.net/downloads/others/Febc/unique/302.mp3",
		"title": "302 人若自私終將惡果自食",
		"duration": 300,
		"size": "2.5M",
		"albumName": "絕妙啟示錄-張得仁-合集四",
		"id": 6296000017,
		"albumId": 6296,
		"albumtitle": "絕妙啟示錄-張得仁-合集四(17)"
	},
	{
		"path": "http://media.feearadio.net/downloads/others/Febc/unique/303.mp3",
		"title": "303 替別人著想可以讓對方生命開始飛翔",
		"duration": 300,
		"size": "2.5M",
		"albumName": "絕妙啟示錄-張得仁-合集四",
		"id": 6296000018,
		"albumId": 6296,
		"albumtitle": "絕妙啟示錄-張得仁-合集四(18)"
	},
	{
		"path": "http://media.feearadio.net/downloads/others/Febc/unique/304.mp3",
		"title": "304 多一點說明+多一點提問=少一點誤會",
		"duration": 300,
		"size": "2.5M",
		"albumName": "絕妙啟示錄-張得仁-合集四",
		"id": 6296000019,
		"albumId": 6296,
		"albumtitle": "絕妙啟示錄-張得仁-合集四(19)"
	},
	{
		"path": "http://media.feearadio.net/downloads/others/Febc/unique/305.mp3",
		"title": "305 讓第三人稱單數的麻煩成為第一人稱複數的麻煩",
		"duration": 300,
		"size": "2.5M",
		"albumName": "絕妙啟示錄-張得仁-合集四",
		"id": 6296000020,
		"albumId": 6296,
		"albumtitle": "絕妙啟示錄-張得仁-合集四(20)"
	},
	{
		"path": "http://media.feearadio.net/downloads/others/Febc/unique/306.mp3",
		"title": "306 說造就人的好話可以讓一個人變的偉大",
		"duration": 300,
		"size": "2.5M",
		"albumName": "絕妙啟示錄-張得仁-合集四",
		"id": 6296000021,
		"albumId": 6296,
		"albumtitle": "絕妙啟示錄-張得仁-合集四(21)"
	},
	{
		"path": "http://media.feearadio.net/downloads/others/Febc/unique/307.mp3",
		"title": "307 真正的愛心需要在卑微的身上表現關心",
		"duration": 300,
		"size": "2.5M",
		"albumName": "絕妙啟示錄-張得仁-合集四",
		"id": 6296000022,
		"albumId": 6296,
		"albumtitle": "絕妙啟示錄-張得仁-合集四(22)"
	},
	{
		"path": "http://media.feearadio.net/downloads/others/Febc/unique/308.mp3",
		"title": "308 沒有了鼓勵會讓人失去動力",
		"duration": 300,
		"size": "2.5M",
		"albumName": "絕妙啟示錄-張得仁-合集四",
		"id": 6296000023,
		"albumId": 6296,
		"albumtitle": "絕妙啟示錄-張得仁-合集四(23)"
	},
	{
		"path": "http://media.feearadio.net/downloads/others/Febc/unique/309.mp3",
		"title": "309 愛惜光陰就是把握機會",
		"duration": 300,
		"size": "2.5M",
		"albumName": "絕妙啟示錄-張得仁-合集四",
		"id": 6296000024,
		"albumId": 6296,
		"albumtitle": "絕妙啟示錄-張得仁-合集四(24)"
	},
	{
		"path": "http://media.feearadio.net/downloads/others/Febc/unique/310.mp3",
		"title": "310 雖不突出但也不認輸，就仍有機會成為傑出",
		"duration": 300,
		"size": "2.5M",
		"albumName": "絕妙啟示錄-張得仁-合集四",
		"id": 6296000025,
		"albumId": 6296,
		"albumtitle": "絕妙啟示錄-張得仁-合集四(25)"
	},
	{
		"path": "http://media.feearadio.net/downloads/others/Febc/unique/311.mp3",
		"title": "311 成功的腳步鮮少是踏在平步青雲上",
		"duration": 300,
		"size": "2.5M",
		"albumName": "絕妙啟示錄-張得仁-合集四",
		"id": 6296000026,
		"albumId": 6296,
		"albumtitle": "絕妙啟示錄-張得仁-合集四(26)"
	},
	{
		"path": "http://media.feearadio.net/downloads/others/Febc/unique/312.mp3",
		"title": "312 殘缺不是失敗的藉口而是更加努力的理由",
		"duration": 300,
		"size": "2.5M",
		"albumName": "絕妙啟示錄-張得仁-合集四",
		"id": 6296000027,
		"albumId": 6296,
		"albumtitle": "絕妙啟示錄-張得仁-合集四(27)"
	},
	{
		"path": "http://media.feearadio.net/downloads/others/Febc/unique/313.mp3",
		"title": "313 弱點也可以成為成功的特點",
		"duration": 300,
		"size": "2.5M",
		"albumName": "絕妙啟示錄-張得仁-合集四",
		"id": 6296000028,
		"albumId": 6296,
		"albumtitle": "絕妙啟示錄-張得仁-合集四(28)"
	},
	{
		"path": "http://media.feearadio.net/downloads/others/Febc/unique/314.mp3",
		"title": "314 失去冷靜就很容易掉入陷阱",
		"duration": 300,
		"size": "2.5M",
		"albumName": "絕妙啟示錄-張得仁-合集四",
		"id": 6296000029,
		"albumId": 6296,
		"albumtitle": "絕妙啟示錄-張得仁-合集四(29)"
	},
	{
		"path": "http://media.feearadio.net/downloads/others/Febc/unique/315.mp3",
		"title": "315 完全的投入，荒無的人生也會走出一條路",
		"duration": 300,
		"size": "2.5M",
		"albumName": "絕妙啟示錄-張得仁-合集四",
		"id": 6296000030,
		"albumId": 6296,
		"albumtitle": "絕妙啟示錄-張得仁-合集四(30)"
	},
	{
		"path": "http://media.feearadio.net/downloads/others/Febc/unique/316.mp3",
		"title": "316 仔細評估勝過隨意說出",
		"duration": 300,
		"size": "2.5M",
		"albumName": "絕妙啟示錄-張得仁-合集四",
		"id": 6296000031,
		"albumId": 6296,
		"albumtitle": "絕妙啟示錄-張得仁-合集四(31)"
	},
	{
		"path": "http://media.feearadio.net/downloads/others/Febc/unique/317.mp3",
		"title": "317 回答柔和使怒消退",
		"duration": 300,
		"size": "2.5M",
		"albumName": "絕妙啟示錄-張得仁-合集四",
		"id": 6296000032,
		"albumId": 6296,
		"albumtitle": "絕妙啟示錄-張得仁-合集四(32)"
	},
	{
		"path": "http://media.feearadio.net/downloads/others/Febc/unique/318.mp3",
		"title": "318 坐而〝研〞不如起而行",
		"duration": 300,
		"size": "2.5M",
		"albumName": "絕妙啟示錄-張得仁-合集四",
		"id": 6296000033,
		"albumId": 6296,
		"albumtitle": "絕妙啟示錄-張得仁-合集四(33)"
	},
	{
		"path": "http://media.feearadio.net/downloads/others/Febc/unique/319.mp3",
		"title": "319 今日精采的表現，是因為過去歲月的歷練",
		"duration": 300,
		"size": "2.5M",
		"albumName": "絕妙啟示錄-張得仁-合集四",
		"id": 6296000034,
		"albumId": 6296,
		"albumtitle": "絕妙啟示錄-張得仁-合集四(34)"
	},
	{
		"path": "http://media.feearadio.net/downloads/others/Febc/unique/320.mp3",
		"title": "320 每一個最好的年齡都是現在",
		"duration": 300,
		"size": "2.5M",
		"albumName": "絕妙啟示錄-張得仁-合集四",
		"id": 6296000035,
		"albumId": 6296,
		"albumtitle": "絕妙啟示錄-張得仁-合集四(35)"
	},
	{
		"path": "http://media.feearadio.net/downloads/others/Febc/unique/321.mp3",
		"title": "321 助人為快樂之本",
		"duration": 300,
		"size": "2.5M",
		"albumName": "絕妙啟示錄-張得仁-合集四",
		"id": 6296000036,
		"albumId": 6296,
		"albumtitle": "絕妙啟示錄-張得仁-合集四(36)"
	},
	{
		"path": "http://media.feearadio.net/downloads/others/Febc/unique/322.mp3",
		"title": "322 做的比說的重要",
		"duration": 300,
		"size": "2.5M",
		"albumName": "絕妙啟示錄-張得仁-合集四",
		"id": 6296000037,
		"albumId": 6296,
		"albumtitle": "絕妙啟示錄-張得仁-合集四(37)"
	},
	{
		"path": "http://media.feearadio.net/downloads/others/Febc/unique/323.mp3",
		"title": "323 俄羅斯娃娃的人生哲學",
		"duration": 300,
		"size": "2.5M",
		"albumName": "絕妙啟示錄-張得仁-合集四",
		"id": 6296000038,
		"albumId": 6296,
		"albumtitle": "絕妙啟示錄-張得仁-合集四(38)"
	},
	{
		"path": "http://media.feearadio.net/downloads/others/Febc/unique/324.mp3",
		"title": "324 少一點想當然爾，多一點能聽的耳",
		"duration": 300,
		"size": "2.5M",
		"albumName": "絕妙啟示錄-張得仁-合集四",
		"id": 6296000039,
		"albumId": 6296,
		"albumtitle": "絕妙啟示錄-張得仁-合集四(39)"
	},
	{
		"path": "http://media.feearadio.net/downloads/others/Febc/unique/325.mp3",
		"title": "325 卓越之前必須先超越",
		"duration": 300,
		"size": "2.5M",
		"albumName": "絕妙啟示錄-張得仁-合集四",
		"id": 6296000040,
		"albumId": 6296,
		"albumtitle": "絕妙啟示錄-張得仁-合集四(40)"
	},
	{
		"path": "http://media.feearadio.net/downloads/others/Febc/unique/326.mp3",
		"title": "326 懂得體貼別人的心理就是達到美好的道理",
		"duration": 300,
		"size": "2.5M",
		"albumName": "絕妙啟示錄-張得仁-合集四",
		"id": 6296000041,
		"albumId": 6296,
		"albumtitle": "絕妙啟示錄-張得仁-合集四(41)"
	},
	{
		"path": "http://media.feearadio.net/downloads/others/Febc/unique/327.mp3",
		"title": "327 真實的一面最讓人紀念",
		"duration": 300,
		"size": "2.5M",
		"albumName": "絕妙啟示錄-張得仁-合集四",
		"id": 6296000042,
		"albumId": 6296,
		"albumtitle": "絕妙啟示錄-張得仁-合集四(42)"
	},
	{
		"path": "http://media.feearadio.net/downloads/others/Febc/unique/328.mp3",
		"title": "328 處罰的目的不是報復而是恢復",
		"duration": 300,
		"size": "2.5M",
		"albumName": "絕妙啟示錄-張得仁-合集四",
		"id": 6296000043,
		"albumId": 6296,
		"albumtitle": "絕妙啟示錄-張得仁-合集四(43)"
	},
	{
		"path": "http://media.feearadio.net/downloads/others/Febc/unique/329.mp3",
		"title": "329 饒恕的心最讓人覺得溫馨",
		"duration": 300,
		"size": "2.5M",
		"albumName": "絕妙啟示錄-張得仁-合集四",
		"id": 6296000044,
		"albumId": 6296,
		"albumtitle": "絕妙啟示錄-張得仁-合集四(44)"
	},
	{
		"path": "http://media.feearadio.net/downloads/others/Febc/unique/330.mp3",
		"title": "330 人生的真知就是自私之心人皆有之",
		"duration": 300,
		"size": "2.5M",
		"albumName": "絕妙啟示錄-張得仁-合集四",
		"id": 6296000045,
		"albumId": 6296,
		"albumtitle": "絕妙啟示錄-張得仁-合集四(45)"
	},
	{
		"path": "http://media.feearadio.net/downloads/others/Febc/TM/331.mp3",
		"title": "331 不必自己想是一位天才，而是要培養自己是一位人才",
		"duration": 300,
		"size": "2.5M",
		"albumName": "絕妙啟示錄-張得仁-合集四",
		"id": 6296000046,
		"albumId": 6296,
		"albumtitle": "絕妙啟示錄-張得仁-合集四(46)"
	},
	{
		"path": "http://media.feearadio.net/downloads/others/Febc/unique/332.mp3",
		"title": "332 一視同仁才會利己也利人",
		"duration": 300,
		"size": "2.5M",
		"albumName": "絕妙啟示錄-張得仁-合集四",
		"id": 6296000047,
		"albumId": 6296,
		"albumtitle": "絕妙啟示錄-張得仁-合集四(47)"
	},
	{
		"path": "http://media.feearadio.net/downloads/others/Febc/unique/333.mp3",
		"title": "333 不要太在意",
		"duration": 300,
		"size": "2.5M",
		"albumName": "絕妙啟示錄-張得仁-合集四",
		"id": 6296000048,
		"albumId": 6296,
		"albumtitle": "絕妙啟示錄-張得仁-合集四(48)"
	},
	{
		"path": "http://media.feearadio.net/downloads/others/Febc/unique/334.mp3",
		"title": "334 相敬如賓",
		"duration": 300,
		"size": "2.5M",
		"albumName": "絕妙啟示錄-張得仁-合集四",
		"id": 6296000049,
		"albumId": 6296,
		"albumtitle": "絕妙啟示錄-張得仁-合集四(49)"
	},
	{
		"path": "http://media.feearadio.net/downloads/others/Febc/unique/335.mp3",
		"title": "335 放下身段",
		"duration": 300,
		"size": "2.5M",
		"albumName": "絕妙啟示錄-張得仁-合集四",
		"id": 6296000050,
		"albumId": 6296,
		"albumtitle": "絕妙啟示錄-張得仁-合集四(50)"
	},
	{
		"path": "http://media.feearadio.net/downloads/others/Febc/unique/336.mp3",
		"title": "336 功勞是大家的",
		"duration": 300,
		"size": "2.5M",
		"albumName": "絕妙啟示錄-張得仁-合集四",
		"id": 6296000051,
		"albumId": 6296,
		"albumtitle": "絕妙啟示錄-張得仁-合集四(51)"
	},
	{
		"path": "http://media.feearadio.net/downloads/others/Febc/unique/337.mp3",
		"title": "337 傷口不要成為破口",
		"duration": 300,
		"size": "2.5M",
		"albumName": "絕妙啟示錄-張得仁-合集四",
		"id": 6296000052,
		"albumId": 6296,
		"albumtitle": "絕妙啟示錄-張得仁-合集四(52)"
	},
	{
		"path": "http://media.feearadio.net/downloads/others/Febc/unique/338.mp3",
		"title": "338 孝道需要行道",
		"duration": 300,
		"size": "2.5M",
		"albumName": "絕妙啟示錄-張得仁-合集四",
		"id": 6296000053,
		"albumId": 6296,
		"albumtitle": "絕妙啟示錄-張得仁-合集四(53)"
	},
	{
		"path": "http://media.feearadio.net/downloads/others/Febc/unique/339.mp3",
		"title": "339 幫助別人就是突破自己",
		"duration": 300,
		"size": "2.5M",
		"albumName": "絕妙啟示錄-張得仁-合集四",
		"id": 6296000054,
		"albumId": 6296,
		"albumtitle": "絕妙啟示錄-張得仁-合集四(54)"
	},
	{
		"path": "http://media.feearadio.net/downloads/others/Febc/unique/340.mp3",
		"title": "340 注意與留心",
		"duration": 300,
		"size": "2.5M",
		"albumName": "絕妙啟示錄-張得仁-合集四",
		"id": 6296000055,
		"albumId": 6296,
		"albumtitle": "絕妙啟示錄-張得仁-合集四(55)"
	},
	{
		"path": "http://media.feearadio.net/downloads/others/Febc/unique/341.mp3",
		"title": "341 把他人的辱罵當禮物",
		"duration": 300,
		"size": "2.5M",
		"albumName": "絕妙啟示錄-張得仁-合集四",
		"id": 6296000056,
		"albumId": 6296,
		"albumtitle": "絕妙啟示錄-張得仁-合集四(56)"
	},
	{
		"path": "http://media.feearadio.net/downloads/others/Febc/unique/342.mp3",
		"title": "342 謙卑是理所當然",
		"duration": 300,
		"size": "2.5M",
		"albumName": "絕妙啟示錄-張得仁-合集四",
		"id": 6296000057,
		"albumId": 6296,
		"albumtitle": "絕妙啟示錄-張得仁-合集四(57)"
	},
	{
		"path": "http://media.feearadio.net/downloads/others/Febc/unique/343.mp3",
		"title": "343 往下比將沒有往上的一天",
		"duration": 300,
		"size": "2.5M",
		"albumName": "絕妙啟示錄-張得仁-合集四",
		"id": 6296000058,
		"albumId": 6296,
		"albumtitle": "絕妙啟示錄-張得仁-合集四(58)"
	},
	{
		"path": "http://media.feearadio.net/downloads/others/Febc/unique/344.mp3",
		"title": "344 短視近利",
		"duration": 300,
		"size": "2.5M",
		"albumName": "絕妙啟示錄-張得仁-合集四",
		"id": 6296000059,
		"albumId": 6296,
		"albumtitle": "絕妙啟示錄-張得仁-合集四(59)"
	},
	{
		"path": "http://media.feearadio.net/downloads/others/Febc/unique/345.mp3",
		"title": "345 塞翁失馬焉知非福",
		"duration": 300,
		"size": "2.5M",
		"albumName": "絕妙啟示錄-張得仁-合集四",
		"id": 6296000060,
		"albumId": 6296,
		"albumtitle": "絕妙啟示錄-張得仁-合集四(60)"
	},
	{
		"path": "http://media.feearadio.net/downloads/others/Febc/unique/346.mp3",
		"title": "346 心的位置",
		"duration": 300,
		"size": "2.5M",
		"albumName": "絕妙啟示錄-張得仁-合集四",
		"id": 6296000061,
		"albumId": 6296,
		"albumtitle": "絕妙啟示錄-張得仁-合集四(61)"
	},
	{
		"path": "http://media.feearadio.net/downloads/others/Febc/unique/347.mp3",
		"title": "347 福氣來自和氣",
		"duration": 300,
		"size": "2.5M",
		"albumName": "絕妙啟示錄-張得仁-合集四",
		"id": 6296000062,
		"albumId": 6296,
		"albumtitle": "絕妙啟示錄-張得仁-合集四(62)"
	},
	{
		"path": "http://media.feearadio.net/downloads/others/Febc/unique/348.mp3",
		"title": "348 讓個人優點成為別人快樂的起點",
		"duration": 300,
		"size": "2.5M",
		"albumName": "絕妙啟示錄-張得仁-合集四",
		"id": 6296000063,
		"albumId": 6296,
		"albumtitle": "絕妙啟示錄-張得仁-合集四(63)"
	},
	{
		"path": "http://media.feearadio.net/downloads/others/Febc/unique/349.mp3",
		"title": "349 小事壞了真本事",
		"duration": 300,
		"size": "2.5M",
		"albumName": "絕妙啟示錄-張得仁-合集四",
		"id": 6296000064,
		"albumId": 6296,
		"albumtitle": "絕妙啟示錄-張得仁-合集四(64)"
	},
	{
		"path": "http://media.feearadio.net/downloads/others/Febc/unique/350.mp3",
		"title": "350 簡單的福氣",
		"duration": 300,
		"size": "2.5M",
		"albumName": "絕妙啟示錄-張得仁-合集四",
		"id": 6296000065,
		"albumId": 6296,
		"albumtitle": "絕妙啟示錄-張得仁-合集四(65)"
	},
	{
		"path": "http://media.feearadio.net/downloads/others/Febc/unique/351.mp3",
		"title": "351 領會才珍貴",
		"duration": 300,
		"size": "2.5M",
		"albumName": "絕妙啟示錄-張得仁-合集四",
		"id": 6296000066,
		"albumId": 6296,
		"albumtitle": "絕妙啟示錄-張得仁-合集四(66)"
	},
	{
		"path": "http://media.feearadio.net/downloads/others/Febc/unique/352.mp3",
		"title": "352 時刻警醒",
		"duration": 300,
		"size": "2.5M",
		"albumName": "絕妙啟示錄-張得仁-合集四",
		"id": 6296000067,
		"albumId": 6296,
		"albumtitle": "絕妙啟示錄-張得仁-合集四(67)"
	},
	{
		"path": "http://media.feearadio.net/downloads/others/Febc/unique/353.mp3",
		"title": "353 成功與進步",
		"duration": 300,
		"size": "2.5M",
		"albumName": "絕妙啟示錄-張得仁-合集四",
		"id": 6296000068,
		"albumId": 6296,
		"albumtitle": "絕妙啟示錄-張得仁-合集四(68)"
	},
	{
		"path": "http://media.feearadio.net/downloads/others/Febc/unique/354.mp3",
		"title": "354 悲觀與失敗",
		"duration": 300,
		"size": "2.5M",
		"albumName": "絕妙啟示錄-張得仁-合集四",
		"id": 6296000069,
		"albumId": 6296,
		"albumtitle": "絕妙啟示錄-張得仁-合集四(69)"
	},
	{
		"path": "http://media.feearadio.net/downloads/others/Febc/unique/355.mp3",
		"title": "355 以善報惡是最高明的回應",
		"duration": 300,
		"size": "2.5M",
		"albumName": "絕妙啟示錄-張得仁-合集四",
		"id": 6296000070,
		"albumId": 6296,
		"albumtitle": "絕妙啟示錄-張得仁-合集四(70)"
	},
	{
		"path": "http://media.feearadio.net/downloads/others/Febc/unique/356.mp3",
		"title": "356 最動人的畫面",
		"duration": 300,
		"size": "2.5M",
		"albumName": "絕妙啟示錄-張得仁-合集四",
		"id": 6296000071,
		"albumId": 6296,
		"albumtitle": "絕妙啟示錄-張得仁-合集四(71)"
	},
	{
		"path": "http://media.feearadio.net/downloads/others/Febc/unique/357.mp3",
		"title": "357 每個人所做的事都是重要的事",
		"duration": 300,
		"size": "2.5M",
		"albumName": "絕妙啟示錄-張得仁-合集四",
		"id": 6296000072,
		"albumId": 6296,
		"albumtitle": "絕妙啟示錄-張得仁-合集四(72)"
	},
	{
		"path": "http://media.feearadio.net/downloads/others/Febc/unique/358.mp3",
		"title": "358 偽君子",
		"duration": 300,
		"size": "2.5M",
		"albumName": "絕妙啟示錄-張得仁-合集四",
		"id": 6296000073,
		"albumId": 6296,
		"albumtitle": "絕妙啟示錄-張得仁-合集四(73)"
	},
	{
		"path": "http://media.feearadio.net/downloads/others/Febc/unique/359.mp3",
		"title": "359 離危險越遠越好",
		"duration": 300,
		"size": "2.5M",
		"albumName": "絕妙啟示錄-張得仁-合集四",
		"id": 6296000074,
		"albumId": 6296,
		"albumtitle": "絕妙啟示錄-張得仁-合集四(74)"
	},
	{
		"path": "http://media.feearadio.net/downloads/others/Febc/unique/360.mp3",
		"title": "360 見微知著",
		"duration": 300,
		"size": "2.5M",
		"albumName": "絕妙啟示錄-張得仁-合集四",
		"id": 6296000075,
		"albumId": 6296,
		"albumtitle": "絕妙啟示錄-張得仁-合集四(75)"
	},
	{
		"path": "http://media.feearadio.net/downloads/others/Febc/unique/361.mp3",
		"title": "361 生氣與冤枉人",
		"duration": 300,
		"size": "2.5M",
		"albumName": "絕妙啟示錄-張得仁-合集四",
		"id": 6296000076,
		"albumId": 6296,
		"albumtitle": "絕妙啟示錄-張得仁-合集四(76)"
	},
	{
		"path": "http://media.feearadio.net/downloads/others/Febc/unique/362.mp3",
		"title": "362 團結",
		"duration": 300,
		"size": "2.5M",
		"albumName": "絕妙啟示錄-張得仁-合集四",
		"id": 6296000077,
		"albumId": 6296,
		"albumtitle": "絕妙啟示錄-張得仁-合集四(77)"
	},
	{
		"path": "http://media.feearadio.net/downloads/others/Febc/unique/363.mp3",
		"title": "363 說謊與自取其辱",
		"duration": 300,
		"size": "2.5M",
		"albumName": "絕妙啟示錄-張得仁-合集四",
		"id": 6296000078,
		"albumId": 6296,
		"albumtitle": "絕妙啟示錄-張得仁-合集四(78)"
	},
	{
		"path": "http://media.feearadio.net/downloads/others/Febc/unique/364.mp3",
		"title": "364 每天加一把勁",
		"duration": 300,
		"size": "2.5M",
		"albumName": "絕妙啟示錄-張得仁-合集四",
		"id": 6296000079,
		"albumId": 6296,
		"albumtitle": "絕妙啟示錄-張得仁-合集四(79)"
	},
	{
		"path": "http://media.feearadio.net/downloads/others/Febc/unique/365.mp3",
		"title": "365 人找樂趣",
		"duration": 300,
		"size": "2.5M",
		"albumName": "絕妙啟示錄-張得仁-合集四",
		"id": 6296000080,
		"albumId": 6296,
		"albumtitle": "絕妙啟示錄-張得仁-合集四(80)"
	},
	{
		"path": "http://media.feearadio.net/downloads/others/Febc/unique/366.mp3",
		"title": "366 優點與盲點",
		"duration": 300,
		"size": "2.5M",
		"albumName": "絕妙啟示錄-張得仁-合集四",
		"id": 6296000081,
		"albumId": 6296,
		"albumtitle": "絕妙啟示錄-張得仁-合集四(81)"
	},
	{
		"path": "http://media.feearadio.net/downloads/others/Febc/unique/367.mp3",
		"title": "367 錯誤的恐懼",
		"duration": 300,
		"size": "2.5M",
		"albumName": "絕妙啟示錄-張得仁-合集四",
		"id": 6296000082,
		"albumId": 6296,
		"albumtitle": "絕妙啟示錄-張得仁-合集四(82)"
	},
	{
		"path": "http://media.feearadio.net/downloads/others/Febc/unique/368.mp3",
		"title": "368 一時的失意與暫時的得意都需要你我去留意",
		"duration": 300,
		"size": "2.5M",
		"albumName": "絕妙啟示錄-張得仁-合集四",
		"id": 6296000083,
		"albumId": 6296,
		"albumtitle": "絕妙啟示錄-張得仁-合集四(83)"
	},
	{
		"path": "http://media.feearadio.net/downloads/others/Febc/unique/369.mp3",
		"title": "369 片面與全面",
		"duration": 300,
		"size": "2.5M",
		"albumName": "絕妙啟示錄-張得仁-合集四",
		"id": 6296000084,
		"albumId": 6296,
		"albumtitle": "絕妙啟示錄-張得仁-合集四(84)"
	},
	{
		"path": "http://media.feearadio.net/downloads/others/Febc/unique/370.mp3",
		"title": "370 先要學會放鬆人生才能繼續向前衝",
		"duration": 300,
		"size": "2.5M",
		"albumName": "絕妙啟示錄-張得仁-合集四",
		"id": 6296000085,
		"albumId": 6296,
		"albumtitle": "絕妙啟示錄-張得仁-合集四(85)"
	},
	{
		"path": "http://media.feearadio.net/downloads/others/Febc/unique/371.mp3",
		"title": "371 吃苦也是一種吃補",
		"duration": 300,
		"size": "2.5M",
		"albumName": "絕妙啟示錄-張得仁-合集四",
		"id": 6296000086,
		"albumId": 6296,
		"albumtitle": "絕妙啟示錄-張得仁-合集四(86)"
	},
	{
		"path": "http://media.feearadio.net/downloads/others/Febc/unique/372.mp3",
		"title": "372 別人是以你看待自己的方式來看待你",
		"duration": 300,
		"size": "2.5M",
		"albumName": "絕妙啟示錄-張得仁-合集四",
		"id": 6296000087,
		"albumId": 6296,
		"albumtitle": "絕妙啟示錄-張得仁-合集四(87)"
	},
	{
		"path": "http://media.feearadio.net/downloads/others/Febc/unique/373.mp3",
		"title": "373 磨練是最好的訓練",
		"duration": 300,
		"size": "2.5M",
		"albumName": "絕妙啟示錄-張得仁-合集四",
		"id": 6296000088,
		"albumId": 6296,
		"albumtitle": "絕妙啟示錄-張得仁-合集四(88)"
	},
	{
		"path": "http://media.feearadio.net/downloads/others/Febc/unique/374.mp3",
		"title": "374 節制也要有個限制",
		"duration": 300,
		"size": "2.5M",
		"albumName": "絕妙啟示錄-張得仁-合集四",
		"id": 6296000089,
		"albumId": 6296,
		"albumtitle": "絕妙啟示錄-張得仁-合集四(89)"
	},
	{
		"path": "http://media.feearadio.net/downloads/others/Febc/unique/375.mp3",
		"title": "375 眼盲心不盲",
		"duration": 300,
		"size": "2.5M",
		"albumName": "絕妙啟示錄-張得仁-合集四",
		"id": 6296000090,
		"albumId": 6296,
		"albumtitle": "絕妙啟示錄-張得仁-合集四(90)"
	},
	{
		"path": "http://media.feearadio.net/downloads/others/Febc/unique/376.mp3",
		"title": "376 大事小事都要誠實",
		"duration": 300,
		"size": "2.5M",
		"albumName": "絕妙啟示錄-張得仁-合集四",
		"id": 6296000091,
		"albumId": 6296,
		"albumtitle": "絕妙啟示錄-張得仁-合集四(91)"
	},
	{
		"path": "http://media.feearadio.net/downloads/others/Febc/unique/377.mp3",
		"title": "377 大人有大量",
		"duration": 300,
		"size": "2.5M",
		"albumName": "絕妙啟示錄-張得仁-合集四",
		"id": 6296000092,
		"albumId": 6296,
		"albumtitle": "絕妙啟示錄-張得仁-合集四(92)"
	},
	{
		"path": "http://media.feearadio.net/downloads/others/Febc/unique/378.mp3",
		"title": "378 神的眼光決定人的價值",
		"duration": 300,
		"size": "2.5M",
		"albumName": "絕妙啟示錄-張得仁-合集四",
		"id": 6296000093,
		"albumId": 6296,
		"albumtitle": "絕妙啟示錄-張得仁-合集四(93)"
	},
	{
		"path": "http://media.feearadio.net/downloads/others/Febc/unique/379.mp3",
		"title": "379 音樂家永遠勝過樂評家",
		"duration": 300,
		"size": "2.5M",
		"albumName": "絕妙啟示錄-張得仁-合集四",
		"id": 6296000094,
		"albumId": 6296,
		"albumtitle": "絕妙啟示錄-張得仁-合集四(94)"
	},
	{
		"path": "http://media.feearadio.net/downloads/others/Febc/unique/380.mp3",
		"title": "380 誠實不是口號 誠實是教你如何活出人生的美好",
		"duration": 300,
		"size": "2.5M",
		"albumName": "絕妙啟示錄-張得仁-合集四",
		"id": 6296000095,
		"albumId": 6296,
		"albumtitle": "絕妙啟示錄-張得仁-合集四(95)"
	}
]