[
	{
		"path": "http://media.feearadio.net/downloads/others/CD/2013/06/01.mp3",
		"title": "1.我心堅定",
		"duration": 550,
		"size": "4M",
		"albumName": "【節目精選CD】2013年6月份 - 盼望的亮點",
		"id": 6111000001,
		"albumId": 6111,
		"albumtitle": "【節目精選CD】2013年6月份 - 盼望的亮點(1)"
	},
	{
		"path": "http://media.feearadio.net/downloads/others/CD/2013/06/02.mp3",
		"title": "2.葛牧師見證-1",
		"duration": 550,
		"size": "4M",
		"albumName": "【節目精選CD】2013年6月份 - 盼望的亮點",
		"id": 6111000002,
		"albumId": 6111,
		"albumtitle": "【節目精選CD】2013年6月份 - 盼望的亮點(2)"
	},
	{
		"path": "http://media.feearadio.net/downloads/others/CD/2013/06/03.mp3",
		"title": "3.活著為耶穌",
		"duration": 550,
		"size": "4M",
		"albumName": "【節目精選CD】2013年6月份 - 盼望的亮點",
		"id": 6111000003,
		"albumId": 6111,
		"albumtitle": "【節目精選CD】2013年6月份 - 盼望的亮點(3)"
	},
	{
		"path": "http://media.feearadio.net/downloads/others/CD/2013/06/04.mp3",
		"title": "4.葛牧師見證-2",
		"duration": 550,
		"size": "4M",
		"albumName": "【節目精選CD】2013年6月份 - 盼望的亮點",
		"id": 6111000004,
		"albumId": 6111,
		"albumtitle": "【節目精選CD】2013年6月份 - 盼望的亮點(4)"
	},
	{
		"path": "http://media.feearadio.net/downloads/others/CD/2013/06/05.mp3",
		"title": "5.耶穌給你平安",
		"duration": 550,
		"size": "4M",
		"albumName": "【節目精選CD】2013年6月份 - 盼望的亮點",
		"id": 6111000005,
		"albumId": 6111,
		"albumtitle": "【節目精選CD】2013年6月份 - 盼望的亮點(5)"
	},
	{
		"path": "http://media.feearadio.net/downloads/others/CD/2013/06/06.mp3",
		"title": "6.葛師母見證-1",
		"duration": 550,
		"size": "4M",
		"albumName": "【節目精選CD】2013年6月份 - 盼望的亮點",
		"id": 6111000006,
		"albumId": 6111,
		"albumtitle": "【節目精選CD】2013年6月份 - 盼望的亮點(6)"
	},
	{
		"path": "http://media.feearadio.net/downloads/others/CD/2013/06/07.mp3",
		"title": "7.恩典夠用",
		"duration": 550,
		"size": "4M",
		"albumName": "【節目精選CD】2013年6月份 - 盼望的亮點",
		"id": 6111000007,
		"albumId": 6111,
		"albumtitle": "【節目精選CD】2013年6月份 - 盼望的亮點(7)"
	},
	{
		"path": "http://media.feearadio.net/downloads/others/CD/2013/06/08.mp3",
		"title": "8.葛師母見證-2",
		"duration": 550,
		"size": "4M",
		"albumName": "【節目精選CD】2013年6月份 - 盼望的亮點",
		"id": 6111000008,
		"albumId": 6111,
		"albumtitle": "【節目精選CD】2013年6月份 - 盼望的亮點(8)"
	},
	{
		"path": "http://media.feearadio.net/downloads/others/CD/2013/06/09.mp3",
		"title": "9.我的心仰望祢",
		"duration": 550,
		"size": "4M",
		"albumName": "【節目精選CD】2013年6月份 - 盼望的亮點",
		"id": 6111000009,
		"albumId": 6111,
		"albumtitle": "【節目精選CD】2013年6月份 - 盼望的亮點(9)"
	}
]