[
	{
		"path": "http://media.feearadio.net/downloads/others/CD/2016/08/01.mp3",
		"title": "1.標竿人生 - 靈糧神學院",
		"duration": 550,
		"size": "4M",
		"albumName": "【節目精選CD】2016年8月份 - 標竿名人堂。心心之火",
		"id": 6149000001,
		"albumId": 6149,
		"albumtitle": "【節目精選CD】2016年8月份 - 標竿名人堂。心心之火(1)"
	},
	{
		"path": "http://media.feearadio.net/downloads/others/CD/2016/08/02.mp3",
		"title": "2.蘿拉‧威爾金森",
		"duration": 550,
		"size": "4M",
		"albumName": "【節目精選CD】2016年8月份 - 標竿名人堂。心心之火",
		"id": 6149000002,
		"albumId": 6149,
		"albumtitle": "【節目精選CD】2016年8月份 - 標竿名人堂。心心之火(2)"
	},
	{
		"path": "http://media.feearadio.net/downloads/others/CD/2016/08/03.mp3",
		"title": "3.奉祢名得勝利 - 天韻",
		"duration": 550,
		"size": "4M",
		"albumName": "【節目精選CD】2016年8月份 - 標竿名人堂。心心之火",
		"id": 6149000003,
		"albumId": 6149,
		"albumtitle": "【節目精選CD】2016年8月份 - 標竿名人堂。心心之火(3)"
	},
	{
		"path": "http://media.feearadio.net/downloads/others/CD/2016/08/04.mp3",
		"title": "4.布萊恩‧克雷",
		"duration": 550,
		"size": "4M",
		"albumName": "【節目精選CD】2016年8月份 - 標竿名人堂。心心之火",
		"id": 6149000004,
		"albumId": 6149,
		"albumtitle": "【節目精選CD】2016年8月份 - 標竿名人堂。心心之火(4)"
	},
	{
		"path": "http://media.feearadio.net/downloads/others/CD/2016/08/05.mp3",
		"title": "5.祂是道路 - 盛曉玫",
		"duration": 550,
		"size": "4M",
		"albumName": "【節目精選CD】2016年8月份 - 標竿名人堂。心心之火",
		"id": 6149000005,
		"albumId": 6149,
		"albumtitle": "【節目精選CD】2016年8月份 - 標竿名人堂。心心之火(5)"
	},
	{
		"path": "http://media.feearadio.net/downloads/others/CD/2016/08/06.mp3",
		"title": "6.凱蒂‧泰勒",
		"duration": 550,
		"size": "4M",
		"albumName": "【節目精選CD】2016年8月份 - 標竿名人堂。心心之火",
		"id": 6149000006,
		"albumId": 6149,
		"albumtitle": "【節目精選CD】2016年8月份 - 標竿名人堂。心心之火(6)"
	},
	{
		"path": "http://media.feearadio.net/downloads/others/CD/2016/08/07.mp3",
		"title": "7.戰勝巨人的恩膏 - 生命河靈糧堂",
		"duration": 550,
		"size": "4M",
		"albumName": "【節目精選CD】2016年8月份 - 標竿名人堂。心心之火",
		"id": 6149000007,
		"albumId": 6149,
		"albumtitle": "【節目精選CD】2016年8月份 - 標竿名人堂。心心之火(7)"
	},
	{
		"path": "http://media.feearadio.net/downloads/others/CD/2016/08/08.mp3",
		"title": "8.史考特‧漢彌爾頓",
		"duration": 550,
		"size": "4M",
		"albumName": "【節目精選CD】2016年8月份 - 標竿名人堂。心心之火",
		"id": 6149000008,
		"albumId": 6149,
		"albumtitle": "【節目精選CD】2016年8月份 - 標竿名人堂。心心之火(8)"
	},
	{
		"path": "http://media.feearadio.net/downloads/others/CD/2016/08/09.mp3",
		"title": "9.信靠耶穌真是甜美 - 聖歌特戰隊",
		"duration": 550,
		"size": "4M",
		"albumName": "【節目精選CD】2016年8月份 - 標竿名人堂。心心之火",
		"id": 6149000009,
		"albumId": 6149,
		"albumtitle": "【節目精選CD】2016年8月份 - 標竿名人堂。心心之火(9)"
	},
	{
		"path": "http://media.feearadio.net/downloads/others/CD/2016/08/10.mp3",
		"title": "10.蓋比‧道格拉斯",
		"duration": 550,
		"size": "4M",
		"albumName": "【節目精選CD】2016年8月份 - 標竿名人堂。心心之火",
		"id": 6149000010,
		"albumId": 6149,
		"albumtitle": "【節目精選CD】2016年8月份 - 標竿名人堂。心心之火(10)"
	}
]