[
	{
		"path": "http://media.feearadio.net/downloads/others/CD/2012/08/01.mp3",
		"title": "1.打開黑暗的角落",
		"duration": 550,
		"size": "4M",
		"albumName": "【節目精選CD】2012年8月份 - 新的盼望。新一片天",
		"id": 6101000001,
		"albumId": 6101,
		"albumtitle": "【節目精選CD】2012年8月份 - 新的盼望。新一片天(1)"
	},
	{
		"path": "http://media.feearadio.net/downloads/others/CD/2012/08/02.mp3",
		"title": "2.謝淑鈴姐妹見證-1",
		"duration": 550,
		"size": "4M",
		"albumName": "【節目精選CD】2012年8月份 - 新的盼望。新一片天",
		"id": 6101000002,
		"albumId": 6101,
		"albumtitle": "【節目精選CD】2012年8月份 - 新的盼望。新一片天(2)"
	},
	{
		"path": "http://media.feearadio.net/downloads/others/CD/2012/08/03.mp3",
		"title": "3.風和愛",
		"duration": 550,
		"size": "4M",
		"albumName": "【節目精選CD】2012年8月份 - 新的盼望。新一片天",
		"id": 6101000003,
		"albumId": 6101,
		"albumtitle": "【節目精選CD】2012年8月份 - 新的盼望。新一片天(3)"
	},
	{
		"path": "http://media.feearadio.net/downloads/others/CD/2012/08/04.mp3",
		"title": "4.謝淑鈴姐妹見證-2",
		"duration": 550,
		"size": "4M",
		"albumName": "【節目精選CD】2012年8月份 - 新的盼望。新一片天",
		"id": 6101000004,
		"albumId": 6101,
		"albumtitle": "【節目精選CD】2012年8月份 - 新的盼望。新一片天(4)"
	},
	{
		"path": "http://media.feearadio.net/downloads/others/CD/2012/08/05.mp3",
		"title": "5.眼光",
		"duration": 550,
		"size": "4M",
		"albumName": "【節目精選CD】2012年8月份 - 新的盼望。新一片天",
		"id": 6101000005,
		"albumId": 6101,
		"albumtitle": "【節目精選CD】2012年8月份 - 新的盼望。新一片天(5)"
	},
	{
		"path": "http://media.feearadio.net/downloads/others/CD/2012/08/06.mp3",
		"title": "6.謝淑鈴姐妹見證-3",
		"duration": 550,
		"size": "4M",
		"albumName": "【節目精選CD】2012年8月份 - 新的盼望。新一片天",
		"id": 6101000006,
		"albumId": 6101,
		"albumtitle": "【節目精選CD】2012年8月份 - 新的盼望。新一片天(6)"
	},
	{
		"path": "http://media.feearadio.net/downloads/others/CD/2012/08/07.mp3",
		"title": "7.沙灘上的腳印",
		"duration": 550,
		"size": "4M",
		"albumName": "【節目精選CD】2012年8月份 - 新的盼望。新一片天",
		"id": 6101000007,
		"albumId": 6101,
		"albumtitle": "【節目精選CD】2012年8月份 - 新的盼望。新一片天(7)"
	},
	{
		"path": "http://media.feearadio.net/downloads/others/CD/2012/08/08.mp3",
		"title": "8.謝淑鈴姐妹採訪-1",
		"duration": 550,
		"size": "4M",
		"albumName": "【節目精選CD】2012年8月份 - 新的盼望。新一片天",
		"id": 6101000008,
		"albumId": 6101,
		"albumtitle": "【節目精選CD】2012年8月份 - 新的盼望。新一片天(8)"
	},
	{
		"path": "http://media.feearadio.net/downloads/others/CD/2012/08/09.mp3",
		"title": "9.腳步",
		"duration": 550,
		"size": "4M",
		"albumName": "【節目精選CD】2012年8月份 - 新的盼望。新一片天",
		"id": 6101000009,
		"albumId": 6101,
		"albumtitle": "【節目精選CD】2012年8月份 - 新的盼望。新一片天(9)"
	},
	{
		"path": "http://media.feearadio.net/downloads/others/CD/2012/08/10.mp3",
		"title": "10.謝淑鈴姐妹採訪-2",
		"duration": 550,
		"size": "4M",
		"albumName": "【節目精選CD】2012年8月份 - 新的盼望。新一片天",
		"id": 6101000010,
		"albumId": 6101,
		"albumtitle": "【節目精選CD】2012年8月份 - 新的盼望。新一片天(10)"
	},
	{
		"path": "http://media.feearadio.net/downloads/others/CD/2012/08/11.mp3",
		"title": "11.耶穌我投靠祢",
		"duration": 550,
		"size": "4M",
		"albumName": "【節目精選CD】2012年8月份 - 新的盼望。新一片天",
		"id": 6101000011,
		"albumId": 6101,
		"albumtitle": "【節目精選CD】2012年8月份 - 新的盼望。新一片天(11)"
	}
]