[
	{
		"path": "http://media.feearadio.net/downloads/others/CD/2010/03/01.mp3",
		"title": "1.微聲盼望",
		"duration": 550,
		"size": "4M",
		"albumName": "【節目精選CD】2010年3月份 - 生命與生活。同行在愛中",
		"id": 6072000001,
		"albumId": 6072,
		"albumtitle": "【節目精選CD】2010年3月份 - 生命與生活。同行在愛中(1)"
	},
	{
		"path": "http://media.feearadio.net/downloads/others/CD/2010/03/02.mp3",
		"title": "2.生命與生活-1",
		"duration": 550,
		"size": "4M",
		"albumName": "【節目精選CD】2010年3月份 - 生命與生活。同行在愛中",
		"id": 6072000002,
		"albumId": 6072,
		"albumtitle": "【節目精選CD】2010年3月份 - 生命與生活。同行在愛中(2)"
	},
	{
		"path": "http://media.feearadio.net/downloads/others/CD/2010/03/03.mp3",
		"title": "3.尋找",
		"duration": 550,
		"size": "4M",
		"albumName": "【節目精選CD】2010年3月份 - 生命與生活。同行在愛中",
		"id": 6072000003,
		"albumId": 6072,
		"albumtitle": "【節目精選CD】2010年3月份 - 生命與生活。同行在愛中(3)"
	},
	{
		"path": "http://media.feearadio.net/downloads/others/CD/2010/03/04.mp3",
		"title": "4.生命與生活-2",
		"duration": 550,
		"size": "4M",
		"albumName": "【節目精選CD】2010年3月份 - 生命與生活。同行在愛中",
		"id": 6072000004,
		"albumId": 6072,
		"albumtitle": "【節目精選CD】2010年3月份 - 生命與生活。同行在愛中(4)"
	},
	{
		"path": "http://media.feearadio.net/downloads/others/CD/2010/03/05.mp3",
		"title": "5.永恆的答問",
		"duration": 550,
		"size": "4M",
		"albumName": "【節目精選CD】2010年3月份 - 生命與生活。同行在愛中",
		"id": 6072000005,
		"albumId": 6072,
		"albumtitle": "【節目精選CD】2010年3月份 - 生命與生活。同行在愛中(5)"
	},
	{
		"path": "http://media.feearadio.net/downloads/others/CD/2010/03/06.mp3",
		"title": "6.生命與生活-3",
		"duration": 550,
		"size": "4M",
		"albumName": "【節目精選CD】2010年3月份 - 生命與生活。同行在愛中",
		"id": 6072000006,
		"albumId": 6072,
		"albumtitle": "【節目精選CD】2010年3月份 - 生命與生活。同行在愛中(6)"
	},
	{
		"path": "http://media.feearadio.net/downloads/others/CD/2010/03/07.mp3",
		"title": "7.一首心中的歌",
		"duration": 550,
		"size": "4M",
		"albumName": "【節目精選CD】2010年3月份 - 生命與生活。同行在愛中",
		"id": 6072000007,
		"albumId": 6072,
		"albumtitle": "【節目精選CD】2010年3月份 - 生命與生活。同行在愛中(7)"
	},
	{
		"path": "http://media.feearadio.net/downloads/others/CD/2010/03/08.mp3",
		"title": "8.生命與生活-4",
		"duration": 550,
		"size": "4M",
		"albumName": "【節目精選CD】2010年3月份 - 生命與生活。同行在愛中",
		"id": 6072000008,
		"albumId": 6072,
		"albumtitle": "【節目精選CD】2010年3月份 - 生命與生活。同行在愛中(8)"
	},
	{
		"path": "http://media.feearadio.net/downloads/others/CD/2010/03/09.mp3",
		"title": "9.新生命",
		"duration": 550,
		"size": "4M",
		"albumName": "【節目精選CD】2010年3月份 - 生命與生活。同行在愛中",
		"id": 6072000009,
		"albumId": 6072,
		"albumtitle": "【節目精選CD】2010年3月份 - 生命與生活。同行在愛中(9)"
	}
]