[
	{
		"path": "http://media.feearadio.net/downloads/others/CD/2014/03/01.mp3",
		"title": "1.轉變",
		"duration": 550,
		"size": "4M",
		"albumName": "【節目精選CD】2014年3月份 - 蛻變的人生。真有意思",
		"id": 6120000001,
		"albumId": 6120,
		"albumtitle": "【節目精選CD】2014年3月份 - 蛻變的人生。真有意思(1)"
	},
	{
		"path": "http://media.feearadio.net/downloads/others/CD/2014/03/02.mp3",
		"title": "2.蛻變的人生(曹牧師)-1",
		"duration": 550,
		"size": "4M",
		"albumName": "【節目精選CD】2014年3月份 - 蛻變的人生。真有意思",
		"id": 6120000002,
		"albumId": 6120,
		"albumtitle": "【節目精選CD】2014年3月份 - 蛻變的人生。真有意思(2)"
	},
	{
		"path": "http://media.feearadio.net/downloads/others/CD/2014/03/03.mp3",
		"title": "3.耶和華神已掌權",
		"duration": 550,
		"size": "4M",
		"albumName": "【節目精選CD】2014年3月份 - 蛻變的人生。真有意思",
		"id": 6120000003,
		"albumId": 6120,
		"albumtitle": "【節目精選CD】2014年3月份 - 蛻變的人生。真有意思(3)"
	},
	{
		"path": "http://media.feearadio.net/downloads/others/CD/2014/03/04.mp3",
		"title": "4.蛻變的人生(曹牧師)-2",
		"duration": 550,
		"size": "4M",
		"albumName": "【節目精選CD】2014年3月份 - 蛻變的人生。真有意思",
		"id": 6120000004,
		"albumId": 6120,
		"albumtitle": "【節目精選CD】2014年3月份 - 蛻變的人生。真有意思(4)"
	},
	{
		"path": "http://media.feearadio.net/downloads/others/CD/2014/03/05.mp3",
		"title": "5.主耶和華是我的幫助",
		"duration": 550,
		"size": "4M",
		"albumName": "【節目精選CD】2014年3月份 - 蛻變的人生。真有意思",
		"id": 6120000005,
		"albumId": 6120,
		"albumtitle": "【節目精選CD】2014年3月份 - 蛻變的人生。真有意思(5)"
	},
	{
		"path": "http://media.feearadio.net/downloads/others/CD/2014/03/06.mp3",
		"title": "6.蛻變的人生(曹師母)-1",
		"duration": 550,
		"size": "4M",
		"albumName": "【節目精選CD】2014年3月份 - 蛻變的人生。真有意思",
		"id": 6120000006,
		"albumId": 6120,
		"albumtitle": "【節目精選CD】2014年3月份 - 蛻變的人生。真有意思(6)"
	},
	{
		"path": "http://media.feearadio.net/downloads/others/CD/2014/03/07.mp3",
		"title": "7.祂是獨一真神/真光",
		"duration": 550,
		"size": "4M",
		"albumName": "【節目精選CD】2014年3月份 - 蛻變的人生。真有意思",
		"id": 6120000007,
		"albumId": 6120,
		"albumtitle": "【節目精選CD】2014年3月份 - 蛻變的人生。真有意思(7)"
	},
	{
		"path": "http://media.feearadio.net/downloads/others/CD/2014/03/08.mp3",
		"title": "8.蛻變的人生(曹師母)-2",
		"duration": 550,
		"size": "4M",
		"albumName": "【節目精選CD】2014年3月份 - 蛻變的人生。真有意思",
		"id": 6120000008,
		"albumId": 6120,
		"albumtitle": "【節目精選CD】2014年3月份 - 蛻變的人生。真有意思(8)"
	},
	{
		"path": "http://media.feearadio.net/downloads/others/CD/2014/03/09.mp3",
		"title": "9.自由",
		"duration": 550,
		"size": "4M",
		"albumName": "【節目精選CD】2014年3月份 - 蛻變的人生。真有意思",
		"id": 6120000009,
		"albumId": 6120,
		"albumtitle": "【節目精選CD】2014年3月份 - 蛻變的人生。真有意思(9)"
	}
]