[
	{
		"title": "第 1 讲：关于读经研经的几个重要认识",
		"path": "http://audio.lyzhendao.net/biblexpo/be/BE_BibleReading_01.mp3",
		"duration": 1800,
		"size": "5.3M",
		"albumName": "《真道分解》读经十讲",
		"albumId": 489,
		"id": 489888180,
		"albumtitle": "《真道分解》读经十讲(1)"
	},
	{
		"title": "第 2 讲：读五经",
		"path": "http://audio.lyzhendao.net/biblexpo/be/BE_BibleReading_02.mp3",
		"duration": 1800,
		"size": "5.3M",
		"albumName": "《真道分解》读经十讲",
		"albumId": 489,
		"id": 489888181,
		"albumtitle": "《真道分解》读经十讲(2)"
	},
	{
		"title": "第 3 讲：读历史书",
		"path": "http://audio.lyzhendao.net/biblexpo/be/BE_BibleReading_03.mp3",
		"duration": 1800,
		"size": "5.3M",
		"albumName": "《真道分解》读经十讲",
		"albumId": 489,
		"id": 489888182,
		"albumtitle": "《真道分解》读经十讲(3)"
	},
	{
		"title": "第 4 讲：读诗篇",
		"path": "http://audio.lyzhendao.net/biblexpo/be/BE_BibleReading_04.mp3",
		"duration": 1800,
		"size": "5.3M",
		"albumName": "《真道分解》读经十讲",
		"albumId": 489,
		"id": 489888183,
		"albumtitle": "《真道分解》读经十讲(4)"
	},
	{
		"title": "第 5 讲：读诗歌智慧书",
		"path": "http://audio.lyzhendao.net/biblexpo/be/BE_BibleReading_05.mp3",
		"duration": 1800,
		"size": "5.3M",
		"albumName": "《真道分解》读经十讲",
		"albumId": 489,
		"id": 489888184,
		"albumtitle": "《真道分解》读经十讲(5)"
	},
	{
		"title": "第 6 讲：读先知书",
		"path": "http://audio.lyzhendao.net/biblexpo/be/BE_BibleReading_06.mp3",
		"duration": 1800,
		"size": "5.3M",
		"albumName": "《真道分解》读经十讲",
		"albumId": 489,
		"id": 489888185,
		"albumtitle": "《真道分解》读经十讲(6)"
	},
	{
		"title": "第 7 讲：读四福音书",
		"path": "http://audio.lyzhendao.net/biblexpo/be/BE_BibleReading_07.mp3",
		"duration": 1800,
		"size": "5.3M",
		"albumName": "《真道分解》读经十讲",
		"albumId": 489,
		"id": 489888186,
		"albumtitle": "《真道分解》读经十讲(7)"
	},
	{
		"title": "第 8 讲：读使徒行传",
		"path": "http://audio.lyzhendao.net/biblexpo/be/BE_BibleReading_08.mp3",
		"duration": 1800,
		"size": "5.3M",
		"albumName": "《真道分解》读经十讲",
		"albumId": 489,
		"id": 489888187,
		"albumtitle": "《真道分解》读经十讲(8)"
	},
	{
		"title": "第 9 讲：读书信",
		"path": "http://audio.lyzhendao.net/biblexpo/be/BE_BibleReading_09.mp3",
		"duration": 1800,
		"size": "5.3M",
		"albumName": "《真道分解》读经十讲",
		"albumId": 489,
		"id": 489888188,
		"albumtitle": "《真道分解》读经十讲(9)"
	},
	{
		"title": "第10讲：读启示录",
		"path": "http://audio.lyzhendao.net/biblexpo/be/BE_BibleReading_10.mp3",
		"duration": 1800,
		"size": "5.3M",
		"albumName": "《真道分解》读经十讲",
		"albumId": 489,
		"id": 489888189,
		"albumtitle": "《真道分解》读经十讲(10)"
	}
]