[
	{
		"title": "第 1 讲：导论",
		"path": "http://audio.lyzhendao.net/biblexpo/be/BE-2Corinthians01.mp3",
		"duration": 1700,
		"size": "5M",
		"albumName": "《真道分解》哥林多后书",
		"albumId": 446,
		"id": 446888180,
		"albumtitle": "《真道分解》哥林多后书(1)",
		"artistId": 0,
		"artistName": ""
	},
	{
		"title": "第 2 讲：苦难的益处（林后1:1-11）",
		"path": "http://audio.lyzhendao.net/biblexpo/be/BE-2Corinthians02.mp3",
		"duration": 1700,
		"size": "5M",
		"albumName": "《真道分解》哥林多后书",
		"albumId": 446,
		"id": 446888181,
		"albumtitle": "《真道分解》哥林多后书(2)",
		"artistId": 0,
		"artistName": ""
	},
	{
		"title": "第 3 讲：保罗改变计划的辩白（林后1:12-22）",
		"path": "http://audio.lyzhendao.net/biblexpo/be/BE-2Corinthians03.mp3",
		"duration": 1700,
		"size": "5M",
		"albumName": "《真道分解》哥林多后书",
		"albumId": 446,
		"id": 446888182,
		"albumtitle": "《真道分解》哥林多后书(3)",
		"artistId": 0,
		"artistName": ""
	},
	{
		"title": "第 4 讲：教会纪律与主内宽恕（林后1:23-2:11）",
		"path": "http://audio.lyzhendao.net/biblexpo/be/BE-2Corinthians04.mp3",
		"duration": 1700,
		"size": "5M",
		"albumName": "《真道分解》哥林多后书",
		"albumId": 446,
		"id": 446888183,
		"albumtitle": "《真道分解》哥林多后书(4)",
		"artistId": 0,
		"artistName": ""
	},
	{
		"title": "第 5 讲：基督的香气（林后2:12-3:6）",
		"path": "http://audio.lyzhendao.net/biblexpo/be/BE-2Corinthians05.mp3",
		"duration": 1700,
		"size": "5M",
		"albumName": "《真道分解》哥林多后书",
		"albumId": 446,
		"id": 446888184,
		"albumtitle": "《真道分解》哥林多后书(5)",
		"artistId": 0,
		"artistName": ""
	},
	{
		"title": "第 6 讲：圣灵加给福音执事的荣光（林后3:7-18）",
		"path": "http://audio.lyzhendao.net/biblexpo/be/BE-2Corinthians06.mp3",
		"duration": 1700,
		"size": "5M",
		"albumName": "《真道分解》哥林多后书",
		"albumId": 446,
		"id": 446888185,
		"albumtitle": "《真道分解》哥林多后书(6)",
		"artistId": 0,
		"artistName": ""
	},
	{
		"title": "第 7 讲：从神而来的大能力（林后4:1-15）",
		"path": "http://audio.lyzhendao.net/biblexpo/be/BE-2Corinthians07.mp3",
		"duration": 1700,
		"size": "5M",
		"albumName": "《真道分解》哥林多后书",
		"albumId": 446,
		"id": 446888186,
		"albumtitle": "《真道分解》哥林多后书(7)",
		"artistId": 0,
		"artistName": ""
	},
	{
		"title": "第 8 讲：永恒的视野（林后4:16-5:10）",
		"path": "http://audio.lyzhendao.net/biblexpo/be/BE-2Corinthians08.mp3",
		"duration": 1700,
		"size": "5M",
		"albumName": "《真道分解》哥林多后书",
		"albumId": 446,
		"id": 446888187,
		"albumtitle": "《真道分解》哥林多后书(8)",
		"artistId": 0,
		"artistName": ""
	},
	{
		"title": "第 9 讲：和好的信息（林后5:11-6:2）",
		"path": "http://audio.lyzhendao.net/biblexpo/be/BE-2Corinthians09.mp3",
		"duration": 1700,
		"size": "5M",
		"albumName": "《真道分解》哥林多后书",
		"albumId": 446,
		"id": 446888188,
		"albumtitle": "《真道分解》哥林多后书(9)",
		"artistId": 0,
		"artistName": ""
	},
	{
		"title": "第10讲：神仆人的标记（林后6:3-13）",
		"path": "http://audio.lyzhendao.net/biblexpo/be/BE-2Corinthians10.mp3",
		"duration": 1700,
		"size": "5M",
		"albumName": "《真道分解》哥林多后书",
		"albumId": 446,
		"id": 446888189,
		"albumtitle": "《真道分解》哥林多后书(10)",
		"artistId": 0,
		"artistName": ""
	},
	{
		"title": "第11讲：劝勉与剖白（林后6:14-7:4）",
		"path": "http://audio.lyzhendao.net/biblexpo/be/BE-2Corinthians11.mp3",
		"duration": 1700,
		"size": "5M",
		"albumName": "《真道分解》哥林多后书",
		"albumId": 446,
		"id": 446888190,
		"albumtitle": "《真道分解》哥林多后书(11)",
		"artistId": 0,
		"artistName": ""
	},
	{
		"title": "第12讲：争战中的安慰（林后7:5-16）",
		"path": "http://audio.lyzhendao.net/biblexpo/be/BE-2Corinthians12.mp3",
		"duration": 1700,
		"size": "5M",
		"albumName": "《真道分解》哥林多后书",
		"albumId": 446,
		"id": 446888191,
		"albumtitle": "《真道分解》哥林多后书(12)",
		"artistId": 0,
		"artistName": ""
	},
	{
		"title": "第13讲：爱心的捐献（林后8-9章）",
		"path": "http://audio.lyzhendao.net/biblexpo/be/BE-2Corinthians13.mp3",
		"duration": 1700,
		"size": "5M",
		"albumName": "《真道分解》哥林多后书",
		"albumId": 446,
		"id": 446888192,
		"albumtitle": "《真道分解》哥林多后书(13)",
		"artistId": 0,
		"artistName": ""
	},
	{
		"title": "第14讲：使徒的职权与见证（上）（林后10:1-11:15）",
		"path": "http://audio.lyzhendao.net/biblexpo/be/BE-2Corinthians14.mp3",
		"duration": 1700,
		"size": "5M",
		"albumName": "《真道分解》哥林多后书",
		"albumId": 446,
		"id": 446888193,
		"albumtitle": "《真道分解》哥林多后书(14)",
		"artistId": 0,
		"artistName": ""
	},
	{
		"title": "第15讲：使徒的职权与见证（下）及结语（林后11-13章）（完）",
		"path": "http://audio.lyzhendao.net/biblexpo/be/BE-2Corinthians15.mp3",
		"duration": 1700,
		"size": "5M",
		"albumName": "《真道分解》哥林多后书",
		"albumId": 446,
		"id": 446888194,
		"albumtitle": "《真道分解》哥林多后书(15)",
		"artistId": 0,
		"artistName": ""
	}
]