[
	{
		"title": "第 1 讲：你吃的日子必定死（创2:17）",
		"path": "http://audio.lyzhendao.net/biblexpo/be/BE-OTQ01.mp3",
		"duration": 600,
		"size": "2M",
		"albumName": "《真道分解》旧约疑难解答",
		"albumId": 465,
		"id": 465888180,
		"albumtitle": "《真道分解》旧约疑难解答(1)"
	},
	{
		"title": "第 2 讲：为何神不悦纳该隐的供物（创4:3-5）",
		"path": "http://audio.lyzhendao.net/biblexpo/be/BE-OTQ02.mp3",
		"duration": 600,
		"size": "2M",
		"albumName": "《真道分解》旧约疑难解答",
		"albumId": 465,
		"id": 465888181,
		"albumtitle": "《真道分解》旧约疑难解答(2)"
	},
	{
		"title": "第 3 讲：神的儿子（创6:2）",
		"path": "http://audio.lyzhendao.net/biblexpo/be/BE-OTQ03.mp3",
		"duration": 600,
		"size": "2M",
		"albumName": "《真道分解》旧约疑难解答",
		"albumId": 465,
		"id": 465888182,
		"albumtitle": "《真道分解》旧约疑难解答(3)"
	},
	{
		"title": "第 4 讲：亚伯拉罕献上以撒（创22:2）",
		"path": "http://audio.lyzhendao.net/biblexpo/be/BE-OTQ04.mp3",
		"duration": 600,
		"size": "2M",
		"albumName": "《真道分解》旧约疑难解答",
		"albumId": 465,
		"id": 465888183,
		"albumtitle": "《真道分解》旧约疑难解答(4)"
	},
	{
		"title": "第 5 讲：神使法老的心刚硬（出9:12）",
		"path": "http://audio.lyzhendao.net/biblexpo/be/BE-OTQ05.mp3",
		"duration": 600,
		"size": "2M",
		"albumName": "《真道分解》旧约疑难解答",
		"albumId": 465,
		"id": 465888184,
		"albumtitle": "《真道分解》旧约疑难解答(5)"
	},
	{
		"title": "第 6 讲：以牙还牙（出21:23-25）",
		"path": "http://audio.lyzhendao.net/biblexpo/be/BE-OTQ06.mp3",
		"duration": 600,
		"size": "2M",
		"albumName": "《真道分解》旧约疑难解答",
		"albumId": 465,
		"id": 465888185,
		"albumtitle": "《真道分解》旧约疑难解答(6)"
	},
	{
		"title": "第 7 讲：神因巴兰去就发怒（民22:20）",
		"path": "http://audio.lyzhendao.net/biblexpo/be/BE-OTQ07.mp3",
		"duration": 600,
		"size": "2M",
		"albumName": "《真道分解》旧约疑难解答",
		"albumId": 465,
		"id": 465888186,
		"albumtitle": "《真道分解》旧约疑难解答(7)"
	},
	{
		"title": "第 8 讲：关于离婚（申24:1-4）",
		"path": "http://audio.lyzhendao.net/biblexpo/be/BE-OTQ08.mp3",
		"duration": 600,
		"size": "2M",
		"albumName": "《真道分解》旧约疑难解答",
		"albumId": 465,
		"id": 465888187,
		"albumtitle": "《真道分解》旧约疑难解答(8)"
	},
	{
		"title": "第 9 讲：耶弗他许的愿（士11:30-39）",
		"path": "http://audio.lyzhendao.net/biblexpo/be/BE-OTQ09.mp3",
		"duration": 600,
		"size": "2M",
		"albumName": "《真道分解》旧约疑难解答",
		"albumId": 465,
		"id": 465888188,
		"albumtitle": "《真道分解》旧约疑难解答(9)"
	},
	{
		"title": "第10讲：杀尽亚玛力人（撒上15:18）",
		"path": "http://audio.lyzhendao.net/biblexpo/be/BE-OTQ10.mp3",
		"duration": 600,
		"size": "2M",
		"albumName": "《真道分解》旧约疑难解答",
		"albumId": 465,
		"id": 465888189,
		"albumtitle": "《真道分解》旧约疑难解答(10)"
	},
	{
		"title": "第11讲：扫罗找女巫招撒母耳的魂（撒上28:8-16）",
		"path": "http://audio.lyzhendao.net/biblexpo/be/BE-OTQ11.mp3",
		"duration": 600,
		"size": "2M",
		"albumName": "《真道分解》旧约疑难解答",
		"albumId": 465,
		"id": 465888190,
		"albumtitle": "《真道分解》旧约疑难解答(11)"
	},
	{
		"title": "第12讲：扶约柜被击杀（撒下6:6-7）",
		"path": "http://audio.lyzhendao.net/biblexpo/be/BE-OTQ12.mp3",
		"duration": 600,
		"size": "2M",
		"albumName": "《真道分解》旧约疑难解答",
		"albumId": 465,
		"id": 465888191,
		"albumtitle": "《真道分解》旧约疑难解答(12)"
	},
	{
		"title": "第13讲：大卫如何合神心意（王上11:4）",
		"path": "http://audio.lyzhendao.net/biblexpo/be/BE-OTQ13.mp3",
		"duration": 600,
		"size": "2M",
		"albumName": "《真道分解》旧约疑难解答",
		"albumId": 465,
		"id": 465888192,
		"albumtitle": "《真道分解》旧约疑难解答(13)"
	},
	{
		"title": "第14讲：神差说谎的灵（王上22:20-22）",
		"path": "http://audio.lyzhendao.net/biblexpo/be/BE-OTQ14.mp3",
		"duration": 600,
		"size": "2M",
		"albumName": "《真道分解》旧约疑难解答",
		"albumId": 465,
		"id": 465888193,
		"albumtitle": "《真道分解》旧约疑难解答(14)"
	},
	{
		"title": "第15讲：以利沙与童子（王下2:23-24）",
		"path": "http://audio.lyzhendao.net/biblexpo/be/BE-OTQ15.mp3",
		"duration": 600,
		"size": "2M",
		"albumName": "《真道分解》旧约疑难解答",
		"albumId": 465,
		"id": 465888194,
		"albumtitle": "《真道分解》旧约疑难解答(15)"
	},
	{
		"title": "第16讲：数点人数是罪（代上21:1）",
		"path": "http://audio.lyzhendao.net/biblexpo/be/BE-OTQ16.mp3",
		"duration": 600,
		"size": "2M",
		"albumName": "《真道分解》旧约疑难解答",
		"albumId": 465,
		"id": 465888195,
		"albumtitle": "《真道分解》旧约疑难解答(16)"
	},
	{
		"title": "第17讲：列王纪下的记载（比较列王纪与历代志的记述）",
		"path": "http://audio.lyzhendao.net/biblexpo/be/BE-OTQ17.mp3",
		"duration": 600,
		"size": "2M",
		"albumName": "《真道分解》旧约疑难解答",
		"albumId": 465,
		"id": 465888196,
		"albumtitle": "《真道分解》旧约疑难解答(17)"
	},
	{
		"title": "第18讲：撒但站在神面前（伯2:1-2）",
		"path": "http://audio.lyzhendao.net/biblexpo/be/BE-OTQ18.mp3",
		"duration": 600,
		"size": "2M",
		"albumName": "《真道分解》旧约疑难解答",
		"albumId": 465,
		"id": 465888197,
		"albumtitle": "《真道分解》旧约疑难解答(18)"
	},
	{
		"title": "第19讲：神睡着了（诗44:23-26）",
		"path": "http://audio.lyzhendao.net/biblexpo/be/BE-OTQ19.mp3",
		"duration": 600,
		"size": "2M",
		"albumName": "《真道分解》旧约疑难解答",
		"albumId": 465,
		"id": 465888198,
		"albumtitle": "《真道分解》旧约疑难解答(19)"
	},
	{
		"title": "第20讲：摔死婴儿（诗137:8-9）",
		"path": "http://audio.lyzhendao.net/biblexpo/be/BE-OTQ20.mp3",
		"duration": 600,
		"size": "2M",
		"albumName": "《真道分解》旧约疑难解答",
		"albumId": 465,
		"id": 465888199,
		"albumtitle": "《真道分解》旧约疑难解答(20)"
	},
	{
		"title": "第21讲：教养孩童（箴22:6）",
		"path": "http://audio.lyzhendao.net/biblexpo/be/BE-OTQ21.mp3",
		"duration": 600,
		"size": "2M",
		"albumName": "《真道分解》旧约疑难解答",
		"albumId": 465,
		"id": 465888200,
		"albumtitle": "《真道分解》旧约疑难解答(21)"
	},
	{
		"title": "第22讲：没异象会灭亡（箴29:18）",
		"path": "http://audio.lyzhendao.net/biblexpo/be/BE-OTQ22.mp3",
		"duration": 600,
		"size": "2M",
		"albumName": "《真道分解》旧约疑难解答",
		"albumId": 465,
		"id": 465888201,
		"albumtitle": "《真道分解》旧约疑难解答(22)"
	},
	{
		"title": "第23讲：不要过分（传7:16-18）",
		"path": "http://audio.lyzhendao.net/biblexpo/be/BE-OTQ23.mp3",
		"duration": 600,
		"size": "2M",
		"albumName": "《真道分解》旧约疑难解答",
		"albumId": 465,
		"id": 465888202,
		"albumtitle": "《真道分解》旧约疑难解答(23)"
	},
	{
		"title": "第24讲：雅歌地位（雅歌特色）",
		"path": "http://audio.lyzhendao.net/biblexpo/be/BE-OTQ24.mp3",
		"duration": 600,
		"size": "2M",
		"albumName": "《真道分解》旧约疑难解答",
		"albumId": 465,
		"id": 465888203,
		"albumtitle": "《真道分解》旧约疑难解答(24)"
	},
	{
		"title": "第25讲：为何说基督是永在的父（赛9:6）",
		"path": "http://audio.lyzhendao.net/biblexpo/be/BE-OTQ25.mp3",
		"duration": 600,
		"size": "2M",
		"albumName": "《真道分解》旧约疑难解答",
		"albumId": 465,
		"id": 465888204,
		"albumtitle": "《真道分解》旧约疑难解答(25)"
	},
	{
		"title": "第26讲：耶利米书中的新约（耶31:3）",
		"path": "http://audio.lyzhendao.net/biblexpo/be/BE-OTQ26.mp3",
		"duration": 600,
		"size": "2M",
		"albumName": "《真道分解》旧约疑难解答",
		"albumId": 465,
		"id": 465888205,
		"albumtitle": "《真道分解》旧约疑难解答(26)"
	},
	{
		"title": "第27讲：以西结书中的推罗王（结28章）",
		"path": "http://audio.lyzhendao.net/biblexpo/be/BE-OTQ27.mp3",
		"duration": 600,
		"size": "2M",
		"albumName": "《真道分解》旧约疑难解答",
		"albumId": 465,
		"id": 465888206,
		"albumtitle": "《真道分解》旧约疑难解答(27)"
	},
	{
		"title": "第28讲：为何神命何西阿娶娼妓（何西阿书）",
		"path": "http://audio.lyzhendao.net/biblexpo/be/BE-OTQ28.mp3",
		"duration": 600,
		"size": "2M",
		"albumName": "《真道分解》旧约疑难解答",
		"albumId": 465,
		"id": 465888207,
		"albumtitle": "《真道分解》旧约疑难解答(28)"
	},
	{
		"title": "第29讲：神爱雅各恨以扫（玛1:2-3）（完）",
		"path": "http://audio.lyzhendao.net/biblexpo/be/BE-OTQ29.mp3",
		"duration": 600,
		"size": "2M",
		"albumName": "《真道分解》旧约疑难解答",
		"albumId": 465,
		"id": 465888208,
		"albumtitle": "《真道分解》旧约疑难解答(29)"
	}
]