[
	{
		"title": "第1讲：神子民对身份的认识（弗1:1-14）",
		"path": "http://audio.lyzhendao.net/biblexpo/be/BE-2011s-ehp-01.mp3",
		"duration": 1500,
		"size": "4.5M",
		"albumName": "《真道分解》2011年复活节特辑：在基督里作神的子民",
		"albumId": 498,
		"id": 498888180,
		"albumtitle": "《真道分解》2011年复活节特辑：在基督里作神的子民(1)"
	},
	{
		"title": "第2讲：神子民对神的认识（弗1:15-23）",
		"path": "http://audio.lyzhendao.net/biblexpo/be/BE-2011s-ehp-02.mp3",
		"duration": 1500,
		"size": "4.5M",
		"albumName": "《真道分解》2011年复活节特辑：在基督里作神的子民",
		"albumId": 498,
		"id": 498888181,
		"albumtitle": "《真道分解》2011年复活节特辑：在基督里作神的子民(2)"
	},
	{
		"title": "第3讲：神子民对神恩典的认识（弗2:1-22）",
		"path": "http://audio.lyzhendao.net/biblexpo/be/BE-2011s-ehp-03.mp3",
		"duration": 1500,
		"size": "4.5M",
		"albumName": "《真道分解》2011年复活节特辑：在基督里作神的子民",
		"albumId": 498,
		"id": 498888182,
		"albumtitle": "《真道分解》2011年复活节特辑：在基督里作神的子民(3)"
	},
	{
		"title": "第4讲：神子民对福音奥秘的认识 （弗3:1-21）",
		"path": "http://audio.lyzhendao.net/biblexpo/be/BE-2011s-ehp-04.mp3",
		"duration": 1500,
		"size": "4.5M",
		"albumName": "《真道分解》2011年复活节特辑：在基督里作神的子民",
		"albumId": 498,
		"id": 498888183,
		"albumtitle": "《真道分解》2011年复活节特辑：在基督里作神的子民(4)"
	},
	{
		"title": "第5讲：神子民的合一（弗4:1-16）",
		"path": "http://audio.lyzhendao.net/biblexpo/be/BE-2011s-ehp-05.mp3",
		"duration": 1500,
		"size": "4.5M",
		"albumName": "《真道分解》2011年复活节特辑：在基督里作神的子民",
		"albumId": 498,
		"id": 498888184,
		"albumtitle": "《真道分解》2011年复活节特辑：在基督里作神的子民(5)"
	},
	{
		"title": "第6讲：神子民的行事为人（弗4:17-5:21）",
		"path": "http://audio.lyzhendao.net/biblexpo/be/BE-2011s-ehp-06.mp3",
		"duration": 1500,
		"size": "4.5M",
		"albumName": "《真道分解》2011年复活节特辑：在基督里作神的子民",
		"albumId": 498,
		"id": 498888185,
		"albumtitle": "《真道分解》2011年复活节特辑：在基督里作神的子民(6)"
	},
	{
		"title": "第7讲：神子民的人际关系（弗5:22-6:9）",
		"path": "http://audio.lyzhendao.net/biblexpo/be/BE-2011s-ehp-07.mp3",
		"duration": 1500,
		"size": "4.5M",
		"albumName": "《真道分解》2011年复活节特辑：在基督里作神的子民",
		"albumId": 498,
		"id": 498888186,
		"albumtitle": "《真道分解》2011年复活节特辑：在基督里作神的子民(7)"
	},
	{
		"title": "第8讲：神子民的属灵争战（弗6:10-24）",
		"path": "http://audio.lyzhendao.net/biblexpo/be/BE-2011s-ehp-08.mp3",
		"duration": 1500,
		"size": "4.5M",
		"albumName": "《真道分解》2011年复活节特辑：在基督里作神的子民",
		"albumId": 498,
		"id": 498888187,
		"albumtitle": "《真道分解》2011年复活节特辑：在基督里作神的子民(8)"
	}
]