[
	{
		"title": "第 1 讲：耶稣的家谱",
		"path": "http://audio.lyzhendao.net/biblexpo/be/BE-Matthew_highlight01.mp3",
		"duration": 1600,
		"size": "4.7M",
		"albumName": "《真道分解》马太福音精华点滴",
		"albumId": 481,
		"id": 481888180,
		"albumtitle": "《真道分解》马太福音精华点滴(1)"
	},
	{
		"title": "第 2 讲：耶稣的诞生",
		"path": "http://audio.lyzhendao.net/biblexpo/be/BE-Matthew_highlight01.mp3",
		"duration": 1600,
		"size": "4.7M",
		"albumName": "《真道分解》马太福音精华点滴",
		"albumId": 481,
		"id": 481888181,
		"albumtitle": "《真道分解》马太福音精华点滴(2)"
	},
	{
		"title": "第 3 讲：耶稣“独特”的受洗",
		"path": "http://audio.lyzhendao.net/biblexpo/be/BE-Matthew_highlight02.mp3",
		"duration": 1600,
		"size": "4.7M",
		"albumName": "《真道分解》马太福音精华点滴",
		"albumId": 481,
		"id": 481888182,
		"albumtitle": "《真道分解》马太福音精华点滴(3)"
	},
	{
		"title": "第 4 讲：试探、试验、试炼",
		"path": "http://audio.lyzhendao.net/biblexpo/be/BE-Matthew_highlight03.mp3",
		"duration": 1600,
		"size": "4.7M",
		"albumName": "《真道分解》马太福音精华点滴",
		"albumId": 481,
		"id": 481888183,
		"albumtitle": "《真道分解》马太福音精华点滴(4)"
	},
	{
		"title": "第 5 讲：虚心的人有福了",
		"path": "http://audio.lyzhendao.net/biblexpo/be/BE-Matthew_highlight04.mp3",
		"duration": 1600,
		"size": "4.7M",
		"albumName": "《真道分解》马太福音精华点滴",
		"albumId": 481,
		"id": 481888184,
		"albumtitle": "《真道分解》马太福音精华点滴(5)"
	},
	{
		"title": "第 6 讲：祷告与主祷文",
		"path": "http://audio.lyzhendao.net/biblexpo/be/BE-Matthew_highlight05.mp3",
		"duration": 1600,
		"size": "4.7M",
		"albumName": "《真道分解》马太福音精华点滴",
		"albumId": 481,
		"id": 481888185,
		"albumtitle": "《真道分解》马太福音精华点滴(6)"
	}
]