[
  {
    "title": "系列一：第 1 讲：导论",
    "duration": 1700,
    "size": "5M",
    "albumName": "《真道分解》约壹贰叁",
    "albumId": 460,
    "id": 460888180,
    "albumtitle": "《真道分解》约壹贰叁(1)",
    "artistId": 0,
    "artistName": "",
    "path": "http://audio.lyzhendao.net/biblexpo/be/BE-JohnLetters01.mp3"
  },
  {
    "title": "系列一：第 2 讲：约壹1:1-2:6",
    "duration": 1700,
    "size": "5M",
    "albumName": "《真道分解》约壹贰叁",
    "albumId": 460,
    "id": 460888181,
    "albumtitle": "《真道分解》约壹贰叁(2)",
    "artistId": 0,
    "artistName": "",
    "path": "http://audio.lyzhendao.net/biblexpo/be/BE-JohnLetters02.mp3"
  },
  {
    "title": "系列一：第 3 讲：约壹2:7-29",
    "duration": 1700,
    "size": "5M",
    "albumName": "《真道分解》约壹贰叁",
    "albumId": 460,
    "id": 460888182,
    "albumtitle": "《真道分解》约壹贰叁(3)",
    "artistId": 0,
    "artistName": "",
    "path": "http://audio.lyzhendao.net/biblexpo/be/BE-JohnLetters03.mp3"
  },
  {
    "title": "系列一：第 4 讲：约壹3:1-24",
    "duration": 1700,
    "size": "5M",
    "albumName": "《真道分解》约壹贰叁",
    "albumId": 460,
    "id": 460888183,
    "albumtitle": "《真道分解》约壹贰叁(4)",
    "artistId": 0,
    "artistName": "",
    "path": "http://audio.lyzhendao.net/biblexpo/be/BE-JohnLetters04.mp3"
  },
  {
    "title": "系列一：第 5 讲：约壹4章",
    "duration": 1700,
    "size": "5M",
    "albumName": "《真道分解》约壹贰叁",
    "albumId": 460,
    "id": 460888184,
    "albumtitle": "《真道分解》约壹贰叁(5)",
    "artistId": 0,
    "artistName": "",
    "path": "http://audio.lyzhendao.net/biblexpo/be/BE-JohnLetters05.mp3"
  },
  {
    "title": "系列一：第 6 讲：约壹5章",
    "duration": 1700,
    "size": "5M",
    "albumName": "《真道分解》约壹贰叁",
    "albumId": 460,
    "id": 460888185,
    "albumtitle": "《真道分解》约壹贰叁(6)",
    "artistId": 0,
    "artistName": "",
    "path": "http://audio.lyzhendao.net/biblexpo/be/BE-JohnLetters06.mp3"
  },
  {
    "title": "系列一：第 7 讲：约二、三书概览",
    "duration": 1700,
    "size": "5M",
    "albumName": "《真道分解》约壹贰叁",
    "albumId": 460,
    "id": 460888186,
    "albumtitle": "《真道分解》约壹贰叁(7)",
    "artistId": 0,
    "artistName": "",
    "path": "http://audio.lyzhendao.net/biblexpo/be/BE-JohnLetters07.mp3"
  },
  {
    "title": "系列一：第 8 讲：神人相交（约壹1:1-4）",
    "duration": 1700,
    "size": "5M",
    "albumName": "《真道分解》约壹贰叁",
    "albumId": 460,
    "id": 460888187,
    "albumtitle": "《真道分解》约壹贰叁(8)",
    "artistId": 0,
    "artistName": "",
    "path": "http://audio.lyzhendao.net/biblexpo/be/BE-JohnLetters08.mp3"
  },
  {
    "title": "系列一：第 9 讲：住在神的光中（约壹1:5-2:2）",
    "duration": 1700,
    "size": "5M",
    "albumName": "《真道分解》约壹贰叁",
    "albumId": 460,
    "id": 460888188,
    "albumtitle": "《真道分解》约壹贰叁(9)",
    "artistId": 0,
    "artistName": "",
    "path": "http://audio.lyzhendao.net/biblexpo/be/BE-JohnLetters09.mp3"
  },
  {
    "title": "系列一：第10讲：神儿女的属性（约壹2:3-14）",
    "duration": 1700,
    "size": "5M",
    "albumName": "《真道分解》约壹贰叁",
    "albumId": 460,
    "id": 460888189,
    "albumtitle": "《真道分解》约壹贰叁(10)",
    "artistId": 0,
    "artistName": "",
    "path": "http://audio.lyzhendao.net/biblexpo/be/BE-JohnLetters10.mp3"
  },
  {
    "title": "系列一：第11讲：不要爱世界（约壹2:15-17）",
    "duration": 1700,
    "size": "5M",
    "albumName": "《真道分解》约壹贰叁",
    "albumId": 460,
    "id": 460888190,
    "albumtitle": "《真道分解》约壹贰叁(11)",
    "artistId": 0,
    "artistName": "",
    "path": "http://audio.lyzhendao.net/biblexpo/be/BE-JohnLetters11.mp3"
  },
  {
    "title": "系列一：第12讲：坚守起初的教训（约壹2:18-27）",
    "duration": 1700,
    "size": "5M",
    "albumName": "《真道分解》约壹贰叁",
    "albumId": 460,
    "id": 460888191,
    "albumtitle": "《真道分解》约壹贰叁(12)",
    "artistId": 0,
    "artistName": "",
    "path": "http://audio.lyzhendao.net/biblexpo/be/BE-JohnLetters12.mp3"
  },
  {
    "title": "系列一：第13讲：公义的生活（约壹2:28-3:10）",
    "duration": 1700,
    "size": "5M",
    "albumName": "《真道分解》约壹贰叁",
    "albumId": 460,
    "id": 460888192,
    "albumtitle": "《真道分解》约壹贰叁(13)",
    "artistId": 0,
    "artistName": "",
    "path": "http://audio.lyzhendao.net/biblexpo/be/BE-JohnLetters13.mp3"
  },
  {
    "title": "系列一：第14讲：爱心的测验（约壹3:11-24）",
    "duration": 1700,
    "size": "5M",
    "albumName": "《真道分解》约壹贰叁",
    "albumId": 460,
    "id": 460888193,
    "albumtitle": "《真道分解》约壹贰叁(14)",
    "artistId": 0,
    "artistName": "",
    "path": "http://audio.lyzhendao.net/biblexpo/be/BE-JohnLetters14.mp3"
  },
  {
    "title": "系列一：第15讲：试炼诸灵（约壹4:1-6）",
    "duration": 1700,
    "size": "5M",
    "albumName": "《真道分解》约壹贰叁",
    "albumId": 460,
    "id": 460888194,
    "albumtitle": "《真道分解》约壹贰叁(15)",
    "artistId": 0,
    "artistName": "",
    "path": "http://audio.lyzhendao.net/biblexpo/be/BE-JohnLetters15.mp3"
  },
  {
    "title": "系列一：第16讲：彼此相爱（约壹4:7-21）",
    "duration": 1700,
    "size": "5M",
    "albumName": "《真道分解》约壹贰叁",
    "albumId": 460,
    "id": 460888195,
    "albumtitle": "《真道分解》约壹贰叁(16)",
    "artistId": 0,
    "artistName": "",
    "path": "http://audio.lyzhendao.net/biblexpo/be/BE-JohnLetters16.mp3"
  },
  {
    "title": "系列一：第17讲：完全的爱与得胜的信心（约壹5:1-9）",
    "duration": 1700,
    "size": "5M",
    "albumName": "《真道分解》约壹贰叁",
    "albumId": 460,
    "id": 460888196,
    "albumtitle": "《真道分解》约壹贰叁(17)",
    "artistId": 0,
    "artistName": "",
    "path": "http://audio.lyzhendao.net/biblexpo/be/BE-JohnLetters17.mp3"
  },
  {
    "title": "系列一：第18讲：得救的确据（约壹5:10-21）",
    "duration": 1700,
    "size": "5M",
    "albumName": "《真道分解》约壹贰叁",
    "albumId": 460,
    "id": 460888197,
    "albumtitle": "《真道分解》约壹贰叁(18)",
    "artistId": 0,
    "artistName": "",
    "path": "http://audio.lyzhendao.net/biblexpo/be/BE-JohnLetters18.mp3"
  },
  {
    "title": "系列一：第19讲：离弃敌基督的宣传（约贰）",
    "duration": 1700,
    "size": "5M",
    "albumName": "《真道分解》约壹贰叁",
    "albumId": 460,
    "id": 460888198,
    "albumtitle": "《真道分解》约壹贰叁(19)",
    "artistId": 0,
    "artistName": "",
    "path": "http://audio.lyzhendao.net/biblexpo/be/BE-JohnLetters19.mp3"
  },
  {
    "title": "系列一：第20讲：怎样操练接待的恩赐（约叁）",
    "duration": 1700,
    "size": "5M",
    "albumName": "《真道分解》约壹贰叁",
    "albumId": 460,
    "id": 460888199,
    "albumtitle": "《真道分解》约壹贰叁(20)",
    "artistId": 0,
    "artistName": "",
    "path": "http://audio.lyzhendao.net/biblexpo/be/BE-JohnLetters20.mp3"
  },
  {
    "title": "系列一：第21讲：总结（完）",
    "duration": 1700,
    "size": "5M",
    "albumName": "《真道分解》约壹贰叁",
    "albumId": 460,
    "id": 460888200,
    "albumtitle": "《真道分解》约壹贰叁(21)",
    "artistId": 0,
    "artistName": "",
    "path": "http://audio.lyzhendao.net/biblexpo/be/BE-JohnLetters21.mp3"
  },
  {
    "title": "系列二：第 1 讲：概论（上）",
    "duration": 1700,
    "size": "5M",
    "albumName": "《真道分解》约壹贰叁",
    "albumId": 460,
    "id": 460888201,
    "albumtitle": "《真道分解》约壹贰叁(22)",
    "artistId": 0,
    "artistName": "",
    "path": "http://audio.lyzhendao.net/biblexpo/be/BE-JohnLetters(2)-01.mp3"
  },
  {
    "title": "系列二：第 2 讲：概论（下）",
    "duration": 1700,
    "size": "5M",
    "albumName": "《真道分解》约壹贰叁",
    "albumId": 460,
    "id": 460888202,
    "albumtitle": "《真道分解》约壹贰叁(23)",
    "artistId": 0,
    "artistName": "",
    "path": "http://audio.lyzhendao.net/biblexpo/be/BE-JohnLetters(2)-02.mp3"
  },
  {
    "title": "系列二：第 3 讲：序言（约壹1:1-4）",
    "duration": 1700,
    "size": "5M",
    "albumName": "《真道分解》约壹贰叁",
    "albumId": 460,
    "id": 460888203,
    "albumtitle": "《真道分解》约壹贰叁(24)",
    "artistId": 0,
    "artistName": "",
    "path": "http://audio.lyzhendao.net/biblexpo/be/BE-JohnLetters(2)-03.mp3"
  },
  {
    "title": "系列二：第 4 讲：神就是光在他毫无黑暗（约壹1:5-2:2）",
    "duration": 1700,
    "size": "5M",
    "albumName": "《真道分解》约壹贰叁",
    "albumId": 460,
    "id": 460888204,
    "albumtitle": "《真道分解》约壹贰叁(25)",
    "artistId": 0,
    "artistName": "",
    "path": "http://audio.lyzhendao.net/biblexpo/be/BE-JohnLetters(2)-04.mp3"
  },
  {
    "title": "系列二：第 5 讲：顺服基督（约壹2:3-6）",
    "duration": 1700,
    "size": "5M",
    "albumName": "《真道分解》约壹贰叁",
    "albumId": 460,
    "id": 460888205,
    "albumtitle": "《真道分解》约壹贰叁(26)",
    "artistId": 0,
    "artistName": "",
    "path": "http://audio.lyzhendao.net/biblexpo/be/BE-JohnLetters(2)-05.mp3"
  },
  {
    "title": "系列二：第 6 讲：因基督而爱（约壹2:7-11）",
    "duration": 1700,
    "size": "5M",
    "albumName": "《真道分解》约壹贰叁",
    "albumId": 460,
    "id": 460888206,
    "albumtitle": "《真道分解》约壹贰叁(27)",
    "artistId": 0,
    "artistName": "",
    "path": "http://audio.lyzhendao.net/biblexpo/be/BE-JohnLetters(2)-06.mp3"
  },
  {
    "title": "系列二：第 7 讲：一段鼓励、经历神──灵命成长的基础（约壹2:12-14）",
    "duration": 1700,
    "size": "5M",
    "albumName": "《真道分解》约壹贰叁",
    "albumId": 460,
    "id": 460888207,
    "albumtitle": "《真道分解》约壹贰叁(28)",
    "artistId": 0,
    "artistName": "",
    "path": "http://audio.lyzhendao.net/biblexpo/be/BE-JohnLetters(2)-07.mp3"
  },
  {
    "title": "系列二：第 8 讲：世界的对立（约壹2:15-17）",
    "duration": 1700,
    "size": "5M",
    "albumName": "《真道分解》约壹贰叁",
    "albumId": 460,
    "id": 460888208,
    "albumtitle": "《真道分解》约壹贰叁(29)",
    "artistId": 0,
    "artistName": "",
    "path": "http://audio.lyzhendao.net/biblexpo/be/BE-JohnLetters(2)-08.mp3"
  },
  {
    "title": "系列二：第 9 讲：敌基督（约壹2:18-27）",
    "duration": 1700,
    "size": "5M",
    "albumName": "《真道分解》约壹贰叁",
    "albumId": 460,
    "id": 460888209,
    "albumtitle": "《真道分解》约壹贰叁(30)",
    "artistId": 0,
    "artistName": "",
    "path": "http://audio.lyzhendao.net/biblexpo/be/BE-JohnLetters(2)-09.mp3"
  },
  {
    "title": "系列二：第10讲：身份与使命（约壹2:28-3:10）",
    "duration": 1700,
    "size": "5M",
    "albumName": "《真道分解》约壹贰叁",
    "albumId": 460,
    "id": 460888210,
    "albumtitle": "《真道分解》约壹贰叁(31)",
    "artistId": 0,
    "artistName": "",
    "path": "http://audio.lyzhendao.net/biblexpo/be/BE-JohnLetters(2)-10.mp3"
  },
  {
    "title": "系列二：第11讲：社会的试验（约壹3:11-18）",
    "duration": 1700,
    "size": "5M",
    "albumName": "《真道分解》约壹贰叁",
    "albumId": 460,
    "id": 460888211,
    "albumtitle": "《真道分解》约壹贰叁(32)",
    "artistId": 0,
    "artistName": "",
    "path": "http://audio.lyzhendao.net/biblexpo/be/BE-JohnLetters(2)-11.mp3"
  },
  {
    "title": "系列二：第12讲：爱弟兄的可以在神面前安稳（约壹3:19-24）",
    "duration": 1700,
    "size": "5M",
    "albumName": "《真道分解》约壹贰叁",
    "albumId": 460,
    "id": 460888212,
    "albumtitle": "《真道分解》约壹贰叁(33)",
    "artistId": 0,
    "artistName": "",
    "path": "http://audio.lyzhendao.net/biblexpo/be/BE-JohnLetters(2)-12.mp3"
  },
  {
    "title": "系列二：第13讲：教义的试验──真理（约壹4:1-6）",
    "duration": 1700,
    "size": "5M",
    "albumName": "《真道分解》约壹贰叁",
    "albumId": 460,
    "id": 460888213,
    "albumtitle": "《真道分解》约壹贰叁(34)",
    "artistId": 0,
    "artistName": "",
    "path": "http://audio.lyzhendao.net/biblexpo/be/BE-JohnLetters(2)-13.mp3"
  },
  {
    "title": "系列二：第14讲：神就是爱（约壹4:7-12）",
    "duration": 1700,
    "size": "5M",
    "albumName": "《真道分解》约壹贰叁",
    "albumId": 460,
    "id": 460888214,
    "albumtitle": "《真道分解》约壹贰叁(35)",
    "artistId": 0,
    "artistName": "",
    "path": "http://audio.lyzhendao.net/biblexpo/be/BE-JohnLetters(2)-14.mp3"
  },
  {
    "title": "系列二：第15讲：达到目标的爱（约壹4:13-21）",
    "duration": 1700,
    "size": "5M",
    "albumName": "《真道分解》约壹贰叁",
    "albumId": 460,
    "id": 460888215,
    "albumtitle": "《真道分解》约壹贰叁(36)",
    "artistId": 0,
    "artistName": "",
    "path": "http://audio.lyzhendao.net/biblexpo/be/BE-JohnLetters(2)-15.mp3"
  },
  {
    "title": "系列二：第16讲：谁是爱弟兄姐妹的？（约壹5:1-5）（转折段落）",
    "duration": 1700,
    "size": "5M",
    "albumName": "《真道分解》约壹贰叁",
    "albumId": 460,
    "id": 460888216,
    "albumtitle": "《真道分解》约壹贰叁(37)",
    "artistId": 0,
    "artistName": "",
    "path": "http://audio.lyzhendao.net/biblexpo/be/BE-JohnLetters(2)-16.mp3"
  },
  {
    "title": "系列二：第17讲：“灵”、“水”、“血”的见证（约壹5:6-12）",
    "duration": 1700,
    "size": "5M",
    "albumName": "《真道分解》约壹贰叁",
    "albumId": 460,
    "id": 460888217,
    "albumtitle": "《真道分解》约壹贰叁(38)",
    "artistId": 0,
    "artistName": "",
    "path": "http://audio.lyzhendao.net/biblexpo/be/BE-JohnLetters(2)-17.mp3"
  },
  {
    "title": "系列二：第18讲：祷告中的确据与至于死的罪（约壹5:13-17）",
    "duration": 1700,
    "size": "5M",
    "albumName": "《真道分解》约壹贰叁",
    "albumId": 460,
    "id": 460888218,
    "albumtitle": "《真道分解》约壹贰叁(39)",
    "artistId": 0,
    "artistName": "",
    "path": "http://audio.lyzhendao.net/biblexpo/be/BE-JohnLetters(2)-18.mp3"
  },
  {
    "title": "系列二：第19讲：三个信仰的“知道”（约壹5:18-21）",
    "duration": 1700,
    "size": "5M",
    "albumName": "《真道分解》约壹贰叁",
    "albumId": 460,
    "id": 460888219,
    "albumtitle": "《真道分解》约壹贰叁(40)",
    "artistId": 0,
    "artistName": "",
    "path": "http://audio.lyzhendao.net/biblexpo/be/BE-JohnLetters(2)-19.mp3"
  },
  {
    "title": "系列二：第20讲：约翰二书",
    "duration": 1700,
    "size": "5M",
    "albumName": "《真道分解》约壹贰叁",
    "albumId": 460,
    "id": 460888220,
    "albumtitle": "《真道分解》约壹贰叁(41)",
    "artistId": 0,
    "artistName": "",
    "path": "http://audio.lyzhendao.net/biblexpo/be/BE-JohnLetters(2)-20.mp3"
  },
  {
    "title": "系列二：第21讲：约翰三书（完）",
    "duration": 1700,
    "size": "5M",
    "albumName": "《真道分解》约壹贰叁",
    "albumId": 460,
    "id": 460888221,
    "albumtitle": "《真道分解》约壹贰叁(42)",
    "artistId": 0,
    "artistName": "",
    "path": "http://audio.lyzhendao.net/biblexpo/be/BE-JohnLetters(2)-21.mp3"
  }
]