[
	{
		"title": "第1讲：导论",
		"path": "http://audio.lyzhendao.net/biblexpo/be/BE-Jonah01.mp3",
		"duration": 1100,
		"size": "3M",
		"albumName": "《真道分解》约拿书",
		"albumId": 431,
		"id": 431888180,
		"albumtitle": "《真道分解》约拿书(1)",
		"artistId": 0,
		"artistName": ""
	},
	{
		"title": "第2讲：拿1:1-16",
		"path": "http://audio.lyzhendao.net/biblexpo/be/BE-Jonah02.mp3",
		"duration": 1100,
		"size": "3M",
		"albumName": "《真道分解》约拿书",
		"albumId": 431,
		"id": 431888181,
		"albumtitle": "《真道分解》约拿书(2)",
		"artistId": 0,
		"artistName": ""
	},
	{
		"title": "第3讲：拿1:17-2:10",
		"path": "http://audio.lyzhendao.net/biblexpo/be/BE-Jonah03.mp3",
		"duration": 1100,
		"size": "3M",
		"albumName": "《真道分解》约拿书",
		"albumId": 431,
		"id": 431888182,
		"albumtitle": "《真道分解》约拿书(3)",
		"artistId": 0,
		"artistName": ""
	},
	{
		"title": "第4讲：拿3:1-10",
		"path": "http://audio.lyzhendao.net/biblexpo/be/BE-Jonah04.mp3",
		"duration": 1100,
		"size": "3M",
		"albumName": "《真道分解》约拿书",
		"albumId": 431,
		"id": 431888183,
		"albumtitle": "《真道分解》约拿书(4)",
		"artistId": 0,
		"artistName": ""
	},
	{
		"title": "第5讲：拿4:1-11",
		"path": "http://audio.lyzhendao.net/biblexpo/be/BE-Jonah05.mp3",
		"duration": 1100,
		"size": "3M",
		"albumName": "《真道分解》约拿书",
		"albumId": 431,
		"id": 431888184,
		"albumtitle": "《真道分解》约拿书(5)",
		"artistId": 0,
		"artistName": ""
	}
]