[
	{
		"title": "第 1 讲：导论",
		"path": "http://audio.lyzhendao.net/biblexpo/be/BE-Ezekiel01.mp3",
		"duration": 1700,
		"size": "5M",
		"albumName": "《真道分解》以西结书",
		"albumId": 425,
		"id": 425888180,
		"albumtitle": "《真道分解》以西结书(1)",
		"artistId": 0,
		"artistName": ""
	},
	{
		"title": "第 2 讲：结1章",
		"path": "http://audio.lyzhendao.net/biblexpo/be/BE-Ezekiel02.mp3",
		"duration": 1700,
		"size": "5M",
		"albumName": "《真道分解》以西结书",
		"albumId": 425,
		"id": 425888181,
		"albumtitle": "《真道分解》以西结书(2)",
		"artistId": 0,
		"artistName": ""
	},
	{
		"title": "第 3 讲：结2:1-3:3",
		"path": "http://audio.lyzhendao.net/biblexpo/be/BE-Ezekiel03.mp3",
		"duration": 1700,
		"size": "5M",
		"albumName": "《真道分解》以西结书",
		"albumId": 425,
		"id": 425888182,
		"albumtitle": "《真道分解》以西结书(3)",
		"artistId": 0,
		"artistName": ""
	},
	{
		"title": "第 4 讲：结3:3-27",
		"path": "http://audio.lyzhendao.net/biblexpo/be/BE-Ezekiel04.mp3",
		"duration": 1700,
		"size": "5M",
		"albumName": "《真道分解》以西结书",
		"albumId": 425,
		"id": 425888183,
		"albumtitle": "《真道分解》以西结书(4)",
		"artistId": 0,
		"artistName": ""
	},
	{
		"title": "第 5 讲：结4章",
		"path": "http://audio.lyzhendao.net/biblexpo/be/BE-Ezekiel05.mp3",
		"duration": 1700,
		"size": "5M",
		"albumName": "《真道分解》以西结书",
		"albumId": 425,
		"id": 425888184,
		"albumtitle": "《真道分解》以西结书(5)",
		"artistId": 0,
		"artistName": ""
	},
	{
		"title": "第 6 讲：结5章",
		"path": "http://audio.lyzhendao.net/biblexpo/be/BE-Ezekiel06.mp3",
		"duration": 1700,
		"size": "5M",
		"albumName": "《真道分解》以西结书",
		"albumId": 425,
		"id": 425888185,
		"albumtitle": "《真道分解》以西结书(6)",
		"artistId": 0,
		"artistName": ""
	},
	{
		"title": "第 7 讲：结6章",
		"path": "http://audio.lyzhendao.net/biblexpo/be/BE-Ezekiel07.mp3",
		"duration": 1700,
		"size": "5M",
		"albumName": "《真道分解》以西结书",
		"albumId": 425,
		"id": 425888186,
		"albumtitle": "《真道分解》以西结书(7)",
		"artistId": 0,
		"artistName": ""
	},
	{
		"title": "第 8 讲：结7章",
		"path": "http://audio.lyzhendao.net/biblexpo/be/BE-Ezekiel08.mp3",
		"duration": 1700,
		"size": "5M",
		"albumName": "《真道分解》以西结书",
		"albumId": 425,
		"id": 425888187,
		"albumtitle": "《真道分解》以西结书(8)",
		"artistId": 0,
		"artistName": ""
	},
	{
		"title": "第 9 讲：结8章",
		"path": "http://audio.lyzhendao.net/biblexpo/be/BE-Ezekiel09.mp3",
		"duration": 1700,
		"size": "5M",
		"albumName": "《真道分解》以西结书",
		"albumId": 425,
		"id": 425888188,
		"albumtitle": "《真道分解》以西结书(9)",
		"artistId": 0,
		"artistName": ""
	},
	{
		"title": "第10讲：结9章",
		"path": "http://audio.lyzhendao.net/biblexpo/be/BE-Ezekiel10.mp3",
		"duration": 1700,
		"size": "5M",
		"albumName": "《真道分解》以西结书",
		"albumId": 425,
		"id": 425888189,
		"albumtitle": "《真道分解》以西结书(10)",
		"artistId": 0,
		"artistName": ""
	},
	{
		"title": "第11讲：结10章",
		"path": "http://audio.lyzhendao.net/biblexpo/be/BE-Ezekiel11.mp3",
		"duration": 1700,
		"size": "5M",
		"albumName": "《真道分解》以西结书",
		"albumId": 425,
		"id": 425888190,
		"albumtitle": "《真道分解》以西结书(11)",
		"artistId": 0,
		"artistName": ""
	},
	{
		"title": "第12讲：结11章",
		"path": "http://audio.lyzhendao.net/biblexpo/be/BE-Ezekiel12.mp3",
		"duration": 1700,
		"size": "5M",
		"albumName": "《真道分解》以西结书",
		"albumId": 425,
		"id": 425888191,
		"albumtitle": "《真道分解》以西结书(12)",
		"artistId": 0,
		"artistName": ""
	},
	{
		"title": "第13讲：结12章",
		"path": "http://audio.lyzhendao.net/biblexpo/be/BE-Ezekiel13.mp3",
		"duration": 1700,
		"size": "5M",
		"albumName": "《真道分解》以西结书",
		"albumId": 425,
		"id": 425888192,
		"albumtitle": "《真道分解》以西结书(13)",
		"artistId": 0,
		"artistName": ""
	},
	{
		"title": "第14讲：结13章",
		"path": "http://audio.lyzhendao.net/biblexpo/be/BE-Ezekiel14.mp3",
		"duration": 1700,
		"size": "5M",
		"albumName": "《真道分解》以西结书",
		"albumId": 425,
		"id": 425888193,
		"albumtitle": "《真道分解》以西结书(14)",
		"artistId": 0,
		"artistName": ""
	},
	{
		"title": "第15讲：结14章",
		"path": "http://audio.lyzhendao.net/biblexpo/be/BE-Ezekiel15.mp3",
		"duration": 1700,
		"size": "5M",
		"albumName": "《真道分解》以西结书",
		"albumId": 425,
		"id": 425888194,
		"albumtitle": "《真道分解》以西结书(15)",
		"artistId": 0,
		"artistName": ""
	},
	{
		"title": "第16讲：结15章",
		"path": "http://audio.lyzhendao.net/biblexpo/be/BE-Ezekiel16.mp3",
		"duration": 1700,
		"size": "5M",
		"albumName": "《真道分解》以西结书",
		"albumId": 425,
		"id": 425888195,
		"albumtitle": "《真道分解》以西结书(16)",
		"artistId": 0,
		"artistName": ""
	},
	{
		"title": "第17讲：结16章",
		"path": "http://audio.lyzhendao.net/biblexpo/be/BE-Ezekiel17.mp3",
		"duration": 1700,
		"size": "5M",
		"albumName": "《真道分解》以西结书",
		"albumId": 425,
		"id": 425888196,
		"albumtitle": "《真道分解》以西结书(17)",
		"artistId": 0,
		"artistName": ""
	},
	{
		"title": "第18讲：结17章",
		"path": "http://audio.lyzhendao.net/biblexpo/be/BE-Ezekiel18.mp3",
		"duration": 1700,
		"size": "5M",
		"albumName": "《真道分解》以西结书",
		"albumId": 425,
		"id": 425888197,
		"albumtitle": "《真道分解》以西结书(18)",
		"artistId": 0,
		"artistName": ""
	},
	{
		"title": "第19讲：结18章",
		"path": "http://audio.lyzhendao.net/biblexpo/be/BE-Ezekiel19.mp3",
		"duration": 1700,
		"size": "5M",
		"albumName": "《真道分解》以西结书",
		"albumId": 425,
		"id": 425888198,
		"albumtitle": "《真道分解》以西结书(19)",
		"artistId": 0,
		"artistName": ""
	},
	{
		"title": "第20讲：结19章",
		"path": "http://audio.lyzhendao.net/biblexpo/be/BE-Ezekiel20.mp3",
		"duration": 1700,
		"size": "5M",
		"albumName": "《真道分解》以西结书",
		"albumId": 425,
		"id": 425888199,
		"albumtitle": "《真道分解》以西结书(20)",
		"artistId": 0,
		"artistName": ""
	},
	{
		"title": "第21讲：结20章",
		"path": "http://audio.lyzhendao.net/biblexpo/be/BE-Ezekiel21.mp3",
		"duration": 1700,
		"size": "5M",
		"albumName": "《真道分解》以西结书",
		"albumId": 425,
		"id": 425888200,
		"albumtitle": "《真道分解》以西结书(21)",
		"artistId": 0,
		"artistName": ""
	},
	{
		"title": "第22讲：结21章",
		"path": "http://audio.lyzhendao.net/biblexpo/be/BE-Ezekiel22.mp3",
		"duration": 1700,
		"size": "5M",
		"albumName": "《真道分解》以西结书",
		"albumId": 425,
		"id": 425888201,
		"albumtitle": "《真道分解》以西结书(22)",
		"artistId": 0,
		"artistName": ""
	},
	{
		"title": "第23讲：结22章",
		"path": "http://audio.lyzhendao.net/biblexpo/be/BE-Ezekiel23.mp3",
		"duration": 1700,
		"size": "5M",
		"albumName": "《真道分解》以西结书",
		"albumId": 425,
		"id": 425888202,
		"albumtitle": "《真道分解》以西结书(23)",
		"artistId": 0,
		"artistName": ""
	},
	{
		"title": "第24讲：结23章",
		"path": "http://audio.lyzhendao.net/biblexpo/be/BE-Ezekiel24.mp3",
		"duration": 1700,
		"size": "5M",
		"albumName": "《真道分解》以西结书",
		"albumId": 425,
		"id": 425888203,
		"albumtitle": "《真道分解》以西结书(24)",
		"artistId": 0,
		"artistName": ""
	},
	{
		"title": "第25讲：结24章",
		"path": "http://audio.lyzhendao.net/biblexpo/be/BE-Ezekiel25.mp3",
		"duration": 1700,
		"size": "5M",
		"albumName": "《真道分解》以西结书",
		"albumId": 425,
		"id": 425888204,
		"albumtitle": "《真道分解》以西结书(25)",
		"artistId": 0,
		"artistName": ""
	},
	{
		"title": "第26讲：结25章",
		"path": "http://audio.lyzhendao.net/biblexpo/be/BE-Ezekiel26.mp3",
		"duration": 1700,
		"size": "5M",
		"albumName": "《真道分解》以西结书",
		"albumId": 425,
		"id": 425888205,
		"albumtitle": "《真道分解》以西结书(26)",
		"artistId": 0,
		"artistName": ""
	},
	{
		"title": "第27讲：结26章",
		"path": "http://audio.lyzhendao.net/biblexpo/be/BE-Ezekiel27.mp3",
		"duration": 1700,
		"size": "5M",
		"albumName": "《真道分解》以西结书",
		"albumId": 425,
		"id": 425888206,
		"albumtitle": "《真道分解》以西结书(27)",
		"artistId": 0,
		"artistName": ""
	},
	{
		"title": "第28讲：结27章",
		"path": "http://audio.lyzhendao.net/biblexpo/be/BE-Ezekiel28.mp3",
		"duration": 1700,
		"size": "5M",
		"albumName": "《真道分解》以西结书",
		"albumId": 425,
		"id": 425888207,
		"albumtitle": "《真道分解》以西结书(28)",
		"artistId": 0,
		"artistName": ""
	},
	{
		"title": "第29讲：结28章",
		"path": "http://audio.lyzhendao.net/biblexpo/be/BE-Ezekiel29.mp3",
		"duration": 1700,
		"size": "5M",
		"albumName": "《真道分解》以西结书",
		"albumId": 425,
		"id": 425888208,
		"albumtitle": "《真道分解》以西结书(29)",
		"artistId": 0,
		"artistName": ""
	},
	{
		"title": "第30讲：结29章",
		"path": "http://audio.lyzhendao.net/biblexpo/be/BE-Ezekiel30.mp3",
		"duration": 1700,
		"size": "5M",
		"albumName": "《真道分解》以西结书",
		"albumId": 425,
		"id": 425888209,
		"albumtitle": "《真道分解》以西结书(30)",
		"artistId": 0,
		"artistName": ""
	},
	{
		"title": "第31讲：结30章",
		"path": "http://audio.lyzhendao.net/biblexpo/be/BE-Ezekiel31.mp3",
		"duration": 1700,
		"size": "5M",
		"albumName": "《真道分解》以西结书",
		"albumId": 425,
		"id": 425888210,
		"albumtitle": "《真道分解》以西结书(31)",
		"artistId": 0,
		"artistName": ""
	},
	{
		"title": "第32讲：结31章",
		"path": "http://audio.lyzhendao.net/biblexpo/be/BE-Ezekiel32.mp3",
		"duration": 1700,
		"size": "5M",
		"albumName": "《真道分解》以西结书",
		"albumId": 425,
		"id": 425888211,
		"albumtitle": "《真道分解》以西结书(32)",
		"artistId": 0,
		"artistName": ""
	},
	{
		"title": "第33讲：结32章",
		"path": "http://audio.lyzhendao.net/biblexpo/be/BE-Ezekiel33.mp3",
		"duration": 1700,
		"size": "5M",
		"albumName": "《真道分解》以西结书",
		"albumId": 425,
		"id": 425888212,
		"albumtitle": "《真道分解》以西结书(33)",
		"artistId": 0,
		"artistName": ""
	},
	{
		"title": "第34讲：结33章",
		"path": "http://audio.lyzhendao.net/biblexpo/be/BE-Ezekiel34.mp3",
		"duration": 1700,
		"size": "5M",
		"albumName": "《真道分解》以西结书",
		"albumId": 425,
		"id": 425888213,
		"albumtitle": "《真道分解》以西结书(34)",
		"artistId": 0,
		"artistName": ""
	},
	{
		"title": "第35讲：结34章",
		"path": "http://audio.lyzhendao.net/biblexpo/be/BE-Ezekiel35.mp3",
		"duration": 1700,
		"size": "5M",
		"albumName": "《真道分解》以西结书",
		"albumId": 425,
		"id": 425888214,
		"albumtitle": "《真道分解》以西结书(35)",
		"artistId": 0,
		"artistName": ""
	},
	{
		"title": "第36讲：结35章",
		"path": "http://audio.lyzhendao.net/biblexpo/be/BE-Ezekiel36.mp3",
		"duration": 1700,
		"size": "5M",
		"albumName": "《真道分解》以西结书",
		"albumId": 425,
		"id": 425888215,
		"albumtitle": "《真道分解》以西结书(36)",
		"artistId": 0,
		"artistName": ""
	},
	{
		"title": "第37讲：结36章",
		"path": "http://audio.lyzhendao.net/biblexpo/be/BE-Ezekiel37.mp3",
		"duration": 1700,
		"size": "5M",
		"albumName": "《真道分解》以西结书",
		"albumId": 425,
		"id": 425888216,
		"albumtitle": "《真道分解》以西结书(37)",
		"artistId": 0,
		"artistName": ""
	},
	{
		"title": "第38讲：结37章",
		"path": "http://audio.lyzhendao.net/biblexpo/be/BE-Ezekiel38.mp3",
		"duration": 1700,
		"size": "5M",
		"albumName": "《真道分解》以西结书",
		"albumId": 425,
		"id": 425888217,
		"albumtitle": "《真道分解》以西结书(38)",
		"artistId": 0,
		"artistName": ""
	},
	{
		"title": "第39讲：结38章",
		"path": "http://audio.lyzhendao.net/biblexpo/be/BE-Ezekiel39.mp3",
		"duration": 1700,
		"size": "5M",
		"albumName": "《真道分解》以西结书",
		"albumId": 425,
		"id": 425888218,
		"albumtitle": "《真道分解》以西结书(39)",
		"artistId": 0,
		"artistName": ""
	},
	{
		"title": "第40讲：结39章",
		"path": "http://audio.lyzhendao.net/biblexpo/be/BE-Ezekiel40.mp3",
		"duration": 1700,
		"size": "5M",
		"albumName": "《真道分解》以西结书",
		"albumId": 425,
		"id": 425888219,
		"albumtitle": "《真道分解》以西结书(40)",
		"artistId": 0,
		"artistName": ""
	},
	{
		"title": "第41讲：结40章",
		"path": "http://audio.lyzhendao.net/biblexpo/be/BE-Ezekiel41.mp3",
		"duration": 1700,
		"size": "5M",
		"albumName": "《真道分解》以西结书",
		"albumId": 425,
		"id": 425888220,
		"albumtitle": "《真道分解》以西结书(41)",
		"artistId": 0,
		"artistName": ""
	},
	{
		"title": "第42讲：结41章",
		"path": "http://audio.lyzhendao.net/biblexpo/be/BE-Ezekiel42.mp3",
		"duration": 1700,
		"size": "5M",
		"albumName": "《真道分解》以西结书",
		"albumId": 425,
		"id": 425888221,
		"albumtitle": "《真道分解》以西结书(42)",
		"artistId": 0,
		"artistName": ""
	},
	{
		"title": "第43讲：结42章",
		"path": "http://audio.lyzhendao.net/biblexpo/be/BE-Ezekiel43.mp3",
		"duration": 1700,
		"size": "5M",
		"albumName": "《真道分解》以西结书",
		"albumId": 425,
		"id": 425888222,
		"albumtitle": "《真道分解》以西结书(43)",
		"artistId": 0,
		"artistName": ""
	},
	{
		"title": "第44讲：结43章",
		"path": "http://audio.lyzhendao.net/biblexpo/be/BE-Ezekiel44.mp3",
		"duration": 1700,
		"size": "5M",
		"albumName": "《真道分解》以西结书",
		"albumId": 425,
		"id": 425888223,
		"albumtitle": "《真道分解》以西结书(44)",
		"artistId": 0,
		"artistName": ""
	},
	{
		"title": "第45讲：结44章",
		"path": "http://audio.lyzhendao.net/biblexpo/be/BE-Ezekiel45.mp3",
		"duration": 1700,
		"size": "5M",
		"albumName": "《真道分解》以西结书",
		"albumId": 425,
		"id": 425888224,
		"albumtitle": "《真道分解》以西结书(45)",
		"artistId": 0,
		"artistName": ""
	},
	{
		"title": "第46讲：结45章",
		"path": "http://audio.lyzhendao.net/biblexpo/be/BE-Ezekiel46.mp3",
		"duration": 1700,
		"size": "5M",
		"albumName": "《真道分解》以西结书",
		"albumId": 425,
		"id": 425888225,
		"albumtitle": "《真道分解》以西结书(46)",
		"artistId": 0,
		"artistName": ""
	},
	{
		"title": "第47讲：结46章",
		"path": "http://audio.lyzhendao.net/biblexpo/be/BE-Ezekiel47.mp3",
		"duration": 1700,
		"size": "5M",
		"albumName": "《真道分解》以西结书",
		"albumId": 425,
		"id": 425888226,
		"albumtitle": "《真道分解》以西结书(47)",
		"artistId": 0,
		"artistName": ""
	},
	{
		"title": "第48讲：结47:1-12",
		"path": "http://audio.lyzhendao.net/biblexpo/be/BE-Ezekiel48.mp3",
		"duration": 1700,
		"size": "5M",
		"albumName": "《真道分解》以西结书",
		"albumId": 425,
		"id": 425888227,
		"albumtitle": "《真道分解》以西结书(48)",
		"artistId": 0,
		"artistName": ""
	},
	{
		"title": "第49讲：结47:13-48:35、总结（完）",
		"path": "http://audio.lyzhendao.net/biblexpo/be/BE-Ezekiel49.mp3",
		"duration": 1700,
		"size": "5M",
		"albumName": "《真道分解》以西结书",
		"albumId": 425,
		"id": 425888228,
		"albumtitle": "《真道分解》以西结书(49)",
		"artistId": 0,
		"artistName": ""
	}
]