[
	{
		"title": "第 1 讲：什么是把炭火堆在头上？（罗12:20）",
		"path": "http://audio.lyzhendao.net/biblexpo/be/BE-Paul_01.mp3",
		"duration": 360,
		"size": "1M",
		"albumName": "《真道分解》保罗书信疑难解答",
		"albumId": 479,
		"id": 479888180,
		"albumtitle": "《真道分解》保罗书信疑难解答(1)"
	},
	{
		"title": "第 2 讲：神将众人圈在不顺服之中是什么意思？（罗11:32）",
		"path": "http://audio.lyzhendao.net/biblexpo/be/BE-Paul_02.mp3",
		"duration": 360,
		"size": "1M",
		"albumName": "《真道分解》保罗书信疑难解答",
		"albumId": 479,
		"id": 479888181,
		"albumtitle": "《真道分解》保罗书信疑难解答(2)"
	},
	{
		"title": "第 3 讲：结婚不好吗？（林前7:1）",
		"path": "http://audio.lyzhendao.net/biblexpo/be/BE-Paul_03.mp3",
		"duration": 360,
		"size": "1M",
		"albumName": "《真道分解》保罗书信疑难解答",
		"albumId": 479,
		"id": 479888182,
		"albumtitle": "《真道分解》保罗书信疑难解答(3)"
	},
	{
		"title": "第 4 讲：女人讲道为何要蒙头？（林前11:5）",
		"path": "http://audio.lyzhendao.net/biblexpo/be/BE-Paul_04.mp3",
		"duration": 360,
		"size": "1M",
		"albumName": "《真道分解》保罗书信疑难解答",
		"albumId": 479,
		"id": 479888183,
		"albumtitle": "《真道分解》保罗书信疑难解答(4)"
	},
	{
		"title": "第 5 讲：保罗愿意人都说方言吗？（林前14:5）",
		"path": "http://audio.lyzhendao.net/biblexpo/be/BE-Paul_05.mp3",
		"duration": 360,
		"size": "1M",
		"albumName": "《真道分解》保罗书信疑难解答",
		"albumId": 479,
		"id": 479888184,
		"albumtitle": "《真道分解》保罗书信疑难解答(5)"
	},
	{
		"title": "第 6 讲：妇女在会中真要闭口不言吗？（林前14:34）",
		"path": "http://audio.lyzhendao.net/biblexpo/be/BE-Paul_06.mp3",
		"duration": 360,
		"size": "1M",
		"albumName": "《真道分解》保罗书信疑难解答",
		"albumId": 479,
		"id": 479888185,
		"albumtitle": "《真道分解》保罗书信疑难解答(6)"
	},
	{
		"title": "第 7讲：什么叫做用“方言、灵、悟性”祷告？（林前14:14-15）",
		"path": "http://audio.lyzhendao.net/biblexpo/be/BE-Paul_07.mp3",
		"duration": 360,
		"size": "1M",
		"albumName": "《真道分解》保罗书信疑难解答",
		"albumId": 479,
		"id": 479888186,
		"albumtitle": "《真道分解》保罗书信疑难解答(7)"
	},
	{
		"title": "第 8 讲：为死人受洗？什么意思？（林前15:29）",
		"path": "http://audio.lyzhendao.net/biblexpo/be/BE-Paul_08.mp3",
		"duration": 360,
		"size": "1M",
		"albumName": "《真道分解》保罗书信疑难解答",
		"albumId": 479,
		"id": 479888187,
		"albumtitle": "《真道分解》保罗书信疑难解答(8)"
	},
	{
		"title": "第 9 讲：“必死的被生命吞灭”是什么意思？（林后5:4）",
		"path": "http://audio.lyzhendao.net/biblexpo/be/BE-Paul_09.mp3",
		"duration": 360,
		"size": "1M",
		"albumName": "《真道分解》保罗书信疑难解答",
		"albumId": 479,
		"id": 479888188,
		"albumtitle": "《真道分解》保罗书信疑难解答(9)"
	},
	{
		"title": "第10讲：不要同负一轭的意思（林后6:14-18）",
		"path": "http://audio.lyzhendao.net/biblexpo/be/BE-Paul_10.mp3",
		"duration": 360,
		"size": "1M",
		"albumName": "《真道分解》保罗书信疑难解答",
		"albumId": 479,
		"id": 479888189,
		"albumtitle": "《真道分解》保罗书信疑难解答(10)"
	},
	{
		"title": "第11讲：为何受割礼便与基督无益呢？（加5:2）",
		"path": "http://audio.lyzhendao.net/biblexpo/be/BE-Paul_11.mp3",
		"duration": 360,
		"size": "1M",
		"albumName": "《真道分解》保罗书信疑难解答",
		"albumId": 479,
		"id": 479888190,
		"albumtitle": "《真道分解》保罗书信疑难解答(11)"
	},
	{
		"title": "第12讲：怎样是被圣灵充满？（弗5:18）",
		"path": "http://audio.lyzhendao.net/biblexpo/be/BE-Paul_12.mp3",
		"duration": 360,
		"size": "1M",
		"albumName": "《真道分解》保罗书信疑难解答",
		"albumId": 479,
		"id": 479888191,
		"albumtitle": "《真道分解》保罗书信疑难解答(12)"
	},
	{
		"title": "第13讲：难道保罗怀疑自己不能复活？（腓3:11）",
		"path": "http://audio.lyzhendao.net/biblexpo/be/BE-Paul_13.mp3",
		"duration": 360,
		"size": "1M",
		"albumName": "《真道分解》保罗书信疑难解答",
		"albumId": 479,
		"id": 479888192,
		"albumtitle": "《真道分解》保罗书信疑难解答(13)"
	},
	{
		"title": "第14讲：什么是首生的？难道耶稣也是被造的？（西1:15）",
		"path": "http://audio.lyzhendao.net/biblexpo/be/BE-Paul_14.mp3",
		"duration": 360,
		"size": "1M",
		"albumName": "《真道分解》保罗书信疑难解答",
		"albumId": 479,
		"id": 479888193,
		"albumtitle": "《真道分解》保罗书信疑难解答(14)"
	},
	{
		"title": "第15讲：基督的患难有什么欠缺？保罗怎样补满基督的欠缺？（西1:24）",
		"path": "http://audio.lyzhendao.net/biblexpo/be/BE-Paul_15.mp3",
		"duration": 360,
		"size": "1M",
		"albumName": "《真道分解》保罗书信疑难解答",
		"albumId": 479,
		"id": 479888194,
		"albumtitle": "《真道分解》保罗书信疑难解答(15)"
	},
	{
		"title": "第16讲：基督如何将执政掌权的掳来给众人看？（西2:15）",
		"path": "http://audio.lyzhendao.net/biblexpo/be/BE-Paul_16.mp3",
		"duration": 360,
		"size": "1M",
		"albumName": "《真道分解》保罗书信疑难解答",
		"albumId": 479,
		"id": 479888195,
		"albumtitle": "《真道分解》保罗书信疑难解答(16)"
	},
	{
		"title": "第17讲：保罗反对犹太人吗？（帖前2:14-16）",
		"path": "http://audio.lyzhendao.net/biblexpo/be/BE-Paul_17.mp3",
		"duration": 360,
		"size": "1M",
		"albumName": "《真道分解》保罗书信疑难解答",
		"albumId": 479,
		"id": 479888196,
		"albumtitle": "《真道分解》保罗书信疑难解答(17)"
	},
	{
		"title": "第18讲：什么是消灭圣灵的感动？（帖前5:19）",
		"path": "http://audio.lyzhendao.net/biblexpo/be/BE-Paul_18.mp3",
		"duration": 360,
		"size": "1M",
		"albumName": "《真道分解》保罗书信疑难解答",
		"albumId": 479,
		"id": 479888197,
		"albumtitle": "《真道分解》保罗书信疑难解答(18)"
	},
	{
		"title": "第19讲：得荣耀（帖后1:10-12）",
		"path": "http://audio.lyzhendao.net/biblexpo/be/BE-Paul_19.mp3",
		"duration": 360,
		"size": "1M",
		"albumName": "《真道分解》保罗书信疑难解答",
		"albumId": 479,
		"id": 479888198,
		"albumtitle": "《真道分解》保罗书信疑难解答(19)"
	},
	{
		"title": "第20讲：帖后2:2中“主的日子”，指的是什么日子？",
		"path": "http://audio.lyzhendao.net/biblexpo/be/BE-Paul_20.mp3",
		"duration": 360,
		"size": "1M",
		"albumName": "《真道分解》保罗书信疑难解答",
		"albumId": 479,
		"id": 479888199,
		"albumtitle": "《真道分解》保罗书信疑难解答(20)"
	},
	{
		"title": "第21讲：帖后2:3“离道反教的事”是什么事？谁是“大罪人”？",
		"path": "http://audio.lyzhendao.net/biblexpo/be/BE-Paul_21.mp3",
		"duration": 360,
		"size": "1M",
		"albumName": "《真道分解》保罗书信疑难解答",
		"albumId": 479,
		"id": 479888200,
		"albumtitle": "《真道分解》保罗书信疑难解答(21)"
	},
	{
		"title": "第22讲：保罗不许姊妹讲道吗？（提前2:12）",
		"path": "http://audio.lyzhendao.net/biblexpo/be/BE-Paul_22.mp3",
		"duration": 360,
		"size": "1M",
		"albumName": "《真道分解》保罗书信疑难解答",
		"albumId": 479,
		"id": 479888201,
		"albumtitle": "《真道分解》保罗书信疑难解答(22)"
	},
	{
		"title": "第23讲：在生产上得救是什么意思？（提前2:15）",
		"path": "http://audio.lyzhendao.net/biblexpo/be/BE-Paul_23.mp3",
		"duration": 360,
		"size": "1M",
		"albumName": "《真道分解》保罗书信疑难解答",
		"albumId": 479,
		"id": 479888202,
		"albumtitle": "《真道分解》保罗书信疑难解答(23)"
	},
	{
		"title": "第24讲：提前4:2-3提到的错谬导理是什么？",
		"path": "http://audio.lyzhendao.net/biblexpo/be/BE-Paul_24.mp3",
		"duration": 360,
		"size": "1M",
		"albumName": "《真道分解》保罗书信疑难解答",
		"albumId": 479,
		"id": 479888203,
		"albumtitle": "《真道分解》保罗书信疑难解答(24)"
	},
	{
		"title": "第25讲：保罗也赞成人喝酒吗？",
		"path": "http://audio.lyzhendao.net/biblexpo/be/BE-Paul_25.mp3",
		"duration": 360,
		"size": "1M",
		"albumName": "《真道分解》保罗书信疑难解答",
		"albumId": 479,
		"id": 479888204,
		"albumtitle": "《真道分解》保罗书信疑难解答(25)"
	},
	{
		"title": "第26讲：保罗与狮子（提后4:17）",
		"path": "http://audio.lyzhendao.net/biblexpo/be/BE-Paul_26.mp3",
		"duration": 360,
		"size": "1M",
		"albumName": "《真道分解》保罗书信疑难解答",
		"albumId": 479,
		"id": 479888205,
		"albumtitle": "《真道分解》保罗书信疑难解答(26)"
	},
	{
		"title": "第27讲：重生的洗和圣灵的更新（多3:5）",
		"path": "http://audio.lyzhendao.net/biblexpo/be/BE-Paul_27.mp3",
		"duration": 360,
		"size": "1M",
		"albumName": "《真道分解》保罗书信疑难解答",
		"albumId": 479,
		"id": 479888206,
		"albumtitle": "《真道分解》保罗书信疑难解答(27)"
	},
	{
		"title": "第28讲：革哩底人有什么问题？（多1:12-13）",
		"path": "http://audio.lyzhendao.net/biblexpo/be/BE-Paul_28.mp3",
		"duration": 360,
		"size": "1M",
		"albumName": "《真道分解》保罗书信疑难解答",
		"albumId": 479,
		"id": 479888207,
		"albumtitle": "《真道分解》保罗书信疑难解答(28)"
	},
	{
		"title": "第29讲：腓利门欠保罗钱吗？（门19章） （完）",
		"path": "http://audio.lyzhendao.net/biblexpo/be/BE-Paul_29.mp3",
		"duration": 360,
		"size": "1M",
		"albumName": "《真道分解》保罗书信疑难解答",
		"albumId": 479,
		"id": 479888208,
		"albumtitle": "《真道分解》保罗书信疑难解答(29)"
	}
]