[
	{
		"title": "第 1 讲：导论（提后1:1-5）",
		"path": "http://audio.lyzhendao.net/biblexpo/be/BE-2Timothy1.mp3",
		"duration": 1700,
		"size": "5M",
		"albumName": "《真道分解》提摩太后书",
		"albumId": 454,
		"id": 454888180,
		"albumtitle": "《真道分解》提摩太后书(1)",
		"artistId": 0,
		"artistName": ""
	},
	{
		"title": "第 2 讲：牢守善道（提后1:6-18）",
		"path": "http://audio.lyzhendao.net/biblexpo/be/BE-2Timothy2.mp3",
		"duration": 1700,
		"size": "5M",
		"albumName": "《真道分解》提摩太后书",
		"albumId": 454,
		"id": 454888181,
		"albumtitle": "《真道分解》提摩太后书(2)",
		"artistId": 0,
		"artistName": ""
	},
	{
		"title": "第 3 讲：作主精兵（提后2:1-13）",
		"path": "http://audio.lyzhendao.net/biblexpo/be/BE-2Timothy3.mp3",
		"duration": 1700,
		"size": "5M",
		"albumName": "《真道分解》提摩太后书",
		"albumId": 454,
		"id": 454888182,
		"albumtitle": "《真道分解》提摩太后书(3)",
		"artistId": 0,
		"artistName": ""
	},
	{
		"title": "第 4 讲：逃避争论（提后2:14-26）",
		"path": "http://audio.lyzhendao.net/biblexpo/be/BE-2Timothy4.mp3",
		"duration": 1700,
		"size": "5M",
		"albumName": "《真道分解》提摩太后书",
		"albumId": 454,
		"id": 454888183,
		"albumtitle": "《真道分解》提摩太后书(4)",
		"artistId": 0,
		"artistName": ""
	},
	{
		"title": "第 5 讲：为道争战（提后3:1-17）",
		"path": "http://audio.lyzhendao.net/biblexpo/be/BE-2Timothy5.mp3",
		"duration": 1700,
		"size": "5M",
		"albumName": "《真道分解》提摩太后书",
		"albumId": 454,
		"id": 454888184,
		"albumtitle": "《真道分解》提摩太后书(5)",
		"artistId": 0,
		"artistName": ""
	},
	{
		"title": "第 6 讲：务要传道（提后4:1-22）（完）",
		"path": "http://audio.lyzhendao.net/biblexpo/be/BE-2Timothy6.mp3",
		"duration": 1700,
		"size": "5M",
		"albumName": "《真道分解》提摩太后书",
		"albumId": 454,
		"id": 454888185,
		"albumtitle": "《真道分解》提摩太后书(6)",
		"artistId": 0,
		"artistName": ""
	}
]