[
	{
		"title": "第 1 讲：导论",
		"path": "http://audio.lyzhendao.net/biblexpo/be/BE-SongOfSolomon1.mp3",
		"duration": 1700,
		"size": "5M",
		"albumName": "《真道分解》雅歌",
		"albumId": 421,
		"id": 421888180,
		"albumtitle": "《真道分解》雅歌(1)",
		"artistId": 0,
		"artistName": ""
	},
	{
		"title": "第 2 讲：歌1:9-2:7",
		"path": "http://audio.lyzhendao.net/biblexpo/be/BE-SongOfSolomon2.mp3",
		"duration": 1700,
		"size": "5M",
		"albumName": "《真道分解》雅歌",
		"albumId": 421,
		"id": 421888181,
		"albumtitle": "《真道分解》雅歌(2)",
		"artistId": 0,
		"artistName": ""
	},
	{
		"title": "第 3 讲：歌2:8-3:5",
		"path": "http://audio.lyzhendao.net/biblexpo/be/BE-SongOfSolomon3.mp3",
		"duration": 1700,
		"size": "5M",
		"albumName": "《真道分解》雅歌",
		"albumId": 421,
		"id": 421888182,
		"albumtitle": "《真道分解》雅歌(3)",
		"artistId": 0,
		"artistName": ""
	},
	{
		"title": "第 4 讲：歌3:6-5:1",
		"path": "http://audio.lyzhendao.net/biblexpo/be/BE-SongOfSolomon4.mp3",
		"duration": 1700,
		"size": "5M",
		"albumName": "《真道分解》雅歌",
		"albumId": 421,
		"id": 421888183,
		"albumtitle": "《真道分解》雅歌(4)",
		"artistId": 0,
		"artistName": ""
	},
	{
		"title": "第 5 讲：歌5:2-6:3",
		"path": "http://audio.lyzhendao.net/biblexpo/be/BE-SongOfSolomon5.mp3",
		"duration": 1700,
		"size": "5M",
		"albumName": "《真道分解》雅歌",
		"albumId": 421,
		"id": 421888184,
		"albumtitle": "《真道分解》雅歌(5)",
		"artistId": 0,
		"artistName": ""
	},
	{
		"title": "第 6 讲：歌6:4-7:13",
		"path": "http://audio.lyzhendao.net/biblexpo/be/BE-SongOfSolomon6.mp3",
		"duration": 1700,
		"size": "5M",
		"albumName": "《真道分解》雅歌",
		"albumId": 421,
		"id": 421888185,
		"albumtitle": "《真道分解》雅歌(6)",
		"artistId": 0,
		"artistName": ""
	},
	{
		"title": "第 7 讲：歌8:1-14（完）",
		"path": "http://audio.lyzhendao.net/biblexpo/be/BE-SongOfSolomon7.mp3",
		"duration": 1700,
		"size": "5M",
		"albumName": "《真道分解》雅歌",
		"albumId": 421,
		"id": 421888186,
		"albumtitle": "《真道分解》雅歌(7)",
		"artistId": 0,
		"artistName": ""
	}
]