[
	{
		"title": "第 1 讲：导论──但以理书的作者",
		"path": "http://audio.lyzhendao.net/biblexpo/be/BE-Daniel01.mp3",
		"duration": 1100,
		"size": "3.1M",
		"albumName": "《真道分解》但以理书",
		"albumId": 426,
		"id": 426888180,
		"albumtitle": "《真道分解》但以理书(1)",
		"artistId": 0,
		"artistName": ""
	},
	{
		"title": "第 2 讲：导论──但以理书的目的",
		"path": "http://audio.lyzhendao.net/biblexpo/be/BE-Daniel02.mp3",
		"duration": 1100,
		"size": "3.1M",
		"albumName": "《真道分解》但以理书",
		"albumId": 426,
		"id": 426888181,
		"albumtitle": "《真道分解》但以理书(2)",
		"artistId": 0,
		"artistName": ""
	},
	{
		"title": "第 3 讲：巴比伦王胜约雅敬（但1:1-7）",
		"path": "http://audio.lyzhendao.net/biblexpo/be/BE-Daniel03.mp3",
		"duration": 1100,
		"size": "3.1M",
		"albumName": "《真道分解》但以理书",
		"albumId": 426,
		"id": 426888182,
		"albumtitle": "《真道分解》但以理书(3)",
		"artistId": 0,
		"artistName": ""
	},
	{
		"title": "第 4 讲：但以理立志不用王之酒膳（但1:8-21）",
		"path": "http://audio.lyzhendao.net/biblexpo/be/BE-Daniel04.mp3",
		"duration": 1100,
		"size": "3.1M",
		"albumName": "《真道分解》但以理书",
		"albumId": 426,
		"id": 426888183,
		"albumtitle": "《真道分解》但以理书(4)",
		"artistId": 0,
		"artistName": ""
	},
	{
		"title": "第 5 讲：尼布甲尼撒王造梦遗忘，迫令术士告之（但2:1-24）",
		"path": "http://audio.lyzhendao.net/biblexpo/be/BE-Daniel05.mp3",
		"duration": 1100,
		"size": "3.1M",
		"albumName": "《真道分解》但以理书",
		"albumId": 426,
		"id": 426888184,
		"albumtitle": "《真道分解》但以理书(5)",
		"artistId": 0,
		"artistName": ""
	},
	{
		"title": "第 6 讲：但以理自荐为尼布甲尼撒王解梦（但2:25-45）",
		"path": "http://audio.lyzhendao.net/biblexpo/be/BE-Daniel06.mp3",
		"duration": 1100,
		"size": "3.1M",
		"albumName": "《真道分解》但以理书",
		"albumId": 426,
		"id": 426888185,
		"albumtitle": "《真道分解》但以理书(6)",
		"artistId": 0,
		"artistName": ""
	},
	{
		"title": "第 7 讲：王尊祟但以理；王造金像命通国敬拜（但2:46-3:18）",
		"path": "http://audio.lyzhendao.net/biblexpo/be/BE-Daniel07.mp3",
		"duration": 1100,
		"size": "3.1M",
		"albumName": "《真道分解》但以理书",
		"albumId": 426,
		"id": 426888186,
		"albumtitle": "《真道分解》但以理书(7)",
		"artistId": 0,
		"artistName": ""
	},
	{
		"title": "第 8 讲：但以理三友被掷于火毫无损伤，王认神之国乃历世永存（但3:19-4:3）",
		"path": "http://audio.lyzhendao.net/biblexpo/be/BE-Daniel08.mp3",
		"duration": 1100,
		"size": "3.1M",
		"albumName": "《真道分解》但以理书",
		"albumId": 426,
		"id": 426888187,
		"albumtitle": "《真道分解》但以理书(8)",
		"artistId": 0,
		"artistName": ""
	},
	{
		"title": "第 9 讲：尼布甲尼撒自述造梦，术士不能详解（但4:4-18）",
		"path": "http://audio.lyzhendao.net/biblexpo/be/BE-Daniel09.mp3",
		"duration": 1100,
		"size": "3.1M",
		"albumName": "《真道分解》但以理书",
		"albumId": 426,
		"id": 426888188,
		"albumtitle": "《真道分解》但以理书(9)",
		"artistId": 0,
		"artistName": ""
	},
	{
		"title": "第10讲：但以理为王解梦，劝勉王要远离罪恶，施行公义（但4:19-30）",
		"path": "http://audio.lyzhendao.net/biblexpo/be/BE-Daniel10.mp3",
		"duration": 1100,
		"size": "3.1M",
		"albumName": "《真道分解》但以理书",
		"albumId": 426,
		"id": 426888189,
		"albumtitle": "《真道分解》但以理书(10)",
		"artistId": 0,
		"artistName": ""
	},
	{
		"title": "第11讲：梦兆应验于王身；伯沙撒王见手指书文于壁（但4:31-5:9）",
		"path": "http://audio.lyzhendao.net/biblexpo/be/BE-Daniel11.mp3",
		"duration": 1100,
		"size": "3.1M",
		"albumName": "《真道分解》但以理书",
		"albumId": 426,
		"id": 426888190,
		"albumtitle": "《真道分解》但以理书(11)",
		"artistId": 0,
		"artistName": ""
	},
	{
		"title": "第12讲：但以理责备王狂傲拜偶像（但5:10-31）",
		"path": "http://audio.lyzhendao.net/biblexpo/be/BE-Daniel12.mp3",
		"duration": 1100,
		"size": "3.1M",
		"albumName": "《真道分解》但以理书",
		"albumId": 426,
		"id": 426888191,
		"albumtitle": "《真道分解》但以理书(12)",
		"artistId": 0,
		"artistName": ""
	},
	{
		"title": "第13讲：但以理三次祷告神（但6:1-14）",
		"path": "http://audio.lyzhendao.net/biblexpo/be/BE-Daniel13.mp3",
		"duration": 1100,
		"size": "3.1M",
		"albumName": "《真道分解》但以理书",
		"albumId": 426,
		"id": 426888192,
		"albumtitle": "《真道分解》但以理书(13)",
		"artistId": 0,
		"artistName": ""
	},
	{
		"title": "第14讲：主护但以理不为狮伤（但6:15-28）",
		"path": "http://audio.lyzhendao.net/biblexpo/be/BE-Daniel14.mp3",
		"duration": 1100,
		"size": "3.1M",
		"albumName": "《真道分解》但以理书",
		"albumId": 426,
		"id": 426888193,
		"albumtitle": "《真道分解》但以理书(14)",
		"artistId": 0,
		"artistName": ""
	},
	{
		"title": "第15讲：但以理看到的第一个异象──四兽异象（但7:1-5）",
		"path": "http://audio.lyzhendao.net/biblexpo/be/BE-Daniel15.mp3",
		"duration": 1100,
		"size": "3.1M",
		"albumName": "《真道分解》但以理书",
		"albumId": 426,
		"id": 426888194,
		"albumtitle": "《真道分解》但以理书(15)",
		"artistId": 0,
		"artistName": ""
	},
	{
		"title": "第16讲：继续解说四兽异象（但7:6-13）",
		"path": "http://audio.lyzhendao.net/biblexpo/be/BE-Daniel16.mp3",
		"duration": 1100,
		"size": "3.1M",
		"albumName": "《真道分解》但以理书",
		"albumId": 426,
		"id": 426888195,
		"albumtitle": "《真道分解》但以理书(16)",
		"artistId": 0,
		"artistName": ""
	},
	{
		"title": "第17讲：天使解释异象（但7:14-28）",
		"path": "http://audio.lyzhendao.net/biblexpo/be/BE-Daniel17.mp3",
		"duration": 1100,
		"size": "3.1M",
		"albumName": "《真道分解》但以理书",
		"albumId": 426,
		"id": 426888196,
		"albumtitle": "《真道分解》但以理书(17)",
		"artistId": 0,
		"artistName": ""
	},
	{
		"title": "第18讲：但以理看到另一异象（但8:1-9）",
		"path": "http://audio.lyzhendao.net/biblexpo/be/BE-Daniel18.mp3",
		"duration": 1100,
		"size": "3.1M",
		"albumName": "《真道分解》但以理书",
		"albumId": 426,
		"id": 426888197,
		"albumtitle": "《真道分解》但以理书(18)",
		"artistId": 0,
		"artistName": ""
	},
	{
		"title": "第19讲：但以理想明白异象中的意思（但8:10-16）",
		"path": "http://audio.lyzhendao.net/biblexpo/be/BE-Daniel19.mp3",
		"duration": 1100,
		"size": "3.1M",
		"albumName": "《真道分解》但以理书",
		"albumId": 426,
		"id": 426888198,
		"albumtitle": "《真道分解》但以理书(19)",
		"artistId": 0,
		"artistName": ""
	},
	{
		"title": "第20讲：天使加百列解释异象（但8:17-27）",
		"path": "http://audio.lyzhendao.net/biblexpo/be/BE-Daniel20.mp3",
		"duration": 1100,
		"size": "3.1M",
		"albumName": "《真道分解》但以理书",
		"albumId": 426,
		"id": 426888199,
		"albumtitle": "《真道分解》但以理书(20)",
		"artistId": 0,
		"artistName": ""
	},
	{
		"title": "第21讲：但以理的祷告（但9:1-19）",
		"path": "http://audio.lyzhendao.net/biblexpo/be/BE-Daniel21.mp3",
		"duration": 1100,
		"size": "3.1M",
		"albumName": "《真道分解》但以理书",
		"albumId": 426,
		"id": 426888200,
		"albumtitle": "《真道分解》但以理书(21)",
		"artistId": 0,
		"artistName": ""
	},
	{
		"title": "第22讲：但以理祷告的特色；七十个七豫言的启示（但9:20-27）",
		"path": "http://audio.lyzhendao.net/biblexpo/be/BE-Daniel22.mp3",
		"duration": 1100,
		"size": "3.1M",
		"albumName": "《真道分解》但以理书",
		"albumId": 426,
		"id": 426888201,
		"albumtitle": "《真道分解》但以理书(22)",
		"artistId": 0,
		"artistName": ""
	},
	{
		"title": "第23讲：但以理所看见的异象（但10:1-21）",
		"path": "http://audio.lyzhendao.net/biblexpo/be/BE-Daniel23.mp3",
		"duration": 1100,
		"size": "3.1M",
		"albumName": "《真道分解》但以理书",
		"albumId": 426,
		"id": 426888202,
		"albumtitle": "《真道分解》但以理书(23)",
		"artistId": 0,
		"artistName": ""
	},
	{
		"title": "第24讲：波斯王和希腊争霸，及南王北王之间的战争（但11:1-20）",
		"path": "http://audio.lyzhendao.net/biblexpo/be/BE-Daniel24.mp3",
		"duration": 1100,
		"size": "3.1M",
		"albumName": "《真道分解》但以理书",
		"albumId": 426,
		"id": 426888203,
		"albumtitle": "《真道分解》但以理书(24)",
		"artistId": 0,
		"artistName": ""
	},
	{
		"title": "第25讲：续南王北王之间的战争（但11:21-36）",
		"path": "http://audio.lyzhendao.net/biblexpo/be/BE-Daniel25.mp3",
		"duration": 1100,
		"size": "3.1M",
		"albumName": "《真道分解》但以理书",
		"albumId": 426,
		"id": 426888204,
		"albumtitle": "《真道分解》但以理书(25)",
		"artistId": 0,
		"artistName": ""
	},
	{
		"title": "第26讲：王自高自大与末时的状况（但11:37-12:13）（完）",
		"path": "http://audio.lyzhendao.net/biblexpo/be/BE-Daniel26.mp3",
		"duration": 1100,
		"size": "3.1M",
		"albumName": "《真道分解》但以理书",
		"albumId": 426,
		"id": 426888205,
		"albumtitle": "《真道分解》但以理书(26)",
		"artistId": 0,
		"artistName": ""
	}
]