[
	{
		"title": "第 1 讲：导论",
		"path": "http://audio.lyzhendao.net/biblexpo/be/BE-Nahum01.mp3",
		"duration": 1100,
		"size": "3M",
		"albumName": "《真道分解》那鸿书",
		"albumId": 433,
		"id": 433888180,
		"albumtitle": "《真道分解》那鸿书(1)",
		"artistId": 0,
		"artistName": ""
	},
	{
		"title": "第 2 讲：鸿1章",
		"path": "http://audio.lyzhendao.net/biblexpo/be/BE-Nahum02.mp3",
		"duration": 1100,
		"size": "3M",
		"albumName": "《真道分解》那鸿书",
		"albumId": 433,
		"id": 433888181,
		"albumtitle": "《真道分解》那鸿书(2)",
		"artistId": 0,
		"artistName": ""
	},
	{
		"title": "第 3 讲：鸿2章",
		"path": "http://audio.lyzhendao.net/biblexpo/be/BE-Nahum03.mp3",
		"duration": 1100,
		"size": "3M",
		"albumName": "《真道分解》那鸿书",
		"albumId": 433,
		"id": 433888182,
		"albumtitle": "《真道分解》那鸿书(3)",
		"artistId": 0,
		"artistName": ""
	},
	{
		"title": "第 4 讲：鸿3章（完）",
		"path": "http://audio.lyzhendao.net/biblexpo/be/BE-Nahum04.mp3",
		"duration": 1100,
		"size": "3M",
		"albumName": "《真道分解》那鸿书",
		"albumId": 433,
		"id": 433888183,
		"albumtitle": "《真道分解》那鸿书(4)",
		"artistId": 0,
		"artistName": ""
	}
]