[
	{
		"title": "第 1 讲：导论",
		"path": "http://audio.lyzhendao.net/biblexpo/be/BE-Proverbs01.mp3",
		"duration": 1200,
		"size": "2.5M",
		"albumName": "《真道分解》箴言",
		"albumId": 419,
		"id": 419888180,
		"albumtitle": "《真道分解》箴言(1)",
		"artistId": 0,
		"artistName": ""
	},
	{
		"title": "第 2 讲：分段引言（箴1:1-7）",
		"path": "http://audio.lyzhendao.net/biblexpo/be/BE-Proverbs02.mp3",
		"duration": 1200,
		"size": "2.5M",
		"albumName": "《真道分解》箴言",
		"albumId": 419,
		"id": 419888181,
		"albumtitle": "《真道分解》箴言(2)",
		"artistId": 0,
		"artistName": ""
	},
	{
		"title": "第 3 讲：少年人的警告（箴1:8-33）",
		"path": "http://audio.lyzhendao.net/biblexpo/be/BE-Proverbs03.mp3",
		"duration": 1200,
		"size": "2.5M",
		"albumName": "《真道分解》箴言",
		"albumId": 419,
		"id": 419888182,
		"albumtitle": "《真道分解》箴言(3)",
		"artistId": 0,
		"artistName": ""
	},
	{
		"title": "第 4 讲：寻求智慧（箴2:1-22）",
		"path": "http://audio.lyzhendao.net/biblexpo/be/BE-Proverbs04.mp3",
		"duration": 1200,
		"size": "2.5M",
		"albumName": "《真道分解》箴言",
		"albumId": 419,
		"id": 419888183,
		"albumtitle": "《真道分解》箴言(4)",
		"artistId": 0,
		"artistName": ""
	},
	{
		"title": "第 5 讲：智慧的训诲和福分（箴3:1-55）",
		"path": "http://audio.lyzhendao.net/biblexpo/be/BE-Proverbs05.mp3",
		"duration": 1200,
		"size": "2.5M",
		"albumName": "《真道分解》箴言",
		"albumId": 419,
		"id": 419888184,
		"albumtitle": "《真道分解》箴言(5)",
		"artistId": 0,
		"artistName": ""
	},
	{
		"title": "第 6 讲：挑战要把握智慧（箴4:1-27）",
		"path": "http://audio.lyzhendao.net/biblexpo/be/BE-Proverbs06.mp3",
		"duration": 1200,
		"size": "2.5M",
		"albumName": "《真道分解》箴言",
		"albumId": 419,
		"id": 419888185,
		"albumtitle": "《真道分解》箴言(6)",
		"artistId": 0,
		"artistName": ""
	},
	{
		"title": "第 7 讲：警告勿犯淫乱（箴5:1-23）",
		"path": "http://audio.lyzhendao.net/biblexpo/be/BE-Proverbs07.mp3",
		"duration": 1200,
		"size": "2.5M",
		"albumName": "《真道分解》箴言",
		"albumId": 419,
		"id": 419888186,
		"albumtitle": "《真道分解》箴言(7)",
		"artistId": 0,
		"artistName": ""
	},
	{
		"title": "第 8 讲：勿行邪僻道路（箴6:1-35）",
		"path": "http://audio.lyzhendao.net/biblexpo/be/BE-Proverbs08.mp3",
		"duration": 1200,
		"size": "2.5M",
		"albumName": "《真道分解》箴言",
		"albumId": 419,
		"id": 419888187,
		"albumtitle": "《真道分解》箴言(8)",
		"artistId": 0,
		"artistName": ""
	},
	{
		"title": "第 9 讲：防备淫妇的引诱（箴7:1-27）",
		"path": "http://audio.lyzhendao.net/biblexpo/be/BE-Proverbs09.mp3",
		"duration": 1200,
		"size": "2.5M",
		"albumName": "《真道分解》箴言",
		"albumId": 419,
		"id": 419888188,
		"albumtitle": "《真道分解》箴言(9)",
		"artistId": 0,
		"artistName": ""
	},
	{
		"title": "第10讲：智慧告白（箴8:1-36）",
		"path": "http://audio.lyzhendao.net/biblexpo/be/BE-Proverbs10.mp3",
		"duration": 1200,
		"size": "2.5M",
		"albumName": "《真道分解》箴言",
		"albumId": 419,
		"id": 419888189,
		"albumtitle": "《真道分解》箴言(10)",
		"artistId": 0,
		"artistName": ""
	},
	{
		"title": "第11讲：智慧和愚昧的对比（箴9:1-18）",
		"path": "http://audio.lyzhendao.net/biblexpo/be/BE-Proverbs11.mp3",
		"duration": 1200,
		"size": "2.5M",
		"albumName": "《真道分解》箴言",
		"albumId": 419,
		"id": 419888190,
		"albumtitle": "《真道分解》箴言(11)",
		"artistId": 0,
		"artistName": ""
	},
	{
		"title": "第12讲：智慧人和愚昧人的生活（1）（箴10:1-15:33）",
		"path": "http://audio.lyzhendao.net/biblexpo/be/BE-Proverbs12.mp3",
		"duration": 1200,
		"size": "2.5M",
		"albumName": "《真道分解》箴言",
		"albumId": 419,
		"id": 419888191,
		"albumtitle": "《真道分解》箴言(12)",
		"artistId": 0,
		"artistName": ""
	},
	{
		"title": "第13讲：智慧人和愚昧人的生活（2）（箴10:1-15:33）",
		"path": "http://audio.lyzhendao.net/biblexpo/be/BE-Proverbs13.mp3",
		"duration": 1200,
		"size": "2.5M",
		"albumName": "《真道分解》箴言",
		"albumId": 419,
		"id": 419888192,
		"albumtitle": "《真道分解》箴言(13)",
		"artistId": 0,
		"artistName": ""
	},
	{
		"title": "第14讲：公义生活（1）（箴16:1-22:16）",
		"path": "http://audio.lyzhendao.net/biblexpo/be/BE-Proverbs14.mp3",
		"duration": 1200,
		"size": "2.5M",
		"albumName": "《真道分解》箴言",
		"albumId": 419,
		"id": 419888193,
		"albumtitle": "《真道分解》箴言(14)",
		"artistId": 0,
		"artistName": ""
	},
	{
		"title": "第15讲：公义生活（2）（箴16:1-22:16）",
		"path": "http://audio.lyzhendao.net/biblexpo/be/BE-Proverbs15.mp3",
		"duration": 1200,
		"size": "2.5M",
		"albumName": "《真道分解》箴言",
		"albumId": 419,
		"id": 419888194,
		"albumtitle": "《真道分解》箴言(15)",
		"artistId": 0,
		"artistName": ""
	},
	{
		"title": "第16讲：智慧人的言语（1）（箴22:17-24:34）",
		"path": "http://audio.lyzhendao.net/biblexpo/be/BE-Proverbs16.mp3",
		"duration": 1200,
		"size": "2.5M",
		"albumName": "《真道分解》箴言",
		"albumId": 419,
		"id": 419888195,
		"albumtitle": "《真道分解》箴言(16)",
		"artistId": 0,
		"artistName": ""
	},
	{
		"title": "第17讲：智慧人的言语（2）（箴22:17-24:34）",
		"path": "http://audio.lyzhendao.net/biblexpo/be/BE-Proverbs17.mp3",
		"duration": 1200,
		"size": "2.5M",
		"albumName": "《真道分解》箴言",
		"albumId": 419,
		"id": 419888196,
		"albumtitle": "《真道分解》箴言(17)",
		"artistId": 0,
		"artistName": ""
	},
	{
		"title": "第18讲：希西家誊录的所罗门箴言（箴25:1-28）",
		"path": "http://audio.lyzhendao.net/biblexpo/be/BE-Proverbs18.mp3",
		"duration": 1200,
		"size": "2.5M",
		"albumName": "《真道分解》箴言",
		"albumId": 419,
		"id": 419888197,
		"albumtitle": "《真道分解》箴言(18)",
		"artistId": 0,
		"artistName": ""
	},
	{
		"title": "第19讲：希西家誊录的箴言──自我品德（箴26:1-28）",
		"path": "http://audio.lyzhendao.net/biblexpo/be/BE-Proverbs19.mp3",
		"duration": 1200,
		"size": "2.5M",
		"albumName": "《真道分解》箴言",
		"albumId": 419,
		"id": 419888198,
		"albumtitle": "《真道分解》箴言(19)",
		"artistId": 0,
		"artistName": ""
	},
	{
		"title": "第20讲：希西家誊录的箴言──与人关系（箴27:1-27）",
		"path": "http://audio.lyzhendao.net/biblexpo/be/BE-Proverbs20.mp3",
		"duration": 1200,
		"size": "2.5M",
		"albumName": "《真道分解》箴言",
		"albumId": 419,
		"id": 419888199,
		"albumtitle": "《真道分解》箴言(20)",
		"artistId": 0,
		"artistName": ""
	},
	{
		"title": "第21讲：希西家誊录的箴言──愚妄与公义（箴28:1-29:27）",
		"path": "http://audio.lyzhendao.net/biblexpo/be/BE-Proverbs21.mp3",
		"duration": 1200,
		"size": "2.5M",
		"albumName": "《真道分解》箴言",
		"albumId": 419,
		"id": 419888200,
		"albumtitle": "《真道分解》箴言(21)",
		"artistId": 0,
		"artistName": ""
	},
	{
		"title": "第22讲：亚古珥的箴言（箴30:1-33）",
		"path": "http://audio.lyzhendao.net/biblexpo/be/BE-Proverbs22.mp3",
		"duration": 1200,
		"size": "2.5M",
		"albumName": "《真道分解》箴言",
		"albumId": 419,
		"id": 419888201,
		"albumtitle": "《真道分解》箴言(22)",
		"artistId": 0,
		"artistName": ""
	},
	{
		"title": "第23讲：贤德妇人（箴31:1-31）",
		"path": "http://audio.lyzhendao.net/biblexpo/be/BE-Proverbs23.mp3",
		"duration": 1200,
		"size": "2.5M",
		"albumName": "《真道分解》箴言",
		"albumId": 419,
		"id": 419888202,
		"albumtitle": "《真道分解》箴言(23)",
		"artistId": 0,
		"artistName": ""
	},
	{
		"title": "第24讲：箴言专题一──耶和华是怎样的一位神",
		"path": "http://audio.lyzhendao.net/biblexpo/be/BE-Proverbs24.mp3",
		"duration": 1200,
		"size": "2.5M",
		"albumName": "《真道分解》箴言",
		"albumId": 419,
		"id": 419888203,
		"albumtitle": "《真道分解》箴言(24)",
		"artistId": 0,
		"artistName": ""
	},
	{
		"title": "第25讲：箴言专题二──人对耶和华应有的态度",
		"path": "http://audio.lyzhendao.net/biblexpo/be/BE-Proverbs25.mp3",
		"duration": 1200,
		"size": "2.5M",
		"albumName": "《真道分解》箴言",
		"albumId": 419,
		"id": 419888204,
		"albumtitle": "《真道分解》箴言(25)",
		"artistId": 0,
		"artistName": ""
	},
	{
		"title": "第26讲：箴言专题三──说话的艺术",
		"path": "http://audio.lyzhendao.net/biblexpo/be/BE-Proverbs26.mp3",
		"duration": 1200,
		"size": "2.5M",
		"albumName": "《真道分解》箴言",
		"albumId": 419,
		"id": 419888205,
		"albumtitle": "《真道分解》箴言(26)",
		"artistId": 0,
		"artistName": ""
	},
	{
		"title": "第27讲：箴言专题四──愚昧人、亵慢人、懒惰人",
		"path": "http://audio.lyzhendao.net/biblexpo/be/BE-Proverbs27.mp3",
		"duration": 1200,
		"size": "2.5M",
		"albumName": "《真道分解》箴言",
		"albumId": 419,
		"id": 419888206,
		"albumtitle": "《真道分解》箴言(27)",
		"artistId": 0,
		"artistName": ""
	},
	{
		"title": "第28讲：箴言专题五──从箴言看交友（完）",
		"path": "http://audio.lyzhendao.net/biblexpo/be/BE-Proverbs28.mp3",
		"duration": 1200,
		"size": "2.5M",
		"albumName": "《真道分解》箴言",
		"albumId": 419,
		"id": 419888207,
		"albumtitle": "《真道分解》箴言(28)",
		"artistId": 0,
		"artistName": ""
	}
]