[
	{
		"title": "第 1 讲：导论",
		"path": "http://audio.lyzhendao.net/biblexpo/be/BE-Kings01.mp3",
		"duration": 1200,
		"size": "3.6M",
		"albumName": "《真道分解》列王纪上下",
		"albumId": 411,
		"id": 411888180,
		"albumtitle": "《真道分解》列王纪上下(1)",
		"artistId": 0,
		"artistName": ""
	},
	{
		"title": "第 2 讲：所罗门登基（王上1:1-2:46）",
		"path": "http://audio.lyzhendao.net/biblexpo/be/BE-Kings02.mp3",
		"duration": 1200,
		"size": "3.6M",
		"albumName": "《真道分解》列王纪上下",
		"albumId": 411,
		"id": 411888181,
		"albumtitle": "《真道分解》列王纪上下(2)",
		"artistId": 0,
		"artistName": ""
	},
	{
		"title": "第 3 讲：所罗门的智慧（王上3:1-4:34）",
		"path": "http://audio.lyzhendao.net/biblexpo/be/BE-Kings03.mp3",
		"duration": 1200,
		"size": "3.6M",
		"albumName": "《真道分解》列王纪上下",
		"albumId": 411,
		"id": 411888182,
		"albumtitle": "《真道分解》列王纪上下(3)",
		"artistId": 0,
		"artistName": ""
	},
	{
		"title": "第 4 讲：所罗门建圣殿（王上5:1-6:38）",
		"path": "http://audio.lyzhendao.net/biblexpo/be/BE-Kings04.mp3",
		"duration": 1200,
		"size": "3.6M",
		"albumName": "《真道分解》列王纪上下",
		"albumId": 411,
		"id": 411888183,
		"albumtitle": "《真道分解》列王纪上下(4)",
		"artistId": 0,
		"artistName": ""
	},
	{
		"title": "第 5 讲：建王宫及装饰圣殿（王上7:1-51）",
		"path": "http://audio.lyzhendao.net/biblexpo/be/BE-Kings05.mp3",
		"duration": 1200,
		"size": "3.6M",
		"albumName": "《真道分解》列王纪上下",
		"albumId": 411,
		"id": 411888184,
		"albumtitle": "《真道分解》列王纪上下(5)",
		"artistId": 0,
		"artistName": ""
	},
	{
		"title": "第 6 讲：献殿之礼与立约（王上8:1-9:9）",
		"path": "http://audio.lyzhendao.net/biblexpo/be/BE-Kings06.mp3",
		"duration": 1200,
		"size": "3.6M",
		"albumName": "《真道分解》列王纪上下",
		"albumId": 411,
		"id": 411888185,
		"albumtitle": "《真道分解》列王纪上下(6)",
		"artistId": 0,
		"artistName": ""
	},
	{
		"title": "第 7 讲：所罗门的富强（王上9:10-10:29）",
		"path": "http://audio.lyzhendao.net/biblexpo/be/BE-Kings07.mp3",
		"duration": 1200,
		"size": "3.6M",
		"albumName": "《真道分解》列王纪上下",
		"albumId": 411,
		"id": 411888186,
		"albumtitle": "《真道分解》列王纪上下(7)",
		"artistId": 0,
		"artistName": ""
	},
	{
		"title": "第 8 讲：从繁荣到失败（王上11:1-13）",
		"path": "http://audio.lyzhendao.net/biblexpo/be/BE-Kings08.mp3",
		"duration": 1200,
		"size": "3.6M",
		"albumName": "《真道分解》列王纪上下",
		"albumId": 411,
		"id": 411888187,
		"albumtitle": "《真道分解》列王纪上下(8)",
		"artistId": 0,
		"artistName": ""
	},
	{
		"title": "第 9 讲：所罗门王朝的衰落（王上11:14-43）",
		"path": "http://audio.lyzhendao.net/biblexpo/be/BE-Kings09.mp3",
		"duration": 1200,
		"size": "3.6M",
		"albumName": "《真道分解》列王纪上下",
		"albumId": 411,
		"id": 411888188,
		"albumtitle": "《真道分解》列王纪上下(9)",
		"artistId": 0,
		"artistName": ""
	},
	{
		"title": "第10讲：王国分裂与北国兴起（王上12:1-14:20）",
		"path": "http://audio.lyzhendao.net/biblexpo/be/BE-Kings10.mp3",
		"duration": 1200,
		"size": "3.6M",
		"albumName": "《真道分解》列王纪上下",
		"albumId": 411,
		"id": 411888189,
		"albumtitle": "《真道分解》列王纪上下(10)",
		"artistId": 0,
		"artistName": ""
	},
	{
		"title": "第11讲：南北两国的前期交往（王上14:21-16:28）",
		"path": "http://audio.lyzhendao.net/biblexpo/be/BE-Kings11.mp3",
		"duration": 1200,
		"size": "3.6M",
		"albumName": "《真道分解》列王纪上下",
		"albumId": 411,
		"id": 411888190,
		"albumtitle": "《真道分解》列王纪上下(11)",
		"artistId": 0,
		"artistName": ""
	},
	{
		"title": "第12讲：以利亚对抗巴力先知（王上17:1-19:21）",
		"path": "http://audio.lyzhendao.net/biblexpo/be/BE-Kings12.mp3",
		"duration": 1200,
		"size": "3.6M",
		"albumName": "《真道分解》列王纪上下",
		"albumId": 411,
		"id": 411888191,
		"albumtitle": "《真道分解》列王纪上下(12)",
		"artistId": 0,
		"artistName": ""
	},
	{
		"title": "第13讲：亚哈王朝（王上20:1-22:40）",
		"path": "http://audio.lyzhendao.net/biblexpo/be/BE-Kings13.mp3",
		"duration": 1200,
		"size": "3.6M",
		"albumName": "《真道分解》列王纪上下",
		"albumId": 411,
		"id": 411888192,
		"albumtitle": "《真道分解》列王纪上下(13)",
		"artistId": 0,
		"artistName": ""
	},
	{
		"title": "第14讲：王朝历史──约沙法、亚哈谢与摩押争战（王下1:1-3:27）",
		"path": "http://audio.lyzhendao.net/biblexpo/be/BE-Kings14.mp3",
		"duration": 1200,
		"size": "3.6M",
		"albumName": "《真道分解》列王纪上下",
		"albumId": 411,
		"id": 411888193,
		"albumtitle": "《真道分解》列王纪上下(14)",
		"artistId": 0,
		"artistName": ""
	},
	{
		"title": "第15讲：以利沙所行的神迹（王下4:1-8:15）",
		"path": "http://audio.lyzhendao.net/biblexpo/be/BE-Kings15.mp3",
		"duration": 1200,
		"size": "3.6M",
		"albumName": "《真道分解》列王纪上下",
		"albumId": 411,
		"id": 411888194,
		"albumtitle": "《真道分解》列王纪上下(15)",
		"artistId": 0,
		"artistName": ""
	},
	{
		"title": "第16讲：王朝历史-约兰、亚哈谢、耶户（下8:16-10:36）",
		"path": "http://audio.lyzhendao.net/biblexpo/be/BE-Kings16.mp3",
		"duration": 1200,
		"size": "3.6M",
		"albumName": "《真道分解》列王纪上下",
		"albumId": 411,
		"id": 411888195,
		"albumtitle": "《真道分解》列王纪上下(16)",
		"artistId": 0,
		"artistName": ""
	},
	{
		"title": "第17讲：北国与南国的发展（王下11:1-15:7）",
		"path": "http://audio.lyzhendao.net/biblexpo/be/BE-Kings17.mp3",
		"duration": 1200,
		"size": "3.6M",
		"albumName": "《真道分解》列王纪上下",
		"albumId": 411,
		"id": 411888196,
		"albumtitle": "《真道分解》列王纪上下(17)",
		"artistId": 0,
		"artistName": ""
	},
	{
		"title": "第18讲：北国以色列末后的日子（王下15:8-17:41）",
		"path": "http://audio.lyzhendao.net/biblexpo/be/BE-Kings18.mp3",
		"duration": 1200,
		"size": "3.6M",
		"albumName": "《真道分解》列王纪上下",
		"albumId": 411,
		"id": 411888197,
		"albumtitle": "《真道分解》列王纪上下(18)",
		"artistId": 0,
		"artistName": ""
	},
	{
		"title": "第19讲：犹存的犹大──希西家王朝（王下18-20章）",
		"path": "http://audio.lyzhendao.net/biblexpo/be/BE-Kings19.mp3",
		"duration": 1200,
		"size": "3.6M",
		"albumName": "《真道分解》列王纪上下",
		"albumId": 411,
		"id": 411888198,
		"albumtitle": "《真道分解》列王纪上下(19)",
		"artistId": 0,
		"artistName": ""
	},
	{
		"title": "第20讲：犹大──玛拿西、亚扪、约西亚（王下21:1-23:30）",
		"path": "http://audio.lyzhendao.net/biblexpo/be/BE-Kings20.mp3",
		"duration": 1200,
		"size": "3.6M",
		"albumName": "《真道分解》列王纪上下",
		"albumId": 411,
		"id": 411888199,
		"albumtitle": "《真道分解》列王纪上下(20)",
		"artistId": 0,
		"artistName": ""
	},
	{
		"title": "第21讲：犹大的末日（王下23:31-25:30）（完）",
		"path": "http://audio.lyzhendao.net/biblexpo/be/BE-Kings21.mp3",
		"duration": 1200,
		"size": "3.6M",
		"albumName": "《真道分解》列王纪上下",
		"albumId": 411,
		"id": 411888200,
		"albumtitle": "《真道分解》列王纪上下(21)",
		"artistId": 0,
		"artistName": ""
	}
]