[
	{
		"title": "第1讲：导论",
		"path": "http://audio.lyzhendao.net/biblexpo/be/BE-Jude01.mp3",
		"duration": 1700,
		"size": "5M",
		"albumName": "《真道分解》犹大书",
		"albumId": 461,
		"id": 461888180,
		"albumtitle": "《真道分解》犹大书(1)",
		"artistId": 0,
		"artistName": ""
	},
	{
		"title": "第2讲：犹1-11节",
		"path": "http://audio.lyzhendao.net/biblexpo/be/BE-Jude02.mp3",
		"duration": 1700,
		"size": "5M",
		"albumName": "《真道分解》犹大书",
		"albumId": 461,
		"id": 461888181,
		"albumtitle": "《真道分解》犹大书(2)",
		"artistId": 0,
		"artistName": ""
	},
	{
		"title": "第3讲：犹12-25节（完）",
		"path": "http://audio.lyzhendao.net/biblexpo/be/BE-Jude03.mp3",
		"duration": 1700,
		"size": "5M",
		"albumName": "《真道分解》犹大书",
		"albumId": 461,
		"id": 461888182,
		"albumtitle": "《真道分解》犹大书(3)",
		"artistId": 0,
		"artistName": ""
	}
]