[
	{
		"title": "第 1 讲：释经原则概论",
		"path": "http://audio.lyzhendao.net/biblexpo/be/BE-Method2_01.mp3",
		"duration": 780,
		"size": "2.5M",
		"albumName": "《真道分解》查经法（2）释经原则",
		"albumId": 484,
		"id": 484888180,
		"albumtitle": "《真道分解》查经法（2）释经原则(1)"
	},
	{
		"title": "第 2 讲：字义研究原则",
		"path": "http://audio.lyzhendao.net/biblexpo/be/BE-Method2_02.mp3",
		"duration": 780,
		"size": "2.5M",
		"albumName": "《真道分解》查经法（2）释经原则",
		"albumId": 484,
		"id": 484888181,
		"albumtitle": "《真道分解》查经法（2）释经原则(2)"
	},
	{
		"title": "第 3 讲：字义研究步骤（归纳法）",
		"path": "http://audio.lyzhendao.net/biblexpo/be/BE-Method2_03.mp3",
		"duration": 780,
		"size": "2.5M",
		"albumName": "《真道分解》查经法（2）释经原则",
		"albumId": 484,
		"id": 484888182,
		"albumtitle": "《真道分解》查经法（2）释经原则(3)"
	},
	{
		"title": "第 4 讲：字义研究步骤（演绎法）",
		"path": "http://audio.lyzhendao.net/biblexpo/be/BE-Method2_04.mp3",
		"duration": 780,
		"size": "2.5M",
		"albumName": "《真道分解》查经法（2）释经原则",
		"albumId": 484,
		"id": 484888183,
		"albumtitle": "《真道分解》查经法（2）释经原则(4)"
	},
	{
		"title": "第 5 讲：分辨名词、动词",
		"path": "http://audio.lyzhendao.net/biblexpo/be/BE-Method2_05.mp3",
		"duration": 780,
		"size": "2.5M",
		"albumName": "《真道分解》查经法（2）释经原则",
		"albumId": 484,
		"id": 484888184,
		"albumtitle": "《真道分解》查经法（2）释经原则(5)"
	},
	{
		"title": "第 6 讲：分辨词类",
		"path": "http://audio.lyzhendao.net/biblexpo/be/BE-Method2_06.mp3",
		"duration": 780,
		"size": "2.5M",
		"albumName": "《真道分解》查经法（2）释经原则",
		"albumId": 484,
		"id": 484888185,
		"albumtitle": "《真道分解》查经法（2）释经原则(6)"
	},
	{
		"title": "第 7 讲：文法分析（一）修辞技巧",
		"path": "http://audio.lyzhendao.net/biblexpo/be/BE-Method2_07.mp3",
		"duration": 780,
		"size": "2.5M",
		"albumName": "《真道分解》查经法（2）释经原则",
		"albumId": 484,
		"id": 484888186,
		"albumtitle": "《真道分解》查经法（2）释经原则(7)"
	},
	{
		"title": "第 8 讲：文法分析（二）解经原则",
		"path": "http://audio.lyzhendao.net/biblexpo/be/BE-Method2_08.mp3",
		"duration": 780,
		"size": "2.5M",
		"albumName": "《真道分解》查经法（2）释经原则",
		"albumId": 484,
		"id": 484888187,
		"albumtitle": "《真道分解》查经法（2）释经原则(8)"
	},
	{
		"title": "第 9 讲：浅谈新的书卷语文特色（一）",
		"path": "http://audio.lyzhendao.net/biblexpo/be/BE-Method2_09.mp3",
		"duration": 780,
		"size": "2.5M",
		"albumName": "《真道分解》查经法（2）释经原则",
		"albumId": 484,
		"id": 484888188,
		"albumtitle": "《真道分解》查经法（2）释经原则(9)"
	},
	{
		"title": "第10讲：浅谈新的书卷语文特色（二）",
		"path": "http://audio.lyzhendao.net/biblexpo/be/BE-Method2_10.mp3",
		"duration": 780,
		"size": "2.5M",
		"albumName": "《真道分解》查经法（2）释经原则",
		"albumId": 484,
		"id": 484888189,
		"albumtitle": "《真道分解》查经法（2）释经原则(10)"
	},
	{
		"title": "第11讲：文脉的重要性与範围",
		"path": "http://audio.lyzhendao.net/biblexpo/be/BE-Method2_11.mp3",
		"duration": 780,
		"size": "2.5M",
		"albumName": "《真道分解》查经法（2）释经原则",
		"albumId": 484,
		"id": 484888190,
		"albumtitle": "《真道分解》查经法（2）释经原则(11)"
	},
	{
		"title": "第12讲：文脉层次与步骤",
		"path": "http://audio.lyzhendao.net/biblexpo/be/BE-Method2_12.mp3",
		"duration": 780,
		"size": "2.5M",
		"albumName": "《真道分解》查经法（2）释经原则",
		"albumId": 484,
		"id": 484888191,
		"albumtitle": "《真道分解》查经法（2）释经原则(12)"
	},
	{
		"title": "第13讲：文脉举例：诗128篇",
		"path": "http://audio.lyzhendao.net/biblexpo/be/BE-Method2_13.mp3",
		"duration": 780,
		"size": "2.5M",
		"albumName": "《真道分解》查经法（2）释经原则",
		"albumId": 484,
		"id": 484888192,
		"albumtitle": "《真道分解》查经法（2）释经原则(13)"
	},
	{
		"title": "第14讲：三明治结构（一）",
		"path": "http://audio.lyzhendao.net/biblexpo/be/BE-Method2_14.mp3",
		"duration": 780,
		"size": "2.5M",
		"albumName": "《真道分解》查经法（2）释经原则",
		"albumId": 484,
		"id": 484888193,
		"albumtitle": "《真道分解》查经法（2）释经原则(14)"
	},
	{
		"title": "第15讲：三明治结构（二）",
		"path": "http://audio.lyzhendao.net/biblexpo/be/BE-Method2_15.mp3",
		"duration": 780,
		"size": "2.5M",
		"albumName": "《真道分解》查经法（2）释经原则",
		"albumId": 484,
		"id": 484888194,
		"albumtitle": "《真道分解》查经法（2）释经原则(15)"
	},
	{
		"title": "第16讲：历史文化背景（原则）",
		"path": "http://audio.lyzhendao.net/biblexpo/be/BE-Method2_16.mp3",
		"duration": 780,
		"size": "2.5M",
		"albumName": "《真道分解》查经法（2）释经原则",
		"albumId": 484,
		"id": 484888195,
		"albumtitle": "《真道分解》查经法（2）释经原则(16)"
	},
	{
		"title": "第17讲：历史文化背景（政治）",
		"path": "http://audio.lyzhendao.net/biblexpo/be/BE-Method2_17.mp3",
		"duration": 780,
		"size": "2.5M",
		"albumName": "《真道分解》查经法（2）释经原则",
		"albumId": 484,
		"id": 484888196,
		"albumtitle": "《真道分解》查经法（2）释经原则(17)"
	},
	{
		"title": "第18讲：历史文化背景（家教）",
		"path": "http://audio.lyzhendao.net/biblexpo/be/BE-Method2_18.mp3",
		"duration": 780,
		"size": "2.5M",
		"albumName": "《真道分解》查经法（2）释经原则",
		"albumId": 484,
		"id": 484888197,
		"albumtitle": "《真道分解》查经法（2）释经原则(18)"
	},
	{
		"title": "第19讲：历史文化背景（风俗）",
		"path": "http://audio.lyzhendao.net/biblexpo/be/BE-Method2_19.mp3",
		"duration": 780,
		"size": "2.5M",
		"albumName": "《真道分解》查经法（2）释经原则",
		"albumId": 484,
		"id": 484888198,
		"albumtitle": "《真道分解》查经法（2）释经原则(19)"
	},
	{
		"title": "第20讲：历史文化背景（经济、地理）",
		"path": "http://audio.lyzhendao.net/biblexpo/be/BE-Method2_20.mp3",
		"duration": 780,
		"size": "2.5M",
		"albumName": "《真道分解》查经法（2）释经原则",
		"albumId": 484,
		"id": 484888199,
		"albumtitle": "《真道分解》查经法（2）释经原则(20)"
	},
	{
		"title": "第21讲：第二部分总结",
		"path": "http://audio.lyzhendao.net/biblexpo/be/BE-Method2_21.mp3",
		"duration": 780,
		"size": "2.5M",
		"albumName": "《真道分解》查经法（2）释经原则",
		"albumId": 484,
		"id": 484888200,
		"albumtitle": "《真道分解》查经法（2）释经原则(21)"
	}
]