[
	{
		"title": "第1课：所罗门：有神同在必然兴盛（代下1:1- 2:1）",
		"path": "http://audio.lyzhendao.net/biblexpo/be/BE-Chronicles-11.mp3",
		"duration": 1200,
		"size": "3.8M",
		"albumName": "《真道分解》历代志下",
		"albumId": 413,
		"id": 413888180,
		"albumtitle": "《真道分解》历代志下(1)",
		"artistId": 0,
		"artistName": ""
	},
	{
		"title": "第2课：所罗门：按真理祷告的必蒙垂听",
		"path": "http://audio.lyzhendao.net/biblexpo/be/BE-Chronicles-12.mp3",
		"duration": 1200,
		"size": "3.8M",
		"albumName": "《真道分解》历代志下",
		"albumId": 413,
		"id": 413888181,
		"albumtitle": "《真道分解》历代志下(2)",
		"artistId": 0,
		"artistName": ""
	},
	{
		"title": "第3课：罗波安：自卑的必蒙拯救",
		"path": "http://audio.lyzhendao.net/biblexpo/be/BE-Chronicles-13.mp3",
		"duration": 1200,
		"size": "3.8M",
		"albumName": "《真道分解》历代志下",
		"albumId": 413,
		"id": 413888182,
		"albumtitle": "《真道分解》历代志下(3)",
		"artistId": 0,
		"artistName": ""
	},
	{
		"title": "第4课：亚比雅：呼求耶和华的必得帮助",
		"path": "http://audio.lyzhendao.net/biblexpo/be/BE-Chronicles-14.mp3",
		"duration": 1200,
		"size": "3.8M",
		"albumName": "《真道分解》历代志下",
		"albumId": 413,
		"id": 413888183,
		"albumtitle": "《真道分解》历代志下(4)",
		"artistId": 0,
		"artistName": ""
	},
	{
		"title": "第5课：亚撒：除掉偶像是复兴之路",
		"path": "http://audio.lyzhendao.net/biblexpo/be/BE-Chronicles-15.mp3",
		"duration": 1200,
		"size": "3.8M",
		"albumName": "《真道分解》历代志下",
		"albumId": 413,
		"id": 413888184,
		"albumtitle": "《真道分解》历代志下(5)",
		"artistId": 0,
		"artistName": ""
	},
	{
		"title": "第6课：约沙法：与恶人同行祸及后代（代下17-20章）",
		"path": "http://audio.lyzhendao.net/biblexpo/be/BE-Chronicles-16.mp3",
		"duration": 1200,
		"size": "3.8M",
		"albumName": "《真道分解》历代志下",
		"albumId": 413,
		"id": 413888185,
		"albumtitle": "《真道分解》历代志下(6)",
		"artistId": 0,
		"artistName": ""
	},
	{
		"title": "第7课：约兰与亚哈谢：行事偏邪的必受咒诅（代下21-22章）",
		"path": "http://audio.lyzhendao.net/biblexpo/be/BE-Chronicles-17.mp3",
		"duration": 1200,
		"size": "3.8M",
		"albumName": "《真道分解》历代志下",
		"albumId": 413,
		"id": 413888186,
		"albumtitle": "《真道分解》历代志下(7)",
		"artistId": 0,
		"artistName": ""
	},
	{
		"title": "第8课：约阿施：没有属灵定见的必招困苦（代下23-24章）",
		"path": "http://audio.lyzhendao.net/biblexpo/be/BE-Chronicles-18.mp3",
		"duration": 1200,
		"size": "3.8M",
		"albumName": "《真道分解》历代志下",
		"albumId": 413,
		"id": 413888187,
		"albumtitle": "《真道分解》历代志下(8)",
		"artistId": 0,
		"artistName": ""
	},
	{
		"title": "第9课：亚玛谢：心不专诚的不得福荫",
		"path": "http://audio.lyzhendao.net/biblexpo/be/BE-Chronicles-19.mp3",
		"duration": 1200,
		"size": "3.8M",
		"albumName": "《真道分解》历代志下",
		"albumId": 413,
		"id": 413888188,
		"albumtitle": "《真道分解》历代志下(9)",
		"artistId": 0,
		"artistName": ""
	},
	{
		"title": "第10课：乌西雅：定意寻求神的必然亨通（代下26章）",
		"path": "http://audio.lyzhendao.net/biblexpo/be/BE-Chronicles-20.mp3",
		"duration": 1200,
		"size": "3.8M",
		"albumName": "《真道分解》历代志下",
		"albumId": 413,
		"id": 413888189,
		"albumtitle": "《真道分解》历代志下(10)",
		"artistId": 0,
		"artistName": ""
	},
	{
		"title": "第11课：约坦：正直的必见兴盛（代下27章）",
		"path": "http://audio.lyzhendao.net/biblexpo/be/BE-Chronicles-21.mp3",
		"duration": 1200,
		"size": "3.8M",
		"albumName": "《真道分解》历代志下",
		"albumId": 413,
		"id": 413888190,
		"albumtitle": "《真道分解》历代志下(11)",
		"artistId": 0,
		"artistName": ""
	},
	{
		"title": "第12课：亚哈斯：拜偶像的必致失败（代下28章）",
		"path": "http://audio.lyzhendao.net/biblexpo/be/BE-Chronicles-22.mp3",
		"duration": 1200,
		"size": "3.8M",
		"albumName": "《真道分解》历代志下",
		"albumId": 413,
		"id": 413888191,
		"albumtitle": "《真道分解》历代志下(12)",
		"artistId": 0,
		"artistName": ""
	},
	{
		"title": "第13课：希西家：热心持久才有好处（代下29-32章）",
		"path": "http://audio.lyzhendao.net/biblexpo/be/BE-Chronicles-23.mp3",
		"duration": 1200,
		"size": "3.8M",
		"albumName": "《真道分解》历代志下",
		"albumId": 413,
		"id": 413888192,
		"albumtitle": "《真道分解》历代志下(13)",
		"artistId": 0,
		"artistName": ""
	},
	{
		"title": "第14课：玛拿西：悔罪的必蒙赦免（代下33章）",
		"path": "http://audio.lyzhendao.net/biblexpo/be/BE-Chronicles-24.mp3",
		"duration": 1200,
		"size": "3.8M",
		"albumName": "《真道分解》历代志下",
		"albumId": 413,
		"id": 413888193,
		"albumtitle": "《真道分解》历代志下(14)",
		"artistId": 0,
		"artistName": ""
	},
	{
		"title": "第15课：约西亚：谨守律法的荣神益人（代下34章）",
		"path": "http://audio.lyzhendao.net/biblexpo/be/BE-Chronicles-25.mp3",
		"duration": 1200,
		"size": "3.8M",
		"albumName": "《真道分解》历代志下",
		"albumId": 413,
		"id": 413888194,
		"albumtitle": "《真道分解》历代志下(15)",
		"artistId": 0,
		"artistName": ""
	},
	{
		"title": "第16课：约哈斯、约雅敬、约雅斤：不悔不改的悲剧重现（代下36:1-9）",
		"path": "http://audio.lyzhendao.net/biblexpo/be/BE-Chronicles-26.mp3",
		"duration": 1200,
		"size": "3.8M",
		"albumName": "《真道分解》历代志下",
		"albumId": 413,
		"id": 413888195,
		"albumtitle": "《真道分解》历代志下(16)",
		"artistId": 0,
		"artistName": ""
	},
	{
		"title": "第17课：西底家：国亡却不被神遗忘（代下36:10-23）",
		"path": "http://audio.lyzhendao.net/biblexpo/be/BE-Chronicles-27.mp3",
		"duration": 1200,
		"size": "3.8M",
		"albumName": "《真道分解》历代志下",
		"albumId": 413,
		"id": 413888196,
		"albumtitle": "《真道分解》历代志下(17)",
		"artistId": 0,
		"artistName": ""
	}
]