[
	{
		"title": "系列一：第 1 讲：导论──从历史角度、真理启示介绍创世记",
		"path": "http://audio.lyzhendao.net/biblexpo/be/BE-Genesis01.mp3",
		"duration": 1760,
		"size": "4.8M",
		"albumName": "《真道分解》创世记",
		"albumId": 401,
		"id": 401888180,
		"albumtitle": "《真道分解》创世记(1)",
		"artistId": 0,
		"artistName": ""
	},
	{
		"title": "系列一：第 2 讲：从六日创造的记录来认识神（创1:1-31）",
		"path": "http://audio.lyzhendao.net/biblexpo/be/BE-Genesis02.mp3",
		"duration": 1760,
		"size": "4.8M",
		"albumName": "《真道分解》创世记",
		"albumId": 401,
		"id": 401888181,
		"albumtitle": "《真道分解》创世记(2)",
		"artistId": 0,
		"artistName": ""
	},
	{
		"title": "系列一：第 3 讲：神创造人（创2:7-17）",
		"path": "http://audio.lyzhendao.net/biblexpo/be/BE-Genesis03.mp3",
		"duration": 1760,
		"size": "4.8M",
		"albumName": "《真道分解》创世记",
		"albumId": 401,
		"id": 401888182,
		"albumtitle": "《真道分解》创世记(3)",
		"artistId": 0,
		"artistName": ""
	},
	{
		"title": "系列一：第 4 讲：神为人预备配偶（创2:18-25）",
		"path": "http://audio.lyzhendao.net/biblexpo/be/BE-Genesis04.mp3",
		"duration": 1760,
		"size": "4.8M",
		"albumName": "《真道分解》创世记",
		"albumId": 401,
		"id": 401888183,
		"albumtitle": "《真道分解》创世记(4)",
		"artistId": 0,
		"artistName": ""
	},
	{
		"title": "系列一：第 5 讲：神如何看待犯了罪的亚当和夏娃（创3:1-4:26）",
		"path": "http://audio.lyzhendao.net/biblexpo/be/BE-Genesis05.mp3",
		"duration": 1760,
		"size": "4.8M",
		"albumName": "《真道分解》创世记",
		"albumId": 401,
		"id": 401888184,
		"albumtitle": "《真道分解》创世记(5)",
		"artistId": 0,
		"artistName": ""
	},
	{
		"title": "系列一：第 6 讲：圣经为何要记载人物的名字？（创4:16-5:24）",
		"path": "http://audio.lyzhendao.net/biblexpo/be/BE-Genesis06.mp3",
		"duration": 1760,
		"size": "4.8M",
		"albumName": "《真道分解》创世记",
		"albumId": 401,
		"id": 401888185,
		"albumtitle": "《真道分解》创世记(6)",
		"artistId": 0,
		"artistName": ""
	},
	{
		"title": "系列一：第 7 讲：耶和华神借洪水审判世界（创6:1-9:17）",
		"path": "http://audio.lyzhendao.net/biblexpo/be/BE-Genesis07.mp3",
		"duration": 1760,
		"size": "4.8M",
		"albumName": "《真道分解》创世记",
		"albumId": 401,
		"id": 401888186,
		"albumtitle": "《真道分解》创世记(7)",
		"artistId": 0,
		"artistName": ""
	},
	{
		"title": "系列一：第 8 讲：洪水后人类历史新开始及亚伯拉罕的生平（创9:18-12:9）",
		"path": "http://audio.lyzhendao.net/biblexpo/be/BE-Genesis08.mp3",
		"duration": 1760,
		"size": "4.8M",
		"albumName": "《真道分解》创世记",
		"albumId": 401,
		"id": 401888187,
		"albumtitle": "《真道分解》创世记(8)",
		"artistId": 0,
		"artistName": ""
	},
	{
		"title": "系列一：第 9 讲：亚伯拉罕的信心考验和成长（创12:10-13:18）",
		"path": "http://audio.lyzhendao.net/biblexpo/be/BE-Genesis09.mp3",
		"duration": 1760,
		"size": "4.8M",
		"albumName": "《真道分解》创世记",
		"albumId": 401,
		"id": 401888188,
		"albumtitle": "《真道分解》创世记(9)",
		"artistId": 0,
		"artistName": ""
	},
	{
		"title": "系列一：第10讲：亚伯拉罕的争战、神对他的应许和赐福（创14:1-15:21）",
		"path": "http://audio.lyzhendao.net/biblexpo/be/BE-Genesis10.mp3",
		"duration": 1760,
		"size": "4.8M",
		"albumName": "《真道分解》创世记",
		"albumId": 401,
		"id": 401888189,
		"albumtitle": "《真道分解》创世记(10)",
		"artistId": 0,
		"artistName": ""
	},
	{
		"title": "系列一：第11讲：神看顾亚伯拉罕的家庭（创16:1-17:27）",
		"path": "http://audio.lyzhendao.net/biblexpo/be/BE-Genesis11.mp3",
		"duration": 1760,
		"size": "4.8M",
		"albumName": "《真道分解》创世记",
		"albumId": 401,
		"id": 401888190,
		"albumtitle": "《真道分解》创世记(11)",
		"artistId": 0,
		"artistName": ""
	},
	{
		"title": "系列一：第12讲：神所悦纳的代祷者（创18:1-19:38）",
		"path": "http://audio.lyzhendao.net/biblexpo/be/BE-Genesis12.mp3",
		"duration": 1760,
		"size": "4.8M",
		"albumName": "《真道分解》创世记",
		"albumId": 401,
		"id": 401888191,
		"albumtitle": "《真道分解》创世记(12)",
		"artistId": 0,
		"artistName": ""
	},
	{
		"title": "系列一：第13讲：亚伯拉罕信心软弱和操练、神的宽容和保守（创20:1-21:34）",
		"path": "http://audio.lyzhendao.net/biblexpo/be/BE-Genesis13.mp3",
		"duration": 1760,
		"size": "4.8M",
		"albumName": "《真道分解》创世记",
		"albumId": 401,
		"id": 401888192,
		"albumtitle": "《真道分解》创世记(13)",
		"artistId": 0,
		"artistName": ""
	},
	{
		"title": "系列一：第14讲：亚伯拉罕奉献儿子的信心（创22:1-23:20）",
		"path": "http://audio.lyzhendao.net/biblexpo/be/BE-Genesis14.mp3",
		"duration": 1760,
		"size": "4.8M",
		"albumName": "《真道分解》创世记",
		"albumId": 401,
		"id": 401888193,
		"albumtitle": "《真道分解》创世记(14)",
		"artistId": 0,
		"artistName": ""
	},
	{
		"title": "系列一：第15讲：以撒的婚姻、以撒的儿子（创24-25、27-28章）",
		"path": "http://audio.lyzhendao.net/biblexpo/be/BE-Genesis15.mp3",
		"duration": 1760,
		"size": "4.8M",
		"albumName": "《真道分解》创世记",
		"albumId": 401,
		"id": 401888194,
		"albumtitle": "《真道分解》创世记(15)",
		"artistId": 0,
		"artistName": ""
	},
	{
		"title": "系列一：第16讲：神与以撒同在、以撒的性情和品格（创26章）",
		"path": "http://audio.lyzhendao.net/biblexpo/be/BE-Genesis16.mp3",
		"duration": 1760,
		"size": "4.8M",
		"albumName": "《真道分解》创世记",
		"albumId": 401,
		"id": 401888195,
		"albumtitle": "《真道分解》创世记(16)",
		"artistId": 0,
		"artistName": ""
	},
	{
		"title": "系列一：第17讲：雅各的人生（创25、27-28章）",
		"path": "http://audio.lyzhendao.net/biblexpo/be/BE-Genesis17.mp3",
		"duration": 1760,
		"size": "4.8M",
		"albumName": "《真道分解》创世记",
		"albumId": 401,
		"id": 401888196,
		"albumtitle": "《真道分解》创世记(17)",
		"artistId": 0,
		"artistName": ""
	},
	{
		"title": "系列一：第18讲：雅各的婚姻和事业（创29:1-31:55）",
		"path": "http://audio.lyzhendao.net/biblexpo/be/BE-Genesis18.mp3",
		"duration": 1760,
		"size": "4.8M",
		"albumName": "《真道分解》创世记",
		"albumId": 401,
		"id": 401888197,
		"albumtitle": "《真道分解》创世记(18)",
		"artistId": 0,
		"artistName": ""
	},
	{
		"title": "系列一：第19讲：雅各属灵生命的成长和改变（创32:1-33:20）",
		"path": "http://audio.lyzhendao.net/biblexpo/be/BE-Genesis19.mp3",
		"duration": 1760,
		"size": "4.8M",
		"albumName": "《真道分解》创世记",
		"albumId": 401,
		"id": 401888198,
		"albumtitle": "《真道分解》创世记(19)",
		"artistId": 0,
		"artistName": ""
	},
	{
		"title": "系列一：第20讲：雅各和儿子约瑟在生命上经历的功课（创35、37、39章）",
		"path": "http://audio.lyzhendao.net/biblexpo/be/BE-Genesis20.mp3",
		"duration": 1760,
		"size": "4.8M",
		"albumName": "《真道分解》创世记",
		"albumId": 401,
		"id": 401888199,
		"albumtitle": "《真道分解》创世记(20)",
		"artistId": 0,
		"artistName": ""
	},
	{
		"title": "系列一：第21讲：雅各的儿子犹大、神怎样带领约瑟（创38、40-41章）",
		"path": "http://audio.lyzhendao.net/biblexpo/be/BE-Genesis21.mp3",
		"duration": 1760,
		"size": "4.8M",
		"albumName": "《真道分解》创世记",
		"albumId": 401,
		"id": 401888200,
		"albumtitle": "《真道分解》创世记(21)",
		"artistId": 0,
		"artistName": ""
	},
	{
		"title": "系列一：第22讲：约瑟和兄弟相认、雅各晚年对人生的反省（创42-47章）",
		"path": "http://audio.lyzhendao.net/biblexpo/be/BE-Genesis22.mp3",
		"duration": 1760,
		"size": "4.8M",
		"albumName": "《真道分解》创世记",
		"albumId": 401,
		"id": 401888201,
		"albumtitle": "《真道分解》创世记(22)",
		"artistId": 0,
		"artistName": ""
	},
	{
		"title": "系列一：第23讲：雅各晚年对神的认识、约瑟察验神的旨意（创47-50章）（完）",
		"path": "http://audio.lyzhendao.net/biblexpo/be/BE-Genesis23.mp3",
		"duration": 1760,
		"size": "4.8M",
		"albumName": "《真道分解》创世记",
		"albumId": 401,
		"id": 401888202,
		"albumtitle": "《真道分解》创世记(23)",
		"artistId": 0,
		"artistName": ""
	},
	{
		"title": "系列二：第 1 讲：导论",
		"path": "http://audio.lyzhendao.net/biblexpo/be/BE-Genesis2_01.mp3",
		"duration": 1760,
		"size": "4.8M",
		"albumName": "《真道分解》创世记",
		"albumId": 401,
		"id": 401888203,
		"albumtitle": "《真道分解》创世记(24)",
		"artistId": 0,
		"artistName": ""
	},
	{
		"title": "系列二：第 2 讲：创1章",
		"path": "http://audio.lyzhendao.net/biblexpo/be/BE-Genesis2_02.mp3",
		"duration": 1760,
		"size": "4.8M",
		"albumName": "《真道分解》创世记",
		"albumId": 401,
		"id": 401888204,
		"albumtitle": "《真道分解》创世记(25)",
		"artistId": 0,
		"artistName": ""
	},
	{
		"title": "系列二：第 3 讲：创2章",
		"path": "http://audio.lyzhendao.net/biblexpo/be/BE-Genesis2_03.mp3",
		"duration": 1760,
		"size": "4.8M",
		"albumName": "《真道分解》创世记",
		"albumId": 401,
		"id": 401888205,
		"albumtitle": "《真道分解》创世记(26)",
		"artistId": 0,
		"artistName": ""
	},
	{
		"title": "系列二：第 4 讲：创3章",
		"path": "http://audio.lyzhendao.net/biblexpo/be/BE-Genesis2_04.mp3",
		"duration": 1760,
		"size": "4.8M",
		"albumName": "《真道分解》创世记",
		"albumId": 401,
		"id": 401888206,
		"albumtitle": "《真道分解》创世记(27)",
		"artistId": 0,
		"artistName": ""
	},
	{
		"title": "系列二：第 5 讲：创4章",
		"path": "http://audio.lyzhendao.net/biblexpo/be/BE-Genesis2_05.mp3",
		"duration": 1760,
		"size": "4.8M",
		"albumName": "《真道分解》创世记",
		"albumId": 401,
		"id": 401888207,
		"albumtitle": "《真道分解》创世记(28)",
		"artistId": 0,
		"artistName": ""
	},
	{
		"title": "系列二：第 6 讲：创5章",
		"path": "http://audio.lyzhendao.net/biblexpo/be/BE-Genesis2_06.mp3",
		"duration": 1760,
		"size": "4.8M",
		"albumName": "《真道分解》创世记",
		"albumId": 401,
		"id": 401888208,
		"albumtitle": "《真道分解》创世记(29)",
		"artistId": 0,
		"artistName": ""
	},
	{
		"title": "系列二：第 7 讲：创6:1-8",
		"path": "http://audio.lyzhendao.net/biblexpo/be/BE-Genesis2_07.mp3",
		"duration": 1760,
		"size": "4.8M",
		"albumName": "《真道分解》创世记",
		"albumId": 401,
		"id": 401888209,
		"albumtitle": "《真道分解》创世记(30)",
		"artistId": 0,
		"artistName": ""
	},
	{
		"title": "系列二：第 8 讲：创6:9-7:9",
		"path": "http://audio.lyzhendao.net/biblexpo/be/BE-Genesis2_08.mp3",
		"duration": 1760,
		"size": "4.8M",
		"albumName": "《真道分解》创世记",
		"albumId": 401,
		"id": 401888210,
		"albumtitle": "《真道分解》创世记(31)",
		"artistId": 0,
		"artistName": ""
	},
	{
		"title": "系列二：第 9 讲：创7:10-8:19",
		"path": "http://audio.lyzhendao.net/biblexpo/be/BE-Genesis2_09.mp3",
		"duration": 1760,
		"size": "4.8M",
		"albumName": "《真道分解》创世记",
		"albumId": 401,
		"id": 401888211,
		"albumtitle": "《真道分解》创世记(32)",
		"artistId": 0,
		"artistName": ""
	},
	{
		"title": "系列二：第10讲：创8:20-9:7",
		"path": "http://audio.lyzhendao.net/biblexpo/be/BE-Genesis2_10.mp3",
		"duration": 1760,
		"size": "4.8M",
		"albumName": "《真道分解》创世记",
		"albumId": 401,
		"id": 401888212,
		"albumtitle": "《真道分解》创世记(33)",
		"artistId": 0,
		"artistName": ""
	},
	{
		"title": "系列二：第11讲：创9:8-17",
		"path": "http://audio.lyzhendao.net/biblexpo/be/BE-Genesis2_11.mp3",
		"duration": 1760,
		"size": "4.8M",
		"albumName": "《真道分解》创世记",
		"albumId": 401,
		"id": 401888213,
		"albumtitle": "《真道分解》创世记(34)",
		"artistId": 0,
		"artistName": ""
	},
	{
		"title": "系列二：第12讲：创10章（上）",
		"path": "http://audio.lyzhendao.net/biblexpo/be/BE-Genesis2_12.mp3",
		"duration": 1760,
		"size": "4.8M",
		"albumName": "《真道分解》创世记",
		"albumId": 401,
		"id": 401888214,
		"albumtitle": "《真道分解》创世记(35)",
		"artistId": 0,
		"artistName": ""
	},
	{
		"title": "系列二：第13讲：创10章（下）-11章",
		"path": "http://audio.lyzhendao.net/biblexpo/be/BE-Genesis2_13.mp3",
		"duration": 1760,
		"size": "4.8M",
		"albumName": "《真道分解》创世记",
		"albumId": 401,
		"id": 401888215,
		"albumtitle": "《真道分解》创世记(36)",
		"artistId": 0,
		"artistName": ""
	},
	{
		"title": "系列二：第14讲：创11章-12:7",
		"path": "http://audio.lyzhendao.net/biblexpo/be/BE-Genesis2_14.mp3",
		"duration": 1760,
		"size": "4.8M",
		"albumName": "《真道分解》创世记",
		"albumId": 401,
		"id": 401888216,
		"albumtitle": "《真道分解》创世记(37)",
		"artistId": 0,
		"artistName": ""
	},
	{
		"title": "系列二：第15讲：创12:8-20",
		"path": "http://audio.lyzhendao.net/biblexpo/be/BE-Genesis2_15.mp3",
		"duration": 1760,
		"size": "4.8M",
		"albumName": "《真道分解》创世记",
		"albumId": 401,
		"id": 401888217,
		"albumtitle": "《真道分解》创世记(38)",
		"artistId": 0,
		"artistName": ""
	},
	{
		"title": "系列二：第16讲：创13章",
		"path": "http://audio.lyzhendao.net/biblexpo/be/BE-Genesis2_16.mp3",
		"duration": 1760,
		"size": "4.8M",
		"albumName": "《真道分解》创世记",
		"albumId": 401,
		"id": 401888218,
		"albumtitle": "《真道分解》创世记(39)",
		"artistId": 0,
		"artistName": ""
	},
	{
		"title": "系列二：第17讲：创14章（上）",
		"path": "http://audio.lyzhendao.net/biblexpo/be/BE-Genesis2_17.mp3",
		"duration": 1760,
		"size": "4.8M",
		"albumName": "《真道分解》创世记",
		"albumId": 401,
		"id": 401888219,
		"albumtitle": "《真道分解》创世记(40)",
		"artistId": 0,
		"artistName": ""
	},
	{
		"title": "系列二：第18讲：创14章（下）",
		"path": "http://audio.lyzhendao.net/biblexpo/be/BE-Genesis2_18.mp3",
		"duration": 1760,
		"size": "4.8M",
		"albumName": "《真道分解》创世记",
		"albumId": 401,
		"id": 401888220,
		"albumtitle": "《真道分解》创世记(41)",
		"artistId": 0,
		"artistName": ""
	},
	{
		"title": "系列二：第19讲：创15章",
		"path": "http://audio.lyzhendao.net/biblexpo/be/BE-Genesis2_19.mp3",
		"duration": 1760,
		"size": "4.8M",
		"albumName": "《真道分解》创世记",
		"albumId": 401,
		"id": 401888221,
		"albumtitle": "《真道分解》创世记(42)",
		"artistId": 0,
		"artistName": ""
	},
	{
		"title": "系列二：第20讲：创16章（上）",
		"path": "http://audio.lyzhendao.net/biblexpo/be/BE-Genesis2_20.mp3",
		"duration": 1760,
		"size": "4.8M",
		"albumName": "《真道分解》创世记",
		"albumId": 401,
		"id": 401888222,
		"albumtitle": "《真道分解》创世记(43)",
		"artistId": 0,
		"artistName": ""
	},
	{
		"title": "系列二：第21讲：创16章（下）-17章（上）",
		"path": "http://audio.lyzhendao.net/biblexpo/be/BE-Genesis2_21.mp3",
		"duration": 1760,
		"size": "4.8M",
		"albumName": "《真道分解》创世记",
		"albumId": 401,
		"id": 401888223,
		"albumtitle": "《真道分解》创世记(44)",
		"artistId": 0,
		"artistName": ""
	},
	{
		"title": "系列二：第22讲：创17章（下）",
		"path": "http://audio.lyzhendao.net/biblexpo/be/BE-Genesis2_22.mp3",
		"duration": 1760,
		"size": "4.8M",
		"albumName": "《真道分解》创世记",
		"albumId": 401,
		"id": 401888224,
		"albumtitle": "《真道分解》创世记(45)",
		"artistId": 0,
		"artistName": ""
	},
	{
		"title": "系列二：第23讲：创18章",
		"path": "http://audio.lyzhendao.net/biblexpo/be/BE-Genesis2_23.mp3",
		"duration": 1760,
		"size": "4.8M",
		"albumName": "《真道分解》创世记",
		"albumId": 401,
		"id": 401888225,
		"albumtitle": "《真道分解》创世记(46)",
		"artistId": 0,
		"artistName": ""
	},
	{
		"title": "系列二：第24讲：创19章（上）",
		"path": "http://audio.lyzhendao.net/biblexpo/be/BE-Genesis2_24.mp3",
		"duration": 1760,
		"size": "4.8M",
		"albumName": "《真道分解》创世记",
		"albumId": 401,
		"id": 401888226,
		"albumtitle": "《真道分解》创世记(47)",
		"artistId": 0,
		"artistName": ""
	},
	{
		"title": "系列二：第25讲：创19章（下）",
		"path": "http://audio.lyzhendao.net/biblexpo/be/BE-Genesis2_25.mp3",
		"duration": 1760,
		"size": "4.8M",
		"albumName": "《真道分解》创世记",
		"albumId": 401,
		"id": 401888227,
		"albumtitle": "《真道分解》创世记(48)",
		"artistId": 0,
		"artistName": ""
	},
	{
		"title": "系列二：第26讲：创20章",
		"path": "http://audio.lyzhendao.net/biblexpo/be/BE-Genesis2_26.mp3",
		"duration": 1760,
		"size": "4.8M",
		"albumName": "《真道分解》创世记",
		"albumId": 401,
		"id": 401888228,
		"albumtitle": "《真道分解》创世记(49)",
		"artistId": 0,
		"artistName": ""
	},
	{
		"title": "系列二：第27讲：创21章",
		"path": "http://audio.lyzhendao.net/biblexpo/be/BE-Genesis2_27.mp3",
		"duration": 1760,
		"size": "4.8M",
		"albumName": "《真道分解》创世记",
		"albumId": 401,
		"id": 401888229,
		"albumtitle": "《真道分解》创世记(50)",
		"artistId": 0,
		"artistName": ""
	},
	{
		"title": "系列二：第28讲：创22章",
		"path": "http://audio.lyzhendao.net/biblexpo/be/BE-Genesis2_28.mp3",
		"duration": 1760,
		"size": "4.8M",
		"albumName": "《真道分解》创世记",
		"albumId": 401,
		"id": 401888230,
		"albumtitle": "《真道分解》创世记(51)",
		"artistId": 0,
		"artistName": ""
	},
	{
		"title": "系列二：第29讲：创23章",
		"path": "http://audio.lyzhendao.net/biblexpo/be/BE-Genesis2_29.mp3",
		"duration": 1760,
		"size": "4.8M",
		"albumName": "《真道分解》创世记",
		"albumId": 401,
		"id": 401888231,
		"albumtitle": "《真道分解》创世记(52)",
		"artistId": 0,
		"artistName": ""
	},
	{
		"title": "系列二：第30讲：创24章（上）",
		"path": "http://audio.lyzhendao.net/biblexpo/be/BE-Genesis2_30.mp3",
		"duration": 1760,
		"size": "4.8M",
		"albumName": "《真道分解》创世记",
		"albumId": 401,
		"id": 401888232,
		"albumtitle": "《真道分解》创世记(53)",
		"artistId": 0,
		"artistName": ""
	},
	{
		"title": "系列二：第31讲：创24章（下）",
		"path": "http://audio.lyzhendao.net/biblexpo/be/BE-Genesis2_31.mp3",
		"duration": 1760,
		"size": "4.8M",
		"albumName": "《真道分解》创世记",
		"albumId": 401,
		"id": 401888233,
		"albumtitle": "《真道分解》创世记(54)",
		"artistId": 0,
		"artistName": ""
	},
	{
		"title": "系列二：第32讲：创25章",
		"path": "http://audio.lyzhendao.net/biblexpo/be/BE-Genesis2_32.mp3",
		"duration": 1760,
		"size": "4.8M",
		"albumName": "《真道分解》创世记",
		"albumId": 401,
		"id": 401888234,
		"albumtitle": "《真道分解》创世记(55)",
		"artistId": 0,
		"artistName": ""
	},
	{
		"title": "系列二：第33讲：创26章",
		"path": "http://audio.lyzhendao.net/biblexpo/be/BE-Genesis2_33.mp3",
		"duration": 1760,
		"size": "4.8M",
		"albumName": "《真道分解》创世记",
		"albumId": 401,
		"id": 401888235,
		"albumtitle": "《真道分解》创世记(56)",
		"artistId": 0,
		"artistName": ""
	},
	{
		"title": "系列二：第34讲：创27:1-28:9（上）",
		"path": "http://audio.lyzhendao.net/biblexpo/be/BE-Genesis2_34.mp3",
		"duration": 1760,
		"size": "4.8M",
		"albumName": "《真道分解》创世记",
		"albumId": 401,
		"id": 401888236,
		"albumtitle": "《真道分解》创世记(57)",
		"artistId": 0,
		"artistName": ""
	},
	{
		"title": "系列二：第35讲：创27:1-28:9（下）",
		"path": "http://audio.lyzhendao.net/biblexpo/be/BE-Genesis2_35.mp3",
		"duration": 1760,
		"size": "4.8M",
		"albumName": "《真道分解》创世记",
		"albumId": 401,
		"id": 401888237,
		"albumtitle": "《真道分解》创世记(58)",
		"artistId": 0,
		"artistName": ""
	},
	{
		"title": "系列二：第36讲：创28:10-22",
		"path": "http://audio.lyzhendao.net/biblexpo/be/BE-Genesis2_36.mp3",
		"duration": 1760,
		"size": "4.8M",
		"albumName": "《真道分解》创世记",
		"albumId": 401,
		"id": 401888238,
		"albumtitle": "《真道分解》创世记(59)",
		"artistId": 0,
		"artistName": ""
	},
	{
		"title": "系列二：第37讲：创29:1-30",
		"path": "http://audio.lyzhendao.net/biblexpo/be/BE-Genesis2_37.mp3",
		"duration": 1760,
		"size": "4.8M",
		"albumName": "《真道分解》创世记",
		"albumId": 401,
		"id": 401888239,
		"albumtitle": "《真道分解》创世记(60)",
		"artistId": 0,
		"artistName": ""
	},
	{
		"title": "系列二：第38讲：创29:31-30:24",
		"path": "http://audio.lyzhendao.net/biblexpo/be/BE-Genesis2_38.mp3",
		"duration": 1760,
		"size": "4.8M",
		"albumName": "《真道分解》创世记",
		"albumId": 401,
		"id": 401888240,
		"albumtitle": "《真道分解》创世记(61)",
		"artistId": 0,
		"artistName": ""
	},
	{
		"title": "系列二：第39讲：创30:25-43",
		"path": "http://audio.lyzhendao.net/biblexpo/be/BE-Genesis2_39.mp3",
		"duration": 1760,
		"size": "4.8M",
		"albumName": "《真道分解》创世记",
		"albumId": 401,
		"id": 401888241,
		"albumtitle": "《真道分解》创世记(62)",
		"artistId": 0,
		"artistName": ""
	},
	{
		"title": "系列二：第40讲：创31:21-32:2",
		"path": "http://audio.lyzhendao.net/biblexpo/be/BE-Genesis2_40.mp3",
		"duration": 1760,
		"size": "4.8M",
		"albumName": "《真道分解》创世记",
		"albumId": 401,
		"id": 401888242,
		"albumtitle": "《真道分解》创世记(63)",
		"artistId": 0,
		"artistName": ""
	},
	{
		"title": "系列二：第41讲：创32:3-21",
		"path": "http://audio.lyzhendao.net/biblexpo/be/BE-Genesis2_41.mp3",
		"duration": 1760,
		"size": "4.8M",
		"albumName": "《真道分解》创世记",
		"albumId": 401,
		"id": 401888243,
		"albumtitle": "《真道分解》创世记(64)",
		"artistId": 0,
		"artistName": ""
	},
	{
		"title": "系列二：第42讲：创32:22-33:20",
		"path": "http://audio.lyzhendao.net/biblexpo/be/BE-Genesis2_42.mp3",
		"duration": 1760,
		"size": "4.8M",
		"albumName": "《真道分解》创世记",
		"albumId": 401,
		"id": 401888244,
		"albumtitle": "《真道分解》创世记(65)",
		"artistId": 0,
		"artistName": ""
	},
	{
		"title": "系列二：第43讲：创34:1-31",
		"path": "http://audio.lyzhendao.net/biblexpo/be/BE-Genesis2_43.mp3",
		"duration": 1760,
		"size": "4.8M",
		"albumName": "《真道分解》创世记",
		"albumId": 401,
		"id": 401888245,
		"albumtitle": "《真道分解》创世记(66)",
		"artistId": 0,
		"artistName": ""
	},
	{
		"title": "系列二：第44讲：创34:31-35:15",
		"path": "http://audio.lyzhendao.net/biblexpo/be/BE-Genesis2_44.mp3",
		"duration": 1760,
		"size": "4.8M",
		"albumName": "《真道分解》创世记",
		"albumId": 401,
		"id": 401888246,
		"albumtitle": "《真道分解》创世记(67)",
		"artistId": 0,
		"artistName": ""
	},
	{
		"title": "系列二：第45讲：创35:16-36",
		"path": "http://audio.lyzhendao.net/biblexpo/be/BE-Genesis2_45.mp3",
		"duration": 1760,
		"size": "4.8M",
		"albumName": "《真道分解》创世记",
		"albumId": 401,
		"id": 401888247,
		"albumtitle": "《真道分解》创世记(68)",
		"artistId": 0,
		"artistName": ""
	},
	{
		"title": "系列二：第46讲：创36章",
		"path": "http://audio.lyzhendao.net/biblexpo/be/BE-Genesis2_46.mp3",
		"duration": 1760,
		"size": "4.8M",
		"albumName": "《真道分解》创世记",
		"albumId": 401,
		"id": 401888248,
		"albumtitle": "《真道分解》创世记(69)",
		"artistId": 0,
		"artistName": ""
	},
	{
		"title": "系列二：第47讲：创37章",
		"path": "http://audio.lyzhendao.net/biblexpo/be/BE-Genesis2_47.mp3",
		"duration": 1760,
		"size": "4.8M",
		"albumName": "《真道分解》创世记",
		"albumId": 401,
		"id": 401888249,
		"albumtitle": "《真道分解》创世记(70)",
		"artistId": 0,
		"artistName": ""
	},
	{
		"title": "系列二：第48讲：创38章",
		"path": "http://audio.lyzhendao.net/biblexpo/be/BE-Genesis2_48.mp3",
		"duration": 1760,
		"size": "4.8M",
		"albumName": "《真道分解》创世记",
		"albumId": 401,
		"id": 401888250,
		"albumtitle": "《真道分解》创世记(71)",
		"artistId": 0,
		"artistName": ""
	},
	{
		"title": "系列二：第49讲：创39章",
		"path": "http://audio.lyzhendao.net/biblexpo/be/BE-Genesis2_49.mp3",
		"duration": 1760,
		"size": "4.8M",
		"albumName": "《真道分解》创世记",
		"albumId": 401,
		"id": 401888251,
		"albumtitle": "《真道分解》创世记(72)",
		"artistId": 0,
		"artistName": ""
	},
	{
		"title": "系列二：第50讲：创40章",
		"path": "http://audio.lyzhendao.net/biblexpo/be/BE-Genesis2_50.mp3",
		"duration": 1760,
		"size": "4.8M",
		"albumName": "《真道分解》创世记",
		"albumId": 401,
		"id": 401888252,
		"albumtitle": "《真道分解》创世记(73)",
		"artistId": 0,
		"artistName": ""
	},
	{
		"title": "系列二：第51讲：创41章",
		"path": "http://audio.lyzhendao.net/biblexpo/be/BE-Genesis2_51.mp3",
		"duration": 1760,
		"size": "4.8M",
		"albumName": "《真道分解》创世记",
		"albumId": 401,
		"id": 401888253,
		"albumtitle": "《真道分解》创世记(74)",
		"artistId": 0,
		"artistName": ""
	},
	{
		"title": "系列二：第52讲：创42章（上）",
		"path": "http://audio.lyzhendao.net/biblexpo/be/BE-Genesis2_52.mp3",
		"duration": 1760,
		"size": "4.8M",
		"albumName": "《真道分解》创世记",
		"albumId": 401,
		"id": 401888254,
		"albumtitle": "《真道分解》创世记(75)",
		"artistId": 0,
		"artistName": ""
	},
	{
		"title": "系列二：第53讲：创42章（下）-43章（上）",
		"path": "http://audio.lyzhendao.net/biblexpo/be/BE-Genesis2_53.mp3",
		"duration": 1760,
		"size": "4.8M",
		"albumName": "《真道分解》创世记",
		"albumId": 401,
		"id": 401888255,
		"albumtitle": "《真道分解》创世记(76)",
		"artistId": 0,
		"artistName": ""
	},
	{
		"title": "系列二：第54讲：创43章（下）-44章",
		"path": "http://audio.lyzhendao.net/biblexpo/be/BE-Genesis2_54.mp3",
		"duration": 1760,
		"size": "4.8M",
		"albumName": "《真道分解》创世记",
		"albumId": 401,
		"id": 401888256,
		"albumtitle": "《真道分解》创世记(77)",
		"artistId": 0,
		"artistName": ""
	},
	{
		"title": "系列二：第55讲：创45章（上）",
		"path": "http://audio.lyzhendao.net/biblexpo/be/BE-Genesis2_55.mp3",
		"duration": 1760,
		"size": "4.8M",
		"albumName": "《真道分解》创世记",
		"albumId": 401,
		"id": 401888257,
		"albumtitle": "《真道分解》创世记(78)",
		"artistId": 0,
		"artistName": ""
	},
	{
		"title": "系列二：第56讲：创45章（下）-46章（上）",
		"path": "http://audio.lyzhendao.net/biblexpo/be/BE-Genesis2_56.mp3",
		"duration": 1760,
		"size": "4.8M",
		"albumName": "《真道分解》创世记",
		"albumId": 401,
		"id": 401888258,
		"albumtitle": "《真道分解》创世记(79)",
		"artistId": 0,
		"artistName": ""
	},
	{
		"title": "系列二：第57讲：创46章（下）-47章（上）",
		"path": "http://audio.lyzhendao.net/biblexpo/be/BE-Genesis2_57.mp3",
		"duration": 1760,
		"size": "4.8M",
		"albumName": "《真道分解》创世记",
		"albumId": 401,
		"id": 401888259,
		"albumtitle": "《真道分解》创世记(80)",
		"artistId": 0,
		"artistName": ""
	},
	{
		"title": "系列二：第58讲：创47章（下）",
		"path": "http://audio.lyzhendao.net/biblexpo/be/BE-Genesis2_58.mp3",
		"duration": 1760,
		"size": "4.8M",
		"albumName": "《真道分解》创世记",
		"albumId": 401,
		"id": 401888260,
		"albumtitle": "《真道分解》创世记(81)",
		"artistId": 0,
		"artistName": ""
	},
	{
		"title": "系列二：第59讲：创48-50章（上）",
		"path": "http://audio.lyzhendao.net/biblexpo/be/BE-Genesis2_59.mp3",
		"duration": 1760,
		"size": "4.8M",
		"albumName": "《真道分解》创世记",
		"albumId": 401,
		"id": 401888261,
		"albumtitle": "《真道分解》创世记(82)",
		"artistId": 0,
		"artistName": ""
	},
	{
		"title": "系列二：第60讲：创48-50章（下）",
		"path": "http://audio.lyzhendao.net/biblexpo/be/BE-Genesis2_60.mp3",
		"duration": 1760,
		"size": "4.8M",
		"albumName": "《真道分解》创世记",
		"albumId": 401,
		"id": 401888262,
		"albumtitle": "《真道分解》创世记(83)",
		"artistId": 0,
		"artistName": ""
	},
	{
		"title": "系列二：第61讲：创49:33-50:26（完）",
		"path": "http://audio.lyzhendao.net/biblexpo/be/BE-Genesis2_61.mp3",
		"duration": 1760,
		"size": "4.8M",
		"albumName": "《真道分解》创世记",
		"albumId": 401,
		"id": 401888263,
		"albumtitle": "《真道分解》创世记(84)",
		"artistId": 0,
		"artistName": ""
	}
]