[
	{
		"title": "第 1 课：导论",
		"path": "http://audio.lyzhendao.net/biblexpo/be/BE-Chronicles-01.mp3",
		"duration": 1200,
		"size": "3.8M",
		"albumName": "《真道分解》历代志上",
		"albumId": 412,
		"id": 412888180,
		"albumtitle": "《真道分解》历代志上(1)",
		"artistId": 0,
		"artistName": ""
	},
	{
		"title": "第 2 课：族谱（代上1-9章）",
		"path": "http://audio.lyzhendao.net/biblexpo/be/BE-Chronicles-02.mp3",
		"duration": 1200,
		"size": "3.8M",
		"albumName": "《真道分解》历代志上",
		"albumId": 412,
		"id": 412888181,
		"albumtitle": "《真道分解》历代志上(2)",
		"artistId": 0,
		"artistName": ""
	},
	{
		"title": "第 3 课：选民与圣民（代上1-9章）",
		"path": "http://audio.lyzhendao.net/biblexpo/be/BE-Chronicles-03.mp3",
		"duration": 1200,
		"size": "3.8M",
		"albumName": "《真道分解》历代志上",
		"albumId": 412,
		"id": 412888182,
		"albumtitle": "《真道分解》历代志上(3)",
		"artistId": 0,
		"artistName": ""
	},
	{
		"title": "第 4 课：雅比斯的祷告",
		"path": "http://audio.lyzhendao.net/biblexpo/be/BE-Chronicles-04.mp3",
		"duration": 1200,
		"size": "3.8M",
		"albumName": "《真道分解》历代志上",
		"albumId": 412,
		"id": 412888183,
		"albumtitle": "《真道分解》历代志上(4)",
		"artistId": 0,
		"artistName": ""
	},
	{
		"title": "第 5 课：扫罗与大卫（代上10-12章）",
		"path": "http://audio.lyzhendao.net/biblexpo/be/BE-Chronicles-05.mp3",
		"duration": 1200,
		"size": "3.8M",
		"albumName": "《真道分解》历代志上",
		"albumId": 412,
		"id": 412888184,
		"albumtitle": "《真道分解》历代志上(5)",
		"artistId": 0,
		"artistName": ""
	},
	{
		"title": "第 6 课：大卫预备建设耶路撒冷（代上13-15章）",
		"path": "http://audio.lyzhendao.net/biblexpo/be/BE-Chronicles-06.mp3",
		"duration": 1200,
		"size": "3.8M",
		"albumName": "《真道分解》历代志上",
		"albumId": 412,
		"id": 412888185,
		"albumtitle": "《真道分解》历代志上(6)",
		"artistId": 0,
		"artistName": ""
	},
	{
		"title": "第 7 课：大卫的颂歌和祷告（代上16-17章）",
		"path": "http://audio.lyzhendao.net/biblexpo/be/BE-Chronicles-07.mp3",
		"duration": 1200,
		"size": "3.8M",
		"albumName": "《真道分解》历代志上",
		"albumId": 412,
		"id": 412888186,
		"albumtitle": "《真道分解》历代志上(7)",
		"artistId": 0,
		"artistName": ""
	},
	{
		"title": "第 8 课：大卫在军事上的胜利与失败（代上18-21章）",
		"path": "http://audio.lyzhendao.net/biblexpo/be/BE-Chronicles-08.mp3",
		"duration": 1200,
		"size": "3.8M",
		"albumName": "《真道分解》历代志上",
		"albumId": 412,
		"id": 412888187,
		"albumtitle": "《真道分解》历代志上(8)",
		"artistId": 0,
		"artistName": ""
	},
	{
		"title": "第 9 课：建殿的准备（代上22-27章）",
		"path": "http://audio.lyzhendao.net/biblexpo/be/BE-Chronicles-09.mp3",
		"duration": 1200,
		"size": "3.8M",
		"albumName": "《真道分解》历代志上",
		"albumId": 412,
		"id": 412888188,
		"albumtitle": "《真道分解》历代志上(9)",
		"artistId": 0,
		"artistName": ""
	},
	{
		"title": "第10课：敬拜事奉团队的编制和建殿大会（代上26-29章）",
		"path": "http://audio.lyzhendao.net/biblexpo/be/BE-Chronicles-10.mp3",
		"duration": 1200,
		"size": "3.8M",
		"albumName": "《真道分解》历代志上",
		"albumId": 412,
		"id": 412888189,
		"albumtitle": "《真道分解》历代志上(10)",
		"artistId": 0,
		"artistName": ""
	}
]