[
	{
		"title": "第1讲：导论",
		"path": "http://audio.lyzhendao.net/biblexpo/be/BE-Ruth01.mp3",
		"duration": 920,
		"size": "3M",
		"albumName": "《真道分解》路得记",
		"albumId": 408,
		"id": 408888180,
		"albumtitle": "《真道分解》路得记(1)",
		"artistId": 0,
		"artistName": ""
	},
	{
		"title": "第2讲：拿俄米的厄运（得1章）",
		"path": "http://audio.lyzhendao.net/biblexpo/be/BE-Ruth02.mp3",
		"duration": 920,
		"size": "3M",
		"albumName": "《真道分解》路得记",
		"albumId": 408,
		"id": 408888181,
		"albumtitle": "《真道分解》路得记(2)",
		"artistId": 0,
		"artistName": ""
	},
	{
		"title": "第3讲：路得的殷勤（得2章）",
		"path": "http://audio.lyzhendao.net/biblexpo/be/BE-Ruth03.mp3",
		"duration": 920,
		"size": "3M",
		"albumName": "《真道分解》路得记",
		"albumId": 408,
		"id": 408888182,
		"albumtitle": "《真道分解》路得记(3)",
		"artistId": 0,
		"artistName": ""
	},
	{
		"title": "第4讲：波阿斯的丰富（得3章）",
		"path": "http://audio.lyzhendao.net/biblexpo/be/BE-Ruth04.mp3",
		"duration": 920,
		"size": "3M",
		"albumName": "《真道分解》路得记",
		"albumId": 408,
		"id": 408888183,
		"albumtitle": "《真道分解》路得记(4)",
		"artistId": 0,
		"artistName": ""
	},
	{
		"title": "第5讲：大卫的祖先（得4章）（完）",
		"path": "http://audio.lyzhendao.net/biblexpo/be/BE-Ruth05.mp3",
		"duration": 920,
		"size": "3M",
		"albumName": "《真道分解》路得记",
		"albumId": 408,
		"id": 408888184,
		"albumtitle": "《真道分解》路得记(5)",
		"artistId": 0,
		"artistName": ""
	}
]