[
	{
		"title": "第 1 讲：旧约预言概论",
		"path": "http://audio.lyzhendao.net/biblexpo/be/BE_OTProphecy_01.mp3",
		"duration": 1200,
		"size": "5M",
		"albumName": "《真道分解》旧约中的预言",
		"albumId": 468,
		"id": 468888180,
		"albumtitle": "《真道分解》旧约中的预言(1)"
	},
	{
		"title": "第 2 讲：女人后裔伤蛇的后裔（创3:15）",
		"path": "http://audio.lyzhendao.net/biblexpo/be/BE_OTProphecy_02.mp3",
		"duration": 1200,
		"size": "5M",
		"albumName": "《真道分解》旧约中的预言",
		"albumId": 468,
		"id": 468888181,
		"albumtitle": "《真道分解》旧约中的预言(2)"
	},
	{
		"title": "第 3 讲：亚伯拉罕成为大国（创12:1-3）",
		"path": "http://audio.lyzhendao.net/biblexpo/be/BE_OTProphecy_03.mp3",
		"duration": 1200,
		"size": "5M",
		"albumName": "《真道分解》旧约中的预言",
		"albumId": 468,
		"id": 468888182,
		"albumtitle": "《真道分解》旧约中的预言(3)"
	},
	{
		"title": "第 4 讲：以扫要服事雅各（创25:23）",
		"path": "http://audio.lyzhendao.net/biblexpo/be/BE_OTProphecy_04.mp3",
		"duration": 1200,
		"size": "5M",
		"albumName": "《真道分解》旧约中的预言",
		"albumId": 468,
		"id": 468888183,
		"albumtitle": "《真道分解》旧约中的预言(4)"
	},
	{
		"title": "第 5 讲：犹大要作王（创49:10）",
		"path": "http://audio.lyzhendao.net/biblexpo/be/BE_OTProphecy_05.mp3",
		"duration": 1200,
		"size": "5M",
		"albumName": "《真道分解》旧约中的预言",
		"albumId": 468,
		"id": 468888184,
		"albumtitle": "《真道分解》旧约中的预言(5)"
	},
	{
		"title": "第 6 讲：应许之地──迦南（出3:8）",
		"path": "http://audio.lyzhendao.net/biblexpo/be/BE_OTProphecy_06.mp3",
		"duration": 1200,
		"size": "5M",
		"albumName": "《真道分解》旧约中的预言",
		"albumId": 468,
		"id": 468888185,
		"albumtitle": "《真道分解》旧约中的预言(6)"
	},
	{
		"title": "第 7 讲：源自大卫家的弥赛亚（赛9:7）",
		"path": "http://audio.lyzhendao.net/biblexpo/be/BE_OTProphecy_07.mp3",
		"duration": 1200,
		"size": "5M",
		"albumName": "《真道分解》旧约中的预言",
		"albumId": 468,
		"id": 468888186,
		"albumtitle": "《真道分解》旧约中的预言(7)"
	},
	{
		"title": "第 8 讲：因果报应的咒诅（撒下11:1-12:15上）",
		"path": "http://audio.lyzhendao.net/biblexpo/be/BE_OTProphecy_08.mp3",
		"duration": 1200,
		"size": "5M",
		"albumName": "《真道分解》旧约中的预言",
		"albumId": 468,
		"id": 468888187,
		"albumtitle": "《真道分解》旧约中的预言(8)"
	},
	{
		"title": "第 9 讲：北国以色列的败亡（王上14:15）",
		"path": "http://audio.lyzhendao.net/biblexpo/be/BE_OTProphecy_09.mp3",
		"duration": 1200,
		"size": "5M",
		"albumName": "《真道分解》旧约中的预言",
		"albumId": 468,
		"id": 468888188,
		"albumtitle": "《真道分解》旧约中的预言(9)"
	},
	{
		"title": "第10讲：耶和华拯救耶京（王下19:34）",
		"path": "http://audio.lyzhendao.net/biblexpo/be/BE_OTProphecy_10.mp3",
		"duration": 1200,
		"size": "5M",
		"albumName": "《真道分解》旧约中的预言",
		"albumId": 468,
		"id": 468888189,
		"albumtitle": "《真道分解》旧约中的预言(10)"
	},
	{
		"title": "第11讲：约西亚的改革（王上13:2）",
		"path": "http://audio.lyzhendao.net/biblexpo/be/BE_OTProphecy_11.mp3",
		"duration": 1200,
		"size": "5M",
		"albumName": "《真道分解》旧约中的预言",
		"albumId": 468,
		"id": 468888190,
		"albumtitle": "《真道分解》旧约中的预言(11)"
	},
	{
		"title": "第12讲：巴比伦消灭亚述（赛10:24-25）",
		"path": "http://audio.lyzhendao.net/biblexpo/be/BE_OTProphecy_12.mp3",
		"duration": 1200,
		"size": "5M",
		"albumName": "《真道分解》旧约中的预言",
		"albumId": 468,
		"id": 468888191,
		"albumtitle": "《真道分解》旧约中的预言(12)"
	},
	{
		"title": "第13讲：巴比伦的衰亡（赛13:19-20）",
		"path": "http://audio.lyzhendao.net/biblexpo/be/BE_OTProphecy_13.mp3",
		"duration": 1200,
		"size": "5M",
		"albumName": "《真道分解》旧约中的预言",
		"albumId": 468,
		"id": 468888192,
		"albumtitle": "《真道分解》旧约中的预言(13)"
	},
	{
		"title": "第14讲：伯利恒城的预言（弥5:2）",
		"path": "http://audio.lyzhendao.net/biblexpo/be/BE_OTProphecy_14.mp3",
		"duration": 1200,
		"size": "5M",
		"albumName": "《真道分解》旧约中的预言",
		"albumId": 468,
		"id": 468888193,
		"albumtitle": "《真道分解》旧约中的预言(14)"
	},
	{
		"title": "第15讲：被掳归回的预言（尼1:9）",
		"path": "http://audio.lyzhendao.net/biblexpo/be/BE_OTProphecy_15.mp3",
		"duration": 1200,
		"size": "5M",
		"albumName": "《真道分解》旧约中的预言",
		"albumId": 468,
		"id": 468888194,
		"albumtitle": "《真道分解》旧约中的预言(15)"
	},
	{
		"title": "第16讲：受苦义仆（赛53章）",
		"path": "http://audio.lyzhendao.net/biblexpo/be/BE_OTProphecy_16.mp3",
		"duration": 1200,
		"size": "5M",
		"albumName": "《真道分解》旧约中的预言",
		"albumId": 468,
		"id": 468888195,
		"albumtitle": "《真道分解》旧约中的预言(16)"
	},
	{
		"title": "第17讲：外邦人看见大光（赛9:1-2）",
		"path": "http://audio.lyzhendao.net/biblexpo/be/BE_OTProphecy_17.mp3",
		"duration": 1200,
		"size": "5M",
		"albumName": "《真道分解》旧约中的预言",
		"albumId": 468,
		"id": 468888196,
		"albumtitle": "《真道分解》旧约中的预言(17)"
	},
	{
		"title": "第18讲：施洗约翰的预言（玛4:5-6）",
		"path": "http://audio.lyzhendao.net/biblexpo/be/BE_OTProphecy_18.mp3",
		"duration": 1200,
		"size": "5M",
		"albumName": "《真道分解》旧约中的预言",
		"albumId": 468,
		"id": 468888197,
		"albumtitle": "《真道分解》旧约中的预言(18)"
	}
]