[
	{
		"title": "第 1 讲：导论（一）",
		"path": "http://audio.lyzhendao.net/biblexpo/be/BE-Joshua01.mp3",
		"duration": 890,
		"size": "2.5M",
		"albumName": "《真道分解》约书亚记",
		"albumId": 406,
		"id": 406888180,
		"albumtitle": "《真道分解》约书亚记(1)",
		"artistId": 0,
		"artistName": ""
	},
	{
		"title": "第 2 讲：导论（二）",
		"path": "http://audio.lyzhendao.net/biblexpo/be/BE-Joshua02.mp3",
		"duration": 890,
		"size": "2.5M",
		"albumName": "《真道分解》约书亚记",
		"albumId": 406,
		"id": 406888181,
		"albumtitle": "《真道分解》约书亚记(2)",
		"artistId": 0,
		"artistName": ""
	},
	{
		"title": "第 3 讲：书1章",
		"path": "http://audio.lyzhendao.net/biblexpo/be/BE-Joshua03.mp3",
		"duration": 890,
		"size": "2.5M",
		"albumName": "《真道分解》约书亚记",
		"albumId": 406,
		"id": 406888182,
		"albumtitle": "《真道分解》约书亚记(3)",
		"artistId": 0,
		"artistName": ""
	},
	{
		"title": "第 4 讲：书2章",
		"path": "http://audio.lyzhendao.net/biblexpo/be/BE-Joshua04.mp3",
		"duration": 890,
		"size": "2.5M",
		"albumName": "《真道分解》约书亚记",
		"albumId": 406,
		"id": 406888183,
		"albumtitle": "《真道分解》约书亚记(4)",
		"artistId": 0,
		"artistName": ""
	},
	{
		"title": "第 5 讲：渡约旦河（书3-4章 ）",
		"path": "http://audio.lyzhendao.net/biblexpo/be/BE-Joshua05.mp3",
		"duration": 890,
		"size": "2.5M",
		"albumName": "《真道分解》约书亚记",
		"albumId": 406,
		"id": 406888184,
		"albumtitle": "《真道分解》约书亚记(5)",
		"artistId": 0,
		"artistName": ""
	},
	{
		"title": "第 6 讲：在吉甲行圣礼（书5:1-12 ）",
		"path": "http://audio.lyzhendao.net/biblexpo/be/BE-Joshua06.mp3",
		"duration": 890,
		"size": "2.5M",
		"albumName": "《真道分解》约书亚记",
		"albumId": 406,
		"id": 406888185,
		"albumtitle": "《真道分解》约书亚记(6)",
		"artistId": 0,
		"artistName": ""
	},
	{
		"title": "第 7 讲：在耶利哥城的胜利（书5:13-6:27 ）",
		"path": "http://audio.lyzhendao.net/biblexpo/be/BE-Joshua07.mp3",
		"duration": 890,
		"size": "2.5M",
		"albumName": "《真道分解》约书亚记",
		"albumId": 406,
		"id": 406888186,
		"albumtitle": "《真道分解》约书亚记(7)",
		"artistId": 0,
		"artistName": ""
	},
	{
		"title": "第 8 讲：艾城成败（书7-8章）",
		"path": "http://audio.lyzhendao.net/biblexpo/be/BE-Joshua08.mp3",
		"duration": 890,
		"size": "2.5M",
		"albumName": "《真道分解》约书亚记",
		"albumId": 406,
		"id": 406888187,
		"albumtitle": "《真道分解》约书亚记(8)",
		"artistId": 0,
		"artistName": ""
	},
	{
		"title": "第 9 讲：与基遍人立约（书9章）",
		"path": "http://audio.lyzhendao.net/biblexpo/be/BE-Joshua09.mp3",
		"duration": 890,
		"size": "2.5M",
		"albumName": "《真道分解》约书亚记",
		"albumId": 406,
		"id": 406888188,
		"albumtitle": "《真道分解》约书亚记(9)",
		"artistId": 0,
		"artistName": ""
	},
	{
		"title": "第10讲：约书亚的长日（书10章）",
		"path": "http://audio.lyzhendao.net/biblexpo/be/BE-Joshua10.mp3",
		"duration": 890,
		"size": "2.5M",
		"albumName": "《真道分解》约书亚记",
		"albumId": 406,
		"id": 406888189,
		"albumtitle": "《真道分解》约书亚记(10)",
		"artistId": 0,
		"artistName": ""
	},
	{
		"title": "第11讲：战胜迦南各王（书11-12章）",
		"path": "http://audio.lyzhendao.net/biblexpo/be/BE-Joshua11.mp3",
		"duration": 890,
		"size": "2.5M",
		"albumName": "《真道分解》约书亚记",
		"albumId": 406,
		"id": 406888190,
		"albumtitle": "《真道分解》约书亚记(11)",
		"artistId": 0,
		"artistName": ""
	},
	{
		"title": "第12讲：分地（书 13章）",
		"path": "http://audio.lyzhendao.net/biblexpo/be/BE-Joshua12.mp3",
		"duration": 890,
		"size": "2.5M",
		"albumName": "《真道分解》约书亚记",
		"albumId": 406,
		"id": 406888191,
		"albumtitle": "《真道分解》约书亚记(12)",
		"artistId": 0,
		"artistName": ""
	},
	{
		"title": "第13讲：迦勒得希伯仑（书14章）",
		"path": "http://audio.lyzhendao.net/biblexpo/be/BE-Joshua13.mp3",
		"duration": 890,
		"size": "2.5M",
		"albumName": "《真道分解》约书亚记",
		"albumId": 406,
		"id": 406888192,
		"albumtitle": "《真道分解》约书亚记(13)",
		"artistId": 0,
		"artistName": ""
	},
	{
		"title": "第14讲：犹大所得之地（书15章）",
		"path": "http://audio.lyzhendao.net/biblexpo/be/BE-Joshua14.mp3",
		"duration": 890,
		"size": "2.5M",
		"albumName": "《真道分解》约书亚记",
		"albumId": 406,
		"id": 406888193,
		"albumtitle": "《真道分解》约书亚记(14)",
		"artistId": 0,
		"artistName": ""
	},
	{
		"title": "第15讲：约瑟子孙得地（书16-17章）",
		"path": "http://audio.lyzhendao.net/biblexpo/be/BE-Joshua15.mp3",
		"duration": 890,
		"size": "2.5M",
		"albumName": "《真道分解》约书亚记",
		"albumId": 406,
		"id": 406888194,
		"albumtitle": "《真道分解》约书亚记(15)",
		"artistId": 0,
		"artistName": ""
	},
	{
		"title": "第16讲：七支派分得之地（书18-19章）",
		"path": "http://audio.lyzhendao.net/biblexpo/be/BE-Joshua16.mp3",
		"duration": 890,
		"size": "2.5M",
		"albumName": "《真道分解》约书亚记",
		"albumId": 406,
		"id": 406888195,
		"albumtitle": "《真道分解》约书亚记(16)",
		"artistId": 0,
		"artistName": ""
	},
	{
		"title": "第17讲：设立逃城（书20章）",
		"path": "http://audio.lyzhendao.net/biblexpo/be/BE-Joshua17.mp3",
		"duration": 890,
		"size": "2.5M",
		"albumName": "《真道分解》约书亚记",
		"albumId": 406,
		"id": 406888196,
		"albumtitle": "《真道分解》约书亚记(17)",
		"artistId": 0,
		"artistName": ""
	},
	{
		"title": "第18讲：分给祭司的城（书21章）",
		"path": "http://audio.lyzhendao.net/biblexpo/be/BE-Joshua18.mp3",
		"duration": 890,
		"size": "2.5M",
		"albumName": "《真道分解》约书亚记",
		"albumId": 406,
		"id": 406888197,
		"albumtitle": "《真道分解》约书亚记(18)",
		"artistId": 0,
		"artistName": ""
	},
	{
		"title": "第19讲：约旦河边筑坛为证（书22章）",
		"path": "http://audio.lyzhendao.net/biblexpo/be/BE-Joshua19.mp3",
		"duration": 890,
		"size": "2.5M",
		"albumName": "《真道分解》约书亚记",
		"albumId": 406,
		"id": 406888198,
		"albumtitle": "《真道分解》约书亚记(19)",
		"artistId": 0,
		"artistName": ""
	},
	{
		"title": "第20讲：临终勉励（书23章）",
		"path": "http://audio.lyzhendao.net/biblexpo/be/BE-Joshua20.mp3",
		"duration": 890,
		"size": "2.5M",
		"albumName": "《真道分解》约书亚记",
		"albumId": 406,
		"id": 406888199,
		"albumtitle": "《真道分解》约书亚记(20)",
		"artistId": 0,
		"artistName": ""
	},
	{
		"title": "第21讲 ：约书亚之死（书24章）（完）",
		"path": "http://audio.lyzhendao.net/biblexpo/be/BE-Joshua21.mp3",
		"duration": 890,
		"size": "2.5M",
		"albumName": "《真道分解》约书亚记",
		"albumId": 406,
		"id": 406888200,
		"albumtitle": "《真道分解》约书亚记(21)",
		"artistId": 0,
		"artistName": ""
	}
]