[
	{
		"title": "第 1 讲：导论 （一）",
		"path": "http://audio.lyzhendao.net/biblexpo/be/BE-Micah01.mp3",
		"duration": 1100,
		"size": "3M",
		"albumName": "《真道分解》弥迦书",
		"albumId": 432,
		"id": 432888180,
		"albumtitle": "《真道分解》弥迦书(1)",
		"artistId": 0,
		"artistName": ""
	},
	{
		"title": "第 2 讲：导论 （二）、耶和华快要来临（弥1:1-3）",
		"path": "http://audio.lyzhendao.net/biblexpo/be/BE-Micah02.mp3",
		"duration": 1100,
		"size": "3M",
		"albumName": "《真道分解》弥迦书",
		"albumId": 432,
		"id": 432888181,
		"albumtitle": "《真道分解》弥迦书(2)",
		"artistId": 0,
		"artistName": ""
	},
	{
		"title": "第 3 讲：先知的哀歌（弥1:4-14）",
		"path": "http://audio.lyzhendao.net/biblexpo/be/BE-Micah03.mp3",
		"duration": 1100,
		"size": "3M",
		"albumName": "《真道分解》弥迦书",
		"albumId": 432,
		"id": 432888182,
		"albumtitle": "《真道分解》弥迦书(3)",
		"artistId": 0,
		"artistName": ""
	},
	{
		"title": "第 4 讲：对凶恶富户的咒诅（弥1:15-2:7）",
		"path": "http://audio.lyzhendao.net/biblexpo/be/BE-Micah04.mp3",
		"duration": 1100,
		"size": "3M",
		"albumName": "《真道分解》弥迦书",
		"albumId": 432,
		"id": 432888183,
		"albumtitle": "《真道分解》弥迦书(4)",
		"artistId": 0,
		"artistName": ""
	},
	{
		"title": "第 5 讲：弥迦跟凶恶的富户、馀民得以存留、行恶的首领（弥2:8-3:5）",
		"path": "http://audio.lyzhendao.net/biblexpo/be/BE-Micah05.mp3",
		"duration": 1100,
		"size": "3M",
		"albumName": "《真道分解》弥迦书",
		"albumId": 432,
		"id": 432888184,
		"albumtitle": "《真道分解》弥迦书(5)",
		"artistId": 0,
		"artistName": ""
	},
	{
		"title": "第 6 讲：平安先知和弥迦、贪污的首领和锡安的败亡（弥3:5-11）",
		"path": "http://audio.lyzhendao.net/biblexpo/be/BE-Micah06.mp3",
		"duration": 1100,
		"size": "3M",
		"albumName": "《真道分解》弥迦书",
		"albumId": 432,
		"id": 432888185,
		"albumtitle": "《真道分解》弥迦书(6)",
		"artistId": 0,
		"artistName": ""
	},
	{
		"title": "第 7 讲：锡安将来要被高举（弥3:11-4:5）",
		"path": "http://audio.lyzhendao.net/biblexpo/be/BE-Micah07.mp3",
		"duration": 1100,
		"size": "3M",
		"albumName": "《真道分解》弥迦书",
		"albumId": 432,
		"id": 432888186,
		"albumtitle": "《真道分解》弥迦书(7)",
		"artistId": 0,
		"artistName": ""
	},
	{
		"title": "第 8 讲：馀民和锡安的重建、从忧患到释放、从四面受敌到得胜、从不住的审判到理想的君王（弥4:6-5:2）",
		"path": "http://audio.lyzhendao.net/biblexpo/be/BE-Micah08.mp3",
		"duration": 1100,
		"size": "3M",
		"albumName": "《真道分解》弥迦书",
		"albumId": 432,
		"id": 432888187,
		"albumtitle": "《真道分解》弥迦书(8)",
		"artistId": 0,
		"artistName": ""
	},
	{
		"title": "第 9 讲：平安和亚述的败亡、万民当中的馀民除灭军事的装备和虚假的宗教（弥5:3-15）",
		"path": "http://audio.lyzhendao.net/biblexpo/be/BE-Micah09.mp3",
		"duration": 1100,
		"size": "3M",
		"albumName": "《真道分解》弥迦书",
		"albumId": 432,
		"id": 432888188,
		"albumtitle": "《真道分解》弥迦书(9)",
		"artistId": 0,
		"artistName": ""
	},
	{
		"title": "第10讲：神的诉讼（弥6:1-8）",
		"path": "http://audio.lyzhendao.net/biblexpo/be/BE-Micah10.mp3",
		"duration": 1100,
		"size": "3M",
		"albumName": "《真道分解》弥迦书",
		"albumId": 432,
		"id": 432888189,
		"albumtitle": "《真道分解》弥迦书(10)",
		"artistId": 0,
		"artistName": ""
	},
	{
		"title": "第11讲：真信仰的总纲、给腐败之社群的挽歌（弥6:9-7:6）",
		"path": "http://audio.lyzhendao.net/biblexpo/be/BE-Micah11.mp3",
		"duration": 1100,
		"size": "3M",
		"albumName": "《真道分解》弥迦书",
		"albumId": 432,
		"id": 432888190,
		"albumtitle": "《真道分解》弥迦书(11)",
		"artistId": 0,
		"artistName": ""
	},
	{
		"title": "第12讲：先知的祷文（弥7:7-20）（完）",
		"path": "http://audio.lyzhendao.net/biblexpo/be/BE-Micah12.mp3",
		"duration": 1100,
		"size": "3M",
		"albumName": "《真道分解》弥迦书",
		"albumId": 432,
		"id": 432888191,
		"albumtitle": "《真道分解》弥迦书(12)",
		"artistId": 0,
		"artistName": ""
	}
]