[
	{
		"title": "第 1 讲：什么是启事文体",
		"path": "http://audio.lyzhendao.net/biblexpo/be/BE-Method3_01.mp3",
		"duration": 600,
		"size": "2M",
		"albumName": "《真道分解》查经法（3）新约文体分析",
		"albumId": 485,
		"id": 485888180,
		"albumtitle": "《真道分解》查经法（3）新约文体分析(1)"
	},
	{
		"title": "第 2 讲：启事文体的结构、人物、背景",
		"path": "http://audio.lyzhendao.net/biblexpo/be/BE-Method3_02.mp3",
		"duration": 600,
		"size": "2M",
		"albumName": "《真道分解》查经法（3）新约文体分析",
		"albumId": 485,
		"id": 485888181,
		"albumtitle": "《真道分解》查经法（3）新约文体分析(2)"
	},
	{
		"title": "第 3 讲：启事文体的修辞技巧和层次",
		"path": "http://audio.lyzhendao.net/biblexpo/be/BE-Method3_03.mp3",
		"duration": 600,
		"size": "2M",
		"albumName": "《真道分解》查经法（3）新约文体分析",
		"albumId": 485,
		"id": 485888182,
		"albumtitle": "《真道分解》查经法（3）新约文体分析(3)"
	},
	{
		"title": "第 4 讲：示範（一）：路得记",
		"path": "http://audio.lyzhendao.net/biblexpo/be/BE-Method3_04.mp3",
		"duration": 600,
		"size": "2M",
		"albumName": "《真道分解》查经法（3）新约文体分析",
		"albumId": 485,
		"id": 485888183,
		"albumtitle": "《真道分解》查经法（3）新约文体分析(4)"
	},
	{
		"title": "第 5 讲：示範（二）：王下4:1-7",
		"path": "http://audio.lyzhendao.net/biblexpo/be/BE-Method3_05.mp3",
		"duration": 600,
		"size": "2M",
		"albumName": "《真道分解》查经法（3）新约文体分析",
		"albumId": 485,
		"id": 485888184,
		"albumtitle": "《真道分解》查经法（3）新约文体分析(5)"
	},
	{
		"title": "第 6 讲：另类启事：使徒行传",
		"path": "http://audio.lyzhendao.net/biblexpo/be/BE-Method3_06.mp3",
		"duration": 600,
		"size": "2M",
		"albumName": "《真道分解》查经法（3）新约文体分析",
		"albumId": 485,
		"id": 485888185,
		"albumtitle": "《真道分解》查经法（3）新约文体分析(6)"
	},
	{
		"title": "第 7 讲：福音书的研读方法",
		"path": "http://audio.lyzhendao.net/biblexpo/be/BE-Method3_07.mp3",
		"duration": 600,
		"size": "2M",
		"albumName": "《真道分解》查经法（3）新约文体分析",
		"albumId": 485,
		"id": 485888186,
		"albumtitle": "《真道分解》查经法（3）新约文体分析(7)"
	},
	{
		"title": "第 8 讲：福音书的文脉（一）",
		"path": "http://audio.lyzhendao.net/biblexpo/be/BE-Method3_08.mp3",
		"duration": 600,
		"size": "2M",
		"albumName": "《真道分解》查经法（3）新约文体分析",
		"albumId": 485,
		"id": 485888187,
		"albumtitle": "《真道分解》查经法（3）新约文体分析(8)"
	},
	{
		"title": "第 9 讲：福音书的文脉（二）",
		"path": "http://audio.lyzhendao.net/biblexpo/be/BE-Method3_09.mp3",
		"duration": 600,
		"size": "2M",
		"albumName": "《真道分解》查经法（3）新约文体分析",
		"albumId": 485,
		"id": 485888188,
		"albumtitle": "《真道分解》查经法（3）新约文体分析(9)"
	},
	{
		"title": "第10讲：比喻的五种形式",
		"path": "http://audio.lyzhendao.net/biblexpo/be/BE-Method3_10.mp3",
		"duration": 600,
		"size": "2M",
		"albumName": "《真道分解》查经法（3）新约文体分析",
		"albumId": 485,
		"id": 485888189,
		"albumtitle": "《真道分解》查经法（3）新约文体分析(10)"
	},
	{
		"title": "第11讲：比喻的特证",
		"path": "http://audio.lyzhendao.net/biblexpo/be/BE-Method3_11.mp3",
		"duration": 600,
		"size": "2M",
		"albumName": "《真道分解》查经法（3）新约文体分析",
		"albumId": 485,
		"id": 485888190,
		"albumtitle": "《真道分解》查经法（3）新约文体分析(11)"
	},
	{
		"title": "第12讲：解释比喻原则",
		"path": "http://audio.lyzhendao.net/biblexpo/be/BE-Method3_12.mp3",
		"duration": 600,
		"size": "2M",
		"albumName": "《真道分解》查经法（3）新约文体分析",
		"albumId": 485,
		"id": 485888191,
		"albumtitle": "《真道分解》查经法（3）新约文体分析(12)"
	},
	{
		"title": "第13讲：举例",
		"path": "http://audio.lyzhendao.net/biblexpo/be/BE-Method3_13.mp3",
		"duration": 600,
		"size": "2M",
		"albumName": "《真道分解》查经法（3）新约文体分析",
		"albumId": 485,
		"id": 485888192,
		"albumtitle": "《真道分解》查经法（3）新约文体分析(13)"
	},
	{
		"title": "第14讲：书信（一）基本格式",
		"path": "http://audio.lyzhendao.net/biblexpo/be/BE-Method3_14.mp3",
		"duration": 600,
		"size": "2M",
		"albumName": "《真道分解》查经法（3）新约文体分析",
		"albumId": 485,
		"id": 485888193,
		"albumtitle": "《真道分解》查经法（3）新约文体分析(14)"
	},
	{
		"title": "第15讲：书信（二）分类、特色",
		"path": "http://audio.lyzhendao.net/biblexpo/be/BE-Method3_15.mp3",
		"duration": 600,
		"size": "2M",
		"albumName": "《真道分解》查经法（3）新约文体分析",
		"albumId": 485,
		"id": 485888194,
		"albumtitle": "《真道分解》查经法（3）新约文体分析(15)"
	},
	{
		"title": "第16讲：书信（三）释经原则",
		"path": "http://audio.lyzhendao.net/biblexpo/be/BE-Method3_16.mp3",
		"duration": 600,
		"size": "2M",
		"albumName": "《真道分解》查经法（3）新约文体分析",
		"albumId": 485,
		"id": 485888195,
		"albumtitle": "《真道分解》查经法（3）新约文体分析(16)"
	},
	{
		"title": "第17讲：启示文学的性质",
		"path": "http://audio.lyzhendao.net/biblexpo/be/BE-Method3_17.mp3",
		"duration": 600,
		"size": "2M",
		"albumName": "《真道分解》查经法（3）新约文体分析",
		"albumId": 485,
		"id": 485888196,
		"albumtitle": "《真道分解》查经法（3）新约文体分析(17)"
	},
	{
		"title": "第18讲：启示文学的特征",
		"path": "http://audio.lyzhendao.net/biblexpo/be/BE-Method3_18.mp3",
		"duration": 600,
		"size": "2M",
		"albumName": "《真道分解》查经法（3）新约文体分析",
		"albumId": 485,
		"id": 485888197,
		"albumtitle": "《真道分解》查经法（3）新约文体分析(18)"
	},
	{
		"title": "第19讲：启示文学与先知预言的差异",
		"path": "http://audio.lyzhendao.net/biblexpo/be/BE-Method3_19.mp3",
		"duration": 600,
		"size": "2M",
		"albumName": "《真道分解》查经法（3）新约文体分析",
		"albumId": 485,
		"id": 485888198,
		"albumtitle": "《真道分解》查经法（3）新约文体分析(19)"
	},
	{
		"title": "第20讲：启示文学的释经原则",
		"path": "http://audio.lyzhendao.net/biblexpo/be/BE-Method3_20.mp3",
		"duration": 600,
		"size": "2M",
		"albumName": "《真道分解》查经法（3）新约文体分析",
		"albumId": 485,
		"id": 485888199,
		"albumtitle": "《真道分解》查经法（3）新约文体分析(20)"
	},
	{
		"title": "第21讲：如何解释启示文学的象征",
		"path": "http://audio.lyzhendao.net/biblexpo/be/BE-Method3_21.mp3",
		"duration": 600,
		"size": "2M",
		"albumName": "《真道分解》查经法（3）新约文体分析",
		"albumId": 485,
		"id": 485888200,
		"albumtitle": "《真道分解》查经法（3）新约文体分析(21)"
	}
]