[
	{
		"title": "第 1 讲：导论",
		"path": "http://audio.lyzhendao.net/biblexpo/be/BE-John01.mp3",
		"duration": 1500,
		"size": "4.5M",
		"albumName": "《真道分解》约翰福音",
		"albumId": 442,
		"id": 442888180,
		"albumtitle": "《真道分解》约翰福音(1)",
		"artistId": 0,
		"artistName": ""
	},
	{
		"title": "第 2 讲：“光照在黑暗里”",
		"path": "http://audio.lyzhendao.net/biblexpo/be/BE-John02.mp3",
		"duration": 1500,
		"size": "4.5M",
		"albumName": "《真道分解》约翰福音",
		"albumId": 442,
		"id": 442888181,
		"albumtitle": "《真道分解》约翰福音(2)",
		"artistId": 0,
		"artistName": ""
	},
	{
		"title": "第 3 讲：耶稣呼召属他自己的人（约1:19-51）",
		"path": "http://audio.lyzhendao.net/biblexpo/be/BE-John03.mp3",
		"duration": 1500,
		"size": "4.5M",
		"albumName": "《真道分解》约翰福音",
		"albumId": 442,
		"id": 442888182,
		"albumtitle": "《真道分解》约翰福音(3)",
		"artistId": 0,
		"artistName": ""
	},
	{
		"title": "第 4 讲：首个神迹──变水为酒（约2:1-12）",
		"path": "http://audio.lyzhendao.net/biblexpo/be/BE-John04.mp3",
		"duration": 1500,
		"size": "4.5M",
		"albumName": "《真道分解》约翰福音",
		"albumId": 442,
		"id": 442888183,
		"albumtitle": "《真道分解》约翰福音(4)",
		"artistId": 0,
		"artistName": ""
	},
	{
		"title": "第 5 讲：约翰福音诠释的“重生”（约2:23-3:21）",
		"path": "http://audio.lyzhendao.net/biblexpo/be/BE-John05.mp3",
		"duration": 1500,
		"size": "4.5M",
		"albumName": "《真道分解》约翰福音",
		"albumId": 442,
		"id": 442888184,
		"albumtitle": "《真道分解》约翰福音(5)",
		"artistId": 0,
		"artistName": ""
	},
	{
		"title": "第 6 讲：从“误会”看耶稣（约4:7-18）",
		"path": "http://audio.lyzhendao.net/biblexpo/be/BE-John06.mp3",
		"duration": 1500,
		"size": "4.5M",
		"albumName": "《真道分解》约翰福音",
		"albumId": 442,
		"id": 442888185,
		"albumtitle": "《真道分解》约翰福音(6)",
		"artistId": 0,
		"artistName": ""
	},
	{
		"title": "第 7 讲：宣教的方向（约4:31-38）",
		"path": "http://audio.lyzhendao.net/biblexpo/be/BE-John07.mp3",
		"duration": 1500,
		"size": "4.5M",
		"albumName": "《真道分解》约翰福音",
		"albumId": 442,
		"id": 442888186,
		"albumtitle": "《真道分解》约翰福音(7)",
		"artistId": 0,
		"artistName": ""
	},
	{
		"title": "第 8 讲：在毕士大池边治病（约5章）",
		"path": "http://audio.lyzhendao.net/biblexpo/be/BE-John08.mp3",
		"duration": 1500,
		"size": "4.5M",
		"albumName": "《真道分解》约翰福音",
		"albumId": 442,
		"id": 442888187,
		"albumtitle": "《真道分解》约翰福音(8)",
		"artistId": 0,
		"artistName": ""
	},
	{
		"title": "第 9 讲：五饼二鱼与耶稣履海（约6:1-21）",
		"path": "http://audio.lyzhendao.net/biblexpo/be/BE-John09.mp3",
		"duration": 1500,
		"size": "4.5M",
		"albumName": "《真道分解》约翰福音",
		"albumId": 442,
		"id": 442888188,
		"albumtitle": "《真道分解》约翰福音(9)",
		"artistId": 0,
		"artistName": ""
	},
	{
		"title": "第10讲：耶稣是生命的粮（约6:22-71）",
		"path": "http://audio.lyzhendao.net/biblexpo/be/BE-John10.mp3",
		"duration": 1500,
		"size": "4.5M",
		"albumName": "《真道分解》约翰福音",
		"albumId": 442,
		"id": 442888189,
		"albumtitle": "《真道分解》约翰福音(10)",
		"artistId": 0,
		"artistName": ""
	},
	{
		"title": "第11讲：耶稣过住棚节（约7:1-37）",
		"path": "http://audio.lyzhendao.net/biblexpo/be/BE-John11.mp3",
		"duration": 1500,
		"size": "4.5M",
		"albumName": "《真道分解》约翰福音",
		"albumId": 442,
		"id": 442888190,
		"albumtitle": "《真道分解》约翰福音(11)",
		"artistId": 0,
		"artistName": ""
	},
	{
		"title": "第12讲：耶稣与行淫时被拿的妇人（约7-8章）",
		"path": "http://audio.lyzhendao.net/biblexpo/be/BE-John12.mp3",
		"duration": 1500,
		"size": "4.5M",
		"albumName": "《真道分解》约翰福音",
		"albumId": 442,
		"id": 442888191,
		"albumtitle": "《真道分解》约翰福音(12)",
		"artistId": 0,
		"artistName": ""
	},
	{
		"title": "第13讲：光的宣告和见证（约8:1-20）",
		"path": "http://audio.lyzhendao.net/biblexpo/be/BE-John13.mp3",
		"duration": 1500,
		"size": "4.5M",
		"albumName": "《真道分解》约翰福音",
		"albumId": 442,
		"id": 442888192,
		"albumtitle": "《真道分解》约翰福音(13)",
		"artistId": 0,
		"artistName": ""
	},
	{
		"title": "第14讲：耶稣的讲论（约8:21-59）",
		"path": "http://audio.lyzhendao.net/biblexpo/be/BE-John14.mp3",
		"duration": 1500,
		"size": "4.5M",
		"albumName": "《真道分解》约翰福音",
		"albumId": 442,
		"id": 442888193,
		"albumtitle": "《真道分解》约翰福音(14)",
		"artistId": 0,
		"artistName": ""
	},
	{
		"title": "第15讲：耶稣使瞎子重见光明（约9:1-41）",
		"path": "http://audio.lyzhendao.net/biblexpo/be/BE-John15.mp3",
		"duration": 1500,
		"size": "4.5M",
		"albumName": "《真道分解》约翰福音",
		"albumId": 442,
		"id": 442888194,
		"albumtitle": "《真道分解》约翰福音(15)",
		"artistId": 0,
		"artistName": ""
	},
	{
		"title": "第16讲：耶稣是好牧人（约10:1-22）",
		"path": "http://audio.lyzhendao.net/biblexpo/be/BE-John16.mp3",
		"duration": 1500,
		"size": "4.5M",
		"albumName": "《真道分解》约翰福音",
		"albumId": 442,
		"id": 442888195,
		"albumtitle": "《真道分解》约翰福音(16)",
		"artistId": 0,
		"artistName": ""
	},
	{
		"title": "第17讲：修殿节讲论（约10:22-42）",
		"path": "http://audio.lyzhendao.net/biblexpo/be/BE-John17.mp3",
		"duration": 1500,
		"size": "4.5M",
		"albumName": "《真道分解》约翰福音",
		"albumId": 442,
		"id": 442888196,
		"albumtitle": "《真道分解》约翰福音(17)",
		"artistId": 0,
		"artistName": ""
	},
	{
		"title": "第18讲：我是复活、我是生命（约11:1-54）",
		"path": "http://audio.lyzhendao.net/biblexpo/be/BE-John18.mp3",
		"duration": 1500,
		"size": "4.5M",
		"albumName": "《真道分解》约翰福音",
		"albumId": 442,
		"id": 442888197,
		"albumtitle": "《真道分解》约翰福音(18)",
		"artistId": 0,
		"artistName": ""
	},
	{
		"title": "第19讲：马利亚抹耶稣（约11:55-12:36）",
		"path": "http://audio.lyzhendao.net/biblexpo/be/BE-John19.mp3",
		"duration": 1500,
		"size": "4.5M",
		"albumName": "《真道分解》约翰福音",
		"albumId": 442,
		"id": 442888198,
		"albumtitle": "《真道分解》约翰福音(19)",
		"artistId": 0,
		"artistName": ""
	},
	{
		"title": "第20讲：耶稣的审判（约12:37-50）",
		"path": "http://audio.lyzhendao.net/biblexpo/be/BE-John20.mp3",
		"duration": 1500,
		"size": "4.5M",
		"albumName": "《真道分解》约翰福音",
		"albumId": 442,
		"id": 442888199,
		"albumtitle": "《真道分解》约翰福音(20)",
		"artistId": 0,
		"artistName": ""
	},
	{
		"title": "第21讲：耶稣赐平安（约13:31-14:31）",
		"path": "http://audio.lyzhendao.net/biblexpo/be/BE-John21.mp3",
		"duration": 1500,
		"size": "4.5M",
		"albumName": "《真道分解》约翰福音",
		"albumId": 442,
		"id": 442888200,
		"albumtitle": "《真道分解》约翰福音(21)",
		"artistId": 0,
		"artistName": ""
	},
	{
		"title": "第22讲：耶稣是真葡萄树（约15:1-16:33）",
		"path": "http://audio.lyzhendao.net/biblexpo/be/BE-John22.mp3",
		"duration": 1500,
		"size": "4.5M",
		"albumName": "《真道分解》约翰福音",
		"albumId": 442,
		"id": 442888201,
		"albumtitle": "《真道分解》约翰福音(22)",
		"artistId": 0,
		"artistName": ""
	},
	{
		"title": "第23讲：耶稣的祷告（约17:1-26）",
		"path": "http://audio.lyzhendao.net/biblexpo/be/BE-John23.mp3",
		"duration": 1500,
		"size": "4.5M",
		"albumName": "《真道分解》约翰福音",
		"albumId": 442,
		"id": 442888202,
		"albumtitle": "《真道分解》约翰福音(23)",
		"artistId": 0,
		"artistName": ""
	},
	{
		"title": "第24讲：耶稣被捕（约18:1-27）",
		"path": "http://audio.lyzhendao.net/biblexpo/be/BE-John24.mp3",
		"duration": 1500,
		"size": "4.5M",
		"albumName": "《真道分解》约翰福音",
		"albumId": 442,
		"id": 442888203,
		"albumtitle": "《真道分解》约翰福音(24)",
		"artistId": 0,
		"artistName": ""
	},
	{
		"title": "第25讲：耶稣受审（约18:28-19:16）",
		"path": "http://audio.lyzhendao.net/biblexpo/be/BE-John25.mp3",
		"duration": 1500,
		"size": "4.5M",
		"albumName": "《真道分解》约翰福音",
		"albumId": 442,
		"id": 442888204,
		"albumtitle": "《真道分解》约翰福音(25)",
		"artistId": 0,
		"artistName": ""
	},
	{
		"title": "第26讲：耶稣的受死和埋葬（约19:16-42）",
		"path": "http://audio.lyzhendao.net/biblexpo/be/BE-John26.mp3",
		"duration": 1500,
		"size": "4.5M",
		"albumName": "《真道分解》约翰福音",
		"albumId": 442,
		"id": 442888205,
		"albumtitle": "《真道分解》约翰福音(26)",
		"artistId": 0,
		"artistName": ""
	},
	{
		"title": "第27讲：耶稣复活（约20:1-29）",
		"path": "http://audio.lyzhendao.net/biblexpo/be/BE-John27.mp3",
		"duration": 1500,
		"size": "4.5M",
		"albumName": "《真道分解》约翰福音",
		"albumId": 442,
		"id": 442888206,
		"albumtitle": "《真道分解》约翰福音(27)",
		"artistId": 0,
		"artistName": ""
	},
	{
		"title": "第28讲：失败中的福音（约21:1-25）（完）",
		"path": "http://audio.lyzhendao.net/biblexpo/be/BE-John28.mp3",
		"duration": 1500,
		"size": "4.5M",
		"albumName": "《真道分解》约翰福音",
		"albumId": 442,
		"id": 442888207,
		"albumtitle": "《真道分解》约翰福音(28)",
		"artistId": 0,
		"artistName": ""
	}
]