[
	{
		"title": "第1讲：罗6:1-11与主同死同埋葬同复活",
		"path": "http://audio.lyzhendao.net/biblexpo/be/BE-10E_L1.mp3",
		"duration": 1700,
		"size": "5M",
		"albumName": "《真道分解》2010年复活节特辑：与主同死同埋葬同复活",
		"albumId": 497,
		"id": 497888180,
		"albumtitle": "《真道分解》2010年复活节特辑：与主同死同埋葬同复活(1)"
	},
	{
		"title": "第2讲：罗8:1-6不再定罪",
		"path": "http://audio.lyzhendao.net/biblexpo/be/BE-10E_L2.mp3",
		"duration": 1700,
		"size": "5M",
		"albumName": "《真道分解》2010年复活节特辑：与主同死同埋葬同复活",
		"albumId": 497,
		"id": 497888181,
		"albumtitle": "《真道分解》2010年复活节特辑：与主同死同埋葬同复活(2)"
	},
	{
		"title": "第3讲：罗8:31-39靠主得胜",
		"path": "http://audio.lyzhendao.net/biblexpo/be/BE-10E_L3.mp3",
		"duration": 1700,
		"size": "5M",
		"albumName": "《真道分解》2010年复活节特辑：与主同死同埋葬同复活",
		"albumId": 497,
		"id": 497888182,
		"albumtitle": "《真道分解》2010年复活节特辑：与主同死同埋葬同复活(3)"
	},
	{
		"title": "第4讲：林后5:14-17作新造的人",
		"path": "http://audio.lyzhendao.net/biblexpo/be/BE-10E_L4.mp3",
		"duration": 1700,
		"size": "5M",
		"albumName": "《真道分解》2010年复活节特辑：与主同死同埋葬同复活",
		"albumId": 497,
		"id": 497888183,
		"albumtitle": "《真道分解》2010年复活节特辑：与主同死同埋葬同复活(4)"
	},
	{
		"title": "第5讲：弗1:15-23认识复活的主",
		"path": "http://audio.lyzhendao.net/biblexpo/be/BE-10E_L5.mp3",
		"duration": 1700,
		"size": "5M",
		"albumName": "《真道分解》2010年复活节特辑：与主同死同埋葬同复活",
		"albumId": 497,
		"id": 497888184,
		"albumtitle": "《真道分解》2010年复活节特辑：与主同死同埋葬同复活(5)"
	},
	{
		"title": "第6讲：腓2:5-16以基督的心为心",
		"path": "http://audio.lyzhendao.net/biblexpo/be/BE-10E_L6.mp3",
		"duration": 1700,
		"size": "5M",
		"albumName": "《真道分解》2010年复活节特辑：与主同死同埋葬同复活",
		"albumId": 497,
		"id": 497888185,
		"albumtitle": "《真道分解》2010年复活节特辑：与主同死同埋葬同复活(6)"
	},
	{
		"title": "第7讲：腓3:7-14向着标杆直跑",
		"path": "http://audio.lyzhendao.net/biblexpo/be/BE-10E_L7.mp3",
		"duration": 1700,
		"size": "5M",
		"albumName": "《真道分解》2010年复活节特辑：与主同死同埋葬同复活",
		"albumId": 497,
		"id": 497888186,
		"albumtitle": "《真道分解》2010年复活节特辑：与主同死同埋葬同复活(7)"
	},
	{
		"title": "第8讲：来10:19-24坚守指望，不至摇动",
		"path": "http://audio.lyzhendao.net/biblexpo/be/BE-10E_L8.mp3",
		"duration": 1700,
		"size": "5M",
		"albumName": "《真道分解》2010年复活节特辑：与主同死同埋葬同复活",
		"albumId": 497,
		"id": 497888187,
		"albumtitle": "《真道分解》2010年复活节特辑：与主同死同埋葬同复活(8)"
	}
]