[
	{
		"title": "第 1 讲：神的创造与神的国",
		"path": "http://audio.lyzhendao.net/biblexpo/be/BE-Love_China01.mp3",
		"duration": 1500,
		"size": "4.5M",
		"albumName": "《真道分解》从神的国看主爱中华",
		"albumId": 495,
		"id": 495888180,
		"albumtitle": "《真道分解》从神的国看主爱中华(1)"
	},
	{
		"title": "第 2 讲：亚伯拉罕之约",
		"path": "http://audio.lyzhendao.net/biblexpo/be/BE-Love_China02.mp3",
		"duration": 1500,
		"size": "4.5M",
		"albumName": "《真道分解》从神的国看主爱中华",
		"albumId": 495,
		"id": 495888181,
		"albumtitle": "《真道分解》从神的国看主爱中华(2)"
	},
	{
		"title": "第 3 讲：西乃之约",
		"path": "http://audio.lyzhendao.net/biblexpo/be/BE-Love_China03.mp3",
		"duration": 1500,
		"size": "4.5M",
		"albumName": "《真道分解》从神的国看主爱中华",
		"albumId": 495,
		"id": 495888182,
		"albumtitle": "《真道分解》从神的国看主爱中华(3)"
	},
	{
		"title": "第 4 讲：大卫之约",
		"path": "http://audio.lyzhendao.net/biblexpo/be/BE-Love_China04.mp3",
		"duration": 1500,
		"size": "4.5M",
		"albumName": "《真道分解》从神的国看主爱中华",
		"albumId": 495,
		"id": 495888183,
		"albumtitle": "《真道分解》从神的国看主爱中华(4)"
	},
	{
		"title": "第 5 讲：主耶稣与神的国",
		"path": "http://audio.lyzhendao.net/biblexpo/be/BE-Love_China05.mp3",
		"duration": 1500,
		"size": "4.5M",
		"albumName": "《真道分解》从神的国看主爱中华",
		"albumId": 495,
		"id": 495888184,
		"albumtitle": "《真道分解》从神的国看主爱中华(5)"
	},
	{
		"title": "第 6 讲：新天新地",
		"path": "http://audio.lyzhendao.net/biblexpo/be/BE-Love_China06.mp3",
		"duration": 1500,
		"size": "4.5M",
		"albumName": "《真道分解》从神的国看主爱中华",
		"albumId": 495,
		"id": 495888185,
		"albumtitle": "《真道分解》从神的国看主爱中华(6)"
	},
	{
		"title": "第 7 讲：摩西的民族情怀",
		"path": "http://audio.lyzhendao.net/biblexpo/be/BE-Love_China07.mp3",
		"duration": 1500,
		"size": "4.5M",
		"albumName": "《真道分解》从神的国看主爱中华",
		"albumId": 495,
		"id": 495888186,
		"albumtitle": "《真道分解》从神的国看主爱中华(7)"
	},
	{
		"title": "第 8 讲：耶利米的民族情怀",
		"path": "http://audio.lyzhendao.net/biblexpo/be/BE-Love_China08.mp3",
		"duration": 1500,
		"size": "4.5M",
		"albumName": "《真道分解》从神的国看主爱中华",
		"albumId": 495,
		"id": 495888187,
		"albumtitle": "《真道分解》从神的国看主爱中华(8)"
	},
	{
		"title": "第 9 讲：尼希米的民族情怀",
		"path": "http://audio.lyzhendao.net/biblexpo/be/BE-Love_China09.mp3",
		"duration": 1500,
		"size": "4.5M",
		"albumName": "《真道分解》从神的国看主爱中华",
		"albumId": 495,
		"id": 495888188,
		"albumtitle": "《真道分解》从神的国看主爱中华(9)"
	},
	{
		"title": "第10讲：使徒的民族情怀",
		"path": "http://audio.lyzhendao.net/biblexpo/be/BE-Love_China10.mp3",
		"duration": 1500,
		"size": "4.5M",
		"albumName": "《真道分解》从神的国看主爱中华",
		"albumId": 495,
		"id": 495888189,
		"albumtitle": "《真道分解》从神的国看主爱中华(10)"
	},
	{
		"title": "第11讲：保罗的民族情怀",
		"path": "http://audio.lyzhendao.net/biblexpo/be/BE-Love_China11.mp3",
		"duration": 1500,
		"size": "4.5M",
		"albumName": "《真道分解》从神的国看主爱中华",
		"albumId": 495,
		"id": 495888190,
		"albumtitle": "《真道分解》从神的国看主爱中华(11)"
	},
	{
		"title": "第12讲：从神的国看主爱中华",
		"path": "http://audio.lyzhendao.net/biblexpo/be/BE-Love_China12.mp3",
		"duration": 1500,
		"size": "4.5M",
		"albumName": "《真道分解》从神的国看主爱中华",
		"albumId": 495,
		"id": 495888191,
		"albumtitle": "《真道分解》从神的国看主爱中华(12)"
	}
]