[
	{
		"title": "第 1 讲：先知书的背景",
		"path": "http://audio.lyzhendao.net/biblexpo/be/BE-Method4_01.mp3",
		"duration": 780,
		"size": "2.5M",
		"albumName": "《真道分解》查经法（4）旧约文体分析",
		"albumId": 486,
		"id": 486888180,
		"albumtitle": "《真道分解》查经法（4）旧约文体分析(1)"
	},
	{
		"title": "第 2 讲：预言的功用",
		"path": "http://audio.lyzhendao.net/biblexpo/be/BE-Method4_02.mp3",
		"duration": 780,
		"size": "2.5M",
		"albumName": "《真道分解》查经法（4）旧约文体分析",
		"albumId": 486,
		"id": 486888181,
		"albumtitle": "《真道分解》查经法（4）旧约文体分析(2)"
	},
	{
		"title": "第 3 讲：预言的类别",
		"path": "http://audio.lyzhendao.net/biblexpo/be/BE-Method4_03.mp3",
		"duration": 780,
		"size": "2.5M",
		"albumName": "《真道分解》查经法（4）旧约文体分析",
		"albumId": 486,
		"id": 486888182,
		"albumtitle": "《真道分解》查经法（4）旧约文体分析(3)"
	},
	{
		"title": "第 4 讲：先知书的特征",
		"path": "http://audio.lyzhendao.net/biblexpo/be/BE-Method4_04.mp3",
		"duration": 780,
		"size": "2.5M",
		"albumName": "《真道分解》查经法（4）旧约文体分析",
		"albumId": 486,
		"id": 486888183,
		"albumtitle": "《真道分解》查经法（4）旧约文体分析(4)"
	},
	{
		"title": "第 5 讲：先知书的释经原则",
		"path": "http://audio.lyzhendao.net/biblexpo/be/BE-Method4_05.mp3",
		"duration": 780,
		"size": "2.5M",
		"albumName": "《真道分解》查经法（4）旧约文体分析",
		"albumId": 486,
		"id": 486888184,
		"albumtitle": "《真道分解》查经法（4）旧约文体分析(5)"
	},
	{
		"title": "第 6 讲：律法书（一）",
		"path": "http://audio.lyzhendao.net/biblexpo/be/BE-Method4_06.mp3",
		"duration": 780,
		"size": "2.5M",
		"albumName": "《真道分解》查经法（4）旧约文体分析",
		"albumId": 486,
		"id": 486888185,
		"albumtitle": "《真道分解》查经法（4）旧约文体分析(6)"
	},
	{
		"title": "第 7 讲：律法书（二）",
		"path": "http://audio.lyzhendao.net/biblexpo/be/BE-Method4_07.mp3",
		"duration": 780,
		"size": "2.5M",
		"albumName": "《真道分解》查经法（4）旧约文体分析",
		"albumId": 486,
		"id": 486888186,
		"albumtitle": "《真道分解》查经法（4）旧约文体分析(7)"
	},
	{
		"title": "第 8 讲：摩西五经",
		"path": "http://audio.lyzhendao.net/biblexpo/be/BE-Method4_08.mp3",
		"duration": 780,
		"size": "2.5M",
		"albumName": "《真道分解》查经法（4）旧约文体分析",
		"albumId": 486,
		"id": 486888187,
		"albumtitle": "《真道分解》查经法（4）旧约文体分析(8)"
	},
	{
		"title": "第 9 讲：旷野故事",
		"path": "http://audio.lyzhendao.net/biblexpo/be/BE-Method4_09.mp3",
		"duration": 780,
		"size": "2.5M",
		"albumName": "《真道分解》查经法（4）旧约文体分析",
		"albumId": 486,
		"id": 486888188,
		"albumtitle": "《真道分解》查经法（4）旧约文体分析(9)"
	},
	{
		"title": "第10讲：历史书分类",
		"path": "http://audio.lyzhendao.net/biblexpo/be/BE-Method4_10.mp3",
		"duration": 780,
		"size": "2.5M",
		"albumName": "《真道分解》查经法（4）旧约文体分析",
		"albumId": 486,
		"id": 486888189,
		"albumtitle": "《真道分解》查经法（4）旧约文体分析(10)"
	},
	{
		"title": "第11讲：历史书查考方法",
		"path": "http://audio.lyzhendao.net/biblexpo/be/BE-Method4_11.mp3",
		"duration": 780,
		"size": "2.5M",
		"albumName": "《真道分解》查经法（4）旧约文体分析",
		"albumId": 486,
		"id": 486888190,
		"albumtitle": "《真道分解》查经法（4）旧约文体分析(11)"
	},
	{
		"title": "第12讲：诗篇背景",
		"path": "http://audio.lyzhendao.net/biblexpo/be/BE-Method4_12.mp3",
		"duration": 780,
		"size": "2.5M",
		"albumName": "《真道分解》查经法（4）旧约文体分析",
		"albumId": 486,
		"id": 486888191,
		"albumtitle": "《真道分解》查经法（4）旧约文体分析(12)"
	},
	{
		"title": "第13讲：诗篇分类（一）",
		"path": "http://audio.lyzhendao.net/biblexpo/be/BE-Method4_13.mp3",
		"duration": 780,
		"size": "2.5M",
		"albumName": "《真道分解》查经法（4）旧约文体分析",
		"albumId": 486,
		"id": 486888192,
		"albumtitle": "《真道分解》查经法（4）旧约文体分析(13)"
	},
	{
		"title": "第14讲：诗篇分类（二）",
		"path": "http://audio.lyzhendao.net/biblexpo/be/BE-Method4_14.mp3",
		"duration": 780,
		"size": "2.5M",
		"albumName": "《真道分解》查经法（4）旧约文体分析",
		"albumId": 486,
		"id": 486888193,
		"albumtitle": "《真道分解》查经法（4）旧约文体分析(14)"
	},
	{
		"title": "第15讲：希伯来诗歌结构（一）",
		"path": "http://audio.lyzhendao.net/biblexpo/be/BE-Method4_15.mp3",
		"duration": 780,
		"size": "2.5M",
		"albumName": "《真道分解》查经法（4）旧约文体分析",
		"albumId": 486,
		"id": 486888194,
		"albumtitle": "《真道分解》查经法（4）旧约文体分析(15)"
	},
	{
		"title": "第16讲：希伯来诗歌结构（二）",
		"path": "http://audio.lyzhendao.net/biblexpo/be/BE-Method4_16.mp3",
		"duration": 780,
		"size": "2.5M",
		"albumName": "《真道分解》查经法（4）旧约文体分析",
		"albumId": 486,
		"id": 486888195,
		"albumtitle": "《真道分解》查经法（4）旧约文体分析(16)"
	},
	{
		"title": "第17讲：诗篇释经原则",
		"path": "http://audio.lyzhendao.net/biblexpo/be/BE-Method4_17.mp3",
		"duration": 780,
		"size": "2.5M",
		"albumName": "《真道分解》查经法（4）旧约文体分析",
		"albumId": 486,
		"id": 486888196,
		"albumtitle": "《真道分解》查经法（4）旧约文体分析(17)"
	},
	{
		"title": "第18讲：诗篇释经示範（一）",
		"path": "http://audio.lyzhendao.net/biblexpo/be/BE-Method4_18.mp3",
		"duration": 780,
		"size": "2.5M",
		"albumName": "《真道分解》查经法（4）旧约文体分析",
		"albumId": 486,
		"id": 486888197,
		"albumtitle": "《真道分解》查经法（4）旧约文体分析(18)"
	},
	{
		"title": "第19讲：诗篇释经示範（二）",
		"path": "http://audio.lyzhendao.net/biblexpo/be/BE-Method4_19.mp3",
		"duration": 780,
		"size": "2.5M",
		"albumName": "《真道分解》查经法（4）旧约文体分析",
		"albumId": 486,
		"id": 486888198,
		"albumtitle": "《真道分解》查经法（4）旧约文体分析(19)"
	},
	{
		"title": "第20讲：圣经中的智慧书",
		"path": "http://audio.lyzhendao.net/biblexpo/be/BE-Method4_20.mp3",
		"duration": 780,
		"size": "2.5M",
		"albumName": "《真道分解》查经法（4）旧约文体分析",
		"albumId": 486,
		"id": 486888199,
		"albumtitle": "《真道分解》查经法（4）旧约文体分析(20)"
	},
	{
		"title": "第21讲：约伯记、箴言、传道书特色（一）",
		"path": "http://audio.lyzhendao.net/biblexpo/be/BE-Method4_21.mp3",
		"duration": 780,
		"size": "2.5M",
		"albumName": "《真道分解》查经法（4）旧约文体分析",
		"albumId": 486,
		"id": 486888200,
		"albumtitle": "《真道分解》查经法（4）旧约文体分析(21)"
	},
	{
		"title": "第22讲：约伯记、箴言、传道书特色（二）",
		"path": "http://audio.lyzhendao.net/biblexpo/be/BE-Method4_22.mp3",
		"duration": 780,
		"size": "2.5M",
		"albumName": "《真道分解》查经法（4）旧约文体分析",
		"albumId": 486,
		"id": 486888201,
		"albumtitle": "《真道分解》查经法（4）旧约文体分析(22)"
	},
	{
		"title": "第23讲：智慧文学的特征",
		"path": "http://audio.lyzhendao.net/biblexpo/be/BE-Method4_23.mp3",
		"duration": 780,
		"size": "2.5M",
		"albumName": "《真道分解》查经法（4）旧约文体分析",
		"albumId": 486,
		"id": 486888202,
		"albumtitle": "《真道分解》查经法（4）旧约文体分析(23)"
	},
	{
		"title": "第24讲：智慧文学的形式（一）",
		"path": "http://audio.lyzhendao.net/biblexpo/be/BE-Method4_24.mp3",
		"duration": 780,
		"size": "2.5M",
		"albumName": "《真道分解》查经法（4）旧约文体分析",
		"albumId": 486,
		"id": 486888203,
		"albumtitle": "《真道分解》查经法（4）旧约文体分析(24)"
	},
	{
		"title": "第25讲：智慧文学的形式（二）",
		"path": "http://audio.lyzhendao.net/biblexpo/be/BE-Method4_25.mp3",
		"duration": 780,
		"size": "2.5M",
		"albumName": "《真道分解》查经法（4）旧约文体分析",
		"albumId": 486,
		"id": 486888204,
		"albumtitle": "《真道分解》查经法（4）旧约文体分析(25)"
	},
	{
		"title": "第26讲：智慧文学的释经原则",
		"path": "http://audio.lyzhendao.net/biblexpo/be/BE-Method4_26.mp3",
		"duration": 780,
		"size": "2.5M",
		"albumName": "《真道分解》查经法（4）旧约文体分析",
		"albumId": 486,
		"id": 486888205,
		"albumtitle": "《真道分解》查经法（4）旧约文体分析(26)"
	},
	{
		"title": "第27讲：智慧文学的诗歌──雅歌",
		"path": "http://audio.lyzhendao.net/biblexpo/be/BE-Method4_27.mp3",
		"duration": 780,
		"size": "2.5M",
		"albumName": "《真道分解》查经法（4）旧约文体分析",
		"albumId": 486,
		"id": 486888206,
		"albumtitle": "《真道分解》查经法（4）旧约文体分析(27)"
	},
	{
		"title": "第28讲：第四部分总结",
		"path": "http://audio.lyzhendao.net/biblexpo/be/BE-Method4_28.mp3",
		"duration": 780,
		"size": "2.5M",
		"albumName": "《真道分解》查经法（4）旧约文体分析",
		"albumId": 486,
		"id": 486888207,
		"albumtitle": "《真道分解》查经法（4）旧约文体分析(28)"
	}
]