[
	{
		"duration": 150,
		"size": "1M",
		"path": "http://audio.lyzhendao.net/biblexpo/daily//Daily_170101.mp3",
		"id": 6006000001,
		"albumId": 6006,
		"albumName": "《真道分解每日灵修》 2017 上半年合集",
		"albumtitle": "《真道分解每日灵修》 2017 上半年合集(1)",
		"title": "真道分解每日灵修-20170101"
	},
	{
		"duration": 150,
		"size": "1M",
		"path": "http://audio.lyzhendao.net/biblexpo/daily//Daily_170102.mp3",
		"id": 6006000002,
		"albumId": 6006,
		"albumName": "《真道分解每日灵修》 2017 上半年合集",
		"albumtitle": "《真道分解每日灵修》 2017 上半年合集(2)",
		"title": "真道分解每日灵修-20170102"
	},
	{
		"duration": 150,
		"size": "1M",
		"path": "http://audio.lyzhendao.net/biblexpo/daily//Daily_170103.mp3",
		"id": 6006000003,
		"albumId": 6006,
		"albumName": "《真道分解每日灵修》 2017 上半年合集",
		"albumtitle": "《真道分解每日灵修》 2017 上半年合集(3)",
		"title": "真道分解每日灵修-20170103"
	},
	{
		"duration": 150,
		"size": "1M",
		"path": "http://audio.lyzhendao.net/biblexpo/daily//Daily_170104.mp3",
		"id": 6006000004,
		"albumId": 6006,
		"albumName": "《真道分解每日灵修》 2017 上半年合集",
		"albumtitle": "《真道分解每日灵修》 2017 上半年合集(4)",
		"title": "真道分解每日灵修-20170104"
	},
	{
		"duration": 150,
		"size": "1M",
		"path": "http://audio.lyzhendao.net/biblexpo/daily//Daily_170105.mp3",
		"id": 6006000005,
		"albumId": 6006,
		"albumName": "《真道分解每日灵修》 2017 上半年合集",
		"albumtitle": "《真道分解每日灵修》 2017 上半年合集(5)",
		"title": "真道分解每日灵修-20170105"
	},
	{
		"duration": 150,
		"size": "1M",
		"path": "http://audio.lyzhendao.net/biblexpo/daily//Daily_170106.mp3",
		"id": 6006000006,
		"albumId": 6006,
		"albumName": "《真道分解每日灵修》 2017 上半年合集",
		"albumtitle": "《真道分解每日灵修》 2017 上半年合集(6)",
		"title": "真道分解每日灵修-20170106"
	},
	{
		"duration": 150,
		"size": "1M",
		"path": "http://audio.lyzhendao.net/biblexpo/daily//Daily_170107.mp3",
		"id": 6006000007,
		"albumId": 6006,
		"albumName": "《真道分解每日灵修》 2017 上半年合集",
		"albumtitle": "《真道分解每日灵修》 2017 上半年合集(7)",
		"title": "真道分解每日灵修-20170107"
	},
	{
		"duration": 150,
		"size": "1M",
		"path": "http://audio.lyzhendao.net/biblexpo/daily//Daily_170108.mp3",
		"id": 6006000008,
		"albumId": 6006,
		"albumName": "《真道分解每日灵修》 2017 上半年合集",
		"albumtitle": "《真道分解每日灵修》 2017 上半年合集(8)",
		"title": "真道分解每日灵修-20170108"
	},
	{
		"duration": 150,
		"size": "1M",
		"path": "http://audio.lyzhendao.net/biblexpo/daily//Daily_170109.mp3",
		"id": 6006000009,
		"albumId": 6006,
		"albumName": "《真道分解每日灵修》 2017 上半年合集",
		"albumtitle": "《真道分解每日灵修》 2017 上半年合集(9)",
		"title": "真道分解每日灵修-20170109"
	},
	{
		"duration": 150,
		"size": "1M",
		"path": "http://audio.lyzhendao.net/biblexpo/daily//Daily_170110.mp3",
		"id": 6006000010,
		"albumId": 6006,
		"albumName": "《真道分解每日灵修》 2017 上半年合集",
		"albumtitle": "《真道分解每日灵修》 2017 上半年合集(10)",
		"title": "真道分解每日灵修-20170110"
	},
	{
		"duration": 150,
		"size": "1M",
		"path": "http://audio.lyzhendao.net/biblexpo/daily//Daily_170111.mp3",
		"id": 6006000011,
		"albumId": 6006,
		"albumName": "《真道分解每日灵修》 2017 上半年合集",
		"albumtitle": "《真道分解每日灵修》 2017 上半年合集(11)",
		"title": "真道分解每日灵修-20170111"
	},
	{
		"duration": 150,
		"size": "1M",
		"path": "http://audio.lyzhendao.net/biblexpo/daily//Daily_170112.mp3",
		"id": 6006000012,
		"albumId": 6006,
		"albumName": "《真道分解每日灵修》 2017 上半年合集",
		"albumtitle": "《真道分解每日灵修》 2017 上半年合集(12)",
		"title": "真道分解每日灵修-20170112"
	},
	{
		"duration": 150,
		"size": "1M",
		"path": "http://audio.lyzhendao.net/biblexpo/daily//Daily_170113.mp3",
		"id": 6006000013,
		"albumId": 6006,
		"albumName": "《真道分解每日灵修》 2017 上半年合集",
		"albumtitle": "《真道分解每日灵修》 2017 上半年合集(13)",
		"title": "真道分解每日灵修-20170113"
	},
	{
		"duration": 150,
		"size": "1M",
		"path": "http://audio.lyzhendao.net/biblexpo/daily//Daily_170114.mp3",
		"id": 6006000014,
		"albumId": 6006,
		"albumName": "《真道分解每日灵修》 2017 上半年合集",
		"albumtitle": "《真道分解每日灵修》 2017 上半年合集(14)",
		"title": "真道分解每日灵修-20170114"
	},
	{
		"duration": 150,
		"size": "1M",
		"path": "http://audio.lyzhendao.net/biblexpo/daily//Daily_170115.mp3",
		"id": 6006000015,
		"albumId": 6006,
		"albumName": "《真道分解每日灵修》 2017 上半年合集",
		"albumtitle": "《真道分解每日灵修》 2017 上半年合集(15)",
		"title": "真道分解每日灵修-20170115"
	},
	{
		"duration": 150,
		"size": "1M",
		"path": "http://audio.lyzhendao.net/biblexpo/daily//Daily_170116.mp3",
		"id": 6006000016,
		"albumId": 6006,
		"albumName": "《真道分解每日灵修》 2017 上半年合集",
		"albumtitle": "《真道分解每日灵修》 2017 上半年合集(16)",
		"title": "真道分解每日灵修-20170116"
	},
	{
		"duration": 150,
		"size": "1M",
		"path": "http://audio.lyzhendao.net/biblexpo/daily//Daily_170117.mp3",
		"id": 6006000017,
		"albumId": 6006,
		"albumName": "《真道分解每日灵修》 2017 上半年合集",
		"albumtitle": "《真道分解每日灵修》 2017 上半年合集(17)",
		"title": "真道分解每日灵修-20170117"
	},
	{
		"duration": 150,
		"size": "1M",
		"path": "http://audio.lyzhendao.net/biblexpo/daily//Daily_170118.mp3",
		"id": 6006000018,
		"albumId": 6006,
		"albumName": "《真道分解每日灵修》 2017 上半年合集",
		"albumtitle": "《真道分解每日灵修》 2017 上半年合集(18)",
		"title": "真道分解每日灵修-20170118"
	},
	{
		"duration": 150,
		"size": "1M",
		"path": "http://audio.lyzhendao.net/biblexpo/daily//Daily_170119.mp3",
		"id": 6006000019,
		"albumId": 6006,
		"albumName": "《真道分解每日灵修》 2017 上半年合集",
		"albumtitle": "《真道分解每日灵修》 2017 上半年合集(19)",
		"title": "真道分解每日灵修-20170119"
	},
	{
		"duration": 150,
		"size": "1M",
		"path": "http://audio.lyzhendao.net/biblexpo/daily//Daily_170120.mp3",
		"id": 6006000020,
		"albumId": 6006,
		"albumName": "《真道分解每日灵修》 2017 上半年合集",
		"albumtitle": "《真道分解每日灵修》 2017 上半年合集(20)",
		"title": "真道分解每日灵修-20170120"
	},
	{
		"duration": 150,
		"size": "1M",
		"path": "http://audio.lyzhendao.net/biblexpo/daily//Daily_170121.mp3",
		"id": 6006000021,
		"albumId": 6006,
		"albumName": "《真道分解每日灵修》 2017 上半年合集",
		"albumtitle": "《真道分解每日灵修》 2017 上半年合集(21)",
		"title": "真道分解每日灵修-20170121"
	},
	{
		"duration": 150,
		"size": "1M",
		"path": "http://audio.lyzhendao.net/biblexpo/daily//Daily_170122.mp3",
		"id": 6006000022,
		"albumId": 6006,
		"albumName": "《真道分解每日灵修》 2017 上半年合集",
		"albumtitle": "《真道分解每日灵修》 2017 上半年合集(22)",
		"title": "真道分解每日灵修-20170122"
	},
	{
		"duration": 150,
		"size": "1M",
		"path": "http://audio.lyzhendao.net/biblexpo/daily//Daily_170123.mp3",
		"id": 6006000023,
		"albumId": 6006,
		"albumName": "《真道分解每日灵修》 2017 上半年合集",
		"albumtitle": "《真道分解每日灵修》 2017 上半年合集(23)",
		"title": "真道分解每日灵修-20170123"
	},
	{
		"duration": 150,
		"size": "1M",
		"path": "http://audio.lyzhendao.net/biblexpo/daily//Daily_170124.mp3",
		"id": 6006000024,
		"albumId": 6006,
		"albumName": "《真道分解每日灵修》 2017 上半年合集",
		"albumtitle": "《真道分解每日灵修》 2017 上半年合集(24)",
		"title": "真道分解每日灵修-20170124"
	},
	{
		"duration": 150,
		"size": "1M",
		"path": "http://audio.lyzhendao.net/biblexpo/daily//Daily_170125.mp3",
		"id": 6006000025,
		"albumId": 6006,
		"albumName": "《真道分解每日灵修》 2017 上半年合集",
		"albumtitle": "《真道分解每日灵修》 2017 上半年合集(25)",
		"title": "真道分解每日灵修-20170125"
	},
	{
		"duration": 150,
		"size": "1M",
		"path": "http://audio.lyzhendao.net/biblexpo/daily//Daily_170126.mp3",
		"id": 6006000026,
		"albumId": 6006,
		"albumName": "《真道分解每日灵修》 2017 上半年合集",
		"albumtitle": "《真道分解每日灵修》 2017 上半年合集(26)",
		"title": "真道分解每日灵修-20170126"
	},
	{
		"duration": 150,
		"size": "1M",
		"path": "http://audio.lyzhendao.net/biblexpo/daily//Daily_170127.mp3",
		"id": 6006000027,
		"albumId": 6006,
		"albumName": "《真道分解每日灵修》 2017 上半年合集",
		"albumtitle": "《真道分解每日灵修》 2017 上半年合集(27)",
		"title": "真道分解每日灵修-20170127"
	},
	{
		"duration": 150,
		"size": "1M",
		"path": "http://audio.lyzhendao.net/biblexpo/daily//Daily_170128.mp3",
		"id": 6006000028,
		"albumId": 6006,
		"albumName": "《真道分解每日灵修》 2017 上半年合集",
		"albumtitle": "《真道分解每日灵修》 2017 上半年合集(28)",
		"title": "真道分解每日灵修-20170128"
	},
	{
		"duration": 150,
		"size": "1M",
		"path": "http://audio.lyzhendao.net/biblexpo/daily//Daily_170129.mp3",
		"id": 6006000029,
		"albumId": 6006,
		"albumName": "《真道分解每日灵修》 2017 上半年合集",
		"albumtitle": "《真道分解每日灵修》 2017 上半年合集(29)",
		"title": "真道分解每日灵修-20170129"
	},
	{
		"duration": 150,
		"size": "1M",
		"path": "http://audio.lyzhendao.net/biblexpo/daily//Daily_170130.mp3",
		"id": 6006000030,
		"albumId": 6006,
		"albumName": "《真道分解每日灵修》 2017 上半年合集",
		"albumtitle": "《真道分解每日灵修》 2017 上半年合集(30)",
		"title": "真道分解每日灵修-20170130"
	},
	{
		"duration": 150,
		"size": "1M",
		"path": "http://audio.lyzhendao.net/biblexpo/daily//Daily_170131.mp3",
		"id": 6006000031,
		"albumId": 6006,
		"albumName": "《真道分解每日灵修》 2017 上半年合集",
		"albumtitle": "《真道分解每日灵修》 2017 上半年合集(31)",
		"title": "真道分解每日灵修-20170131"
	},
	{
		"duration": 150,
		"size": "1M",
		"path": "http://audio.lyzhendao.net/biblexpo/daily//Daily_170201.mp3",
		"id": 6006000032,
		"albumId": 6006,
		"albumName": "《真道分解每日灵修》 2017 上半年合集",
		"albumtitle": "《真道分解每日灵修》 2017 上半年合集(32)",
		"title": "真道分解每日灵修-20170201"
	},
	{
		"duration": 150,
		"size": "1M",
		"path": "http://audio.lyzhendao.net/biblexpo/daily//Daily_170202.mp3",
		"id": 6006000033,
		"albumId": 6006,
		"albumName": "《真道分解每日灵修》 2017 上半年合集",
		"albumtitle": "《真道分解每日灵修》 2017 上半年合集(33)",
		"title": "真道分解每日灵修-20170202"
	},
	{
		"duration": 150,
		"size": "1M",
		"path": "http://audio.lyzhendao.net/biblexpo/daily//Daily_170203.mp3",
		"id": 6006000034,
		"albumId": 6006,
		"albumName": "《真道分解每日灵修》 2017 上半年合集",
		"albumtitle": "《真道分解每日灵修》 2017 上半年合集(34)",
		"title": "真道分解每日灵修-20170203"
	},
	{
		"duration": 150,
		"size": "1M",
		"path": "http://audio.lyzhendao.net/biblexpo/daily//Daily_170204.mp3",
		"id": 6006000035,
		"albumId": 6006,
		"albumName": "《真道分解每日灵修》 2017 上半年合集",
		"albumtitle": "《真道分解每日灵修》 2017 上半年合集(35)",
		"title": "真道分解每日灵修-20170204"
	},
	{
		"duration": 150,
		"size": "1M",
		"path": "http://audio.lyzhendao.net/biblexpo/daily//Daily_170205.mp3",
		"id": 6006000036,
		"albumId": 6006,
		"albumName": "《真道分解每日灵修》 2017 上半年合集",
		"albumtitle": "《真道分解每日灵修》 2017 上半年合集(36)",
		"title": "真道分解每日灵修-20170205"
	},
	{
		"duration": 150,
		"size": "1M",
		"path": "http://audio.lyzhendao.net/biblexpo/daily//Daily_170206.mp3",
		"id": 6006000037,
		"albumId": 6006,
		"albumName": "《真道分解每日灵修》 2017 上半年合集",
		"albumtitle": "《真道分解每日灵修》 2017 上半年合集(37)",
		"title": "真道分解每日灵修-20170206"
	},
	{
		"duration": 150,
		"size": "1M",
		"path": "http://audio.lyzhendao.net/biblexpo/daily//Daily_170207.mp3",
		"id": 6006000038,
		"albumId": 6006,
		"albumName": "《真道分解每日灵修》 2017 上半年合集",
		"albumtitle": "《真道分解每日灵修》 2017 上半年合集(38)",
		"title": "真道分解每日灵修-20170207"
	},
	{
		"duration": 150,
		"size": "1M",
		"path": "http://audio.lyzhendao.net/biblexpo/daily//Daily_170208.mp3",
		"id": 6006000039,
		"albumId": 6006,
		"albumName": "《真道分解每日灵修》 2017 上半年合集",
		"albumtitle": "《真道分解每日灵修》 2017 上半年合集(39)",
		"title": "真道分解每日灵修-20170208"
	},
	{
		"duration": 150,
		"size": "1M",
		"path": "http://audio.lyzhendao.net/biblexpo/daily//Daily_170209.mp3",
		"id": 6006000040,
		"albumId": 6006,
		"albumName": "《真道分解每日灵修》 2017 上半年合集",
		"albumtitle": "《真道分解每日灵修》 2017 上半年合集(40)",
		"title": "真道分解每日灵修-20170209"
	},
	{
		"duration": 150,
		"size": "1M",
		"path": "http://audio.lyzhendao.net/biblexpo/daily//Daily_170210.mp3",
		"id": 6006000041,
		"albumId": 6006,
		"albumName": "《真道分解每日灵修》 2017 上半年合集",
		"albumtitle": "《真道分解每日灵修》 2017 上半年合集(41)",
		"title": "真道分解每日灵修-20170210"
	},
	{
		"duration": 150,
		"size": "1M",
		"path": "http://audio.lyzhendao.net/biblexpo/daily//Daily_170211.mp3",
		"id": 6006000042,
		"albumId": 6006,
		"albumName": "《真道分解每日灵修》 2017 上半年合集",
		"albumtitle": "《真道分解每日灵修》 2017 上半年合集(42)",
		"title": "真道分解每日灵修-20170211"
	},
	{
		"duration": 150,
		"size": "1M",
		"path": "http://audio.lyzhendao.net/biblexpo/daily//Daily_170212.mp3",
		"id": 6006000043,
		"albumId": 6006,
		"albumName": "《真道分解每日灵修》 2017 上半年合集",
		"albumtitle": "《真道分解每日灵修》 2017 上半年合集(43)",
		"title": "真道分解每日灵修-20170212"
	},
	{
		"duration": 150,
		"size": "1M",
		"path": "http://audio.lyzhendao.net/biblexpo/daily//Daily_170213.mp3",
		"id": 6006000044,
		"albumId": 6006,
		"albumName": "《真道分解每日灵修》 2017 上半年合集",
		"albumtitle": "《真道分解每日灵修》 2017 上半年合集(44)",
		"title": "真道分解每日灵修-20170213"
	},
	{
		"duration": 150,
		"size": "1M",
		"path": "http://audio.lyzhendao.net/biblexpo/daily//Daily_170214.mp3",
		"id": 6006000045,
		"albumId": 6006,
		"albumName": "《真道分解每日灵修》 2017 上半年合集",
		"albumtitle": "《真道分解每日灵修》 2017 上半年合集(45)",
		"title": "真道分解每日灵修-20170214"
	},
	{
		"duration": 150,
		"size": "1M",
		"path": "http://audio.lyzhendao.net/biblexpo/daily//Daily_170215.mp3",
		"id": 6006000046,
		"albumId": 6006,
		"albumName": "《真道分解每日灵修》 2017 上半年合集",
		"albumtitle": "《真道分解每日灵修》 2017 上半年合集(46)",
		"title": "真道分解每日灵修-20170215"
	},
	{
		"duration": 150,
		"size": "1M",
		"path": "http://audio.lyzhendao.net/biblexpo/daily//Daily_170216.mp3",
		"id": 6006000047,
		"albumId": 6006,
		"albumName": "《真道分解每日灵修》 2017 上半年合集",
		"albumtitle": "《真道分解每日灵修》 2017 上半年合集(47)",
		"title": "真道分解每日灵修-20170216"
	},
	{
		"duration": 150,
		"size": "1M",
		"path": "http://audio.lyzhendao.net/biblexpo/daily//Daily_170217.mp3",
		"id": 6006000048,
		"albumId": 6006,
		"albumName": "《真道分解每日灵修》 2017 上半年合集",
		"albumtitle": "《真道分解每日灵修》 2017 上半年合集(48)",
		"title": "真道分解每日灵修-20170217"
	},
	{
		"duration": 150,
		"size": "1M",
		"path": "http://audio.lyzhendao.net/biblexpo/daily//Daily_170218.mp3",
		"id": 6006000049,
		"albumId": 6006,
		"albumName": "《真道分解每日灵修》 2017 上半年合集",
		"albumtitle": "《真道分解每日灵修》 2017 上半年合集(49)",
		"title": "真道分解每日灵修-20170218"
	},
	{
		"duration": 150,
		"size": "1M",
		"path": "http://audio.lyzhendao.net/biblexpo/daily//Daily_170219.mp3",
		"id": 6006000050,
		"albumId": 6006,
		"albumName": "《真道分解每日灵修》 2017 上半年合集",
		"albumtitle": "《真道分解每日灵修》 2017 上半年合集(50)",
		"title": "真道分解每日灵修-20170219"
	},
	{
		"duration": 150,
		"size": "1M",
		"path": "http://audio.lyzhendao.net/biblexpo/daily//Daily_170220.mp3",
		"id": 6006000051,
		"albumId": 6006,
		"albumName": "《真道分解每日灵修》 2017 上半年合集",
		"albumtitle": "《真道分解每日灵修》 2017 上半年合集(51)",
		"title": "真道分解每日灵修-20170220"
	},
	{
		"duration": 150,
		"size": "1M",
		"path": "http://audio.lyzhendao.net/biblexpo/daily//Daily_170221.mp3",
		"id": 6006000052,
		"albumId": 6006,
		"albumName": "《真道分解每日灵修》 2017 上半年合集",
		"albumtitle": "《真道分解每日灵修》 2017 上半年合集(52)",
		"title": "真道分解每日灵修-20170221"
	},
	{
		"duration": 150,
		"size": "1M",
		"path": "http://audio.lyzhendao.net/biblexpo/daily//Daily_170222.mp3",
		"id": 6006000053,
		"albumId": 6006,
		"albumName": "《真道分解每日灵修》 2017 上半年合集",
		"albumtitle": "《真道分解每日灵修》 2017 上半年合集(53)",
		"title": "真道分解每日灵修-20170222"
	},
	{
		"duration": 150,
		"size": "1M",
		"path": "http://audio.lyzhendao.net/biblexpo/daily//Daily_170223.mp3",
		"id": 6006000054,
		"albumId": 6006,
		"albumName": "《真道分解每日灵修》 2017 上半年合集",
		"albumtitle": "《真道分解每日灵修》 2017 上半年合集(54)",
		"title": "真道分解每日灵修-20170223"
	},
	{
		"duration": 150,
		"size": "1M",
		"path": "http://audio.lyzhendao.net/biblexpo/daily//Daily_170224.mp3",
		"id": 6006000055,
		"albumId": 6006,
		"albumName": "《真道分解每日灵修》 2017 上半年合集",
		"albumtitle": "《真道分解每日灵修》 2017 上半年合集(55)",
		"title": "真道分解每日灵修-20170224"
	},
	{
		"duration": 150,
		"size": "1M",
		"path": "http://audio.lyzhendao.net/biblexpo/daily//Daily_170225.mp3",
		"id": 6006000056,
		"albumId": 6006,
		"albumName": "《真道分解每日灵修》 2017 上半年合集",
		"albumtitle": "《真道分解每日灵修》 2017 上半年合集(56)",
		"title": "真道分解每日灵修-20170225"
	},
	{
		"duration": 150,
		"size": "1M",
		"path": "http://audio.lyzhendao.net/biblexpo/daily//Daily_170226.mp3",
		"id": 6006000057,
		"albumId": 6006,
		"albumName": "《真道分解每日灵修》 2017 上半年合集",
		"albumtitle": "《真道分解每日灵修》 2017 上半年合集(57)",
		"title": "真道分解每日灵修-20170226"
	},
	{
		"duration": 150,
		"size": "1M",
		"path": "http://audio.lyzhendao.net/biblexpo/daily//Daily_170227.mp3",
		"id": 6006000058,
		"albumId": 6006,
		"albumName": "《真道分解每日灵修》 2017 上半年合集",
		"albumtitle": "《真道分解每日灵修》 2017 上半年合集(58)",
		"title": "真道分解每日灵修-20170227"
	},
	{
		"duration": 150,
		"size": "1M",
		"path": "http://audio.lyzhendao.net/biblexpo/daily//Daily_170228.mp3",
		"id": 6006000059,
		"albumId": 6006,
		"albumName": "《真道分解每日灵修》 2017 上半年合集",
		"albumtitle": "《真道分解每日灵修》 2017 上半年合集(59)",
		"title": "真道分解每日灵修-20170228"
	},
	{
		"duration": 150,
		"size": "1M",
		"path": "http://audio.lyzhendao.net/biblexpo/daily//Daily_170301.mp3",
		"id": 6006000060,
		"albumId": 6006,
		"albumName": "《真道分解每日灵修》 2017 上半年合集",
		"albumtitle": "《真道分解每日灵修》 2017 上半年合集(60)",
		"title": "真道分解每日灵修-20170301"
	},
	{
		"duration": 150,
		"size": "1M",
		"path": "http://audio.lyzhendao.net/biblexpo/daily//Daily_170302.mp3",
		"id": 6006000061,
		"albumId": 6006,
		"albumName": "《真道分解每日灵修》 2017 上半年合集",
		"albumtitle": "《真道分解每日灵修》 2017 上半年合集(61)",
		"title": "真道分解每日灵修-20170302"
	},
	{
		"duration": 150,
		"size": "1M",
		"path": "http://audio.lyzhendao.net/biblexpo/daily//Daily_170303.mp3",
		"id": 6006000062,
		"albumId": 6006,
		"albumName": "《真道分解每日灵修》 2017 上半年合集",
		"albumtitle": "《真道分解每日灵修》 2017 上半年合集(62)",
		"title": "真道分解每日灵修-20170303"
	},
	{
		"duration": 150,
		"size": "1M",
		"path": "http://audio.lyzhendao.net/biblexpo/daily//Daily_170304.mp3",
		"id": 6006000063,
		"albumId": 6006,
		"albumName": "《真道分解每日灵修》 2017 上半年合集",
		"albumtitle": "《真道分解每日灵修》 2017 上半年合集(63)",
		"title": "真道分解每日灵修-20170304"
	},
	{
		"duration": 150,
		"size": "1M",
		"path": "http://audio.lyzhendao.net/biblexpo/daily//Daily_170305.mp3",
		"id": 6006000064,
		"albumId": 6006,
		"albumName": "《真道分解每日灵修》 2017 上半年合集",
		"albumtitle": "《真道分解每日灵修》 2017 上半年合集(64)",
		"title": "真道分解每日灵修-20170305"
	},
	{
		"duration": 150,
		"size": "1M",
		"path": "http://audio.lyzhendao.net/biblexpo/daily//Daily_170306.mp3",
		"id": 6006000065,
		"albumId": 6006,
		"albumName": "《真道分解每日灵修》 2017 上半年合集",
		"albumtitle": "《真道分解每日灵修》 2017 上半年合集(65)",
		"title": "真道分解每日灵修-20170306"
	},
	{
		"duration": 150,
		"size": "1M",
		"path": "http://audio.lyzhendao.net/biblexpo/daily//Daily_170307.mp3",
		"id": 6006000066,
		"albumId": 6006,
		"albumName": "《真道分解每日灵修》 2017 上半年合集",
		"albumtitle": "《真道分解每日灵修》 2017 上半年合集(66)",
		"title": "真道分解每日灵修-20170307"
	},
	{
		"duration": 150,
		"size": "1M",
		"path": "http://audio.lyzhendao.net/biblexpo/daily//Daily_170308.mp3",
		"id": 6006000067,
		"albumId": 6006,
		"albumName": "《真道分解每日灵修》 2017 上半年合集",
		"albumtitle": "《真道分解每日灵修》 2017 上半年合集(67)",
		"title": "真道分解每日灵修-20170308"
	},
	{
		"duration": 150,
		"size": "1M",
		"path": "http://audio.lyzhendao.net/biblexpo/daily//Daily_170309.mp3",
		"id": 6006000068,
		"albumId": 6006,
		"albumName": "《真道分解每日灵修》 2017 上半年合集",
		"albumtitle": "《真道分解每日灵修》 2017 上半年合集(68)",
		"title": "真道分解每日灵修-20170309"
	},
	{
		"duration": 150,
		"size": "1M",
		"path": "http://audio.lyzhendao.net/biblexpo/daily//Daily_170310.mp3",
		"id": 6006000069,
		"albumId": 6006,
		"albumName": "《真道分解每日灵修》 2017 上半年合集",
		"albumtitle": "《真道分解每日灵修》 2017 上半年合集(69)",
		"title": "真道分解每日灵修-20170310"
	},
	{
		"duration": 150,
		"size": "1M",
		"path": "http://audio.lyzhendao.net/biblexpo/daily//Daily_170311.mp3",
		"id": 6006000070,
		"albumId": 6006,
		"albumName": "《真道分解每日灵修》 2017 上半年合集",
		"albumtitle": "《真道分解每日灵修》 2017 上半年合集(70)",
		"title": "真道分解每日灵修-20170311"
	},
	{
		"duration": 150,
		"size": "1M",
		"path": "http://audio.lyzhendao.net/biblexpo/daily//Daily_170312.mp3",
		"id": 6006000071,
		"albumId": 6006,
		"albumName": "《真道分解每日灵修》 2017 上半年合集",
		"albumtitle": "《真道分解每日灵修》 2017 上半年合集(71)",
		"title": "真道分解每日灵修-20170312"
	},
	{
		"duration": 150,
		"size": "1M",
		"path": "http://audio.lyzhendao.net/biblexpo/daily//Daily_170313.mp3",
		"id": 6006000072,
		"albumId": 6006,
		"albumName": "《真道分解每日灵修》 2017 上半年合集",
		"albumtitle": "《真道分解每日灵修》 2017 上半年合集(72)",
		"title": "真道分解每日灵修-20170313"
	},
	{
		"duration": 150,
		"size": "1M",
		"path": "http://audio.lyzhendao.net/biblexpo/daily//Daily_170314.mp3",
		"id": 6006000073,
		"albumId": 6006,
		"albumName": "《真道分解每日灵修》 2017 上半年合集",
		"albumtitle": "《真道分解每日灵修》 2017 上半年合集(73)",
		"title": "真道分解每日灵修-20170314"
	},
	{
		"duration": 150,
		"size": "1M",
		"path": "http://audio.lyzhendao.net/biblexpo/daily//Daily_170315.mp3",
		"id": 6006000074,
		"albumId": 6006,
		"albumName": "《真道分解每日灵修》 2017 上半年合集",
		"albumtitle": "《真道分解每日灵修》 2017 上半年合集(74)",
		"title": "真道分解每日灵修-20170315"
	},
	{
		"duration": 150,
		"size": "1M",
		"path": "http://audio.lyzhendao.net/biblexpo/daily//Daily_170316.mp3",
		"id": 6006000075,
		"albumId": 6006,
		"albumName": "《真道分解每日灵修》 2017 上半年合集",
		"albumtitle": "《真道分解每日灵修》 2017 上半年合集(75)",
		"title": "真道分解每日灵修-20170316"
	},
	{
		"duration": 150,
		"size": "1M",
		"path": "http://audio.lyzhendao.net/biblexpo/daily//Daily_170317.mp3",
		"id": 6006000076,
		"albumId": 6006,
		"albumName": "《真道分解每日灵修》 2017 上半年合集",
		"albumtitle": "《真道分解每日灵修》 2017 上半年合集(76)",
		"title": "真道分解每日灵修-20170317"
	},
	{
		"duration": 150,
		"size": "1M",
		"path": "http://audio.lyzhendao.net/biblexpo/daily//Daily_170318.mp3",
		"id": 6006000077,
		"albumId": 6006,
		"albumName": "《真道分解每日灵修》 2017 上半年合集",
		"albumtitle": "《真道分解每日灵修》 2017 上半年合集(77)",
		"title": "真道分解每日灵修-20170318"
	},
	{
		"duration": 150,
		"size": "1M",
		"path": "http://audio.lyzhendao.net/biblexpo/daily//Daily_170319.mp3",
		"id": 6006000078,
		"albumId": 6006,
		"albumName": "《真道分解每日灵修》 2017 上半年合集",
		"albumtitle": "《真道分解每日灵修》 2017 上半年合集(78)",
		"title": "真道分解每日灵修-20170319"
	},
	{
		"duration": 150,
		"size": "1M",
		"path": "http://audio.lyzhendao.net/biblexpo/daily//Daily_170320.mp3",
		"id": 6006000079,
		"albumId": 6006,
		"albumName": "《真道分解每日灵修》 2017 上半年合集",
		"albumtitle": "《真道分解每日灵修》 2017 上半年合集(79)",
		"title": "真道分解每日灵修-20170320"
	},
	{
		"duration": 150,
		"size": "1M",
		"path": "http://audio.lyzhendao.net/biblexpo/daily//Daily_170321.mp3",
		"id": 6006000080,
		"albumId": 6006,
		"albumName": "《真道分解每日灵修》 2017 上半年合集",
		"albumtitle": "《真道分解每日灵修》 2017 上半年合集(80)",
		"title": "真道分解每日灵修-20170321"
	},
	{
		"duration": 150,
		"size": "1M",
		"path": "http://audio.lyzhendao.net/biblexpo/daily//Daily_170322.mp3",
		"id": 6006000081,
		"albumId": 6006,
		"albumName": "《真道分解每日灵修》 2017 上半年合集",
		"albumtitle": "《真道分解每日灵修》 2017 上半年合集(81)",
		"title": "真道分解每日灵修-20170322"
	},
	{
		"duration": 150,
		"size": "1M",
		"path": "http://audio.lyzhendao.net/biblexpo/daily//Daily_170323.mp3",
		"id": 6006000082,
		"albumId": 6006,
		"albumName": "《真道分解每日灵修》 2017 上半年合集",
		"albumtitle": "《真道分解每日灵修》 2017 上半年合集(82)",
		"title": "真道分解每日灵修-20170323"
	},
	{
		"duration": 150,
		"size": "1M",
		"path": "http://audio.lyzhendao.net/biblexpo/daily//Daily_170324.mp3",
		"id": 6006000083,
		"albumId": 6006,
		"albumName": "《真道分解每日灵修》 2017 上半年合集",
		"albumtitle": "《真道分解每日灵修》 2017 上半年合集(83)",
		"title": "真道分解每日灵修-20170324"
	},
	{
		"duration": 150,
		"size": "1M",
		"path": "http://audio.lyzhendao.net/biblexpo/daily//Daily_170325.mp3",
		"id": 6006000084,
		"albumId": 6006,
		"albumName": "《真道分解每日灵修》 2017 上半年合集",
		"albumtitle": "《真道分解每日灵修》 2017 上半年合集(84)",
		"title": "真道分解每日灵修-20170325"
	},
	{
		"duration": 150,
		"size": "1M",
		"path": "http://audio.lyzhendao.net/biblexpo/daily//Daily_170326.mp3",
		"id": 6006000085,
		"albumId": 6006,
		"albumName": "《真道分解每日灵修》 2017 上半年合集",
		"albumtitle": "《真道分解每日灵修》 2017 上半年合集(85)",
		"title": "真道分解每日灵修-20170326"
	},
	{
		"duration": 150,
		"size": "1M",
		"path": "http://audio.lyzhendao.net/biblexpo/daily//Daily_170327.mp3",
		"id": 6006000086,
		"albumId": 6006,
		"albumName": "《真道分解每日灵修》 2017 上半年合集",
		"albumtitle": "《真道分解每日灵修》 2017 上半年合集(86)",
		"title": "真道分解每日灵修-20170327"
	},
	{
		"duration": 150,
		"size": "1M",
		"path": "http://audio.lyzhendao.net/biblexpo/daily//Daily_170328.mp3",
		"id": 6006000087,
		"albumId": 6006,
		"albumName": "《真道分解每日灵修》 2017 上半年合集",
		"albumtitle": "《真道分解每日灵修》 2017 上半年合集(87)",
		"title": "真道分解每日灵修-20170328"
	},
	{
		"duration": 150,
		"size": "1M",
		"path": "http://audio.lyzhendao.net/biblexpo/daily//Daily_170329.mp3",
		"id": 6006000088,
		"albumId": 6006,
		"albumName": "《真道分解每日灵修》 2017 上半年合集",
		"albumtitle": "《真道分解每日灵修》 2017 上半年合集(88)",
		"title": "真道分解每日灵修-20170329"
	},
	{
		"duration": 150,
		"size": "1M",
		"path": "http://audio.lyzhendao.net/biblexpo/daily//Daily_170330.mp3",
		"id": 6006000089,
		"albumId": 6006,
		"albumName": "《真道分解每日灵修》 2017 上半年合集",
		"albumtitle": "《真道分解每日灵修》 2017 上半年合集(89)",
		"title": "真道分解每日灵修-20170330"
	},
	{
		"duration": 150,
		"size": "1M",
		"path": "http://audio.lyzhendao.net/biblexpo/daily//Daily_170331.mp3",
		"id": 6006000090,
		"albumId": 6006,
		"albumName": "《真道分解每日灵修》 2017 上半年合集",
		"albumtitle": "《真道分解每日灵修》 2017 上半年合集(90)",
		"title": "真道分解每日灵修-20170331"
	},
	{
		"duration": 150,
		"size": "1M",
		"path": "http://audio.lyzhendao.net/biblexpo/daily//Daily_170401.mp3",
		"id": 6006000091,
		"albumId": 6006,
		"albumName": "《真道分解每日灵修》 2017 上半年合集",
		"albumtitle": "《真道分解每日灵修》 2017 上半年合集(91)",
		"title": "真道分解每日灵修-20170401"
	},
	{
		"duration": 150,
		"size": "1M",
		"path": "http://audio.lyzhendao.net/biblexpo/daily//Daily_170402.mp3",
		"id": 6006000092,
		"albumId": 6006,
		"albumName": "《真道分解每日灵修》 2017 上半年合集",
		"albumtitle": "《真道分解每日灵修》 2017 上半年合集(92)",
		"title": "真道分解每日灵修-20170402"
	},
	{
		"duration": 150,
		"size": "1M",
		"path": "http://audio.lyzhendao.net/biblexpo/daily//Daily_170403.mp3",
		"id": 6006000093,
		"albumId": 6006,
		"albumName": "《真道分解每日灵修》 2017 上半年合集",
		"albumtitle": "《真道分解每日灵修》 2017 上半年合集(93)",
		"title": "真道分解每日灵修-20170403"
	},
	{
		"duration": 150,
		"size": "1M",
		"path": "http://audio.lyzhendao.net/biblexpo/daily//Daily_170404.mp3",
		"id": 6006000094,
		"albumId": 6006,
		"albumName": "《真道分解每日灵修》 2017 上半年合集",
		"albumtitle": "《真道分解每日灵修》 2017 上半年合集(94)",
		"title": "真道分解每日灵修-20170404"
	},
	{
		"duration": 150,
		"size": "1M",
		"path": "http://audio.lyzhendao.net/biblexpo/daily//Daily_170405.mp3",
		"id": 6006000095,
		"albumId": 6006,
		"albumName": "《真道分解每日灵修》 2017 上半年合集",
		"albumtitle": "《真道分解每日灵修》 2017 上半年合集(95)",
		"title": "真道分解每日灵修-20170405"
	},
	{
		"duration": 150,
		"size": "1M",
		"path": "http://audio.lyzhendao.net/biblexpo/daily//Daily_170406.mp3",
		"id": 6006000096,
		"albumId": 6006,
		"albumName": "《真道分解每日灵修》 2017 上半年合集",
		"albumtitle": "《真道分解每日灵修》 2017 上半年合集(96)",
		"title": "真道分解每日灵修-20170406"
	},
	{
		"duration": 150,
		"size": "1M",
		"path": "http://audio.lyzhendao.net/biblexpo/daily//Daily_170407.mp3",
		"id": 6006000097,
		"albumId": 6006,
		"albumName": "《真道分解每日灵修》 2017 上半年合集",
		"albumtitle": "《真道分解每日灵修》 2017 上半年合集(97)",
		"title": "真道分解每日灵修-20170407"
	},
	{
		"duration": 150,
		"size": "1M",
		"path": "http://audio.lyzhendao.net/biblexpo/daily//Daily_170408.mp3",
		"id": 6006000098,
		"albumId": 6006,
		"albumName": "《真道分解每日灵修》 2017 上半年合集",
		"albumtitle": "《真道分解每日灵修》 2017 上半年合集(98)",
		"title": "真道分解每日灵修-20170408"
	},
	{
		"duration": 150,
		"size": "1M",
		"path": "http://audio.lyzhendao.net/biblexpo/daily//Daily_170409.mp3",
		"id": 6006000099,
		"albumId": 6006,
		"albumName": "《真道分解每日灵修》 2017 上半年合集",
		"albumtitle": "《真道分解每日灵修》 2017 上半年合集(99)",
		"title": "真道分解每日灵修-20170409"
	},
	{
		"duration": 150,
		"size": "1M",
		"path": "http://audio.lyzhendao.net/biblexpo/daily//Daily_170410.mp3",
		"id": 6006000100,
		"albumId": 6006,
		"albumName": "《真道分解每日灵修》 2017 上半年合集",
		"albumtitle": "《真道分解每日灵修》 2017 上半年合集(100)",
		"title": "真道分解每日灵修-20170410"
	},
	{
		"duration": 150,
		"size": "1M",
		"path": "http://audio.lyzhendao.net/biblexpo/daily//Daily_170411.mp3",
		"id": 6006000101,
		"albumId": 6006,
		"albumName": "《真道分解每日灵修》 2017 上半年合集",
		"albumtitle": "《真道分解每日灵修》 2017 上半年合集(101)",
		"title": "真道分解每日灵修-20170411"
	},
	{
		"duration": 150,
		"size": "1M",
		"path": "http://audio.lyzhendao.net/biblexpo/daily//Daily_170412.mp3",
		"id": 6006000102,
		"albumId": 6006,
		"albumName": "《真道分解每日灵修》 2017 上半年合集",
		"albumtitle": "《真道分解每日灵修》 2017 上半年合集(102)",
		"title": "真道分解每日灵修-20170412"
	},
	{
		"duration": 150,
		"size": "1M",
		"path": "http://audio.lyzhendao.net/biblexpo/daily//Daily_170413.mp3",
		"id": 6006000103,
		"albumId": 6006,
		"albumName": "《真道分解每日灵修》 2017 上半年合集",
		"albumtitle": "《真道分解每日灵修》 2017 上半年合集(103)",
		"title": "真道分解每日灵修-20170413"
	},
	{
		"duration": 150,
		"size": "1M",
		"path": "http://audio.lyzhendao.net/biblexpo/daily//Daily_170414.mp3",
		"id": 6006000104,
		"albumId": 6006,
		"albumName": "《真道分解每日灵修》 2017 上半年合集",
		"albumtitle": "《真道分解每日灵修》 2017 上半年合集(104)",
		"title": "真道分解每日灵修-20170414"
	},
	{
		"duration": 150,
		"size": "1M",
		"path": "http://audio.lyzhendao.net/biblexpo/daily//Daily_170415.mp3",
		"id": 6006000105,
		"albumId": 6006,
		"albumName": "《真道分解每日灵修》 2017 上半年合集",
		"albumtitle": "《真道分解每日灵修》 2017 上半年合集(105)",
		"title": "真道分解每日灵修-20170415"
	},
	{
		"duration": 150,
		"size": "1M",
		"path": "http://audio.lyzhendao.net/biblexpo/daily//Daily_170416.mp3",
		"id": 6006000106,
		"albumId": 6006,
		"albumName": "《真道分解每日灵修》 2017 上半年合集",
		"albumtitle": "《真道分解每日灵修》 2017 上半年合集(106)",
		"title": "真道分解每日灵修-20170416"
	},
	{
		"duration": 150,
		"size": "1M",
		"path": "http://audio.lyzhendao.net/biblexpo/daily//Daily_170417.mp3",
		"id": 6006000107,
		"albumId": 6006,
		"albumName": "《真道分解每日灵修》 2017 上半年合集",
		"albumtitle": "《真道分解每日灵修》 2017 上半年合集(107)",
		"title": "真道分解每日灵修-20170417"
	},
	{
		"duration": 150,
		"size": "1M",
		"path": "http://audio.lyzhendao.net/biblexpo/daily//Daily_170418.mp3",
		"id": 6006000108,
		"albumId": 6006,
		"albumName": "《真道分解每日灵修》 2017 上半年合集",
		"albumtitle": "《真道分解每日灵修》 2017 上半年合集(108)",
		"title": "真道分解每日灵修-20170418"
	},
	{
		"duration": 150,
		"size": "1M",
		"path": "http://audio.lyzhendao.net/biblexpo/daily//Daily_170419.mp3",
		"id": 6006000109,
		"albumId": 6006,
		"albumName": "《真道分解每日灵修》 2017 上半年合集",
		"albumtitle": "《真道分解每日灵修》 2017 上半年合集(109)",
		"title": "真道分解每日灵修-20170419"
	},
	{
		"duration": 150,
		"size": "1M",
		"path": "http://audio.lyzhendao.net/biblexpo/daily//Daily_170420.mp3",
		"id": 6006000110,
		"albumId": 6006,
		"albumName": "《真道分解每日灵修》 2017 上半年合集",
		"albumtitle": "《真道分解每日灵修》 2017 上半年合集(110)",
		"title": "真道分解每日灵修-20170420"
	},
	{
		"duration": 150,
		"size": "1M",
		"path": "http://audio.lyzhendao.net/biblexpo/daily//Daily_170421.mp3",
		"id": 6006000111,
		"albumId": 6006,
		"albumName": "《真道分解每日灵修》 2017 上半年合集",
		"albumtitle": "《真道分解每日灵修》 2017 上半年合集(111)",
		"title": "真道分解每日灵修-20170421"
	},
	{
		"duration": 150,
		"size": "1M",
		"path": "http://audio.lyzhendao.net/biblexpo/daily//Daily_170422.mp3",
		"id": 6006000112,
		"albumId": 6006,
		"albumName": "《真道分解每日灵修》 2017 上半年合集",
		"albumtitle": "《真道分解每日灵修》 2017 上半年合集(112)",
		"title": "真道分解每日灵修-20170422"
	},
	{
		"duration": 150,
		"size": "1M",
		"path": "http://audio.lyzhendao.net/biblexpo/daily//Daily_170423.mp3",
		"id": 6006000113,
		"albumId": 6006,
		"albumName": "《真道分解每日灵修》 2017 上半年合集",
		"albumtitle": "《真道分解每日灵修》 2017 上半年合集(113)",
		"title": "真道分解每日灵修-20170423"
	},
	{
		"duration": 150,
		"size": "1M",
		"path": "http://audio.lyzhendao.net/biblexpo/daily//Daily_170424.mp3",
		"id": 6006000114,
		"albumId": 6006,
		"albumName": "《真道分解每日灵修》 2017 上半年合集",
		"albumtitle": "《真道分解每日灵修》 2017 上半年合集(114)",
		"title": "真道分解每日灵修-20170424"
	},
	{
		"duration": 150,
		"size": "1M",
		"path": "http://audio.lyzhendao.net/biblexpo/daily//Daily_170425.mp3",
		"id": 6006000115,
		"albumId": 6006,
		"albumName": "《真道分解每日灵修》 2017 上半年合集",
		"albumtitle": "《真道分解每日灵修》 2017 上半年合集(115)",
		"title": "真道分解每日灵修-20170425"
	},
	{
		"duration": 150,
		"size": "1M",
		"path": "http://audio.lyzhendao.net/biblexpo/daily//Daily_170426.mp3",
		"id": 6006000116,
		"albumId": 6006,
		"albumName": "《真道分解每日灵修》 2017 上半年合集",
		"albumtitle": "《真道分解每日灵修》 2017 上半年合集(116)",
		"title": "真道分解每日灵修-20170426"
	},
	{
		"duration": 150,
		"size": "1M",
		"path": "http://audio.lyzhendao.net/biblexpo/daily//Daily_170427.mp3",
		"id": 6006000117,
		"albumId": 6006,
		"albumName": "《真道分解每日灵修》 2017 上半年合集",
		"albumtitle": "《真道分解每日灵修》 2017 上半年合集(117)",
		"title": "真道分解每日灵修-20170427"
	},
	{
		"duration": 150,
		"size": "1M",
		"path": "http://audio.lyzhendao.net/biblexpo/daily//Daily_170428.mp3",
		"id": 6006000118,
		"albumId": 6006,
		"albumName": "《真道分解每日灵修》 2017 上半年合集",
		"albumtitle": "《真道分解每日灵修》 2017 上半年合集(118)",
		"title": "真道分解每日灵修-20170428"
	},
	{
		"duration": 150,
		"size": "1M",
		"path": "http://audio.lyzhendao.net/biblexpo/daily//Daily_170429.mp3",
		"id": 6006000119,
		"albumId": 6006,
		"albumName": "《真道分解每日灵修》 2017 上半年合集",
		"albumtitle": "《真道分解每日灵修》 2017 上半年合集(119)",
		"title": "真道分解每日灵修-20170429"
	},
	{
		"duration": 150,
		"size": "1M",
		"path": "http://audio.lyzhendao.net/biblexpo/daily//Daily_170430.mp3",
		"id": 6006000120,
		"albumId": 6006,
		"albumName": "《真道分解每日灵修》 2017 上半年合集",
		"albumtitle": "《真道分解每日灵修》 2017 上半年合集(120)",
		"title": "真道分解每日灵修-20170430"
	},
	{
		"duration": 150,
		"size": "1M",
		"path": "http://audio.lyzhendao.net/biblexpo/daily//Daily_170501.mp3",
		"id": 6006000121,
		"albumId": 6006,
		"albumName": "《真道分解每日灵修》 2017 上半年合集",
		"albumtitle": "《真道分解每日灵修》 2017 上半年合集(121)",
		"title": "真道分解每日灵修-20170501"
	},
	{
		"duration": 150,
		"size": "1M",
		"path": "http://audio.lyzhendao.net/biblexpo/daily//Daily_170502.mp3",
		"id": 6006000122,
		"albumId": 6006,
		"albumName": "《真道分解每日灵修》 2017 上半年合集",
		"albumtitle": "《真道分解每日灵修》 2017 上半年合集(122)",
		"title": "真道分解每日灵修-20170502"
	},
	{
		"duration": 150,
		"size": "1M",
		"path": "http://audio.lyzhendao.net/biblexpo/daily//Daily_170503.mp3",
		"id": 6006000123,
		"albumId": 6006,
		"albumName": "《真道分解每日灵修》 2017 上半年合集",
		"albumtitle": "《真道分解每日灵修》 2017 上半年合集(123)",
		"title": "真道分解每日灵修-20170503"
	},
	{
		"duration": 150,
		"size": "1M",
		"path": "http://audio.lyzhendao.net/biblexpo/daily//Daily_170504.mp3",
		"id": 6006000124,
		"albumId": 6006,
		"albumName": "《真道分解每日灵修》 2017 上半年合集",
		"albumtitle": "《真道分解每日灵修》 2017 上半年合集(124)",
		"title": "真道分解每日灵修-20170504"
	},
	{
		"duration": 150,
		"size": "1M",
		"path": "http://audio.lyzhendao.net/biblexpo/daily//Daily_170505.mp3",
		"id": 6006000125,
		"albumId": 6006,
		"albumName": "《真道分解每日灵修》 2017 上半年合集",
		"albumtitle": "《真道分解每日灵修》 2017 上半年合集(125)",
		"title": "真道分解每日灵修-20170505"
	},
	{
		"duration": 150,
		"size": "1M",
		"path": "http://audio.lyzhendao.net/biblexpo/daily//Daily_170506.mp3",
		"id": 6006000126,
		"albumId": 6006,
		"albumName": "《真道分解每日灵修》 2017 上半年合集",
		"albumtitle": "《真道分解每日灵修》 2017 上半年合集(126)",
		"title": "真道分解每日灵修-20170506"
	},
	{
		"duration": 150,
		"size": "1M",
		"path": "http://audio.lyzhendao.net/biblexpo/daily//Daily_170507.mp3",
		"id": 6006000127,
		"albumId": 6006,
		"albumName": "《真道分解每日灵修》 2017 上半年合集",
		"albumtitle": "《真道分解每日灵修》 2017 上半年合集(127)",
		"title": "真道分解每日灵修-20170507"
	},
	{
		"duration": 150,
		"size": "1M",
		"path": "http://audio.lyzhendao.net/biblexpo/daily//Daily_170508.mp3",
		"id": 6006000128,
		"albumId": 6006,
		"albumName": "《真道分解每日灵修》 2017 上半年合集",
		"albumtitle": "《真道分解每日灵修》 2017 上半年合集(128)",
		"title": "真道分解每日灵修-20170508"
	},
	{
		"duration": 150,
		"size": "1M",
		"path": "http://audio.lyzhendao.net/biblexpo/daily//Daily_170509.mp3",
		"id": 6006000129,
		"albumId": 6006,
		"albumName": "《真道分解每日灵修》 2017 上半年合集",
		"albumtitle": "《真道分解每日灵修》 2017 上半年合集(129)",
		"title": "真道分解每日灵修-20170509"
	},
	{
		"duration": 150,
		"size": "1M",
		"path": "http://audio.lyzhendao.net/biblexpo/daily//Daily_170510.mp3",
		"id": 6006000130,
		"albumId": 6006,
		"albumName": "《真道分解每日灵修》 2017 上半年合集",
		"albumtitle": "《真道分解每日灵修》 2017 上半年合集(130)",
		"title": "真道分解每日灵修-20170510"
	},
	{
		"duration": 150,
		"size": "1M",
		"path": "http://audio.lyzhendao.net/biblexpo/daily//Daily_170511.mp3",
		"id": 6006000131,
		"albumId": 6006,
		"albumName": "《真道分解每日灵修》 2017 上半年合集",
		"albumtitle": "《真道分解每日灵修》 2017 上半年合集(131)",
		"title": "真道分解每日灵修-20170511"
	},
	{
		"duration": 150,
		"size": "1M",
		"path": "http://audio.lyzhendao.net/biblexpo/daily//Daily_170512.mp3",
		"id": 6006000132,
		"albumId": 6006,
		"albumName": "《真道分解每日灵修》 2017 上半年合集",
		"albumtitle": "《真道分解每日灵修》 2017 上半年合集(132)",
		"title": "真道分解每日灵修-20170512"
	},
	{
		"duration": 150,
		"size": "1M",
		"path": "http://audio.lyzhendao.net/biblexpo/daily//Daily_170513.mp3",
		"id": 6006000133,
		"albumId": 6006,
		"albumName": "《真道分解每日灵修》 2017 上半年合集",
		"albumtitle": "《真道分解每日灵修》 2017 上半年合集(133)",
		"title": "真道分解每日灵修-20170513"
	},
	{
		"duration": 150,
		"size": "1M",
		"path": "http://audio.lyzhendao.net/biblexpo/daily//Daily_170514.mp3",
		"id": 6006000134,
		"albumId": 6006,
		"albumName": "《真道分解每日灵修》 2017 上半年合集",
		"albumtitle": "《真道分解每日灵修》 2017 上半年合集(134)",
		"title": "真道分解每日灵修-20170514"
	},
	{
		"duration": 150,
		"size": "1M",
		"path": "http://audio.lyzhendao.net/biblexpo/daily//Daily_170515.mp3",
		"id": 6006000135,
		"albumId": 6006,
		"albumName": "《真道分解每日灵修》 2017 上半年合集",
		"albumtitle": "《真道分解每日灵修》 2017 上半年合集(135)",
		"title": "真道分解每日灵修-20170515"
	},
	{
		"duration": 150,
		"size": "1M",
		"path": "http://audio.lyzhendao.net/biblexpo/daily//Daily_170516.mp3",
		"id": 6006000136,
		"albumId": 6006,
		"albumName": "《真道分解每日灵修》 2017 上半年合集",
		"albumtitle": "《真道分解每日灵修》 2017 上半年合集(136)",
		"title": "真道分解每日灵修-20170516"
	},
	{
		"duration": 150,
		"size": "1M",
		"path": "http://audio.lyzhendao.net/biblexpo/daily//Daily_170517.mp3",
		"id": 6006000137,
		"albumId": 6006,
		"albumName": "《真道分解每日灵修》 2017 上半年合集",
		"albumtitle": "《真道分解每日灵修》 2017 上半年合集(137)",
		"title": "真道分解每日灵修-20170517"
	},
	{
		"duration": 150,
		"size": "1M",
		"path": "http://audio.lyzhendao.net/biblexpo/daily//Daily_170518.mp3",
		"id": 6006000138,
		"albumId": 6006,
		"albumName": "《真道分解每日灵修》 2017 上半年合集",
		"albumtitle": "《真道分解每日灵修》 2017 上半年合集(138)",
		"title": "真道分解每日灵修-20170518"
	},
	{
		"duration": 150,
		"size": "1M",
		"path": "http://audio.lyzhendao.net/biblexpo/daily//Daily_170519.mp3",
		"id": 6006000139,
		"albumId": 6006,
		"albumName": "《真道分解每日灵修》 2017 上半年合集",
		"albumtitle": "《真道分解每日灵修》 2017 上半年合集(139)",
		"title": "真道分解每日灵修-20170519"
	},
	{
		"duration": 150,
		"size": "1M",
		"path": "http://audio.lyzhendao.net/biblexpo/daily//Daily_170520.mp3",
		"id": 6006000140,
		"albumId": 6006,
		"albumName": "《真道分解每日灵修》 2017 上半年合集",
		"albumtitle": "《真道分解每日灵修》 2017 上半年合集(140)",
		"title": "真道分解每日灵修-20170520"
	},
	{
		"duration": 150,
		"size": "1M",
		"path": "http://audio.lyzhendao.net/biblexpo/daily//Daily_170521.mp3",
		"id": 6006000141,
		"albumId": 6006,
		"albumName": "《真道分解每日灵修》 2017 上半年合集",
		"albumtitle": "《真道分解每日灵修》 2017 上半年合集(141)",
		"title": "真道分解每日灵修-20170521"
	},
	{
		"duration": 150,
		"size": "1M",
		"path": "http://audio.lyzhendao.net/biblexpo/daily//Daily_170522.mp3",
		"id": 6006000142,
		"albumId": 6006,
		"albumName": "《真道分解每日灵修》 2017 上半年合集",
		"albumtitle": "《真道分解每日灵修》 2017 上半年合集(142)",
		"title": "真道分解每日灵修-20170522"
	},
	{
		"duration": 150,
		"size": "1M",
		"path": "http://audio.lyzhendao.net/biblexpo/daily//Daily_170523.mp3",
		"id": 6006000143,
		"albumId": 6006,
		"albumName": "《真道分解每日灵修》 2017 上半年合集",
		"albumtitle": "《真道分解每日灵修》 2017 上半年合集(143)",
		"title": "真道分解每日灵修-20170523"
	},
	{
		"duration": 150,
		"size": "1M",
		"path": "http://audio.lyzhendao.net/biblexpo/daily//Daily_170524.mp3",
		"id": 6006000144,
		"albumId": 6006,
		"albumName": "《真道分解每日灵修》 2017 上半年合集",
		"albumtitle": "《真道分解每日灵修》 2017 上半年合集(144)",
		"title": "真道分解每日灵修-20170524"
	},
	{
		"duration": 150,
		"size": "1M",
		"path": "http://audio.lyzhendao.net/biblexpo/daily//Daily_170525.mp3",
		"id": 6006000145,
		"albumId": 6006,
		"albumName": "《真道分解每日灵修》 2017 上半年合集",
		"albumtitle": "《真道分解每日灵修》 2017 上半年合集(145)",
		"title": "真道分解每日灵修-20170525"
	},
	{
		"duration": 150,
		"size": "1M",
		"path": "http://audio.lyzhendao.net/biblexpo/daily//Daily_170526.mp3",
		"id": 6006000146,
		"albumId": 6006,
		"albumName": "《真道分解每日灵修》 2017 上半年合集",
		"albumtitle": "《真道分解每日灵修》 2017 上半年合集(146)",
		"title": "真道分解每日灵修-20170526"
	},
	{
		"duration": 150,
		"size": "1M",
		"path": "http://audio.lyzhendao.net/biblexpo/daily//Daily_170527.mp3",
		"id": 6006000147,
		"albumId": 6006,
		"albumName": "《真道分解每日灵修》 2017 上半年合集",
		"albumtitle": "《真道分解每日灵修》 2017 上半年合集(147)",
		"title": "真道分解每日灵修-20170527"
	},
	{
		"duration": 150,
		"size": "1M",
		"path": "http://audio.lyzhendao.net/biblexpo/daily//Daily_170528.mp3",
		"id": 6006000148,
		"albumId": 6006,
		"albumName": "《真道分解每日灵修》 2017 上半年合集",
		"albumtitle": "《真道分解每日灵修》 2017 上半年合集(148)",
		"title": "真道分解每日灵修-20170528"
	},
	{
		"duration": 150,
		"size": "1M",
		"path": "http://audio.lyzhendao.net/biblexpo/daily//Daily_170529.mp3",
		"id": 6006000149,
		"albumId": 6006,
		"albumName": "《真道分解每日灵修》 2017 上半年合集",
		"albumtitle": "《真道分解每日灵修》 2017 上半年合集(149)",
		"title": "真道分解每日灵修-20170529"
	},
	{
		"duration": 150,
		"size": "1M",
		"path": "http://audio.lyzhendao.net/biblexpo/daily//Daily_170530.mp3",
		"id": 6006000150,
		"albumId": 6006,
		"albumName": "《真道分解每日灵修》 2017 上半年合集",
		"albumtitle": "《真道分解每日灵修》 2017 上半年合集(150)",
		"title": "真道分解每日灵修-20170530"
	},
	{
		"duration": 150,
		"size": "1M",
		"path": "http://audio.lyzhendao.net/biblexpo/daily//Daily_170531.mp3",
		"id": 6006000151,
		"albumId": 6006,
		"albumName": "《真道分解每日灵修》 2017 上半年合集",
		"albumtitle": "《真道分解每日灵修》 2017 上半年合集(151)",
		"title": "真道分解每日灵修-20170531"
	},
	{
		"duration": 150,
		"size": "1M",
		"path": "http://audio.lyzhendao.net/biblexpo/daily//Daily_170601.mp3",
		"id": 6006000152,
		"albumId": 6006,
		"albumName": "《真道分解每日灵修》 2017 上半年合集",
		"albumtitle": "《真道分解每日灵修》 2017 上半年合集(152)",
		"title": "真道分解每日灵修-20170601"
	},
	{
		"duration": 150,
		"size": "1M",
		"path": "http://audio.lyzhendao.net/biblexpo/daily//Daily_170602.mp3",
		"id": 6006000153,
		"albumId": 6006,
		"albumName": "《真道分解每日灵修》 2017 上半年合集",
		"albumtitle": "《真道分解每日灵修》 2017 上半年合集(153)",
		"title": "真道分解每日灵修-20170602"
	},
	{
		"duration": 150,
		"size": "1M",
		"path": "http://audio.lyzhendao.net/biblexpo/daily//Daily_170603.mp3",
		"id": 6006000154,
		"albumId": 6006,
		"albumName": "《真道分解每日灵修》 2017 上半年合集",
		"albumtitle": "《真道分解每日灵修》 2017 上半年合集(154)",
		"title": "真道分解每日灵修-20170603"
	},
	{
		"duration": 150,
		"size": "1M",
		"path": "http://audio.lyzhendao.net/biblexpo/daily//Daily_170604.mp3",
		"id": 6006000155,
		"albumId": 6006,
		"albumName": "《真道分解每日灵修》 2017 上半年合集",
		"albumtitle": "《真道分解每日灵修》 2017 上半年合集(155)",
		"title": "真道分解每日灵修-20170604"
	},
	{
		"duration": 150,
		"size": "1M",
		"path": "http://audio.lyzhendao.net/biblexpo/daily//Daily_170605.mp3",
		"id": 6006000156,
		"albumId": 6006,
		"albumName": "《真道分解每日灵修》 2017 上半年合集",
		"albumtitle": "《真道分解每日灵修》 2017 上半年合集(156)",
		"title": "真道分解每日灵修-20170605"
	},
	{
		"duration": 150,
		"size": "1M",
		"path": "http://audio.lyzhendao.net/biblexpo/daily//Daily_170606.mp3",
		"id": 6006000157,
		"albumId": 6006,
		"albumName": "《真道分解每日灵修》 2017 上半年合集",
		"albumtitle": "《真道分解每日灵修》 2017 上半年合集(157)",
		"title": "真道分解每日灵修-20170606"
	},
	{
		"duration": 150,
		"size": "1M",
		"path": "http://audio.lyzhendao.net/biblexpo/daily//Daily_170607.mp3",
		"id": 6006000158,
		"albumId": 6006,
		"albumName": "《真道分解每日灵修》 2017 上半年合集",
		"albumtitle": "《真道分解每日灵修》 2017 上半年合集(158)",
		"title": "真道分解每日灵修-20170607"
	},
	{
		"duration": 150,
		"size": "1M",
		"path": "http://audio.lyzhendao.net/biblexpo/daily//Daily_170608.mp3",
		"id": 6006000159,
		"albumId": 6006,
		"albumName": "《真道分解每日灵修》 2017 上半年合集",
		"albumtitle": "《真道分解每日灵修》 2017 上半年合集(159)",
		"title": "真道分解每日灵修-20170608"
	},
	{
		"duration": 150,
		"size": "1M",
		"path": "http://audio.lyzhendao.net/biblexpo/daily//Daily_170609.mp3",
		"id": 6006000160,
		"albumId": 6006,
		"albumName": "《真道分解每日灵修》 2017 上半年合集",
		"albumtitle": "《真道分解每日灵修》 2017 上半年合集(160)",
		"title": "真道分解每日灵修-20170609"
	},
	{
		"duration": 150,
		"size": "1M",
		"path": "http://audio.lyzhendao.net/biblexpo/daily//Daily_170610.mp3",
		"id": 6006000161,
		"albumId": 6006,
		"albumName": "《真道分解每日灵修》 2017 上半年合集",
		"albumtitle": "《真道分解每日灵修》 2017 上半年合集(161)",
		"title": "真道分解每日灵修-20170610"
	},
	{
		"duration": 150,
		"size": "1M",
		"path": "http://audio.lyzhendao.net/biblexpo/daily//Daily_170611.mp3",
		"id": 6006000162,
		"albumId": 6006,
		"albumName": "《真道分解每日灵修》 2017 上半年合集",
		"albumtitle": "《真道分解每日灵修》 2017 上半年合集(162)",
		"title": "真道分解每日灵修-20170611"
	},
	{
		"duration": 150,
		"size": "1M",
		"path": "http://audio.lyzhendao.net/biblexpo/daily//Daily_170612.mp3",
		"id": 6006000163,
		"albumId": 6006,
		"albumName": "《真道分解每日灵修》 2017 上半年合集",
		"albumtitle": "《真道分解每日灵修》 2017 上半年合集(163)",
		"title": "真道分解每日灵修-20170612"
	},
	{
		"duration": 150,
		"size": "1M",
		"path": "http://audio.lyzhendao.net/biblexpo/daily//Daily_170613.mp3",
		"id": 6006000164,
		"albumId": 6006,
		"albumName": "《真道分解每日灵修》 2017 上半年合集",
		"albumtitle": "《真道分解每日灵修》 2017 上半年合集(164)",
		"title": "真道分解每日灵修-20170613"
	},
	{
		"duration": 150,
		"size": "1M",
		"path": "http://audio.lyzhendao.net/biblexpo/daily//Daily_170614.mp3",
		"id": 6006000165,
		"albumId": 6006,
		"albumName": "《真道分解每日灵修》 2017 上半年合集",
		"albumtitle": "《真道分解每日灵修》 2017 上半年合集(165)",
		"title": "真道分解每日灵修-20170614"
	},
	{
		"duration": 150,
		"size": "1M",
		"path": "http://audio.lyzhendao.net/biblexpo/daily//Daily_170615.mp3",
		"id": 6006000166,
		"albumId": 6006,
		"albumName": "《真道分解每日灵修》 2017 上半年合集",
		"albumtitle": "《真道分解每日灵修》 2017 上半年合集(166)",
		"title": "真道分解每日灵修-20170615"
	},
	{
		"duration": 150,
		"size": "1M",
		"path": "http://audio.lyzhendao.net/biblexpo/daily//Daily_170616.mp3",
		"id": 6006000167,
		"albumId": 6006,
		"albumName": "《真道分解每日灵修》 2017 上半年合集",
		"albumtitle": "《真道分解每日灵修》 2017 上半年合集(167)",
		"title": "真道分解每日灵修-20170616"
	},
	{
		"duration": 150,
		"size": "1M",
		"path": "http://audio.lyzhendao.net/biblexpo/daily//Daily_170617.mp3",
		"id": 6006000168,
		"albumId": 6006,
		"albumName": "《真道分解每日灵修》 2017 上半年合集",
		"albumtitle": "《真道分解每日灵修》 2017 上半年合集(168)",
		"title": "真道分解每日灵修-20170617"
	},
	{
		"duration": 150,
		"size": "1M",
		"path": "http://audio.lyzhendao.net/biblexpo/daily//Daily_170618.mp3",
		"id": 6006000169,
		"albumId": 6006,
		"albumName": "《真道分解每日灵修》 2017 上半年合集",
		"albumtitle": "《真道分解每日灵修》 2017 上半年合集(169)",
		"title": "真道分解每日灵修-20170618"
	},
	{
		"duration": 150,
		"size": "1M",
		"path": "http://audio.lyzhendao.net/biblexpo/daily//Daily_170619.mp3",
		"id": 6006000170,
		"albumId": 6006,
		"albumName": "《真道分解每日灵修》 2017 上半年合集",
		"albumtitle": "《真道分解每日灵修》 2017 上半年合集(170)",
		"title": "真道分解每日灵修-20170619"
	},
	{
		"duration": 150,
		"size": "1M",
		"path": "http://audio.lyzhendao.net/biblexpo/daily//Daily_170620.mp3",
		"id": 6006000171,
		"albumId": 6006,
		"albumName": "《真道分解每日灵修》 2017 上半年合集",
		"albumtitle": "《真道分解每日灵修》 2017 上半年合集(171)",
		"title": "真道分解每日灵修-20170620"
	},
	{
		"duration": 150,
		"size": "1M",
		"path": "http://audio.lyzhendao.net/biblexpo/daily//Daily_170621.mp3",
		"id": 6006000172,
		"albumId": 6006,
		"albumName": "《真道分解每日灵修》 2017 上半年合集",
		"albumtitle": "《真道分解每日灵修》 2017 上半年合集(172)",
		"title": "真道分解每日灵修-20170621"
	},
	{
		"duration": 150,
		"size": "1M",
		"path": "http://audio.lyzhendao.net/biblexpo/daily//Daily_170622.mp3",
		"id": 6006000173,
		"albumId": 6006,
		"albumName": "《真道分解每日灵修》 2017 上半年合集",
		"albumtitle": "《真道分解每日灵修》 2017 上半年合集(173)",
		"title": "真道分解每日灵修-20170622"
	},
	{
		"duration": 150,
		"size": "1M",
		"path": "http://audio.lyzhendao.net/biblexpo/daily//Daily_170623.mp3",
		"id": 6006000174,
		"albumId": 6006,
		"albumName": "《真道分解每日灵修》 2017 上半年合集",
		"albumtitle": "《真道分解每日灵修》 2017 上半年合集(174)",
		"title": "真道分解每日灵修-20170623"
	},
	{
		"duration": 150,
		"size": "1M",
		"path": "http://audio.lyzhendao.net/biblexpo/daily//Daily_170624.mp3",
		"id": 6006000175,
		"albumId": 6006,
		"albumName": "《真道分解每日灵修》 2017 上半年合集",
		"albumtitle": "《真道分解每日灵修》 2017 上半年合集(175)",
		"title": "真道分解每日灵修-20170624"
	},
	{
		"duration": 150,
		"size": "1M",
		"path": "http://audio.lyzhendao.net/biblexpo/daily//Daily_170625.mp3",
		"id": 6006000176,
		"albumId": 6006,
		"albumName": "《真道分解每日灵修》 2017 上半年合集",
		"albumtitle": "《真道分解每日灵修》 2017 上半年合集(176)",
		"title": "真道分解每日灵修-20170625"
	},
	{
		"duration": 150,
		"size": "1M",
		"path": "http://audio.lyzhendao.net/biblexpo/daily//Daily_170626.mp3",
		"id": 6006000177,
		"albumId": 6006,
		"albumName": "《真道分解每日灵修》 2017 上半年合集",
		"albumtitle": "《真道分解每日灵修》 2017 上半年合集(177)",
		"title": "真道分解每日灵修-20170626"
	},
	{
		"duration": 150,
		"size": "1M",
		"path": "http://audio.lyzhendao.net/biblexpo/daily//Daily_170627.mp3",
		"id": 6006000178,
		"albumId": 6006,
		"albumName": "《真道分解每日灵修》 2017 上半年合集",
		"albumtitle": "《真道分解每日灵修》 2017 上半年合集(178)",
		"title": "真道分解每日灵修-20170627"
	},
	{
		"duration": 150,
		"size": "1M",
		"path": "http://audio.lyzhendao.net/biblexpo/daily//Daily_170628.mp3",
		"id": 6006000179,
		"albumId": 6006,
		"albumName": "《真道分解每日灵修》 2017 上半年合集",
		"albumtitle": "《真道分解每日灵修》 2017 上半年合集(179)",
		"title": "真道分解每日灵修-20170628"
	},
	{
		"duration": 150,
		"size": "1M",
		"path": "http://audio.lyzhendao.net/biblexpo/daily//Daily_170629.mp3",
		"id": 6006000180,
		"albumId": 6006,
		"albumName": "《真道分解每日灵修》 2017 上半年合集",
		"albumtitle": "《真道分解每日灵修》 2017 上半年合集(180)",
		"title": "真道分解每日灵修-20170629"
	},
	{
		"duration": 150,
		"size": "1M",
		"path": "http://audio.lyzhendao.net/biblexpo/daily//Daily_170630.mp3",
		"id": 6006000181,
		"albumId": 6006,
		"albumName": "《真道分解每日灵修》 2017 上半年合集",
		"albumtitle": "《真道分解每日灵修》 2017 上半年合集(181)",
		"title": "真道分解每日灵修-20170630"
	}
]