[
	{
		"title": "第 1 讲：专题查经导论",
		"path": "http://audio.lyzhendao.net/biblexpo/be/BE-Method5_01.mp3",
		"duration": 600,
		"size": "2M",
		"albumName": "《真道分解》查经法（5）专题查经",
		"albumId": 487,
		"id": 487888180,
		"albumtitle": "《真道分解》查经法（5）专题查经(1)"
	},
	{
		"title": "第 2 讲：专题查经预备方法",
		"path": "http://audio.lyzhendao.net/biblexpo/be/BE-Method5_02.mp3",
		"duration": 600,
		"size": "2M",
		"albumName": "《真道分解》查经法（5）专题查经",
		"albumId": 487,
		"id": 487888181,
		"albumtitle": "《真道分解》查经法（5）专题查经(2)"
	},
	{
		"title": "第 3 讲：专题查经的示範",
		"path": "http://audio.lyzhendao.net/biblexpo/be/BE-Method5_03.mp3",
		"duration": 600,
		"size": "2M",
		"albumName": "《真道分解》查经法（5）专题查经",
		"albumId": 487,
		"id": 487888182,
		"albumtitle": "《真道分解》查经法（5）专题查经(3)"
	},
	{
		"title": "第 4 讲：专题查经：词汇",
		"path": "http://audio.lyzhendao.net/biblexpo/be/BE-Method5_04.mp3",
		"duration": 600,
		"size": "2M",
		"albumName": "《真道分解》查经法（5）专题查经",
		"albumId": 487,
		"id": 487888183,
		"albumtitle": "《真道分解》查经法（5）专题查经(4)"
	},
	{
		"title": "第 5 讲：专题查经：历史事件",
		"path": "http://audio.lyzhendao.net/biblexpo/be/BE-Method5_05.mp3",
		"duration": 600,
		"size": "2M",
		"albumName": "《真道分解》查经法（5）专题查经",
		"albumId": 487,
		"id": 487888184,
		"albumtitle": "《真道分解》查经法（5）专题查经(5)"
	},
	{
		"title": "第 6 讲：专题查经：人物",
		"path": "http://audio.lyzhendao.net/biblexpo/be/BE-Method5_06.mp3",
		"duration": 600,
		"size": "2M",
		"albumName": "《真道分解》查经法（5）专题查经",
		"albumId": 487,
		"id": 487888185,
		"albumtitle": "《真道分解》查经法（5）专题查经(6)"
	},
	{
		"title": "第 7 讲：专题查经：比喻",
		"path": "http://audio.lyzhendao.net/biblexpo/be/BE-Method5_07.mp3",
		"duration": 600,
		"size": "2M",
		"albumName": "《真道分解》查经法（5）专题查经",
		"albumId": 487,
		"id": 487888186,
		"albumtitle": "《真道分解》查经法（5）专题查经(7)"
	},
	{
		"title": "第 8 讲：专题示範：耶稣的神迹（一）",
		"path": "http://audio.lyzhendao.net/biblexpo/be/BE-Method5_08.mp3",
		"duration": 600,
		"size": "2M",
		"albumName": "《真道分解》查经法（5）专题查经",
		"albumId": 487,
		"id": 487888187,
		"albumtitle": "《真道分解》查经法（5）专题查经(8)"
	},
	{
		"title": "第 9 讲：专题示範：耶稣的神迹（二）",
		"path": "http://audio.lyzhendao.net/biblexpo/be/BE-Method5_09.mp3",
		"duration": 600,
		"size": "2M",
		"albumName": "《真道分解》查经法（5）专题查经",
		"albumId": 487,
		"id": 487888188,
		"albumtitle": "《真道分解》查经法（5）专题查经(9)"
	},
	{
		"title": "第10讲：专题示範：耶稣的神迹（三）",
		"path": "http://audio.lyzhendao.net/biblexpo/be/BE-Method5_10.mp3",
		"duration": 600,
		"size": "2M",
		"albumName": "《真道分解》查经法（5）专题查经",
		"albumId": 487,
		"id": 487888189,
		"albumtitle": "《真道分解》查经法（5）专题查经(10)"
	},
	{
		"title": "第11讲：专题示範：耶稣的比喻（一）",
		"path": "http://audio.lyzhendao.net/biblexpo/be/BE-Method5_11.mp3",
		"duration": 600,
		"size": "2M",
		"albumName": "《真道分解》查经法（5）专题查经",
		"albumId": 487,
		"id": 487888190,
		"albumtitle": "《真道分解》查经法（5）专题查经(11)"
	},
	{
		"title": "第12讲：专题示範：耶稣的比喻（二）",
		"path": "http://audio.lyzhendao.net/biblexpo/be/BE-Method5_12.mp3",
		"duration": 600,
		"size": "2M",
		"albumName": "《真道分解》查经法（5）专题查经",
		"albumId": 487,
		"id": 487888191,
		"albumtitle": "《真道分解》查经法（5）专题查经(12)"
	},
	{
		"title": "第13讲：专题示範：耶稣的比喻（三）",
		"path": "http://audio.lyzhendao.net/biblexpo/be/BE-Method5_13.mp3",
		"duration": 600,
		"size": "2M",
		"albumName": "《真道分解》查经法（5）专题查经",
		"albumId": 487,
		"id": 487888192,
		"albumtitle": "《真道分解》查经法（5）专题查经(13)"
	},
	{
		"title": "第14讲：专题示範：词汇查考（一）",
		"path": "http://audio.lyzhendao.net/biblexpo/be/BE-Method5_14.mp3",
		"duration": 600,
		"size": "2M",
		"albumName": "《真道分解》查经法（5）专题查经",
		"albumId": 487,
		"id": 487888193,
		"albumtitle": "《真道分解》查经法（5）专题查经(14)"
	},
	{
		"title": "第15讲：专题示範：词汇查考（二）",
		"path": "http://audio.lyzhendao.net/biblexpo/be/BE-Method5_15.mp3",
		"duration": 600,
		"size": "2M",
		"albumName": "《真道分解》查经法（5）专题查经",
		"albumId": 487,
		"id": 487888194,
		"albumtitle": "《真道分解》查经法（5）专题查经(15)"
	},
	{
		"title": "第16讲：专题示範：词汇查考（三）",
		"path": "http://audio.lyzhendao.net/biblexpo/be/BE-Method5_16.mp3",
		"duration": 600,
		"size": "2M",
		"albumName": "《真道分解》查经法（5）专题查经",
		"albumId": 487,
		"id": 487888195,
		"albumtitle": "《真道分解》查经法（5）专题查经(16)"
	},
	{
		"title": "第17讲：专题示範：历史事件（一）",
		"path": "http://audio.lyzhendao.net/biblexpo/be/BE-Method5_17.mp3",
		"duration": 600,
		"size": "2M",
		"albumName": "《真道分解》查经法（5）专题查经",
		"albumId": 487,
		"id": 487888196,
		"albumtitle": "《真道分解》查经法（5）专题查经(17)"
	},
	{
		"title": "第18讲：专题示範：历史事件（二）",
		"path": "http://audio.lyzhendao.net/biblexpo/be/BE-Method5_18.mp3",
		"duration": 600,
		"size": "2M",
		"albumName": "《真道分解》查经法（5）专题查经",
		"albumId": 487,
		"id": 487888197,
		"albumtitle": "《真道分解》查经法（5）专题查经(18)"
	},
	{
		"title": "第19讲：专题示範：历史事件（三）",
		"path": "http://audio.lyzhendao.net/biblexpo/be/BE-Method5_19.mp3",
		"duration": 600,
		"size": "2M",
		"albumName": "《真道分解》查经法（5）专题查经",
		"albumId": 487,
		"id": 487888198,
		"albumtitle": "《真道分解》查经法（5）专题查经(19)"
	},
	{
		"title": "第20讲：专题示範：历史事件（四）",
		"path": "http://audio.lyzhendao.net/biblexpo/be/BE-Method5_20.mp3",
		"duration": 600,
		"size": "2M",
		"albumName": "《真道分解》查经法（5）专题查经",
		"albumId": 487,
		"id": 487888199,
		"albumtitle": "《真道分解》查经法（5）专题查经(20)"
	},
	{
		"title": "第21讲：专题示範：历史事件（五）",
		"path": "http://audio.lyzhendao.net/biblexpo/be/BE-Method5_21.mp3",
		"duration": 600,
		"size": "2M",
		"albumName": "《真道分解》查经法（5）专题查经",
		"albumId": 487,
		"id": 487888200,
		"albumtitle": "《真道分解》查经法（5）专题查经(21)"
	},
	{
		"title": "第22讲：专题示範：历史事件（六）",
		"path": "http://audio.lyzhendao.net/biblexpo/be/BE-Method5_22.mp3",
		"duration": 600,
		"size": "2M",
		"albumName": "《真道分解》查经法（5）专题查经",
		"albumId": 487,
		"id": 487888201,
		"albumtitle": "《真道分解》查经法（5）专题查经(22)"
	}
]