[
	{
		"title": "1. 以诺",
		"path": "http://audio.lyzhendao.net/biblexpo/be/BE-Soldiers07.mp3",
		"duration": 750,
		"size": "2.5M",
		"albumName": "《真道分解》属灵精兵",
		"albumId": 492,
		"id": 492888180,
		"albumtitle": "《真道分解》属灵精兵(1)"
	},
	{
		"title": "2. 挪亚",
		"path": "http://audio.lyzhendao.net/biblexpo/be/BE-Soldiers22.mp3",
		"duration": 750,
		"size": "2.5M",
		"albumName": "《真道分解》属灵精兵",
		"albumId": 492,
		"id": 492888181,
		"albumtitle": "《真道分解》属灵精兵(2)"
	},
	{
		"title": "3. 亚伯拉罕",
		"path": "http://audio.lyzhendao.net/biblexpo/be/BE-Soldiers01.mp3",
		"duration": 750,
		"size": "2.5M",
		"albumName": "《真道分解》属灵精兵",
		"albumId": 492,
		"id": 492888182,
		"albumtitle": "《真道分解》属灵精兵(3)"
	},
	{
		"title": "4. 约伯",
		"path": "http://audio.lyzhendao.net/biblexpo/be/BE-Soldiers02.mp3",
		"duration": 750,
		"size": "2.5M",
		"albumName": "《真道分解》属灵精兵",
		"albumId": 492,
		"id": 492888183,
		"albumtitle": "《真道分解》属灵精兵(4)"
	},
	{
		"title": "5. 雅各",
		"path": "http://audio.lyzhendao.net/biblexpo/be/BE-Soldiers03.mp3",
		"duration": 750,
		"size": "2.5M",
		"albumName": "《真道分解》属灵精兵",
		"albumId": 492,
		"id": 492888184,
		"albumtitle": "《真道分解》属灵精兵(5)"
	},
	{
		"title": "6. 约瑟",
		"path": "http://audio.lyzhendao.net/biblexpo/be/BE-Soldiers18.mp3",
		"duration": 750,
		"size": "2.5M",
		"albumName": "《真道分解》属灵精兵",
		"albumId": 492,
		"id": 492888185,
		"albumtitle": "《真道分解》属灵精兵(6)"
	},
	{
		"title": "7. 摩西",
		"path": "http://audio.lyzhendao.net/biblexpo/be/BE-Soldiers26.mp3",
		"duration": 750,
		"size": "2.5M",
		"albumName": "《真道分解》属灵精兵",
		"albumId": 492,
		"id": 492888186,
		"albumtitle": "《真道分解》属灵精兵(7)"
	},
	{
		"title": "8. 约书亚",
		"path": "http://audio.lyzhendao.net/biblexpo/be/BE-Soldiers19.mp3",
		"duration": 750,
		"size": "2.5M",
		"albumName": "《真道分解》属灵精兵",
		"albumId": 492,
		"id": 492888187,
		"albumtitle": "《真道分解》属灵精兵(8)"
	},
	{
		"title": "9. 迦勒",
		"path": "http://audio.lyzhendao.net/biblexpo/be/BE-Soldiers21.mp3",
		"duration": 750,
		"size": "2.5M",
		"albumName": "《真道分解》属灵精兵",
		"albumId": 492,
		"id": 492888188,
		"albumtitle": "《真道分解》属灵精兵(9)"
	},
	{
		"title": "10. 巴拿巴",
		"path": "http://audio.lyzhendao.net/biblexpo/be/BE-Soldiers25.mp3",
		"duration": 750,
		"size": "2.5M",
		"albumName": "《真道分解》属灵精兵",
		"albumId": 492,
		"id": 492888189,
		"albumtitle": "《真道分解》属灵精兵(10)"
	},
	{
		"title": "11. 以斯帖",
		"path": "http://audio.lyzhendao.net/biblexpo/be/BE-Soldiers06.mp3",
		"duration": 750,
		"size": "2.5M",
		"albumName": "《真道分解》属灵精兵",
		"albumId": 492,
		"id": 492888190,
		"albumtitle": "《真道分解》属灵精兵(11)"
	},
	{
		"title": "12. 但以理",
		"path": "http://audio.lyzhendao.net/biblexpo/be/BE-Soldiers11.mp3",
		"duration": 750,
		"size": "2.5M",
		"albumName": "《真道分解》属灵精兵",
		"albumId": 492,
		"id": 492888191,
		"albumtitle": "《真道分解》属灵精兵(12)"
	},
	{
		"title": "13. 耶利米",
		"path": "http://audio.lyzhendao.net/biblexpo/be/BE-Soldiers20.mp3",
		"duration": 750,
		"size": "2.5M",
		"albumName": "《真道分解》属灵精兵",
		"albumId": 492,
		"id": 492888192,
		"albumtitle": "《真道分解》属灵精兵(13)"
	},
	{
		"title": "14. 彼得",
		"path": "http://audio.lyzhendao.net/biblexpo/be/BE-Soldiers15.mp3",
		"duration": 750,
		"size": "2.5M",
		"albumName": "《真道分解》属灵精兵",
		"albumId": 492,
		"id": 492888193,
		"albumtitle": "《真道分解》属灵精兵(14)"
	},
	{
		"title": "15. 马利亚",
		"path": "http://audio.lyzhendao.net/biblexpo/be/BE-Soldiers24.mp3",
		"duration": 750,
		"size": "2.5M",
		"albumName": "《真道分解》属灵精兵",
		"albumId": 492,
		"id": 492888194,
		"albumtitle": "《真道分解》属灵精兵(15)"
	},
	{
		"title": "16. 西面",
		"path": "http://audio.lyzhendao.net/biblexpo/be/BE-Soldiers10.mp3",
		"duration": 750,
		"size": "2.5M",
		"albumName": "《真道分解》属灵精兵",
		"albumId": 492,
		"id": 492888195,
		"albumtitle": "《真道分解》属灵精兵(16)"
	},
	{
		"title": "17. 亚拿",
		"path": "http://audio.lyzhendao.net/biblexpo/be/BE-Soldiers13.mp3",
		"duration": 750,
		"size": "2.5M",
		"albumName": "《真道分解》属灵精兵",
		"albumId": 492,
		"id": 492888196,
		"albumtitle": "《真道分解》属灵精兵(17)"
	},
	{
		"title": "18. 生来瞎眼的人",
		"path": "http://audio.lyzhendao.net/biblexpo/be/BE-Soldiers09.mp3",
		"duration": 750,
		"size": "2.5M",
		"albumName": "《真道分解》属灵精兵",
		"albumId": 492,
		"id": 492888197,
		"albumtitle": "《真道分解》属灵精兵(18)"
	},
	{
		"title": "19. 施洗约翰",
		"path": "http://audio.lyzhendao.net/biblexpo/be/BE-Soldiers17.mp3",
		"duration": 750,
		"size": "2.5M",
		"albumName": "《真道分解》属灵精兵",
		"albumId": 492,
		"id": 492888198,
		"albumtitle": "《真道分解》属灵精兵(19)"
	},
	{
		"title": "20. 以西结",
		"path": "http://audio.lyzhendao.net/biblexpo/be/BE-Soldiers14.mp3",
		"duration": 750,
		"size": "2.5M",
		"albumName": "《真道分解》属灵精兵",
		"albumId": 492,
		"id": 492888199,
		"albumtitle": "《真道分解》属灵精兵(20)"
	},
	{
		"title": "21. 腓力",
		"path": "http://audio.lyzhendao.net/biblexpo/be/BE-Soldiers04.mp3",
		"duration": 750,
		"size": "2.5M",
		"albumName": "《真道分解》属灵精兵",
		"albumId": 492,
		"id": 492888200,
		"albumtitle": "《真道分解》属灵精兵(21)"
	},
	{
		"title": "22. 马太",
		"path": "http://audio.lyzhendao.net/biblexpo/be/BE-Soldiers23.mp3",
		"duration": 750,
		"size": "2.5M",
		"albumName": "《真道分解》属灵精兵",
		"albumId": 492,
		"id": 492888201,
		"albumtitle": "《真道分解》属灵精兵(22)"
	},
	{
		"title": "23. 保罗",
		"path": "http://audio.lyzhendao.net/biblexpo/be/BE-Soldiers16.mp3",
		"duration": 750,
		"size": "2.5M",
		"albumName": "《真道分解》属灵精兵",
		"albumId": 492,
		"id": 492888202,
		"albumtitle": "《真道分解》属灵精兵(23)"
	}
]