[
	{
		"title": "第 1 讲：释经法导论",
		"path": "http://audio.lyzhendao.net/biblexpo/be/BE-Method1_01.mp3",
		"duration": 780,
		"size": "2.5M",
		"albumName": "《真道分解》查经法（1）归纳式查经法",
		"albumId": 483,
		"id": 483888180,
		"albumtitle": "《真道分解》查经法（1）归纳式查经法(1)"
	},
	{
		"title": "第 2 讲：观察法：“七何”（一）",
		"path": "http://audio.lyzhendao.net/biblexpo/be/BE-Method1_02.mp3",
		"duration": 780,
		"size": "2.5M",
		"albumName": "《真道分解》查经法（1）归纳式查经法",
		"albumId": 483,
		"id": 483888181,
		"albumtitle": "《真道分解》查经法（1）归纳式查经法(2)"
	},
	{
		"title": "第 3 讲：观察法：“七何”（二）",
		"path": "http://audio.lyzhendao.net/biblexpo/be/BE-Method1_03.mp3",
		"duration": 780,
		"size": "2.5M",
		"albumName": "《真道分解》查经法（1）归纳式查经法",
		"albumId": 483,
		"id": 483888182,
		"albumtitle": "《真道分解》查经法（1）归纳式查经法(3)"
	},
	{
		"title": "第 4 讲：观察法：写大纲定中心",
		"path": "http://audio.lyzhendao.net/biblexpo/be/BE-Method1_04.mp3",
		"duration": 780,
		"size": "2.5M",
		"albumName": "《真道分解》查经法（1）归纳式查经法",
		"albumId": 483,
		"id": 483888183,
		"albumtitle": "《真道分解》查经法（1）归纳式查经法(4)"
	},
	{
		"title": "第 5 讲：思考性经文分析",
		"path": "http://audio.lyzhendao.net/biblexpo/be/BE-Method1_05.mp3",
		"duration": 780,
		"size": "2.5M",
		"albumName": "《真道分解》查经法（1）归纳式查经法",
		"albumId": 483,
		"id": 483888184,
		"albumtitle": "《真道分解》查经法（1）归纳式查经法(5)"
	},
	{
		"title": "第 6 讲：观察经文上文下理（一）",
		"path": "http://audio.lyzhendao.net/biblexpo/be/BE-Method1_06.mp3",
		"duration": 780,
		"size": "2.5M",
		"albumName": "《真道分解》查经法（1）归纳式查经法",
		"albumId": 483,
		"id": 483888185,
		"albumtitle": "《真道分解》查经法（1）归纳式查经法(6)"
	},
	{
		"title": "第 7 讲：观察经文上文下理（二）",
		"path": "http://audio.lyzhendao.net/biblexpo/be/BE-Method1_07.mp3",
		"duration": 780,
		"size": "2.5M",
		"albumName": "《真道分解》查经法（1）归纳式查经法",
		"albumId": 483,
		"id": 483888186,
		"albumtitle": "《真道分解》查经法（1）归纳式查经法(7)"
	},
	{
		"title": "第 8 讲：观察经文历史背景（一）",
		"path": "http://audio.lyzhendao.net/biblexpo/be/BE-Method1_08.mp3",
		"duration": 780,
		"size": "2.5M",
		"albumName": "《真道分解》查经法（1）归纳式查经法",
		"albumId": 483,
		"id": 483888187,
		"albumtitle": "《真道分解》查经法（1）归纳式查经法(8)"
	},
	{
		"title": "第 9 讲：观察经文历史背景（二）",
		"path": "http://audio.lyzhendao.net/biblexpo/be/BE-Method1_09.mp3",
		"duration": 780,
		"size": "2.5M",
		"albumName": "《真道分解》查经法（1）归纳式查经法",
		"albumId": 483,
		"id": 483888188,
		"albumtitle": "《真道分解》查经法（1）归纳式查经法(9)"
	},
	{
		"title": "第10讲：观察经文事实",
		"path": "http://audio.lyzhendao.net/biblexpo/be/BE-Method1_10.mp3",
		"duration": 780,
		"size": "2.5M",
		"albumName": "《真道分解》查经法（1）归纳式查经法",
		"albumId": 483,
		"id": 483888189,
		"albumtitle": "《真道分解》查经法（1）归纳式查经法(10)"
	},
	{
		"title": "第11讲：观察经文句式、文脉、风格",
		"path": "http://audio.lyzhendao.net/biblexpo/be/BE-Method1_11.mp3",
		"duration": 780,
		"size": "2.5M",
		"albumName": "《真道分解》查经法（1）归纳式查经法",
		"albumId": 483,
		"id": 483888190,
		"albumtitle": "《真道分解》查经法（1）归纳式查经法(11)"
	},
	{
		"title": "第12讲：观察经文时要注意的事",
		"path": "http://audio.lyzhendao.net/biblexpo/be/BE-Method1_12.mp3",
		"duration": 780,
		"size": "2.5M",
		"albumName": "《真道分解》查经法（1）归纳式查经法",
		"albumId": 483,
		"id": 483888191,
		"albumtitle": "《真道分解》查经法（1）归纳式查经法(12)"
	},
	{
		"title": "第13讲：观察总结",
		"path": "http://audio.lyzhendao.net/biblexpo/be/BE-Method1_13.mp3",
		"duration": 780,
		"size": "2.5M",
		"albumName": "《真道分解》查经法（1）归纳式查经法",
		"albumId": 483,
		"id": 483888192,
		"albumtitle": "《真道分解》查经法（1）归纳式查经法(13)"
	},
	{
		"title": "第14讲：解释圣经的重要性",
		"path": "http://audio.lyzhendao.net/biblexpo/be/BE-Method1_14.mp3",
		"duration": 780,
		"size": "2.5M",
		"albumName": "《真道分解》查经法（1）归纳式查经法",
		"albumId": 483,
		"id": 483888193,
		"albumtitle": "《真道分解》查经法（1）归纳式查经法(14)"
	},
	{
		"title": "第15讲：解释圣经的原则（一）",
		"path": "http://audio.lyzhendao.net/biblexpo/be/BE-Method1_15.mp3",
		"duration": 780,
		"size": "2.5M",
		"albumName": "《真道分解》查经法（1）归纳式查经法",
		"albumId": 483,
		"id": 483888194,
		"albumtitle": "《真道分解》查经法（1）归纳式查经法(15)"
	},
	{
		"title": "第16讲：解释圣经的原则（二）",
		"path": "http://audio.lyzhendao.net/biblexpo/be/BE-Method1_16.mp3",
		"duration": 780,
		"size": "2.5M",
		"albumName": "《真道分解》查经法（1）归纳式查经法",
		"albumId": 483,
		"id": 483888195,
		"albumtitle": "《真道分解》查经法（1）归纳式查经法(16)"
	},
	{
		"title": "第17讲：解释方法",
		"path": "http://audio.lyzhendao.net/biblexpo/be/BE-Method1_17.mp3",
		"duration": 780,
		"size": "2.5M",
		"albumName": "《真道分解》查经法（1）归纳式查经法",
		"albumId": 483,
		"id": 483888196,
		"albumtitle": "《真道分解》查经法（1）归纳式查经法(17)"
	},
	{
		"title": "第18讲：以经解经法浅析",
		"path": "http://audio.lyzhendao.net/biblexpo/be/BE-Method1_18.mp3",
		"duration": 780,
		"size": "2.5M",
		"albumName": "《真道分解》查经法（1）归纳式查经法",
		"albumId": 483,
		"id": 483888197,
		"albumtitle": "《真道分解》查经法（1）归纳式查经法(18)"
	},
	{
		"title": "第19讲：经文比较法浅析",
		"path": "http://audio.lyzhendao.net/biblexpo/be/BE-Method1_19.mp3",
		"duration": 780,
		"size": "2.5M",
		"albumName": "《真道分解》查经法（1）归纳式查经法",
		"albumId": 483,
		"id": 483888198,
		"albumtitle": "《真道分解》查经法（1）归纳式查经法(19)"
	},
	{
		"title": "第20讲：解释的困难",
		"path": "http://audio.lyzhendao.net/biblexpo/be/BE-Method1_20.mp3",
		"duration": 780,
		"size": "2.5M",
		"albumName": "《真道分解》查经法（1）归纳式查经法",
		"albumId": 483,
		"id": 483888199,
		"albumtitle": "《真道分解》查经法（1）归纳式查经法(20)"
	},
	{
		"title": "第21讲：解释总结",
		"path": "http://audio.lyzhendao.net/biblexpo/be/BE-Method1_21.mp3",
		"duration": 780,
		"size": "2.5M",
		"albumName": "《真道分解》查经法（1）归纳式查经法",
		"albumId": 483,
		"id": 483888200,
		"albumtitle": "《真道分解》查经法（1）归纳式查经法(21)"
	},
	{
		"title": "第22讲：应用的重要",
		"path": "http://audio.lyzhendao.net/biblexpo/be/BE-Method1_22.mp3",
		"duration": 780,
		"size": "2.5M",
		"albumName": "《真道分解》查经法（1）归纳式查经法",
		"albumId": 483,
		"id": 483888201,
		"albumtitle": "《真道分解》查经法（1）归纳式查经法(22)"
	},
	{
		"title": "第23讲：应用的模式（一）",
		"path": "http://audio.lyzhendao.net/biblexpo/be/BE-Method1_23.mp3",
		"duration": 780,
		"size": "2.5M",
		"albumName": "《真道分解》查经法（1）归纳式查经法",
		"albumId": 483,
		"id": 483888202,
		"albumtitle": "《真道分解》查经法（1）归纳式查经法(23)"
	},
	{
		"title": "第24讲：应用的模式（二）",
		"path": "http://audio.lyzhendao.net/biblexpo/be/BE-Method1_24.mp3",
		"duration": 780,
		"size": "2.5M",
		"albumName": "《真道分解》查经法（1）归纳式查经法",
		"albumId": 483,
		"id": 483888203,
		"albumtitle": "《真道分解》查经法（1）归纳式查经法(24)"
	},
	{
		"title": "第25讲：归纳式查经法总结",
		"path": "http://audio.lyzhendao.net/biblexpo/be/BE-Method1_25.mp3",
		"duration": 780,
		"size": "2.5M",
		"albumName": "《真道分解》查经法（1）归纳式查经法",
		"albumId": 483,
		"id": 483888204,
		"albumtitle": "《真道分解》查经法（1）归纳式查经法(25)"
	},
	{
		"title": "第26讲：从个人研经到小组查经（一）",
		"path": "http://audio.lyzhendao.net/biblexpo/be/BE-Method1_26.mp3",
		"duration": 780,
		"size": "2.5M",
		"albumName": "《真道分解》查经法（1）归纳式查经法",
		"albumId": 483,
		"id": 483888205,
		"albumtitle": "《真道分解》查经法（1）归纳式查经法(26)"
	},
	{
		"title": "第27讲：从个人研经到小组查经（二）",
		"path": "http://audio.lyzhendao.net/biblexpo/be/BE-Method1_27.mp3",
		"duration": 780,
		"size": "2.5M",
		"albumName": "《真道分解》查经法（1）归纳式查经法",
		"albumId": 483,
		"id": 483888206,
		"albumtitle": "《真道分解》查经法（1）归纳式查经法(27)"
	},
	{
		"title": "第28讲：带领查经技巧",
		"path": "http://audio.lyzhendao.net/biblexpo/be/BE-Method1_28.mp3",
		"duration": 780,
		"size": "2.5M",
		"albumName": "《真道分解》查经法（1）归纳式查经法",
		"albumId": 483,
		"id": 483888207,
		"albumtitle": "《真道分解》查经法（1）归纳式查经法(28)"
	},
	{
		"title": "第29讲：第一部分总结",
		"path": "http://audio.lyzhendao.net/biblexpo/be/BE-Method1_29.mp3",
		"duration": 780,
		"size": "2.5M",
		"albumName": "《真道分解》查经法（1）归纳式查经法",
		"albumId": 483,
		"id": 483888208,
		"albumtitle": "《真道分解》查经法（1）归纳式查经法(29)"
	}
]