[
	{
		"title": "第 1 讲：水变酒的神迹（约2:1-11）",
		"path": "http://audio.lyzhendao.net/biblexpo/be/BE_NT_miracles_01.mp3",
		"duration": 1400,
		"size": "5M",
		"albumName": "《真道分解》新约中的神迹",
		"albumId": 473,
		"id": 473888180,
		"albumtitle": "《真道分解》新约中的神迹(1)"
	},
	{
		"title": "第 2 讲：安息日逐出群鬼（可1:21-28）",
		"path": "http://audio.lyzhendao.net/biblexpo/be/BE_NT_miracles_02.mp3",
		"duration": 1400,
		"size": "5M",
		"albumName": "《真道分解》新约中的神迹",
		"albumId": 473,
		"id": 473888181,
		"albumtitle": "《真道分解》新约中的神迹(2)"
	},
	{
		"title": "第 3 讲：吩咐瘫子站起来（可2:1-12）",
		"path": "http://audio.lyzhendao.net/biblexpo/be/BE_NT_miracles_03.mp3",
		"duration": 1400,
		"size": "5M",
		"albumName": "《真道分解》新约中的神迹",
		"albumId": 473,
		"id": 473888182,
		"albumtitle": "《真道分解》新约中的神迹(3)"
	},
	{
		"title": "第 4 讲：毕士大池旁的病人（约5:1-18）",
		"path": "http://audio.lyzhendao.net/biblexpo/be/BE_NT_miracles_04.mp3",
		"duration": 1400,
		"size": "5M",
		"albumName": "《真道分解》新约中的神迹",
		"albumId": 473,
		"id": 473888183,
		"albumtitle": "《真道分解》新约中的神迹(4)"
	},
	{
		"title": "第 5 讲：平静风和海（可4:35-41）",
		"path": "http://audio.lyzhendao.net/biblexpo/be/BE_NT_miracles_05.mp3",
		"duration": 1400,
		"size": "5M",
		"albumName": "《真道分解》新约中的神迹",
		"albumId": 473,
		"id": 473888184,
		"albumtitle": "《真道分解》新约中的神迹(5)"
	},
	{
		"title": "第 6 讲：救助被群鬼所附的人（可5:1-20）",
		"path": "http://audio.lyzhendao.net/biblexpo/be/BE_NT_miracles_06.mp3",
		"duration": 1400,
		"size": "5M",
		"albumName": "《真道分解》新约中的神迹",
		"albumId": 473,
		"id": 473888185,
		"albumtitle": "《真道分解》新约中的神迹(6)"
	},
	{
		"title": "第 7 讲：医治血漏妇人（可5:25-34）",
		"path": "http://audio.lyzhendao.net/biblexpo/be/BE_NT_miracles_07.mp3",
		"duration": 1400,
		"size": "5M",
		"albumName": "《真道分解》新约中的神迹",
		"albumId": 473,
		"id": 473888186,
		"albumtitle": "《真道分解》新约中的神迹(7)"
	},
	{
		"title": "第 8 讲：睚鲁女儿的复活（可5:21-24、35-43）",
		"path": "http://audio.lyzhendao.net/biblexpo/be/BE_NT_miracles_08.mp3",
		"duration": 1400,
		"size": "5M",
		"albumName": "《真道分解》新约中的神迹",
		"albumId": 473,
		"id": 473888187,
		"albumtitle": "《真道分解》新约中的神迹(8)"
	},
	{
		"title": "第 9 讲：五饼二鱼（可6:30-44）",
		"path": "http://audio.lyzhendao.net/biblexpo/be/BE_NT_miracles_09.mp3",
		"duration": 1400,
		"size": "5M",
		"albumName": "《真道分解》新约中的神迹",
		"albumId": 473,
		"id": 473888188,
		"albumtitle": "《真道分解》新约中的神迹(9)"
	},
	{
		"title": "第10讲：耶稣在海面行走（太14:22-32）",
		"path": "http://audio.lyzhendao.net/biblexpo/be/BE_NT_miracles_10.mp3",
		"duration": 1400,
		"size": "5M",
		"albumName": "《真道分解》新约中的神迹",
		"albumId": 473,
		"id": 473888189,
		"albumtitle": "《真道分解》新约中的神迹(10)"
	},
	{
		"title": "第11讲：医治迦南妇人的女儿（太15:21-28）",
		"path": "http://audio.lyzhendao.net/biblexpo/be/BE_NT_miracles_11.mp3",
		"duration": 1400,
		"size": "5M",
		"albumName": "《真道分解》新约中的神迹",
		"albumId": 473,
		"id": 473888190,
		"albumtitle": "《真道分解》新约中的神迹(11)"
	},
	{
		"title": "第12讲：医治耳聋舌结的人（可7:31-37）",
		"path": "http://audio.lyzhendao.net/biblexpo/be/BE_NT_miracles_12.mp3",
		"duration": 1400,
		"size": "5M",
		"albumName": "《真道分解》新约中的神迹",
		"albumId": 473,
		"id": 473888191,
		"albumtitle": "《真道分解》新约中的神迹(12)"
	},
	{
		"title": "第13讲：医治生来瞎眼的人（约9章）",
		"path": "http://audio.lyzhendao.net/biblexpo/be/BE_NT_miracles_13.mp3",
		"duration": 1400,
		"size": "5M",
		"albumName": "《真道分解》新约中的神迹",
		"albumId": 473,
		"id": 473888192,
		"albumtitle": "《真道分解》新约中的神迹(13)"
	},
	{
		"title": "第14讲：拉撒路复活（约11:1-54）",
		"path": "http://audio.lyzhendao.net/biblexpo/be/BE_NT_miracles_14.mp3",
		"duration": 1400,
		"size": "5M",
		"albumName": "《真道分解》新约中的神迹",
		"albumId": 473,
		"id": 473888193,
		"albumtitle": "《真道分解》新约中的神迹(14)"
	},
	{
		"title": "第15讲：耶利哥的瞎子得看见（可10:46-52）",
		"path": "http://audio.lyzhendao.net/biblexpo/be/BE_NT_miracles_15.mp3",
		"duration": 1400,
		"size": "5M",
		"albumName": "《真道分解》新约中的神迹",
		"albumId": 473,
		"id": 473888194,
		"albumtitle": "《真道分解》新约中的神迹(15)"
	},
	{
		"title": "第16讲：咒诅无花果树（可11:12-14、20-24）",
		"path": "http://audio.lyzhendao.net/biblexpo/be/BE_NT_miracles_16.mp3",
		"duration": 1400,
		"size": "5M",
		"albumName": "《真道分解》新约中的神迹",
		"albumId": 473,
		"id": 473888195,
		"albumtitle": "《真道分解》新约中的神迹(16)"
	},
	{
		"title": "第17讲：第二个网鱼的神迹（约21:1-14）",
		"path": "http://audio.lyzhendao.net/biblexpo/be/BE_NT_miracles_17.mp3",
		"duration": 1400,
		"size": "5M",
		"albumName": "《真道分解》新约中的神迹",
		"albumId": 473,
		"id": 473888196,
		"albumtitle": "《真道分解》新约中的神迹(17)"
	}
]