[
	{
		"duration": 860,
		"size": "6.9M",
		"path": "http://media.febcchinese.org/Streaming/th/th170101.mp3",
		"id": 6227000001,
		"albumId": 6227,
		"albumName": "《真理之光》2017年春季合集",
		"albumtitle": "《真理之光》2017年春季合集(1)",
		"title": "真理之光-20170101"
	},
	{
		"duration": 860,
		"size": "6.9M",
		"path": "http://media.febcchinese.org/Streaming/th/th170102.mp3",
		"id": 6227000002,
		"albumId": 6227,
		"albumName": "《真理之光》2017年春季合集",
		"albumtitle": "《真理之光》2017年春季合集(2)",
		"title": "真理之光-20170102"
	},
	{
		"duration": 860,
		"size": "6.9M",
		"path": "http://media.febcchinese.org/Streaming/th/th170103.mp3",
		"id": 6227000003,
		"albumId": 6227,
		"albumName": "《真理之光》2017年春季合集",
		"albumtitle": "《真理之光》2017年春季合集(3)",
		"title": "真理之光-20170103"
	},
	{
		"duration": 860,
		"size": "6.9M",
		"path": "http://media.febcchinese.org/Streaming/th/th170104.mp3",
		"id": 6227000004,
		"albumId": 6227,
		"albumName": "《真理之光》2017年春季合集",
		"albumtitle": "《真理之光》2017年春季合集(4)",
		"title": "真理之光-20170104"
	},
	{
		"duration": 860,
		"size": "6.9M",
		"path": "http://media.febcchinese.org/Streaming/th/th170105.mp3",
		"id": 6227000005,
		"albumId": 6227,
		"albumName": "《真理之光》2017年春季合集",
		"albumtitle": "《真理之光》2017年春季合集(5)",
		"title": "真理之光-20170105"
	},
	{
		"duration": 860,
		"size": "6.9M",
		"path": "http://media.febcchinese.org/Streaming/th/th170106.mp3",
		"id": 6227000006,
		"albumId": 6227,
		"albumName": "《真理之光》2017年春季合集",
		"albumtitle": "《真理之光》2017年春季合集(6)",
		"title": "真理之光-20170106"
	},
	{
		"duration": 860,
		"size": "6.9M",
		"path": "http://media.febcchinese.org/Streaming/th/th170107.mp3",
		"id": 6227000007,
		"albumId": 6227,
		"albumName": "《真理之光》2017年春季合集",
		"albumtitle": "《真理之光》2017年春季合集(7)",
		"title": "真理之光-20170107"
	},
	{
		"duration": 860,
		"size": "6.9M",
		"path": "http://media.febcchinese.org/Streaming/th/th170108.mp3",
		"id": 6227000008,
		"albumId": 6227,
		"albumName": "《真理之光》2017年春季合集",
		"albumtitle": "《真理之光》2017年春季合集(8)",
		"title": "真理之光-20170108"
	},
	{
		"duration": 860,
		"size": "6.9M",
		"path": "http://media.febcchinese.org/Streaming/th/th170109.mp3",
		"id": 6227000009,
		"albumId": 6227,
		"albumName": "《真理之光》2017年春季合集",
		"albumtitle": "《真理之光》2017年春季合集(9)",
		"title": "真理之光-20170109"
	},
	{
		"duration": 860,
		"size": "6.9M",
		"path": "http://media.febcchinese.org/Streaming/th/th170110.mp3",
		"id": 6227000010,
		"albumId": 6227,
		"albumName": "《真理之光》2017年春季合集",
		"albumtitle": "《真理之光》2017年春季合集(10)",
		"title": "真理之光-20170110"
	},
	{
		"duration": 860,
		"size": "6.9M",
		"path": "http://media.febcchinese.org/Streaming/th/th170111.mp3",
		"id": 6227000011,
		"albumId": 6227,
		"albumName": "《真理之光》2017年春季合集",
		"albumtitle": "《真理之光》2017年春季合集(11)",
		"title": "真理之光-20170111"
	},
	{
		"duration": 860,
		"size": "6.9M",
		"path": "http://media.febcchinese.org/Streaming/th/th170112.mp3",
		"id": 6227000012,
		"albumId": 6227,
		"albumName": "《真理之光》2017年春季合集",
		"albumtitle": "《真理之光》2017年春季合集(12)",
		"title": "真理之光-20170112"
	},
	{
		"duration": 860,
		"size": "6.9M",
		"path": "http://media.febcchinese.org/Streaming/th/th170113.mp3",
		"id": 6227000013,
		"albumId": 6227,
		"albumName": "《真理之光》2017年春季合集",
		"albumtitle": "《真理之光》2017年春季合集(13)",
		"title": "真理之光-20170113"
	},
	{
		"duration": 860,
		"size": "6.9M",
		"path": "http://media.febcchinese.org/Streaming/th/th170114.mp3",
		"id": 6227000014,
		"albumId": 6227,
		"albumName": "《真理之光》2017年春季合集",
		"albumtitle": "《真理之光》2017年春季合集(14)",
		"title": "真理之光-20170114"
	},
	{
		"duration": 860,
		"size": "6.9M",
		"path": "http://media.febcchinese.org/Streaming/th/th170115.mp3",
		"id": 6227000015,
		"albumId": 6227,
		"albumName": "《真理之光》2017年春季合集",
		"albumtitle": "《真理之光》2017年春季合集(15)",
		"title": "真理之光-20170115"
	},
	{
		"duration": 860,
		"size": "6.9M",
		"path": "http://media.febcchinese.org/Streaming/th/th170116.mp3",
		"id": 6227000016,
		"albumId": 6227,
		"albumName": "《真理之光》2017年春季合集",
		"albumtitle": "《真理之光》2017年春季合集(16)",
		"title": "真理之光-20170116"
	},
	{
		"duration": 860,
		"size": "6.9M",
		"path": "http://media.febcchinese.org/Streaming/th/th170117.mp3",
		"id": 6227000017,
		"albumId": 6227,
		"albumName": "《真理之光》2017年春季合集",
		"albumtitle": "《真理之光》2017年春季合集(17)",
		"title": "真理之光-20170117"
	},
	{
		"duration": 860,
		"size": "6.9M",
		"path": "http://media.febcchinese.org/Streaming/th/th170118.mp3",
		"id": 6227000018,
		"albumId": 6227,
		"albumName": "《真理之光》2017年春季合集",
		"albumtitle": "《真理之光》2017年春季合集(18)",
		"title": "真理之光-20170118"
	},
	{
		"duration": 860,
		"size": "6.9M",
		"path": "http://media.febcchinese.org/Streaming/th/th170119.mp3",
		"id": 6227000019,
		"albumId": 6227,
		"albumName": "《真理之光》2017年春季合集",
		"albumtitle": "《真理之光》2017年春季合集(19)",
		"title": "真理之光-20170119"
	},
	{
		"duration": 860,
		"size": "6.9M",
		"path": "http://media.febcchinese.org/Streaming/th/th170120.mp3",
		"id": 6227000020,
		"albumId": 6227,
		"albumName": "《真理之光》2017年春季合集",
		"albumtitle": "《真理之光》2017年春季合集(20)",
		"title": "真理之光-20170120"
	},
	{
		"duration": 860,
		"size": "6.9M",
		"path": "http://media.febcchinese.org/Streaming/th/th170121.mp3",
		"id": 6227000021,
		"albumId": 6227,
		"albumName": "《真理之光》2017年春季合集",
		"albumtitle": "《真理之光》2017年春季合集(21)",
		"title": "真理之光-20170121"
	},
	{
		"duration": 860,
		"size": "6.9M",
		"path": "http://media.febcchinese.org/Streaming/th/th170122.mp3",
		"id": 6227000022,
		"albumId": 6227,
		"albumName": "《真理之光》2017年春季合集",
		"albumtitle": "《真理之光》2017年春季合集(22)",
		"title": "真理之光-20170122"
	},
	{
		"duration": 860,
		"size": "6.9M",
		"path": "http://media.febcchinese.org/Streaming/th/th170123.mp3",
		"id": 6227000023,
		"albumId": 6227,
		"albumName": "《真理之光》2017年春季合集",
		"albumtitle": "《真理之光》2017年春季合集(23)",
		"title": "真理之光-20170123"
	},
	{
		"duration": 860,
		"size": "6.9M",
		"path": "http://media.febcchinese.org/Streaming/th/th170124.mp3",
		"id": 6227000024,
		"albumId": 6227,
		"albumName": "《真理之光》2017年春季合集",
		"albumtitle": "《真理之光》2017年春季合集(24)",
		"title": "真理之光-20170124"
	},
	{
		"duration": 860,
		"size": "6.9M",
		"path": "http://media.febcchinese.org/Streaming/th/th170125.mp3",
		"id": 6227000025,
		"albumId": 6227,
		"albumName": "《真理之光》2017年春季合集",
		"albumtitle": "《真理之光》2017年春季合集(25)",
		"title": "真理之光-20170125"
	},
	{
		"duration": 860,
		"size": "6.9M",
		"path": "http://media.febcchinese.org/Streaming/th/th170126.mp3",
		"id": 6227000026,
		"albumId": 6227,
		"albumName": "《真理之光》2017年春季合集",
		"albumtitle": "《真理之光》2017年春季合集(26)",
		"title": "真理之光-20170126"
	},
	{
		"duration": 860,
		"size": "6.9M",
		"path": "http://media.febcchinese.org/Streaming/th/th170127.mp3",
		"id": 6227000027,
		"albumId": 6227,
		"albumName": "《真理之光》2017年春季合集",
		"albumtitle": "《真理之光》2017年春季合集(27)",
		"title": "真理之光-20170127"
	},
	{
		"duration": 860,
		"size": "6.9M",
		"path": "http://media.febcchinese.org/Streaming/th/th170128.mp3",
		"id": 6227000028,
		"albumId": 6227,
		"albumName": "《真理之光》2017年春季合集",
		"albumtitle": "《真理之光》2017年春季合集(28)",
		"title": "真理之光-20170128"
	},
	{
		"duration": 860,
		"size": "6.9M",
		"path": "http://media.febcchinese.org/Streaming/th/th170129.mp3",
		"id": 6227000029,
		"albumId": 6227,
		"albumName": "《真理之光》2017年春季合集",
		"albumtitle": "《真理之光》2017年春季合集(29)",
		"title": "真理之光-20170129"
	},
	{
		"duration": 860,
		"size": "6.9M",
		"path": "http://media.febcchinese.org/Streaming/th/th170130.mp3",
		"id": 6227000030,
		"albumId": 6227,
		"albumName": "《真理之光》2017年春季合集",
		"albumtitle": "《真理之光》2017年春季合集(30)",
		"title": "真理之光-20170130"
	},
	{
		"duration": 860,
		"size": "6.9M",
		"path": "http://media.febcchinese.org/Streaming/th/th170131.mp3",
		"id": 6227000031,
		"albumId": 6227,
		"albumName": "《真理之光》2017年春季合集",
		"albumtitle": "《真理之光》2017年春季合集(31)",
		"title": "真理之光-20170131"
	},
	{
		"duration": 860,
		"size": "6.9M",
		"path": "http://media.febcchinese.org/Streaming/th/th170201.mp3",
		"id": 6227000032,
		"albumId": 6227,
		"albumName": "《真理之光》2017年春季合集",
		"albumtitle": "《真理之光》2017年春季合集(32)",
		"title": "真理之光-20170201"
	},
	{
		"duration": 860,
		"size": "6.9M",
		"path": "http://media.febcchinese.org/Streaming/th/th170202.mp3",
		"id": 6227000033,
		"albumId": 6227,
		"albumName": "《真理之光》2017年春季合集",
		"albumtitle": "《真理之光》2017年春季合集(33)",
		"title": "真理之光-20170202"
	},
	{
		"duration": 860,
		"size": "6.9M",
		"path": "http://media.febcchinese.org/Streaming/th/th170203.mp3",
		"id": 6227000034,
		"albumId": 6227,
		"albumName": "《真理之光》2017年春季合集",
		"albumtitle": "《真理之光》2017年春季合集(34)",
		"title": "真理之光-20170203"
	},
	{
		"duration": 860,
		"size": "6.9M",
		"path": "http://media.febcchinese.org/Streaming/th/th170204.mp3",
		"id": 6227000035,
		"albumId": 6227,
		"albumName": "《真理之光》2017年春季合集",
		"albumtitle": "《真理之光》2017年春季合集(35)",
		"title": "真理之光-20170204"
	},
	{
		"duration": 860,
		"size": "6.9M",
		"path": "http://media.febcchinese.org/Streaming/th/th170205.mp3",
		"id": 6227000036,
		"albumId": 6227,
		"albumName": "《真理之光》2017年春季合集",
		"albumtitle": "《真理之光》2017年春季合集(36)",
		"title": "真理之光-20170205"
	},
	{
		"duration": 860,
		"size": "6.9M",
		"path": "http://media.febcchinese.org/Streaming/th/th170206.mp3",
		"id": 6227000037,
		"albumId": 6227,
		"albumName": "《真理之光》2017年春季合集",
		"albumtitle": "《真理之光》2017年春季合集(37)",
		"title": "真理之光-20170206"
	},
	{
		"duration": 860,
		"size": "6.9M",
		"path": "http://media.febcchinese.org/Streaming/th/th170207.mp3",
		"id": 6227000038,
		"albumId": 6227,
		"albumName": "《真理之光》2017年春季合集",
		"albumtitle": "《真理之光》2017年春季合集(38)",
		"title": "真理之光-20170207"
	},
	{
		"duration": 860,
		"size": "6.9M",
		"path": "http://media.febcchinese.org/Streaming/th/th170208.mp3",
		"id": 6227000039,
		"albumId": 6227,
		"albumName": "《真理之光》2017年春季合集",
		"albumtitle": "《真理之光》2017年春季合集(39)",
		"title": "真理之光-20170208"
	},
	{
		"duration": 860,
		"size": "6.9M",
		"path": "http://media.febcchinese.org/Streaming/th/th170209.mp3",
		"id": 6227000040,
		"albumId": 6227,
		"albumName": "《真理之光》2017年春季合集",
		"albumtitle": "《真理之光》2017年春季合集(40)",
		"title": "真理之光-20170209"
	},
	{
		"duration": 860,
		"size": "6.9M",
		"path": "http://media.febcchinese.org/Streaming/th/th170210.mp3",
		"id": 6227000041,
		"albumId": 6227,
		"albumName": "《真理之光》2017年春季合集",
		"albumtitle": "《真理之光》2017年春季合集(41)",
		"title": "真理之光-20170210"
	},
	{
		"duration": 860,
		"size": "6.9M",
		"path": "http://media.febcchinese.org/Streaming/th/th170211.mp3",
		"id": 6227000042,
		"albumId": 6227,
		"albumName": "《真理之光》2017年春季合集",
		"albumtitle": "《真理之光》2017年春季合集(42)",
		"title": "真理之光-20170211"
	},
	{
		"duration": 860,
		"size": "6.9M",
		"path": "http://media.febcchinese.org/Streaming/th/th170212.mp3",
		"id": 6227000043,
		"albumId": 6227,
		"albumName": "《真理之光》2017年春季合集",
		"albumtitle": "《真理之光》2017年春季合集(43)",
		"title": "真理之光-20170212"
	},
	{
		"duration": 860,
		"size": "6.9M",
		"path": "http://media.febcchinese.org/Streaming/th/th170213.mp3",
		"id": 6227000044,
		"albumId": 6227,
		"albumName": "《真理之光》2017年春季合集",
		"albumtitle": "《真理之光》2017年春季合集(44)",
		"title": "真理之光-20170213"
	},
	{
		"duration": 860,
		"size": "6.9M",
		"path": "http://media.febcchinese.org/Streaming/th/th170214.mp3",
		"id": 6227000045,
		"albumId": 6227,
		"albumName": "《真理之光》2017年春季合集",
		"albumtitle": "《真理之光》2017年春季合集(45)",
		"title": "真理之光-20170214"
	},
	{
		"duration": 860,
		"size": "6.9M",
		"path": "http://media.febcchinese.org/Streaming/th/th170215.mp3",
		"id": 6227000046,
		"albumId": 6227,
		"albumName": "《真理之光》2017年春季合集",
		"albumtitle": "《真理之光》2017年春季合集(46)",
		"title": "真理之光-20170215"
	},
	{
		"duration": 860,
		"size": "6.9M",
		"path": "http://media.febcchinese.org/Streaming/th/th170216.mp3",
		"id": 6227000047,
		"albumId": 6227,
		"albumName": "《真理之光》2017年春季合集",
		"albumtitle": "《真理之光》2017年春季合集(47)",
		"title": "真理之光-20170216"
	},
	{
		"duration": 860,
		"size": "6.9M",
		"path": "http://media.febcchinese.org/Streaming/th/th170217.mp3",
		"id": 6227000048,
		"albumId": 6227,
		"albumName": "《真理之光》2017年春季合集",
		"albumtitle": "《真理之光》2017年春季合集(48)",
		"title": "真理之光-20170217"
	},
	{
		"duration": 860,
		"size": "6.9M",
		"path": "http://media.febcchinese.org/Streaming/th/th170218.mp3",
		"id": 6227000049,
		"albumId": 6227,
		"albumName": "《真理之光》2017年春季合集",
		"albumtitle": "《真理之光》2017年春季合集(49)",
		"title": "真理之光-20170218"
	},
	{
		"duration": 860,
		"size": "6.9M",
		"path": "http://media.febcchinese.org/Streaming/th/th170219.mp3",
		"id": 6227000050,
		"albumId": 6227,
		"albumName": "《真理之光》2017年春季合集",
		"albumtitle": "《真理之光》2017年春季合集(50)",
		"title": "真理之光-20170219"
	},
	{
		"duration": 860,
		"size": "6.9M",
		"path": "http://media.febcchinese.org/Streaming/th/th170220.mp3",
		"id": 6227000051,
		"albumId": 6227,
		"albumName": "《真理之光》2017年春季合集",
		"albumtitle": "《真理之光》2017年春季合集(51)",
		"title": "真理之光-20170220"
	},
	{
		"duration": 860,
		"size": "6.9M",
		"path": "http://media.febcchinese.org/Streaming/th/th170221.mp3",
		"id": 6227000052,
		"albumId": 6227,
		"albumName": "《真理之光》2017年春季合集",
		"albumtitle": "《真理之光》2017年春季合集(52)",
		"title": "真理之光-20170221"
	},
	{
		"duration": 860,
		"size": "6.9M",
		"path": "http://media.febcchinese.org/Streaming/th/th170222.mp3",
		"id": 6227000053,
		"albumId": 6227,
		"albumName": "《真理之光》2017年春季合集",
		"albumtitle": "《真理之光》2017年春季合集(53)",
		"title": "真理之光-20170222"
	},
	{
		"duration": 860,
		"size": "6.9M",
		"path": "http://media.febcchinese.org/Streaming/th/th170223.mp3",
		"id": 6227000054,
		"albumId": 6227,
		"albumName": "《真理之光》2017年春季合集",
		"albumtitle": "《真理之光》2017年春季合集(54)",
		"title": "真理之光-20170223"
	},
	{
		"duration": 860,
		"size": "6.9M",
		"path": "http://media.febcchinese.org/Streaming/th/th170224.mp3",
		"id": 6227000055,
		"albumId": 6227,
		"albumName": "《真理之光》2017年春季合集",
		"albumtitle": "《真理之光》2017年春季合集(55)",
		"title": "真理之光-20170224"
	},
	{
		"duration": 860,
		"size": "6.9M",
		"path": "http://media.febcchinese.org/Streaming/th/th170225.mp3",
		"id": 6227000056,
		"albumId": 6227,
		"albumName": "《真理之光》2017年春季合集",
		"albumtitle": "《真理之光》2017年春季合集(56)",
		"title": "真理之光-20170225"
	},
	{
		"duration": 860,
		"size": "6.9M",
		"path": "http://media.febcchinese.org/Streaming/th/th170226.mp3",
		"id": 6227000057,
		"albumId": 6227,
		"albumName": "《真理之光》2017年春季合集",
		"albumtitle": "《真理之光》2017年春季合集(57)",
		"title": "真理之光-20170226"
	},
	{
		"duration": 860,
		"size": "6.9M",
		"path": "http://media.febcchinese.org/Streaming/th/th170227.mp3",
		"id": 6227000058,
		"albumId": 6227,
		"albumName": "《真理之光》2017年春季合集",
		"albumtitle": "《真理之光》2017年春季合集(58)",
		"title": "真理之光-20170227"
	},
	{
		"duration": 860,
		"size": "6.9M",
		"path": "http://media.febcchinese.org/Streaming/th/th170228.mp3",
		"id": 6227000059,
		"albumId": 6227,
		"albumName": "《真理之光》2017年春季合集",
		"albumtitle": "《真理之光》2017年春季合集(59)",
		"title": "真理之光-20170228"
	},
	{
		"duration": 860,
		"size": "6.9M",
		"path": "http://media.febcchinese.org/Streaming/th/th170301.mp3",
		"id": 6227000060,
		"albumId": 6227,
		"albumName": "《真理之光》2017年春季合集",
		"albumtitle": "《真理之光》2017年春季合集(60)",
		"title": "真理之光-20170301"
	},
	{
		"duration": 860,
		"size": "6.9M",
		"path": "http://media.febcchinese.org/Streaming/th/th170302.mp3",
		"id": 6227000061,
		"albumId": 6227,
		"albumName": "《真理之光》2017年春季合集",
		"albumtitle": "《真理之光》2017年春季合集(61)",
		"title": "真理之光-20170302"
	},
	{
		"duration": 860,
		"size": "6.9M",
		"path": "http://media.febcchinese.org/Streaming/th/th170303.mp3",
		"id": 6227000062,
		"albumId": 6227,
		"albumName": "《真理之光》2017年春季合集",
		"albumtitle": "《真理之光》2017年春季合集(62)",
		"title": "真理之光-20170303"
	},
	{
		"duration": 860,
		"size": "6.9M",
		"path": "http://media.febcchinese.org/Streaming/th/th170304.mp3",
		"id": 6227000063,
		"albumId": 6227,
		"albumName": "《真理之光》2017年春季合集",
		"albumtitle": "《真理之光》2017年春季合集(63)",
		"title": "真理之光-20170304"
	},
	{
		"duration": 860,
		"size": "6.9M",
		"path": "http://media.febcchinese.org/Streaming/th/th170305.mp3",
		"id": 6227000064,
		"albumId": 6227,
		"albumName": "《真理之光》2017年春季合集",
		"albumtitle": "《真理之光》2017年春季合集(64)",
		"title": "真理之光-20170305"
	},
	{
		"duration": 860,
		"size": "6.9M",
		"path": "http://media.febcchinese.org/Streaming/th/th170306.mp3",
		"id": 6227000065,
		"albumId": 6227,
		"albumName": "《真理之光》2017年春季合集",
		"albumtitle": "《真理之光》2017年春季合集(65)",
		"title": "真理之光-20170306"
	},
	{
		"duration": 860,
		"size": "6.9M",
		"path": "http://media.febcchinese.org/Streaming/th/th170307.mp3",
		"id": 6227000066,
		"albumId": 6227,
		"albumName": "《真理之光》2017年春季合集",
		"albumtitle": "《真理之光》2017年春季合集(66)",
		"title": "真理之光-20170307"
	},
	{
		"duration": 860,
		"size": "6.9M",
		"path": "http://media.febcchinese.org/Streaming/th/th170308.mp3",
		"id": 6227000067,
		"albumId": 6227,
		"albumName": "《真理之光》2017年春季合集",
		"albumtitle": "《真理之光》2017年春季合集(67)",
		"title": "真理之光-20170308"
	},
	{
		"duration": 860,
		"size": "6.9M",
		"path": "http://media.febcchinese.org/Streaming/th/th170309.mp3",
		"id": 6227000068,
		"albumId": 6227,
		"albumName": "《真理之光》2017年春季合集",
		"albumtitle": "《真理之光》2017年春季合集(68)",
		"title": "真理之光-20170309"
	},
	{
		"duration": 860,
		"size": "6.9M",
		"path": "http://media.febcchinese.org/Streaming/th/th170310.mp3",
		"id": 6227000069,
		"albumId": 6227,
		"albumName": "《真理之光》2017年春季合集",
		"albumtitle": "《真理之光》2017年春季合集(69)",
		"title": "真理之光-20170310"
	},
	{
		"duration": 860,
		"size": "6.9M",
		"path": "http://media.febcchinese.org/Streaming/th/th170311.mp3",
		"id": 6227000070,
		"albumId": 6227,
		"albumName": "《真理之光》2017年春季合集",
		"albumtitle": "《真理之光》2017年春季合集(70)",
		"title": "真理之光-20170311"
	},
	{
		"duration": 860,
		"size": "6.9M",
		"path": "http://media.febcchinese.org/Streaming/th/th170312.mp3",
		"id": 6227000071,
		"albumId": 6227,
		"albumName": "《真理之光》2017年春季合集",
		"albumtitle": "《真理之光》2017年春季合集(71)",
		"title": "真理之光-20170312"
	},
	{
		"duration": 860,
		"size": "6.9M",
		"path": "http://media.febcchinese.org/Streaming/th/th170313.mp3",
		"id": 6227000072,
		"albumId": 6227,
		"albumName": "《真理之光》2017年春季合集",
		"albumtitle": "《真理之光》2017年春季合集(72)",
		"title": "真理之光-20170313"
	},
	{
		"duration": 860,
		"size": "6.9M",
		"path": "http://media.febcchinese.org/Streaming/th/th170314.mp3",
		"id": 6227000073,
		"albumId": 6227,
		"albumName": "《真理之光》2017年春季合集",
		"albumtitle": "《真理之光》2017年春季合集(73)",
		"title": "真理之光-20170314"
	},
	{
		"duration": 860,
		"size": "6.9M",
		"path": "http://media.febcchinese.org/Streaming/th/th170315.mp3",
		"id": 6227000074,
		"albumId": 6227,
		"albumName": "《真理之光》2017年春季合集",
		"albumtitle": "《真理之光》2017年春季合集(74)",
		"title": "真理之光-20170315"
	},
	{
		"duration": 860,
		"size": "6.9M",
		"path": "http://media.febcchinese.org/Streaming/th/th170316.mp3",
		"id": 6227000075,
		"albumId": 6227,
		"albumName": "《真理之光》2017年春季合集",
		"albumtitle": "《真理之光》2017年春季合集(75)",
		"title": "真理之光-20170316"
	},
	{
		"duration": 860,
		"size": "6.9M",
		"path": "http://media.febcchinese.org/Streaming/th/th170317.mp3",
		"id": 6227000076,
		"albumId": 6227,
		"albumName": "《真理之光》2017年春季合集",
		"albumtitle": "《真理之光》2017年春季合集(76)",
		"title": "真理之光-20170317"
	},
	{
		"duration": 860,
		"size": "6.9M",
		"path": "http://media.febcchinese.org/Streaming/th/th170318.mp3",
		"id": 6227000077,
		"albumId": 6227,
		"albumName": "《真理之光》2017年春季合集",
		"albumtitle": "《真理之光》2017年春季合集(77)",
		"title": "真理之光-20170318"
	},
	{
		"duration": 860,
		"size": "6.9M",
		"path": "http://media.febcchinese.org/Streaming/th/th170319.mp3",
		"id": 6227000078,
		"albumId": 6227,
		"albumName": "《真理之光》2017年春季合集",
		"albumtitle": "《真理之光》2017年春季合集(78)",
		"title": "真理之光-20170319"
	},
	{
		"duration": 860,
		"size": "6.9M",
		"path": "http://media.febcchinese.org/Streaming/th/th170320.mp3",
		"id": 6227000079,
		"albumId": 6227,
		"albumName": "《真理之光》2017年春季合集",
		"albumtitle": "《真理之光》2017年春季合集(79)",
		"title": "真理之光-20170320"
	},
	{
		"duration": 860,
		"size": "6.9M",
		"path": "http://media.febcchinese.org/Streaming/th/th170321.mp3",
		"id": 6227000080,
		"albumId": 6227,
		"albumName": "《真理之光》2017年春季合集",
		"albumtitle": "《真理之光》2017年春季合集(80)",
		"title": "真理之光-20170321"
	},
	{
		"duration": 860,
		"size": "6.9M",
		"path": "http://media.febcchinese.org/Streaming/th/th170322.mp3",
		"id": 6227000081,
		"albumId": 6227,
		"albumName": "《真理之光》2017年春季合集",
		"albumtitle": "《真理之光》2017年春季合集(81)",
		"title": "真理之光-20170322"
	},
	{
		"duration": 860,
		"size": "6.9M",
		"path": "http://media.febcchinese.org/Streaming/th/th170323.mp3",
		"id": 6227000082,
		"albumId": 6227,
		"albumName": "《真理之光》2017年春季合集",
		"albumtitle": "《真理之光》2017年春季合集(82)",
		"title": "真理之光-20170323"
	},
	{
		"duration": 860,
		"size": "6.9M",
		"path": "http://media.febcchinese.org/Streaming/th/th170324.mp3",
		"id": 6227000083,
		"albumId": 6227,
		"albumName": "《真理之光》2017年春季合集",
		"albumtitle": "《真理之光》2017年春季合集(83)",
		"title": "真理之光-20170324"
	},
	{
		"duration": 860,
		"size": "6.9M",
		"path": "http://media.febcchinese.org/Streaming/th/th170325.mp3",
		"id": 6227000084,
		"albumId": 6227,
		"albumName": "《真理之光》2017年春季合集",
		"albumtitle": "《真理之光》2017年春季合集(84)",
		"title": "真理之光-20170325"
	},
	{
		"duration": 860,
		"size": "6.9M",
		"path": "http://media.febcchinese.org/Streaming/th/th170326.mp3",
		"id": 6227000085,
		"albumId": 6227,
		"albumName": "《真理之光》2017年春季合集",
		"albumtitle": "《真理之光》2017年春季合集(85)",
		"title": "真理之光-20170326"
	},
	{
		"duration": 860,
		"size": "6.9M",
		"path": "http://media.febcchinese.org/Streaming/th/th170327.mp3",
		"id": 6227000086,
		"albumId": 6227,
		"albumName": "《真理之光》2017年春季合集",
		"albumtitle": "《真理之光》2017年春季合集(86)",
		"title": "真理之光-20170327"
	},
	{
		"duration": 860,
		"size": "6.9M",
		"path": "http://media.febcchinese.org/Streaming/th/th170328.mp3",
		"id": 6227000087,
		"albumId": 6227,
		"albumName": "《真理之光》2017年春季合集",
		"albumtitle": "《真理之光》2017年春季合集(87)",
		"title": "真理之光-20170328"
	},
	{
		"duration": 860,
		"size": "6.9M",
		"path": "http://media.febcchinese.org/Streaming/th/th170329.mp3",
		"id": 6227000088,
		"albumId": 6227,
		"albumName": "《真理之光》2017年春季合集",
		"albumtitle": "《真理之光》2017年春季合集(88)",
		"title": "真理之光-20170329"
	},
	{
		"duration": 860,
		"size": "6.9M",
		"path": "http://media.febcchinese.org/Streaming/th/th170330.mp3",
		"id": 6227000089,
		"albumId": 6227,
		"albumName": "《真理之光》2017年春季合集",
		"albumtitle": "《真理之光》2017年春季合集(89)",
		"title": "真理之光-20170330"
	},
	{
		"duration": 860,
		"size": "6.9M",
		"path": "http://media.febcchinese.org/Streaming/th/th170331.mp3",
		"id": 6227000090,
		"albumId": 6227,
		"albumName": "《真理之光》2017年春季合集",
		"albumtitle": "《真理之光》2017年春季合集(90)",
		"title": "真理之光-20170331"
	}
]