[
	{
		"duration": 860,
		"size": "6.9M",
		"path": "http://media.febcchinese.org/Streaming/th/th161001.mp3",
		"id": 6226000001,
		"albumId": 6226,
		"albumName": "《真理之光》2016年冬季合集",
		"albumtitle": "《真理之光》2016年冬季合集(1)",
		"title": "真理之光-20161001"
	},
	{
		"duration": 860,
		"size": "6.9M",
		"path": "http://media.febcchinese.org/Streaming/th/th161002.mp3",
		"id": 6226000002,
		"albumId": 6226,
		"albumName": "《真理之光》2016年冬季合集",
		"albumtitle": "《真理之光》2016年冬季合集(2)",
		"title": "真理之光-20161002"
	},
	{
		"duration": 860,
		"size": "6.9M",
		"path": "http://media.febcchinese.org/Streaming/th/th161003.mp3",
		"id": 6226000003,
		"albumId": 6226,
		"albumName": "《真理之光》2016年冬季合集",
		"albumtitle": "《真理之光》2016年冬季合集(3)",
		"title": "真理之光-20161003"
	},
	{
		"duration": 860,
		"size": "6.9M",
		"path": "http://media.febcchinese.org/Streaming/th/th161004.mp3",
		"id": 6226000004,
		"albumId": 6226,
		"albumName": "《真理之光》2016年冬季合集",
		"albumtitle": "《真理之光》2016年冬季合集(4)",
		"title": "真理之光-20161004"
	},
	{
		"duration": 860,
		"size": "6.9M",
		"path": "http://media.febcchinese.org/Streaming/th/th161005.mp3",
		"id": 6226000005,
		"albumId": 6226,
		"albumName": "《真理之光》2016年冬季合集",
		"albumtitle": "《真理之光》2016年冬季合集(5)",
		"title": "真理之光-20161005"
	},
	{
		"duration": 860,
		"size": "6.9M",
		"path": "http://media.febcchinese.org/Streaming/th/th161006.mp3",
		"id": 6226000006,
		"albumId": 6226,
		"albumName": "《真理之光》2016年冬季合集",
		"albumtitle": "《真理之光》2016年冬季合集(6)",
		"title": "真理之光-20161006"
	},
	{
		"duration": 860,
		"size": "6.9M",
		"path": "http://media.febcchinese.org/Streaming/th/th161007.mp3",
		"id": 6226000007,
		"albumId": 6226,
		"albumName": "《真理之光》2016年冬季合集",
		"albumtitle": "《真理之光》2016年冬季合集(7)",
		"title": "真理之光-20161007"
	},
	{
		"duration": 860,
		"size": "6.9M",
		"path": "http://media.febcchinese.org/Streaming/th/th161008.mp3",
		"id": 6226000008,
		"albumId": 6226,
		"albumName": "《真理之光》2016年冬季合集",
		"albumtitle": "《真理之光》2016年冬季合集(8)",
		"title": "真理之光-20161008"
	},
	{
		"duration": 860,
		"size": "6.9M",
		"path": "http://media.febcchinese.org/Streaming/th/th161009.mp3",
		"id": 6226000009,
		"albumId": 6226,
		"albumName": "《真理之光》2016年冬季合集",
		"albumtitle": "《真理之光》2016年冬季合集(9)",
		"title": "真理之光-20161009"
	},
	{
		"duration": 860,
		"size": "6.9M",
		"path": "http://media.febcchinese.org/Streaming/th/th161010.mp3",
		"id": 6226000010,
		"albumId": 6226,
		"albumName": "《真理之光》2016年冬季合集",
		"albumtitle": "《真理之光》2016年冬季合集(10)",
		"title": "真理之光-20161010"
	},
	{
		"duration": 860,
		"size": "6.9M",
		"path": "http://media.febcchinese.org/Streaming/th/th161011.mp3",
		"id": 6226000011,
		"albumId": 6226,
		"albumName": "《真理之光》2016年冬季合集",
		"albumtitle": "《真理之光》2016年冬季合集(11)",
		"title": "真理之光-20161011"
	},
	{
		"duration": 860,
		"size": "6.9M",
		"path": "http://media.febcchinese.org/Streaming/th/th161012.mp3",
		"id": 6226000012,
		"albumId": 6226,
		"albumName": "《真理之光》2016年冬季合集",
		"albumtitle": "《真理之光》2016年冬季合集(12)",
		"title": "真理之光-20161012"
	},
	{
		"duration": 860,
		"size": "6.9M",
		"path": "http://media.febcchinese.org/Streaming/th/th161013.mp3",
		"id": 6226000013,
		"albumId": 6226,
		"albumName": "《真理之光》2016年冬季合集",
		"albumtitle": "《真理之光》2016年冬季合集(13)",
		"title": "真理之光-20161013"
	},
	{
		"duration": 860,
		"size": "6.9M",
		"path": "http://media.febcchinese.org/Streaming/th/th161014.mp3",
		"id": 6226000014,
		"albumId": 6226,
		"albumName": "《真理之光》2016年冬季合集",
		"albumtitle": "《真理之光》2016年冬季合集(14)",
		"title": "真理之光-20161014"
	},
	{
		"duration": 860,
		"size": "6.9M",
		"path": "http://media.febcchinese.org/Streaming/th/th161015.mp3",
		"id": 6226000015,
		"albumId": 6226,
		"albumName": "《真理之光》2016年冬季合集",
		"albumtitle": "《真理之光》2016年冬季合集(15)",
		"title": "真理之光-20161015"
	},
	{
		"duration": 860,
		"size": "6.9M",
		"path": "http://media.febcchinese.org/Streaming/th/th161016.mp3",
		"id": 6226000016,
		"albumId": 6226,
		"albumName": "《真理之光》2016年冬季合集",
		"albumtitle": "《真理之光》2016年冬季合集(16)",
		"title": "真理之光-20161016"
	},
	{
		"duration": 860,
		"size": "6.9M",
		"path": "http://media.febcchinese.org/Streaming/th/th161017.mp3",
		"id": 6226000017,
		"albumId": 6226,
		"albumName": "《真理之光》2016年冬季合集",
		"albumtitle": "《真理之光》2016年冬季合集(17)",
		"title": "真理之光-20161017"
	},
	{
		"duration": 860,
		"size": "6.9M",
		"path": "http://media.febcchinese.org/Streaming/th/th161018.mp3",
		"id": 6226000018,
		"albumId": 6226,
		"albumName": "《真理之光》2016年冬季合集",
		"albumtitle": "《真理之光》2016年冬季合集(18)",
		"title": "真理之光-20161018"
	},
	{
		"duration": 860,
		"size": "6.9M",
		"path": "http://media.febcchinese.org/Streaming/th/th161019.mp3",
		"id": 6226000019,
		"albumId": 6226,
		"albumName": "《真理之光》2016年冬季合集",
		"albumtitle": "《真理之光》2016年冬季合集(19)",
		"title": "真理之光-20161019"
	},
	{
		"duration": 860,
		"size": "6.9M",
		"path": "http://media.febcchinese.org/Streaming/th/th161020.mp3",
		"id": 6226000020,
		"albumId": 6226,
		"albumName": "《真理之光》2016年冬季合集",
		"albumtitle": "《真理之光》2016年冬季合集(20)",
		"title": "真理之光-20161020"
	},
	{
		"duration": 860,
		"size": "6.9M",
		"path": "http://media.febcchinese.org/Streaming/th/th161021.mp3",
		"id": 6226000021,
		"albumId": 6226,
		"albumName": "《真理之光》2016年冬季合集",
		"albumtitle": "《真理之光》2016年冬季合集(21)",
		"title": "真理之光-20161021"
	},
	{
		"duration": 860,
		"size": "6.9M",
		"path": "http://media.febcchinese.org/Streaming/th/th161022.mp3",
		"id": 6226000022,
		"albumId": 6226,
		"albumName": "《真理之光》2016年冬季合集",
		"albumtitle": "《真理之光》2016年冬季合集(22)",
		"title": "真理之光-20161022"
	},
	{
		"duration": 860,
		"size": "6.9M",
		"path": "http://media.febcchinese.org/Streaming/th/th161023.mp3",
		"id": 6226000023,
		"albumId": 6226,
		"albumName": "《真理之光》2016年冬季合集",
		"albumtitle": "《真理之光》2016年冬季合集(23)",
		"title": "真理之光-20161023"
	},
	{
		"duration": 860,
		"size": "6.9M",
		"path": "http://media.febcchinese.org/Streaming/th/th161024.mp3",
		"id": 6226000024,
		"albumId": 6226,
		"albumName": "《真理之光》2016年冬季合集",
		"albumtitle": "《真理之光》2016年冬季合集(24)",
		"title": "真理之光-20161024"
	},
	{
		"duration": 860,
		"size": "6.9M",
		"path": "http://media.febcchinese.org/Streaming/th/th161025.mp3",
		"id": 6226000025,
		"albumId": 6226,
		"albumName": "《真理之光》2016年冬季合集",
		"albumtitle": "《真理之光》2016年冬季合集(25)",
		"title": "真理之光-20161025"
	},
	{
		"duration": 860,
		"size": "6.9M",
		"path": "http://media.febcchinese.org/Streaming/th/th161026.mp3",
		"id": 6226000026,
		"albumId": 6226,
		"albumName": "《真理之光》2016年冬季合集",
		"albumtitle": "《真理之光》2016年冬季合集(26)",
		"title": "真理之光-20161026"
	},
	{
		"duration": 860,
		"size": "6.9M",
		"path": "http://media.febcchinese.org/Streaming/th/th161027.mp3",
		"id": 6226000027,
		"albumId": 6226,
		"albumName": "《真理之光》2016年冬季合集",
		"albumtitle": "《真理之光》2016年冬季合集(27)",
		"title": "真理之光-20161027"
	},
	{
		"duration": 860,
		"size": "6.9M",
		"path": "http://media.febcchinese.org/Streaming/th/th161028.mp3",
		"id": 6226000028,
		"albumId": 6226,
		"albumName": "《真理之光》2016年冬季合集",
		"albumtitle": "《真理之光》2016年冬季合集(28)",
		"title": "真理之光-20161028"
	},
	{
		"duration": 860,
		"size": "6.9M",
		"path": "http://media.febcchinese.org/Streaming/th/th161029.mp3",
		"id": 6226000029,
		"albumId": 6226,
		"albumName": "《真理之光》2016年冬季合集",
		"albumtitle": "《真理之光》2016年冬季合集(29)",
		"title": "真理之光-20161029"
	},
	{
		"duration": 860,
		"size": "6.9M",
		"path": "http://media.febcchinese.org/Streaming/th/th161030.mp3",
		"id": 6226000030,
		"albumId": 6226,
		"albumName": "《真理之光》2016年冬季合集",
		"albumtitle": "《真理之光》2016年冬季合集(30)",
		"title": "真理之光-20161030"
	},
	{
		"duration": 860,
		"size": "6.9M",
		"path": "http://media.febcchinese.org/Streaming/th/th161031.mp3",
		"id": 6226000031,
		"albumId": 6226,
		"albumName": "《真理之光》2016年冬季合集",
		"albumtitle": "《真理之光》2016年冬季合集(31)",
		"title": "真理之光-20161031"
	},
	{
		"duration": 860,
		"size": "6.9M",
		"path": "http://media.febcchinese.org/Streaming/th/th161101.mp3",
		"id": 6226000032,
		"albumId": 6226,
		"albumName": "《真理之光》2016年冬季合集",
		"albumtitle": "《真理之光》2016年冬季合集(32)",
		"title": "真理之光-20161101"
	},
	{
		"duration": 860,
		"size": "6.9M",
		"path": "http://media.febcchinese.org/Streaming/th/th161102.mp3",
		"id": 6226000033,
		"albumId": 6226,
		"albumName": "《真理之光》2016年冬季合集",
		"albumtitle": "《真理之光》2016年冬季合集(33)",
		"title": "真理之光-20161102"
	},
	{
		"duration": 860,
		"size": "6.9M",
		"path": "http://media.febcchinese.org/Streaming/th/th161103.mp3",
		"id": 6226000034,
		"albumId": 6226,
		"albumName": "《真理之光》2016年冬季合集",
		"albumtitle": "《真理之光》2016年冬季合集(34)",
		"title": "真理之光-20161103"
	},
	{
		"duration": 860,
		"size": "6.9M",
		"path": "http://media.febcchinese.org/Streaming/th/th161104.mp3",
		"id": 6226000035,
		"albumId": 6226,
		"albumName": "《真理之光》2016年冬季合集",
		"albumtitle": "《真理之光》2016年冬季合集(35)",
		"title": "真理之光-20161104"
	},
	{
		"duration": 860,
		"size": "6.9M",
		"path": "http://media.febcchinese.org/Streaming/th/th161105.mp3",
		"id": 6226000036,
		"albumId": 6226,
		"albumName": "《真理之光》2016年冬季合集",
		"albumtitle": "《真理之光》2016年冬季合集(36)",
		"title": "真理之光-20161105"
	},
	{
		"duration": 860,
		"size": "6.9M",
		"path": "http://media.febcchinese.org/Streaming/th/th161106.mp3",
		"id": 6226000037,
		"albumId": 6226,
		"albumName": "《真理之光》2016年冬季合集",
		"albumtitle": "《真理之光》2016年冬季合集(37)",
		"title": "真理之光-20161106"
	},
	{
		"duration": 860,
		"size": "6.9M",
		"path": "http://media.febcchinese.org/Streaming/th/th161107.mp3",
		"id": 6226000038,
		"albumId": 6226,
		"albumName": "《真理之光》2016年冬季合集",
		"albumtitle": "《真理之光》2016年冬季合集(38)",
		"title": "真理之光-20161107"
	},
	{
		"duration": 860,
		"size": "6.9M",
		"path": "http://media.febcchinese.org/Streaming/th/th161108.mp3",
		"id": 6226000039,
		"albumId": 6226,
		"albumName": "《真理之光》2016年冬季合集",
		"albumtitle": "《真理之光》2016年冬季合集(39)",
		"title": "真理之光-20161108"
	},
	{
		"duration": 860,
		"size": "6.9M",
		"path": "http://media.febcchinese.org/Streaming/th/th161109.mp3",
		"id": 6226000040,
		"albumId": 6226,
		"albumName": "《真理之光》2016年冬季合集",
		"albumtitle": "《真理之光》2016年冬季合集(40)",
		"title": "真理之光-20161109"
	},
	{
		"duration": 860,
		"size": "6.9M",
		"path": "http://media.febcchinese.org/Streaming/th/th161110.mp3",
		"id": 6226000041,
		"albumId": 6226,
		"albumName": "《真理之光》2016年冬季合集",
		"albumtitle": "《真理之光》2016年冬季合集(41)",
		"title": "真理之光-20161110"
	},
	{
		"duration": 860,
		"size": "6.9M",
		"path": "http://media.febcchinese.org/Streaming/th/th161111.mp3",
		"id": 6226000042,
		"albumId": 6226,
		"albumName": "《真理之光》2016年冬季合集",
		"albumtitle": "《真理之光》2016年冬季合集(42)",
		"title": "真理之光-20161111"
	},
	{
		"duration": 860,
		"size": "6.9M",
		"path": "http://media.febcchinese.org/Streaming/th/th161112.mp3",
		"id": 6226000043,
		"albumId": 6226,
		"albumName": "《真理之光》2016年冬季合集",
		"albumtitle": "《真理之光》2016年冬季合集(43)",
		"title": "真理之光-20161112"
	},
	{
		"duration": 860,
		"size": "6.9M",
		"path": "http://media.febcchinese.org/Streaming/th/th161113.mp3",
		"id": 6226000044,
		"albumId": 6226,
		"albumName": "《真理之光》2016年冬季合集",
		"albumtitle": "《真理之光》2016年冬季合集(44)",
		"title": "真理之光-20161113"
	},
	{
		"duration": 860,
		"size": "6.9M",
		"path": "http://media.febcchinese.org/Streaming/th/th161114.mp3",
		"id": 6226000045,
		"albumId": 6226,
		"albumName": "《真理之光》2016年冬季合集",
		"albumtitle": "《真理之光》2016年冬季合集(45)",
		"title": "真理之光-20161114"
	},
	{
		"duration": 860,
		"size": "6.9M",
		"path": "http://media.febcchinese.org/Streaming/th/th161115.mp3",
		"id": 6226000046,
		"albumId": 6226,
		"albumName": "《真理之光》2016年冬季合集",
		"albumtitle": "《真理之光》2016年冬季合集(46)",
		"title": "真理之光-20161115"
	},
	{
		"duration": 860,
		"size": "6.9M",
		"path": "http://media.febcchinese.org/Streaming/th/th161116.mp3",
		"id": 6226000047,
		"albumId": 6226,
		"albumName": "《真理之光》2016年冬季合集",
		"albumtitle": "《真理之光》2016年冬季合集(47)",
		"title": "真理之光-20161116"
	},
	{
		"duration": 860,
		"size": "6.9M",
		"path": "http://media.febcchinese.org/Streaming/th/th161117.mp3",
		"id": 6226000048,
		"albumId": 6226,
		"albumName": "《真理之光》2016年冬季合集",
		"albumtitle": "《真理之光》2016年冬季合集(48)",
		"title": "真理之光-20161117"
	},
	{
		"duration": 860,
		"size": "6.9M",
		"path": "http://media.febcchinese.org/Streaming/th/th161118.mp3",
		"id": 6226000049,
		"albumId": 6226,
		"albumName": "《真理之光》2016年冬季合集",
		"albumtitle": "《真理之光》2016年冬季合集(49)",
		"title": "真理之光-20161118"
	},
	{
		"duration": 860,
		"size": "6.9M",
		"path": "http://media.febcchinese.org/Streaming/th/th161119.mp3",
		"id": 6226000050,
		"albumId": 6226,
		"albumName": "《真理之光》2016年冬季合集",
		"albumtitle": "《真理之光》2016年冬季合集(50)",
		"title": "真理之光-20161119"
	},
	{
		"duration": 860,
		"size": "6.9M",
		"path": "http://media.febcchinese.org/Streaming/th/th161120.mp3",
		"id": 6226000051,
		"albumId": 6226,
		"albumName": "《真理之光》2016年冬季合集",
		"albumtitle": "《真理之光》2016年冬季合集(51)",
		"title": "真理之光-20161120"
	},
	{
		"duration": 860,
		"size": "6.9M",
		"path": "http://media.febcchinese.org/Streaming/th/th161121.mp3",
		"id": 6226000052,
		"albumId": 6226,
		"albumName": "《真理之光》2016年冬季合集",
		"albumtitle": "《真理之光》2016年冬季合集(52)",
		"title": "真理之光-20161121"
	},
	{
		"duration": 860,
		"size": "6.9M",
		"path": "http://media.febcchinese.org/Streaming/th/th161122.mp3",
		"id": 6226000053,
		"albumId": 6226,
		"albumName": "《真理之光》2016年冬季合集",
		"albumtitle": "《真理之光》2016年冬季合集(53)",
		"title": "真理之光-20161122"
	},
	{
		"duration": 860,
		"size": "6.9M",
		"path": "http://media.febcchinese.org/Streaming/th/th161123.mp3",
		"id": 6226000054,
		"albumId": 6226,
		"albumName": "《真理之光》2016年冬季合集",
		"albumtitle": "《真理之光》2016年冬季合集(54)",
		"title": "真理之光-20161123"
	},
	{
		"duration": 860,
		"size": "6.9M",
		"path": "http://media.febcchinese.org/Streaming/th/th161124.mp3",
		"id": 6226000055,
		"albumId": 6226,
		"albumName": "《真理之光》2016年冬季合集",
		"albumtitle": "《真理之光》2016年冬季合集(55)",
		"title": "真理之光-20161124"
	},
	{
		"duration": 860,
		"size": "6.9M",
		"path": "http://media.febcchinese.org/Streaming/th/th161125.mp3",
		"id": 6226000056,
		"albumId": 6226,
		"albumName": "《真理之光》2016年冬季合集",
		"albumtitle": "《真理之光》2016年冬季合集(56)",
		"title": "真理之光-20161125"
	},
	{
		"duration": 860,
		"size": "6.9M",
		"path": "http://media.febcchinese.org/Streaming/th/th161126.mp3",
		"id": 6226000057,
		"albumId": 6226,
		"albumName": "《真理之光》2016年冬季合集",
		"albumtitle": "《真理之光》2016年冬季合集(57)",
		"title": "真理之光-20161126"
	},
	{
		"duration": 860,
		"size": "6.9M",
		"path": "http://media.febcchinese.org/Streaming/th/th161127.mp3",
		"id": 6226000058,
		"albumId": 6226,
		"albumName": "《真理之光》2016年冬季合集",
		"albumtitle": "《真理之光》2016年冬季合集(58)",
		"title": "真理之光-20161127"
	},
	{
		"duration": 860,
		"size": "6.9M",
		"path": "http://media.febcchinese.org/Streaming/th/th161128.mp3",
		"id": 6226000059,
		"albumId": 6226,
		"albumName": "《真理之光》2016年冬季合集",
		"albumtitle": "《真理之光》2016年冬季合集(59)",
		"title": "真理之光-20161128"
	},
	{
		"duration": 860,
		"size": "6.9M",
		"path": "http://media.febcchinese.org/Streaming/th/th161129.mp3",
		"id": 6226000060,
		"albumId": 6226,
		"albumName": "《真理之光》2016年冬季合集",
		"albumtitle": "《真理之光》2016年冬季合集(60)",
		"title": "真理之光-20161129"
	},
	{
		"duration": 860,
		"size": "6.9M",
		"path": "http://media.febcchinese.org/Streaming/th/th161130.mp3",
		"id": 6226000061,
		"albumId": 6226,
		"albumName": "《真理之光》2016年冬季合集",
		"albumtitle": "《真理之光》2016年冬季合集(61)",
		"title": "真理之光-20161130"
	},
	{
		"duration": 860,
		"size": "6.9M",
		"path": "http://media.febcchinese.org/Streaming/th/th161201.mp3",
		"id": 6226000062,
		"albumId": 6226,
		"albumName": "《真理之光》2016年冬季合集",
		"albumtitle": "《真理之光》2016年冬季合集(62)",
		"title": "真理之光-20161201"
	},
	{
		"duration": 860,
		"size": "6.9M",
		"path": "http://media.febcchinese.org/Streaming/th/th161202.mp3",
		"id": 6226000063,
		"albumId": 6226,
		"albumName": "《真理之光》2016年冬季合集",
		"albumtitle": "《真理之光》2016年冬季合集(63)",
		"title": "真理之光-20161202"
	},
	{
		"duration": 860,
		"size": "6.9M",
		"path": "http://media.febcchinese.org/Streaming/th/th161203.mp3",
		"id": 6226000064,
		"albumId": 6226,
		"albumName": "《真理之光》2016年冬季合集",
		"albumtitle": "《真理之光》2016年冬季合集(64)",
		"title": "真理之光-20161203"
	},
	{
		"duration": 860,
		"size": "6.9M",
		"path": "http://media.febcchinese.org/Streaming/th/th161204.mp3",
		"id": 6226000065,
		"albumId": 6226,
		"albumName": "《真理之光》2016年冬季合集",
		"albumtitle": "《真理之光》2016年冬季合集(65)",
		"title": "真理之光-20161204"
	},
	{
		"duration": 860,
		"size": "6.9M",
		"path": "http://media.febcchinese.org/Streaming/th/th161205.mp3",
		"id": 6226000066,
		"albumId": 6226,
		"albumName": "《真理之光》2016年冬季合集",
		"albumtitle": "《真理之光》2016年冬季合集(66)",
		"title": "真理之光-20161205"
	},
	{
		"duration": 860,
		"size": "6.9M",
		"path": "http://media.febcchinese.org/Streaming/th/th161206.mp3",
		"id": 6226000067,
		"albumId": 6226,
		"albumName": "《真理之光》2016年冬季合集",
		"albumtitle": "《真理之光》2016年冬季合集(67)",
		"title": "真理之光-20161206"
	},
	{
		"duration": 860,
		"size": "6.9M",
		"path": "http://media.febcchinese.org/Streaming/th/th161207.mp3",
		"id": 6226000068,
		"albumId": 6226,
		"albumName": "《真理之光》2016年冬季合集",
		"albumtitle": "《真理之光》2016年冬季合集(68)",
		"title": "真理之光-20161207"
	},
	{
		"duration": 860,
		"size": "6.9M",
		"path": "http://media.febcchinese.org/Streaming/th/th161208.mp3",
		"id": 6226000069,
		"albumId": 6226,
		"albumName": "《真理之光》2016年冬季合集",
		"albumtitle": "《真理之光》2016年冬季合集(69)",
		"title": "真理之光-20161208"
	},
	{
		"duration": 860,
		"size": "6.9M",
		"path": "http://media.febcchinese.org/Streaming/th/th161209.mp3",
		"id": 6226000070,
		"albumId": 6226,
		"albumName": "《真理之光》2016年冬季合集",
		"albumtitle": "《真理之光》2016年冬季合集(70)",
		"title": "真理之光-20161209"
	},
	{
		"duration": 860,
		"size": "6.9M",
		"path": "http://media.febcchinese.org/Streaming/th/th161210.mp3",
		"id": 6226000071,
		"albumId": 6226,
		"albumName": "《真理之光》2016年冬季合集",
		"albumtitle": "《真理之光》2016年冬季合集(71)",
		"title": "真理之光-20161210"
	},
	{
		"duration": 860,
		"size": "6.9M",
		"path": "http://media.febcchinese.org/Streaming/th/th161211.mp3",
		"id": 6226000072,
		"albumId": 6226,
		"albumName": "《真理之光》2016年冬季合集",
		"albumtitle": "《真理之光》2016年冬季合集(72)",
		"title": "真理之光-20161211"
	},
	{
		"duration": 860,
		"size": "6.9M",
		"path": "http://media.febcchinese.org/Streaming/th/th161212.mp3",
		"id": 6226000073,
		"albumId": 6226,
		"albumName": "《真理之光》2016年冬季合集",
		"albumtitle": "《真理之光》2016年冬季合集(73)",
		"title": "真理之光-20161212"
	},
	{
		"duration": 860,
		"size": "6.9M",
		"path": "http://media.febcchinese.org/Streaming/th/th161213.mp3",
		"id": 6226000074,
		"albumId": 6226,
		"albumName": "《真理之光》2016年冬季合集",
		"albumtitle": "《真理之光》2016年冬季合集(74)",
		"title": "真理之光-20161213"
	},
	{
		"duration": 860,
		"size": "6.9M",
		"path": "http://media.febcchinese.org/Streaming/th/th161214.mp3",
		"id": 6226000075,
		"albumId": 6226,
		"albumName": "《真理之光》2016年冬季合集",
		"albumtitle": "《真理之光》2016年冬季合集(75)",
		"title": "真理之光-20161214"
	},
	{
		"duration": 860,
		"size": "6.9M",
		"path": "http://media.febcchinese.org/Streaming/th/th161215.mp3",
		"id": 6226000076,
		"albumId": 6226,
		"albumName": "《真理之光》2016年冬季合集",
		"albumtitle": "《真理之光》2016年冬季合集(76)",
		"title": "真理之光-20161215"
	},
	{
		"duration": 860,
		"size": "6.9M",
		"path": "http://media.febcchinese.org/Streaming/th/th161216.mp3",
		"id": 6226000077,
		"albumId": 6226,
		"albumName": "《真理之光》2016年冬季合集",
		"albumtitle": "《真理之光》2016年冬季合集(77)",
		"title": "真理之光-20161216"
	},
	{
		"duration": 860,
		"size": "6.9M",
		"path": "http://media.febcchinese.org/Streaming/th/th161217.mp3",
		"id": 6226000078,
		"albumId": 6226,
		"albumName": "《真理之光》2016年冬季合集",
		"albumtitle": "《真理之光》2016年冬季合集(78)",
		"title": "真理之光-20161217"
	},
	{
		"duration": 860,
		"size": "6.9M",
		"path": "http://media.febcchinese.org/Streaming/th/th161218.mp3",
		"id": 6226000079,
		"albumId": 6226,
		"albumName": "《真理之光》2016年冬季合集",
		"albumtitle": "《真理之光》2016年冬季合集(79)",
		"title": "真理之光-20161218"
	},
	{
		"duration": 860,
		"size": "6.9M",
		"path": "http://media.febcchinese.org/Streaming/th/th161219.mp3",
		"id": 6226000080,
		"albumId": 6226,
		"albumName": "《真理之光》2016年冬季合集",
		"albumtitle": "《真理之光》2016年冬季合集(80)",
		"title": "真理之光-20161219"
	},
	{
		"duration": 860,
		"size": "6.9M",
		"path": "http://media.febcchinese.org/Streaming/th/th161220.mp3",
		"id": 6226000081,
		"albumId": 6226,
		"albumName": "《真理之光》2016年冬季合集",
		"albumtitle": "《真理之光》2016年冬季合集(81)",
		"title": "真理之光-20161220"
	},
	{
		"duration": 860,
		"size": "6.9M",
		"path": "http://media.febcchinese.org/Streaming/th/th161221.mp3",
		"id": 6226000082,
		"albumId": 6226,
		"albumName": "《真理之光》2016年冬季合集",
		"albumtitle": "《真理之光》2016年冬季合集(82)",
		"title": "真理之光-20161221"
	},
	{
		"duration": 860,
		"size": "6.9M",
		"path": "http://media.febcchinese.org/Streaming/th/th161222.mp3",
		"id": 6226000083,
		"albumId": 6226,
		"albumName": "《真理之光》2016年冬季合集",
		"albumtitle": "《真理之光》2016年冬季合集(83)",
		"title": "真理之光-20161222"
	},
	{
		"duration": 860,
		"size": "6.9M",
		"path": "http://media.febcchinese.org/Streaming/th/th161223.mp3",
		"id": 6226000084,
		"albumId": 6226,
		"albumName": "《真理之光》2016年冬季合集",
		"albumtitle": "《真理之光》2016年冬季合集(84)",
		"title": "真理之光-20161223"
	},
	{
		"duration": 860,
		"size": "6.9M",
		"path": "http://media.febcchinese.org/Streaming/th/th161224.mp3",
		"id": 6226000085,
		"albumId": 6226,
		"albumName": "《真理之光》2016年冬季合集",
		"albumtitle": "《真理之光》2016年冬季合集(85)",
		"title": "真理之光-20161224"
	},
	{
		"duration": 860,
		"size": "6.9M",
		"path": "http://media.febcchinese.org/Streaming/th/th161225.mp3",
		"id": 6226000086,
		"albumId": 6226,
		"albumName": "《真理之光》2016年冬季合集",
		"albumtitle": "《真理之光》2016年冬季合集(86)",
		"title": "真理之光-20161225"
	},
	{
		"duration": 860,
		"size": "6.9M",
		"path": "http://media.febcchinese.org/Streaming/th/th161226.mp3",
		"id": 6226000087,
		"albumId": 6226,
		"albumName": "《真理之光》2016年冬季合集",
		"albumtitle": "《真理之光》2016年冬季合集(87)",
		"title": "真理之光-20161226"
	},
	{
		"duration": 860,
		"size": "6.9M",
		"path": "http://media.febcchinese.org/Streaming/th/th161227.mp3",
		"id": 6226000088,
		"albumId": 6226,
		"albumName": "《真理之光》2016年冬季合集",
		"albumtitle": "《真理之光》2016年冬季合集(88)",
		"title": "真理之光-20161227"
	},
	{
		"duration": 860,
		"size": "6.9M",
		"path": "http://media.febcchinese.org/Streaming/th/th161228.mp3",
		"id": 6226000089,
		"albumId": 6226,
		"albumName": "《真理之光》2016年冬季合集",
		"albumtitle": "《真理之光》2016年冬季合集(89)",
		"title": "真理之光-20161228"
	},
	{
		"duration": 860,
		"size": "6.9M",
		"path": "http://media.febcchinese.org/Streaming/th/th161229.mp3",
		"id": 6226000090,
		"albumId": 6226,
		"albumName": "《真理之光》2016年冬季合集",
		"albumtitle": "《真理之光》2016年冬季合集(90)",
		"title": "真理之光-20161229"
	},
	{
		"duration": 860,
		"size": "6.9M",
		"path": "http://media.febcchinese.org/Streaming/th/th161230.mp3",
		"id": 6226000091,
		"albumId": 6226,
		"albumName": "《真理之光》2016年冬季合集",
		"albumtitle": "《真理之光》2016年冬季合集(91)",
		"title": "真理之光-20161230"
	},
	{
		"duration": 860,
		"size": "6.9M",
		"path": "http://media.febcchinese.org/Streaming/th/th161231.mp3",
		"id": 6226000092,
		"albumId": 6226,
		"albumName": "《真理之光》2016年冬季合集",
		"albumtitle": "《真理之光》2016年冬季合集(92)",
		"title": "真理之光-20161231"
	}
]