[
	{
		"duration": 860,
		"size": "6.9M",
		"path": "http://media.febcchinese.org/Streaming/th/th151001.mp3",
		"id": 6222000001,
		"albumId": 6222,
		"albumName": "《真理之光》2015年冬季合集",
		"albumtitle": "《真理之光》2015年冬季合集(1)",
		"title": "真理之光-20151001"
	},
	{
		"duration": 860,
		"size": "6.9M",
		"path": "http://media.febcchinese.org/Streaming/th/th151002.mp3",
		"id": 6222000002,
		"albumId": 6222,
		"albumName": "《真理之光》2015年冬季合集",
		"albumtitle": "《真理之光》2015年冬季合集(2)",
		"title": "真理之光-20151002"
	},
	{
		"duration": 860,
		"size": "6.9M",
		"path": "http://media.febcchinese.org/Streaming/th/th151003.mp3",
		"id": 6222000003,
		"albumId": 6222,
		"albumName": "《真理之光》2015年冬季合集",
		"albumtitle": "《真理之光》2015年冬季合集(3)",
		"title": "真理之光-20151003"
	},
	{
		"duration": 860,
		"size": "6.9M",
		"path": "http://media.febcchinese.org/Streaming/th/th151004.mp3",
		"id": 6222000004,
		"albumId": 6222,
		"albumName": "《真理之光》2015年冬季合集",
		"albumtitle": "《真理之光》2015年冬季合集(4)",
		"title": "真理之光-20151004"
	},
	{
		"duration": 860,
		"size": "6.9M",
		"path": "http://media.febcchinese.org/Streaming/th/th151005.mp3",
		"id": 6222000005,
		"albumId": 6222,
		"albumName": "《真理之光》2015年冬季合集",
		"albumtitle": "《真理之光》2015年冬季合集(5)",
		"title": "真理之光-20151005"
	},
	{
		"duration": 860,
		"size": "6.9M",
		"path": "http://media.febcchinese.org/Streaming/th/th151006.mp3",
		"id": 6222000006,
		"albumId": 6222,
		"albumName": "《真理之光》2015年冬季合集",
		"albumtitle": "《真理之光》2015年冬季合集(6)",
		"title": "真理之光-20151006"
	},
	{
		"duration": 860,
		"size": "6.9M",
		"path": "http://media.febcchinese.org/Streaming/th/th151007.mp3",
		"id": 6222000007,
		"albumId": 6222,
		"albumName": "《真理之光》2015年冬季合集",
		"albumtitle": "《真理之光》2015年冬季合集(7)",
		"title": "真理之光-20151007"
	},
	{
		"duration": 860,
		"size": "6.9M",
		"path": "http://media.febcchinese.org/Streaming/th/th151008.mp3",
		"id": 6222000008,
		"albumId": 6222,
		"albumName": "《真理之光》2015年冬季合集",
		"albumtitle": "《真理之光》2015年冬季合集(8)",
		"title": "真理之光-20151008"
	},
	{
		"duration": 860,
		"size": "6.9M",
		"path": "http://media.febcchinese.org/Streaming/th/th151009.mp3",
		"id": 6222000009,
		"albumId": 6222,
		"albumName": "《真理之光》2015年冬季合集",
		"albumtitle": "《真理之光》2015年冬季合集(9)",
		"title": "真理之光-20151009"
	},
	{
		"duration": 860,
		"size": "6.9M",
		"path": "http://media.febcchinese.org/Streaming/th/th151010.mp3",
		"id": 6222000010,
		"albumId": 6222,
		"albumName": "《真理之光》2015年冬季合集",
		"albumtitle": "《真理之光》2015年冬季合集(10)",
		"title": "真理之光-20151010"
	},
	{
		"duration": 860,
		"size": "6.9M",
		"path": "http://media.febcchinese.org/Streaming/th/th151011.mp3",
		"id": 6222000011,
		"albumId": 6222,
		"albumName": "《真理之光》2015年冬季合集",
		"albumtitle": "《真理之光》2015年冬季合集(11)",
		"title": "真理之光-20151011"
	},
	{
		"duration": 860,
		"size": "6.9M",
		"path": "http://media.febcchinese.org/Streaming/th/th151012.mp3",
		"id": 6222000012,
		"albumId": 6222,
		"albumName": "《真理之光》2015年冬季合集",
		"albumtitle": "《真理之光》2015年冬季合集(12)",
		"title": "真理之光-20151012"
	},
	{
		"duration": 860,
		"size": "6.9M",
		"path": "http://media.febcchinese.org/Streaming/th/th151013.mp3",
		"id": 6222000013,
		"albumId": 6222,
		"albumName": "《真理之光》2015年冬季合集",
		"albumtitle": "《真理之光》2015年冬季合集(13)",
		"title": "真理之光-20151013"
	},
	{
		"duration": 860,
		"size": "6.9M",
		"path": "http://media.febcchinese.org/Streaming/th/th151014.mp3",
		"id": 6222000014,
		"albumId": 6222,
		"albumName": "《真理之光》2015年冬季合集",
		"albumtitle": "《真理之光》2015年冬季合集(14)",
		"title": "真理之光-20151014"
	},
	{
		"duration": 860,
		"size": "6.9M",
		"path": "http://media.febcchinese.org/Streaming/th/th151015.mp3",
		"id": 6222000015,
		"albumId": 6222,
		"albumName": "《真理之光》2015年冬季合集",
		"albumtitle": "《真理之光》2015年冬季合集(15)",
		"title": "真理之光-20151015"
	},
	{
		"duration": 860,
		"size": "6.9M",
		"path": "http://media.febcchinese.org/Streaming/th/th151016.mp3",
		"id": 6222000016,
		"albumId": 6222,
		"albumName": "《真理之光》2015年冬季合集",
		"albumtitle": "《真理之光》2015年冬季合集(16)",
		"title": "真理之光-20151016"
	},
	{
		"duration": 860,
		"size": "6.9M",
		"path": "http://media.febcchinese.org/Streaming/th/th151017.mp3",
		"id": 6222000017,
		"albumId": 6222,
		"albumName": "《真理之光》2015年冬季合集",
		"albumtitle": "《真理之光》2015年冬季合集(17)",
		"title": "真理之光-20151017"
	},
	{
		"duration": 860,
		"size": "6.9M",
		"path": "http://media.febcchinese.org/Streaming/th/th151018.mp3",
		"id": 6222000018,
		"albumId": 6222,
		"albumName": "《真理之光》2015年冬季合集",
		"albumtitle": "《真理之光》2015年冬季合集(18)",
		"title": "真理之光-20151018"
	},
	{
		"duration": 860,
		"size": "6.9M",
		"path": "http://media.febcchinese.org/Streaming/th/th151019.mp3",
		"id": 6222000019,
		"albumId": 6222,
		"albumName": "《真理之光》2015年冬季合集",
		"albumtitle": "《真理之光》2015年冬季合集(19)",
		"title": "真理之光-20151019"
	},
	{
		"duration": 860,
		"size": "6.9M",
		"path": "http://media.febcchinese.org/Streaming/th/th151020.mp3",
		"id": 6222000020,
		"albumId": 6222,
		"albumName": "《真理之光》2015年冬季合集",
		"albumtitle": "《真理之光》2015年冬季合集(20)",
		"title": "真理之光-20151020"
	},
	{
		"duration": 860,
		"size": "6.9M",
		"path": "http://media.febcchinese.org/Streaming/th/th151021.mp3",
		"id": 6222000021,
		"albumId": 6222,
		"albumName": "《真理之光》2015年冬季合集",
		"albumtitle": "《真理之光》2015年冬季合集(21)",
		"title": "真理之光-20151021"
	},
	{
		"duration": 860,
		"size": "6.9M",
		"path": "http://media.febcchinese.org/Streaming/th/th151022.mp3",
		"id": 6222000022,
		"albumId": 6222,
		"albumName": "《真理之光》2015年冬季合集",
		"albumtitle": "《真理之光》2015年冬季合集(22)",
		"title": "真理之光-20151022"
	},
	{
		"duration": 860,
		"size": "6.9M",
		"path": "http://media.febcchinese.org/Streaming/th/th151023.mp3",
		"id": 6222000023,
		"albumId": 6222,
		"albumName": "《真理之光》2015年冬季合集",
		"albumtitle": "《真理之光》2015年冬季合集(23)",
		"title": "真理之光-20151023"
	},
	{
		"duration": 860,
		"size": "6.9M",
		"path": "http://media.febcchinese.org/Streaming/th/th151024.mp3",
		"id": 6222000024,
		"albumId": 6222,
		"albumName": "《真理之光》2015年冬季合集",
		"albumtitle": "《真理之光》2015年冬季合集(24)",
		"title": "真理之光-20151024"
	},
	{
		"duration": 860,
		"size": "6.9M",
		"path": "http://media.febcchinese.org/Streaming/th/th151025.mp3",
		"id": 6222000025,
		"albumId": 6222,
		"albumName": "《真理之光》2015年冬季合集",
		"albumtitle": "《真理之光》2015年冬季合集(25)",
		"title": "真理之光-20151025"
	},
	{
		"duration": 860,
		"size": "6.9M",
		"path": "http://media.febcchinese.org/Streaming/th/th151026.mp3",
		"id": 6222000026,
		"albumId": 6222,
		"albumName": "《真理之光》2015年冬季合集",
		"albumtitle": "《真理之光》2015年冬季合集(26)",
		"title": "真理之光-20151026"
	},
	{
		"duration": 860,
		"size": "6.9M",
		"path": "http://media.febcchinese.org/Streaming/th/th151027.mp3",
		"id": 6222000027,
		"albumId": 6222,
		"albumName": "《真理之光》2015年冬季合集",
		"albumtitle": "《真理之光》2015年冬季合集(27)",
		"title": "真理之光-20151027"
	},
	{
		"duration": 860,
		"size": "6.9M",
		"path": "http://media.febcchinese.org/Streaming/th/th151028.mp3",
		"id": 6222000028,
		"albumId": 6222,
		"albumName": "《真理之光》2015年冬季合集",
		"albumtitle": "《真理之光》2015年冬季合集(28)",
		"title": "真理之光-20151028"
	},
	{
		"duration": 860,
		"size": "6.9M",
		"path": "http://media.febcchinese.org/Streaming/th/th151029.mp3",
		"id": 6222000029,
		"albumId": 6222,
		"albumName": "《真理之光》2015年冬季合集",
		"albumtitle": "《真理之光》2015年冬季合集(29)",
		"title": "真理之光-20151029"
	},
	{
		"duration": 860,
		"size": "6.9M",
		"path": "http://media.febcchinese.org/Streaming/th/th151030.mp3",
		"id": 6222000030,
		"albumId": 6222,
		"albumName": "《真理之光》2015年冬季合集",
		"albumtitle": "《真理之光》2015年冬季合集(30)",
		"title": "真理之光-20151030"
	},
	{
		"duration": 860,
		"size": "6.9M",
		"path": "http://media.febcchinese.org/Streaming/th/th151031.mp3",
		"id": 6222000031,
		"albumId": 6222,
		"albumName": "《真理之光》2015年冬季合集",
		"albumtitle": "《真理之光》2015年冬季合集(31)",
		"title": "真理之光-20151031"
	},
	{
		"duration": 860,
		"size": "6.9M",
		"path": "http://media.febcchinese.org/Streaming/th/th151101.mp3",
		"id": 6222000032,
		"albumId": 6222,
		"albumName": "《真理之光》2015年冬季合集",
		"albumtitle": "《真理之光》2015年冬季合集(32)",
		"title": "真理之光-20151101"
	},
	{
		"duration": 860,
		"size": "6.9M",
		"path": "http://media.febcchinese.org/Streaming/th/th151102.mp3",
		"id": 6222000033,
		"albumId": 6222,
		"albumName": "《真理之光》2015年冬季合集",
		"albumtitle": "《真理之光》2015年冬季合集(33)",
		"title": "真理之光-20151102"
	},
	{
		"duration": 860,
		"size": "6.9M",
		"path": "http://media.febcchinese.org/Streaming/th/th151103.mp3",
		"id": 6222000034,
		"albumId": 6222,
		"albumName": "《真理之光》2015年冬季合集",
		"albumtitle": "《真理之光》2015年冬季合集(34)",
		"title": "真理之光-20151103"
	},
	{
		"duration": 860,
		"size": "6.9M",
		"path": "http://media.febcchinese.org/Streaming/th/th151104.mp3",
		"id": 6222000035,
		"albumId": 6222,
		"albumName": "《真理之光》2015年冬季合集",
		"albumtitle": "《真理之光》2015年冬季合集(35)",
		"title": "真理之光-20151104"
	},
	{
		"duration": 860,
		"size": "6.9M",
		"path": "http://media.febcchinese.org/Streaming/th/th151105.mp3",
		"id": 6222000036,
		"albumId": 6222,
		"albumName": "《真理之光》2015年冬季合集",
		"albumtitle": "《真理之光》2015年冬季合集(36)",
		"title": "真理之光-20151105"
	},
	{
		"duration": 860,
		"size": "6.9M",
		"path": "http://media.febcchinese.org/Streaming/th/th151106.mp3",
		"id": 6222000037,
		"albumId": 6222,
		"albumName": "《真理之光》2015年冬季合集",
		"albumtitle": "《真理之光》2015年冬季合集(37)",
		"title": "真理之光-20151106"
	},
	{
		"duration": 860,
		"size": "6.9M",
		"path": "http://media.febcchinese.org/Streaming/th/th151107.mp3",
		"id": 6222000038,
		"albumId": 6222,
		"albumName": "《真理之光》2015年冬季合集",
		"albumtitle": "《真理之光》2015年冬季合集(38)",
		"title": "真理之光-20151107"
	},
	{
		"duration": 860,
		"size": "6.9M",
		"path": "http://media.febcchinese.org/Streaming/th/th151108.mp3",
		"id": 6222000039,
		"albumId": 6222,
		"albumName": "《真理之光》2015年冬季合集",
		"albumtitle": "《真理之光》2015年冬季合集(39)",
		"title": "真理之光-20151108"
	},
	{
		"duration": 860,
		"size": "6.9M",
		"path": "http://media.febcchinese.org/Streaming/th/th151109.mp3",
		"id": 6222000040,
		"albumId": 6222,
		"albumName": "《真理之光》2015年冬季合集",
		"albumtitle": "《真理之光》2015年冬季合集(40)",
		"title": "真理之光-20151109"
	},
	{
		"duration": 860,
		"size": "6.9M",
		"path": "http://media.febcchinese.org/Streaming/th/th151110.mp3",
		"id": 6222000041,
		"albumId": 6222,
		"albumName": "《真理之光》2015年冬季合集",
		"albumtitle": "《真理之光》2015年冬季合集(41)",
		"title": "真理之光-20151110"
	},
	{
		"duration": 860,
		"size": "6.9M",
		"path": "http://media.febcchinese.org/Streaming/th/th151111.mp3",
		"id": 6222000042,
		"albumId": 6222,
		"albumName": "《真理之光》2015年冬季合集",
		"albumtitle": "《真理之光》2015年冬季合集(42)",
		"title": "真理之光-20151111"
	},
	{
		"duration": 860,
		"size": "6.9M",
		"path": "http://media.febcchinese.org/Streaming/th/th151112.mp3",
		"id": 6222000043,
		"albumId": 6222,
		"albumName": "《真理之光》2015年冬季合集",
		"albumtitle": "《真理之光》2015年冬季合集(43)",
		"title": "真理之光-20151112"
	},
	{
		"duration": 860,
		"size": "6.9M",
		"path": "http://media.febcchinese.org/Streaming/th/th151113.mp3",
		"id": 6222000044,
		"albumId": 6222,
		"albumName": "《真理之光》2015年冬季合集",
		"albumtitle": "《真理之光》2015年冬季合集(44)",
		"title": "真理之光-20151113"
	},
	{
		"duration": 860,
		"size": "6.9M",
		"path": "http://media.febcchinese.org/Streaming/th/th151114.mp3",
		"id": 6222000045,
		"albumId": 6222,
		"albumName": "《真理之光》2015年冬季合集",
		"albumtitle": "《真理之光》2015年冬季合集(45)",
		"title": "真理之光-20151114"
	},
	{
		"duration": 860,
		"size": "6.9M",
		"path": "http://media.febcchinese.org/Streaming/th/th151115.mp3",
		"id": 6222000046,
		"albumId": 6222,
		"albumName": "《真理之光》2015年冬季合集",
		"albumtitle": "《真理之光》2015年冬季合集(46)",
		"title": "真理之光-20151115"
	},
	{
		"duration": 860,
		"size": "6.9M",
		"path": "http://media.febcchinese.org/Streaming/th/th151116.mp3",
		"id": 6222000047,
		"albumId": 6222,
		"albumName": "《真理之光》2015年冬季合集",
		"albumtitle": "《真理之光》2015年冬季合集(47)",
		"title": "真理之光-20151116"
	},
	{
		"duration": 860,
		"size": "6.9M",
		"path": "http://media.febcchinese.org/Streaming/th/th151117.mp3",
		"id": 6222000048,
		"albumId": 6222,
		"albumName": "《真理之光》2015年冬季合集",
		"albumtitle": "《真理之光》2015年冬季合集(48)",
		"title": "真理之光-20151117"
	},
	{
		"duration": 860,
		"size": "6.9M",
		"path": "http://media.febcchinese.org/Streaming/th/th151118.mp3",
		"id": 6222000049,
		"albumId": 6222,
		"albumName": "《真理之光》2015年冬季合集",
		"albumtitle": "《真理之光》2015年冬季合集(49)",
		"title": "真理之光-20151118"
	},
	{
		"duration": 860,
		"size": "6.9M",
		"path": "http://media.febcchinese.org/Streaming/th/th151119.mp3",
		"id": 6222000050,
		"albumId": 6222,
		"albumName": "《真理之光》2015年冬季合集",
		"albumtitle": "《真理之光》2015年冬季合集(50)",
		"title": "真理之光-20151119"
	},
	{
		"duration": 860,
		"size": "6.9M",
		"path": "http://media.febcchinese.org/Streaming/th/th151120.mp3",
		"id": 6222000051,
		"albumId": 6222,
		"albumName": "《真理之光》2015年冬季合集",
		"albumtitle": "《真理之光》2015年冬季合集(51)",
		"title": "真理之光-20151120"
	},
	{
		"duration": 860,
		"size": "6.9M",
		"path": "http://media.febcchinese.org/Streaming/th/th151121.mp3",
		"id": 6222000052,
		"albumId": 6222,
		"albumName": "《真理之光》2015年冬季合集",
		"albumtitle": "《真理之光》2015年冬季合集(52)",
		"title": "真理之光-20151121"
	},
	{
		"duration": 860,
		"size": "6.9M",
		"path": "http://media.febcchinese.org/Streaming/th/th151122.mp3",
		"id": 6222000053,
		"albumId": 6222,
		"albumName": "《真理之光》2015年冬季合集",
		"albumtitle": "《真理之光》2015年冬季合集(53)",
		"title": "真理之光-20151122"
	},
	{
		"duration": 860,
		"size": "6.9M",
		"path": "http://media.febcchinese.org/Streaming/th/th151123.mp3",
		"id": 6222000054,
		"albumId": 6222,
		"albumName": "《真理之光》2015年冬季合集",
		"albumtitle": "《真理之光》2015年冬季合集(54)",
		"title": "真理之光-20151123"
	},
	{
		"duration": 860,
		"size": "6.9M",
		"path": "http://media.febcchinese.org/Streaming/th/th151124.mp3",
		"id": 6222000055,
		"albumId": 6222,
		"albumName": "《真理之光》2015年冬季合集",
		"albumtitle": "《真理之光》2015年冬季合集(55)",
		"title": "真理之光-20151124"
	},
	{
		"duration": 860,
		"size": "6.9M",
		"path": "http://media.febcchinese.org/Streaming/th/th151125.mp3",
		"id": 6222000056,
		"albumId": 6222,
		"albumName": "《真理之光》2015年冬季合集",
		"albumtitle": "《真理之光》2015年冬季合集(56)",
		"title": "真理之光-20151125"
	},
	{
		"duration": 860,
		"size": "6.9M",
		"path": "http://media.febcchinese.org/Streaming/th/th151126.mp3",
		"id": 6222000057,
		"albumId": 6222,
		"albumName": "《真理之光》2015年冬季合集",
		"albumtitle": "《真理之光》2015年冬季合集(57)",
		"title": "真理之光-20151126"
	},
	{
		"duration": 860,
		"size": "6.9M",
		"path": "http://media.febcchinese.org/Streaming/th/th151127.mp3",
		"id": 6222000058,
		"albumId": 6222,
		"albumName": "《真理之光》2015年冬季合集",
		"albumtitle": "《真理之光》2015年冬季合集(58)",
		"title": "真理之光-20151127"
	},
	{
		"duration": 860,
		"size": "6.9M",
		"path": "http://media.febcchinese.org/Streaming/th/th151128.mp3",
		"id": 6222000059,
		"albumId": 6222,
		"albumName": "《真理之光》2015年冬季合集",
		"albumtitle": "《真理之光》2015年冬季合集(59)",
		"title": "真理之光-20151128"
	},
	{
		"duration": 860,
		"size": "6.9M",
		"path": "http://media.febcchinese.org/Streaming/th/th151129.mp3",
		"id": 6222000060,
		"albumId": 6222,
		"albumName": "《真理之光》2015年冬季合集",
		"albumtitle": "《真理之光》2015年冬季合集(60)",
		"title": "真理之光-20151129"
	},
	{
		"duration": 860,
		"size": "6.9M",
		"path": "http://media.febcchinese.org/Streaming/th/th151130.mp3",
		"id": 6222000061,
		"albumId": 6222,
		"albumName": "《真理之光》2015年冬季合集",
		"albumtitle": "《真理之光》2015年冬季合集(61)",
		"title": "真理之光-20151130"
	},
	{
		"duration": 860,
		"size": "6.9M",
		"path": "http://media.febcchinese.org/Streaming/th/th151201.mp3",
		"id": 6222000062,
		"albumId": 6222,
		"albumName": "《真理之光》2015年冬季合集",
		"albumtitle": "《真理之光》2015年冬季合集(62)",
		"title": "真理之光-20151201"
	},
	{
		"duration": 860,
		"size": "6.9M",
		"path": "http://media.febcchinese.org/Streaming/th/th151202.mp3",
		"id": 6222000063,
		"albumId": 6222,
		"albumName": "《真理之光》2015年冬季合集",
		"albumtitle": "《真理之光》2015年冬季合集(63)",
		"title": "真理之光-20151202"
	},
	{
		"duration": 860,
		"size": "6.9M",
		"path": "http://media.febcchinese.org/Streaming/th/th151203.mp3",
		"id": 6222000064,
		"albumId": 6222,
		"albumName": "《真理之光》2015年冬季合集",
		"albumtitle": "《真理之光》2015年冬季合集(64)",
		"title": "真理之光-20151203"
	},
	{
		"duration": 860,
		"size": "6.9M",
		"path": "http://media.febcchinese.org/Streaming/th/th151204.mp3",
		"id": 6222000065,
		"albumId": 6222,
		"albumName": "《真理之光》2015年冬季合集",
		"albumtitle": "《真理之光》2015年冬季合集(65)",
		"title": "真理之光-20151204"
	},
	{
		"duration": 860,
		"size": "6.9M",
		"path": "http://media.febcchinese.org/Streaming/th/th151205.mp3",
		"id": 6222000066,
		"albumId": 6222,
		"albumName": "《真理之光》2015年冬季合集",
		"albumtitle": "《真理之光》2015年冬季合集(66)",
		"title": "真理之光-20151205"
	},
	{
		"duration": 860,
		"size": "6.9M",
		"path": "http://media.febcchinese.org/Streaming/th/th151206.mp3",
		"id": 6222000067,
		"albumId": 6222,
		"albumName": "《真理之光》2015年冬季合集",
		"albumtitle": "《真理之光》2015年冬季合集(67)",
		"title": "真理之光-20151206"
	},
	{
		"duration": 860,
		"size": "6.9M",
		"path": "http://media.febcchinese.org/Streaming/th/th151207.mp3",
		"id": 6222000068,
		"albumId": 6222,
		"albumName": "《真理之光》2015年冬季合集",
		"albumtitle": "《真理之光》2015年冬季合集(68)",
		"title": "真理之光-20151207"
	},
	{
		"duration": 860,
		"size": "6.9M",
		"path": "http://media.febcchinese.org/Streaming/th/th151208.mp3",
		"id": 6222000069,
		"albumId": 6222,
		"albumName": "《真理之光》2015年冬季合集",
		"albumtitle": "《真理之光》2015年冬季合集(69)",
		"title": "真理之光-20151208"
	},
	{
		"duration": 860,
		"size": "6.9M",
		"path": "http://media.febcchinese.org/Streaming/th/th151209.mp3",
		"id": 6222000070,
		"albumId": 6222,
		"albumName": "《真理之光》2015年冬季合集",
		"albumtitle": "《真理之光》2015年冬季合集(70)",
		"title": "真理之光-20151209"
	},
	{
		"duration": 860,
		"size": "6.9M",
		"path": "http://media.febcchinese.org/Streaming/th/th151210.mp3",
		"id": 6222000071,
		"albumId": 6222,
		"albumName": "《真理之光》2015年冬季合集",
		"albumtitle": "《真理之光》2015年冬季合集(71)",
		"title": "真理之光-20151210"
	},
	{
		"duration": 860,
		"size": "6.9M",
		"path": "http://media.febcchinese.org/Streaming/th/th151211.mp3",
		"id": 6222000072,
		"albumId": 6222,
		"albumName": "《真理之光》2015年冬季合集",
		"albumtitle": "《真理之光》2015年冬季合集(72)",
		"title": "真理之光-20151211"
	},
	{
		"duration": 860,
		"size": "6.9M",
		"path": "http://media.febcchinese.org/Streaming/th/th151212.mp3",
		"id": 6222000073,
		"albumId": 6222,
		"albumName": "《真理之光》2015年冬季合集",
		"albumtitle": "《真理之光》2015年冬季合集(73)",
		"title": "真理之光-20151212"
	},
	{
		"duration": 860,
		"size": "6.9M",
		"path": "http://media.febcchinese.org/Streaming/th/th151213.mp3",
		"id": 6222000074,
		"albumId": 6222,
		"albumName": "《真理之光》2015年冬季合集",
		"albumtitle": "《真理之光》2015年冬季合集(74)",
		"title": "真理之光-20151213"
	},
	{
		"duration": 860,
		"size": "6.9M",
		"path": "http://media.febcchinese.org/Streaming/th/th151214.mp3",
		"id": 6222000075,
		"albumId": 6222,
		"albumName": "《真理之光》2015年冬季合集",
		"albumtitle": "《真理之光》2015年冬季合集(75)",
		"title": "真理之光-20151214"
	},
	{
		"duration": 860,
		"size": "6.9M",
		"path": "http://media.febcchinese.org/Streaming/th/th151215.mp3",
		"id": 6222000076,
		"albumId": 6222,
		"albumName": "《真理之光》2015年冬季合集",
		"albumtitle": "《真理之光》2015年冬季合集(76)",
		"title": "真理之光-20151215"
	},
	{
		"duration": 860,
		"size": "6.9M",
		"path": "http://media.febcchinese.org/Streaming/th/th151216.mp3",
		"id": 6222000077,
		"albumId": 6222,
		"albumName": "《真理之光》2015年冬季合集",
		"albumtitle": "《真理之光》2015年冬季合集(77)",
		"title": "真理之光-20151216"
	},
	{
		"duration": 860,
		"size": "6.9M",
		"path": "http://media.febcchinese.org/Streaming/th/th151217.mp3",
		"id": 6222000078,
		"albumId": 6222,
		"albumName": "《真理之光》2015年冬季合集",
		"albumtitle": "《真理之光》2015年冬季合集(78)",
		"title": "真理之光-20151217"
	},
	{
		"duration": 860,
		"size": "6.9M",
		"path": "http://media.febcchinese.org/Streaming/th/th151218.mp3",
		"id": 6222000079,
		"albumId": 6222,
		"albumName": "《真理之光》2015年冬季合集",
		"albumtitle": "《真理之光》2015年冬季合集(79)",
		"title": "真理之光-20151218"
	},
	{
		"duration": 860,
		"size": "6.9M",
		"path": "http://media.febcchinese.org/Streaming/th/th151219.mp3",
		"id": 6222000080,
		"albumId": 6222,
		"albumName": "《真理之光》2015年冬季合集",
		"albumtitle": "《真理之光》2015年冬季合集(80)",
		"title": "真理之光-20151219"
	},
	{
		"duration": 860,
		"size": "6.9M",
		"path": "http://media.febcchinese.org/Streaming/th/th151220.mp3",
		"id": 6222000081,
		"albumId": 6222,
		"albumName": "《真理之光》2015年冬季合集",
		"albumtitle": "《真理之光》2015年冬季合集(81)",
		"title": "真理之光-20151220"
	},
	{
		"duration": 860,
		"size": "6.9M",
		"path": "http://media.febcchinese.org/Streaming/th/th151221.mp3",
		"id": 6222000082,
		"albumId": 6222,
		"albumName": "《真理之光》2015年冬季合集",
		"albumtitle": "《真理之光》2015年冬季合集(82)",
		"title": "真理之光-20151221"
	},
	{
		"duration": 860,
		"size": "6.9M",
		"path": "http://media.febcchinese.org/Streaming/th/th151222.mp3",
		"id": 6222000083,
		"albumId": 6222,
		"albumName": "《真理之光》2015年冬季合集",
		"albumtitle": "《真理之光》2015年冬季合集(83)",
		"title": "真理之光-20151222"
	},
	{
		"duration": 860,
		"size": "6.9M",
		"path": "http://media.febcchinese.org/Streaming/th/th151223.mp3",
		"id": 6222000084,
		"albumId": 6222,
		"albumName": "《真理之光》2015年冬季合集",
		"albumtitle": "《真理之光》2015年冬季合集(84)",
		"title": "真理之光-20151223"
	},
	{
		"duration": 860,
		"size": "6.9M",
		"path": "http://media.febcchinese.org/Streaming/th/th151224.mp3",
		"id": 6222000085,
		"albumId": 6222,
		"albumName": "《真理之光》2015年冬季合集",
		"albumtitle": "《真理之光》2015年冬季合集(85)",
		"title": "真理之光-20151224"
	},
	{
		"duration": 860,
		"size": "6.9M",
		"path": "http://media.febcchinese.org/Streaming/th/th151225.mp3",
		"id": 6222000086,
		"albumId": 6222,
		"albumName": "《真理之光》2015年冬季合集",
		"albumtitle": "《真理之光》2015年冬季合集(86)",
		"title": "真理之光-20151225"
	},
	{
		"duration": 860,
		"size": "6.9M",
		"path": "http://media.febcchinese.org/Streaming/th/th151226.mp3",
		"id": 6222000087,
		"albumId": 6222,
		"albumName": "《真理之光》2015年冬季合集",
		"albumtitle": "《真理之光》2015年冬季合集(87)",
		"title": "真理之光-20151226"
	},
	{
		"duration": 860,
		"size": "6.9M",
		"path": "http://media.febcchinese.org/Streaming/th/th151227.mp3",
		"id": 6222000088,
		"albumId": 6222,
		"albumName": "《真理之光》2015年冬季合集",
		"albumtitle": "《真理之光》2015年冬季合集(88)",
		"title": "真理之光-20151227"
	},
	{
		"duration": 860,
		"size": "6.9M",
		"path": "http://media.febcchinese.org/Streaming/th/th151228.mp3",
		"id": 6222000089,
		"albumId": 6222,
		"albumName": "《真理之光》2015年冬季合集",
		"albumtitle": "《真理之光》2015年冬季合集(89)",
		"title": "真理之光-20151228"
	},
	{
		"duration": 860,
		"size": "6.9M",
		"path": "http://media.febcchinese.org/Streaming/th/th151229.mp3",
		"id": 6222000090,
		"albumId": 6222,
		"albumName": "《真理之光》2015年冬季合集",
		"albumtitle": "《真理之光》2015年冬季合集(90)",
		"title": "真理之光-20151229"
	},
	{
		"duration": 860,
		"size": "6.9M",
		"path": "http://media.febcchinese.org/Streaming/th/th151230.mp3",
		"id": 6222000091,
		"albumId": 6222,
		"albumName": "《真理之光》2015年冬季合集",
		"albumtitle": "《真理之光》2015年冬季合集(91)",
		"title": "真理之光-20151230"
	},
	{
		"duration": 860,
		"size": "6.9M",
		"path": "http://media.febcchinese.org/Streaming/th/th151231.mp3",
		"id": 6222000092,
		"albumId": 6222,
		"albumName": "《真理之光》2015年冬季合集",
		"albumtitle": "《真理之光》2015年冬季合集(92)",
		"title": "真理之光-20151231"
	}
]