[
	{
		"duration": 860,
		"size": "6.9M",
		"path": "http://media.febcchinese.org/Streaming/th/th170401.mp3",
		"id": 6228000001,
		"albumId": 6228,
		"albumName": "《真理之光》2017年夏季合集",
		"albumtitle": "《真理之光》2017年夏季合集(1)",
		"title": "真理之光-20170401"
	},
	{
		"duration": 860,
		"size": "6.9M",
		"path": "http://media.febcchinese.org/Streaming/th/th170402.mp3",
		"id": 6228000002,
		"albumId": 6228,
		"albumName": "《真理之光》2017年夏季合集",
		"albumtitle": "《真理之光》2017年夏季合集(2)",
		"title": "真理之光-20170402"
	},
	{
		"duration": 860,
		"size": "6.9M",
		"path": "http://media.febcchinese.org/Streaming/th/th170403.mp3",
		"id": 6228000003,
		"albumId": 6228,
		"albumName": "《真理之光》2017年夏季合集",
		"albumtitle": "《真理之光》2017年夏季合集(3)",
		"title": "真理之光-20170403"
	},
	{
		"duration": 860,
		"size": "6.9M",
		"path": "http://media.febcchinese.org/Streaming/th/th170404.mp3",
		"id": 6228000004,
		"albumId": 6228,
		"albumName": "《真理之光》2017年夏季合集",
		"albumtitle": "《真理之光》2017年夏季合集(4)",
		"title": "真理之光-20170404"
	},
	{
		"duration": 860,
		"size": "6.9M",
		"path": "http://media.febcchinese.org/Streaming/th/th170405.mp3",
		"id": 6228000005,
		"albumId": 6228,
		"albumName": "《真理之光》2017年夏季合集",
		"albumtitle": "《真理之光》2017年夏季合集(5)",
		"title": "真理之光-20170405"
	},
	{
		"duration": 860,
		"size": "6.9M",
		"path": "http://media.febcchinese.org/Streaming/th/th170406.mp3",
		"id": 6228000006,
		"albumId": 6228,
		"albumName": "《真理之光》2017年夏季合集",
		"albumtitle": "《真理之光》2017年夏季合集(6)",
		"title": "真理之光-20170406"
	},
	{
		"duration": 860,
		"size": "6.9M",
		"path": "http://media.febcchinese.org/Streaming/th/th170407.mp3",
		"id": 6228000007,
		"albumId": 6228,
		"albumName": "《真理之光》2017年夏季合集",
		"albumtitle": "《真理之光》2017年夏季合集(7)",
		"title": "真理之光-20170407"
	},
	{
		"duration": 860,
		"size": "6.9M",
		"path": "http://media.febcchinese.org/Streaming/th/th170408.mp3",
		"id": 6228000008,
		"albumId": 6228,
		"albumName": "《真理之光》2017年夏季合集",
		"albumtitle": "《真理之光》2017年夏季合集(8)",
		"title": "真理之光-20170408"
	},
	{
		"duration": 860,
		"size": "6.9M",
		"path": "http://media.febcchinese.org/Streaming/th/th170409.mp3",
		"id": 6228000009,
		"albumId": 6228,
		"albumName": "《真理之光》2017年夏季合集",
		"albumtitle": "《真理之光》2017年夏季合集(9)",
		"title": "真理之光-20170409"
	},
	{
		"duration": 860,
		"size": "6.9M",
		"path": "http://media.febcchinese.org/Streaming/th/th170410.mp3",
		"id": 6228000010,
		"albumId": 6228,
		"albumName": "《真理之光》2017年夏季合集",
		"albumtitle": "《真理之光》2017年夏季合集(10)",
		"title": "真理之光-20170410"
	},
	{
		"duration": 860,
		"size": "6.9M",
		"path": "http://media.febcchinese.org/Streaming/th/th170411.mp3",
		"id": 6228000011,
		"albumId": 6228,
		"albumName": "《真理之光》2017年夏季合集",
		"albumtitle": "《真理之光》2017年夏季合集(11)",
		"title": "真理之光-20170411"
	},
	{
		"duration": 860,
		"size": "6.9M",
		"path": "http://media.febcchinese.org/Streaming/th/th170412.mp3",
		"id": 6228000012,
		"albumId": 6228,
		"albumName": "《真理之光》2017年夏季合集",
		"albumtitle": "《真理之光》2017年夏季合集(12)",
		"title": "真理之光-20170412"
	},
	{
		"duration": 860,
		"size": "6.9M",
		"path": "http://media.febcchinese.org/Streaming/th/th170413.mp3",
		"id": 6228000013,
		"albumId": 6228,
		"albumName": "《真理之光》2017年夏季合集",
		"albumtitle": "《真理之光》2017年夏季合集(13)",
		"title": "真理之光-20170413"
	},
	{
		"duration": 860,
		"size": "6.9M",
		"path": "http://media.febcchinese.org/Streaming/th/th170414.mp3",
		"id": 6228000014,
		"albumId": 6228,
		"albumName": "《真理之光》2017年夏季合集",
		"albumtitle": "《真理之光》2017年夏季合集(14)",
		"title": "真理之光-20170414"
	},
	{
		"duration": 860,
		"size": "6.9M",
		"path": "http://media.febcchinese.org/Streaming/th/th170415.mp3",
		"id": 6228000015,
		"albumId": 6228,
		"albumName": "《真理之光》2017年夏季合集",
		"albumtitle": "《真理之光》2017年夏季合集(15)",
		"title": "真理之光-20170415"
	},
	{
		"duration": 860,
		"size": "6.9M",
		"path": "http://media.febcchinese.org/Streaming/th/th170416.mp3",
		"id": 6228000016,
		"albumId": 6228,
		"albumName": "《真理之光》2017年夏季合集",
		"albumtitle": "《真理之光》2017年夏季合集(16)",
		"title": "真理之光-20170416"
	},
	{
		"duration": 860,
		"size": "6.9M",
		"path": "http://media.febcchinese.org/Streaming/th/th170417.mp3",
		"id": 6228000017,
		"albumId": 6228,
		"albumName": "《真理之光》2017年夏季合集",
		"albumtitle": "《真理之光》2017年夏季合集(17)",
		"title": "真理之光-20170417"
	},
	{
		"duration": 860,
		"size": "6.9M",
		"path": "http://media.febcchinese.org/Streaming/th/th170418.mp3",
		"id": 6228000018,
		"albumId": 6228,
		"albumName": "《真理之光》2017年夏季合集",
		"albumtitle": "《真理之光》2017年夏季合集(18)",
		"title": "真理之光-20170418"
	},
	{
		"duration": 860,
		"size": "6.9M",
		"path": "http://media.febcchinese.org/Streaming/th/th170419.mp3",
		"id": 6228000019,
		"albumId": 6228,
		"albumName": "《真理之光》2017年夏季合集",
		"albumtitle": "《真理之光》2017年夏季合集(19)",
		"title": "真理之光-20170419"
	},
	{
		"duration": 860,
		"size": "6.9M",
		"path": "http://media.febcchinese.org/Streaming/th/th170420.mp3",
		"id": 6228000020,
		"albumId": 6228,
		"albumName": "《真理之光》2017年夏季合集",
		"albumtitle": "《真理之光》2017年夏季合集(20)",
		"title": "真理之光-20170420"
	},
	{
		"duration": 860,
		"size": "6.9M",
		"path": "http://media.febcchinese.org/Streaming/th/th170421.mp3",
		"id": 6228000021,
		"albumId": 6228,
		"albumName": "《真理之光》2017年夏季合集",
		"albumtitle": "《真理之光》2017年夏季合集(21)",
		"title": "真理之光-20170421"
	},
	{
		"duration": 860,
		"size": "6.9M",
		"path": "http://media.febcchinese.org/Streaming/th/th170422.mp3",
		"id": 6228000022,
		"albumId": 6228,
		"albumName": "《真理之光》2017年夏季合集",
		"albumtitle": "《真理之光》2017年夏季合集(22)",
		"title": "真理之光-20170422"
	},
	{
		"duration": 860,
		"size": "6.9M",
		"path": "http://media.febcchinese.org/Streaming/th/th170423.mp3",
		"id": 6228000023,
		"albumId": 6228,
		"albumName": "《真理之光》2017年夏季合集",
		"albumtitle": "《真理之光》2017年夏季合集(23)",
		"title": "真理之光-20170423"
	},
	{
		"duration": 860,
		"size": "6.9M",
		"path": "http://media.febcchinese.org/Streaming/th/th170424.mp3",
		"id": 6228000024,
		"albumId": 6228,
		"albumName": "《真理之光》2017年夏季合集",
		"albumtitle": "《真理之光》2017年夏季合集(24)",
		"title": "真理之光-20170424"
	},
	{
		"duration": 860,
		"size": "6.9M",
		"path": "http://media.febcchinese.org/Streaming/th/th170425.mp3",
		"id": 6228000025,
		"albumId": 6228,
		"albumName": "《真理之光》2017年夏季合集",
		"albumtitle": "《真理之光》2017年夏季合集(25)",
		"title": "真理之光-20170425"
	},
	{
		"duration": 860,
		"size": "6.9M",
		"path": "http://media.febcchinese.org/Streaming/th/th170426.mp3",
		"id": 6228000026,
		"albumId": 6228,
		"albumName": "《真理之光》2017年夏季合集",
		"albumtitle": "《真理之光》2017年夏季合集(26)",
		"title": "真理之光-20170426"
	},
	{
		"duration": 860,
		"size": "6.9M",
		"path": "http://media.febcchinese.org/Streaming/th/th170427.mp3",
		"id": 6228000027,
		"albumId": 6228,
		"albumName": "《真理之光》2017年夏季合集",
		"albumtitle": "《真理之光》2017年夏季合集(27)",
		"title": "真理之光-20170427"
	},
	{
		"duration": 860,
		"size": "6.9M",
		"path": "http://media.febcchinese.org/Streaming/th/th170428.mp3",
		"id": 6228000028,
		"albumId": 6228,
		"albumName": "《真理之光》2017年夏季合集",
		"albumtitle": "《真理之光》2017年夏季合集(28)",
		"title": "真理之光-20170428"
	},
	{
		"duration": 860,
		"size": "6.9M",
		"path": "http://media.febcchinese.org/Streaming/th/th170429.mp3",
		"id": 6228000029,
		"albumId": 6228,
		"albumName": "《真理之光》2017年夏季合集",
		"albumtitle": "《真理之光》2017年夏季合集(29)",
		"title": "真理之光-20170429"
	},
	{
		"duration": 860,
		"size": "6.9M",
		"path": "http://media.febcchinese.org/Streaming/th/th170430.mp3",
		"id": 6228000030,
		"albumId": 6228,
		"albumName": "《真理之光》2017年夏季合集",
		"albumtitle": "《真理之光》2017年夏季合集(30)",
		"title": "真理之光-20170430"
	},
	{
		"duration": 860,
		"size": "6.9M",
		"path": "http://media.febcchinese.org/Streaming/th/th170501.mp3",
		"id": 6228000031,
		"albumId": 6228,
		"albumName": "《真理之光》2017年夏季合集",
		"albumtitle": "《真理之光》2017年夏季合集(31)",
		"title": "真理之光-20170501"
	},
	{
		"duration": 860,
		"size": "6.9M",
		"path": "http://media.febcchinese.org/Streaming/th/th170502.mp3",
		"id": 6228000032,
		"albumId": 6228,
		"albumName": "《真理之光》2017年夏季合集",
		"albumtitle": "《真理之光》2017年夏季合集(32)",
		"title": "真理之光-20170502"
	},
	{
		"duration": 860,
		"size": "6.9M",
		"path": "http://media.febcchinese.org/Streaming/th/th170503.mp3",
		"id": 6228000033,
		"albumId": 6228,
		"albumName": "《真理之光》2017年夏季合集",
		"albumtitle": "《真理之光》2017年夏季合集(33)",
		"title": "真理之光-20170503"
	},
	{
		"duration": 860,
		"size": "6.9M",
		"path": "http://media.febcchinese.org/Streaming/th/th170504.mp3",
		"id": 6228000034,
		"albumId": 6228,
		"albumName": "《真理之光》2017年夏季合集",
		"albumtitle": "《真理之光》2017年夏季合集(34)",
		"title": "真理之光-20170504"
	},
	{
		"duration": 860,
		"size": "6.9M",
		"path": "http://media.febcchinese.org/Streaming/th/th170505.mp3",
		"id": 6228000035,
		"albumId": 6228,
		"albumName": "《真理之光》2017年夏季合集",
		"albumtitle": "《真理之光》2017年夏季合集(35)",
		"title": "真理之光-20170505"
	},
	{
		"duration": 860,
		"size": "6.9M",
		"path": "http://media.febcchinese.org/Streaming/th/th170506.mp3",
		"id": 6228000036,
		"albumId": 6228,
		"albumName": "《真理之光》2017年夏季合集",
		"albumtitle": "《真理之光》2017年夏季合集(36)",
		"title": "真理之光-20170506"
	},
	{
		"duration": 860,
		"size": "6.9M",
		"path": "http://media.febcchinese.org/Streaming/th/th170507.mp3",
		"id": 6228000037,
		"albumId": 6228,
		"albumName": "《真理之光》2017年夏季合集",
		"albumtitle": "《真理之光》2017年夏季合集(37)",
		"title": "真理之光-20170507"
	},
	{
		"duration": 860,
		"size": "6.9M",
		"path": "http://media.febcchinese.org/Streaming/th/th170508.mp3",
		"id": 6228000038,
		"albumId": 6228,
		"albumName": "《真理之光》2017年夏季合集",
		"albumtitle": "《真理之光》2017年夏季合集(38)",
		"title": "真理之光-20170508"
	},
	{
		"duration": 860,
		"size": "6.9M",
		"path": "http://media.febcchinese.org/Streaming/th/th170509.mp3",
		"id": 6228000039,
		"albumId": 6228,
		"albumName": "《真理之光》2017年夏季合集",
		"albumtitle": "《真理之光》2017年夏季合集(39)",
		"title": "真理之光-20170509"
	},
	{
		"duration": 860,
		"size": "6.9M",
		"path": "http://media.febcchinese.org/Streaming/th/th170510.mp3",
		"id": 6228000040,
		"albumId": 6228,
		"albumName": "《真理之光》2017年夏季合集",
		"albumtitle": "《真理之光》2017年夏季合集(40)",
		"title": "真理之光-20170510"
	},
	{
		"duration": 860,
		"size": "6.9M",
		"path": "http://media.febcchinese.org/Streaming/th/th170511.mp3",
		"id": 6228000041,
		"albumId": 6228,
		"albumName": "《真理之光》2017年夏季合集",
		"albumtitle": "《真理之光》2017年夏季合集(41)",
		"title": "真理之光-20170511"
	},
	{
		"duration": 860,
		"size": "6.9M",
		"path": "http://media.febcchinese.org/Streaming/th/th170512.mp3",
		"id": 6228000042,
		"albumId": 6228,
		"albumName": "《真理之光》2017年夏季合集",
		"albumtitle": "《真理之光》2017年夏季合集(42)",
		"title": "真理之光-20170512"
	},
	{
		"duration": 860,
		"size": "6.9M",
		"path": "http://media.febcchinese.org/Streaming/th/th170513.mp3",
		"id": 6228000043,
		"albumId": 6228,
		"albumName": "《真理之光》2017年夏季合集",
		"albumtitle": "《真理之光》2017年夏季合集(43)",
		"title": "真理之光-20170513"
	},
	{
		"duration": 860,
		"size": "6.9M",
		"path": "http://media.febcchinese.org/Streaming/th/th170514.mp3",
		"id": 6228000044,
		"albumId": 6228,
		"albumName": "《真理之光》2017年夏季合集",
		"albumtitle": "《真理之光》2017年夏季合集(44)",
		"title": "真理之光-20170514"
	},
	{
		"duration": 860,
		"size": "6.9M",
		"path": "http://media.febcchinese.org/Streaming/th/th170515.mp3",
		"id": 6228000045,
		"albumId": 6228,
		"albumName": "《真理之光》2017年夏季合集",
		"albumtitle": "《真理之光》2017年夏季合集(45)",
		"title": "真理之光-20170515"
	},
	{
		"duration": 860,
		"size": "6.9M",
		"path": "http://media.febcchinese.org/Streaming/th/th170516.mp3",
		"id": 6228000046,
		"albumId": 6228,
		"albumName": "《真理之光》2017年夏季合集",
		"albumtitle": "《真理之光》2017年夏季合集(46)",
		"title": "真理之光-20170516"
	},
	{
		"duration": 860,
		"size": "6.9M",
		"path": "http://media.febcchinese.org/Streaming/th/th170517.mp3",
		"id": 6228000047,
		"albumId": 6228,
		"albumName": "《真理之光》2017年夏季合集",
		"albumtitle": "《真理之光》2017年夏季合集(47)",
		"title": "真理之光-20170517"
	},
	{
		"duration": 860,
		"size": "6.9M",
		"path": "http://media.febcchinese.org/Streaming/th/th170518.mp3",
		"id": 6228000048,
		"albumId": 6228,
		"albumName": "《真理之光》2017年夏季合集",
		"albumtitle": "《真理之光》2017年夏季合集(48)",
		"title": "真理之光-20170518"
	},
	{
		"duration": 860,
		"size": "6.9M",
		"path": "http://media.febcchinese.org/Streaming/th/th170519.mp3",
		"id": 6228000049,
		"albumId": 6228,
		"albumName": "《真理之光》2017年夏季合集",
		"albumtitle": "《真理之光》2017年夏季合集(49)",
		"title": "真理之光-20170519"
	},
	{
		"duration": 860,
		"size": "6.9M",
		"path": "http://media.febcchinese.org/Streaming/th/th170520.mp3",
		"id": 6228000050,
		"albumId": 6228,
		"albumName": "《真理之光》2017年夏季合集",
		"albumtitle": "《真理之光》2017年夏季合集(50)",
		"title": "真理之光-20170520"
	},
	{
		"duration": 860,
		"size": "6.9M",
		"path": "http://media.febcchinese.org/Streaming/th/th170521.mp3",
		"id": 6228000051,
		"albumId": 6228,
		"albumName": "《真理之光》2017年夏季合集",
		"albumtitle": "《真理之光》2017年夏季合集(51)",
		"title": "真理之光-20170521"
	},
	{
		"duration": 860,
		"size": "6.9M",
		"path": "http://media.febcchinese.org/Streaming/th/th170522.mp3",
		"id": 6228000052,
		"albumId": 6228,
		"albumName": "《真理之光》2017年夏季合集",
		"albumtitle": "《真理之光》2017年夏季合集(52)",
		"title": "真理之光-20170522"
	},
	{
		"duration": 860,
		"size": "6.9M",
		"path": "http://media.febcchinese.org/Streaming/th/th170523.mp3",
		"id": 6228000053,
		"albumId": 6228,
		"albumName": "《真理之光》2017年夏季合集",
		"albumtitle": "《真理之光》2017年夏季合集(53)",
		"title": "真理之光-20170523"
	},
	{
		"duration": 860,
		"size": "6.9M",
		"path": "http://media.febcchinese.org/Streaming/th/th170524.mp3",
		"id": 6228000054,
		"albumId": 6228,
		"albumName": "《真理之光》2017年夏季合集",
		"albumtitle": "《真理之光》2017年夏季合集(54)",
		"title": "真理之光-20170524"
	},
	{
		"duration": 860,
		"size": "6.9M",
		"path": "http://media.febcchinese.org/Streaming/th/th170525.mp3",
		"id": 6228000055,
		"albumId": 6228,
		"albumName": "《真理之光》2017年夏季合集",
		"albumtitle": "《真理之光》2017年夏季合集(55)",
		"title": "真理之光-20170525"
	},
	{
		"duration": 860,
		"size": "6.9M",
		"path": "http://media.febcchinese.org/Streaming/th/th170526.mp3",
		"id": 6228000056,
		"albumId": 6228,
		"albumName": "《真理之光》2017年夏季合集",
		"albumtitle": "《真理之光》2017年夏季合集(56)",
		"title": "真理之光-20170526"
	},
	{
		"duration": 860,
		"size": "6.9M",
		"path": "http://media.febcchinese.org/Streaming/th/th170527.mp3",
		"id": 6228000057,
		"albumId": 6228,
		"albumName": "《真理之光》2017年夏季合集",
		"albumtitle": "《真理之光》2017年夏季合集(57)",
		"title": "真理之光-20170527"
	},
	{
		"duration": 860,
		"size": "6.9M",
		"path": "http://media.febcchinese.org/Streaming/th/th170528.mp3",
		"id": 6228000058,
		"albumId": 6228,
		"albumName": "《真理之光》2017年夏季合集",
		"albumtitle": "《真理之光》2017年夏季合集(58)",
		"title": "真理之光-20170528"
	},
	{
		"duration": 860,
		"size": "6.9M",
		"path": "http://media.febcchinese.org/Streaming/th/th170529.mp3",
		"id": 6228000059,
		"albumId": 6228,
		"albumName": "《真理之光》2017年夏季合集",
		"albumtitle": "《真理之光》2017年夏季合集(59)",
		"title": "真理之光-20170529"
	},
	{
		"duration": 860,
		"size": "6.9M",
		"path": "http://media.febcchinese.org/Streaming/th/th170530.mp3",
		"id": 6228000060,
		"albumId": 6228,
		"albumName": "《真理之光》2017年夏季合集",
		"albumtitle": "《真理之光》2017年夏季合集(60)",
		"title": "真理之光-20170530"
	},
	{
		"duration": 860,
		"size": "6.9M",
		"path": "http://media.febcchinese.org/Streaming/th/th170531.mp3",
		"id": 6228000061,
		"albumId": 6228,
		"albumName": "《真理之光》2017年夏季合集",
		"albumtitle": "《真理之光》2017年夏季合集(61)",
		"title": "真理之光-20170531"
	},
	{
		"duration": 860,
		"size": "6.9M",
		"path": "http://media.febcchinese.org/Streaming/th/th170601.mp3",
		"id": 6228000062,
		"albumId": 6228,
		"albumName": "《真理之光》2017年夏季合集",
		"albumtitle": "《真理之光》2017年夏季合集(62)",
		"title": "真理之光-20170601"
	},
	{
		"duration": 860,
		"size": "6.9M",
		"path": "http://media.febcchinese.org/Streaming/th/th170602.mp3",
		"id": 6228000063,
		"albumId": 6228,
		"albumName": "《真理之光》2017年夏季合集",
		"albumtitle": "《真理之光》2017年夏季合集(63)",
		"title": "真理之光-20170602"
	},
	{
		"duration": 860,
		"size": "6.9M",
		"path": "http://media.febcchinese.org/Streaming/th/th170603.mp3",
		"id": 6228000064,
		"albumId": 6228,
		"albumName": "《真理之光》2017年夏季合集",
		"albumtitle": "《真理之光》2017年夏季合集(64)",
		"title": "真理之光-20170603"
	},
	{
		"duration": 860,
		"size": "6.9M",
		"path": "http://media.febcchinese.org/Streaming/th/th170604.mp3",
		"id": 6228000065,
		"albumId": 6228,
		"albumName": "《真理之光》2017年夏季合集",
		"albumtitle": "《真理之光》2017年夏季合集(65)",
		"title": "真理之光-20170604"
	},
	{
		"duration": 860,
		"size": "6.9M",
		"path": "http://media.febcchinese.org/Streaming/th/th170605.mp3",
		"id": 6228000066,
		"albumId": 6228,
		"albumName": "《真理之光》2017年夏季合集",
		"albumtitle": "《真理之光》2017年夏季合集(66)",
		"title": "真理之光-20170605"
	},
	{
		"duration": 860,
		"size": "6.9M",
		"path": "http://media.febcchinese.org/Streaming/th/th170606.mp3",
		"id": 6228000067,
		"albumId": 6228,
		"albumName": "《真理之光》2017年夏季合集",
		"albumtitle": "《真理之光》2017年夏季合集(67)",
		"title": "真理之光-20170606"
	},
	{
		"duration": 860,
		"size": "6.9M",
		"path": "http://media.febcchinese.org/Streaming/th/th170607.mp3",
		"id": 6228000068,
		"albumId": 6228,
		"albumName": "《真理之光》2017年夏季合集",
		"albumtitle": "《真理之光》2017年夏季合集(68)",
		"title": "真理之光-20170607"
	},
	{
		"duration": 860,
		"size": "6.9M",
		"path": "http://media.febcchinese.org/Streaming/th/th170608.mp3",
		"id": 6228000069,
		"albumId": 6228,
		"albumName": "《真理之光》2017年夏季合集",
		"albumtitle": "《真理之光》2017年夏季合集(69)",
		"title": "真理之光-20170608"
	},
	{
		"duration": 860,
		"size": "6.9M",
		"path": "http://media.febcchinese.org/Streaming/th/th170609.mp3",
		"id": 6228000070,
		"albumId": 6228,
		"albumName": "《真理之光》2017年夏季合集",
		"albumtitle": "《真理之光》2017年夏季合集(70)",
		"title": "真理之光-20170609"
	},
	{
		"duration": 860,
		"size": "6.9M",
		"path": "http://media.febcchinese.org/Streaming/th/th170610.mp3",
		"id": 6228000071,
		"albumId": 6228,
		"albumName": "《真理之光》2017年夏季合集",
		"albumtitle": "《真理之光》2017年夏季合集(71)",
		"title": "真理之光-20170610"
	},
	{
		"duration": 860,
		"size": "6.9M",
		"path": "http://media.febcchinese.org/Streaming/th/th170611.mp3",
		"id": 6228000072,
		"albumId": 6228,
		"albumName": "《真理之光》2017年夏季合集",
		"albumtitle": "《真理之光》2017年夏季合集(72)",
		"title": "真理之光-20170611"
	},
	{
		"duration": 860,
		"size": "6.9M",
		"path": "http://media.febcchinese.org/Streaming/th/th170612.mp3",
		"id": 6228000073,
		"albumId": 6228,
		"albumName": "《真理之光》2017年夏季合集",
		"albumtitle": "《真理之光》2017年夏季合集(73)",
		"title": "真理之光-20170612"
	},
	{
		"duration": 860,
		"size": "6.9M",
		"path": "http://media.febcchinese.org/Streaming/th/th170613.mp3",
		"id": 6228000074,
		"albumId": 6228,
		"albumName": "《真理之光》2017年夏季合集",
		"albumtitle": "《真理之光》2017年夏季合集(74)",
		"title": "真理之光-20170613"
	},
	{
		"duration": 860,
		"size": "6.9M",
		"path": "http://media.febcchinese.org/Streaming/th/th170614.mp3",
		"id": 6228000075,
		"albumId": 6228,
		"albumName": "《真理之光》2017年夏季合集",
		"albumtitle": "《真理之光》2017年夏季合集(75)",
		"title": "真理之光-20170614"
	},
	{
		"duration": 860,
		"size": "6.9M",
		"path": "http://media.febcchinese.org/Streaming/th/th170615.mp3",
		"id": 6228000076,
		"albumId": 6228,
		"albumName": "《真理之光》2017年夏季合集",
		"albumtitle": "《真理之光》2017年夏季合集(76)",
		"title": "真理之光-20170615"
	},
	{
		"duration": 860,
		"size": "6.9M",
		"path": "http://media.febcchinese.org/Streaming/th/th170616.mp3",
		"id": 6228000077,
		"albumId": 6228,
		"albumName": "《真理之光》2017年夏季合集",
		"albumtitle": "《真理之光》2017年夏季合集(77)",
		"title": "真理之光-20170616"
	},
	{
		"duration": 860,
		"size": "6.9M",
		"path": "http://media.febcchinese.org/Streaming/th/th170617.mp3",
		"id": 6228000078,
		"albumId": 6228,
		"albumName": "《真理之光》2017年夏季合集",
		"albumtitle": "《真理之光》2017年夏季合集(78)",
		"title": "真理之光-20170617"
	},
	{
		"duration": 860,
		"size": "6.9M",
		"path": "http://media.febcchinese.org/Streaming/th/th170618.mp3",
		"id": 6228000079,
		"albumId": 6228,
		"albumName": "《真理之光》2017年夏季合集",
		"albumtitle": "《真理之光》2017年夏季合集(79)",
		"title": "真理之光-20170618"
	},
	{
		"duration": 860,
		"size": "6.9M",
		"path": "http://media.febcchinese.org/Streaming/th/th170619.mp3",
		"id": 6228000080,
		"albumId": 6228,
		"albumName": "《真理之光》2017年夏季合集",
		"albumtitle": "《真理之光》2017年夏季合集(80)",
		"title": "真理之光-20170619"
	},
	{
		"duration": 860,
		"size": "6.9M",
		"path": "http://media.febcchinese.org/Streaming/th/th170620.mp3",
		"id": 6228000081,
		"albumId": 6228,
		"albumName": "《真理之光》2017年夏季合集",
		"albumtitle": "《真理之光》2017年夏季合集(81)",
		"title": "真理之光-20170620"
	},
	{
		"duration": 860,
		"size": "6.9M",
		"path": "http://media.febcchinese.org/Streaming/th/th170621.mp3",
		"id": 6228000082,
		"albumId": 6228,
		"albumName": "《真理之光》2017年夏季合集",
		"albumtitle": "《真理之光》2017年夏季合集(82)",
		"title": "真理之光-20170621"
	},
	{
		"duration": 860,
		"size": "6.9M",
		"path": "http://media.febcchinese.org/Streaming/th/th170622.mp3",
		"id": 6228000083,
		"albumId": 6228,
		"albumName": "《真理之光》2017年夏季合集",
		"albumtitle": "《真理之光》2017年夏季合集(83)",
		"title": "真理之光-20170622"
	},
	{
		"duration": 860,
		"size": "6.9M",
		"path": "http://media.febcchinese.org/Streaming/th/th170623.mp3",
		"id": 6228000084,
		"albumId": 6228,
		"albumName": "《真理之光》2017年夏季合集",
		"albumtitle": "《真理之光》2017年夏季合集(84)",
		"title": "真理之光-20170623"
	},
	{
		"duration": 860,
		"size": "6.9M",
		"path": "http://media.febcchinese.org/Streaming/th/th170624.mp3",
		"id": 6228000085,
		"albumId": 6228,
		"albumName": "《真理之光》2017年夏季合集",
		"albumtitle": "《真理之光》2017年夏季合集(85)",
		"title": "真理之光-20170624"
	},
	{
		"duration": 860,
		"size": "6.9M",
		"path": "http://media.febcchinese.org/Streaming/th/th170625.mp3",
		"id": 6228000086,
		"albumId": 6228,
		"albumName": "《真理之光》2017年夏季合集",
		"albumtitle": "《真理之光》2017年夏季合集(86)",
		"title": "真理之光-20170625"
	},
	{
		"duration": 860,
		"size": "6.9M",
		"path": "http://media.febcchinese.org/Streaming/th/th170626.mp3",
		"id": 6228000087,
		"albumId": 6228,
		"albumName": "《真理之光》2017年夏季合集",
		"albumtitle": "《真理之光》2017年夏季合集(87)",
		"title": "真理之光-20170626"
	},
	{
		"duration": 860,
		"size": "6.9M",
		"path": "http://media.febcchinese.org/Streaming/th/th170627.mp3",
		"id": 6228000088,
		"albumId": 6228,
		"albumName": "《真理之光》2017年夏季合集",
		"albumtitle": "《真理之光》2017年夏季合集(88)",
		"title": "真理之光-20170627"
	},
	{
		"duration": 860,
		"size": "6.9M",
		"path": "http://media.febcchinese.org/Streaming/th/th170628.mp3",
		"id": 6228000089,
		"albumId": 6228,
		"albumName": "《真理之光》2017年夏季合集",
		"albumtitle": "《真理之光》2017年夏季合集(89)",
		"title": "真理之光-20170628"
	},
	{
		"duration": 860,
		"size": "6.9M",
		"path": "http://media.febcchinese.org/Streaming/th/th170629.mp3",
		"id": 6228000090,
		"albumId": 6228,
		"albumName": "《真理之光》2017年夏季合集",
		"albumtitle": "《真理之光》2017年夏季合集(90)",
		"title": "真理之光-20170629"
	},
	{
		"duration": 860,
		"size": "6.9M",
		"path": "http://media.febcchinese.org/Streaming/th/th170630.mp3",
		"id": 6228000091,
		"albumId": 6228,
		"albumName": "《真理之光》2017年夏季合集",
		"albumtitle": "《真理之光》2017年夏季合集(91)",
		"title": "真理之光-20170630"
	}
]